solid OpenSCAD_Model
  facet normal 0.020165915874824157 -0.9997966472422928 0
    outer loop
      vertex 78.91481799632311 -2.958068996667862 0
      vertex 78.89682099968195 -2.9584319964051247 1.5
      vertex 78.89682099968195 -2.9584319964051247 0
    endloop
  endfacet
  facet normal 0.020165915874824157 -0.9997966472422928 0
    outer loop
      vertex 78.91481799632311 -2.958068996667862 0
      vertex 78.91481799632311 -2.958068996667862 1.5
      vertex 78.89682099968195 -2.9584319964051247 1.5
    endloop
  endfacet
  facet normal 0.002129159671034644 -0.9999977333369787 0
    outer loop
      vertex 80.76107899844646 -2.9541380032896996 0
      vertex 78.91481799632311 -2.958068996667862 1.5
      vertex 78.91481799632311 -2.958068996667862 0
    endloop
  endfacet
  facet normal 0.002129159671034644 -0.9999977333369787 0
    outer loop
      vertex 80.76107899844646 -2.9541380032896996 0
      vertex 80.76107899844646 -2.9541380032896996 1.5
      vertex 78.91481799632311 -2.958068996667862 1.5
    endloop
  endfacet
  facet normal 0.0485782672543524 -0.9988193790423596 0
    outer loop
      vertex 80.85387100279331 -2.949625000357628 0
      vertex 80.76107899844646 -2.9541380032896996 1.5
      vertex 80.76107899844646 -2.9541380032896996 0
    endloop
  endfacet
  facet normal 0.0485782672543524 -0.9988193790423596 0
    outer loop
      vertex 80.85387100279331 -2.949625000357628 0
      vertex 80.85387100279331 -2.949625000357628 1.5
      vertex 80.76107899844646 -2.9541380032896996 1.5
    endloop
  endfacet
  facet normal 0.14106116402622407 -0.9900008828296907 0
    outer loop
      vertex 80.94584500044584 -2.936520002782345 0
      vertex 80.85387100279331 -2.949625000357628 1.5
      vertex 80.85387100279331 -2.949625000357628 0
    endloop
  endfacet
  facet normal 0.14106116402622407 -0.9900008828296907 0
    outer loop
      vertex 80.94584500044584 -2.936520002782345 0
      vertex 80.94584500044584 -2.936520002782345 1.5
      vertex 80.85387100279331 -2.949625000357628 1.5
    endloop
  endfacet
  facet normal 0.2323229162115573 -0.9726387112401799 0
    outer loop
      vertex 81.0362040027976 -2.9149369969964027 0
      vertex 80.94584500044584 -2.936520002782345 1.5
      vertex 80.94584500044584 -2.936520002782345 0
    endloop
  endfacet
  facet normal 0.2323229162115573 -0.9726387112401799 0
    outer loop
      vertex 81.0362040027976 -2.9149369969964027 0
      vertex 81.0362040027976 -2.9149369969964027 1.5
      vertex 80.94584500044584 -2.936520002782345 1.5
    endloop
  endfacet
  facet normal 0.32158309655622075 -0.9468813611056627 0
    outer loop
      vertex 81.1241720020771 -2.885061003267765 0
      vertex 81.0362040027976 -2.9149369969964027 1.5
      vertex 81.0362040027976 -2.9149369969964027 0
    endloop
  endfacet
  facet normal 0.32158309655622075 -0.9468813611056627 0
    outer loop
      vertex 81.1241720020771 -2.885061003267765 0
      vertex 81.1241720020771 -2.885061003267765 1.5
      vertex 81.0362040027976 -2.9149369969964027 1.5
    endloop
  endfacet
  facet normal 0.3652257943124556 -0.9309189648776288 0
    outer loop
      vertex 81.15373399853706 -2.873462997376919 0
      vertex 81.1241720020771 -2.885061003267765 1.5
      vertex 81.1241720020771 -2.885061003267765 0
    endloop
  endfacet
  facet normal 0.3652257943124556 -0.9309189648776288 0
    outer loop
      vertex 81.15373399853706 -2.873462997376919 0
      vertex 81.15373399853706 -2.873462997376919 1.5
      vertex 81.1241720020771 -2.885061003267765 1.5
    endloop
  endfacet
  facet normal 0.08599825066839213 -0.9962952879954698 0
    outer loop
      vertex 81.17743699997663 -2.871417000889778 0
      vertex 81.15373399853706 -2.873462997376919 1.5
      vertex 81.15373399853706 -2.873462997376919 0
    endloop
  endfacet
  facet normal 0.08599825066839213 -0.9962952879954698 0
    outer loop
      vertex 81.17743699997663 -2.871417000889778 0
      vertex 81.17743699997663 -2.871417000889778 1.5
      vertex 81.15373399853706 -2.873462997376919 1.5
    endloop
  endfacet
  facet normal 0.03812619837855388 -0.9992729321847956 0
    outer loop
      vertex 97.77192299813032 -2.2382719963788986 0
      vertex 81.17743699997663 -2.871417000889778 1.5
      vertex 81.17743699997663 -2.871417000889778 0
    endloop
  endfacet
  facet normal 0.03812619837855388 -0.9992729321847956 0
    outer loop
      vertex 97.77192299813032 -2.2382719963788986 0
      vertex 97.77192299813032 -2.2382719963788986 1.5
      vertex 81.17743699997663 -2.871417000889778 1.5
    endloop
  endfacet
  facet normal -0.012573175375309815 -0.9999209545063958 0
    outer loop
      vertex 97.79705400019884 -2.238587997853756 0
      vertex 97.77192299813032 -2.2382719963788986 1.5
      vertex 97.77192299813032 -2.2382719963788986 0
    endloop
  endfacet
  facet normal -0.012573175375309815 -0.9999209545063958 0
    outer loop
      vertex 97.79705400019884 -2.238587997853756 0
      vertex 97.79705400019884 -2.238587997853756 1.5
      vertex 97.77192299813032 -2.2382719963788986 1.5
    endloop
  endfacet
  facet normal -0.31158913117814 -0.9502169296174701 0
    outer loop
      vertex 97.84422799944878 -2.2540569975972176 0
      vertex 97.79705400019884 -2.238587997853756 1.5
      vertex 97.79705400019884 -2.238587997853756 0
    endloop
  endfacet
  facet normal -0.31158913117814 -0.9502169296174701 0
    outer loop
      vertex 97.84422799944878 -2.2540569975972176 0
      vertex 97.84422799944878 -2.2540569975972176 1.5
      vertex 97.79705400019884 -2.238587997853756 1.5
    endloop
  endfacet
  facet normal -0.26319366710204456 -0.9647430194603006 0
    outer loop
      vertex 97.94170899689198 -2.2806510031223297 0
      vertex 97.84422799944878 -2.2540569975972176 1.5
      vertex 97.84422799944878 -2.2540569975972176 0
    endloop
  endfacet
  facet normal -0.26319366710204456 -0.9647430194603006 0
    outer loop
      vertex 97.94170899689198 -2.2806510031223297 0
      vertex 97.94170899689198 -2.2806510031223297 1.5
      vertex 97.84422799944878 -2.2540569975972176 1.5
    endloop
  endfacet
  facet normal -0.16449360434847615 -0.9863781496608929 0
    outer loop
      vertex 98.04137600213289 -2.2972719967365265 0
      vertex 97.94170899689198 -2.2806510031223297 1.5
      vertex 97.94170899689198 -2.2806510031223297 0
    endloop
  endfacet
  facet normal -0.16449360434847615 -0.9863781496608929 0
    outer loop
      vertex 98.04137600213289 -2.2972719967365265 0
      vertex 98.04137600213289 -2.2972719967365265 1.5
      vertex 97.94170899689198 -2.2806510031223297 1.5
    endloop
  endfacet
  facet normal -0.06411080796115735 -0.9979427860867414 0
    outer loop
      vertex 98.14221200346947 -2.3037500008940697 0
      vertex 98.04137600213289 -2.2972719967365265 1.5
      vertex 98.04137600213289 -2.2972719967365265 0
    endloop
  endfacet
  facet normal -0.06411080796115735 -0.9979427860867414 0
    outer loop
      vertex 98.14221200346947 -2.3037500008940697 0
      vertex 98.14221200346947 -2.3037500008940697 1.5
      vertex 98.04137600213289 -2.2972719967365265 1.5
    endloop
  endfacet
  facet normal 0.03692451736322931 -0.99931805748595 0
    outer loop
      vertex 98.24318700283766 -2.3000190034508705 0
      vertex 98.14221200346947 -2.3037500008940697 1.5
      vertex 98.14221200346947 -2.3037500008940697 0
    endloop
  endfacet
  facet normal 0.03692451736322931 -0.99931805748595 0
    outer loop
      vertex 98.24318700283766 -2.3000190034508705 0
      vertex 98.24318700283766 -2.3000190034508705 1.5
      vertex 98.14221200346947 -2.3037500008940697 1.5
    endloop
  endfacet
  facet normal 0.08736470918949403 -0.996176393811977 0
    outer loop
      vertex 99.84006199985743 -2.1599730029702187 0
      vertex 98.24318700283766 -2.3000190034508705 1.5
      vertex 98.24318700283766 -2.3000190034508705 0
    endloop
  endfacet
  facet normal 0.08736470918949403 -0.996176393811977 0
    outer loop
      vertex 99.84006199985743 -2.1599730029702187 0
      vertex 99.84006199985743 -2.1599730029702187 1.5
      vertex 98.24318700283766 -2.3000190034508705 1.5
    endloop
  endfacet
  facet normal 0.06276448371565226 -0.9980283661218792 0
    outer loop
      vertex 99.86467699706554 -2.1584250032901764 0
      vertex 99.84006199985743 -2.1599730029702187 1.5
      vertex 99.84006199985743 -2.1599730029702187 0
    endloop
  endfacet
  facet normal 0.06276448371565226 -0.9980283661218792 0
    outer loop
      vertex 99.86467699706554 -2.1584250032901764 0
      vertex 99.86467699706554 -2.1584250032901764 1.5
      vertex 99.84006199985743 -2.1599730029702187 1.5
    endloop
  endfacet
  facet normal 0.03812637767779895 -0.9992729253438071 0
    outer loop
      vertex 100.89195799827576 -2.1192300021648407 0
      vertex 99.86467699706554 -2.1584250032901764 1.5
      vertex 99.86467699706554 -2.1584250032901764 0
    endloop
  endfacet
  facet normal 0.03812637767779895 -0.9992729253438071 0
    outer loop
      vertex 100.89195799827576 -2.1192300021648407 0
      vertex 100.89195799827576 -2.1192300021648407 1.5
      vertex 99.86467699706554 -2.1584250032901764 1.5
    endloop
  endfacet
  facet normal 0.08855642655944083 -0.9960711617726027 0
    outer loop
      vertex 100.99260400235653 -2.1102819964289665 0
      vertex 100.89195799827576 -2.1192300021648407 1.5
      vertex 100.89195799827576 -2.1192300021648407 0
    endloop
  endfacet
  facet normal 0.08855642655944083 -0.9960711617726027 0
    outer loop
      vertex 100.99260400235653 -2.1102819964289665 0
      vertex 100.99260400235653 -2.1102819964289665 1.5
      vertex 100.89195799827576 -2.1192300021648407 1.5
    endloop
  endfacet
  facet normal 0.18863075800298004 -0.9820480829038979 0
    outer loop
      vertex 101.09183400124311 -2.0912220031023026 0
      vertex 100.99260400235653 -2.1102819964289665 1.5
      vertex 100.99260400235653 -2.1102819964289665 0
    endloop
  endfacet
  facet normal 0.18863075800298004 -0.9820480829038979 0
    outer loop
      vertex 101.09183400124311 -2.0912220031023026 0
      vertex 101.09183400124311 -2.0912220031023026 1.5
      vertex 100.99260400235653 -2.1102819964289665 1.5
    endloop
  endfacet
  facet normal 0.2867667512242109 -0.958000433398812 0
    outer loop
      vertex 101.1886340007186 -2.0622460022568703 0
      vertex 101.09183400124311 -2.0912220031023026 1.5
      vertex 101.09183400124311 -2.0912220031023026 0
    endloop
  endfacet
  facet normal 0.2867667512242109 -0.958000433398812 0
    outer loop
      vertex 101.1886340007186 -2.0622460022568703 0
      vertex 101.1886340007186 -2.0622460022568703 1.5
      vertex 101.09183400124311 -2.0912220031023026 1.5
    endloop
  endfacet
  facet normal 0.38198271360951674 -0.9241694684978021 0
    outer loop
      vertex 101.22349999845028 -2.047834999859333 0
      vertex 101.1886340007186 -2.0622460022568703 1.5
      vertex 101.1886340007186 -2.0622460022568703 0
    endloop
  endfacet
  facet normal 0.38198271360951674 -0.9241694684978021 0
    outer loop
      vertex 101.22349999845028 -2.047834999859333 0
      vertex 101.22349999845028 -2.047834999859333 1.5
      vertex 101.1886340007186 -2.0622460022568703 1.5
    endloop
  endfacet
  facet normal 0.33447729281727306 -0.9424038097278832 0
    outer loop
      vertex 101.25308699905872 -2.0373340025544167 0
      vertex 101.22349999845028 -2.047834999859333 1.5
      vertex 101.22349999845028 -2.047834999859333 0
    endloop
  endfacet
  facet normal 0.33447729281727306 -0.9424038097278832 0
    outer loop
      vertex 101.25308699905872 -2.0373340025544167 0
      vertex 101.25308699905872 -2.0373340025544167 1.5
      vertex 101.22349999845028 -2.047834999859333 1.5
    endloop
  endfacet
  facet normal 0.13777599397495535 -0.9904634145107093 0
    outer loop
      vertex 101.27804700285196 -2.0338620021939278 0
      vertex 101.25308699905872 -2.0373340025544167 1.5
      vertex 101.25308699905872 -2.0373340025544167 0
    endloop
  endfacet
  facet normal 0.13777599397495535 -0.9904634145107093 0
    outer loop
      vertex 101.27804700285196 -2.0338620021939278 0
      vertex 101.27804700285196 -2.0338620021939278 1.5
      vertex 101.25308699905872 -2.0373340025544167 1.5
    endloop
  endfacet
  facet normal 0.08736433683657317 -0.9961764264672729 5.1848542565050146e-17
    outer loop
      vertex 119.05382800102234 -0.474932000041008 0
      vertex 101.27804700285196 -2.0338620021939278 1.5
      vertex 101.27804700285196 -2.0338620021939278 0
    endloop
  endfacet
  facet normal 0.08736433683657317 -0.9961764264672729 0
    outer loop
      vertex 119.05382800102234 -0.474932000041008 0
      vertex 119.05382800102234 -0.474932000041008 1.5
      vertex 101.27804700285196 -2.0338620021939278 1.5
    endloop
  endfacet
  facet normal 0.03920599269544889 -0.9992311495028388 0
    outer loop
      vertex 119.07781100273132 -0.4739909991621971 0
      vertex 119.05382800102234 -0.474932000041008 1.5
      vertex 119.05382800102234 -0.474932000041008 0
    endloop
  endfacet
  facet normal 0.03920599269544889 -0.9992311495028388 0
    outer loop
      vertex 119.07781100273132 -0.4739909991621971 0
      vertex 119.07781100273132 -0.4739909991621971 1.5
      vertex 119.05382800102234 -0.474932000041008 1.5
    endloop
  endfacet
  facet normal -0.15329439993881533 -0.9881805639393028 0
    outer loop
      vertex 119.08945299685001 -0.47579699754714966 0
      vertex 119.07781100273132 -0.4739909991621971 1.5
      vertex 119.07781100273132 -0.4739909991621971 0
    endloop
  endfacet
  facet normal -0.15329439993881533 -0.9881805639393028 0
    outer loop
      vertex 119.08945299685001 -0.47579699754714966 0
      vertex 119.08945299685001 -0.47579699754714966 1.5
      vertex 119.07781100273132 -0.4739909991621971 1.5
    endloop
  endfacet
  facet normal -0.10912921705309225 -0.9940275720448499 0
    outer loop
      vertex 119.17800799757242 -0.48551899939775467 0
      vertex 119.08945299685001 -0.47579699754714966 1.5
      vertex 119.08945299685001 -0.47579699754714966 0
    endloop
  endfacet
  facet normal -0.10912921705309225 -0.9940275720448499 0
    outer loop
      vertex 119.17800799757242 -0.48551899939775467 0
      vertex 119.17800799757242 -0.48551899939775467 1.5
      vertex 119.08945299685001 -0.47579699754714966 1.5
    endloop
  endfacet
  facet normal -0.020227564077513742 -0.9997954018955528 0
    outer loop
      vertex 119.26707600057125 -0.48732099682092667 0
      vertex 119.17800799757242 -0.48551899939775467 1.5
      vertex 119.17800799757242 -0.48551899939775467 0
    endloop
  endfacet
  facet normal -0.020227564077513742 -0.9997954018955528 0
    outer loop
      vertex 119.26707600057125 -0.48732099682092667 0
      vertex 119.26707600057125 -0.48732099682092667 1.5
      vertex 119.17800799757242 -0.48551899939775467 1.5
    endloop
  endfacet
  facet normal 0.0688425128803258 -0.9976275399267616 0
    outer loop
      vertex 119.3559520021081 -0.48118799924850464 0
      vertex 119.26707600057125 -0.48732099682092667 1.5
      vertex 119.26707600057125 -0.48732099682092667 0
    endloop
  endfacet
  facet normal 0.0688425128803258 -0.9976275399267616 0
    outer loop
      vertex 119.3559520021081 -0.48118799924850464 0
      vertex 119.3559520021081 -0.48118799924850464 1.5
      vertex 119.26707600057125 -0.48732099682092667 1.5
    endloop
  endfacet
  facet normal 0.11320320344686441 -0.9935718568525216 0
    outer loop
      vertex 120.59790799766779 -0.33968500047922134 0
      vertex 119.3559520021081 -0.48118799924850464 1.5
      vertex 119.3559520021081 -0.48118799924850464 0
    endloop
  endfacet
  facet normal 0.11320320344686441 -0.9935718568525216 0
    outer loop
      vertex 120.59790799766779 -0.33968500047922134 0
      vertex 120.59790799766779 -0.33968500047922134 1.5
      vertex 119.3559520021081 -0.48118799924850464 1.5
    endloop
  endfacet
  facet normal 0.10027412609064404 -0.9949598482535653 0
    outer loop
      vertex 120.61082699894905 -0.3383829966187477 0
      vertex 120.59790799766779 -0.33968500047922134 1.5
      vertex 120.59790799766779 -0.33968500047922134 0
    endloop
  endfacet
  facet normal 0.10027412609064404 -0.9949598482535653 0
    outer loop
      vertex 120.61082699894905 -0.3383829966187477 0
      vertex 120.61082699894905 -0.3383829966187477 1.5
      vertex 120.59790799766779 -0.33968500047922134 1.5
    endloop
  endfacet
  facet normal 0.08736401050846339 -0.9961764550860842 0
    outer loop
      vertex 122.43328099697828 -0.17855499684810638 0
      vertex 120.61082699894905 -0.3383829966187477 1.5
      vertex 120.61082699894905 -0.3383829966187477 0
    endloop
  endfacet
  facet normal 0.08736401050846339 -0.9961764550860842 0
    outer loop
      vertex 122.43328099697828 -0.17855499684810638 0
      vertex 122.43328099697828 -0.17855499684810638 1.5
      vertex 120.61082699894905 -0.3383829966187477 1.5
    endloop
  endfacet
  facet normal 0.13257639122666715 -0.9911727904302629 0
    outer loop
      vertex 122.52342200279236 -0.16649799793958664 0
      vertex 122.43328099697828 -0.17855499684810638 1.5
      vertex 122.43328099697828 -0.17855499684810638 0
    endloop
  endfacet
  facet normal 0.13257639122666715 -0.9911727904302629 0
    outer loop
      vertex 122.52342200279236 -0.16649799793958664 0
      vertex 122.52342200279236 -0.16649799793958664 1.5
      vertex 122.43328099697828 -0.17855499684810638 1.5
    endloop
  endfacet
  facet normal 0.22207114391101454 -0.975030464673824 0
    outer loop
      vertex 122.61209499835968 -0.1463019996881485 0
      vertex 122.52342200279236 -0.16649799793958664 1.5
      vertex 122.52342200279236 -0.16649799793958664 0
    endloop
  endfacet
  facet normal 0.22207114391101454 -0.975030464673824 0
    outer loop
      vertex 122.61209499835968 -0.1463019996881485 0
      vertex 122.61209499835968 -0.1463019996881485 1.5
      vertex 122.52342200279236 -0.16649799793958664 1.5
    endloop
  endfacet
  facet normal 0.309738379727696 -0.9508218214385182 0
    outer loop
      vertex 122.6985670030117 -0.11813300102949142 0
      vertex 122.61209499835968 -0.1463019996881485 1.5
      vertex 122.61209499835968 -0.1463019996881485 0
    endloop
  endfacet
  facet normal 0.309738379727696 -0.9508218214385182 0
    outer loop
      vertex 122.6985670030117 -0.11813300102949142 0
      vertex 122.6985670030117 -0.11813300102949142 1.5
      vertex 122.61209499835968 -0.1463019996881485 1.5
    endloop
  endfacet
  facet normal 0.39483032614354824 -0.9187540549882647 0
    outer loop
      vertex 122.73154699802399 -0.10395999997854233 0
      vertex 122.6985670030117 -0.11813300102949142 1.5
      vertex 122.6985670030117 -0.11813300102949142 0
    endloop
  endfacet
  facet normal 0.39483032614354824 -0.9187540549882647 0
    outer loop
      vertex 122.73154699802399 -0.10395999997854233 0
      vertex 122.73154699802399 -0.10395999997854233 1.5
      vertex 122.6985670030117 -0.11813300102949142 1.5
    endloop
  endfacet
  facet normal 0.3474203042974409 -0.9377095137417949 0
    outer loop
      vertex 122.7557360008359 -0.09499800205230713 0
      vertex 122.73154699802399 -0.10395999997854233 1.5
      vertex 122.73154699802399 -0.10395999997854233 0
    endloop
  endfacet
  facet normal 0.3474203042974409 -0.9377095137417949 0
    outer loop
      vertex 122.7557360008359 -0.09499800205230713 0
      vertex 122.7557360008359 -0.09499800205230713 1.5
      vertex 122.73154699802399 -0.10395999997854233 1.5
    endloop
  endfacet
  facet normal 0.16103351218782574 -0.9869489388780218 0
    outer loop
      vertex 122.77942399680614 -0.0911329984664917 0
      vertex 122.7557360008359 -0.09499800205230713 1.5
      vertex 122.7557360008359 -0.09499800205230713 0
    endloop
  endfacet
  facet normal 0.16103351218782574 -0.9869489388780218 0
    outer loop
      vertex 122.77942399680614 -0.0911329984664917 0
      vertex 122.77942399680614 -0.0911329984664917 1.5
      vertex 122.7557360008359 -0.09499800205230713 1.5
    endloop
  endfacet
  facet normal 0.11320321149032794 -0.9935718559360848 1.39234170748552e-16
    outer loop
      vertex 139.68081299960613 1.834536999464035 0
      vertex 122.77942399680614 -0.0911329984664917 1.5
      vertex 122.77942399680614 -0.0911329984664917 0
    endloop
  endfacet
  facet normal 0.11320321149032794 -0.9935718559360848 0
    outer loop
      vertex 139.68081299960613 1.834536999464035 0
      vertex 139.68081299960613 1.834536999464035 1.5
      vertex 122.77942399680614 -0.0911329984664917 1.5
    endloop
  endfacet
  facet normal 0.05668428113969026 -0.9983921535507361 0
    outer loop
      vertex 139.7373690009117 1.837747998535633 0
      vertex 139.68081299960613 1.834536999464035 1.5
      vertex 139.68081299960613 1.834536999464035 0
    endloop
  endfacet
  facet normal 0.05668428113969026 -0.9983921535507361 0
    outer loop
      vertex 139.7373690009117 1.837747998535633 0
      vertex 139.7373690009117 1.837747998535633 1.5
      vertex 139.68081299960613 1.834536999464035 1.5
    endloop
  endfacet
  facet normal 0 -1 0
    outer loop
      vertex 148.7089999988675 1.837747998535633 0
      vertex 139.7373690009117 1.837747998535633 1.5
      vertex 139.7373690009117 1.837747998535633 0
    endloop
  endfacet
  facet normal 0 -1 0
    outer loop
      vertex 148.7089999988675 1.837747998535633 0
      vertex 148.7089999988675 1.837747998535633 1.5
      vertex 139.7373690009117 1.837747998535633 1.5
    endloop
  endfacet
  facet normal 0.049075163508748465 -0.9987950882571407 0
    outer loop
      vertex 148.80701699852943 1.8425640016794205 0
      vertex 148.7089999988675 1.837747998535633 1.5
      vertex 148.7089999988675 1.837747998535633 0
    endloop
  endfacet
  facet normal 0.049075163508748465 -0.9987950882571407 0
    outer loop
      vertex 148.80701699852943 1.8425640016794205 0
      vertex 148.80701699852943 1.8425640016794205 1.5
      vertex 148.7089999988675 1.837747998535633 1.5
    endloop
  endfacet
  facet normal 0.14672628331899099 -0.9891771316520592 0
    outer loop
      vertex 148.90409000217915 1.856963001191616 0
      vertex 148.80701699852943 1.8425640016794205 1.5
      vertex 148.80701699852943 1.8425640016794205 0
    endloop
  endfacet
  facet normal 0.14672628331899099 -0.9891771316520592 0
    outer loop
      vertex 148.90409000217915 1.856963001191616 0
      vertex 148.90409000217915 1.856963001191616 1.5
      vertex 148.80701699852943 1.8425640016794205 1.5
    endloop
  endfacet
  facet normal 0.24297919260358483 -0.9700315004997054 0
    outer loop
      vertex 148.99928499758244 1.8808080032467842 0
      vertex 148.90409000217915 1.856963001191616 1.5
      vertex 148.90409000217915 1.856963001191616 0
    endloop
  endfacet
  facet normal 0.24297919260358483 -0.9700315004997054 0
    outer loop
      vertex 148.99928499758244 1.8808080032467842 0
      vertex 148.99928499758244 1.8808080032467842 1.5
      vertex 148.90409000217915 1.856963001191616 1.5
    endloop
  endfacet
  facet normal 0.3368940422914839 -0.941542566360387 0
    outer loop
      vertex 149.09168300032616 1.9138690009713173 0
      vertex 148.99928499758244 1.8808080032467842 1.5
      vertex 148.99928499758244 1.8808080032467842 0
    endloop
  endfacet
  facet normal 0.3368940422914839 -0.941542566360387 0
    outer loop
      vertex 149.09168300032616 1.9138690009713173 0
      vertex 149.09168300032616 1.9138690009713173 1.5
      vertex 148.99928499758244 1.8808080032467842 1.5
    endloop
  endfacet
  facet normal 0.42755010956245487 -0.9039916503005615 0
    outer loop
      vertex 149.1803969964385 1.955826997756958 0
      vertex 149.09168300032616 1.9138690009713173 1.5
      vertex 149.09168300032616 1.9138690009713173 0
    endloop
  endfacet
  facet normal 0.42755010956245487 -0.9039916503005615 0
    outer loop
      vertex 149.1803969964385 1.955826997756958 0
      vertex 149.1803969964385 1.955826997756958 1.5
      vertex 149.09168300032616 1.9138690009713173 1.5
    endloop
  endfacet
  facet normal 0.5141075867033986 -0.8577257074927903 0
    outer loop
      vertex 149.26456999778748 2.0062789991497993 0
      vertex 149.1803969964385 1.955826997756958 1.5
      vertex 149.1803969964385 1.955826997756958 0
    endloop
  endfacet
  facet normal 0.5141075867033986 -0.8577257074927903 0
    outer loop
      vertex 149.26456999778748 2.0062789991497993 0
      vertex 149.26456999778748 2.0062789991497993 1.5
      vertex 149.1803969964385 1.955826997756958 1.5
    endloop
  endfacet
  facet normal 0.5956985001459758 -0.8032081280240103 0
    outer loop
      vertex 149.34339299798012 2.0647379979491234 0
      vertex 149.26456999778748 2.0062789991497993 1.5
      vertex 149.26456999778748 2.0062789991497993 0
    endloop
  endfacet
  facet normal 0.5956985001459758 -0.8032081280240103 0
    outer loop
      vertex 149.34339299798012 2.0647379979491234 0
      vertex 149.34339299798012 2.0647379979491234 1.5
      vertex 149.26456999778748 2.0062789991497993 1.5
    endloop
  endfacet
  facet normal 0.6715582276407489 -0.7409517844556528 0
    outer loop
      vertex 149.41610699892044 2.130641996860504 0
      vertex 149.34339299798012 2.0647379979491234 1.5
      vertex 149.34339299798012 2.0647379979491234 0
    endloop
  endfacet
  facet normal 0.6715582276407489 -0.7409517844556528 0
    outer loop
      vertex 149.41610699892044 2.130641996860504 0
      vertex 149.41610699892044 2.130641996860504 1.5
      vertex 149.34339299798012 2.0647379979491234 1.5
    endloop
  endfacet
  facet normal 0.7409522585619419 -0.6715577045436656 0
    outer loop
      vertex 149.48200999945402 2.203354999423027 0
      vertex 149.41610699892044 2.130641996860504 1.5
      vertex 149.41610699892044 2.130641996860504 0
    endloop
  endfacet
  facet normal 0.7409522585619419 -0.6715577045436656 0
    outer loop
      vertex 149.48200999945402 2.203354999423027 0
      vertex 149.48200999945402 2.203354999423027 1.5
      vertex 149.41610699892044 2.130641996860504 1.5
    endloop
  endfacet
  facet normal 0.8032032603172153 -0.5957050634464975 0
    outer loop
      vertex 149.54046999663115 2.2821779996156693 0
      vertex 149.48200999945402 2.203354999423027 1.5
      vertex 149.48200999945402 2.203354999423027 0
    endloop
  endfacet
  facet normal 0.8032032603172153 -0.5957050634464975 0
    outer loop
      vertex 149.54046999663115 2.2821779996156693 0
      vertex 149.54046999663115 2.2821779996156693 1.5
      vertex 149.48200999945402 2.203354999423027 1.5
    endloop
  endfacet
  facet normal 0.8577328824498539 -0.5140956159745628 0
    outer loop
      vertex 149.5909209996462 2.3663519993424416 0
      vertex 149.54046999663115 2.2821779996156693 1.5
      vertex 149.54046999663115 2.2821779996156693 0
    endloop
  endfacet
  facet normal 0.8577328824498539 -0.5140956159745628 0
    outer loop
      vertex 149.5909209996462 2.3663519993424416 0
      vertex 149.5909209996462 2.3663519993424416 1.5
      vertex 149.54046999663115 2.2821779996156693 1.5
    endloop
  endfacet
  facet normal 0.9039858291058125 -0.42756241740344375 0
    outer loop
      vertex 149.6328800022602 2.455064997076988 0
      vertex 149.5909209996462 2.3663519993424416 1.5
      vertex 149.5909209996462 2.3663519993424416 0
    endloop
  endfacet
  facet normal 0.9039858291058125 -0.42756241740344375 0
    outer loop
      vertex 149.6328800022602 2.455064997076988 0
      vertex 149.6328800022602 2.455064997076988 1.5
      vertex 149.5909209996462 2.3663519993424416 1.5
    endloop
  endfacet
  facet normal 0.9415469479757952 -0.3368817964174755 0
    outer loop
      vertex 149.66594000160694 2.547463998198509 0
      vertex 149.6328800022602 2.455064997076988 1.5
      vertex 149.6328800022602 2.455064997076988 0
    endloop
  endfacet
  facet normal 0.9415469479757952 -0.3368817964174755 0
    outer loop
      vertex 149.66594000160694 2.547463998198509 0
      vertex 149.66594000160694 2.547463998198509 1.5
      vertex 149.6328800022602 2.455064997076988 1.5
    endloop
  endfacet
  facet normal 0.9700309043463009 -0.24298157257927536 0
    outer loop
      vertex 149.6897850036621 2.6426580026745796 0
      vertex 149.66594000160694 2.547463998198509 1.5
      vertex 149.66594000160694 2.547463998198509 0
    endloop
  endfacet
  facet normal 0.9700309043463009 -0.24298157257927536 0
    outer loop
      vertex 149.6897850036621 2.6426580026745796 0
      vertex 149.6897850036621 2.6426580026745796 1.5
      vertex 149.66594000160694 2.547463998198509 1.5
    endloop
  endfacet
  facet normal 0.9891756534047083 -0.14673624879820393 0
    outer loop
      vertex 149.7041850015521 2.7397309988737106 0
      vertex 149.6897850036621 2.6426580026745796 1.5
      vertex 149.6897850036621 2.6426580026745796 0
    endloop
  endfacet
  facet normal 0.9891756534047083 -0.14673624879820393 0
    outer loop
      vertex 149.7041850015521 2.7397309988737106 0
      vertex 149.7041850015521 2.7397309988737106 1.5
      vertex 149.6897850036621 2.6426580026745796 1.5
    endloop
  endfacet
  facet normal 0.998795590590484 -0.04906493877512149 0
    outer loop
      vertex 149.7089999988675 2.837747998535633 0
      vertex 149.7041850015521 2.7397309988737106 1.5
      vertex 149.7041850015521 2.7397309988737106 0
    endloop
  endfacet
  facet normal 0.998795590590484 -0.04906493877512149 0
    outer loop
      vertex 149.7089999988675 2.837747998535633 0
      vertex 149.7089999988675 2.837747998535633 1.5
      vertex 149.7041850015521 2.7397309988737106 1.5
    endloop
  endfacet
  facet normal 1 0 0
    outer loop
      vertex 149.7089999988675 24.664589002728462 0
      vertex 149.7089999988675 2.837747998535633 1.5
      vertex 149.7089999988675 2.837747998535633 0
    endloop
  endfacet
  facet normal 1 0 0
    outer loop
      vertex 149.7089999988675 24.664589002728462 0
      vertex 149.7089999988675 24.664589002728462 1.5
      vertex 149.7089999988675 2.837747998535633 1.5
    endloop
  endfacet
  facet normal 0.9988223536903744 -0.048517066774698366 0
    outer loop
      vertex 149.71014299988747 24.688120000064373 0
      vertex 149.7089999988675 24.664589002728462 1.5
      vertex 149.7089999988675 24.664589002728462 0
    endloop
  endfacet
  facet normal 0.9988223536903744 -0.048517066774698366 0
    outer loop
      vertex 149.71014299988747 24.688120000064373 0
      vertex 149.71014299988747 24.688120000064373 1.5
      vertex 149.7089999988675 24.664589002728462 1.5
    endloop
  endfacet
  facet normal 0.43849883455637356 -0.898731757585489 0
    outer loop
      vertex 149.73131500184536 24.69844999909401 0
      vertex 149.71014299988747 24.688120000064373 1.5
      vertex 149.71014299988747 24.688120000064373 0
    endloop
  endfacet
  facet normal 0.43849883455637356 -0.898731757585489 0
    outer loop
      vertex 149.73131500184536 24.69844999909401 0
      vertex 149.73131500184536 24.69844999909401 1.5
      vertex 149.71014299988747 24.688120000064373 1.5
    endloop
  endfacet
  facet normal 0.39438759778203014 -0.9189441891190779 0
    outer loop
      vertex 149.89186500012875 24.767353996634483 0
      vertex 149.73131500184536 24.69844999909401 1.5
      vertex 149.73131500184536 24.69844999909401 0
    endloop
  endfacet
  facet normal 0.39438759778203014 -0.9189441891190779 0
    outer loop
      vertex 149.89186500012875 24.767353996634483 0
      vertex 149.89186500012875 24.767353996634483 1.5
      vertex 149.73131500184536 24.69844999909401 1.5
    endloop
  endfacet
  facet normal 0.3535180365240363 -0.9354277085120958 0
    outer loop
      vertex 149.93307200074196 24.782926999032497 0
      vertex 149.89186500012875 24.767353996634483 1.5
      vertex 149.89186500012875 24.767353996634483 0
    endloop
  endfacet
  facet normal 0.3535180365240363 -0.9354277085120958 0
    outer loop
      vertex 149.93307200074196 24.782926999032497 0
      vertex 149.93307200074196 24.782926999032497 1.5
      vertex 149.89186500012875 24.767353996634483 1.5
    endloop
  endfacet
  facet normal 0.31193439829549047 -0.9501036423254204 0
    outer loop
      vertex 150.24021799862385 24.883767999708652 0
      vertex 149.93307200074196 24.782926999032497 1.5
      vertex 149.93307200074196 24.782926999032497 0
    endloop
  endfacet
  facet normal 0.31193439829549047 -0.9501036423254204 0
    outer loop
      vertex 150.24021799862385 24.883767999708652 0
      vertex 150.24021799862385 24.883767999708652 1.5
      vertex 149.93307200074196 24.782926999032497 1.5
    endloop
  endfacet
  facet normal 0.28685200082916124 -0.957974910746783 0
    outer loop
      vertex 150.26538199931383 24.89130300283432 0
      vertex 150.24021799862385 24.883767999708652 1.5
      vertex 150.24021799862385 24.883767999708652 0
    endloop
  endfacet
  facet normal 0.28685200082916124 -0.957974910746783 0
    outer loop
      vertex 150.26538199931383 24.89130300283432 0
      vertex 150.26538199931383 24.89130300283432 1.5
      vertex 150.24021799862385 24.883767999708652 1.5
    endloop
  endfacet
  facet normal 0.26159615483853194 -0.9651774198424324 0
    outer loop
      vertex 150.62557999789715 24.988929003477097 0
      vertex 150.26538199931383 24.89130300283432 1.5
      vertex 150.26538199931383 24.89130300283432 0
    endloop
  endfacet
  facet normal 0.26159615483853194 -0.9651774198424324 0
    outer loop
      vertex 150.62557999789715 24.988929003477097 0
      vertex 150.62557999789715 24.988929003477097 1.5
      vertex 150.26538199931383 24.89130300283432 1.5
    endloop
  endfacet
  facet normal 0.24710784400791588 -0.9689879841513823 0
    outer loop
      vertex 150.64013200253248 24.992640003561974 0
      vertex 150.62557999789715 24.988929003477097 1.5
      vertex 150.62557999789715 24.988929003477097 0
    endloop
  endfacet
  facet normal 0.24710784400791588 -0.9689879841513823 0
    outer loop
      vertex 150.64013200253248 24.992640003561974 0
      vertex 150.64013200253248 24.992640003561974 1.5
      vertex 150.62557999789715 24.988929003477097 1.5
    endloop
  endfacet
  facet normal 0.23237774880166404 -0.9726256123822109 0
    outer loop
      vertex 151.04267600178719 25.0888150036335 0
      vertex 150.64013200253248 24.992640003561974 1.5
      vertex 150.64013200253248 24.992640003561974 0
    endloop
  endfacet
  facet normal 0.23237774880166404 -0.9726256123822109 0
    outer loop
      vertex 151.04267600178719 25.0888150036335 0
      vertex 151.04267600178719 25.0888150036335 1.5
      vertex 150.64013200253248 24.992640003561974 1.5
    endloop
  endfacet
  facet normal 0.2192002768999293 -0.9756798853143352 0
    outer loop
      vertex 151.88536500185728 25.278136998414993 0
      vertex 151.04267600178719 25.0888150036335 1.5
      vertex 151.04267600178719 25.0888150036335 0
    endloop
  endfacet
  facet normal 0.2192002768999293 -0.9756798853143352 0
    outer loop
      vertex 151.88536500185728 25.278136998414993 0
      vertex 151.88536500185728 25.278136998414993 1.5
      vertex 151.04267600178719 25.0888150036335 1.5
    endloop
  endfacet
  facet normal 0.2324882761037305 -0.9725991987835049 0
    outer loop
      vertex 152.27056299895048 25.370214000344276 0
      vertex 151.88536500185728 25.278136998414993 1.5
      vertex 151.88536500185728 25.278136998414993 0
    endloop
  endfacet
  facet normal 0.2324882761037305 -0.9725991987835049 0
    outer loop
      vertex 152.27056299895048 25.370214000344276 0
      vertex 152.27056299895048 25.370214000344276 1.5
      vertex 151.88536500185728 25.278136998414993 1.5
    endloop
  endfacet
  facet normal 0.24705276084750408 -0.9690020295941727 0
    outer loop
      vertex 152.29967000335455 25.37763500213623 0
      vertex 152.27056299895048 25.370214000344276 1.5
      vertex 152.27056299895048 25.370214000344276 0
    endloop
  endfacet
  facet normal 0.24705276084750408 -0.9690020295941727 0
    outer loop
      vertex 152.29967000335455 25.37763500213623 0
      vertex 152.29967000335455 25.37763500213623 1.5
      vertex 152.27056299895048 25.370214000344276 1.5
    endloop
  endfacet
  facet normal 0.26159704091603647 -0.9651771796846286 0
    outer loop
      vertex 152.63993199914694 25.46985799819231 0
      vertex 152.29967000335455 25.37763500213623 1.5
      vertex 152.29967000335455 25.37763500213623 0
    endloop
  endfacet
  facet normal 0.26159704091603647 -0.9651771796846286 0
    outer loop
      vertex 152.63993199914694 25.46985799819231 0
      vertex 152.63993199914694 25.46985799819231 1.5
      vertex 152.29967000335455 25.37763500213623 1.5
    endloop
  endfacet
  facet normal 0.28686945771524136 -0.9579696833565053 0
    outer loop
      vertex 152.69026999920607 25.484931997954845 0
      vertex 152.63993199914694 25.46985799819231 1.5
      vertex 152.63993199914694 25.46985799819231 0
    endloop
  endfacet
  facet normal 0.28686945771524136 -0.9579696833565053 0
    outer loop
      vertex 152.69026999920607 25.484931997954845 0
      vertex 152.69026999920607 25.484931997954845 1.5
      vertex 152.63993199914694 25.46985799819231 1.5
    endloop
  endfacet
  facet normal 0.3119317141030651 -0.9501045235850231 0
    outer loop
      vertex 152.9639599993825 25.574787996709347 0
      vertex 152.69026999920607 25.484931997954845 1.5
      vertex 152.69026999920607 25.484931997954845 0
    endloop
  endfacet
  facet normal 0.3119317141030651 -0.9501045235850231 0
    outer loop
      vertex 152.9639599993825 25.574787996709347 0
      vertex 152.9639599993825 25.574787996709347 1.5
      vertex 152.69026999920607 25.484931997954845 1.5
    endloop
  endfacet
  facet normal 0.35350935781258097 -0.935430988335824 0
    outer loop
      vertex 153.04641599953175 25.605948999524117 0
      vertex 152.9639599993825 25.574787996709347 1.5
      vertex 152.9639599993825 25.574787996709347 0
    endloop
  endfacet
  facet normal 0.35350935781258097 -0.935430988335824 0
    outer loop
      vertex 153.04641599953175 25.605948999524117 0
      vertex 153.04641599953175 25.605948999524117 1.5
      vertex 152.9639599993825 25.574787996709347 1.5
    endloop
  endfacet
  facet normal 0.3943903341614721 -0.918943014729424 0
    outer loop
      vertex 153.10339000076056 25.630401000380516 0
      vertex 153.04641599953175 25.605948999524117 1.5
      vertex 153.04641599953175 25.605948999524117 0
    endloop
  endfacet
  facet normal 0.3943903341614721 -0.918943014729424 0
    outer loop
      vertex 153.10339000076056 25.630401000380516 0
      vertex 153.10339000076056 25.630401000380516 1.5
      vertex 153.04641599953175 25.605948999524117 1.5
    endloop
  endfacet
  facet normal 0.43852733445759506 -0.8987178516828942 0
    outer loop
      vertex 153.1906350031495 25.67297200113535 0
      vertex 153.10339000076056 25.630401000380516 1.5
      vertex 153.10339000076056 25.630401000380516 0
    endloop
  endfacet
  facet normal 0.43852733445759506 -0.8987178516828942 0
    outer loop
      vertex 153.1906350031495 25.67297200113535 0
      vertex 153.1906350031495 25.67297200113535 1.5
      vertex 153.10339000076056 25.630401000380516 1.5
    endloop
  endfacet
  facet normal 0.5236070967210177 -0.8519598630589278 0
    outer loop
      vertex 153.2733419984579 25.723802998661995 0
      vertex 153.1906350031495 25.67297200113535 1.5
      vertex 153.1906350031495 25.67297200113535 0
    endloop
  endfacet
  facet normal 0.5236070967210177 -0.8519598630589278 0
    outer loop
      vertex 153.2733419984579 25.723802998661995 0
      vertex 153.2733419984579 25.723802998661995 1.5
      vertex 153.1906350031495 25.67297200113535 1.5
    endloop
  endfacet
  facet normal 0.603744615738926 -0.7971777963329488 0
    outer loop
      vertex 153.35073000192642 25.782412998378277 0
      vertex 153.2733419984579 25.723802998661995 1.5
      vertex 153.2733419984579 25.723802998661995 0
    endloop
  endfacet
  facet normal 0.603744615738926 -0.7971777963329488 0
    outer loop
      vertex 153.35073000192642 25.782412998378277 0
      vertex 153.35073000192642 25.782412998378277 1.5
      vertex 153.2733419984579 25.723802998661995 1.5
    endloop
  endfacet
  facet normal 0.6782061112659972 -0.7348717375443512 0
    outer loop
      vertex 153.42206999659538 25.84825199842453 0
      vertex 153.35073000192642 25.782412998378277 1.5
      vertex 153.35073000192642 25.782412998378277 0
    endloop
  endfacet
  facet normal 0.6782061112659972 -0.7348717375443512 0
    outer loop
      vertex 153.42206999659538 25.84825199842453 0
      vertex 153.42206999659538 25.84825199842453 1.5
      vertex 153.35073000192642 25.782412998378277 1.5
    endloop
  endfacet
  facet normal 0.7462550665943529 -0.6656601051454548 0
    outer loop
      vertex 153.4866909980774 25.92069700360298 0
      vertex 153.42206999659538 25.84825199842453 1.5
      vertex 153.42206999659538 25.84825199842453 0
    endloop
  endfacet
  facet normal 0.7462550665943529 -0.6656601051454548 0
    outer loop
      vertex 153.4866909980774 25.92069700360298 0
      vertex 153.4866909980774 25.92069700360298 1.5
      vertex 153.42206999659538 25.84825199842453 1.5
    endloop
  endfacet
  facet normal 0.8072899334561957 -0.5901550333092915 0
    outer loop
      vertex 153.54398199915886 25.99906700104475 0
      vertex 153.4866909980774 25.92069700360298 1.5
      vertex 153.4866909980774 25.92069700360298 0
    endloop
  endfacet
  facet normal 0.8072899334561957 -0.5901550333092915 0
    outer loop
      vertex 153.54398199915886 25.99906700104475 0
      vertex 153.54398199915886 25.99906700104475 1.5
      vertex 153.4866909980774 25.92069700360298 1.5
    endloop
  endfacet
  facet normal 0.8607098681164926 -0.509095789539542 0
    outer loop
      vertex 153.59340400248766 26.08262299746275 0
      vertex 153.54398199915886 25.99906700104475 1.5
      vertex 153.54398199915886 25.99906700104475 0
    endloop
  endfacet
  facet normal 0.8607098681164926 -0.509095789539542 0
    outer loop
      vertex 153.59340400248766 26.08262299746275 0
      vertex 153.59340400248766 26.08262299746275 1.5
      vertex 153.54398199915886 25.99906700104475 1.5
    endloop
  endfacet
  facet normal 0.9060141158137384 -0.42324747128157747 0
    outer loop
      vertex 153.63449200242758 26.170576997101307 0
      vertex 153.59340400248766 26.08262299746275 1.5
      vertex 153.59340400248766 26.08262299746275 0
    endloop
  endfacet
  facet normal 0.9060141158137384 -0.42324747128157747 0
    outer loop
      vertex 153.63449200242758 26.170576997101307 0
      vertex 153.63449200242758 26.170576997101307 1.5
      vertex 153.59340400248766 26.08262299746275 1.5
    endloop
  endfacet
  facet normal 0.9427872685751254 -0.3333949102980645 0
    outer loop
      vertex 153.66685699671507 26.262100003659725 0
      vertex 153.63449200242758 26.170576997101307 1.5
      vertex 153.63449200242758 26.170576997101307 0
    endloop
  endfacet
  facet normal 0.9427872685751254 -0.3333949102980645 0
    outer loop
      vertex 153.66685699671507 26.262100003659725 0
      vertex 153.66685699671507 26.262100003659725 1.5
      vertex 153.63449200242758 26.170576997101307 1.5
    endloop
  endfacet
  facet normal 0.9706703676515088 -0.24041430357465113 0
    outer loop
      vertex 153.69019600003958 26.3563309982419 0
      vertex 153.66685699671507 26.262100003659725 1.5
      vertex 153.66685699671507 26.262100003659725 0
    endloop
  endfacet
  facet normal 0.9706703676515088 -0.24041430357465113 0
    outer loop
      vertex 153.69019600003958 26.3563309982419 0
      vertex 153.69019600003958 26.3563309982419 1.5
      vertex 153.66685699671507 26.262100003659725 1.5
    endloop
  endfacet
  facet normal 0.9894080140157748 -0.14516122692151714 0
    outer loop
      vertex 153.70428799837828 26.452380999922752 0
      vertex 153.69019600003958 26.3563309982419 1.5
      vertex 153.69019600003958 26.3563309982419 0
    endloop
  endfacet
  facet normal 0.9894080140157748 -0.14516122692151714 0
    outer loop
      vertex 153.70428799837828 26.452380999922752 0
      vertex 153.70428799837828 26.452380999922752 1.5
      vertex 153.69019600003958 26.3563309982419 1.5
    endloop
  endfacet
  facet normal 0.9988213084676665 -0.04853858002598096 0
    outer loop
      vertex 153.7089999988675 26.54934400320053 0
      vertex 153.70428799837828 26.452380999922752 1.5
      vertex 153.70428799837828 26.452380999922752 0
    endloop
  endfacet
  facet normal 0.9988213084676665 -0.04853858002598096 0
    outer loop
      vertex 153.7089999988675 26.54934400320053 0
      vertex 153.7089999988675 26.54934400320053 1.5
      vertex 153.70428799837828 26.452380999922752 1.5
    endloop
  endfacet
  facet normal 1 0 0
    outer loop
      vertex 153.7089999988675 35.815255001187325 0
      vertex 153.7089999988675 26.54934400320053 1.5
      vertex 153.7089999988675 26.54934400320053 0
    endloop
  endfacet
  facet normal 1 0 0
    outer loop
      vertex 153.7089999988675 35.815255001187325 0
      vertex 153.7089999988675 35.815255001187325 1.5
      vertex 153.7089999988675 26.54934400320053 1.5
    endloop
  endfacet
  facet normal 0.9988213326971468 0.048538081431960575 0
    outer loop
      vertex 153.70428799837828 35.9122190028429 0
      vertex 153.7089999988675 35.815255001187325 1.5
      vertex 153.7089999988675 35.815255001187325 0
    endloop
  endfacet
  facet normal 0.9988213326971468 0.048538081431960575 0
    outer loop
      vertex 153.70428799837828 35.9122190028429 0
      vertex 153.70428799837828 35.9122190028429 1.5
      vertex 153.7089999988675 35.815255001187325 1.5
    endloop
  endfacet
  facet normal 0.9894080123985535 0.14516123794437613 0
    outer loop
      vertex 153.69019600003958 36.00826899707317 0
      vertex 153.70428799837828 35.9122190028429 1.5
      vertex 153.70428799837828 35.9122190028429 0
    endloop
  endfacet
  facet normal 0.9894080123985535 0.14516123794437613 0
    outer loop
      vertex 153.69019600003958 36.00826899707317 0
      vertex 153.69019600003958 36.00826899707317 1.5
      vertex 153.70428799837828 35.9122190028429 1.5
    endloop
  endfacet
  facet normal 0.9706697776585689 0.24041668565277324 0
    outer loop
      vertex 153.66685699671507 36.10249900072813 0
      vertex 153.69019600003958 36.00826899707317 1.5
      vertex 153.69019600003958 36.00826899707317 0
    endloop
  endfacet
  facet normal 0.9706697776585689 0.24041668565277324 0
    outer loop
      vertex 153.66685699671507 36.10249900072813 0
      vertex 153.66685699671507 36.10249900072813 1.5
      vertex 153.69019600003958 36.00826899707317 1.5
    endloop
  endfacet
  facet normal 0.9427884031596369 0.333391701857893 0
    outer loop
      vertex 153.63449200242758 36.19402299821377 0
      vertex 153.66685699671507 36.10249900072813 1.5
      vertex 153.66685699671507 36.10249900072813 0
    endloop
  endfacet
  facet normal 0.9427884031596369 0.333391701857893 0
    outer loop
      vertex 153.63449200242758 36.19402299821377 0
      vertex 153.63449200242758 36.19402299821377 1.5
      vertex 153.66685699671507 36.10249900072813 1.5
    endloop
  endfacet
  facet normal 0.9060141158137384 0.42324747128157747 0
    outer loop
      vertex 153.59340400248766 36.281976997852325 0
      vertex 153.63449200242758 36.19402299821377 1.5
      vertex 153.63449200242758 36.19402299821377 0
    endloop
  endfacet
  facet normal 0.9060141158137384 0.42324747128157747 0
    outer loop
      vertex 153.59340400248766 36.281976997852325 0
      vertex 153.59340400248766 36.281976997852325 1.5
      vertex 153.63449200242758 36.19402299821377 1.5
    endloop
  endfacet
  facet normal 0.8607098880080253 0.5090957559096448 0
    outer loop
      vertex 153.54398199915886 36.365533001720905 0
      vertex 153.59340400248766 36.281976997852325 1.5
      vertex 153.59340400248766 36.281976997852325 0
    endloop
  endfacet
  facet normal 0.8607098880080253 0.5090957559096448 0
    outer loop
      vertex 153.54398199915886 36.365533001720905 0
      vertex 153.54398199915886 36.365533001720905 1.5
      vertex 153.59340400248766 36.281976997852325 1.5
    endloop
  endfacet
  facet normal 0.8072899334561957 0.5901550333092915 0
    outer loop
      vertex 153.4866909980774 36.443902999162674 0
      vertex 153.54398199915886 36.365533001720905 1.5
      vertex 153.54398199915886 36.365533001720905 0
    endloop
  endfacet
  facet normal 0.8072899334561957 0.5901550333092915 0
    outer loop
      vertex 153.4866909980774 36.443902999162674 0
      vertex 153.4866909980774 36.443902999162674 1.5
      vertex 153.54398199915886 36.365533001720905 1.5
    endloop
  endfacet
  facet normal 0.7462550325869037 0.6656601432703624 0
    outer loop
      vertex 153.42206999659538 36.516347996890545 0
      vertex 153.4866909980774 36.443902999162674 1.5
      vertex 153.4866909980774 36.443902999162674 0
    endloop
  endfacet
  facet normal 0.7462550325869037 0.6656601432703624 0
    outer loop
      vertex 153.42206999659538 36.516347996890545 0
      vertex 153.42206999659538 36.516347996890545 1.5
      vertex 153.4866909980774 36.443902999162674 1.5
    endloop
  endfacet
  facet normal 0.6782005573280641 0.7348768631817874 0
    outer loop
      vertex 153.35073000192642 36.582185998559 0
      vertex 153.42206999659538 36.516347996890545 1.5
      vertex 153.42206999659538 36.516347996890545 0
    endloop
  endfacet
  facet normal 0.6782005573280641 0.7348768631817874 0
    outer loop
      vertex 153.35073000192642 36.582185998559 0
      vertex 153.35073000192642 36.582185998559 1.5
      vertex 153.42206999659538 36.516347996890545 1.5
    endloop
  endfacet
  facet normal 0.6037511512989806 0.7971728465678917 0
    outer loop
      vertex 153.2733419984579 36.64079699665308 0
      vertex 153.35073000192642 36.582185998559 1.5
      vertex 153.35073000192642 36.582185998559 0
    endloop
  endfacet
  facet normal 0.6037511512989806 0.7971728465678917 0
    outer loop
      vertex 153.2733419984579 36.64079699665308 0
      vertex 153.2733419984579 36.64079699665308 1.5
      vertex 153.35073000192642 36.582185998559 1.5
    endloop
  endfacet
  facet normal 0.5235996877072546 0.8519644165297431 0
    outer loop
      vertex 153.1906350031495 36.691627003252506 0
      vertex 153.2733419984579 36.64079699665308 1.5
      vertex 153.2733419984579 36.64079699665308 0
    endloop
  endfacet
  facet normal 0.5235996877072546 0.8519644165297431 0
    outer loop
      vertex 153.1906350031495 36.691627003252506 0
      vertex 153.1906350031495 36.691627003252506 1.5
      vertex 153.2733419984579 36.64079699665308 1.5
    endloop
  endfacet
  facet normal 0.438535641023664 0.8987137984653202 0
    outer loop
      vertex 153.10339000076056 36.73419900238514 0
      vertex 153.1906350031495 36.691627003252506 1.5
      vertex 153.1906350031495 36.691627003252506 0
    endloop
  endfacet
  facet normal 0.438535641023664 0.8987137984653202 0
    outer loop
      vertex 153.10339000076056 36.73419900238514 0
      vertex 153.10339000076056 36.73419900238514 1.5
      vertex 153.1906350031495 36.691627003252506 1.5
    endloop
  endfacet
  facet normal 0.3943903341614721 0.918943014729424 0
    outer loop
      vertex 153.04641599953175 36.75865100324154 0
      vertex 153.10339000076056 36.73419900238514 1.5
      vertex 153.10339000076056 36.73419900238514 0
    endloop
  endfacet
  facet normal 0.3943903341614721 0.918943014729424 0
    outer loop
      vertex 153.04641599953175 36.75865100324154 0
      vertex 153.04641599953175 36.75865100324154 1.5
      vertex 153.10339000076056 36.73419900238514 1.5
    endloop
  endfacet
  facet normal 0.3534993730094124 0.935434761638647 0
    outer loop
      vertex 152.9639599993825 36.78981100022793 0
      vertex 153.04641599953175 36.75865100324154 1.5
      vertex 153.04641599953175 36.75865100324154 0
    endloop
  endfacet
  facet normal 0.3534993730094124 0.935434761638647 0
    outer loop
      vertex 152.9639599993825 36.78981100022793 0
      vertex 152.9639599993825 36.78981100022793 1.5
      vertex 153.04641599953175 36.75865100324154 1.5
    endloop
  endfacet
  facet normal 0.31193484269872723 0.9501034964205323 0
    outer loop
      vertex 152.69026999920607 36.87966799736023 0
      vertex 152.9639599993825 36.78981100022793 1.5
      vertex 152.9639599993825 36.78981100022793 0
    endloop
  endfacet
  facet normal 0.31193484269872723 0.9501034964205323 0
    outer loop
      vertex 152.69026999920607 36.87966799736023 0
      vertex 152.69026999920607 36.87966799736023 1.5
      vertex 152.9639599993825 36.78981100022793 1.5
    endloop
  endfacet
  facet normal 0.28686945771524136 0.9579696833565053 0
    outer loop
      vertex 152.63993199914694 36.894741997122765 0
      vertex 152.69026999920607 36.87966799736023 1.5
      vertex 152.69026999920607 36.87966799736023 0
    endloop
  endfacet
  facet normal 0.28686945771524136 0.9579696833565053 0
    outer loop
      vertex 152.63993199914694 36.894741997122765 0
      vertex 152.63993199914694 36.894741997122765 1.5
      vertex 152.69026999920607 36.87966799736023 1.5
    endloop
  endfacet
  facet normal 0.2615944224320204 0.9651778893822929 0
    outer loop
      vertex 152.29967000335455 36.986964002251625 0
      vertex 152.63993199914694 36.894741997122765 1.5
      vertex 152.63993199914694 36.894741997122765 0
    endloop
  endfacet
  facet normal 0.2615944224320204 0.9651778893822929 0
    outer loop
      vertex 152.29967000335455 36.986964002251625 0
      vertex 152.29967000335455 36.986964002251625 1.5
      vertex 152.63993199914694 36.894741997122765 1.5
    endloop
  endfacet
  facet normal 0.2470839688602393 0.9689940723927428 0
    outer loop
      vertex 152.27056299895048 36.99438600242138 0
      vertex 152.29967000335455 36.986964002251625 1.5
      vertex 152.29967000335455 36.986964002251625 0
    endloop
  endfacet
  facet normal 0.2470839688602393 0.9689940723927428 0
    outer loop
      vertex 152.27056299895048 36.99438600242138 0
      vertex 152.27056299895048 36.99438600242138 1.5
      vertex 152.29967000335455 36.986964002251625 1.5
    endloop
  endfacet
  facet normal 0.23226398743989743 0.9726527849847134 0
    outer loop
      vertex 151.87196899950504 37.08956799656153 0
      vertex 152.27056299895048 36.99438600242138 1.5
      vertex 152.27056299895048 36.99438600242138 0
    endloop
  endfacet
  facet normal 0.23226398743989743 0.9726527849847134 0
    outer loop
      vertex 151.87196899950504 37.08956799656153 0
      vertex 151.87196899950504 37.08956799656153 1.5
      vertex 152.27056299895048 36.99438600242138 1.5
    endloop
  endfacet
  facet normal 0.21914698507134958 0.975691856548028 0
    outer loop
      vertex 151.03597900271416 37.27733699977398 0
      vertex 151.87196899950504 37.08956799656153 1.5
      vertex 151.87196899950504 37.08956799656153 0
    endloop
  endfacet
  facet normal 0.21914698507134958 0.975691856548028 0
    outer loop
      vertex 151.03597900271416 37.27733699977398 0
      vertex 151.03597900271416 37.27733699977398 1.5
      vertex 151.87196899950504 37.08956799656153 1.5
    endloop
  endfacet
  facet normal 0.23248939150914044 0.9725989321584256 0
    outer loop
      vertex 150.64013200253248 37.37195999920368 0
      vertex 151.03597900271416 37.27733699977398 1.5
      vertex 151.03597900271416 37.27733699977398 0
    endloop
  endfacet
  facet normal 0.23248939150914044 0.9725989321584256 0
    outer loop
      vertex 150.64013200253248 37.37195999920368 0
      vertex 150.64013200253248 37.37195999920368 1.5
      vertex 151.03597900271416 37.27733699977398 1.5
    endloop
  endfacet
  facet normal 0.24710784400791588 0.9689879841513823 0
    outer loop
      vertex 150.62557999789715 37.37567099928856 0
      vertex 150.64013200253248 37.37195999920368 1.5
      vertex 150.64013200253248 37.37195999920368 0
    endloop
  endfacet
  facet normal 0.24710784400791588 0.9689879841513823 0
    outer loop
      vertex 150.62557999789715 37.37567099928856 0
      vertex 150.62557999789715 37.37567099928856 1.5
      vertex 150.64013200253248 37.37195999920368 1.5
    endloop
  endfacet
  facet normal 0.2615936626807462 0.9651780952991381 0
    outer loop
      vertex 150.26538199931383 37.473296001553535 0
      vertex 150.62557999789715 37.37567099928856 1.5
      vertex 150.62557999789715 37.37567099928856 0
    endloop
  endfacet
  facet normal 0.2615936626807462 0.9651780952991381 0
    outer loop
      vertex 150.26538199931383 37.473296001553535 0
      vertex 150.26538199931383 37.473296001553535 1.5
      vertex 150.62557999789715 37.37567099928856 1.5
    endloop
  endfacet
  facet normal 0.2868868803515735 0.957964465876549 0
    outer loop
      vertex 150.24021799862385 37.480832003057 0
      vertex 150.26538199931383 37.473296001553535 1.5
      vertex 150.26538199931383 37.473296001553535 0
    endloop
  endfacet
  facet normal 0.2868868803515735 0.957964465876549 0
    outer loop
      vertex 150.24021799862385 37.480832003057 0
      vertex 150.24021799862385 37.480832003057 1.5
      vertex 150.26538199931383 37.473296001553535 1.5
    endloop
  endfacet
  facet normal 0.31193158967793555 0.9501045644354078 0
    outer loop
      vertex 149.93307200074196 37.58167199790478 0
      vertex 150.24021799862385 37.480832003057 1.5
      vertex 150.24021799862385 37.480832003057 0
    endloop
  endfacet
  facet normal 0.31193158967793555 0.9501045644354078 0
    outer loop
      vertex 149.93307200074196 37.58167199790478 0
      vertex 149.93307200074196 37.58167199790478 1.5
      vertex 150.24021799862385 37.480832003057 1.5
    endloop
  endfacet
  facet normal 0.3535180365240363 0.9354277085120958 0
    outer loop
      vertex 149.89186500012875 37.59724500030279 0
      vertex 149.93307200074196 37.58167199790478 1.5
      vertex 149.93307200074196 37.58167199790478 0
    endloop
  endfacet
  facet normal 0.3535180365240363 0.9354277085120958 0
    outer loop
      vertex 149.89186500012875 37.59724500030279 0
      vertex 149.89186500012875 37.59724500030279 1.5
      vertex 149.93307200074196 37.58167199790478 1.5
    endloop
  endfacet
  facet normal 0.39438759778203014 0.9189441891190779 0
    outer loop
      vertex 149.73131500184536 37.666148997843266 0
      vertex 149.89186500012875 37.59724500030279 1.5
      vertex 149.89186500012875 37.59724500030279 0
    endloop
  endfacet
  facet normal 0.39438759778203014 0.9189441891190779 0
    outer loop
      vertex 149.73131500184536 37.666148997843266 0
      vertex 149.73131500184536 37.666148997843266 1.5
      vertex 149.89186500012875 37.59724500030279 1.5
    endloop
  endfacet
  facet normal 0.4385333203343594 0.8987149308632422 0
    outer loop
      vertex 149.71014299988747 37.67648000270128 0
      vertex 149.73131500184536 37.666148997843266 1.5
      vertex 149.73131500184536 37.666148997843266 0
    endloop
  endfacet
  facet normal 0.4385333203343594 0.8987149308632422 0
    outer loop
      vertex 149.71014299988747 37.67648000270128 0
      vertex 149.71014299988747 37.67648000270128 1.5
      vertex 149.73131500184536 37.666148997843266 1.5
    endloop
  endfacet
  facet normal 0.9988222539296756 0.04851912050771782 0
    outer loop
      vertex 149.7089999988675 37.70001000165939 0
      vertex 149.71014299988747 37.67648000270128 1.5
      vertex 149.71014299988747 37.67648000270128 0
    endloop
  endfacet
  facet normal 0.9988222539296756 0.04851912050771782 0
    outer loop
      vertex 149.7089999988675 37.70001000165939 0
      vertex 149.7089999988675 37.70001000165939 1.5
      vertex 149.71014299988747 37.67648000270128 1.5
    endloop
  endfacet
  facet normal 1 0 0
    outer loop
      vertex 149.7089999988675 63.18765400350094 0
      vertex 149.7089999988675 37.70001000165939 1.5
      vertex 149.7089999988675 37.70001000165939 0
    endloop
  endfacet
  facet normal 1 0 0
    outer loop
      vertex 149.7089999988675 63.18765400350094 0
      vertex 149.7089999988675 63.18765400350094 1.5
      vertex 149.7089999988675 37.70001000165939 1.5
    endloop
  endfacet
  facet normal 0.9988222539296756 -0.04851912050771782 0
    outer loop
      vertex 149.71014299988747 63.21118400245905 0
      vertex 149.7089999988675 63.18765400350094 1.5
      vertex 149.7089999988675 63.18765400350094 0
    endloop
  endfacet
  facet normal 0.9988222539296756 -0.04851912050771782 0
    outer loop
      vertex 149.71014299988747 63.21118400245905 0
      vertex 149.71014299988747 63.21118400245905 1.5
      vertex 149.7089999988675 63.18765400350094 1.5
    endloop
  endfacet
  facet normal 0.4385330648912731 -0.8987150555081774 0
    outer loop
      vertex 149.73131500184536 63.221514999866486 0
      vertex 149.71014299988747 63.21118400245905 1.5
      vertex 149.71014299988747 63.21118400245905 0
    endloop
  endfacet
  facet normal 0.4385330648912731 -0.8987150555081774 0
    outer loop
      vertex 149.73131500184536 63.221514999866486 0
      vertex 149.73131500184536 63.221514999866486 1.5
      vertex 149.71014299988747 63.21118400245905 1.5
    endloop
  endfacet
  facet normal 0.39438759778203014 -0.9189441891190779 0
    outer loop
      vertex 149.89186500012875 63.29041899740696 0
      vertex 149.73131500184536 63.221514999866486 1.5
      vertex 149.73131500184536 63.221514999866486 0
    endloop
  endfacet
  facet normal 0.39438759778203014 -0.9189441891190779 0
    outer loop
      vertex 149.89186500012875 63.29041899740696 0
      vertex 149.89186500012875 63.29041899740696 1.5
      vertex 149.73131500184536 63.221514999866486 1.5
    endloop
  endfacet
  facet normal 0.3535180365240363 -0.9354277085120958 0
    outer loop
      vertex 149.93307200074196 63.305991999804974 0
      vertex 149.89186500012875 63.29041899740696 1.5
      vertex 149.89186500012875 63.29041899740696 0
    endloop
  endfacet
  facet normal 0.3535180365240363 -0.9354277085120958 0
    outer loop
      vertex 149.93307200074196 63.305991999804974 0
      vertex 149.93307200074196 63.305991999804974 1.5
      vertex 149.89186500012875 63.29041899740696 1.5
    endloop
  endfacet
  facet normal 0.3119316104825401 -0.9501045576049874 0
    outer loop
      vertex 150.24021799862385 63.40683200210333 0
      vertex 149.93307200074196 63.305991999804974 1.5
      vertex 149.93307200074196 63.305991999804974 0
    endloop
  endfacet
  facet normal 0.3119316104825401 -0.9501045576049874 0
    outer loop
      vertex 150.24021799862385 63.40683200210333 0
      vertex 150.24021799862385 63.40683200210333 1.5
      vertex 149.93307200074196 63.305991999804974 1.5
    endloop
  endfacet
  facet normal 0.2868868803515735 -0.957964465876549 0
    outer loop
      vertex 150.26538199931383 63.414368003606796 0
      vertex 150.24021799862385 63.40683200210333 1.5
      vertex 150.24021799862385 63.40683200210333 0
    endloop
  endfacet
  facet normal 0.2868868803515735 -0.957964465876549 0
    outer loop
      vertex 150.26538199931383 63.414368003606796 0
      vertex 150.26538199931383 63.414368003606796 1.5
      vertex 150.24021799862385 63.40683200210333 1.5
    endloop
  endfacet
  facet normal 0.26159364408253405 -0.9651781003398391 0
    outer loop
      vertex 150.62557999789715 63.51199299842119 0
      vertex 150.26538199931383 63.414368003606796 1.5
      vertex 150.26538199931383 63.414368003606796 0
    endloop
  endfacet
  facet normal 0.26159364408253405 -0.9651781003398391 0
    outer loop
      vertex 150.62557999789715 63.51199299842119 0
      vertex 150.62557999789715 63.51199299842119 1.5
      vertex 150.26538199931383 63.414368003606796 1.5
    endloop
  endfacet
  facet normal 0.24710784400791588 -0.9689879841513823 0
    outer loop
      vertex 150.64013200253248 63.51570399850607 0
      vertex 150.62557999789715 63.51199299842119 1.5
      vertex 150.62557999789715 63.51199299842119 0
    endloop
  endfacet
  facet normal 0.24710784400791588 -0.9689879841513823 0
    outer loop
      vertex 150.64013200253248 63.51570399850607 0
      vertex 150.64013200253248 63.51570399850607 1.5
      vertex 150.62557999789715 63.51199299842119 1.5
    endloop
  endfacet
  facet normal 0.23248939150914044 -0.9725989321584256 0
    outer loop
      vertex 151.03597900271416 63.61032699793577 0
      vertex 150.64013200253248 63.51570399850607 1.5
      vertex 150.64013200253248 63.51570399850607 0
    endloop
  endfacet
  facet normal 0.23248939150914044 -0.9725989321584256 0
    outer loop
      vertex 151.03597900271416 63.61032699793577 0
      vertex 151.03597900271416 63.61032699793577 1.5
      vertex 150.64013200253248 63.51570399850607 1.5
    endloop
  endfacet
  facet normal 0.21914698507134958 -0.975691856548028 0
    outer loop
      vertex 151.87196899950504 63.798096001148224 0
      vertex 151.03597900271416 63.61032699793577 1.5
      vertex 151.03597900271416 63.61032699793577 0
    endloop
  endfacet
  facet normal 0.21914698507134958 -0.975691856548028 0
    outer loop
      vertex 151.87196899950504 63.798096001148224 0
      vertex 151.87196899950504 63.798096001148224 1.5
      vertex 151.03597900271416 63.61032699793577 1.5
    endloop
  endfacet
  facet normal 0.2322640046400723 -0.9726527808774088 0
    outer loop
      vertex 152.27056299895048 63.89327800273895 0
      vertex 151.87196899950504 63.798096001148224 1.5
      vertex 151.87196899950504 63.798096001148224 0
    endloop
  endfacet
  facet normal 0.2322640046400723 -0.9726527808774088 0
    outer loop
      vertex 152.27056299895048 63.89327800273895 0
      vertex 152.27056299895048 63.89327800273895 1.5
      vertex 151.87196899950504 63.798096001148224 1.5
    endloop
  endfacet
  facet normal 0.2470839688602393 -0.9689940723927428 0
    outer loop
      vertex 152.29967000335455 63.90070000290871 0
      vertex 152.27056299895048 63.89327800273895 1.5
      vertex 152.27056299895048 63.89327800273895 0
    endloop
  endfacet
  facet normal 0.2470839688602393 -0.9689940723927428 0
    outer loop
      vertex 152.29967000335455 63.90070000290871 0
      vertex 152.29967000335455 63.90070000290871 1.5
      vertex 152.27056299895048 63.89327800273895 1.5
    endloop
  endfacet
  facet normal 0.26159704091603647 -0.9651771796846286 0
    outer loop
      vertex 152.63993199914694 63.99292299896479 0
      vertex 152.29967000335455 63.90070000290871 1.5
      vertex 152.29967000335455 63.90070000290871 0
    endloop
  endfacet
  facet normal 0.26159704091603647 -0.9651771796846286 0
    outer loop
      vertex 152.63993199914694 63.99292299896479 0
      vertex 152.63993199914694 63.99292299896479 1.5
      vertex 152.29967000335455 63.90070000290871 1.5
    endloop
  endfacet
  facet normal 0.286852021275833 -0.9579749046243169 0
    outer loop
      vertex 152.69026999920607 64.00799600034952 0
      vertex 152.63993199914694 63.99292299896479 1.5
      vertex 152.63993199914694 63.99292299896479 0
    endloop
  endfacet
  facet normal 0.286852021275833 -0.9579749046243169 0
    outer loop
      vertex 152.69026999920607 64.00799600034952 0
      vertex 152.69026999920607 64.00799600034952 1.5
      vertex 152.63993199914694 63.99292299896479 1.5
    endloop
  endfacet
  facet normal 0.31193484269872723 -0.9501034964205323 0
    outer loop
      vertex 152.9639599993825 64.09785299748182 0
      vertex 152.69026999920607 64.00799600034952 1.5
      vertex 152.69026999920607 64.00799600034952 0
    endloop
  endfacet
  facet normal 0.31193484269872723 -0.9501034964205323 0
    outer loop
      vertex 152.9639599993825 64.09785299748182 0
      vertex 152.9639599993825 64.09785299748182 1.5
      vertex 152.69026999920607 64.00799600034952 1.5
    endloop
  endfacet
  facet normal 0.3534994469713616 -0.9354347336885357 0
    outer loop
      vertex 153.04641599953175 64.12901300191879 0
      vertex 152.9639599993825 64.09785299748182 1.5
      vertex 152.9639599993825 64.09785299748182 0
    endloop
  endfacet
  facet normal 0.3534994469713616 -0.9354347336885357 0
    outer loop
      vertex 153.04641599953175 64.12901300191879 0
      vertex 153.04641599953175 64.12901300191879 1.5
      vertex 152.9639599993825 64.09785299748182 1.5
    endloop
  endfacet
  facet normal 0.3943903341614721 -0.918943014729424 0
    outer loop
      vertex 153.10339000076056 64.15346500277519 0
      vertex 153.04641599953175 64.12901300191879 1.5
      vertex 153.04641599953175 64.12901300191879 0
    endloop
  endfacet
  facet normal 0.3943903341614721 -0.918943014729424 0
    outer loop
      vertex 153.10339000076056 64.15346500277519 0
      vertex 153.10339000076056 64.15346500277519 1.5
      vertex 153.04641599953175 64.12901300191879 1.5
    endloop
  endfacet
  facet normal 0.438535641023664 -0.8987137984653202 0
    outer loop
      vertex 153.1906350031495 64.19603700190783 0
      vertex 153.10339000076056 64.15346500277519 1.5
      vertex 153.10339000076056 64.15346500277519 0
    endloop
  endfacet
  facet normal 0.438535641023664 -0.8987137984653202 0
    outer loop
      vertex 153.1906350031495 64.19603700190783 0
      vertex 153.1906350031495 64.19603700190783 1.5
      vertex 153.10339000076056 64.15346500277519 1.5
    endloop
  endfacet
  facet normal 0.5235996319999342 -0.851964450766306 0
    outer loop
      vertex 153.2733419984579 64.24686700105667 0
      vertex 153.1906350031495 64.19603700190783 1.5
      vertex 153.1906350031495 64.19603700190783 0
    endloop
  endfacet
  facet normal 0.5235996319999342 -0.851964450766306 0
    outer loop
      vertex 153.2733419984579 64.24686700105667 0
      vertex 153.2733419984579 64.24686700105667 1.5
      vertex 153.1906350031495 64.19603700190783 1.5
    endloop
  endfacet
  facet normal 0.6037511512989806 -0.7971728465678917 0
    outer loop
      vertex 153.35073000192642 64.30547799915075 0
      vertex 153.2733419984579 64.24686700105667 1.5
      vertex 153.2733419984579 64.24686700105667 0
    endloop
  endfacet
  facet normal 0.6037511512989806 -0.7971728465678917 0
    outer loop
      vertex 153.35073000192642 64.30547799915075 0
      vertex 153.35073000192642 64.30547799915075 1.5
      vertex 153.2733419984579 64.24686700105667 1.5
    endloop
  endfacet
  facet normal 0.6782005573280641 -0.7348768631817874 0
    outer loop
      vertex 153.42206999659538 64.3713160008192 0
      vertex 153.35073000192642 64.30547799915075 1.5
      vertex 153.35073000192642 64.30547799915075 0
    endloop
  endfacet
  facet normal 0.6782005573280641 -0.7348768631817874 0
    outer loop
      vertex 153.42206999659538 64.3713160008192 0
      vertex 153.42206999659538 64.3713160008192 1.5
      vertex 153.35073000192642 64.30547799915075 1.5
    endloop
  endfacet
  facet normal 0.7462550325869037 -0.6656601432703624 0
    outer loop
      vertex 153.4866909980774 64.44376099854708 0
      vertex 153.42206999659538 64.3713160008192 1.5
      vertex 153.42206999659538 64.3713160008192 0
    endloop
  endfacet
  facet normal 0.7462550325869037 -0.6656601432703624 0
    outer loop
      vertex 153.4866909980774 64.44376099854708 0
      vertex 153.4866909980774 64.44376099854708 1.5
      vertex 153.42206999659538 64.3713160008192 1.5
    endloop
  endfacet
  facet normal 0.8072899601863837 -0.5901549967443019 0
    outer loop
      vertex 153.54398199915886 64.52213100343943 0
      vertex 153.4866909980774 64.44376099854708 1.5
      vertex 153.4866909980774 64.44376099854708 0
    endloop
  endfacet
  facet normal 0.8072899601863837 -0.5901549967443019 0
    outer loop
      vertex 153.54398199915886 64.52213100343943 0
      vertex 153.54398199915886 64.52213100343943 1.5
      vertex 153.4866909980774 64.44376099854708 1.5
    endloop
  endfacet
  facet normal 0.8607098681164926 -0.509095789539542 0
    outer loop
      vertex 153.59340400248766 64.60568699985743 0
      vertex 153.54398199915886 64.52213100343943 1.5
      vertex 153.54398199915886 64.52213100343943 0
    endloop
  endfacet
  facet normal 0.8607098681164926 -0.509095789539542 0
    outer loop
      vertex 153.59340400248766 64.60568699985743 0
      vertex 153.59340400248766 64.60568699985743 1.5
      vertex 153.54398199915886 64.52213100343943 1.5
    endloop
  endfacet
  facet normal 0.9060141158137384 -0.42324747128157747 0
    outer loop
      vertex 153.63449200242758 64.69364099949598 0
      vertex 153.59340400248766 64.60568699985743 1.5
      vertex 153.59340400248766 64.60568699985743 0
    endloop
  endfacet
  facet normal 0.9060141158137384 -0.42324747128157747 0
    outer loop
      vertex 153.63449200242758 64.69364099949598 0
      vertex 153.63449200242758 64.69364099949598 1.5
      vertex 153.59340400248766 64.60568699985743 1.5
    endloop
  endfacet
  facet normal 0.9427884031596369 -0.333391701857893 0
    outer loop
      vertex 153.66685699671507 64.78516499698162 0
      vertex 153.63449200242758 64.69364099949598 1.5
      vertex 153.63449200242758 64.69364099949598 0
    endloop
  endfacet
  facet normal 0.9427884031596369 -0.333391701857893 0
    outer loop
      vertex 153.66685699671507 64.78516499698162 0
      vertex 153.66685699671507 64.78516499698162 1.5
      vertex 153.63449200242758 64.69364099949598 1.5
    endloop
  endfacet
  facet normal 0.9706697776585689 -0.24041668565277324 0
    outer loop
      vertex 153.69019600003958 64.87939500063658 0
      vertex 153.66685699671507 64.78516499698162 1.5
      vertex 153.66685699671507 64.78516499698162 0
    endloop
  endfacet
  facet normal 0.9706697776585689 -0.24041668565277324 0
    outer loop
      vertex 153.69019600003958 64.87939500063658 0
      vertex 153.69019600003958 64.87939500063658 1.5
      vertex 153.66685699671507 64.78516499698162 1.5
    endloop
  endfacet
  facet normal 0.9894080140157748 -0.14516122692151714 0
    outer loop
      vertex 153.70428799837828 64.97544500231743 0
      vertex 153.69019600003958 64.87939500063658 1.5
      vertex 153.69019600003958 64.87939500063658 0
    endloop
  endfacet
  facet normal 0.9894080140157748 -0.14516122692151714 0
    outer loop
      vertex 153.70428799837828 64.97544500231743 0
      vertex 153.70428799837828 64.97544500231743 1.5
      vertex 153.69019600003958 64.87939500063658 1.5
    endloop
  endfacet
  facet normal 0.9988213325163325 -0.04853808515277359 0
    outer loop
      vertex 153.7089999988675 65.07240899652243 0
      vertex 153.70428799837828 64.97544500231743 1.5
      vertex 153.70428799837828 64.97544500231743 0
    endloop
  endfacet
  facet normal 0.9988213325163325 -0.04853808515277359 0
    outer loop
      vertex 153.7089999988675 65.07240899652243 0
      vertex 153.7089999988675 65.07240899652243 1.5
      vertex 153.70428799837828 64.97544500231743 1.5
    endloop
  endfacet
  facet normal 1 0 0
    outer loop
      vertex 153.7089999988675 74.3383200019598 0
      vertex 153.7089999988675 65.07240899652243 1.5
      vertex 153.7089999988675 65.07240899652243 0
    endloop
  endfacet
  facet normal 1 0 0
    outer loop
      vertex 153.7089999988675 74.3383200019598 0
      vertex 153.7089999988675 74.3383200019598 1.5
      vertex 153.7089999988675 65.07240899652243 1.5
    endloop
  endfacet
  facet normal 0.9988213082868467 0.04853858374687032 0
    outer loop
      vertex 153.70428799837828 74.435282997787 0
      vertex 153.7089999988675 74.3383200019598 1.5
      vertex 153.7089999988675 74.3383200019598 0
    endloop
  endfacet
  facet normal 0.9988213082868467 0.04853858374687032 0
    outer loop
      vertex 153.70428799837828 74.435282997787 0
      vertex 153.70428799837828 74.435282997787 1.5
      vertex 153.7089999988675 74.3383200019598 1.5
    endloop
  endfacet
  facet normal 0.9894080140157748 0.14516122692151714 0
    outer loop
      vertex 153.69019600003958 74.53133299946785 0
      vertex 153.70428799837828 74.435282997787 1.5
      vertex 153.70428799837828 74.435282997787 0
    endloop
  endfacet
  facet normal 0.9894080140157748 0.14516122692151714 0
    outer loop
      vertex 153.69019600003958 74.53133299946785 0
      vertex 153.69019600003958 74.53133299946785 1.5
      vertex 153.70428799837828 74.435282997787 1.5
    endloop
  endfacet
  facet normal 0.9706703720874796 0.2404142856644626 0
    outer loop
      vertex 153.66685699671507 74.6255640015006 0
      vertex 153.69019600003958 74.53133299946785 1.5
      vertex 153.69019600003958 74.53133299946785 0
    endloop
  endfacet
  facet normal 0.9706703720874796 0.2404142856644626 0
    outer loop
      vertex 153.66685699671507 74.6255640015006 0
      vertex 153.66685699671507 74.6255640015006 1.5
      vertex 153.69019600003958 74.53133299946785 1.5
    endloop
  endfacet
  facet normal 0.9427872600442907 0.3333949344218941 0
    outer loop
      vertex 153.63449200242758 74.71708700060844 0
      vertex 153.66685699671507 74.6255640015006 1.5
      vertex 153.66685699671507 74.6255640015006 0
    endloop
  endfacet
  facet normal 0.9427872600442907 0.3333949344218941 0
    outer loop
      vertex 153.63449200242758 74.71708700060844 0
      vertex 153.63449200242758 74.71708700060844 1.5
      vertex 153.66685699671507 74.6255640015006 1.5
    endloop
  endfacet
  facet normal 0.9060159580993503 0.42324352761656764 0
    outer loop
      vertex 153.59340400248766 74.8050419986248 0
      vertex 153.63449200242758 74.71708700060844 1.5
      vertex 153.63449200242758 74.71708700060844 0
    endloop
  endfacet
  facet normal 0.9060159580993503 0.42324352761656764 0
    outer loop
      vertex 153.59340400248766 74.8050419986248 0
      vertex 153.59340400248766 74.8050419986248 1.5
      vertex 153.63449200242758 74.71708700060844 1.5
    endloop
  endfacet
  facet normal 0.8607072026154794 0.5091002959789319 0
    outer loop
      vertex 153.54398199915886 74.888596996665 0
      vertex 153.59340400248766 74.8050419986248 1.5
      vertex 153.59340400248766 74.8050419986248 0
    endloop
  endfacet
  facet normal 0.8607072026154794 0.5091002959789319 0
    outer loop
      vertex 153.54398199915886 74.888596996665 0
      vertex 153.54398199915886 74.888596996665 1.5
      vertex 153.59340400248766 74.8050419986248 1.5
    endloop
  endfacet
  facet normal 0.8072899601863837 0.5901549967443019 0
    outer loop
      vertex 153.4866909980774 74.96696700155735 0
      vertex 153.54398199915886 74.888596996665 1.5
      vertex 153.54398199915886 74.888596996665 0
    endloop
  endfacet
  facet normal 0.8072899601863837 0.5901549967443019 0
    outer loop
      vertex 153.4866909980774 74.96696700155735 0
      vertex 153.4866909980774 74.96696700155735 1.5
      vertex 153.54398199915886 74.888596996665 1.5
    endloop
  endfacet
  facet normal 0.7462550325869037 0.6656601432703624 0
    outer loop
      vertex 153.42206999659538 75.03941199928522 0
      vertex 153.4866909980774 74.96696700155735 1.5
      vertex 153.4866909980774 74.96696700155735 0
    endloop
  endfacet
  facet normal 0.7462550325869037 0.6656601432703624 0
    outer loop
      vertex 153.42206999659538 75.03941199928522 0
      vertex 153.42206999659538 75.03941199928522 1.5
      vertex 153.4866909980774 74.96696700155735 1.5
    endloop
  endfacet
  facet normal 0.6782061112659972 0.7348717375443512 0
    outer loop
      vertex 153.35073000192642 75.10525099933147 0
      vertex 153.42206999659538 75.03941199928522 1.5
      vertex 153.42206999659538 75.03941199928522 0
    endloop
  endfacet
  facet normal 0.6782061112659972 0.7348717375443512 0
    outer loop
      vertex 153.35073000192642 75.10525099933147 0
      vertex 153.35073000192642 75.10525099933147 1.5
      vertex 153.42206999659538 75.03941199928522 1.5
    endloop
  endfacet
  facet normal 0.603744615738926 0.7971777963329488 0
    outer loop
      vertex 153.2733419984579 75.16386099904776 0
      vertex 153.35073000192642 75.10525099933147 1.5
      vertex 153.35073000192642 75.10525099933147 0
    endloop
  endfacet
  facet normal 0.603744615738926 0.7971777963329488 0
    outer loop
      vertex 153.2733419984579 75.16386099904776 0
      vertex 153.2733419984579 75.16386099904776 1.5
      vertex 153.35073000192642 75.10525099933147 1.5
    endloop
  endfacet
  facet normal 0.5236070967210177 0.8519598630589278 0
    outer loop
      vertex 153.1906350031495 75.2146919965744 0
      vertex 153.2733419984579 75.16386099904776 1.5
      vertex 153.2733419984579 75.16386099904776 0
    endloop
  endfacet
  facet normal 0.5236070967210177 0.8519598630589278 0
    outer loop
      vertex 153.1906350031495 75.2146919965744 0
      vertex 153.1906350031495 75.2146919965744 1.5
      vertex 153.2733419984579 75.16386099904776 1.5
    endloop
  endfacet
  facet normal 0.43852733445759506 0.8987178516828942 0
    outer loop
      vertex 153.10339000076056 75.25726299732924 0
      vertex 153.1906350031495 75.2146919965744 1.5
      vertex 153.1906350031495 75.2146919965744 0
    endloop
  endfacet
  facet normal 0.43852733445759506 0.8987178516828942 0
    outer loop
      vertex 153.10339000076056 75.25726299732924 0
      vertex 153.10339000076056 75.25726299732924 1.5
      vertex 153.1906350031495 75.2146919965744 1.5
    endloop
  endfacet
  facet normal 0.3943903341614721 0.918943014729424 0
    outer loop
      vertex 153.04641599953175 75.28171499818563 0
      vertex 153.10339000076056 75.25726299732924 1.5
      vertex 153.10339000076056 75.25726299732924 0
    endloop
  endfacet
  facet normal 0.3943903341614721 0.918943014729424 0
    outer loop
      vertex 153.04641599953175 75.28171499818563 0
      vertex 153.04641599953175 75.28171499818563 1.5
      vertex 153.10339000076056 75.25726299732924 1.5
    endloop
  endfacet
  facet normal 0.35350935781258097 0.935430988335824 0
    outer loop
      vertex 152.9639599993825 75.3128760010004 0
      vertex 153.04641599953175 75.28171499818563 1.5
      vertex 153.04641599953175 75.28171499818563 0
    endloop
  endfacet
  facet normal 0.35350935781258097 0.935430988335824 0
    outer loop
      vertex 152.9639599993825 75.3128760010004 0
      vertex 152.9639599993825 75.3128760010004 1.5
      vertex 153.04641599953175 75.28171499818563 1.5
    endloop
  endfacet
  facet normal 0.3119317141030651 0.9501045235850231 0
    outer loop
      vertex 152.69026999920607 75.4027319997549 0
      vertex 152.9639599993825 75.3128760010004 1.5
      vertex 152.9639599993825 75.3128760010004 0
    endloop
  endfacet
  facet normal 0.3119317141030651 0.9501045235850231 0
    outer loop
      vertex 152.69026999920607 75.4027319997549 0
      vertex 152.69026999920607 75.4027319997549 1.5
      vertex 152.9639599993825 75.3128760010004 1.5
    endloop
  endfacet
  facet normal 0.28686945771524136 0.9579696833565053 0
    outer loop
      vertex 152.63993199914694 75.41780599951744 0
      vertex 152.69026999920607 75.4027319997549 1.5
      vertex 152.69026999920607 75.4027319997549 0
    endloop
  endfacet
  facet normal 0.28686945771524136 0.9579696833565053 0
    outer loop
      vertex 152.63993199914694 75.41780599951744 0
      vertex 152.63993199914694 75.41780599951744 1.5
      vertex 152.69026999920607 75.4027319997549 1.5
    endloop
  endfacet
  facet normal 0.2615970606038643 0.9651771743485328 0
    outer loop
      vertex 152.29967000335455 75.5100290030241 0
      vertex 152.63993199914694 75.41780599951744 1.5
      vertex 152.63993199914694 75.41780599951744 0
    endloop
  endfacet
  facet normal 0.2615970606038643 0.9651771743485328 0
    outer loop
      vertex 152.29967000335455 75.5100290030241 0
      vertex 152.29967000335455 75.5100290030241 1.5
      vertex 152.63993199914694 75.41780599951744 1.5
    endloop
  endfacet
  facet normal 0.24705252794899657 0.9690020889729859 0
    outer loop
      vertex 152.27056299895048 75.51744999736547 0
      vertex 152.29967000335455 75.5100290030241 1.5
      vertex 152.29967000335455 75.5100290030241 0
    endloop
  endfacet
  facet normal 0.24705252794899657 0.9690020889729859 0
    outer loop
      vertex 152.27056299895048 75.51744999736547 0
      vertex 152.27056299895048 75.51744999736547 1.5
      vertex 152.29967000335455 75.5100290030241 1.5
    endloop
  endfacet
  facet normal 0.23249066068559004 0.9725986287744693 0
    outer loop
      vertex 151.88536500185728 75.60952799767256 0
      vertex 152.27056299895048 75.51744999736547 1.5
      vertex 152.27056299895048 75.51744999736547 0
    endloop
  endfacet
  facet normal 0.23249066068559004 0.9725986287744693 0
    outer loop
      vertex 151.88536500185728 75.60952799767256 0
      vertex 151.88536500185728 75.60952799767256 1.5
      vertex 152.27056299895048 75.51744999736547 1.5
    endloop
  endfacet
  facet normal 0.21919918471381228 0.9756801306887416 0
    outer loop
      vertex 151.04267600178719 75.79884900152683 0
      vertex 151.88536500185728 75.60952799767256 1.5
      vertex 151.88536500185728 75.60952799767256 0
    endloop
  endfacet
  facet normal 0.21919918471381228 0.9756801306887416 0
    outer loop
      vertex 151.04267600178719 75.79884900152683 0
      vertex 151.04267600178719 75.79884900152683 1.5
      vertex 151.88536500185728 75.60952799767256 1.5
    endloop
  endfacet
  facet normal 0.23238003081563316 0.9726250671652079 0
    outer loop
      vertex 150.64013200253248 75.89502499997616 0
      vertex 151.04267600178719 75.79884900152683 1.5
      vertex 151.04267600178719 75.79884900152683 0
    endloop
  endfacet
  facet normal 0.23238003081563316 0.9726250671652079 0
    outer loop
      vertex 150.64013200253248 75.89502499997616 0
      vertex 150.64013200253248 75.89502499997616 1.5
      vertex 151.04267600178719 75.79884900152683 1.5
    endloop
  endfacet
  facet normal 0.247045421966584 0.9690039006553856 0
    outer loop
      vertex 150.62557999789715 75.89873500168324 0
      vertex 150.64013200253248 75.89502499997616 1.5
      vertex 150.64013200253248 75.89502499997616 0
    endloop
  endfacet
  facet normal 0.247045421966584 0.9690039006553856 0
    outer loop
      vertex 150.62557999789715 75.89873500168324 0
      vertex 150.62557999789715 75.89873500168324 1.5
      vertex 150.64013200253248 75.89502499997616 1.5
    endloop
  endfacet
  facet normal 0.26159615483853194 0.9651774198424324 0
    outer loop
      vertex 150.26538199931383 75.99636100232601 0
      vertex 150.62557999789715 75.89873500168324 1.5
      vertex 150.62557999789715 75.89873500168324 0
    endloop
  endfacet
  facet normal 0.26159615483853194 0.9651774198424324 0
    outer loop
      vertex 150.26538199931383 75.99636100232601 0
      vertex 150.26538199931383 75.99636100232601 1.5
      vertex 150.62557999789715 75.89873500168324 1.5
    endloop
  endfacet
  facet normal 0.2868517405299291 0.9579749886896578 0
    outer loop
      vertex 150.24021799862385 76.0038959980011 0
      vertex 150.26538199931383 75.99636100232601 1.5
      vertex 150.26538199931383 75.99636100232601 0
    endloop
  endfacet
  facet normal 0.2868517405299291 0.9579749886896578 0
    outer loop
      vertex 150.24021799862385 76.0038959980011 0
      vertex 150.24021799862385 76.0038959980011 1.5
      vertex 150.26538199931383 75.99636100232601 1.5
    endloop
  endfacet
  facet normal 0.31193439829549047 0.9501036423254204 0
    outer loop
      vertex 149.93307200074196 76.10473699867725 0
      vertex 150.24021799862385 76.0038959980011 1.5
      vertex 150.24021799862385 76.0038959980011 0
    endloop
  endfacet
  facet normal 0.31193439829549047 0.9501036423254204 0
    outer loop
      vertex 149.93307200074196 76.10473699867725 0
      vertex 149.93307200074196 76.10473699867725 1.5
      vertex 150.24021799862385 76.0038959980011 1.5
    endloop
  endfacet
  facet normal 0.3535180365240363 0.9354277085120958 0
    outer loop
      vertex 149.89186500012875 76.12031000107527 0
      vertex 149.93307200074196 76.10473699867725 1.5
      vertex 149.93307200074196 76.10473699867725 0
    endloop
  endfacet
  facet normal 0.3535180365240363 0.9354277085120958 0
    outer loop
      vertex 149.89186500012875 76.12031000107527 0
      vertex 149.89186500012875 76.12031000107527 1.5
      vertex 149.93307200074196 76.10473699867725 1.5
    endloop
  endfacet
  facet normal 0.39438759778203014 0.9189441891190779 0
    outer loop
      vertex 149.73131500184536 76.18921399861574 0
      vertex 149.89186500012875 76.12031000107527 1.5
      vertex 149.89186500012875 76.12031000107527 0
    endloop
  endfacet
  facet normal 0.39438759778203014 0.9189441891190779 0
    outer loop
      vertex 149.73131500184536 76.18921399861574 0
      vertex 149.73131500184536 76.18921399861574 1.5
      vertex 149.89186500012875 76.12031000107527 1.5
    endloop
  endfacet
  facet normal 0.43849883455637356 0.898731757585489 0
    outer loop
      vertex 149.71014299988747 76.19954399764538 0
      vertex 149.73131500184536 76.18921399861574 1.5
      vertex 149.73131500184536 76.18921399861574 0
    endloop
  endfacet
  facet normal 0.43849883455637356 0.898731757585489 0
    outer loop
      vertex 149.71014299988747 76.19954399764538 0
      vertex 149.71014299988747 76.19954399764538 1.5
      vertex 149.73131500184536 76.18921399861574 1.5
    endloop
  endfacet
  facet normal 0.9988223544348096 0.048517051448985354 0
    outer loop
      vertex 149.7089999988675 76.22307500243187 0
      vertex 149.71014299988747 76.19954399764538 1.5
      vertex 149.71014299988747 76.19954399764538 0
    endloop
  endfacet
  facet normal 0.9988223544348096 0.048517051448985354 0
    outer loop
      vertex 149.7089999988675 76.22307500243187 0
      vertex 149.7089999988675 76.22307500243187 1.5
      vertex 149.71014299988747 76.19954399764538 1.5
    endloop
  endfacet
  facet normal 1 0 0
    outer loop
      vertex 149.7089999988675 102.28739000111818 0
      vertex 149.7089999988675 76.22307500243187 1.5
      vertex 149.7089999988675 76.22307500243187 0
    endloop
  endfacet
  facet normal 1 0 0
    outer loop
      vertex 149.7089999988675 102.28739000111818 0
      vertex 149.7089999988675 102.28739000111818 1.5
      vertex 149.7089999988675 76.22307500243187 1.5
    endloop
  endfacet
  facet normal 0.998795590590484 0.04906493877512149 0
    outer loop
      vertex 149.7041850015521 102.3854070007801 0
      vertex 149.7089999988675 102.28739000111818 1.5
      vertex 149.7089999988675 102.28739000111818 0
    endloop
  endfacet
  facet normal 0.998795590590484 0.04906493877512149 0
    outer loop
      vertex 149.7041850015521 102.3854070007801 0
      vertex 149.7041850015521 102.3854070007801 1.5
      vertex 149.7089999988675 102.28739000111818 1.5
    endloop
  endfacet
  facet normal 0.9891756534047083 0.14673624879820393 0
    outer loop
      vertex 149.6897850036621 102.48247999697924 0
      vertex 149.7041850015521 102.3854070007801 1.5
      vertex 149.7041850015521 102.3854070007801 0
    endloop
  endfacet
  facet normal 0.9891756534047083 0.14673624879820393 0
    outer loop
      vertex 149.6897850036621 102.48247999697924 0
      vertex 149.6897850036621 102.48247999697924 1.5
      vertex 149.7041850015521 102.3854070007801 1.5
    endloop
  endfacet
  facet normal 0.9700309043463009 0.24298157257927536 0
    outer loop
      vertex 149.66594000160694 102.5776740014553 0
      vertex 149.6897850036621 102.48247999697924 1.5
      vertex 149.6897850036621 102.48247999697924 0
    endloop
  endfacet
  facet normal 0.9700309043463009 0.24298157257927536 0
    outer loop
      vertex 149.66594000160694 102.5776740014553 0
      vertex 149.66594000160694 102.5776740014553 1.5
      vertex 149.6897850036621 102.48247999697924 1.5
    endloop
  endfacet
  facet normal 0.9415469479757952 0.3368817964174755 0
    outer loop
      vertex 149.6328800022602 102.67007300257683 0
      vertex 149.66594000160694 102.5776740014553 1.5
      vertex 149.66594000160694 102.5776740014553 0
    endloop
  endfacet
  facet normal 0.9415469479757952 0.3368817964174755 0
    outer loop
      vertex 149.6328800022602 102.67007300257683 0
      vertex 149.6328800022602 102.67007300257683 1.5
      vertex 149.66594000160694 102.5776740014553 1.5
    endloop
  endfacet
  facet normal 0.9039876888890959 0.42755848528236606 0
    outer loop
      vertex 149.5909209996462 102.75878699868917 0
      vertex 149.6328800022602 102.67007300257683 1.5
      vertex 149.6328800022602 102.67007300257683 0
    endloop
  endfacet
  facet normal 0.9039876888890959 0.42755848528236606 0
    outer loop
      vertex 149.5909209996462 102.75878699868917 0
      vertex 149.5909209996462 102.75878699868917 1.5
      vertex 149.6328800022602 102.67007300257683 1.5
    endloop
  endfacet
  facet normal 0.8577301936251087 0.514100102065574 0
    outer loop
      vertex 149.54046999663115 102.84296000003815 0
      vertex 149.5909209996462 102.75878699868917 1.5
      vertex 149.5909209996462 102.75878699868917 0
    endloop
  endfacet
  facet normal 0.8577301936251087 0.514100102065574 0
    outer loop
      vertex 149.54046999663115 102.84296000003815 0
      vertex 149.54046999663115 102.84296000003815 1.5
      vertex 149.5909209996462 102.75878699868917 1.5
    endloop
  endfacet
  facet normal 0.8032032603172153 0.5957050634464975 0
    outer loop
      vertex 149.48200999945402 102.92178300023079 0
      vertex 149.54046999663115 102.84296000003815 1.5
      vertex 149.54046999663115 102.84296000003815 0
    endloop
  endfacet
  facet normal 0.8032032603172153 0.5957050634464975 0
    outer loop
      vertex 149.48200999945402 102.92178300023079 0
      vertex 149.48200999945402 102.92178300023079 1.5
      vertex 149.54046999663115 102.84296000003815 1.5
    endloop
  endfacet
  facet normal 0.7409568466825369 0.671552642280761 0
    outer loop
      vertex 149.41610699892044 102.99449700117111 0
      vertex 149.48200999945402 102.92178300023079 1.5
      vertex 149.48200999945402 102.92178300023079 0
    endloop
  endfacet
  facet normal 0.7409568466825369 0.671552642280761 0
    outer loop
      vertex 149.41610699892044 102.99449700117111 0
      vertex 149.41610699892044 102.99449700117111 1.5
      vertex 149.48200999945402 102.92178300023079 1.5
    endloop
  endfacet
  facet normal 0.671552642280761 0.7409568466825369 0
    outer loop
      vertex 149.34339299798012 103.06040000170469 0
      vertex 149.41610699892044 102.99449700117111 1.5
      vertex 149.41610699892044 102.99449700117111 0
    endloop
  endfacet
  facet normal 0.671552642280761 0.7409568466825369 0
    outer loop
      vertex 149.34339299798012 103.06040000170469 0
      vertex 149.34339299798012 103.06040000170469 1.5
      vertex 149.41610699892044 102.99449700117111 1.5
    endloop
  endfacet
  facet normal 0.5956985001459758 0.8032081280240103 0
    outer loop
      vertex 149.26456999778748 103.11885900050402 0
      vertex 149.34339299798012 103.06040000170469 1.5
      vertex 149.34339299798012 103.06040000170469 0
    endloop
  endfacet
  facet normal 0.5956985001459758 0.8032081280240103 0
    outer loop
      vertex 149.26456999778748 103.11885900050402 0
      vertex 149.26456999778748 103.11885900050402 1.5
      vertex 149.34339299798012 103.06040000170469 1.5
    endloop
  endfacet
  facet normal 0.5141075867033986 0.8577257074927903 0
    outer loop
      vertex 149.1803969964385 103.16931100189686 0
      vertex 149.26456999778748 103.11885900050402 1.5
      vertex 149.26456999778748 103.11885900050402 0
    endloop
  endfacet
  facet normal 0.5141075867033986 0.8577257074927903 0
    outer loop
      vertex 149.1803969964385 103.16931100189686 0
      vertex 149.1803969964385 103.16931100189686 1.5
      vertex 149.26456999778748 103.11885900050402 1.5
    endloop
  endfacet
  facet normal 0.42755010956245487 0.9039916503005615 0
    outer loop
      vertex 149.09168300032616 103.2112689986825 0
      vertex 149.1803969964385 103.16931100189686 1.5
      vertex 149.1803969964385 103.16931100189686 0
    endloop
  endfacet
  facet normal 0.42755010956245487 0.9039916503005615 0
    outer loop
      vertex 149.09168300032616 103.2112689986825 0
      vertex 149.09168300032616 103.2112689986825 1.5
      vertex 149.1803969964385 103.16931100189686 1.5
    endloop
  endfacet
  facet normal 0.3368940422914839 0.941542566360387 0
    outer loop
      vertex 148.99928499758244 103.24432999640703 0
      vertex 149.09168300032616 103.2112689986825 1.5
      vertex 149.09168300032616 103.2112689986825 0
    endloop
  endfacet
  facet normal 0.3368940422914839 0.941542566360387 0
    outer loop
      vertex 148.99928499758244 103.24432999640703 0
      vertex 148.99928499758244 103.24432999640703 1.5
      vertex 149.09168300032616 103.2112689986825 1.5
    endloop
  endfacet
  facet normal 0.24297919260358483 0.9700315004997054 0
    outer loop
      vertex 148.90409000217915 103.2681749984622 0
      vertex 148.99928499758244 103.24432999640703 1.5
      vertex 148.99928499758244 103.24432999640703 0
    endloop
  endfacet
  facet normal 0.24297919260358483 0.9700315004997054 0
    outer loop
      vertex 148.90409000217915 103.2681749984622 0
      vertex 148.90409000217915 103.2681749984622 1.5
      vertex 148.99928499758244 103.24432999640703 1.5
    endloop
  endfacet
  facet normal 0.14673623777834843 0.9891756550394152 0
    outer loop
      vertex 148.80701699852943 103.2825749963522 0
      vertex 148.90409000217915 103.2681749984622 1.5
      vertex 148.90409000217915 103.2681749984622 0
    endloop
  endfacet
  facet normal 0.14673623777834843 0.9891756550394152 0
    outer loop
      vertex 148.80701699852943 103.2825749963522 0
      vertex 148.80701699852943 103.2825749963522 1.5
      vertex 148.90409000217915 103.2681749984622 1.5
    endloop
  endfacet
  facet normal 0.04906501451394581 0.9987955868698791 0
    outer loop
      vertex 148.7089999988675 103.28739000111818 0
      vertex 148.80701699852943 103.2825749963522 1.5
      vertex 148.80701699852943 103.2825749963522 0
    endloop
  endfacet
  facet normal 0.04906501451394581 0.9987955868698791 0
    outer loop
      vertex 148.7089999988675 103.28739000111818 0
      vertex 148.7089999988675 103.28739000111818 1.5
      vertex 148.80701699852943 103.2825749963522 1.5
    endloop
  endfacet
  facet normal 0 1 0
    outer loop
      vertex 146.13634599745274 103.28739000111818 0
      vertex 148.7089999988675 103.28739000111818 1.5
      vertex 148.7089999988675 103.28739000111818 0
    endloop
  endfacet
  facet normal 0 1 0
    outer loop
      vertex 146.13634599745274 103.28739000111818 0
      vertex 146.13634599745274 103.28739000111818 1.5
      vertex 148.7089999988675 103.28739000111818 1.5
    endloop
  endfacet
  facet normal 0.04886786182092363 0.9988052523295275 0
    outer loop
      vertex 146.11259599775076 103.28855200111866 0
      vertex 146.13634599745274 103.28739000111818 1.5
      vertex 146.13634599745274 103.28739000111818 0
    endloop
  endfacet
  facet normal 0.04886786182092363 0.9988052523295275 0
    outer loop
      vertex 146.11259599775076 103.28855200111866 0
      vertex 146.11259599775076 103.28855200111866 1.5
      vertex 146.13634599745274 103.28739000111818 1.5
    endloop
  endfacet
  facet normal 0.8807032353767206 0.473668461264814 0
    outer loop
      vertex 146.06845200061798 103.3706300035119 0
      vertex 146.11259599775076 103.28855200111866 1.5
      vertex 146.11259599775076 103.28855200111866 0
    endloop
  endfacet
  facet normal 0.8807032353767206 0.473668461264814 0
    outer loop
      vertex 146.06845200061798 103.3706300035119 0
      vertex 146.06845200061798 103.3706300035119 1.5
      vertex 146.11259599775076 103.28855200111866 1.5
    endloop
  endfacet
  facet normal 0.832073068609147 0.554666033298739 0
    outer loop
      vertex 146.0160539969802 103.44923400133848 0
      vertex 146.06845200061798 103.3706300035119 1.5
      vertex 146.06845200061798 103.3706300035119 0
    endloop
  endfacet
  facet normal 0.832073068609147 0.554666033298739 0
    outer loop
      vertex 146.0160539969802 103.44923400133848 0
      vertex 146.0160539969802 103.44923400133848 1.5
      vertex 146.06845200061798 103.3706300035119 1.5
    endloop
  endfacet
  facet normal 0.7760288298080339 0.6306974356272377 0
    outer loop
      vertex 145.95647399872541 103.5225429981947 0
      vertex 146.0160539969802 103.44923400133848 1.5
      vertex 146.0160539969802 103.44923400133848 0
    endloop
  endfacet
  facet normal 0.7760288298080339 0.6306974356272377 0
    outer loop
      vertex 145.95647399872541 103.5225429981947 0
      vertex 145.95647399872541 103.5225429981947 1.5
      vertex 146.0160539969802 103.44923400133848 1.5
    endloop
  endfacet
  facet normal 0.7130467246469822 0.7011165156164921 0
    outer loop
      vertex 145.89024200290442 103.5899019986391 0
      vertex 145.95647399872541 103.5225429981947 1.5
      vertex 145.95647399872541 103.5225429981947 0
    endloop
  endfacet
  facet normal 0.7130467246469822 0.7011165156164921 0
    outer loop
      vertex 145.89024200290442 103.5899019986391 0
      vertex 145.89024200290442 103.5899019986391 1.5
      vertex 145.95647399872541 103.5225429981947 1.5
    endloop
  endfacet
  facet normal 0.6437063087798736 0.7652726233421591 0
    outer loop
      vertex 145.81794899702072 103.65071099996567 0
      vertex 145.89024200290442 103.5899019986391 1.5
      vertex 145.89024200290442 103.5899019986391 0
    endloop
  endfacet
  facet normal 0.6437063087798736 0.7652726233421591 0
    outer loop
      vertex 145.81794899702072 103.65071099996567 0
      vertex 145.81794899702072 103.65071099996567 1.5
      vertex 145.89024200290442 103.5899019986391 1.5
    endloop
  endfacet
  facet normal 0.5686263895143813 0.822595908783796 0
    outer loop
      vertex 145.74024000018835 103.70442800223827 0
      vertex 145.81794899702072 103.65071099996567 1.5
      vertex 145.81794899702072 103.65071099996567 0
    endloop
  endfacet
  facet normal 0.5686263895143813 0.822595908783796 0
    outer loop
      vertex 145.74024000018835 103.70442800223827 0
      vertex 145.74024000018835 103.70442800223827 1.5
      vertex 145.81794899702072 103.65071099996567 1.5
    endloop
  endfacet
  facet normal 0.4884598924335721 0.8725863472939416 0
    outer loop
      vertex 145.65781000256538 103.75057099759579 0
      vertex 145.74024000018835 103.70442800223827 1.5
      vertex 145.74024000018835 103.70442800223827 0
    endloop
  endfacet
  facet normal 0.4884598924335721 0.8725863472939416 0
    outer loop
      vertex 145.65781000256538 103.75057099759579 0
      vertex 145.65781000256538 103.75057099759579 1.5
      vertex 145.74024000018835 103.70442800223827 1.5
    endloop
  endfacet
  facet normal 0.40394903071128396 0.9147814933564267 0
    outer loop
      vertex 145.57139299809933 103.7887310013175 0
      vertex 145.65781000256538 103.75057099759579 1.5
      vertex 145.65781000256538 103.75057099759579 0
    endloop
  endfacet
  facet normal 0.40394903071128396 0.9147814933564267 0
    outer loop
      vertex 145.57139299809933 103.7887310013175 0
      vertex 145.57139299809933 103.7887310013175 1.5
      vertex 145.65781000256538 103.75057099759579 1.5
    endloop
  endfacet
  facet normal 0.31582443759488166 0.948817645608405 0
    outer loop
      vertex 145.48176100105047 103.8185660019517 0
      vertex 145.57139299809933 103.7887310013175 1.5
      vertex 145.57139299809933 103.7887310013175 0
    endloop
  endfacet
  facet normal 0.31582443759488166 0.948817645608405 0
    outer loop
      vertex 145.48176100105047 103.8185660019517 0
      vertex 145.48176100105047 103.8185660019517 1.5
      vertex 145.57139299809933 103.7887310013175 1.5
    endloop
  endfacet
  facet normal 0.22488344586564665 0.9743856709617567 0
    outer loop
      vertex 145.38971400260925 103.8398099988699 0
      vertex 145.48176100105047 103.8185660019517 1.5
      vertex 145.48176100105047 103.8185660019517 0
    endloop
  endfacet
  facet normal 0.22488344586564665 0.9743856709617567 0
    outer loop
      vertex 145.38971400260925 103.8398099988699 0
      vertex 145.38971400260925 103.8398099988699 1.5
      vertex 145.48176100105047 103.8185660019517 1.5
    endloop
  endfacet
  facet normal 0.13194045672772667 0.9912576435410114 0
    outer loop
      vertex 145.2960729971528 103.85227400064468 0
      vertex 145.38971400260925 103.8398099988699 1.5
      vertex 145.38971400260925 103.8398099988699 0
    endloop
  endfacet
  facet normal 0.13194045672772667 0.9912576435410114 0
    outer loop
      vertex 145.2960729971528 103.85227400064468 0
      vertex 145.2960729971528 103.85227400064468 1.5
      vertex 145.38971400260925 103.8398099988699 1.5
    endloop
  endfacet
  facet normal 0.037811946655342085 0.9992848726414973 0
    outer loop
      vertex 145.20167300105095 103.85584600269794 0
      vertex 145.2960729971528 103.85227400064468 1.5
      vertex 145.2960729971528 103.85227400064468 0
    endloop
  endfacet
  facet normal 0.037811946655342085 0.9992848726414973 0
    outer loop
      vertex 145.20167300105095 103.85584600269794 0
      vertex 145.20167300105095 103.85584600269794 1.5
      vertex 145.2960729971528 103.85227400064468 1.5
    endloop
  endfacet
  facet normal -0.056654923236474995 0.9983938199293249 0
    outer loop
      vertex 145.10735800117254 103.85049399733543 0
      vertex 145.20167300105095 103.85584600269794 1.5
      vertex 145.20167300105095 103.85584600269794 0
    endloop
  endfacet
  facet normal -0.056654923236474995 0.9983938199293249 0
    outer loop
      vertex 145.10735800117254 103.85049399733543 0
      vertex 145.10735800117254 103.85049399733543 1.5
      vertex 145.20167300105095 103.85584600269794 1.5
    endloop
  endfacet
  facet normal -0.10374734412465246 0.994603684181333 -6.393197038725664e-17
    outer loop
      vertex 100.20020200312138 99.16621799767017 0
      vertex 145.10735800117254 103.85049399733543 1.5
      vertex 145.10735800117254 103.85049399733543 0
    endloop
  endfacet
  facet normal -0.10374734412465246 0.994603684181333 0
    outer loop
      vertex 100.20020200312138 99.16621799767017 0
      vertex 100.20020200312138 99.16621799767017 1.5
      vertex 145.10735800117254 103.85049399733543 1.5
    endloop
  endfacet
  facet normal -0.06741518403514106 0.9977250086880192 0
    outer loop
      vertex 100.16385400295258 99.16376200318336 0
      vertex 100.20020200312138 99.16621799767017 1.5
      vertex 100.20020200312138 99.16621799767017 0
    endloop
  endfacet
  facet normal -0.06741518403514106 0.9977250086880192 0
    outer loop
      vertex 100.16385400295258 99.16376200318336 0
      vertex 100.16385400295258 99.16376200318336 1.5
      vertex 100.20020200312138 99.16621799767017 1.5
    endloop
  endfacet
  facet normal -0.031026984302089868 0.9995185472241712 -6.782288897188913e-17
    outer loop
      vertex 67.44072700291872 98.14797300100327 0
      vertex 100.16385400295258 99.16376200318336 1.5
      vertex 100.16385400295258 99.16376200318336 0
    endloop
  endfacet
  facet normal -0.031026984302089868 0.9995185472241712 0
    outer loop
      vertex 67.44072700291872 98.14797300100327 0
      vertex 67.44072700291872 98.14797300100327 1.5
      vertex 100.16385400295258 99.16376200318336 1.5
    endloop
  endfacet
  facet normal 0.018070987759659762 0.99983670636829 0
    outer loop
      vertex 67.41627199947834 98.1484149992466 0
      vertex 67.44072700291872 98.14797300100327 1.5
      vertex 67.44072700291872 98.14797300100327 0
    endloop
  endfacet
  facet normal 0.018070987759659762 0.99983670636829 0
    outer loop
      vertex 67.41627199947834 98.1484149992466 0
      vertex 67.41627199947834 98.1484149992466 1.5
      vertex 67.44072700291872 98.14797300100327 1.5
    endloop
  endfacet
  facet normal 0.11593678296880193 0.9932565944180008 0
    outer loop
      vertex 67.40409799665213 98.14983599632978 0
      vertex 67.41627199947834 98.1484149992466 1.5
      vertex 67.41627199947834 98.1484149992466 0
    endloop
  endfacet
  facet normal 0.11593678296880193 0.9932565944180008 0
    outer loop
      vertex 67.40409799665213 98.14983599632978 0
      vertex 67.40409799665213 98.14983599632978 1.5
      vertex 67.41627199947834 98.1484149992466 1.5
    endloop
  endfacet
  facet normal 0.16322707212373316 0.9865885276678995 0
    outer loop
      vertex 67.32832700014114 98.16237200051546 0
      vertex 67.40409799665213 98.14983599632978 1.5
      vertex 67.40409799665213 98.14983599632978 0
    endloop
  endfacet
  facet normal 0.16322707212373316 0.9865885276678995 0
    outer loop
      vertex 67.32832700014114 98.16237200051546 0
      vertex 67.32832700014114 98.16237200051546 1.5
      vertex 67.40409799665213 98.14983599632978 1.5
    endloop
  endfacet
  facet normal 0.06301226540016491 0.9980127526285119 0
    outer loop
      vertex 67.22767399996519 98.16872700303793 0
      vertex 67.32832700014114 98.16237200051546 1.5
      vertex 67.32832700014114 98.16237200051546 0
    endloop
  endfacet
  facet normal 0.06301226540016491 0.9980127526285119 0
    outer loop
      vertex 67.22767399996519 98.16872700303793 0
      vertex 67.22767399996519 98.16872700303793 1.5
      vertex 67.32832700014114 98.16237200051546 1.5
    endloop
  endfacet
  facet normal 0.012611560642802793 0.999920471106654 0
    outer loop
      vertex 59.37637600302696 98.26775199919939 0
      vertex 67.22767399996519 98.16872700303793 1.5
      vertex 67.22767399996519 98.16872700303793 0
    endloop
  endfacet
  facet normal 0.012611560642802793 0.999920471106654 0
    outer loop
      vertex 59.37637600302696 98.26775199919939 0
      vertex 59.37637600302696 98.26775199919939 1.5
      vertex 67.22767399996519 98.16872700303793 1.5
    endloop
  endfacet
  facet normal -0.02735375738320424 0.9996258159716669 0
    outer loop
      vertex 59.296489998698235 98.26556599885225 0
      vertex 59.37637600302696 98.26775199919939 1.5
      vertex 59.37637600302696 98.26775199919939 0
    endloop
  endfacet
  facet normal -0.02735375738320424 0.9996258159716669 0
    outer loop
      vertex 59.296489998698235 98.26556599885225 0
      vertex 59.296489998698235 98.26556599885225 1.5
      vertex 59.37637600302696 98.26775199919939 1.5
    endloop
  endfacet
  facet normal -0.10708801223814922 0.9942495449508045 0
    outer loop
      vertex 59.21703399717808 98.2570080012083 0
      vertex 59.296489998698235 98.26556599885225 1.5
      vertex 59.296489998698235 98.26556599885225 0
    endloop
  endfacet
  facet normal -0.10708801223814922 0.9942495449508045 0
    outer loop
      vertex 59.21703399717808 98.2570080012083 0
      vertex 59.21703399717808 98.2570080012083 1.5
      vertex 59.296489998698235 98.26556599885225 1.5
    endloop
  endfacet
  facet normal -0.1467392059374082 0.9891752147323845 0
    outer loop
      vertex 59.17788200080395 98.25119999796152 0
      vertex 59.21703399717808 98.2570080012083 1.5
      vertex 59.21703399717808 98.2570080012083 0
    endloop
  endfacet
  facet normal -0.1467392059374082 0.9891752147323845 0
    outer loop
      vertex 59.17788200080395 98.25119999796152 0
      vertex 59.17788200080395 98.25119999796152 1.5
      vertex 59.21703399717808 98.2570080012083 1.5
    endloop
  endfacet
  facet normal -0.04905870224792569 0.9987958969347789 0
    outer loop
      vertex 59.15345100313425 98.25 0
      vertex 59.17788200080395 98.25119999796152 1.5
      vertex 59.17788200080395 98.25119999796152 0
    endloop
  endfacet
  facet normal -0.04905870224792569 0.9987958969347789 0
    outer loop
      vertex 59.15345100313425 98.25 0
      vertex 59.15345100313425 98.25 1.5
      vertex 59.17788200080395 98.25119999796152 1.5
    endloop
  endfacet
  facet normal 0 1 0
    outer loop
      vertex -7.715250000357628 98.25 0
      vertex 59.15345100313425 98.25 1.5
      vertex 59.15345100313425 98.25 0
    endloop
  endfacet
  facet normal 0 1 0
    outer loop
      vertex -7.715250000357628 98.25 0
      vertex -7.715250000357628 98.25 1.5
      vertex 59.15345100313425 98.25 1.5
    endloop
  endfacet
  facet normal -0.04906493877512149 0.998795590590484 0
    outer loop
      vertex -7.81326700001955 98.2451850026846 0
      vertex -7.715250000357628 98.25 1.5
      vertex -7.715250000357628 98.25 0
    endloop
  endfacet
  facet normal -0.04906493877512149 0.998795590590484 0
    outer loop
      vertex -7.81326700001955 98.2451850026846 0
      vertex -7.81326700001955 98.2451850026846 1.5
      vertex -7.715250000357628 98.25 1.5
    endloop
  endfacet
  facet normal -0.14673631206519097 0.9891756440195577 0
    outer loop
      vertex -7.910340003669262 98.23078499734402 0
      vertex -7.81326700001955 98.2451850026846 1.5
      vertex -7.81326700001955 98.2451850026846 0
    endloop
  endfacet
  facet normal -0.14673631206519097 0.9891756440195577 0
    outer loop
      vertex -7.910340003669262 98.23078499734402 0
      vertex -7.910340003669262 98.23078499734402 1.5
      vertex -7.81326700001955 98.2451850026846 1.5
    endloop
  endfacet
  facet normal -0.2429791211648878 0.9700315183940874 0
    outer loop
      vertex -8.005534999072552 98.20694000273943 0
      vertex -7.910340003669262 98.23078499734402 1.5
      vertex -7.910340003669262 98.23078499734402 0
    endloop
  endfacet
  facet normal -0.2429791211648878 0.9700315183940874 0
    outer loop
      vertex -8.005534999072552 98.20694000273943 0
      vertex -8.005534999072552 98.20694000273943 1.5
      vertex -7.910340003669262 98.23078499734402 1.5
    endloop
  endfacet
  facet normal -0.3368850233734256 0.9415457933774047 0
    outer loop
      vertex -8.097933001816273 98.1738800033927 0
      vertex -8.005534999072552 98.20694000273943 1.5
      vertex -8.005534999072552 98.20694000273943 0
    endloop
  endfacet
  facet normal -0.3368850233734256 0.9415457933774047 0
    outer loop
      vertex -8.097933001816273 98.1738800033927 0
      vertex -8.097933001816273 98.1738800033927 1.5
      vertex -8.005534999072552 98.20694000273943 1.5
    endloop
  endfacet
  facet normal -0.42755848528236606 0.9039876888890959 0
    outer loop
      vertex -8.18664699792862 98.13192100077868 0
      vertex -8.097933001816273 98.1738800033927 1.5
      vertex -8.097933001816273 98.1738800033927 0
    endloop
  endfacet
  facet normal -0.42755848528236606 0.9039876888890959 0
    outer loop
      vertex -8.18664699792862 98.13192100077868 0
      vertex -8.18664699792862 98.13192100077868 1.5
      vertex -8.097933001816273 98.1738800033927 1.5
    endloop
  endfacet
  facet normal -0.514100102065574 0.8577301936251087 0
    outer loop
      vertex -8.270819999277592 98.08146999776363 0
      vertex -8.18664699792862 98.13192100077868 1.5
      vertex -8.18664699792862 98.13192100077868 0
    endloop
  endfacet
  facet normal -0.514100102065574 0.8577301936251087 0
    outer loop
      vertex -8.270819999277592 98.08146999776363 0
      vertex -8.270819999277592 98.08146999776363 1.5
      vertex -8.18664699792862 98.13192100077868 1.5
    endloop
  endfacet
  facet normal -0.5957050634464975 0.8032032603172153 0
    outer loop
      vertex -8.349642999470234 98.02301000058651 0
      vertex -8.270819999277592 98.08146999776363 1.5
      vertex -8.270819999277592 98.08146999776363 0
    endloop
  endfacet
  facet normal -0.5957050634464975 0.8032032603172153 0
    outer loop
      vertex -8.349642999470234 98.02301000058651 0
      vertex -8.349642999470234 98.02301000058651 1.5
      vertex -8.270819999277592 98.08146999776363 1.5
    endloop
  endfacet
  facet normal -0.671552642280761 0.7409568466825369 0
    outer loop
      vertex -8.422357000410557 97.95710700005293 0
      vertex -8.349642999470234 98.02301000058651 1.5
      vertex -8.349642999470234 98.02301000058651 0
    endloop
  endfacet
  facet normal -0.671552642280761 0.7409568466825369 0
    outer loop
      vertex -8.422357000410557 97.95710700005293 0
      vertex -8.422357000410557 97.95710700005293 1.5
      vertex -8.349642999470234 98.02301000058651 1.5
    endloop
  endfacet
  facet normal -0.7409568466825369 0.671552642280761 0
    outer loop
      vertex -8.488260000944138 97.8843929991126 0
      vertex -8.422357000410557 97.95710700005293 1.5
      vertex -8.422357000410557 97.95710700005293 0
    endloop
  endfacet
  facet normal -0.7409568466825369 0.671552642280761 0
    outer loop
      vertex -8.488260000944138 97.8843929991126 0
      vertex -8.488260000944138 97.8843929991126 1.5
      vertex -8.422357000410557 97.95710700005293 1.5
    endloop
  endfacet
  facet normal -0.8032032603172153 0.5957050634464975 0
    outer loop
      vertex -8.546719998121262 97.80556999891996 0
      vertex -8.488260000944138 97.8843929991126 1.5
      vertex -8.488260000944138 97.8843929991126 0
    endloop
  endfacet
  facet normal -0.8032032603172153 0.5957050634464975 0
    outer loop
      vertex -8.546719998121262 97.80556999891996 0
      vertex -8.546719998121262 97.80556999891996 1.5
      vertex -8.488260000944138 97.8843929991126 1.5
    endloop
  endfacet
  facet normal -0.8577301936251087 0.514100102065574 0
    outer loop
      vertex -8.597171001136303 97.72139699757099 0
      vertex -8.546719998121262 97.80556999891996 1.5
      vertex -8.546719998121262 97.80556999891996 0
    endloop
  endfacet
  facet normal -0.8577301936251087 0.514100102065574 0
    outer loop
      vertex -8.597171001136303 97.72139699757099 0
      vertex -8.597171001136303 97.72139699757099 1.5
      vertex -8.546719998121262 97.80556999891996 1.5
    endloop
  endfacet
  facet normal -0.9039877182330421 0.42755842324040116 0
    outer loop
      vertex -8.639129996299744 97.63268300145864 0
      vertex -8.597171001136303 97.72139699757099 1.5
      vertex -8.597171001136303 97.72139699757099 0
    endloop
  endfacet
  facet normal -0.9039877182330421 0.42755842324040116 0
    outer loop
      vertex -8.639129996299744 97.63268300145864 0
      vertex -8.639129996299744 97.63268300145864 1.5
      vertex -8.597171001136303 97.72139699757099 1.5
    endloop
  endfacet
  facet normal -0.9415457692954262 0.3368850906791277 0
    outer loop
      vertex -8.672190003097057 97.54028499871492 0
      vertex -8.639129996299744 97.63268300145864 1.5
      vertex -8.639129996299744 97.63268300145864 0
    endloop
  endfacet
  facet normal -0.9415457692954262 0.3368850906791277 0
    outer loop
      vertex -8.672190003097057 97.54028499871492 0
      vertex -8.672190003097057 97.54028499871492 1.5
      vertex -8.639129996299744 97.63268300145864 1.5
    endloop
  endfacet
  facet normal -0.9700315183940874 0.2429791211648878 0
    outer loop
      vertex -8.696034997701645 97.44509000331163 0
      vertex -8.672190003097057 97.54028499871492 1.5
      vertex -8.672190003097057 97.54028499871492 0
    endloop
  endfacet
  facet normal -0.9700315183940874 0.2429791211648878 0
    outer loop
      vertex -8.696034997701645 97.44509000331163 0
      vertex -8.696034997701645 97.44509000331163 1.5
      vertex -8.672190003097057 97.54028499871492 1.5
    endloop
  endfacet
  facet normal -0.9891756440195577 0.14673631206519097 0
    outer loop
      vertex -8.710435003042221 97.34801699966192 0
      vertex -8.696034997701645 97.44509000331163 1.5
      vertex -8.696034997701645 97.44509000331163 0
    endloop
  endfacet
  facet normal -0.9891756440195577 0.14673631206519097 0
    outer loop
      vertex -8.710435003042221 97.34801699966192 0
      vertex -8.710435003042221 97.34801699966192 1.5
      vertex -8.696034997701645 97.44509000331163 1.5
    endloop
  endfacet
  facet normal -0.998795590590484 0.04906493877512149 0
    outer loop
      vertex -8.715250000357628 97.25 0
      vertex -8.710435003042221 97.34801699966192 1.5
      vertex -8.710435003042221 97.34801699966192 0
    endloop
  endfacet
  facet normal -0.998795590590484 0.04906493877512149 0
    outer loop
      vertex -8.715250000357628 97.25 0
      vertex -8.715250000357628 97.25 1.5
      vertex -8.710435003042221 97.34801699966192 1.5
    endloop
  endfacet
  facet normal -1 0 0
    outer loop
      vertex -8.715250000357628 74.08290400356054 0
      vertex -8.715250000357628 97.25 1.5
      vertex -8.715250000357628 97.25 0
    endloop
  endfacet
  facet normal -1 0 0
    outer loop
      vertex -8.715250000357628 74.08290400356054 0
      vertex -8.715250000357628 74.08290400356054 1.5
      vertex -8.715250000357628 97.25 1.5
    endloop
  endfacet
  facet normal -0.9988222546742055 0.048519105180708844 0
    outer loop
      vertex -8.716393001377583 74.05937399715185 0
      vertex -8.715250000357628 74.08290400356054 1.5
      vertex -8.715250000357628 74.08290400356054 0
    endloop
  endfacet
  facet normal -0.9988222546742055 0.048519105180708844 0
    outer loop
      vertex -8.716393001377583 74.05937399715185 0
      vertex -8.716393001377583 74.05937399715185 1.5
      vertex -8.715250000357628 74.08290400356054 1.5
    endloop
  endfacet
  facet normal -0.4385330648912731 0.8987150555081774 0
    outer loop
      vertex -8.737565003335476 74.04904299974442 0
      vertex -8.716393001377583 74.05937399715185 1.5
      vertex -8.716393001377583 74.05937399715185 0
    endloop
  endfacet
  facet normal -0.4385330648912731 0.8987150555081774 0
    outer loop
      vertex -8.737565003335476 74.04904299974442 0
      vertex -8.737565003335476 74.04904299974442 1.5
      vertex -8.716393001377583 74.05937399715185 1.5
    endloop
  endfacet
  facet normal -0.39438759778203014 0.9189441891190779 0
    outer loop
      vertex -8.898115001618862 73.98013900220394 0
      vertex -8.737565003335476 74.04904299974442 1.5
      vertex -8.737565003335476 74.04904299974442 0
    endloop
  endfacet
  facet normal -0.39438759778203014 0.9189441891190779 0
    outer loop
      vertex -8.898115001618862 73.98013900220394 0
      vertex -8.898115001618862 73.98013900220394 1.5
      vertex -8.737565003335476 74.04904299974442 1.5
    endloop
  endfacet
  facet normal -0.35349820482966077 0.9354352030911639 0
    outer loop
      vertex -8.939322002232075 73.96456699818373 0
      vertex -8.898115001618862 73.98013900220394 1.5
      vertex -8.898115001618862 73.98013900220394 0
    endloop
  endfacet
  facet normal -0.35349820482966077 0.9354352030911639 0
    outer loop
      vertex -8.939322002232075 73.96456699818373 0
      vertex -8.939322002232075 73.96456699818373 1.5
      vertex -8.898115001618862 73.98013900220394 1.5
    endloop
  endfacet
  facet normal -0.31193439829549047 0.9501036423254204 0
    outer loop
      vertex -9.246468000113964 73.86372599750757 0
      vertex -8.939322002232075 73.96456699818373 1.5
      vertex -8.939322002232075 73.96456699818373 0
    endloop
  endfacet
  facet normal -0.31193439829549047 0.9501036423254204 0
    outer loop
      vertex -9.246468000113964 73.86372599750757 0
      vertex -9.246468000113964 73.86372599750757 1.5
      vertex -8.939322002232075 73.96456699818373 1.5
    endloop
  endfacet
  facet normal -0.2868517405299291 0.9579749886896578 0
    outer loop
      vertex -9.271632000803947 73.85619100183249 0
      vertex -9.246468000113964 73.86372599750757 1.5
      vertex -9.246468000113964 73.86372599750757 0
    endloop
  endfacet
  facet normal -0.2868517405299291 0.9579749886896578 0
    outer loop
      vertex -9.271632000803947 73.85619100183249 0
      vertex -9.271632000803947 73.85619100183249 1.5
      vertex -9.246468000113964 73.86372599750757 1.5
    endloop
  endfacet
  facet normal -0.26159615483853194 0.9651774198424324 0
    outer loop
      vertex -9.631829999387264 73.75856500118971 0
      vertex -9.271632000803947 73.85619100183249 1.5
      vertex -9.271632000803947 73.85619100183249 0
    endloop
  endfacet
  facet normal -0.26159615483853194 0.9651774198424324 0
    outer loop
      vertex -9.631829999387264 73.75856500118971 0
      vertex -9.631829999387264 73.75856500118971 1.5
      vertex -9.271632000803947 73.85619100183249 1.5
    endloop
  endfacet
  facet normal -0.24710796280090477 0.9689879538572121 0
    outer loop
      vertex -9.646381996572018 73.75485400110483 0
      vertex -9.631829999387264 73.75856500118971 1.5
      vertex -9.631829999387264 73.75856500118971 0
    endloop
  endfacet
  facet normal -0.24710796280090477 0.9689879538572121 0
    outer loop
      vertex -9.646381996572018 73.75485400110483 0
      vertex -9.646381996572018 73.75485400110483 1.5
      vertex -9.631829999387264 73.75856500118971 1.5
    endloop
  endfacet
  facet normal -0.2323777447328982 0.9726256133543122 0
    outer loop
      vertex -10.048926003277302 73.6586790010333 0
      vertex -9.646381996572018 73.75485400110483 1.5
      vertex -9.646381996572018 73.75485400110483 0
    endloop
  endfacet
  facet normal -0.2323777447328982 0.9726256133543122 0
    outer loop
      vertex -10.048926003277302 73.6586790010333 0
      vertex -10.048926003277302 73.6586790010333 1.5
      vertex -9.646381996572018 73.75485400110483 1.5
    endloop
  endfacet
  facet normal -0.21920028511185188 0.9756798834694107 0
    outer loop
      vertex -10.891615003347397 73.46935699880123 0
      vertex -10.048926003277302 73.6586790010333 1.5
      vertex -10.048926003277302 73.6586790010333 0
    endloop
  endfacet
  facet normal -0.21920028511185188 0.9756798834694107 0
    outer loop
      vertex -10.891615003347397 73.46935699880123 0
      vertex -10.891615003347397 73.46935699880123 1.5
      vertex -10.048926003277302 73.6586790010333 1.5
    endloop
  endfacet
  facet normal -0.2324882761037305 0.9725991987835049 0
    outer loop
      vertex -11.276813000440598 73.37727999687195 0
      vertex -10.891615003347397 73.46935699880123 1.5
      vertex -10.891615003347397 73.46935699880123 0
    endloop
  endfacet
  facet normal -0.2324882761037305 0.9725991987835049 0
    outer loop
      vertex -11.276813000440598 73.37727999687195 0
      vertex -11.276813000440598 73.37727999687195 1.5
      vertex -10.891615003347397 73.46935699880123 1.5
    endloop
  endfacet
  facet normal -0.24708402824561604 0.9689940572500533 0
    outer loop
      vertex -11.305919997394085 73.3698579967022 0
      vertex -11.276813000440598 73.37727999687195 1.5
      vertex -11.276813000440598 73.37727999687195 0
    endloop
  endfacet
  facet normal -0.24708402824561604 0.9689940572500533 0
    outer loop
      vertex -11.305919997394085 73.3698579967022 0
      vertex -11.305919997394085 73.3698579967022 1.5
      vertex -11.276813000440598 73.37727999687195 1.5
    endloop
  endfacet
  facet normal -0.26159439740809937 0.9651778961645845 0
    outer loop
      vertex -11.646182000637054 73.27763599902391 0
      vertex -11.305919997394085 73.3698579967022 1.5
      vertex -11.305919997394085 73.3698579967022 0
    endloop
  endfacet
  facet normal -0.26159439740809937 0.9651778961645845 0
    outer loop
      vertex -11.646182000637054 73.27763599902391 0
      vertex -11.646182000637054 73.27763599902391 1.5
      vertex -11.305919997394085 73.3698579967022 1.5
    endloop
  endfacet
  facet normal -0.28686945771524136 0.9579696833565053 0
    outer loop
      vertex -11.696520000696182 73.26256199926138 0
      vertex -11.646182000637054 73.27763599902391 1.5
      vertex -11.646182000637054 73.27763599902391 0
    endloop
  endfacet
  facet normal -0.28686945771524136 0.9579696833565053 0
    outer loop
      vertex -11.696520000696182 73.26256199926138 0
      vertex -11.696520000696182 73.26256199926138 1.5
      vertex -11.646182000637054 73.27763599902391 1.5
    endloop
  endfacet
  facet normal -0.31193484269872723 0.9501034964205323 0
    outer loop
      vertex -11.970210000872612 73.17270500212908 0
      vertex -11.696520000696182 73.26256199926138 1.5
      vertex -11.696520000696182 73.26256199926138 0
    endloop
  endfacet
  facet normal -0.31193484269872723 0.9501034964205323 0
    outer loop
      vertex -11.970210000872612 73.17270500212908 0
      vertex -11.970210000872612 73.17270500212908 1.5
      vertex -11.696520000696182 73.26256199926138 1.5
    endloop
  endfacet
  facet normal -0.3534994469713616 0.9354347336885357 0
    outer loop
      vertex -12.052666001021862 73.14154499769211 0
      vertex -11.970210000872612 73.17270500212908 1.5
      vertex -11.970210000872612 73.17270500212908 0
    endloop
  endfacet
  facet normal -0.3534994469713616 0.9354347336885357 0
    outer loop
      vertex -12.052666001021862 73.14154499769211 0
      vertex -12.052666001021862 73.14154499769211 1.5
      vertex -11.970210000872612 73.17270500212908 1.5
    endloop
  endfacet
  facet normal -0.3943903341614721 0.918943014729424 0
    outer loop
      vertex -12.109640002250671 73.11709299683571 0
      vertex -12.052666001021862 73.14154499769211 1.5
      vertex -12.052666001021862 73.14154499769211 0
    endloop
  endfacet
  facet normal -0.3943903341614721 0.918943014729424 0
    outer loop
      vertex -12.109640002250671 73.11709299683571 0
      vertex -12.109640002250671 73.11709299683571 1.5
      vertex -12.052666001021862 73.14154499769211 1.5
    endloop
  endfacet
  facet normal -0.43853567127170817 0.8987137837055088 0
    outer loop
      vertex -12.196884997189045 73.07452099770308 0
      vertex -12.109640002250671 73.11709299683571 1.5
      vertex -12.109640002250671 73.11709299683571 0
    endloop
  endfacet
  facet normal -0.43853567127170817 0.8987137837055088 0
    outer loop
      vertex -12.196884997189045 73.07452099770308 0
      vertex -12.196884997189045 73.07452099770308 1.5
      vertex -12.109640002250671 73.11709299683571 1.5
    endloop
  endfacet
  facet normal -0.5235995977633735 0.8519644718073832 0
    outer loop
      vertex -12.279591999948025 73.02369099855423 0
      vertex -12.196884997189045 73.07452099770308 1.5
      vertex -12.196884997189045 73.07452099770308 0
    endloop
  endfacet
  facet normal -0.5235995977633735 0.8519644718073832 0
    outer loop
      vertex -12.279591999948025 73.02369099855423 0
      vertex -12.279591999948025 73.02369099855423 1.5
      vertex -12.196884997189045 73.07452099770308 1.5
    endloop
  endfacet
  facet normal -0.6037511512989806 0.7971728465678917 0
    outer loop
      vertex -12.356980003416538 72.96508000046015 0
      vertex -12.279591999948025 73.02369099855423 1.5
      vertex -12.279591999948025 73.02369099855423 0
    endloop
  endfacet
  facet normal -0.6037511512989806 0.7971728465678917 0
    outer loop
      vertex -12.356980003416538 72.96508000046015 0
      vertex -12.356980003416538 72.96508000046015 1.5
      vertex -12.279591999948025 73.02369099855423 1.5
    endloop
  endfacet
  facet normal -0.6782005573280641 0.7348768631817874 0
    outer loop
      vertex -12.428319998085499 72.8992419987917 0
      vertex -12.356980003416538 72.96508000046015 1.5
      vertex -12.356980003416538 72.96508000046015 0
    endloop
  endfacet
  facet normal -0.6782005573280641 0.7348768631817874 0
    outer loop
      vertex -12.428319998085499 72.8992419987917 0
      vertex -12.428319998085499 72.8992419987917 1.5
      vertex -12.356980003416538 72.96508000046015 1.5
    endloop
  endfacet
  facet normal -0.7462550325869037 0.6656601432703624 0
    outer loop
      vertex -12.492940999567509 72.82679700106382 0
      vertex -12.428319998085499 72.8992419987917 1.5
      vertex -12.428319998085499 72.8992419987917 0
    endloop
  endfacet
  facet normal -0.7462550325869037 0.6656601432703624 0
    outer loop
      vertex -12.492940999567509 72.82679700106382 0
      vertex -12.492940999567509 72.82679700106382 1.5
      vertex -12.428319998085499 72.8992419987917 1.5
    endloop
  endfacet
  facet normal -0.8072899334561957 0.5901550333092915 0
    outer loop
      vertex -12.550232000648975 72.74842700362206 0
      vertex -12.492940999567509 72.82679700106382 1.5
      vertex -12.492940999567509 72.82679700106382 0
    endloop
  endfacet
  facet normal -0.8072899334561957 0.5901550333092915 0
    outer loop
      vertex -12.550232000648975 72.74842700362206 0
      vertex -12.550232000648975 72.74842700362206 1.5
      vertex -12.492940999567509 72.82679700106382 1.5
    endloop
  endfacet
  facet normal -0.86070992163792 0.5090956990527865 0
    outer loop
      vertex -12.599653996527195 72.66487099975348 0
      vertex -12.550232000648975 72.74842700362206 1.5
      vertex -12.550232000648975 72.74842700362206 0
    endloop
  endfacet
  facet normal -0.86070992163792 0.5090956990527865 0
    outer loop
      vertex -12.599653996527195 72.66487099975348 0
      vertex -12.599653996527195 72.66487099975348 1.5
      vertex -12.550232000648975 72.74842700362206 1.5
    endloop
  endfacet
  facet normal -0.9060141158137384 0.42324747128157747 0
    outer loop
      vertex -12.640741996467113 72.57691700011492 0
      vertex -12.599653996527195 72.66487099975348 1.5
      vertex -12.599653996527195 72.66487099975348 0
    endloop
  endfacet
  facet normal -0.9060141158137384 0.42324747128157747 0
    outer loop
      vertex -12.640741996467113 72.57691700011492 0
      vertex -12.640741996467113 72.57691700011492 1.5
      vertex -12.599653996527195 72.66487099975348 1.5
    endloop
  endfacet
  facet normal -0.9427872359204575 0.3333950026402067 0
    outer loop
      vertex -12.673106998205185 72.48539400100708 0
      vertex -12.640741996467113 72.57691700011492 1.5
      vertex -12.640741996467113 72.57691700011492 0
    endloop
  endfacet
  facet normal -0.9427872359204575 0.3333950026402067 0
    outer loop
      vertex -12.673106998205185 72.48539400100708 0
      vertex -12.673106998205185 72.48539400100708 1.5
      vertex -12.640741996467113 72.57691700011492 1.5
    endloop
  endfacet
  facet normal -0.9706703720874796 0.2404142856644626 0
    outer loop
      vertex -12.696446001529694 72.39116299897432 0
      vertex -12.673106998205185 72.48539400100708 1.5
      vertex -12.673106998205185 72.48539400100708 0
    endloop
  endfacet
  facet normal -0.9706703720874796 0.2404142856644626 0
    outer loop
      vertex -12.696446001529694 72.39116299897432 0
      vertex -12.696446001529694 72.39116299897432 1.5
      vertex -12.673106998205185 72.48539400100708 1.5
    endloop
  endfacet
  facet normal -0.9894080140157748 0.14516122692151714 0
    outer loop
      vertex -12.710537999868393 72.29511299729347 0
      vertex -12.696446001529694 72.39116299897432 1.5
      vertex -12.696446001529694 72.39116299897432 0
    endloop
  endfacet
  facet normal -0.9894080140157748 0.14516122692151714 0
    outer loop
      vertex -12.710537999868393 72.29511299729347 0
      vertex -12.710537999868393 72.29511299729347 1.5
      vertex -12.696446001529694 72.39116299897432 1.5
    endloop
  endfacet
  facet normal -0.9988213082868467 0.04853858374687032 0
    outer loop
      vertex -12.715250000357628 72.19815000146627 0
      vertex -12.710537999868393 72.29511299729347 1.5
      vertex -12.710537999868393 72.29511299729347 0
    endloop
  endfacet
  facet normal -0.9988213082868467 0.04853858374687032 0
    outer loop
      vertex -12.715250000357628 72.19815000146627 0
      vertex -12.715250000357628 72.19815000146627 1.5
      vertex -12.710537999868393 72.29511299729347 1.5
    endloop
  endfacet
  facet normal -1 0 0
    outer loop
      vertex -12.715250000357628 62.9322379976511 0
      vertex -12.715250000357628 72.19815000146627 1.5
      vertex -12.715250000357628 72.19815000146627 0
    endloop
  endfacet
  facet normal -1 0 0
    outer loop
      vertex -12.715250000357628 62.9322379976511 0
      vertex -12.715250000357628 62.9322379976511 1.5
      vertex -12.715250000357628 72.19815000146627 1.5
    endloop
  endfacet
  facet normal -0.9988213082868467 -0.04853858374687032 0
    outer loop
      vertex -12.710537999868393 62.8352750018239 0
      vertex -12.715250000357628 62.9322379976511 1.5
      vertex -12.715250000357628 62.9322379976511 0
    endloop
  endfacet
  facet normal -0.9988213082868467 -0.04853858374687032 0
    outer loop
      vertex -12.710537999868393 62.8352750018239 0
      vertex -12.710537999868393 62.8352750018239 1.5
      vertex -12.715250000357628 62.9322379976511 1.5
    endloop
  endfacet
  facet normal -0.9894080140157748 -0.14516122692151714 0
    outer loop
      vertex -12.696446001529694 62.73922500014305 0
      vertex -12.710537999868393 62.8352750018239 1.5
      vertex -12.710537999868393 62.8352750018239 0
    endloop
  endfacet
  facet normal -0.9894080140157748 -0.14516122692151714 0
    outer loop
      vertex -12.696446001529694 62.73922500014305 0
      vertex -12.696446001529694 62.73922500014305 1.5
      vertex -12.710537999868393 62.8352750018239 1.5
    endloop
  endfacet
  facet normal -0.9706697776585689 -0.24041668565277324 0
    outer loop
      vertex -12.673106998205185 62.644994996488094 0
      vertex -12.696446001529694 62.73922500014305 1.5
      vertex -12.696446001529694 62.73922500014305 0
    endloop
  endfacet
  facet normal -0.9706697776585689 -0.24041668565277324 0
    outer loop
      vertex -12.673106998205185 62.644994996488094 0
      vertex -12.673106998205185 62.644994996488094 1.5
      vertex -12.696446001529694 62.73922500014305 1.5
    endloop
  endfacet
  facet normal -0.9427883790362424 -0.33339177007570964 0
    outer loop
      vertex -12.640741996467113 62.55347099900246 0
      vertex -12.673106998205185 62.644994996488094 1.5
      vertex -12.673106998205185 62.644994996488094 0
    endloop
  endfacet
  facet normal -0.9427883790362424 -0.33339177007570964 0
    outer loop
      vertex -12.640741996467113 62.55347099900246 0
      vertex -12.640741996467113 62.55347099900246 1.5
      vertex -12.673106998205185 62.644994996488094 1.5
    endloop
  endfacet
  facet normal -0.9060141158137384 -0.42324747128157747 0
    outer loop
      vertex -12.599653996527195 62.4655169993639 0
      vertex -12.640741996467113 62.55347099900246 1.5
      vertex -12.640741996467113 62.55347099900246 0
    endloop
  endfacet
  facet normal -0.9060141158137384 -0.42324747128157747 0
    outer loop
      vertex -12.599653996527195 62.4655169993639 0
      vertex -12.599653996527195 62.4655169993639 1.5
      vertex -12.640741996467113 62.55347099900246 1.5
    endloop
  endfacet
  facet normal -0.8607099017463913 -0.5090957326826827 0
    outer loop
      vertex -12.550232000648975 62.3819610029459 0
      vertex -12.599653996527195 62.4655169993639 1.5
      vertex -12.599653996527195 62.4655169993639 0
    endloop
  endfacet
  facet normal -0.8607099017463913 -0.5090957326826827 0
    outer loop
      vertex -12.550232000648975 62.3819610029459 0
      vertex -12.550232000648975 62.3819610029459 1.5
      vertex -12.599653996527195 62.4655169993639 1.5
    endloop
  endfacet
  facet normal -0.8072899601863837 -0.5901549967443019 0
    outer loop
      vertex -12.492940999567509 62.30359099805355 0
      vertex -12.550232000648975 62.3819610029459 1.5
      vertex -12.550232000648975 62.3819610029459 0
    endloop
  endfacet
  facet normal -0.8072899601863837 -0.5901549967443019 0
    outer loop
      vertex -12.492940999567509 62.30359099805355 0
      vertex -12.492940999567509 62.30359099805355 1.5
      vertex -12.550232000648975 62.3819610029459 1.5
    endloop
  endfacet
  facet normal -0.7462550325869037 -0.6656601432703624 0
    outer loop
      vertex -12.428319998085499 62.23114600032568 0
      vertex -12.492940999567509 62.30359099805355 1.5
      vertex -12.492940999567509 62.30359099805355 0
    endloop
  endfacet
  facet normal -0.7462550325869037 -0.6656601432703624 0
    outer loop
      vertex -12.428319998085499 62.23114600032568 0
      vertex -12.428319998085499 62.23114600032568 1.5
      vertex -12.492940999567509 62.30359099805355 1.5
    endloop
  endfacet
  facet normal -0.6782005573280641 -0.7348768631817874 0
    outer loop
      vertex -12.356980003416538 62.16530799865723 0
      vertex -12.428319998085499 62.23114600032568 1.5
      vertex -12.428319998085499 62.23114600032568 0
    endloop
  endfacet
  facet normal -0.6782005573280641 -0.7348768631817874 0
    outer loop
      vertex -12.356980003416538 62.16530799865723 0
      vertex -12.356980003416538 62.16530799865723 1.5
      vertex -12.428319998085499 62.23114600032568 1.5
    endloop
  endfacet
  facet normal -0.6037511512989806 -0.7971728465678917 0
    outer loop
      vertex -12.279591999948025 62.106697000563145 0
      vertex -12.356980003416538 62.16530799865723 1.5
      vertex -12.356980003416538 62.16530799865723 0
    endloop
  endfacet
  facet normal -0.6037511512989806 -0.7971728465678917 0
    outer loop
      vertex -12.279591999948025 62.106697000563145 0
      vertex -12.279591999948025 62.106697000563145 1.5
      vertex -12.356980003416538 62.16530799865723 1.5
    endloop
  endfacet
  facet normal -0.5235995977633735 -0.8519644718073832 0
    outer loop
      vertex -12.196884997189045 62.0558670014143 0
      vertex -12.279591999948025 62.106697000563145 1.5
      vertex -12.279591999948025 62.106697000563145 0
    endloop
  endfacet
  facet normal -0.5235995977633735 -0.8519644718073832 0
    outer loop
      vertex -12.196884997189045 62.0558670014143 0
      vertex -12.196884997189045 62.0558670014143 1.5
      vertex -12.279591999948025 62.106697000563145 1.5
    endloop
  endfacet
  facet normal -0.43853567127170817 -0.8987137837055088 0
    outer loop
      vertex -12.109640002250671 62.013295002281666 0
      vertex -12.196884997189045 62.0558670014143 1.5
      vertex -12.196884997189045 62.0558670014143 0
    endloop
  endfacet
  facet normal -0.43853567127170817 -0.8987137837055088 0
    outer loop
      vertex -12.109640002250671 62.013295002281666 0
      vertex -12.109640002250671 62.013295002281666 1.5
      vertex -12.196884997189045 62.0558670014143 1.5
    endloop
  endfacet
  facet normal -0.3943903341614721 -0.918943014729424 0
    outer loop
      vertex -12.052666001021862 61.988843001425266 0
      vertex -12.109640002250671 62.013295002281666 1.5
      vertex -12.109640002250671 62.013295002281666 0
    endloop
  endfacet
  facet normal -0.3943903341614721 -0.918943014729424 0
    outer loop
      vertex -12.052666001021862 61.988843001425266 0
      vertex -12.052666001021862 61.988843001425266 1.5
      vertex -12.109640002250671 62.013295002281666 1.5
    endloop
  endfacet
  facet normal -0.3534994469713616 -0.9354347336885357 0
    outer loop
      vertex -11.970210000872612 61.9576829969883 0
      vertex -12.052666001021862 61.988843001425266 1.5
      vertex -12.052666001021862 61.988843001425266 0
    endloop
  endfacet
  facet normal -0.3534994469713616 -0.9354347336885357 0
    outer loop
      vertex -11.970210000872612 61.9576829969883 0
      vertex -11.970210000872612 61.9576829969883 1.5
      vertex -12.052666001021862 61.988843001425266 1.5
    endloop
  endfacet
  facet normal -0.31193484269872723 -0.9501034964205323 0
    outer loop
      vertex -11.696520000696182 61.867825999855995 0
      vertex -11.970210000872612 61.9576829969883 1.5
      vertex -11.970210000872612 61.9576829969883 0
    endloop
  endfacet
  facet normal -0.31193484269872723 -0.9501034964205323 0
    outer loop
      vertex -11.696520000696182 61.867825999855995 0
      vertex -11.696520000696182 61.867825999855995 1.5
      vertex -11.970210000872612 61.9576829969883 1.5
    endloop
  endfacet
  facet normal -0.28686945771524136 -0.9579696833565053 0
    outer loop
      vertex -11.646182000637054 61.85275200009346 0
      vertex -11.696520000696182 61.867825999855995 1.5
      vertex -11.696520000696182 61.867825999855995 0
    endloop
  endfacet
  facet normal -0.28686945771524136 -0.9579696833565053 0
    outer loop
      vertex -11.646182000637054 61.85275200009346 0
      vertex -11.646182000637054 61.85275200009346 1.5
      vertex -11.696520000696182 61.867825999855995 1.5
    endloop
  endfacet
  facet normal -0.26159439740809937 -0.9651778961645845 0
    outer loop
      vertex -11.305919997394085 61.76053000241518 0
      vertex -11.646182000637054 61.85275200009346 1.5
      vertex -11.646182000637054 61.85275200009346 0
    endloop
  endfacet
  facet normal -0.26159439740809937 -0.9651778961645845 0
    outer loop
      vertex -11.305919997394085 61.76053000241518 0
      vertex -11.305919997394085 61.76053000241518 1.5
      vertex -11.646182000637054 61.85275200009346 1.5
    endloop
  endfacet
  facet normal -0.24708402824561604 -0.9689940572500533 0
    outer loop
      vertex -11.276813000440598 61.753108002245426 0
      vertex -11.305919997394085 61.76053000241518 1.5
      vertex -11.305919997394085 61.76053000241518 0
    endloop
  endfacet
  facet normal -0.24708402824561604 -0.9689940572500533 0
    outer loop
      vertex -11.276813000440598 61.753108002245426 0
      vertex -11.276813000440598 61.753108002245426 1.5
      vertex -11.305919997394085 61.76053000241518 1.5
    endloop
  endfacet
  facet normal -0.2324882761037305 -0.9725991987835049 0
    outer loop
      vertex -10.891615003347397 61.66103100031614 0
      vertex -11.276813000440598 61.753108002245426 1.5
      vertex -11.276813000440598 61.753108002245426 0
    endloop
  endfacet
  facet normal -0.2324882761037305 -0.9725991987835049 0
    outer loop
      vertex -10.891615003347397 61.66103100031614 0
      vertex -10.891615003347397 61.66103100031614 1.5
      vertex -11.276813000440598 61.753108002245426 1.5
    endloop
  endfacet
  facet normal -0.21920053233201248 -0.9756798279278721 0
    outer loop
      vertex -10.048927001655102 61.47170899808407 0
      vertex -10.891615003347397 61.66103100031614 1.5
      vertex -10.891615003347397 61.66103100031614 0
    endloop
  endfacet
  facet normal -0.21920053233201248 -0.9756798279278721 0
    outer loop
      vertex -10.048927001655102 61.47170899808407 0
      vertex -10.048927001655102 61.47170899808407 1.5
      vertex -10.891615003347397 61.66103100031614 1.5
    endloop
  endfacet
  facet normal -0.23237719951952804 -0.9726257436154266 0
    outer loop
      vertex -9.646381996572018 61.37553399801254 0
      vertex -10.048927001655102 61.47170899808407 1.5
      vertex -10.048927001655102 61.47170899808407 0
    endloop
  endfacet
  facet normal -0.23237719951952804 -0.9726257436154266 0
    outer loop
      vertex -9.646381996572018 61.37553399801254 0
      vertex -9.646381996572018 61.37553399801254 1.5
      vertex -10.048927001655102 61.47170899808407 1.5
    endloop
  endfacet
  facet normal -0.24710796280090477 -0.9689879538572121 0
    outer loop
      vertex -9.631829999387264 61.371822997927666 0
      vertex -9.646381996572018 61.37553399801254 1.5
      vertex -9.646381996572018 61.37553399801254 0
    endloop
  endfacet
  facet normal -0.24710796280090477 -0.9689879538572121 0
    outer loop
      vertex -9.631829999387264 61.371822997927666 0
      vertex -9.631829999387264 61.371822997927666 1.5
      vertex -9.646381996572018 61.37553399801254 1.5
    endloop
  endfacet
  facet normal -0.26159615483853194 -0.9651774198424324 0
    outer loop
      vertex -9.271632000803947 61.27419699728489 0
      vertex -9.631829999387264 61.371822997927666 1.5
      vertex -9.631829999387264 61.371822997927666 0
    endloop
  endfacet
  facet normal -0.26159615483853194 -0.9651774198424324 0
    outer loop
      vertex -9.271632000803947 61.27419699728489 0
      vertex -9.271632000803947 61.27419699728489 1.5
      vertex -9.631829999387264 61.371822997927666 1.5
    endloop
  endfacet
  facet normal -0.2868517405299291 -0.9579749886896578 0
    outer loop
      vertex -9.246468000113964 61.2666620016098 0
      vertex -9.271632000803947 61.27419699728489 1.5
      vertex -9.271632000803947 61.27419699728489 0
    endloop
  endfacet
  facet normal -0.2868517405299291 -0.9579749886896578 0
    outer loop
      vertex -9.246468000113964 61.2666620016098 0
      vertex -9.246468000113964 61.2666620016098 1.5
      vertex -9.271632000803947 61.27419699728489 1.5
    endloop
  endfacet
  facet normal -0.31193439829549047 -0.9501036423254204 0
    outer loop
      vertex -8.939322002232075 61.16582100093365 0
      vertex -9.246468000113964 61.2666620016098 1.5
      vertex -9.246468000113964 61.2666620016098 0
    endloop
  endfacet
  facet normal -0.31193439829549047 -0.9501036423254204 0
    outer loop
      vertex -8.939322002232075 61.16582100093365 0
      vertex -8.939322002232075 61.16582100093365 1.5
      vertex -9.246468000113964 61.2666620016098 1.5
    endloop
  endfacet
  facet normal -0.35349820482966077 -0.9354352030911639 0
    outer loop
      vertex -8.898115001618862 61.15024899691343 0
      vertex -8.939322002232075 61.16582100093365 1.5
      vertex -8.939322002232075 61.16582100093365 0
    endloop
  endfacet
  facet normal -0.35349820482966077 -0.9354352030911639 0
    outer loop
      vertex -8.898115001618862 61.15024899691343 0
      vertex -8.898115001618862 61.15024899691343 1.5
      vertex -8.939322002232075 61.16582100093365 1.5
    endloop
  endfacet
  facet normal -0.39438759778203014 -0.9189441891190779 0
    outer loop
      vertex -8.737565003335476 61.08134499937296 0
      vertex -8.898115001618862 61.15024899691343 1.5
      vertex -8.898115001618862 61.15024899691343 0
    endloop
  endfacet
  facet normal -0.39438759778203014 -0.9189441891190779 0
    outer loop
      vertex -8.737565003335476 61.08134499937296 0
      vertex -8.737565003335476 61.08134499937296 1.5
      vertex -8.898115001618862 61.15024899691343 1.5
    endloop
  endfacet
  facet normal -0.4385330648912731 -0.8987150555081774 0
    outer loop
      vertex -8.716393001377583 61.07101400196552 0
      vertex -8.737565003335476 61.08134499937296 1.5
      vertex -8.737565003335476 61.08134499937296 0
    endloop
  endfacet
  facet normal -0.4385330648912731 -0.8987150555081774 0
    outer loop
      vertex -8.716393001377583 61.07101400196552 0
      vertex -8.716393001377583 61.07101400196552 1.5
      vertex -8.737565003335476 61.08134499937296 1.5
    endloop
  endfacet
  facet normal -0.9988222539296756 -0.04851912050771782 0
    outer loop
      vertex -8.715250000357628 61.04748400300741 0
      vertex -8.716393001377583 61.07101400196552 1.5
      vertex -8.716393001377583 61.07101400196552 0
    endloop
  endfacet
  facet normal -0.9988222539296756 -0.04851912050771782 0
    outer loop
      vertex -8.715250000357628 61.04748400300741 0
      vertex -8.715250000357628 61.04748400300741 1.5
      vertex -8.716393001377583 61.07101400196552 1.5
    endloop
  endfacet
  facet normal -1 0 0
    outer loop
      vertex -8.715250000357628 32.34958499670029 0
      vertex -8.715250000357628 61.04748400300741 1.5
      vertex -8.715250000357628 61.04748400300741 0
    endloop
  endfacet
  facet normal -1 0 0
    outer loop
      vertex -8.715250000357628 32.34958499670029 0
      vertex -8.715250000357628 32.34958499670029 1.5
      vertex -8.715250000357628 61.04748400300741 1.5
    endloop
  endfacet
  facet normal -0.9988223536903744 0.048517066774698366 0
    outer loop
      vertex -8.716393001377583 32.326053999364376 0
      vertex -8.715250000357628 32.34958499670029 1.5
      vertex -8.715250000357628 32.34958499670029 0
    endloop
  endfacet
  facet normal -0.9988223536903744 0.048517066774698366 0
    outer loop
      vertex -8.716393001377583 32.326053999364376 0
      vertex -8.716393001377583 32.326053999364376 1.5
      vertex -8.715250000357628 32.34958499670029 1.5
    endloop
  endfacet
  facet normal -0.43849883455637356 0.898731757585489 0
    outer loop
      vertex -8.737565003335476 32.31572400033474 0
      vertex -8.716393001377583 32.326053999364376 1.5
      vertex -8.716393001377583 32.326053999364376 0
    endloop
  endfacet
  facet normal -0.43849883455637356 0.898731757585489 0
    outer loop
      vertex -8.737565003335476 32.31572400033474 0
      vertex -8.737565003335476 32.31572400033474 1.5
      vertex -8.716393001377583 32.326053999364376 1.5
    endloop
  endfacet
  facet normal -0.39438759778203014 0.9189441891190779 0
    outer loop
      vertex -8.898115001618862 32.246820002794266 0
      vertex -8.737565003335476 32.31572400033474 1.5
      vertex -8.737565003335476 32.31572400033474 0
    endloop
  endfacet
  facet normal -0.39438759778203014 0.9189441891190779 0
    outer loop
      vertex -8.898115001618862 32.246820002794266 0
      vertex -8.898115001618862 32.246820002794266 1.5
      vertex -8.737565003335476 32.31572400033474 1.5
    endloop
  endfacet
  facet normal -0.3535180365240363 0.9354277085120958 0
    outer loop
      vertex -8.939322002232075 32.23124700039625 0
      vertex -8.898115001618862 32.246820002794266 1.5
      vertex -8.898115001618862 32.246820002794266 0
    endloop
  endfacet
  facet normal -0.3535180365240363 0.9354277085120958 0
    outer loop
      vertex -8.939322002232075 32.23124700039625 0
      vertex -8.939322002232075 32.23124700039625 1.5
      vertex -8.898115001618862 32.246820002794266 1.5
    endloop
  endfacet
  facet normal -0.31193439829549047 0.9501036423254204 0
    outer loop
      vertex -9.246468000113964 32.1304059997201 0
      vertex -8.939322002232075 32.23124700039625 1.5
      vertex -8.939322002232075 32.23124700039625 0
    endloop
  endfacet
  facet normal -0.31193439829549047 0.9501036423254204 0
    outer loop
      vertex -9.246468000113964 32.1304059997201 0
      vertex -9.246468000113964 32.1304059997201 1.5
      vertex -8.939322002232075 32.23124700039625 1.5
    endloop
  endfacet
  facet normal -0.28685200082916124 0.957974910746783 0
    outer loop
      vertex -9.271632000803947 32.12287099659443 0
      vertex -9.246468000113964 32.1304059997201 1.5
      vertex -9.246468000113964 32.1304059997201 0
    endloop
  endfacet
  facet normal -0.28685200082916124 0.957974910746783 0
    outer loop
      vertex -9.271632000803947 32.12287099659443 0
      vertex -9.271632000803947 32.12287099659443 1.5
      vertex -9.246468000113964 32.1304059997201 1.5
    endloop
  endfacet
  facet normal -0.2615961362403589 0.9651774248831744 0
    outer loop
      vertex -9.631829999387264 32.02524500340223 0
      vertex -9.271632000803947 32.12287099659443 1.5
      vertex -9.271632000803947 32.12287099659443 0
    endloop
  endfacet
  facet normal -0.2615961362403589 0.9651774248831744 0
    outer loop
      vertex -9.631829999387264 32.02524500340223 0
      vertex -9.631829999387264 32.02524500340223 1.5
      vertex -9.271632000803947 32.12287099659443 1.5
    endloop
  endfacet
  facet normal -0.24710796280090477 0.9689879538572121 0
    outer loop
      vertex -9.646381996572018 32.021534003317356 0
      vertex -9.631829999387264 32.02524500340223 1.5
      vertex -9.631829999387264 32.02524500340223 0
    endloop
  endfacet
  facet normal -0.24710796280090477 0.9689879538572121 0
    outer loop
      vertex -9.646381996572018 32.021534003317356 0
      vertex -9.646381996572018 32.021534003317356 1.5
      vertex -9.631829999387264 32.02524500340223 1.5
    endloop
  endfacet
  facet normal -0.23237719951952804 0.9726257436154266 0
    outer loop
      vertex -10.048927001655102 31.92535900324583 0
      vertex -9.646381996572018 32.021534003317356 1.5
      vertex -9.646381996572018 32.021534003317356 0
    endloop
  endfacet
  facet normal -0.23237719951952804 0.9726257436154266 0
    outer loop
      vertex -10.048927001655102 31.92535900324583 0
      vertex -10.048927001655102 31.92535900324583 1.5
      vertex -9.646381996572018 32.021534003317356 1.5
    endloop
  endfacet
  facet normal -0.21920053233201248 0.9756798279278721 0
    outer loop
      vertex -10.891615003347397 31.736037001013756 0
      vertex -10.048927001655102 31.92535900324583 1.5
      vertex -10.048927001655102 31.92535900324583 0
    endloop
  endfacet
  facet normal -0.21920053233201248 0.9756798279278721 0
    outer loop
      vertex -10.891615003347397 31.736037001013756 0
      vertex -10.891615003347397 31.736037001013756 1.5
      vertex -10.048927001655102 31.92535900324583 1.5
    endloop
  endfacet
  facet normal -0.2324882761037305 0.9725991987835049 0
    outer loop
      vertex -11.276813000440598 31.643959999084473 0
      vertex -10.891615003347397 31.736037001013756 1.5
      vertex -10.891615003347397 31.736037001013756 0
    endloop
  endfacet
  facet normal -0.2324882761037305 0.9725991987835049 0
    outer loop
      vertex -11.276813000440598 31.643959999084473 0
      vertex -11.276813000440598 31.643959999084473 1.5
      vertex -10.891615003347397 31.736037001013756 1.5
    endloop
  endfacet
  facet normal -0.24705282022635533 0.9690020144551837 0
    outer loop
      vertex -11.305919997394085 31.63653899729252 0
      vertex -11.276813000440598 31.643959999084473 1.5
      vertex -11.276813000440598 31.643959999084473 0
    endloop
  endfacet
  facet normal -0.24705282022635533 0.9690020144551837 0
    outer loop
      vertex -11.305919997394085 31.63653899729252 0
      vertex -11.305919997394085 31.63653899729252 1.5
      vertex -11.276813000440598 31.643959999084473 1.5
    endloop
  endfacet
  facet normal -0.26159703557994113 0.9651771811308986 0
    outer loop
      vertex -11.646182000637054 31.54431600123644 0
      vertex -11.305919997394085 31.63653899729252 1.5
      vertex -11.305919997394085 31.63653899729252 0
    endloop
  endfacet
  facet normal -0.26159703557994113 0.9651771811308986 0
    outer loop
      vertex -11.646182000637054 31.54431600123644 0
      vertex -11.646182000637054 31.54431600123644 1.5
      vertex -11.305919997394085 31.63653899729252 1.5
    endloop
  endfacet
  facet normal -0.28686945771524136 0.9579696833565053 0
    outer loop
      vertex -11.696520000696182 31.529242001473904 0
      vertex -11.646182000637054 31.54431600123644 1.5
      vertex -11.646182000637054 31.54431600123644 0
    endloop
  endfacet
  facet normal -0.28686945771524136 0.9579696833565053 0
    outer loop
      vertex -11.696520000696182 31.529242001473904 0
      vertex -11.696520000696182 31.529242001473904 1.5
      vertex -11.646182000637054 31.54431600123644 1.5
    endloop
  endfacet
  facet normal -0.3119317141030651 0.9501045235850231 0
    outer loop
      vertex -11.970210000872612 31.439386002719402 0
      vertex -11.696520000696182 31.529242001473904 1.5
      vertex -11.696520000696182 31.529242001473904 0
    endloop
  endfacet
  facet normal -0.3119317141030651 0.9501045235850231 0
    outer loop
      vertex -11.970210000872612 31.439386002719402 0
      vertex -11.970210000872612 31.439386002719402 1.5
      vertex -11.696520000696182 31.529242001473904 1.5
    endloop
  endfacet
  facet normal -0.35350935781258097 0.935430988335824 0
    outer loop
      vertex -12.052666001021862 31.408224999904633 0
      vertex -11.970210000872612 31.439386002719402 1.5
      vertex -11.970210000872612 31.439386002719402 0
    endloop
  endfacet
  facet normal -0.35350935781258097 0.935430988335824 0
    outer loop
      vertex -12.052666001021862 31.408224999904633 0
      vertex -12.052666001021862 31.408224999904633 1.5
      vertex -11.970210000872612 31.439386002719402 1.5
    endloop
  endfacet
  facet normal -0.3943903341614721 0.918943014729424 0
    outer loop
      vertex -12.109640002250671 31.383772999048233 0
      vertex -12.052666001021862 31.408224999904633 1.5
      vertex -12.052666001021862 31.408224999904633 0
    endloop
  endfacet
  facet normal -0.3943903341614721 0.918943014729424 0
    outer loop
      vertex -12.109640002250671 31.383772999048233 0
      vertex -12.109640002250671 31.383772999048233 1.5
      vertex -12.052666001021862 31.408224999904633 1.5
    endloop
  endfacet
  facet normal -0.43852736470533915 0.8987178369235754 0
    outer loop
      vertex -12.196884997189045 31.3412019982934 0
      vertex -12.109640002250671 31.383772999048233 1.5
      vertex -12.109640002250671 31.383772999048233 0
    endloop
  endfacet
  facet normal -0.43852736470533915 0.8987178369235754 0
    outer loop
      vertex -12.196884997189045 31.3412019982934 0
      vertex -12.196884997189045 31.3412019982934 1.5
      vertex -12.109640002250671 31.383772999048233 1.5
    endloop
  endfacet
  facet normal -0.5236070624843375 0.8519598841004916 0
    outer loop
      vertex -12.279591999948025 31.290371000766754 0
      vertex -12.196884997189045 31.3412019982934 1.5
      vertex -12.196884997189045 31.3412019982934 0
    endloop
  endfacet
  facet normal -0.5236070624843375 0.8519598841004916 0
    outer loop
      vertex -12.279591999948025 31.290371000766754 0
      vertex -12.279591999948025 31.290371000766754 1.5
      vertex -12.196884997189045 31.3412019982934 1.5
    endloop
  endfacet
  facet normal -0.603744615738926 0.7971777963329488 0
    outer loop
      vertex -12.356980003416538 31.231761001050472 0
      vertex -12.279591999948025 31.290371000766754 1.5
      vertex -12.279591999948025 31.290371000766754 0
    endloop
  endfacet
  facet normal -0.603744615738926 0.7971777963329488 0
    outer loop
      vertex -12.356980003416538 31.231761001050472 0
      vertex -12.356980003416538 31.231761001050472 1.5
      vertex -12.279591999948025 31.290371000766754 1.5
    endloop
  endfacet
  facet normal -0.6782061112659972 0.7348717375443512 0
    outer loop
      vertex -12.428319998085499 31.16592200100422 0
      vertex -12.356980003416538 31.231761001050472 1.5
      vertex -12.356980003416538 31.231761001050472 0
    endloop
  endfacet
  facet normal -0.6782061112659972 0.7348717375443512 0
    outer loop
      vertex -12.428319998085499 31.16592200100422 0
      vertex -12.428319998085499 31.16592200100422 1.5
      vertex -12.356980003416538 31.231761001050472 1.5
    endloop
  endfacet
  facet normal -0.7462550325869037 0.6656601432703624 0
    outer loop
      vertex -12.492940999567509 31.093477003276348 0
      vertex -12.428319998085499 31.16592200100422 1.5
      vertex -12.428319998085499 31.16592200100422 0
    endloop
  endfacet
  facet normal -0.7462550325869037 0.6656601432703624 0
    outer loop
      vertex -12.492940999567509 31.093477003276348 0
      vertex -12.492940999567509 31.093477003276348 1.5
      vertex -12.428319998085499 31.16592200100422 1.5
    endloop
  endfacet
  facet normal -0.8072899601863837 0.5901549967443019 0
    outer loop
      vertex -12.550232000648975 31.015106998384 0
      vertex -12.492940999567509 31.093477003276348 1.5
      vertex -12.492940999567509 31.093477003276348 0
    endloop
  endfacet
  facet normal -0.8072899601863837 0.5901549967443019 0
    outer loop
      vertex -12.550232000648975 31.015106998384 0
      vertex -12.550232000648975 31.015106998384 1.5
      vertex -12.492940999567509 31.093477003276348 1.5
    endloop
  endfacet
  facet normal -0.8607072362458691 0.5091002391219214 0
    outer loop
      vertex -12.599653996527195 30.9315520003438 0
      vertex -12.550232000648975 31.015106998384 1.5
      vertex -12.550232000648975 31.015106998384 0
    endloop
  endfacet
  facet normal -0.8607072362458691 0.5091002391219214 0
    outer loop
      vertex -12.599653996527195 30.9315520003438 0
      vertex -12.599653996527195 30.9315520003438 1.5
      vertex -12.550232000648975 31.015106998384 1.5
    endloop
  endfacet
  facet normal -0.9060159580993503 0.42324352761656764 0
    outer loop
      vertex -12.640741996467113 30.843597002327442 0
      vertex -12.599653996527195 30.9315520003438 1.5
      vertex -12.599653996527195 30.9315520003438 0
    endloop
  endfacet
  facet normal -0.9060159580993503 0.42324352761656764 0
    outer loop
      vertex -12.640741996467113 30.843597002327442 0
      vertex -12.640741996467113 30.843597002327442 1.5
      vertex -12.599653996527195 30.9315520003438 1.5
    endloop
  endfacet
  facet normal -0.9427872359204575 0.3333950026402067 0
    outer loop
      vertex -12.673106998205185 30.752074003219604 0
      vertex -12.640741996467113 30.843597002327442 1.5
      vertex -12.640741996467113 30.843597002327442 0
    endloop
  endfacet
  facet normal -0.9427872359204575 0.3333950026402067 0
    outer loop
      vertex -12.673106998205185 30.752074003219604 0
      vertex -12.673106998205185 30.752074003219604 1.5
      vertex -12.640741996467113 30.843597002327442 1.5
    endloop
  endfacet
  facet normal -0.9706703720874796 0.2404142856644626 0
    outer loop
      vertex -12.696446001529694 30.657843001186848 0
      vertex -12.673106998205185 30.752074003219604 1.5
      vertex -12.673106998205185 30.752074003219604 0
    endloop
  endfacet
  facet normal -0.9706703720874796 0.2404142856644626 0
    outer loop
      vertex -12.696446001529694 30.657843001186848 0
      vertex -12.696446001529694 30.657843001186848 1.5
      vertex -12.673106998205185 30.752074003219604 1.5
    endloop
  endfacet
  facet normal -0.9894080140157748 0.14516122692151714 0
    outer loop
      vertex -12.710537999868393 30.561792999505997 0
      vertex -12.696446001529694 30.657843001186848 1.5
      vertex -12.696446001529694 30.657843001186848 0
    endloop
  endfacet
  facet normal -0.9894080140157748 0.14516122692151714 0
    outer loop
      vertex -12.710537999868393 30.561792999505997 0
      vertex -12.710537999868393 30.561792999505997 1.5
      vertex -12.696446001529694 30.657843001186848 1.5
    endloop
  endfacet
  facet normal -0.9988213082868467 0.04853858374687032 0
    outer loop
      vertex -12.715250000357628 30.4648300036788 0
      vertex -12.710537999868393 30.561792999505997 1.5
      vertex -12.710537999868393 30.561792999505997 0
    endloop
  endfacet
  facet normal -0.9988213082868467 0.04853858374687032 0
    outer loop
      vertex -12.715250000357628 30.4648300036788 0
      vertex -12.715250000357628 30.4648300036788 1.5
      vertex -12.710537999868393 30.561792999505997 1.5
    endloop
  endfacet
  facet normal -1 0 0
    outer loop
      vertex -12.715250000357628 21.198918998241425 0
      vertex -12.715250000357628 30.4648300036788 1.5
      vertex -12.715250000357628 30.4648300036788 0
    endloop
  endfacet
  facet normal -1 0 0
    outer loop
      vertex -12.715250000357628 21.198918998241425 0
      vertex -12.715250000357628 21.198918998241425 1.5
      vertex -12.715250000357628 30.4648300036788 1.5
    endloop
  endfacet
  facet normal -0.9988213326971468 -0.048538081431960575 0
    outer loop
      vertex -12.710537999868393 21.101954996585846 0
      vertex -12.715250000357628 21.198918998241425 1.5
      vertex -12.715250000357628 21.198918998241425 0
    endloop
  endfacet
  facet normal -0.9988213326971468 -0.048538081431960575 0
    outer loop
      vertex -12.710537999868393 21.101954996585846 0
      vertex -12.710537999868393 21.101954996585846 1.5
      vertex -12.715250000357628 21.198918998241425 1.5
    endloop
  endfacet
  facet normal -0.9894080123985535 -0.14516123794437613 0
    outer loop
      vertex -12.696446001529694 21.005905002355576 0
      vertex -12.710537999868393 21.101954996585846 1.5
      vertex -12.710537999868393 21.101954996585846 0
    endloop
  endfacet
  facet normal -0.9894080123985535 -0.14516123794437613 0
    outer loop
      vertex -12.696446001529694 21.005905002355576 0
      vertex -12.696446001529694 21.005905002355576 1.5
      vertex -12.710537999868393 21.101954996585846 1.5
    endloop
  endfacet
  facet normal -0.9706697776585689 -0.24041668565277324 0
    outer loop
      vertex -12.673106998205185 20.91167499870062 0
      vertex -12.696446001529694 21.005905002355576 1.5
      vertex -12.696446001529694 21.005905002355576 0
    endloop
  endfacet
  facet normal -0.9706697776585689 -0.24041668565277324 0
    outer loop
      vertex -12.673106998205185 20.91167499870062 0
      vertex -12.673106998205185 20.91167499870062 1.5
      vertex -12.696446001529694 21.005905002355576 1.5
    endloop
  endfacet
  facet normal -0.9427883790362424 -0.33339177007570964 0
    outer loop
      vertex -12.640741996467113 20.82015100121498 0
      vertex -12.673106998205185 20.91167499870062 1.5
      vertex -12.673106998205185 20.91167499870062 0
    endloop
  endfacet
  facet normal -0.9427883790362424 -0.33339177007570964 0
    outer loop
      vertex -12.640741996467113 20.82015100121498 0
      vertex -12.640741996467113 20.82015100121498 1.5
      vertex -12.673106998205185 20.91167499870062 1.5
    endloop
  endfacet
  facet normal -0.9060141158137384 -0.42324747128157747 0
    outer loop
      vertex -12.599653996527195 20.732197001576424 0
      vertex -12.640741996467113 20.82015100121498 1.5
      vertex -12.640741996467113 20.82015100121498 0
    endloop
  endfacet
  facet normal -0.9060141158137384 -0.42324747128157747 0
    outer loop
      vertex -12.599653996527195 20.732197001576424 0
      vertex -12.599653996527195 20.732197001576424 1.5
      vertex -12.640741996467113 20.82015100121498 1.5
    endloop
  endfacet
  facet normal -0.86070992163792 -0.5090956990527865 0
    outer loop
      vertex -12.550232000648975 20.648640997707844 0
      vertex -12.599653996527195 20.732197001576424 1.5
      vertex -12.599653996527195 20.732197001576424 0
    endloop
  endfacet
  facet normal -0.86070992163792 -0.5090956990527865 0
    outer loop
      vertex -12.550232000648975 20.648640997707844 0
      vertex -12.550232000648975 20.648640997707844 1.5
      vertex -12.599653996527195 20.732197001576424 1.5
    endloop
  endfacet
  facet normal -0.8072899334561957 -0.5901550333092915 0
    outer loop
      vertex -12.492940999567509 20.570271000266075 0
      vertex -12.550232000648975 20.648640997707844 1.5
      vertex -12.550232000648975 20.648640997707844 0
    endloop
  endfacet
  facet normal -0.8072899334561957 -0.5901550333092915 0
    outer loop
      vertex -12.492940999567509 20.570271000266075 0
      vertex -12.492940999567509 20.570271000266075 1.5
      vertex -12.550232000648975 20.648640997707844 1.5
    endloop
  endfacet
  facet normal -0.7462550325869037 -0.6656601432703624 0
    outer loop
      vertex -12.428319998085499 20.497826002538204 0
      vertex -12.492940999567509 20.570271000266075 1.5
      vertex -12.492940999567509 20.570271000266075 0
    endloop
  endfacet
  facet normal -0.7462550325869037 -0.6656601432703624 0
    outer loop
      vertex -12.428319998085499 20.497826002538204 0
      vertex -12.428319998085499 20.497826002538204 1.5
      vertex -12.492940999567509 20.570271000266075 1.5
    endloop
  endfacet
  facet normal -0.6782005573280641 -0.7348768631817874 0
    outer loop
      vertex -12.356980003416538 20.43198800086975 0
      vertex -12.428319998085499 20.497826002538204 1.5
      vertex -12.428319998085499 20.497826002538204 0
    endloop
  endfacet
  facet normal -0.6782005573280641 -0.7348768631817874 0
    outer loop
      vertex -12.356980003416538 20.43198800086975 0
      vertex -12.356980003416538 20.43198800086975 1.5
      vertex -12.428319998085499 20.497826002538204 1.5
    endloop
  endfacet
  facet normal -0.6037511512989806 -0.7971728465678917 0
    outer loop
      vertex -12.279591999948025 20.37337700277567 0
      vertex -12.356980003416538 20.43198800086975 1.5
      vertex -12.356980003416538 20.43198800086975 0
    endloop
  endfacet
  facet normal -0.6037511512989806 -0.7971728465678917 0
    outer loop
      vertex -12.279591999948025 20.37337700277567 0
      vertex -12.279591999948025 20.37337700277567 1.5
      vertex -12.356980003416538 20.43198800086975 1.5
    endloop
  endfacet
  facet normal -0.5235995977633735 -0.8519644718073832 0
    outer loop
      vertex -12.196884997189045 20.322547003626823 0
      vertex -12.279591999948025 20.37337700277567 1.5
      vertex -12.279591999948025 20.37337700277567 0
    endloop
  endfacet
  facet normal -0.5235995977633735 -0.8519644718073832 0
    outer loop
      vertex -12.196884997189045 20.322547003626823 0
      vertex -12.196884997189045 20.322547003626823 1.5
      vertex -12.279591999948025 20.37337700277567 1.5
    endloop
  endfacet
  facet normal -0.438535733260587 -0.8987137534574619 0
    outer loop
      vertex -12.109640002250671 20.27997499704361 0
      vertex -12.196884997189045 20.322547003626823 1.5
      vertex -12.196884997189045 20.322547003626823 0
    endloop
  endfacet
  facet normal -0.438535733260587 -0.8987137534574619 0
    outer loop
      vertex -12.109640002250671 20.27997499704361 0
      vertex -12.109640002250671 20.27997499704361 1.5
      vertex -12.196884997189045 20.322547003626823 1.5
    endloop
  endfacet
  facet normal -0.39439023268177326 -0.9189430582822947 0
    outer loop
      vertex -12.052666001021862 20.25552300363779 0
      vertex -12.109640002250671 20.27997499704361 1.5
      vertex -12.109640002250671 20.27997499704361 0
    endloop
  endfacet
  facet normal -0.39439023268177326 -0.9189430582822947 0
    outer loop
      vertex -12.052666001021862 20.25552300363779 0
      vertex -12.052666001021862 20.25552300363779 1.5
      vertex -12.109640002250671 20.27997499704361 1.5
    endloop
  endfacet
  facet normal -0.3534994469713616 -0.9354347336885357 0
    outer loop
      vertex -11.970210000872612 20.22436299920082 0
      vertex -12.052666001021862 20.25552300363779 1.5
      vertex -12.052666001021862 20.25552300363779 0
    endloop
  endfacet
  facet normal -0.3534994469713616 -0.9354347336885357 0
    outer loop
      vertex -11.970210000872612 20.22436299920082 0
      vertex -11.970210000872612 20.22436299920082 1.5
      vertex -12.052666001021862 20.25552300363779 1.5
    endloop
  endfacet
  facet normal -0.31193484269872723 -0.9501034964205323 0
    outer loop
      vertex -11.696520000696182 20.13450600206852 0
      vertex -11.970210000872612 20.22436299920082 1.5
      vertex -11.970210000872612 20.22436299920082 0
    endloop
  endfacet
  facet normal -0.31193484269872723 -0.9501034964205323 0
    outer loop
      vertex -11.696520000696182 20.13450600206852 0
      vertex -11.696520000696182 20.13450600206852 1.5
      vertex -11.970210000872612 20.22436299920082 1.5
    endloop
  endfacet
  facet normal -0.28686945771524136 -0.9579696833565053 0
    outer loop
      vertex -11.646182000637054 20.119432002305984 0
      vertex -11.696520000696182 20.13450600206852 1.5
      vertex -11.696520000696182 20.13450600206852 0
    endloop
  endfacet
  facet normal -0.28686945771524136 -0.9579696833565053 0
    outer loop
      vertex -11.646182000637054 20.119432002305984 0
      vertex -11.646182000637054 20.119432002305984 1.5
      vertex -11.696520000696182 20.13450600206852 1.5
    endloop
  endfacet
  facet normal -0.26159441709597064 -0.965177890828535 0
    outer loop
      vertex -11.305919997394085 20.027209997177124 0
      vertex -11.646182000637054 20.119432002305984 1.5
      vertex -11.646182000637054 20.119432002305984 0
    endloop
  endfacet
  facet normal -0.26159441709597064 -0.965177890828535 0
    outer loop
      vertex -11.305919997394085 20.027209997177124 0
      vertex -11.305919997394085 20.027209997177124 1.5
      vertex -11.646182000637054 20.119432002305984 1.5
    endloop
  endfacet
  facet normal -0.24708402824561604 -0.9689940572500533 0
    outer loop
      vertex -11.276813000440598 20.01978799700737 0
      vertex -11.305919997394085 20.027209997177124 1.5
      vertex -11.305919997394085 20.027209997177124 0
    endloop
  endfacet
  facet normal -0.24708402824561604 -0.9689940572500533 0
    outer loop
      vertex -11.276813000440598 20.01978799700737 0
      vertex -11.276813000440598 20.01978799700737 1.5
      vertex -11.305919997394085 20.027209997177124 1.5
    endloop
  endfacet
  facet normal -0.2324882583083277 -0.9725992030372841 0
    outer loop
      vertex -10.891615003347397 19.927711002528667 0
      vertex -11.276813000440598 20.01978799700737 1.5
      vertex -11.276813000440598 20.01978799700737 0
    endloop
  endfacet
  facet normal -0.2324882583083277 -0.9725992030372841 0
    outer loop
      vertex -10.891615003347397 19.927711002528667 0
      vertex -10.891615003347397 19.927711002528667 1.5
      vertex -11.276813000440598 20.01978799700737 1.5
    endloop
  endfacet
  facet normal -0.21920028511185188 -0.9756798834694107 0
    outer loop
      vertex -10.048926003277302 19.738389000296593 0
      vertex -10.891615003347397 19.927711002528667 1.5
      vertex -10.891615003347397 19.927711002528667 0
    endloop
  endfacet
  facet normal -0.21920028511185188 -0.9756798834694107 0
    outer loop
      vertex -10.048926003277302 19.738389000296593 0
      vertex -10.048926003277302 19.738389000296593 1.5
      vertex -10.891615003347397 19.927711002528667 1.5
    endloop
  endfacet
  facet normal -0.2323777447328982 -0.9726256133543122 0
    outer loop
      vertex -9.646381996572018 19.642214000225067 0
      vertex -10.048926003277302 19.738389000296593 1.5
      vertex -10.048926003277302 19.738389000296593 0
    endloop
  endfacet
  facet normal -0.2323777447328982 -0.9726256133543122 0
    outer loop
      vertex -9.646381996572018 19.642214000225067 0
      vertex -9.646381996572018 19.642214000225067 1.5
      vertex -10.048926003277302 19.738389000296593 1.5
    endloop
  endfacet
  facet normal -0.24710796280090477 -0.9689879538572121 0
    outer loop
      vertex -9.631829999387264 19.63850300014019 0
      vertex -9.646381996572018 19.642214000225067 1.5
      vertex -9.646381996572018 19.642214000225067 0
    endloop
  endfacet
  facet normal -0.24710796280090477 -0.9689879538572121 0
    outer loop
      vertex -9.631829999387264 19.63850300014019 0
      vertex -9.631829999387264 19.63850300014019 1.5
      vertex -9.646381996572018 19.642214000225067 1.5
    endloop
  endfacet
  facet normal -0.2615936626807462 -0.9651780952991381 0
    outer loop
      vertex -9.271632000803947 19.540877997875214 0
      vertex -9.631829999387264 19.63850300014019 1.5
      vertex -9.631829999387264 19.63850300014019 0
    endloop
  endfacet
  facet normal -0.2615936626807462 -0.9651780952991381 0
    outer loop
      vertex -9.271632000803947 19.540877997875214 0
      vertex -9.271632000803947 19.540877997875214 1.5
      vertex -9.631829999387264 19.63850300014019 1.5
    endloop
  endfacet
  facet normal -0.2868868803515735 -0.957964465876549 0
    outer loop
      vertex -9.246468000113964 19.533341996371746 0
      vertex -9.271632000803947 19.540877997875214 1.5
      vertex -9.271632000803947 19.540877997875214 0
    endloop
  endfacet
  facet normal -0.2868868803515735 -0.957964465876549 0
    outer loop
      vertex -9.246468000113964 19.533341996371746 0
      vertex -9.246468000113964 19.533341996371746 1.5
      vertex -9.271632000803947 19.540877997875214 1.5
    endloop
  endfacet
  facet normal -0.31193158967793555 -0.9501045644354078 0
    outer loop
      vertex -8.939322002232075 19.43250200152397 0
      vertex -9.246468000113964 19.533341996371746 1.5
      vertex -9.246468000113964 19.533341996371746 0
    endloop
  endfacet
  facet normal -0.31193158967793555 -0.9501045644354078 0
    outer loop
      vertex -8.939322002232075 19.43250200152397 0
      vertex -8.939322002232075 19.43250200152397 1.5
      vertex -9.246468000113964 19.533341996371746 1.5
    endloop
  endfacet
  facet normal -0.3535180365240363 -0.9354277085120958 0
    outer loop
      vertex -8.898115001618862 19.416928999125957 0
      vertex -8.939322002232075 19.43250200152397 1.5
      vertex -8.939322002232075 19.43250200152397 0
    endloop
  endfacet
  facet normal -0.3535180365240363 -0.9354277085120958 0
    outer loop
      vertex -8.898115001618862 19.416928999125957 0
      vertex -8.898115001618862 19.416928999125957 1.5
      vertex -8.939322002232075 19.43250200152397 1.5
    endloop
  endfacet
  facet normal -0.39438759778203014 -0.9189441891190779 0
    outer loop
      vertex -8.737565003335476 19.348025001585484 0
      vertex -8.898115001618862 19.416928999125957 1.5
      vertex -8.898115001618862 19.416928999125957 0
    endloop
  endfacet
  facet normal -0.39438759778203014 -0.9189441891190779 0
    outer loop
      vertex -8.737565003335476 19.348025001585484 0
      vertex -8.737565003335476 19.348025001585484 1.5
      vertex -8.898115001618862 19.416928999125957 1.5
    endloop
  endfacet
  facet normal -0.4385333203343594 -0.8987149308632422 0
    outer loop
      vertex -8.716393001377583 19.337693996727467 0
      vertex -8.737565003335476 19.348025001585484 1.5
      vertex -8.737565003335476 19.348025001585484 0
    endloop
  endfacet
  facet normal -0.4385333203343594 -0.8987149308632422 0
    outer loop
      vertex -8.716393001377583 19.337693996727467 0
      vertex -8.716393001377583 19.337693996727467 1.5
      vertex -8.737565003335476 19.348025001585484 1.5
    endloop
  endfacet
  facet normal -0.9988222539296756 -0.04851912050771782 0
    outer loop
      vertex -8.715250000357628 19.314163997769356 0
      vertex -8.716393001377583 19.337693996727467 1.5
      vertex -8.716393001377583 19.337693996727467 0
    endloop
  endfacet
  facet normal -0.9988222539296756 -0.04851912050771782 0
    outer loop
      vertex -8.715250000357628 19.314163997769356 0
      vertex -8.715250000357628 19.314163997769356 1.5
      vertex -8.716393001377583 19.337693996727467 1.5
    endloop
  endfacet
  facet normal -1 0 0
    outer loop
      vertex -8.715250000357628 -2 0
      vertex -8.715250000357628 19.314163997769356 1.5
      vertex -8.715250000357628 19.314163997769356 0
    endloop
  endfacet
  facet normal -1 0 0
    outer loop
      vertex -8.715250000357628 -2 0
      vertex -8.715250000357628 -2 1.5
      vertex -8.715250000357628 19.314163997769356 1.5
    endloop
  endfacet
  facet normal -0.998795590590484 -0.04906493877512149 0
    outer loop
      vertex -8.710435003042221 -2.0980169996619225 0
      vertex -8.715250000357628 -2 1.5
      vertex -8.715250000357628 -2 0
    endloop
  endfacet
  facet normal -0.998795590590484 -0.04906493877512149 0
    outer loop
      vertex -8.710435003042221 -2.0980169996619225 0
      vertex -8.710435003042221 -2.0980169996619225 1.5
      vertex -8.715250000357628 -2 1.5
    endloop
  endfacet
  facet normal -0.9891756440195577 -0.14673631206519097 0
    outer loop
      vertex -8.696034997701645 -2.195090003311634 0
      vertex -8.710435003042221 -2.0980169996619225 1.5
      vertex -8.710435003042221 -2.0980169996619225 0
    endloop
  endfacet
  facet normal -0.9891756440195577 -0.14673631206519097 0
    outer loop
      vertex -8.696034997701645 -2.195090003311634 0
      vertex -8.696034997701645 -2.195090003311634 1.5
      vertex -8.710435003042221 -2.0980169996619225 1.5
    endloop
  endfacet
  facet normal -0.9700315183940874 -0.2429791211648878 0
    outer loop
      vertex -8.672190003097057 -2.290284998714924 0
      vertex -8.696034997701645 -2.195090003311634 1.5
      vertex -8.696034997701645 -2.195090003311634 0
    endloop
  endfacet
  facet normal -0.9700315183940874 -0.2429791211648878 0
    outer loop
      vertex -8.672190003097057 -2.290284998714924 0
      vertex -8.672190003097057 -2.290284998714924 1.5
      vertex -8.696034997701645 -2.195090003311634 1.5
    endloop
  endfacet
  facet normal -0.9415457692954262 -0.3368850906791277 0
    outer loop
      vertex -8.639129996299744 -2.382683001458645 0
      vertex -8.672190003097057 -2.290284998714924 1.5
      vertex -8.672190003097057 -2.290284998714924 0
    endloop
  endfacet
  facet normal -0.9415457692954262 -0.3368850906791277 0
    outer loop
      vertex -8.639129996299744 -2.382683001458645 0
      vertex -8.639129996299744 -2.382683001458645 1.5
      vertex -8.672190003097057 -2.290284998714924 1.5
    endloop
  endfacet
  facet normal -0.9039877182330421 -0.42755842324040116 0
    outer loop
      vertex -8.597171001136303 -2.4713969975709915 0
      vertex -8.639129996299744 -2.382683001458645 1.5
      vertex -8.639129996299744 -2.382683001458645 0
    endloop
  endfacet
  facet normal -0.9039877182330421 -0.42755842324040116 0
    outer loop
      vertex -8.597171001136303 -2.4713969975709915 0
      vertex -8.597171001136303 -2.4713969975709915 1.5
      vertex -8.639129996299744 -2.382683001458645 1.5
    endloop
  endfacet
  facet normal -0.8577301936251087 -0.514100102065574 0
    outer loop
      vertex -8.546719998121262 -2.555569998919964 0
      vertex -8.597171001136303 -2.4713969975709915 1.5
      vertex -8.597171001136303 -2.4713969975709915 0
    endloop
  endfacet
  facet normal -0.8577301936251087 -0.514100102065574 0
    outer loop
      vertex -8.546719998121262 -2.555569998919964 0
      vertex -8.546719998121262 -2.555569998919964 1.5
      vertex -8.597171001136303 -2.4713969975709915 1.5
    endloop
  endfacet
  facet normal -0.8032032603172153 -0.5957050634464975 0
    outer loop
      vertex -8.488260000944138 -2.634392999112606 0
      vertex -8.546719998121262 -2.555569998919964 1.5
      vertex -8.546719998121262 -2.555569998919964 0
    endloop
  endfacet
  facet normal -0.8032032603172153 -0.5957050634464975 0
    outer loop
      vertex -8.488260000944138 -2.634392999112606 0
      vertex -8.488260000944138 -2.634392999112606 1.5
      vertex -8.546719998121262 -2.555569998919964 1.5
    endloop
  endfacet
  facet normal -0.7409568466825369 -0.671552642280761 0
    outer loop
      vertex -8.422357000410557 -2.707107000052929 0
      vertex -8.488260000944138 -2.634392999112606 1.5
      vertex -8.488260000944138 -2.634392999112606 0
    endloop
  endfacet
  facet normal -0.7409568466825369 -0.671552642280761 0
    outer loop
      vertex -8.422357000410557 -2.707107000052929 0
      vertex -8.422357000410557 -2.707107000052929 1.5
      vertex -8.488260000944138 -2.634392999112606 1.5
    endloop
  endfacet
  facet normal -0.671552642280761 -0.7409568466825369 0
    outer loop
      vertex -8.349642999470234 -2.7730100005865097 0
      vertex -8.422357000410557 -2.707107000052929 1.5
      vertex -8.422357000410557 -2.707107000052929 0
    endloop
  endfacet
  facet normal -0.671552642280761 -0.7409568466825369 0
    outer loop
      vertex -8.349642999470234 -2.7730100005865097 0
      vertex -8.349642999470234 -2.7730100005865097 1.5
      vertex -8.422357000410557 -2.707107000052929 1.5
    endloop
  endfacet
  facet normal -0.5957050634464975 -0.8032032603172153 0
    outer loop
      vertex -8.270819999277592 -2.8314699977636337 0
      vertex -8.349642999470234 -2.7730100005865097 1.5
      vertex -8.349642999470234 -2.7730100005865097 0
    endloop
  endfacet
  facet normal -0.5957050634464975 -0.8032032603172153 0
    outer loop
      vertex -8.270819999277592 -2.8314699977636337 0
      vertex -8.270819999277592 -2.8314699977636337 1.5
      vertex -8.349642999470234 -2.7730100005865097 1.5
    endloop
  endfacet
  facet normal -0.514100102065574 -0.8577301936251087 0
    outer loop
      vertex -8.18664699792862 -2.881921000778675 0
      vertex -8.270819999277592 -2.8314699977636337 1.5
      vertex -8.270819999277592 -2.8314699977636337 0
    endloop
  endfacet
  facet normal -0.514100102065574 -0.8577301936251087 0
    outer loop
      vertex -8.18664699792862 -2.881921000778675 0
      vertex -8.18664699792862 -2.881921000778675 1.5
      vertex -8.270819999277592 -2.8314699977636337 1.5
    endloop
  endfacet
  facet normal -0.42755848528236606 -0.9039876888890959 0
    outer loop
      vertex -8.097933001816273 -2.9238800033926964 0
      vertex -8.18664699792862 -2.881921000778675 1.5
      vertex -8.18664699792862 -2.881921000778675 0
    endloop
  endfacet
  facet normal -0.42755848528236606 -0.9039876888890959 0
    outer loop
      vertex -8.097933001816273 -2.9238800033926964 0
      vertex -8.097933001816273 -2.9238800033926964 1.5
      vertex -8.18664699792862 -2.881921000778675 1.5
    endloop
  endfacet
  facet normal -0.3368850233734256 -0.9415457933774047 0
    outer loop
      vertex -8.005534999072552 -2.9569400027394295 0
      vertex -8.097933001816273 -2.9238800033926964 1.5
      vertex -8.097933001816273 -2.9238800033926964 0
    endloop
  endfacet
  facet normal -0.3368850233734256 -0.9415457933774047 0
    outer loop
      vertex -8.005534999072552 -2.9569400027394295 0
      vertex -8.005534999072552 -2.9569400027394295 1.5
      vertex -8.097933001816273 -2.9238800033926964 1.5
    endloop
  endfacet
  facet normal -0.2429791211648878 -0.9700315183940874 0
    outer loop
      vertex -7.910340003669262 -2.980784997344017 0
      vertex -8.005534999072552 -2.9569400027394295 1.5
      vertex -8.005534999072552 -2.9569400027394295 0
    endloop
  endfacet
  facet normal -0.2429791211648878 -0.9700315183940874 0
    outer loop
      vertex -7.910340003669262 -2.980784997344017 0
      vertex -7.910340003669262 -2.980784997344017 1.5
      vertex -8.005534999072552 -2.9569400027394295 1.5
    endloop
  endfacet
  facet normal -0.14673631206519097 -0.9891756440195577 0
    outer loop
      vertex -7.81326700001955 -2.995185002684593 0
      vertex -7.910340003669262 -2.980784997344017 1.5
      vertex -7.910340003669262 -2.980784997344017 0
    endloop
  endfacet
  facet normal -0.14673631206519097 -0.9891756440195577 0
    outer loop
      vertex -7.81326700001955 -2.995185002684593 0
      vertex -7.81326700001955 -2.995185002684593 1.5
      vertex -7.910340003669262 -2.980784997344017 1.5
    endloop
  endfacet
  facet normal -0.04906493877512149 -0.998795590590484 0
    outer loop
      vertex -7.715250000357628 -3 0
      vertex -7.81326700001955 -2.995185002684593 1.5
      vertex -7.81326700001955 -2.995185002684593 0
    endloop
  endfacet
  facet normal -0.04906493877512149 -0.998795590590484 0
    outer loop
      vertex -7.715250000357628 -3 0
      vertex -7.715250000357628 -3 1.5
      vertex -7.81326700001955 -2.995185002684593 1.5
    endloop
  endfacet
  facet normal 0 -1 0
    outer loop
      vertex 56.07916799932718 -3 0
      vertex -7.715250000357628 -3 1.5
      vertex -7.715250000357628 -3 0
    endloop
  endfacet
  facet normal 0 -1 0
    outer loop
      vertex 56.07916799932718 -3 0
      vertex 56.07916799932718 -3 1.5
      vertex -7.715250000357628 -3 1.5
    endloop
  endfacet
  facet normal -0.049002272654403156 -0.9987986670369076 0
    outer loop
      vertex 56.12694499641657 -3.002343997359276 0
      vertex 56.07916799932718 -3 1.5
      vertex 56.07916799932718 -3 0
    endloop
  endfacet
  facet normal -0.049002272654403156 -0.9987986670369076 0
    outer loop
      vertex 56.12694499641657 -3.002343997359276 0
      vertex 56.12694499641657 -3.002343997359276 1.5
      vertex 56.07916799932718 -3 1.5
    endloop
  endfacet
  facet normal -0.10955447205249969 -0.993980793402618 0
    outer loop
      vertex 56.140000998973846 -3.0037830024957657 0
      vertex 56.12694499641657 -3.002343997359276 1.5
      vertex 56.12694499641657 -3.002343997359276 0
    endloop
  endfacet
  facet normal -0.10955447205249969 -0.993980793402618 0
    outer loop
      vertex 56.140000998973846 -3.0037830024957657 0
      vertex 56.140000998973846 -3.0037830024957657 1.5
      vertex 56.12694499641657 -3.002343997359276 1.5
    endloop
  endfacet
  facet normal -0.03515778197915522 -0.99938177408151 0
    outer loop
      vertex 56.21453300118446 -3.0064050033688545 0
      vertex 56.140000998973846 -3.0037830024957657 1.5
      vertex 56.140000998973846 -3.0037830024957657 0
    endloop
  endfacet
  facet normal -0.03515778197915522 -0.99938177408151 0
    outer loop
      vertex 56.21453300118446 -3.0064050033688545 0
      vertex 56.21453300118446 -3.0064050033688545 1.5
      vertex 56.140000998973846 -3.0037830024957657 1.5
    endloop
  endfacet
  facet normal 0.0021292721969514467 -0.9999977330973862 0
    outer loop
      vertex 76.19596499949694 -2.963858999311924 0
      vertex 56.21453300118446 -3.0064050033688545 1.5
      vertex 56.21453300118446 -3.0064050033688545 0
    endloop
  endfacet
  facet normal 0.0021292721969514467 -0.9999977330973862 0
    outer loop
      vertex 76.19596499949694 -2.963858999311924 0
      vertex 76.19596499949694 -2.963858999311924 1.5
      vertex 56.21453300118446 -3.0064050033688545 1.5
    endloop
  endfacet
  facet normal -0.045813649500166254 -0.998950003513427 0
    outer loop
      vertex 76.21973200142384 -2.964948996901512 0
      vertex 76.19596499949694 -2.963858999311924 1.5
      vertex 76.19596499949694 -2.963858999311924 0
    endloop
  endfacet
  facet normal -0.045813649500166254 -0.998950003513427 0
    outer loop
      vertex 76.21973200142384 -2.964948996901512 0
      vertex 76.21973200142384 -2.964948996901512 1.5
      vertex 76.19596499949694 -2.963858999311924 1.5
    endloop
  endfacet
  facet normal -0.3274323019984266 -0.9448746412133258 0
    outer loop
      vertex 76.24293600022793 -2.972989998757839 0
      vertex 76.21973200142384 -2.964948996901512 1.5
      vertex 76.21973200142384 -2.964948996901512 0
    endloop
  endfacet
  facet normal -0.3274323019984266 -0.9448746412133258 0
    outer loop
      vertex 76.24293600022793 -2.972989998757839 0
      vertex 76.24293600022793 -2.972989998757839 1.5
      vertex 76.21973200142384 -2.964948996901512 1.5
    endloop
  endfacet
  facet normal -0.37348778618911166 -0.9276350972055534 0
    outer loop
      vertex 76.28257600218058 -2.9889499992132187 0
      vertex 76.24293600022793 -2.972989998757839 1.5
      vertex 76.24293600022793 -2.972989998757839 0
    endloop
  endfacet
  facet normal -0.37348778618911166 -0.9276350972055534 0
    outer loop
      vertex 76.28257600218058 -2.9889499992132187 0
      vertex 76.28257600218058 -2.9889499992132187 1.5
      vertex 76.24293600022793 -2.972989998757839 1.5
    endloop
  endfacet
  facet normal -0.2852130115564063 -0.9584641558446122 0
    outer loop
      vertex 76.37219099700451 -3.015616998076439 0
      vertex 76.28257600218058 -2.9889499992132187 1.5
      vertex 76.28257600218058 -2.9889499992132187 0
    endloop
  endfacet
  facet normal -0.2852130115564063 -0.9584641558446122 0
    outer loop
      vertex 76.37219099700451 -3.015616998076439 0
      vertex 76.37219099700451 -3.015616998076439 1.5
      vertex 76.28257600218058 -2.9889499992132187 1.5
    endloop
  endfacet
  facet normal -0.19444990148901717 -0.9809124506350766 0
    outer loop
      vertex 76.46390599757433 -3.0337980017066 0
      vertex 76.37219099700451 -3.015616998076439 1.5
      vertex 76.37219099700451 -3.015616998076439 0
    endloop
  endfacet
  facet normal -0.19444990148901717 -0.9809124506350766 0
    outer loop
      vertex 76.46390599757433 -3.0337980017066 0
      vertex 76.46390599757433 -3.0337980017066 1.5
      vertex 76.37219099700451 -3.015616998076439 1.5
    endloop
  endfacet
  facet normal -0.10199085228184039 -0.9947853366685818 0
    outer loop
      vertex 76.55691699683666 -3.043333999812603 0
      vertex 76.46390599757433 -3.0337980017066 1.5
      vertex 76.46390599757433 -3.0337980017066 0
    endloop
  endfacet
  facet normal -0.10199085228184039 -0.9947853366685818 0
    outer loop
      vertex 76.55691699683666 -3.043333999812603 0
      vertex 76.55691699683666 -3.043333999812603 1.5
      vertex 76.46390599757433 -3.0337980017066 1.5
    endloop
  endfacet
  facet normal -0.008631086973292101 -0.9999627514751035 0
    outer loop
      vertex 76.65041299909353 -3.044141001999378 0
      vertex 76.55691699683666 -3.043333999812603 1.5
      vertex 76.55691699683666 -3.043333999812603 0
    endloop
  endfacet
  facet normal -0.008631086973292101 -0.9999627514751035 0
    outer loop
      vertex 76.65041299909353 -3.044141001999378 0
      vertex 76.65041299909353 -3.044141001999378 1.5
      vertex 76.55691699683666 -3.043333999812603 1.5
    endloop
  endfacet
  facet normal 0.03812606158796702 -0.999272937403886 0
    outer loop
      vertex 78.89682099968195 -2.9584319964051247 0
      vertex 76.65041299909353 -3.044141001999378 1.5
      vertex 76.65041299909353 -3.044141001999378 0
    endloop
  endfacet
  facet normal 0.03812606158796702 -0.999272937403886 0
    outer loop
      vertex 78.89682099968195 -2.9584319964051247 0
      vertex 78.89682099968195 -2.9584319964051247 1.5
      vertex 76.65041299909353 -3.044141001999378 1.5
    endloop
  endfacet
  facet normal 0.10374728348236621 -0.9946036905069423 0
    outer loop
      vertex 137.49100399762392 98.94383899867535 0
      vertex 137.49100399762392 98.94383899867535 1.5
      vertex 130.52877800166607 98.21760799735785 0
    endloop
  endfacet
  facet normal 0.10374728348236621 -0.9946036905069423 0
    outer loop
      vertex 130.52877800166607 98.21760799735785 1.5
      vertex 130.52877800166607 98.21760799735785 0
      vertex 137.49100399762392 98.94383899867535 1.5
    endloop
  endfacet
  facet normal -0.9946036809927793 -0.10374737469263391 0
    outer loop
      vertex 139.10946299880743 83.42802199721336 0
      vertex 139.10946299880743 83.42802199721336 1.5
      vertex 137.49100399762392 98.94383899867535 0
    endloop
  endfacet
  facet normal -0.9946036809927793 -0.10374737469263391 0
    outer loop
      vertex 137.49100399762392 98.94383899867535 1.5
      vertex 137.49100399762392 98.94383899867535 0
      vertex 139.10946299880743 83.42802199721336 1.5
    endloop
  endfacet
  facet normal -0.10374728242945391 0.9946036906167718 0
    outer loop
      vertex 132.14723700284958 82.70179100334644 0
      vertex 132.14723700284958 82.70179100334644 1.5
      vertex 139.10946299880743 83.42802199721336 0
    endloop
  endfacet
  facet normal -0.10374728242945391 0.9946036906167718 0
    outer loop
      vertex 139.10946299880743 83.42802199721336 1.5
      vertex 139.10946299880743 83.42802199721336 0
      vertex 132.14723700284958 82.70179100334644 1.5
    endloop
  endfacet
  facet normal 0.9946036809876385 0.10374737474191639 0
    outer loop
      vertex 130.52877800166607 98.21760799735785 0
      vertex 130.52877800166607 98.21760799735785 1.5
      vertex 132.14723700284958 82.70179100334644 0
    endloop
  endfacet
  facet normal 0.9946036809876385 0.10374737474191639 0
    outer loop
      vertex 132.14723700284958 82.70179100334644 1.5
      vertex 132.14723700284958 82.70179100334644 0
      vertex 130.52877800166607 98.21760799735785 1.5
    endloop
  endfacet
  facet normal 0.994603688421652 0.10374730347360935 0
    outer loop
      vertex 115.35607100278139 95.17734500020742 0
      vertex 115.35607100278139 95.17734500020742 1.5
      vertex 116.80547700077295 81.28219299763441 0
    endloop
  endfacet
  facet normal 0.994603688421652 0.10374730347360935 0
    outer loop
      vertex 116.80547700077295 81.28219299763441 1.5
      vertex 116.80547700077295 81.28219299763441 0
      vertex 115.35607100278139 95.17734500020742 1.5
    endloop
  endfacet
  facet normal 0.9984945256704342 0.05485145582548171 0
    outer loop
      vertex 115.35530000180006 95.19138000160456 0
      vertex 115.35530000180006 95.19138000160456 1.5
      vertex 115.35607100278139 95.17734500020742 0
    endloop
  endfacet
  facet normal 0.9984945256704342 0.05485145582548171 0
    outer loop
      vertex 115.35607100278139 95.17734500020742 1.5
      vertex 115.35607100278139 95.17734500020742 0
      vertex 115.35530000180006 95.19138000160456 1.5
    endloop
  endfacet
  facet normal 0.1524470855926297 -0.9883116340984324 0
    outer loop
      vertex 115.3691930025816 95.19352299720049 0
      vertex 115.3691930025816 95.19352299720049 1.5
      vertex 115.35530000180006 95.19138000160456 0
    endloop
  endfacet
  facet normal 0.1524470855926297 -0.9883116340984324 0
    outer loop
      vertex 115.35530000180006 95.19138000160456 1.5
      vertex 115.35530000180006 95.19138000160456 0
      vertex 115.3691930025816 95.19352299720049 1.5
    endloop
  endfacet
  facet normal 0.10374730405620615 -0.9946036883608813 0
    outer loop
      vertex 129.26434499770403 96.64292900264263 0
      vertex 129.26434499770403 96.64292900264263 1.5
      vertex 115.3691930025816 95.19352299720049 0
    endloop
  endfacet
  facet normal 0.10374730405620615 -0.9946036883608813 0
    outer loop
      vertex 115.3691930025816 95.19352299720049 1.5
      vertex 115.3691930025816 95.19352299720049 0
      vertex 129.26434499770403 96.64292900264263 1.5
    endloop
  endfacet
  facet normal 0.05485145582548171 -0.9984945256704342 0
    outer loop
      vertex 129.27837999910116 96.64370000362396 0
      vertex 129.27837999910116 96.64370000362396 1.5
      vertex 129.26434499770403 96.64292900264263 0
    endloop
  endfacet
  facet normal 0.05485145582548171 -0.9984945256704342 0
    outer loop
      vertex 129.26434499770403 96.64292900264263 1.5
      vertex 129.26434499770403 96.64292900264263 0
      vertex 129.27837999910116 96.64370000362396 1.5
    endloop
  endfacet
  facet normal -0.9883115542435083 -0.15244760328972426 0
    outer loop
      vertex 129.28052300214767 96.62980700284243 0
      vertex 129.28052300214767 96.62980700284243 1.5
      vertex 129.27837999910116 96.64370000362396 0
    endloop
  endfacet
  facet normal -0.9883115542435083 -0.15244760328972426 0
    outer loop
      vertex 129.27837999910116 96.64370000362396 1.5
      vertex 129.27837999910116 96.64370000362396 0
      vertex 129.28052300214767 96.62980700284243 1.5
    endloop
  endfacet
  facet normal -0.994603688421652 -0.10374730347360935 0
    outer loop
      vertex 130.72992900013924 82.73465500026941 0
      vertex 130.72992900013924 82.73465500026941 1.5
      vertex 129.28052300214767 96.62980700284243 0
    endloop
  endfacet
  facet normal -0.994603688421652 -0.10374730347360935 0
    outer loop
      vertex 129.28052300214767 96.62980700284243 1.5
      vertex 129.28052300214767 96.62980700284243 0
      vertex 130.72992900013924 82.73465500026941 1.5
    endloop
  endfacet
  facet normal -0.9984945256704342 -0.05485145582548171 0
    outer loop
      vertex 130.73070000112057 82.72061999887228 0
      vertex 130.73070000112057 82.72061999887228 1.5
      vertex 130.72992900013924 82.73465500026941 0
    endloop
  endfacet
  facet normal -0.9984945256704342 -0.05485145582548171 0
    outer loop
      vertex 130.72992900013924 82.73465500026941 1.5
      vertex 130.72992900013924 82.73465500026941 0
      vertex 130.73070000112057 82.72061999887228 1.5
    endloop
  endfacet
  facet normal -0.1524470855926297 0.9883116340984324 0
    outer loop
      vertex 130.71680700033903 82.71847700327635 0
      vertex 130.71680700033903 82.71847700327635 1.5
      vertex 130.73070000112057 82.72061999887228 0
    endloop
  endfacet
  facet normal -0.1524470855926297 0.9883116340984324 0
    outer loop
      vertex 130.73070000112057 82.72061999887228 1.5
      vertex 130.73070000112057 82.72061999887228 0
      vertex 130.71680700033903 82.71847700327635 1.5
    endloop
  endfacet
  facet normal -0.1037473040011756 0.9946036883666215 0
    outer loop
      vertex 116.82165499776602 81.2690709978342 0
      vertex 116.82165499776602 81.2690709978342 1.5
      vertex 130.71680700033903 82.71847700327635 0
    endloop
  endfacet
  facet normal -0.1037473040011756 0.9946036883666215 0
    outer loop
      vertex 130.71680700033903 82.71847700327635 1.5
      vertex 130.71680700033903 82.71847700327635 0
      vertex 116.82165499776602 81.2690709978342 1.5
    endloop
  endfacet
  facet normal -0.05485145582548171 0.9984945256704342 0
    outer loop
      vertex 116.80761999636889 81.26829999685287 0
      vertex 116.80761999636889 81.26829999685287 1.5
      vertex 116.82165499776602 81.2690709978342 0
    endloop
  endfacet
  facet normal -0.05485145582548171 0.9984945256704342 0
    outer loop
      vertex 116.82165499776602 81.2690709978342 1.5
      vertex 116.82165499776602 81.2690709978342 0
      vertex 116.80761999636889 81.26829999685287 1.5
    endloop
  endfacet
  facet normal 0.9883116340984324 0.1524470855926297 0
    outer loop
      vertex 116.80547700077295 81.28219299763441 0
      vertex 116.80547700077295 81.28219299763441 1.5
      vertex 116.80761999636889 81.26829999685287 0
    endloop
  endfacet
  facet normal 0.9883116340984324 0.1524470855926297 0
    outer loop
      vertex 116.80761999636889 81.26829999685287 1.5
      vertex 116.80761999636889 81.26829999685287 0
      vertex 116.80547700077295 81.28219299763441 1.5
    endloop
  endfacet
  facet normal 0.10374728348236621 -0.9946036905069423 0
    outer loop
      vertex 113.80700399726629 96.47335600107908 0
      vertex 113.80700399726629 96.47335600107908 1.5
      vertex 106.84477800130844 95.74712499976158 0
    endloop
  endfacet
  facet normal 0.10374728348236621 -0.9946036905069423 0
    outer loop
      vertex 106.84477800130844 95.74712499976158 1.5
      vertex 106.84477800130844 95.74712499976158 0
      vertex 113.80700399726629 96.47335600107908 1.5
    endloop
  endfacet
  facet normal -0.9946036875966321 -0.10374731138290447 0
    outer loop
      vertex 115.425462000072 80.9575389996171 0
      vertex 115.425462000072 80.9575389996171 1.5
      vertex 113.80700399726629 96.47335600107908 0
    endloop
  endfacet
  facet normal -0.9946036875966321 -0.10374731138290447 0
    outer loop
      vertex 113.80700399726629 96.47335600107908 1.5
      vertex 113.80700399726629 96.47335600107908 0
      vertex 115.425462000072 80.9575389996171 1.5
    endloop
  endfacet
  facet normal -0.1037474392897814 0.9946036742546315 0
    outer loop
      vertex 108.46323700249195 80.2313069999218 0
      vertex 108.46323700249195 80.2313069999218 1.5
      vertex 115.425462000072 80.9575389996171 0
    endloop
  endfacet
  facet normal -0.1037474392897814 0.9946036742546315 0
    outer loop
      vertex 115.425462000072 80.9575389996171 1.5
      vertex 115.425462000072 80.9575389996171 0
      vertex 108.46323700249195 80.2313069999218 1.5
    endloop
  endfacet
  facet normal 0.9946036816816289 0.10374736808877964 0
    outer loop
      vertex 106.84477800130844 95.74712499976158 0
      vertex 106.84477800130844 95.74712499976158 1.5
      vertex 108.46323700249195 80.2313069999218 0
    endloop
  endfacet
  facet normal 0.9946036816816289 0.10374736808877964 0
    outer loop
      vertex 108.46323700249195 80.2313069999218 1.5
      vertex 108.46323700249195 80.2313069999218 0
      vertex 106.84477800130844 95.74712499976158 1.5
    endloop
  endfacet
  facet normal 0.9967919318394284 0.08003652053794287 0
    outer loop
      vertex 78.28410200029612 78.9649029970169 0
      vertex 78.28410200029612 78.9649029970169 1.5
      vertex 78.28522700071335 78.95089200139046 0
    endloop
  endfacet
  facet normal 0.9967919318394284 0.08003652053794287 0
    outer loop
      vertex 78.28522700071335 78.95089200139046 1.5
      vertex 78.28522700071335 78.95089200139046 0
      vertex 78.28410200029612 78.9649029970169 1.5
    endloop
  endfacet
  facet normal 0.999518546767108 0.031026999026143982 0
    outer loop
      vertex 77.85063800215721 92.9287189990282 0
      vertex 77.85063800215721 92.9287189990282 1.5
      vertex 78.28410200029612 78.9649029970169 0
    endloop
  endfacet
  facet normal 0.999518546767108 0.031026999026143982 0
    outer loop
      vertex 78.28410200029612 78.9649029970169 1.5
      vertex 78.28410200029612 78.9649029970169 0
      vertex 77.85063800215721 92.9287189990282 1.5
    endloop
  endfacet
  facet normal 0.9998367235975008 -0.01807003447187631 0
    outer loop
      vertex 77.85089199990034 92.94277299940586 0
      vertex 77.85089199990034 92.94277299940586 1.5
      vertex 77.85063800215721 92.9287189990282 0
    endloop
  endfacet
  facet normal 0.9998367235975008 -0.01807003447187631 0
    outer loop
      vertex 77.85063800215721 92.9287189990282 1.5
      vertex 77.85063800215721 92.9287189990282 0
      vertex 77.85089199990034 92.94277299940586 1.5
    endloop
  endfacet
  facet normal 0.0800364782498481 -0.9967919352349123 0
    outer loop
      vertex 77.86490300297737 92.9438979998231 0
      vertex 77.86490300297737 92.9438979998231 1.5
      vertex 77.85089199990034 92.94277299940586 0
    endloop
  endfacet
  facet normal 0.0800364782498481 -0.9967919352349123 0
    outer loop
      vertex 77.85089199990034 92.94277299940586 1.5
      vertex 77.85089199990034 92.94277299940586 0
      vertex 77.86490300297737 92.9438979998231 1.5
    endloop
  endfacet
  facet normal 0.031026999042682912 -0.9995185467665946 0
    outer loop
      vertex 91.82871899753809 93.377361997962 0
      vertex 91.82871899753809 93.377361997962 1.5
      vertex 77.86490300297737 92.9438979998231 0
    endloop
  endfacet
  facet normal 0.031026999042682912 -0.9995185467665946 0
    outer loop
      vertex 77.86490300297737 92.9438979998231 1.5
      vertex 77.86490300297737 92.9438979998231 0
      vertex 91.82871899753809 93.377361997962 1.5
    endloop
  endfacet
  facet normal -0.01807003447187631 -0.9998367235975008 0
    outer loop
      vertex 91.84277299791574 93.37710800021887 0
      vertex 91.84277299791574 93.37710800021887 1.5
      vertex 91.82871899753809 93.377361997962 0
    endloop
  endfacet
  facet normal -0.01807003447187631 -0.9998367235975008 0
    outer loop
      vertex 91.82871899753809 93.377361997962 1.5
      vertex 91.82871899753809 93.377361997962 0
      vertex 91.84277299791574 93.37710800021887 1.5
    endloop
  endfacet
  facet normal -0.9967919352349123 -0.0800364782498481 0
    outer loop
      vertex 91.84389799833298 93.36309699714184 0
      vertex 91.84389799833298 93.36309699714184 1.5
      vertex 91.84277299791574 93.37710800021887 0
    endloop
  endfacet
  facet normal -0.9967919352349123 -0.0800364782498481 0
    outer loop
      vertex 91.84277299791574 93.37710800021887 1.5
      vertex 91.84277299791574 93.37710800021887 0
      vertex 91.84389799833298 93.36309699714184 1.5
    endloop
  endfacet
  facet normal -0.9995185467665946 -0.031026999042682912 0
    outer loop
      vertex 92.27736199647188 79.39928100258112 0
      vertex 92.27736199647188 79.39928100258112 1.5
      vertex 91.84389799833298 93.36309699714184 0
    endloop
  endfacet
  facet normal -0.9995185467665946 -0.031026999042682912 0
    outer loop
      vertex 91.84389799833298 93.36309699714184 1.5
      vertex 91.84389799833298 93.36309699714184 0
      vertex 92.27736199647188 79.39928100258112 1.5
    endloop
  endfacet
  facet normal -0.9998367235975008 0.01807003447187631 0
    outer loop
      vertex 92.27710799872875 79.38522700220346 0
      vertex 92.27710799872875 79.38522700220346 1.5
      vertex 92.27736199647188 79.39928100258112 0
    endloop
  endfacet
  facet normal -0.9998367235975008 0.01807003447187631 0
    outer loop
      vertex 92.27736199647188 79.39928100258112 1.5
      vertex 92.27736199647188 79.39928100258112 0
      vertex 92.27710799872875 79.38522700220346 1.5
    endloop
  endfacet
  facet normal -0.08003652053794287 0.9967919318394284 0
    outer loop
      vertex 92.2630970031023 79.38410200178623 0
      vertex 92.2630970031023 79.38410200178623 1.5
      vertex 92.27710799872875 79.38522700220346 0
    endloop
  endfacet
  facet normal -0.08003652053794287 0.9967919318394284 0
    outer loop
      vertex 92.27710799872875 79.38522700220346 1.5
      vertex 92.27710799872875 79.38522700220346 0
      vertex 92.2630970031023 79.38410200178623 1.5
    endloop
  endfacet
  facet normal -0.031026999026143982 0.999518546767108 0
    outer loop
      vertex 78.299281001091 78.95063800364733 0
      vertex 78.299281001091 78.95063800364733 1.5
      vertex 92.2630970031023 79.38410200178623 0
    endloop
  endfacet
  facet normal -0.031026999026143982 0.999518546767108 0
    outer loop
      vertex 92.2630970031023 79.38410200178623 1.5
      vertex 92.2630970031023 79.38410200178623 0
      vertex 78.299281001091 78.95063800364733 1.5
    endloop
  endfacet
  facet normal 0.01807003447187631 0.9998367235975008 0
    outer loop
      vertex 78.28522700071335 78.95089200139046 0
      vertex 78.28522700071335 78.95089200139046 1.5
      vertex 78.299281001091 78.95063800364733 0
    endloop
  endfacet
  facet normal 0.01807003447187631 0.9998367235975008 0
    outer loop
      vertex 78.299281001091 78.95063800364733 1.5
      vertex 78.299281001091 78.95063800364733 0
      vertex 78.28522700071335 78.95089200139046 1.5
    endloop
  endfacet
  facet normal 0.04908943998366365 0.9987943866893177 0
    outer loop
      vertex 1.5726900026202202 78.7256899997592 0
      vertex 1.5726900026202202 78.7256899997592 1.5
      vertex 1.586728997528553 78.72500000149012 0
    endloop
  endfacet
  facet normal 0.04908943998366365 0.9987943866893177 0
    outer loop
      vertex 1.586728997528553 78.72500000149012 1.5
      vertex 1.586728997528553 78.72500000149012 0
      vertex 1.5726900026202202 78.7256899997592 1.5
    endloop
  endfacet
  facet normal 0.9987943619772575 0.04908994278305106 0
    outer loop
      vertex 1.5719999969005585 78.73972900211811 0
      vertex 1.5719999969005585 78.73972900211811 1.5
      vertex 1.5726900026202202 78.7256899997592 0
    endloop
  endfacet
  facet normal 0.9987943619772575 0.04908994278305106 0
    outer loop
      vertex 1.5726900026202202 78.7256899997592 1.5
      vertex 1.5726900026202202 78.7256899997592 0
      vertex 1.5719999969005585 78.73972900211811 1.5
    endloop
  endfacet
  facet normal 1 0 0
    outer loop
      vertex 1.5719999969005585 92.71027100086212 0
      vertex 1.5719999969005585 92.71027100086212 1.5
      vertex 1.5719999969005585 78.73972900211811 0
    endloop
  endfacet
  facet normal 1 0 0
    outer loop
      vertex 1.5719999969005585 78.73972900211811 1.5
      vertex 1.5719999969005585 78.73972900211811 0
      vertex 1.5719999969005585 92.71027100086212 1.5
    endloop
  endfacet
  facet normal 0.9987943619772575 -0.04908994278305106 0
    outer loop
      vertex 1.5726900026202202 92.72431000322104 0
      vertex 1.5726900026202202 92.72431000322104 1.5
      vertex 1.5719999969005585 92.71027100086212 0
    endloop
  endfacet
  facet normal 0.9987943619772575 -0.04908994278305106 0
    outer loop
      vertex 1.5719999969005585 92.71027100086212 1.5
      vertex 1.5719999969005585 92.71027100086212 0
      vertex 1.5726900026202202 92.72431000322104 1.5
    endloop
  endfacet
  facet normal 0.04908943998366365 -0.9987943866893177 0
    outer loop
      vertex 1.586728997528553 92.72500000149012 0
      vertex 1.586728997528553 92.72500000149012 1.5
      vertex 1.5726900026202202 92.72431000322104 0
    endloop
  endfacet
  facet normal 0.04908943998366365 -0.9987943866893177 0
    outer loop
      vertex 1.5726900026202202 92.72431000322104 1.5
      vertex 1.5726900026202202 92.72431000322104 0
      vertex 1.586728997528553 92.72500000149012 1.5
    endloop
  endfacet
  facet normal 0 -1 0
    outer loop
      vertex 20.320271000266075 92.72500000149012 0
      vertex 20.320271000266075 92.72500000149012 1.5
      vertex 1.586728997528553 92.72500000149012 0
    endloop
  endfacet
  facet normal 0 -1 0
    outer loop
      vertex 1.586728997528553 92.72500000149012 1.5
      vertex 1.586728997528553 92.72500000149012 0
      vertex 20.320271000266075 92.72500000149012 1.5
    endloop
  endfacet
  facet normal -0.04906091483350426 -0.9987957882548864 0
    outer loop
      vertex 20.33492899686098 92.72427999973297 0
      vertex 20.33492899686098 92.72427999973297 1.5
      vertex 20.320271000266075 92.72500000149012 0
    endloop
  endfacet
  facet normal -0.04906091483350426 -0.9987957882548864 0
    outer loop
      vertex 20.320271000266075 92.72500000149012 1.5
      vertex 20.320271000266075 92.72500000149012 0
      vertex 20.33492899686098 92.72427999973297 1.5
    endloop
  endfacet
  facet normal -0.14658093028417926 -0.9891986811945438 0
    outer loop
      vertex 20.33704800158739 92.7239660024643 0
      vertex 20.33704800158739 92.7239660024643 1.5
      vertex 20.33492899686098 92.72427999973297 0
    endloop
  endfacet
  facet normal -0.14658093028417926 -0.9891986811945438 0
    outer loop
      vertex 20.33492899686098 92.72427999973297 1.5
      vertex 20.33492899686098 92.72427999973297 0
      vertex 20.33704800158739 92.7239660024643 1.5
    endloop
  endfacet
  facet normal -0.19509560622534117 -0.9807842292938681 0
    outer loop
      vertex 20.39046200364828 92.71334099769592 0
      vertex 20.39046200364828 92.71334099769592 1.5
      vertex 20.33704800158739 92.7239660024643 0
    endloop
  endfacet
  facet normal -0.19509560622534117 -0.9807842292938681 0
    outer loop
      vertex 20.33704800158739 92.7239660024643 1.5
      vertex 20.33704800158739 92.7239660024643 0
      vertex 20.39046200364828 92.71334099769592 1.5
    endloop
  endfacet
  facet normal -0.09801202024974727 -0.9951852309427441 0
    outer loop
      vertex 20.44905900210142 92.70757000148296 0
      vertex 20.44905900210142 92.70757000148296 1.5
      vertex 20.39046200364828 92.71334099769592 0
    endloop
  endfacet
  facet normal -0.09801202024974727 -0.9951852309427441 0
    outer loop
      vertex 20.39046200364828 92.71334099769592 1.5
      vertex 20.39046200364828 92.71334099769592 0
      vertex 20.44905900210142 92.70757000148296 1.5
    endloop
  endfacet
  facet normal 0 -1 0
    outer loop
      vertex 20.507941000163555 92.70757000148296 0
      vertex 20.507941000163555 92.70757000148296 1.5
      vertex 20.44905900210142 92.70757000148296 0
    endloop
  endfacet
  facet normal 0 -1 0
    outer loop
      vertex 20.44905900210142 92.70757000148296 1.5
      vertex 20.44905900210142 92.70757000148296 0
      vertex 20.507941000163555 92.70757000148296 1.5
    endloop
  endfacet
  facet normal 0.09801202024974727 -0.9951852309427441 0
    outer loop
      vertex 20.566537998616695 92.71334099769592 0
      vertex 20.566537998616695 92.71334099769592 1.5
      vertex 20.507941000163555 92.70757000148296 0
    endloop
  endfacet
  facet normal 0.09801202024974727 -0.9951852309427441 0
    outer loop
      vertex 20.507941000163555 92.70757000148296 1.5
      vertex 20.507941000163555 92.70757000148296 0
      vertex 20.566537998616695 92.71334099769592 1.5
    endloop
  endfacet
  facet normal 0.19509560622534117 -0.9807842292938681 0
    outer loop
      vertex 20.619952000677586 92.7239660024643 0
      vertex 20.619952000677586 92.7239660024643 1.5
      vertex 20.566537998616695 92.71334099769592 0
    endloop
  endfacet
  facet normal 0.19509560622534117 -0.9807842292938681 0
    outer loop
      vertex 20.566537998616695 92.71334099769592 1.5
      vertex 20.566537998616695 92.71334099769592 0
      vertex 20.619952000677586 92.7239660024643 1.5
    endloop
  endfacet
  facet normal 0.14658143460186723 -0.9891986064638681 0
    outer loop
      vertex 20.622070997953415 92.72427999973297 0
      vertex 20.622070997953415 92.72427999973297 1.5
      vertex 20.619952000677586 92.7239660024643 0
    endloop
  endfacet
  facet normal 0.14658143460186723 -0.9891986064638681 0
    outer loop
      vertex 20.619952000677586 92.7239660024643 1.5
      vertex 20.619952000677586 92.7239660024643 0
      vertex 20.622070997953415 92.72427999973297 1.5
    endloop
  endfacet
  facet normal 0.04906088995614216 -0.9987957894768636 0
    outer loop
      vertex 20.6367290019989 92.72500000149012 0
      vertex 20.6367290019989 92.72500000149012 1.5
      vertex 20.622070997953415 92.72427999973297 0
    endloop
  endfacet
  facet normal 0.04906088995614216 -0.9987957894768636 0
    outer loop
      vertex 20.622070997953415 92.72427999973297 1.5
      vertex 20.622070997953415 92.72427999973297 0
      vertex 20.6367290019989 92.72500000149012 1.5
    endloop
  endfacet
  facet normal 0 -1 0
    outer loop
      vertex 34.60727100074291 92.72500000149012 0
      vertex 34.60727100074291 92.72500000149012 1.5
      vertex 20.6367290019989 92.72500000149012 0
    endloop
  endfacet
  facet normal 0 -1 0
    outer loop
      vertex 20.6367290019989 92.72500000149012 1.5
      vertex 20.6367290019989 92.72500000149012 0
      vertex 34.60727100074291 92.72500000149012 1.5
    endloop
  endfacet
  facet normal -0.04906091483350426 -0.9987957882548864 0
    outer loop
      vertex 34.62192899733782 92.72427999973297 0
      vertex 34.62192899733782 92.72427999973297 1.5
      vertex 34.60727100074291 92.72500000149012 0
    endloop
  endfacet
  facet normal -0.04906091483350426 -0.9987957882548864 0
    outer loop
      vertex 34.60727100074291 92.72500000149012 1.5
      vertex 34.60727100074291 92.72500000149012 0
      vertex 34.62192899733782 92.72427999973297 1.5
    endloop
  endfacet
  facet normal -0.14692679238948095 -0.9891473690396888 0
    outer loop
      vertex 34.62353800237179 92.72404100000858 0
      vertex 34.62353800237179 92.72404100000858 1.5
      vertex 34.62192899733782 92.72427999973297 0
    endloop
  endfacet
  facet normal -0.14692679238948095 -0.9891473690396888 0
    outer loop
      vertex 34.62192899733782 92.72427999973297 1.5
      vertex 34.62192899733782 92.72427999973297 0
      vertex 34.62353800237179 92.72404100000858 1.5
    endloop
  endfacet
  facet normal -0.1950798333064535 -0.9807873666789995 0
    outer loop
      vertex 34.67796199768782 92.71321599930525 0
      vertex 34.67796199768782 92.71321599930525 1.5
      vertex 34.62353800237179 92.72404100000858 0
    endloop
  endfacet
  facet normal -0.1950798333064535 -0.9807873666789995 0
    outer loop
      vertex 34.62353800237179 92.72404100000858 1.5
      vertex 34.62353800237179 92.72404100000858 0
      vertex 34.67796199768782 92.71321599930525 1.5
    endloop
  endfacet
  facet normal -0.09802892630138885 -0.9951835657848239 0
    outer loop
      vertex 34.73655900359154 92.70744399726391 0
      vertex 34.73655900359154 92.70744399726391 1.5
      vertex 34.67796199768782 92.71321599930525 0
    endloop
  endfacet
  facet normal -0.09802892630138885 -0.9951835657848239 0
    outer loop
      vertex 34.67796199768782 92.71321599930525 1.5
      vertex 34.67796199768782 92.71321599930525 0
      vertex 34.73655900359154 92.70744399726391 1.5
    endloop
  endfacet
  facet normal 0 -1 0
    outer loop
      vertex 34.79544100165367 92.70744399726391 0
      vertex 34.79544100165367 92.70744399726391 1.5
      vertex 34.73655900359154 92.70744399726391 0
    endloop
  endfacet
  facet normal 0 -1 0
    outer loop
      vertex 34.73655900359154 92.70744399726391 1.5
      vertex 34.73655900359154 92.70744399726391 0
      vertex 34.79544100165367 92.70744399726391 1.5
    endloop
  endfacet
  facet normal 0.09802893864594224 -0.9951835645688438 0
    outer loop
      vertex 34.85403800010681 92.71321599930525 0
      vertex 34.85403800010681 92.71321599930525 1.5
      vertex 34.79544100165367 92.70744399726391 0
    endloop
  endfacet
  facet normal 0.09802893864594224 -0.9951835645688438 0
    outer loop
      vertex 34.79544100165367 92.70744399726391 1.5
      vertex 34.79544100165367 92.70744399726391 0
      vertex 34.85403800010681 92.71321599930525 1.5
    endloop
  endfacet
  facet normal 0.19507980761659321 -0.9807873717887445 0
    outer loop
      vertex 34.90846200287342 92.72404100000858 0
      vertex 34.90846200287342 92.72404100000858 1.5
      vertex 34.85403800010681 92.71321599930525 0
    endloop
  endfacet
  facet normal 0.19507980761659321 -0.9807873717887445 0
    outer loop
      vertex 34.85403800010681 92.71321599930525 1.5
      vertex 34.85403800010681 92.71321599930525 0
      vertex 34.90846200287342 92.72404100000858 1.5
    endloop
  endfacet
  facet normal 0.1469274580574471 -0.9891472701619194 0
    outer loop
      vertex 34.91007100045681 92.72427999973297 0
      vertex 34.91007100045681 92.72427999973297 1.5
      vertex 34.90846200287342 92.72404100000858 0
    endloop
  endfacet
  facet normal 0.1469274580574471 -0.9891472701619194 0
    outer loop
      vertex 34.90846200287342 92.72404100000858 1.5
      vertex 34.90846200287342 92.72404100000858 0
      vertex 34.91007100045681 92.72427999973297 1.5
    endloop
  endfacet
  facet normal 0.04906091483350426 -0.9987957882548864 0
    outer loop
      vertex 34.924728997051716 92.72500000149012 0
      vertex 34.924728997051716 92.72500000149012 1.5
      vertex 34.91007100045681 92.72427999973297 0
    endloop
  endfacet
  facet normal 0.04906091483350426 -0.9987957882548864 0
    outer loop
      vertex 34.91007100045681 92.72427999973297 1.5
      vertex 34.91007100045681 92.72427999973297 0
      vertex 34.924728997051716 92.72500000149012 1.5
    endloop
  endfacet
  facet normal 0 -1 0
    outer loop
      vertex 53.65827099978924 92.72500000149012 0
      vertex 53.65827099978924 92.72500000149012 1.5
      vertex 34.924728997051716 92.72500000149012 0
    endloop
  endfacet
  facet normal 0 -1 0
    outer loop
      vertex 34.924728997051716 92.72500000149012 1.5
      vertex 34.924728997051716 92.72500000149012 0
      vertex 53.65827099978924 92.72500000149012 1.5
    endloop
  endfacet
  facet normal -0.04908941399439046 -0.9987943879666562 0
    outer loop
      vertex 53.67231000214815 92.72431000322104 0
      vertex 53.67231000214815 92.72431000322104 1.5
      vertex 53.65827099978924 92.72500000149012 0
    endloop
  endfacet
  facet normal -0.04908941399439046 -0.9987943879666562 0
    outer loop
      vertex 53.65827099978924 92.72500000149012 1.5
      vertex 53.65827099978924 92.72500000149012 0
      vertex 53.67231000214815 92.72431000322104 1.5
    endloop
  endfacet
  facet normal -0.9987943879666562 -0.04908941399439046 0
    outer loop
      vertex 53.67300000041723 92.71027100086212 0
      vertex 53.67300000041723 92.71027100086212 1.5
      vertex 53.67231000214815 92.72431000322104 0
    endloop
  endfacet
  facet normal -0.9987943879666562 -0.04908941399439046 0
    outer loop
      vertex 53.67231000214815 92.72431000322104 1.5
      vertex 53.67231000214815 92.72431000322104 0
      vertex 53.67300000041723 92.71027100086212 1.5
    endloop
  endfacet
  facet normal -1 0 0
    outer loop
      vertex 53.67300000041723 78.73972900211811 0
      vertex 53.67300000041723 78.73972900211811 1.5
      vertex 53.67300000041723 92.71027100086212 0
    endloop
  endfacet
  facet normal -1 0 0
    outer loop
      vertex 53.67300000041723 92.71027100086212 1.5
      vertex 53.67300000041723 92.71027100086212 0
      vertex 53.67300000041723 78.73972900211811 1.5
    endloop
  endfacet
  facet normal -0.9987943879666562 0.04908941399439046 0
    outer loop
      vertex 53.67231000214815 78.7256899997592 0
      vertex 53.67231000214815 78.7256899997592 1.5
      vertex 53.67300000041723 78.73972900211811 0
    endloop
  endfacet
  facet normal -0.9987943879666562 0.04908941399439046 0
    outer loop
      vertex 53.67300000041723 78.73972900211811 1.5
      vertex 53.67300000041723 78.73972900211811 0
      vertex 53.67231000214815 78.7256899997592 1.5
    endloop
  endfacet
  facet normal -0.04908941399439046 0.9987943879666562 0
    outer loop
      vertex 53.65827099978924 78.72500000149012 0
      vertex 53.65827099978924 78.72500000149012 1.5
      vertex 53.67231000214815 78.7256899997592 0
    endloop
  endfacet
  facet normal -0.04908941399439046 0.9987943879666562 0
    outer loop
      vertex 53.67231000214815 78.7256899997592 1.5
      vertex 53.67231000214815 78.7256899997592 0
      vertex 53.65827099978924 78.72500000149012 1.5
    endloop
  endfacet
  facet normal 0 1 0
    outer loop
      vertex 34.924728997051716 78.72500000149012 0
      vertex 34.924728997051716 78.72500000149012 1.5
      vertex 53.65827099978924 78.72500000149012 0
    endloop
  endfacet
  facet normal 0 1 0
    outer loop
      vertex 53.65827099978924 78.72500000149012 1.5
      vertex 53.65827099978924 78.72500000149012 0
      vertex 34.924728997051716 78.72500000149012 1.5
    endloop
  endfacet
  facet normal 0.04906091483350426 0.9987957882548864 0
    outer loop
      vertex 34.91007100045681 78.72572000324726 0
      vertex 34.91007100045681 78.72572000324726 1.5
      vertex 34.924728997051716 78.72500000149012 0
    endloop
  endfacet
  facet normal 0.04906091483350426 0.9987957882548864 0
    outer loop
      vertex 34.924728997051716 78.72500000149012 1.5
      vertex 34.924728997051716 78.72500000149012 0
      vertex 34.91007100045681 78.72572000324726 1.5
    endloop
  endfacet
  facet normal 0.1469274580574471 0.9891472701619194 0
    outer loop
      vertex 34.90846200287342 78.72595900297165 0
      vertex 34.90846200287342 78.72595900297165 1.5
      vertex 34.91007100045681 78.72572000324726 0
    endloop
  endfacet
  facet normal 0.1469274580574471 0.9891472701619194 0
    outer loop
      vertex 34.91007100045681 78.72572000324726 1.5
      vertex 34.91007100045681 78.72572000324726 0
      vertex 34.90846200287342 78.72595900297165 1.5
    endloop
  endfacet
  facet normal 0.19507980761659321 0.9807873717887445 0
    outer loop
      vertex 34.85403800010681 78.73678400367498 0
      vertex 34.85403800010681 78.73678400367498 1.5
      vertex 34.90846200287342 78.72595900297165 0
    endloop
  endfacet
  facet normal 0.19507980761659321 0.9807873717887445 0
    outer loop
      vertex 34.90846200287342 78.72595900297165 1.5
      vertex 34.90846200287342 78.72595900297165 0
      vertex 34.85403800010681 78.73678400367498 1.5
    endloop
  endfacet
  facet normal 0.09802881332480139 0.995183576913391 0
    outer loop
      vertex 34.79544100165367 78.74255599826574 0
      vertex 34.79544100165367 78.74255599826574 1.5
      vertex 34.85403800010681 78.73678400367498 0
    endloop
  endfacet
  facet normal 0.09802881332480139 0.995183576913391 0
    outer loop
      vertex 34.85403800010681 78.73678400367498 1.5
      vertex 34.85403800010681 78.73678400367498 0
      vertex 34.79544100165367 78.74255599826574 1.5
    endloop
  endfacet
  facet normal 0 1 0
    outer loop
      vertex 34.73655900359154 78.74255599826574 0
      vertex 34.73655900359154 78.74255599826574 1.5
      vertex 34.79544100165367 78.74255599826574 0
    endloop
  endfacet
  facet normal 0 1 0
    outer loop
      vertex 34.79544100165367 78.74255599826574 1.5
      vertex 34.79544100165367 78.74255599826574 0
      vertex 34.73655900359154 78.74255599826574 1.5
    endloop
  endfacet
  facet normal -0.09802880098026347 0.9951835781293681 0
    outer loop
      vertex 34.67796199768782 78.73678400367498 0
      vertex 34.67796199768782 78.73678400367498 1.5
      vertex 34.73655900359154 78.74255599826574 0
    endloop
  endfacet
  facet normal -0.09802880098026347 0.9951835781293681 0
    outer loop
      vertex 34.73655900359154 78.74255599826574 1.5
      vertex 34.73655900359154 78.74255599826574 0
      vertex 34.67796199768782 78.73678400367498 1.5
    endloop
  endfacet
  facet normal -0.1950798333064535 0.9807873666789995 0
    outer loop
      vertex 34.62353800237179 78.72595900297165 0
      vertex 34.62353800237179 78.72595900297165 1.5
      vertex 34.67796199768782 78.73678400367498 0
    endloop
  endfacet
  facet normal -0.1950798333064535 0.9807873666789995 0
    outer loop
      vertex 34.67796199768782 78.73678400367498 1.5
      vertex 34.67796199768782 78.73678400367498 0
      vertex 34.62353800237179 78.72595900297165 1.5
    endloop
  endfacet
  facet normal -0.14692679238948095 0.9891473690396888 0
    outer loop
      vertex 34.62192899733782 78.72572000324726 0
      vertex 34.62192899733782 78.72572000324726 1.5
      vertex 34.62353800237179 78.72595900297165 0
    endloop
  endfacet
  facet normal -0.14692679238948095 0.9891473690396888 0
    outer loop
      vertex 34.62353800237179 78.72595900297165 1.5
      vertex 34.62353800237179 78.72595900297165 0
      vertex 34.62192899733782 78.72572000324726 1.5
    endloop
  endfacet
  facet normal -0.04906091483350426 0.9987957882548864 0
    outer loop
      vertex 34.60727100074291 78.72500000149012 0
      vertex 34.60727100074291 78.72500000149012 1.5
      vertex 34.62192899733782 78.72572000324726 0
    endloop
  endfacet
  facet normal -0.04906091483350426 0.9987957882548864 0
    outer loop
      vertex 34.62192899733782 78.72572000324726 1.5
      vertex 34.62192899733782 78.72572000324726 0
      vertex 34.60727100074291 78.72500000149012 1.5
    endloop
  endfacet
  facet normal 0 1 0
    outer loop
      vertex 20.6367290019989 78.72500000149012 0
      vertex 20.6367290019989 78.72500000149012 1.5
      vertex 34.60727100074291 78.72500000149012 0
    endloop
  endfacet
  facet normal 0 1 0
    outer loop
      vertex 34.60727100074291 78.72500000149012 1.5
      vertex 34.60727100074291 78.72500000149012 0
      vertex 20.6367290019989 78.72500000149012 1.5
    endloop
  endfacet
  facet normal 0.04906088995614216 0.9987957894768636 0
    outer loop
      vertex 20.622070997953415 78.72572000324726 0
      vertex 20.622070997953415 78.72572000324726 1.5
      vertex 20.6367290019989 78.72500000149012 0
    endloop
  endfacet
  facet normal 0.04906088995614216 0.9987957894768636 0
    outer loop
      vertex 20.6367290019989 78.72500000149012 1.5
      vertex 20.6367290019989 78.72500000149012 0
      vertex 20.622070997953415 78.72572000324726 1.5
    endloop
  endfacet
  facet normal 0.14658143460186723 0.9891986064638681 0
    outer loop
      vertex 20.619952000677586 78.72603400051594 0
      vertex 20.619952000677586 78.72603400051594 1.5
      vertex 20.622070997953415 78.72572000324726 0
    endloop
  endfacet
  facet normal 0.14658143460186723 0.9891986064638681 0
    outer loop
      vertex 20.622070997953415 78.72572000324726 1.5
      vertex 20.622070997953415 78.72572000324726 0
      vertex 20.619952000677586 78.72603400051594 1.5
    endloop
  endfacet
  facet normal 0.1950954746254781 0.9807842554714362 0
    outer loop
      vertex 20.566537998616695 78.73665899783373 0
      vertex 20.566537998616695 78.73665899783373 1.5
      vertex 20.619952000677586 78.72603400051594 0
    endloop
  endfacet
  facet normal 0.1950954746254781 0.9807842554714362 0
    outer loop
      vertex 20.619952000677586 78.72603400051594 1.5
      vertex 20.619952000677586 78.72603400051594 0
      vertex 20.566537998616695 78.73665899783373 1.5
    endloop
  endfacet
  facet normal 0.098012145571513 0.9951852186002708 0
    outer loop
      vertex 20.507941000163555 78.74243000149727 0
      vertex 20.507941000163555 78.74243000149727 1.5
      vertex 20.566537998616695 78.73665899783373 0
    endloop
  endfacet
  facet normal 0.098012145571513 0.9951852186002708 0
    outer loop
      vertex 20.566537998616695 78.73665899783373 1.5
      vertex 20.566537998616695 78.73665899783373 0
      vertex 20.507941000163555 78.74243000149727 1.5
    endloop
  endfacet
  facet normal 0 1 0
    outer loop
      vertex 20.44905900210142 78.74243000149727 0
      vertex 20.44905900210142 78.74243000149727 1.5
      vertex 20.507941000163555 78.74243000149727 0
    endloop
  endfacet
  facet normal 0 1 0
    outer loop
      vertex 20.507941000163555 78.74243000149727 1.5
      vertex 20.507941000163555 78.74243000149727 0
      vertex 20.44905900210142 78.74243000149727 1.5
    endloop
  endfacet
  facet normal -0.098012145571513 0.9951852186002708 0
    outer loop
      vertex 20.39046200364828 78.73665899783373 0
      vertex 20.39046200364828 78.73665899783373 1.5
      vertex 20.44905900210142 78.74243000149727 0
    endloop
  endfacet
  facet normal -0.098012145571513 0.9951852186002708 0
    outer loop
      vertex 20.44905900210142 78.74243000149727 1.5
      vertex 20.44905900210142 78.74243000149727 0
      vertex 20.39046200364828 78.73665899783373 1.5
    endloop
  endfacet
  facet normal -0.1950954746254781 0.9807842554714362 0
    outer loop
      vertex 20.33704800158739 78.72603400051594 0
      vertex 20.33704800158739 78.72603400051594 1.5
      vertex 20.39046200364828 78.73665899783373 0
    endloop
  endfacet
  facet normal -0.1950954746254781 0.9807842554714362 0
    outer loop
      vertex 20.39046200364828 78.73665899783373 1.5
      vertex 20.39046200364828 78.73665899783373 0
      vertex 20.33704800158739 78.72603400051594 1.5
    endloop
  endfacet
  facet normal -0.14658093028417926 0.9891986811945438 0
    outer loop
      vertex 20.33492899686098 78.72572000324726 0
      vertex 20.33492899686098 78.72572000324726 1.5
      vertex 20.33704800158739 78.72603400051594 0
    endloop
  endfacet
  facet normal -0.14658093028417926 0.9891986811945438 0
    outer loop
      vertex 20.33704800158739 78.72603400051594 1.5
      vertex 20.33704800158739 78.72603400051594 0
      vertex 20.33492899686098 78.72572000324726 1.5
    endloop
  endfacet
  facet normal -0.04906091483350426 0.9987957882548864 0
    outer loop
      vertex 20.320271000266075 78.72500000149012 0
      vertex 20.320271000266075 78.72500000149012 1.5
      vertex 20.33492899686098 78.72572000324726 0
    endloop
  endfacet
  facet normal -0.04906091483350426 0.9987957882548864 0
    outer loop
      vertex 20.33492899686098 78.72572000324726 1.5
      vertex 20.33492899686098 78.72572000324726 0
      vertex 20.320271000266075 78.72500000149012 1.5
    endloop
  endfacet
  facet normal 0 1 0
    outer loop
      vertex 1.586728997528553 78.72500000149012 0
      vertex 1.586728997528553 78.72500000149012 1.5
      vertex 20.320271000266075 78.72500000149012 0
    endloop
  endfacet
  facet normal 0 1 0
    outer loop
      vertex 20.320271000266075 78.72500000149012 1.5
      vertex 20.320271000266075 78.72500000149012 0
      vertex 1.586728997528553 78.72500000149012 1.5
    endloop
  endfacet
  facet normal 0.9936329576376118 0.11266563582713145 0
    outer loop
      vertex 119.27356900274754 76.3051360026002 0
      vertex 119.27356900274754 76.3051360026002 1.5
      vertex 120.84756900370121 62.42354500293732 0
    endloop
  endfacet
  facet normal 0.9936329576376118 0.11266563582713145 0
    outer loop
      vertex 120.84756900370121 62.42354500293732 1.5
      vertex 120.84756900370121 62.42354500293732 0
      vertex 119.27356900274754 76.3051360026002 1.5
    endloop
  endfacet
  facet normal 0.997966389941823 0.0637423293148703 0
    outer loop
      vertex 119.27267300337553 76.31916400045156 0
      vertex 119.27267300337553 76.31916400045156 1.5
      vertex 119.27356900274754 76.3051360026002 0
    endloop
  endfacet
  facet normal 0.997966389941823 0.0637423293148703 0
    outer loop
      vertex 119.27356900274754 76.3051360026002 1.5
      vertex 119.27356900274754 76.3051360026002 0
      vertex 119.27267300337553 76.31916400045156 1.5
    endloop
  endfacet
  facet normal 0.1612834577247948 -0.9869081245305129 0
    outer loop
      vertex 119.28654500097036 76.32143100351095 0
      vertex 119.28654500097036 76.32143100351095 1.5
      vertex 119.27267300337553 76.31916400045156 0
    endloop
  endfacet
  facet normal 0.1612834577247948 -0.9869081245305129 0
    outer loop
      vertex 119.27267300337553 76.31916400045156 1.5
      vertex 119.27267300337553 76.31916400045156 0
      vertex 119.28654500097036 76.32143100351095 1.5
    endloop
  endfacet
  facet normal 0.11266563530059454 -0.9936329576973146 0
    outer loop
      vertex 133.16813600063324 77.89543099701405 0
      vertex 133.16813600063324 77.89543099701405 1.5
      vertex 119.28654500097036 76.32143100351095 0
    endloop
  endfacet
  facet normal 0.11266563530059454 -0.9936329576973146 0
    outer loop
      vertex 119.28654500097036 76.32143100351095 1.5
      vertex 119.28654500097036 76.32143100351095 0
      vertex 133.16813600063324 77.89543099701405 1.5
    endloop
  endfacet
  facet normal 0.0637423293148703 -0.997966389941823 0
    outer loop
      vertex 133.1821639984846 77.89632699638605 0
      vertex 133.1821639984846 77.89632699638605 1.5
      vertex 133.16813600063324 77.89543099701405 0
    endloop
  endfacet
  facet normal 0.0637423293148703 -0.997966389941823 0
    outer loop
      vertex 133.16813600063324 77.89543099701405 1.5
      vertex 133.16813600063324 77.89543099701405 0
      vertex 133.1821639984846 77.89632699638605 1.5
    endloop
  endfacet
  facet normal -0.9869081245305129 -0.1612834577247948 0
    outer loop
      vertex 133.184431001544 77.88245499879122 0
      vertex 133.184431001544 77.88245499879122 1.5
      vertex 133.1821639984846 77.89632699638605 0
    endloop
  endfacet
  facet normal -0.9869081245305129 -0.1612834577247948 0
    outer loop
      vertex 133.1821639984846 77.89632699638605 1.5
      vertex 133.1821639984846 77.89632699638605 0
      vertex 133.184431001544 77.88245499879122 1.5
    endloop
  endfacet
  facet normal -0.9936329576376118 -0.11266563582713145 0
    outer loop
      vertex 134.75843100249767 64.00086399912834 0
      vertex 134.75843100249767 64.00086399912834 1.5
      vertex 133.184431001544 77.88245499879122 0
    endloop
  endfacet
  facet normal -0.9936329576376118 -0.11266563582713145 0
    outer loop
      vertex 133.184431001544 77.88245499879122 1.5
      vertex 133.184431001544 77.88245499879122 0
      vertex 134.75843100249767 64.00086399912834 1.5
    endloop
  endfacet
  facet normal -0.997966389941823 -0.0637423293148703 0
    outer loop
      vertex 134.75932700186968 63.98683600127697 0
      vertex 134.75932700186968 63.98683600127697 1.5
      vertex 134.75843100249767 64.00086399912834 0
    endloop
  endfacet
  facet normal -0.997966389941823 -0.0637423293148703 0
    outer loop
      vertex 134.75843100249767 64.00086399912834 1.5
      vertex 134.75843100249767 64.00086399912834 0
      vertex 134.75932700186968 63.98683600127697 1.5
    endloop
  endfacet
  facet normal -0.16128337335360718 0.9869081383186993 0
    outer loop
      vertex 134.74545499682426 63.98456899821758 0
      vertex 134.74545499682426 63.98456899821758 1.5
      vertex 134.75932700186968 63.98683600127697 0
    endloop
  endfacet
  facet normal -0.16128337335360718 0.9869081383186993 0
    outer loop
      vertex 134.75932700186968 63.98683600127697 1.5
      vertex 134.75932700186968 63.98683600127697 0
      vertex 134.74545499682426 63.98456899821758 1.5
    endloop
  endfacet
  facet normal -0.11266563582713145 0.9936329576376118 0
    outer loop
      vertex 120.86386399716139 62.41056899726391 0
      vertex 120.86386399716139 62.41056899726391 1.5
      vertex 134.74545499682426 63.98456899821758 0
    endloop
  endfacet
  facet normal -0.11266563582713145 0.9936329576376118 0
    outer loop
      vertex 134.74545499682426 63.98456899821758 1.5
      vertex 134.74545499682426 63.98456899821758 0
      vertex 120.86386399716139 62.41056899726391 1.5
    endloop
  endfacet
  facet normal -0.0637423293148703 0.997966389941823 0
    outer loop
      vertex 120.84983599931002 62.4096729978919 0
      vertex 120.84983599931002 62.4096729978919 1.5
      vertex 120.86386399716139 62.41056899726391 0
    endloop
  endfacet
  facet normal -0.0637423293148703 0.997966389941823 0
    outer loop
      vertex 120.86386399716139 62.41056899726391 1.5
      vertex 120.86386399716139 62.41056899726391 0
      vertex 120.84983599931002 62.4096729978919 1.5
    endloop
  endfacet
  facet normal 0.9869082226897155 0.1612828570785713 0
    outer loop
      vertex 120.84756900370121 62.42354500293732 0
      vertex 120.84756900370121 62.42354500293732 1.5
      vertex 120.84983599931002 62.4096729978919 0
    endloop
  endfacet
  facet normal 0.9869082226897155 0.1612828570785713 0
    outer loop
      vertex 120.84983599931002 62.4096729978919 1.5
      vertex 120.84983599931002 62.4096729978919 0
      vertex 120.84756900370121 62.42354500293732 1.5
    endloop
  endfacet
  facet normal 0.9968026277903113 0.07990319912450308 0
    outer loop
      vertex 98.47823599725962 74.52161400020123 0
      vertex 98.47823599725962 74.52161400020123 1.5
      vertex 99.59452699869871 60.595740996301174 0
    endloop
  endfacet
  facet normal 0.9968026277903113 0.07990319912450308 0
    outer loop
      vertex 99.59452699869871 60.595740996301174 1.5
      vertex 99.59452699869871 60.595740996301174 0
      vertex 98.47823599725962 74.52161400020123 1.5
    endloop
  endfacet
  facet normal 0.9995232630290637 0.030874692933425193 0
    outer loop
      vertex 98.47780200093985 74.5356639996171 0
      vertex 98.47780200093985 74.5356639996171 1.5
      vertex 98.47823599725962 74.52161400020123 0
    endloop
  endfacet
  facet normal 0.9995232630290637 0.030874692933425193 0
    outer loop
      vertex 98.47823599725962 74.52161400020123 1.5
      vertex 98.47823599725962 74.52161400020123 0
      vertex 98.47780200093985 74.5356639996171 1.5
    endloop
  endfacet
  facet normal 0.12870050513370582 -0.9916835079693163 0
    outer loop
      vertex 98.49174100160599 74.53747300058603 0
      vertex 98.49174100160599 74.53747300058603 1.5
      vertex 98.47780200093985 74.5356639996171 0
    endloop
  endfacet
  facet normal 0.12870050513370582 -0.9916835079693163 0
    outer loop
      vertex 98.47780200093985 74.5356639996171 1.5
      vertex 98.47780200093985 74.5356639996171 0
      vertex 98.49174100160599 74.53747300058603 1.5
    endloop
  endfacet
  facet normal 0.07990319916697973 -0.9968026277869064 0
    outer loop
      vertex 112.41761399805546 75.65376400202513 0
      vertex 112.41761399805546 75.65376400202513 1.5
      vertex 98.49174100160599 74.53747300058603 0
    endloop
  endfacet
  facet normal 0.07990319916697973 -0.9968026277869064 0
    outer loop
      vertex 98.49174100160599 74.53747300058603 1.5
      vertex 98.49174100160599 74.53747300058603 0
      vertex 112.41761399805546 75.65376400202513 1.5
    endloop
  endfacet
  facet normal 0.030874692933425193 -0.9995232630290637 0
    outer loop
      vertex 112.43166399747133 75.6541979983449 0
      vertex 112.43166399747133 75.6541979983449 1.5
      vertex 112.41761399805546 75.65376400202513 0
    endloop
  endfacet
  facet normal 0.030874692933425193 -0.9995232630290637 0
    outer loop
      vertex 112.41761399805546 75.65376400202513 1.5
      vertex 112.41761399805546 75.65376400202513 0
      vertex 112.43166399747133 75.6541979983449 1.5
    endloop
  endfacet
  facet normal -0.9916835079693163 -0.12870050513370582 0
    outer loop
      vertex 112.43347299844027 75.64025899767876 0
      vertex 112.43347299844027 75.64025899767876 1.5
      vertex 112.43166399747133 75.6541979983449 0
    endloop
  endfacet
  facet normal -0.9916835079693163 -0.12870050513370582 0
    outer loop
      vertex 112.43166399747133 75.6541979983449 1.5
      vertex 112.43166399747133 75.6541979983449 0
      vertex 112.43347299844027 75.64025899767876 1.5
    endloop
  endfacet
  facet normal -0.9968026277869064 -0.07990319916697973 0
    outer loop
      vertex 113.54976399987936 61.714386001229286 0
      vertex 113.54976399987936 61.714386001229286 1.5
      vertex 112.43347299844027 75.64025899767876 0
    endloop
  endfacet
  facet normal -0.9968026277869064 -0.07990319916697973 0
    outer loop
      vertex 112.43347299844027 75.64025899767876 1.5
      vertex 112.43347299844027 75.64025899767876 0
      vertex 113.54976399987936 61.714386001229286 1.5
    endloop
  endfacet
  facet normal -0.9995232466719758 -0.0308752224658025 0
    outer loop
      vertex 113.55019800364971 61.70033600181341 0
      vertex 113.55019800364971 61.70033600181341 1.5
      vertex 113.54976399987936 61.714386001229286 0
    endloop
  endfacet
  facet normal -0.9995232466719758 -0.0308752224658025 0
    outer loop
      vertex 113.54976399987936 61.714386001229286 1.5
      vertex 113.54976399987936 61.714386001229286 0
      vertex 113.55019800364971 61.70033600181341 1.5
    endloop
  endfacet
  facet normal -0.12870050513370582 0.9916835079693163 0
    outer loop
      vertex 113.53625900298357 61.69852700084448 0
      vertex 113.53625900298357 61.69852700084448 1.5
      vertex 113.55019800364971 61.70033600181341 0
    endloop
  endfacet
  facet normal -0.12870050513370582 0.9916835079693163 0
    outer loop
      vertex 113.55019800364971 61.70033600181341 1.5
      vertex 113.55019800364971 61.70033600181341 0
      vertex 113.53625900298357 61.69852700084448 1.5
    endloop
  endfacet
  facet normal -0.07990319912450308 0.9968026277903113 0
    outer loop
      vertex 99.61038599908352 60.582235999405384 0
      vertex 99.61038599908352 60.582235999405384 1.5
      vertex 113.53625900298357 61.69852700084448 0
    endloop
  endfacet
  facet normal -0.07990319912450308 0.9968026277903113 0
    outer loop
      vertex 113.53625900298357 61.69852700084448 1.5
      vertex 113.53625900298357 61.69852700084448 0
      vertex 99.61038599908352 60.582235999405384 1.5
    endloop
  endfacet
  facet normal -0.030874692933425193 0.9995232630290637 0
    outer loop
      vertex 99.59633599966764 60.58180200308561 0
      vertex 99.59633599966764 60.58180200308561 1.5
      vertex 99.61038599908352 60.582235999405384 0
    endloop
  endfacet
  facet normal -0.030874692933425193 0.9995232630290637 0
    outer loop
      vertex 99.61038599908352 60.582235999405384 1.5
      vertex 99.61038599908352 60.582235999405384 0
      vertex 99.59633599966764 60.58180200308561 1.5
    endloop
  endfacet
  facet normal 0.9916834991893587 0.1287005727864064 0
    outer loop
      vertex 99.59452699869871 60.595740996301174 0
      vertex 99.59452699869871 60.595740996301174 1.5
      vertex 99.59633599966764 60.58180200308561 0
    endloop
  endfacet
  facet normal 0.9916834991893587 0.1287005727864064 0
    outer loop
      vertex 99.59633599966764 60.58180200308561 1.5
      vertex 99.59633599966764 60.58180200308561 0
      vertex 99.59452699869871 60.595740996301174 1.5
    endloop
  endfacet
  facet normal 1 0 0
    outer loop
      vertex 0.309749998152256 75.10999999940395 0
      vertex 0.309749998152256 75.10999999940395 1.5
      vertex 0.309749998152256 59.50999999791384 0
    endloop
  endfacet
  facet normal 1 0 0
    outer loop
      vertex 0.309749998152256 59.50999999791384 1.5
      vertex 0.309749998152256 59.50999999791384 0
      vertex 0.309749998152256 75.10999999940395 1.5
    endloop
  endfacet
  facet normal 0 -1 0
    outer loop
      vertex 7.309749998152256 75.10999999940395 0
      vertex 7.309749998152256 75.10999999940395 1.5
      vertex 0.309749998152256 75.10999999940395 0
    endloop
  endfacet
  facet normal 0 -1 0
    outer loop
      vertex 0.309749998152256 75.10999999940395 1.5
      vertex 0.309749998152256 75.10999999940395 0
      vertex 7.309749998152256 75.10999999940395 1.5
    endloop
  endfacet
  facet normal -1 0 0
    outer loop
      vertex 7.309749998152256 59.50999999791384 0
      vertex 7.309749998152256 59.50999999791384 1.5
      vertex 7.309749998152256 75.10999999940395 0
    endloop
  endfacet
  facet normal -1 0 0
    outer loop
      vertex 7.309749998152256 75.10999999940395 1.5
      vertex 7.309749998152256 75.10999999940395 0
      vertex 7.309749998152256 59.50999999791384 1.5
    endloop
  endfacet
  facet normal 0 1 0
    outer loop
      vertex 0.309749998152256 59.50999999791384 0
      vertex 0.309749998152256 59.50999999791384 1.5
      vertex 7.309749998152256 59.50999999791384 0
    endloop
  endfacet
  facet normal 0 1 0
    outer loop
      vertex 7.309749998152256 59.50999999791384 1.5
      vertex 7.309749998152256 59.50999999791384 0
      vertex 0.309749998152256 59.50999999791384 1.5
    endloop
  endfacet
  facet normal 1 0 0
    outer loop
      vertex 24.122249998152256 75.10999999940395 0
      vertex 24.122249998152256 75.10999999940395 1.5
      vertex 24.122249998152256 59.50999999791384 0
    endloop
  endfacet
  facet normal 1 0 0
    outer loop
      vertex 24.122249998152256 59.50999999791384 1.5
      vertex 24.122249998152256 59.50999999791384 0
      vertex 24.122249998152256 75.10999999940395 1.5
    endloop
  endfacet
  facet normal 0 -1 0
    outer loop
      vertex 31.122249998152256 75.10999999940395 0
      vertex 31.122249998152256 75.10999999940395 1.5
      vertex 24.122249998152256 75.10999999940395 0
    endloop
  endfacet
  facet normal 0 -1 0
    outer loop
      vertex 24.122249998152256 75.10999999940395 1.5
      vertex 24.122249998152256 75.10999999940395 0
      vertex 31.122249998152256 75.10999999940395 1.5
    endloop
  endfacet
  facet normal -1 0 0
    outer loop
      vertex 31.122249998152256 59.50999999791384 0
      vertex 31.122249998152256 59.50999999791384 1.5
      vertex 31.122249998152256 75.10999999940395 0
    endloop
  endfacet
  facet normal -1 0 0
    outer loop
      vertex 31.122249998152256 75.10999999940395 1.5
      vertex 31.122249998152256 75.10999999940395 0
      vertex 31.122249998152256 59.50999999791384 1.5
    endloop
  endfacet
  facet normal 0 1 0
    outer loop
      vertex 24.122249998152256 59.50999999791384 0
      vertex 24.122249998152256 59.50999999791384 1.5
      vertex 31.122249998152256 59.50999999791384 0
    endloop
  endfacet
  facet normal 0 1 0
    outer loop
      vertex 31.122249998152256 59.50999999791384 1.5
      vertex 31.122249998152256 59.50999999791384 0
      vertex 24.122249998152256 59.50999999791384 1.5
    endloop
  endfacet
  facet normal 0.99679764162163 0.07996537786790343 0
    outer loop
      vertex 78.41634800285101 59.78161299973726 0
      vertex 78.41634800285101 59.78161299973726 1.5
      vertex 78.41747199743986 59.76760199666023 0
    endloop
  endfacet
  facet normal 0.99679764162163 0.07996537786790343 0
    outer loop
      vertex 78.41747199743986 59.76760199666023 1.5
      vertex 78.41747199743986 59.76760199666023 0
      vertex 78.41634800285101 59.78161299973726 1.5
    endloop
  endfacet
  facet normal 0.9995217919673043 0.03092227971008536 0
    outer loop
      vertex 77.98434700071812 73.74547400325537 0
      vertex 77.98434700071812 73.74547400325537 1.5
      vertex 78.41634800285101 59.78161299973726 0
    endloop
  endfacet
  facet normal 0.9995217919673043 0.03092227971008536 0
    outer loop
      vertex 78.41634800285101 59.78161299973726 1.5
      vertex 78.41634800285101 59.78161299973726 0
      vertex 77.98434700071812 73.74547400325537 1.5
    endloop
  endfacet
  facet normal 0.9998354378255133 -0.018141038235556982 0
    outer loop
      vertex 77.98460199683905 73.75952800363302 0
      vertex 77.98460199683905 73.75952800363302 1.5
      vertex 77.98434700071812 73.74547400325537 0
    endloop
  endfacet
  facet normal 0.9998354378255133 -0.018141038235556982 0
    outer loop
      vertex 77.98434700071812 73.74547400325537 1.5
      vertex 77.98434700071812 73.74547400325537 0
      vertex 77.98460199683905 73.75952800363302 1.5
    endloop
  endfacet
  facet normal 0.07996537786790343 -0.99679764162163 0
    outer loop
      vertex 77.99861299991608 73.76065199822187 0
      vertex 77.99861299991608 73.76065199822187 1.5
      vertex 77.98460199683905 73.75952800363302 0
    endloop
  endfacet
  facet normal 0.07996537786790343 -0.99679764162163 0
    outer loop
      vertex 77.98460199683905 73.75952800363302 1.5
      vertex 77.98460199683905 73.75952800363302 0
      vertex 77.99861299991608 73.76065199822187 1.5
    endloop
  endfacet
  facet normal 0.03092227971008536 -0.9995217919673043 0
    outer loop
      vertex 91.96247400343418 74.19265300035477 0
      vertex 91.96247400343418 74.19265300035477 1.5
      vertex 77.99861299991608 73.76065199822187 0
    endloop
  endfacet
  facet normal 0.03092227971008536 -0.9995217919673043 0
    outer loop
      vertex 77.99861299991608 73.76065199822187 1.5
      vertex 77.99861299991608 73.76065199822187 0
      vertex 91.96247400343418 74.19265300035477 1.5
    endloop
  endfacet
  facet normal -0.018141577727761458 -0.9998354280368082 0
    outer loop
      vertex 91.97652799636126 74.19239799678326 0
      vertex 91.97652799636126 74.19239799678326 1.5
      vertex 91.96247400343418 74.19265300035477 0
    endloop
  endfacet
  facet normal -0.018141577727761458 -0.9998354280368082 0
    outer loop
      vertex 91.96247400343418 74.19265300035477 1.5
      vertex 91.96247400343418 74.19265300035477 0
      vertex 91.97652799636126 74.19239799678326 1.5
    endloop
  endfacet
  facet normal -0.996797595980985 -0.07996594679317434 0
    outer loop
      vertex 91.97765199840069 74.1783870011568 0
      vertex 91.97765199840069 74.1783870011568 1.5
      vertex 91.97652799636126 74.19239799678326 0
    endloop
  endfacet
  facet normal -0.996797595980985 -0.07996594679317434 0
    outer loop
      vertex 91.97652799636126 74.19239799678326 1.5
      vertex 91.97652799636126 74.19239799678326 0
      vertex 91.97765199840069 74.1783870011568 1.5
    endloop
  endfacet
  facet normal -0.9995217919673043 -0.03092227971008536 0
    outer loop
      vertex 92.40965300053358 60.2145259976387 0
      vertex 92.40965300053358 60.2145259976387 1.5
      vertex 91.97765199840069 74.1783870011568 0
    endloop
  endfacet
  facet normal -0.9995217919673043 -0.03092227971008536 0
    outer loop
      vertex 91.97765199840069 74.1783870011568 1.5
      vertex 91.97765199840069 74.1783870011568 0
      vertex 92.40965300053358 60.2145259976387 1.5
    endloop
  endfacet
  facet normal -0.9998354282112573 0.01814156811335999 0
    outer loop
      vertex 92.40939799696207 60.20047199726105 0
      vertex 92.40939799696207 60.20047199726105 1.5
      vertex 92.40965300053358 60.2145259976387 0
    endloop
  endfacet
  facet normal -0.9998354282112573 0.01814156811335999 0
    outer loop
      vertex 92.40965300053358 60.2145259976387 1.5
      vertex 92.40965300053358 60.2145259976387 0
      vertex 92.40939799696207 60.20047199726105 1.5
    endloop
  endfacet
  facet normal -0.07996542011891535 0.9967976382321566 0
    outer loop
      vertex 92.39538700133562 60.199348002672195 0
      vertex 92.39538700133562 60.199348002672195 1.5
      vertex 92.40939799696207 60.20047199726105 0
    endloop
  endfacet
  facet normal -0.07996542011891535 0.9967976382321566 0
    outer loop
      vertex 92.40939799696207 60.20047199726105 1.5
      vertex 92.40939799696207 60.20047199726105 0
      vertex 92.39538700133562 60.199348002672195 1.5
    endloop
  endfacet
  facet normal -0.03092227971008536 0.9995217919673043 0
    outer loop
      vertex 78.43152599781752 59.7673470005393 0
      vertex 78.43152599781752 59.7673470005393 1.5
      vertex 92.39538700133562 60.199348002672195 0
    endloop
  endfacet
  facet normal -0.03092227971008536 0.9995217919673043 0
    outer loop
      vertex 92.39538700133562 60.199348002672195 1.5
      vertex 92.39538700133562 60.199348002672195 0
      vertex 78.43152599781752 59.7673470005393 1.5
    endloop
  endfacet
  facet normal 0.018141038235556982 0.9998354378255133 0
    outer loop
      vertex 78.41747199743986 59.76760199666023 0
      vertex 78.41747199743986 59.76760199666023 1.5
      vertex 78.43152599781752 59.7673470005393 0
    endloop
  endfacet
  facet normal 0.018141038235556982 0.9998354378255133 0
    outer loop
      vertex 78.43152599781752 59.7673470005393 1.5
      vertex 78.43152599781752 59.7673470005393 0
      vertex 78.41747199743986 59.76760199666023 1.5
    endloop
  endfacet
  facet normal 0.9987663135278975 0.04965733542885171 0
    outer loop
      vertex 58.73265799880028 59.6910649985075 0
      vertex 58.73265799880028 59.6910649985075 1.5
      vertex 58.73335599899292 59.67702600359917 0
    endloop
  endfacet
  facet normal 0.9987663135278975 0.04965733542885171 0
    outer loop
      vertex 58.73335599899292 59.67702600359917 1.5
      vertex 58.73335599899292 59.67702600359917 0
      vertex 58.73265799880028 59.6910649985075 1.5
    endloop
  endfacet
  facet normal 0.9999998629205125 0.0005236019064419622 0
    outer loop
      vertex 58.725342996418476 73.66160500049591 0
      vertex 58.725342996418476 73.66160500049591 1.5
      vertex 58.73265799880028 59.6910649985075 0
    endloop
  endfacet
  facet normal 0.9999998629205125 0.0005236019064419622 0
    outer loop
      vertex 58.73265799880028 59.6910649985075 1.5
      vertex 58.73265799880028 59.6910649985075 0
      vertex 58.725342996418476 73.66160500049591 1.5
    endloop
  endfacet
  facet normal 0.9988186690474472 -0.048592863285530113 0
    outer loop
      vertex 58.72602599859238 73.67564400285482 0
      vertex 58.72602599859238 73.67564400285482 1.5
      vertex 58.725342996418476 73.66160500049591 0
    endloop
  endfacet
  facet normal 0.9988186690474472 -0.048592863285530113 0
    outer loop
      vertex 58.725342996418476 73.66160500049591 1.5
      vertex 58.725342996418476 73.66160500049591 0
      vertex 58.72602599859238 73.67564400285482 1.5
    endloop
  endfacet
  facet normal 0.04965730914039719 -0.9987663148349242 0
    outer loop
      vertex 58.74006500095129 73.67634200304747 0
      vertex 58.74006500095129 73.67634200304747 1.5
      vertex 58.72602599859238 73.67564400285482 0
    endloop
  endfacet
  facet normal 0.04965730914039719 -0.9987663148349242 0
    outer loop
      vertex 58.72602599859238 73.67564400285482 1.5
      vertex 58.72602599859238 73.67564400285482 0
      vertex 58.74006500095129 73.67634200304747 1.5
    endloop
  endfacet
  facet normal 0.0005236013731356239 -0.9999998629207917 0
    outer loop
      vertex 72.7106050029397 73.68365699797869 0
      vertex 72.7106050029397 73.68365699797869 1.5
      vertex 58.74006500095129 73.67634200304747 0
    endloop
  endfacet
  facet normal 0.0005236013731356239 -0.9999998629207917 0
    outer loop
      vertex 58.74006500095129 73.67634200304747 1.5
      vertex 58.74006500095129 73.67634200304747 0
      vertex 72.7106050029397 73.68365699797869 1.5
    endloop
  endfacet
  facet normal -0.04859236018562023 -0.9988186935232994 0
    outer loop
      vertex 72.72464399784803 73.68297400325537 0
      vertex 72.72464399784803 73.68297400325537 1.5
      vertex 72.7106050029397 73.68365699797869 0
    endloop
  endfacet
  facet normal -0.04859236018562023 -0.9988186935232994 0
    outer loop
      vertex 72.7106050029397 73.68365699797869 1.5
      vertex 72.7106050029397 73.68365699797869 0
      vertex 72.72464399784803 73.68297400325537 1.5
    endloop
  endfacet
  facet normal -0.9987663148349242 -0.04965730914039719 0
    outer loop
      vertex 72.72534199804068 73.66893500089645 0
      vertex 72.72534199804068 73.66893500089645 1.5
      vertex 72.72464399784803 73.68297400325537 0
    endloop
  endfacet
  facet normal -0.9987663148349242 -0.04965730914039719 0
    outer loop
      vertex 72.72464399784803 73.68297400325537 1.5
      vertex 72.72464399784803 73.68297400325537 0
      vertex 72.72534199804068 73.66893500089645 1.5
    endloop
  endfacet
  facet normal -0.9999998629205125 -0.0005236019064419622 0
    outer loop
      vertex 72.73265700042248 59.69839499890804 0
      vertex 72.73265700042248 59.69839499890804 1.5
      vertex 72.72534199804068 73.66893500089645 0
    endloop
  endfacet
  facet normal -0.9999998629205125 -0.0005236019064419622 0
    outer loop
      vertex 72.72534199804068 73.66893500089645 1.5
      vertex 72.72534199804068 73.66893500089645 0
      vertex 72.73265700042248 59.69839499890804 1.5
    endloop
  endfacet
  facet normal -0.9988186690474472 0.048592863285530113 0
    outer loop
      vertex 72.73197399824858 59.68435599654913 0
      vertex 72.73197399824858 59.68435599654913 1.5
      vertex 72.73265700042248 59.69839499890804 0
    endloop
  endfacet
  facet normal -0.9988186690474472 0.048592863285530113 0
    outer loop
      vertex 72.73265700042248 59.69839499890804 1.5
      vertex 72.73265700042248 59.69839499890804 0
      vertex 72.73197399824858 59.68435599654913 1.5
    endloop
  endfacet
  facet normal -0.04965733542885171 0.9987663135278975 0
    outer loop
      vertex 72.71793500334024 59.68365799635649 0
      vertex 72.71793500334024 59.68365799635649 1.5
      vertex 72.73197399824858 59.68435599654913 0
    endloop
  endfacet
  facet normal -0.04965733542885171 0.9987663135278975 0
    outer loop
      vertex 72.73197399824858 59.68435599654913 1.5
      vertex 72.73197399824858 59.68435599654913 0
      vertex 72.71793500334024 59.68365799635649 1.5
    endloop
  endfacet
  facet normal -0.0005236013731356239 0.9999998629207917 0
    outer loop
      vertex 58.74739500135183 59.676343001425266 0
      vertex 58.74739500135183 59.676343001425266 1.5
      vertex 72.71793500334024 59.68365799635649 0
    endloop
  endfacet
  facet normal -0.0005236013731356239 0.9999998629207917 0
    outer loop
      vertex 72.71793500334024 59.68365799635649 1.5
      vertex 72.71793500334024 59.68365799635649 0
      vertex 58.74739500135183 59.676343001425266 1.5
    endloop
  endfacet
  facet normal 0.048592863285530113 0.9988186690474472 0
    outer loop
      vertex 58.73335599899292 59.67702600359917 0
      vertex 58.73335599899292 59.67702600359917 1.5
      vertex 58.74739500135183 59.676343001425266 0
    endloop
  endfacet
  facet normal 0.048592863285530113 0.9988186690474472 0
    outer loop
      vertex 58.74739500135183 59.676343001425266 1.5
      vertex 58.74739500135183 59.676343001425266 0
      vertex 58.73335599899292 59.67702600359917 1.5
    endloop
  endfacet
  facet normal 0.04908994278305106 0.9987943619772575 0
    outer loop
      vertex 8.716689996421337 59.67569000273943 0
      vertex 8.716689996421337 59.67569000273943 1.5
      vertex 8.73072899878025 59.67499999701977 0
    endloop
  endfacet
  facet normal 0.04908994278305106 0.9987943619772575 0
    outer loop
      vertex 8.73072899878025 59.67499999701977 1.5
      vertex 8.73072899878025 59.67499999701977 0
      vertex 8.716689996421337 59.67569000273943 1.5
    endloop
  endfacet
  facet normal 0.9987943866893177 0.04908943998366365 0
    outer loop
      vertex 8.715999998152256 59.68972899764776 0
      vertex 8.715999998152256 59.68972899764776 1.5
      vertex 8.716689996421337 59.67569000273943 0
    endloop
  endfacet
  facet normal 0.9987943866893177 0.04908943998366365 0
    outer loop
      vertex 8.716689996421337 59.67569000273943 1.5
      vertex 8.716689996421337 59.67569000273943 0
      vertex 8.715999998152256 59.68972899764776 1.5
    endloop
  endfacet
  facet normal 1 0 0
    outer loop
      vertex 8.715999998152256 73.66027099639177 0
      vertex 8.715999998152256 73.66027099639177 1.5
      vertex 8.715999998152256 59.68972899764776 0
    endloop
  endfacet
  facet normal 1 0 0
    outer loop
      vertex 8.715999998152256 59.68972899764776 1.5
      vertex 8.715999998152256 59.68972899764776 0
      vertex 8.715999998152256 73.66027099639177 1.5
    endloop
  endfacet
  facet normal 0.9987943879666562 -0.04908941399439046 0
    outer loop
      vertex 8.716689996421337 73.67430999875069 0
      vertex 8.716689996421337 73.67430999875069 1.5
      vertex 8.715999998152256 73.66027099639177 0
    endloop
  endfacet
  facet normal 0.9987943879666562 -0.04908941399439046 0
    outer loop
      vertex 8.715999998152256 73.66027099639177 1.5
      vertex 8.715999998152256 73.66027099639177 0
      vertex 8.716689996421337 73.67430999875069 1.5
    endloop
  endfacet
  facet normal 0.04908941399439046 -0.9987943879666562 0
    outer loop
      vertex 8.73072899878025 73.67499999701977 0
      vertex 8.73072899878025 73.67499999701977 1.5
      vertex 8.716689996421337 73.67430999875069 0
    endloop
  endfacet
  facet normal 0.04908941399439046 -0.9987943879666562 0
    outer loop
      vertex 8.716689996421337 73.67430999875069 1.5
      vertex 8.716689996421337 73.67430999875069 0
      vertex 8.73072899878025 73.67499999701977 1.5
    endloop
  endfacet
  facet normal 0 -1 0
    outer loop
      vertex 22.70127099752426 73.67499999701977 0
      vertex 22.70127099752426 73.67499999701977 1.5
      vertex 8.73072899878025 73.67499999701977 0
    endloop
  endfacet
  facet normal 0 -1 0
    outer loop
      vertex 8.73072899878025 73.67499999701977 1.5
      vertex 8.73072899878025 73.67499999701977 0
      vertex 22.70127099752426 73.67499999701977 1.5
    endloop
  endfacet
  facet normal -0.04908941399439046 -0.9987943879666562 0
    outer loop
      vertex 22.715309999883175 73.67430999875069 0
      vertex 22.715309999883175 73.67430999875069 1.5
      vertex 22.70127099752426 73.67499999701977 0
    endloop
  endfacet
  facet normal -0.04908941399439046 -0.9987943879666562 0
    outer loop
      vertex 22.70127099752426 73.67499999701977 1.5
      vertex 22.70127099752426 73.67499999701977 0
      vertex 22.715309999883175 73.67430999875069 1.5
    endloop
  endfacet
  facet normal -0.9987943879666562 -0.04908941399439046 0
    outer loop
      vertex 22.715999998152256 73.66027099639177 0
      vertex 22.715999998152256 73.66027099639177 1.5
      vertex 22.715309999883175 73.67430999875069 0
    endloop
  endfacet
  facet normal -0.9987943879666562 -0.04908941399439046 0
    outer loop
      vertex 22.715309999883175 73.67430999875069 1.5
      vertex 22.715309999883175 73.67430999875069 0
      vertex 22.715999998152256 73.66027099639177 1.5
    endloop
  endfacet
  facet normal -1 0 0
    outer loop
      vertex 22.715999998152256 59.68972899764776 0
      vertex 22.715999998152256 59.68972899764776 1.5
      vertex 22.715999998152256 73.66027099639177 0
    endloop
  endfacet
  facet normal -1 0 0
    outer loop
      vertex 22.715999998152256 73.66027099639177 1.5
      vertex 22.715999998152256 73.66027099639177 0
      vertex 22.715999998152256 59.68972899764776 1.5
    endloop
  endfacet
  facet normal -0.9987943866893177 0.04908943998366365 0
    outer loop
      vertex 22.715309999883175 59.67569000273943 0
      vertex 22.715309999883175 59.67569000273943 1.5
      vertex 22.715999998152256 59.68972899764776 0
    endloop
  endfacet
  facet normal -0.9987943866893177 0.04908943998366365 0
    outer loop
      vertex 22.715999998152256 59.68972899764776 1.5
      vertex 22.715999998152256 59.68972899764776 0
      vertex 22.715309999883175 59.67569000273943 1.5
    endloop
  endfacet
  facet normal -0.04908994278305106 0.9987943619772575 0
    outer loop
      vertex 22.70127099752426 59.67499999701977 0
      vertex 22.70127099752426 59.67499999701977 1.5
      vertex 22.715309999883175 59.67569000273943 0
    endloop
  endfacet
  facet normal -0.04908994278305106 0.9987943619772575 0
    outer loop
      vertex 22.715309999883175 59.67569000273943 1.5
      vertex 22.715309999883175 59.67569000273943 0
      vertex 22.70127099752426 59.67499999701977 1.5
    endloop
  endfacet
  facet normal 0 1 0
    outer loop
      vertex 8.73072899878025 59.67499999701977 0
      vertex 8.73072899878025 59.67499999701977 1.5
      vertex 22.70127099752426 59.67499999701977 0
    endloop
  endfacet
  facet normal 0 1 0
    outer loop
      vertex 22.70127099752426 59.67499999701977 1.5
      vertex 22.70127099752426 59.67499999701977 0
      vertex 8.73072899878025 59.67499999701977 1.5
    endloop
  endfacet
  facet normal 0.04908994278305106 0.9987943619772575 0
    outer loop
      vertex 39.673689998686314 59.67569000273943 0
      vertex 39.673689998686314 59.67569000273943 1.5
      vertex 39.68772900104523 59.67499999701977 0
    endloop
  endfacet
  facet normal 0.04908994278305106 0.9987943619772575 0
    outer loop
      vertex 39.68772900104523 59.67499999701977 1.5
      vertex 39.68772900104523 59.67499999701977 0
      vertex 39.673689998686314 59.67569000273943 1.5
    endloop
  endfacet
  facet normal 0.9987943866893177 0.04908943998366365 0
    outer loop
      vertex 39.67300000041723 59.68972899764776 0
      vertex 39.67300000041723 59.68972899764776 1.5
      vertex 39.673689998686314 59.67569000273943 0
    endloop
  endfacet
  facet normal 0.9987943866893177 0.04908943998366365 0
    outer loop
      vertex 39.673689998686314 59.67569000273943 1.5
      vertex 39.673689998686314 59.67569000273943 0
      vertex 39.67300000041723 59.68972899764776 1.5
    endloop
  endfacet
  facet normal 1 0 0
    outer loop
      vertex 39.67300000041723 73.66027099639177 0
      vertex 39.67300000041723 73.66027099639177 1.5
      vertex 39.67300000041723 59.68972899764776 0
    endloop
  endfacet
  facet normal 1 0 0
    outer loop
      vertex 39.67300000041723 59.68972899764776 1.5
      vertex 39.67300000041723 59.68972899764776 0
      vertex 39.67300000041723 73.66027099639177 1.5
    endloop
  endfacet
  facet normal 0.9987943879666562 -0.04908941399439046 0
    outer loop
      vertex 39.673689998686314 73.67430999875069 0
      vertex 39.673689998686314 73.67430999875069 1.5
      vertex 39.67300000041723 73.66027099639177 0
    endloop
  endfacet
  facet normal 0.9987943879666562 -0.04908941399439046 0
    outer loop
      vertex 39.67300000041723 73.66027099639177 1.5
      vertex 39.67300000041723 73.66027099639177 0
      vertex 39.673689998686314 73.67430999875069 1.5
    endloop
  endfacet
  facet normal 0.04908941399439046 -0.9987943879666562 0
    outer loop
      vertex 39.68772900104523 73.67499999701977 0
      vertex 39.68772900104523 73.67499999701977 1.5
      vertex 39.673689998686314 73.67430999875069 0
    endloop
  endfacet
  facet normal 0.04908941399439046 -0.9987943879666562 0
    outer loop
      vertex 39.673689998686314 73.67430999875069 1.5
      vertex 39.673689998686314 73.67430999875069 0
      vertex 39.68772900104523 73.67499999701977 1.5
    endloop
  endfacet
  facet normal 0 -1 0
    outer loop
      vertex 53.65827099978924 73.67499999701977 0
      vertex 53.65827099978924 73.67499999701977 1.5
      vertex 39.68772900104523 73.67499999701977 0
    endloop
  endfacet
  facet normal 0 -1 0
    outer loop
      vertex 39.68772900104523 73.67499999701977 1.5
      vertex 39.68772900104523 73.67499999701977 0
      vertex 53.65827099978924 73.67499999701977 1.5
    endloop
  endfacet
  facet normal -0.04908941399439046 -0.9987943879666562 0
    outer loop
      vertex 53.67231000214815 73.67430999875069 0
      vertex 53.67231000214815 73.67430999875069 1.5
      vertex 53.65827099978924 73.67499999701977 0
    endloop
  endfacet
  facet normal -0.04908941399439046 -0.9987943879666562 0
    outer loop
      vertex 53.65827099978924 73.67499999701977 1.5
      vertex 53.65827099978924 73.67499999701977 0
      vertex 53.67231000214815 73.67430999875069 1.5
    endloop
  endfacet
  facet normal -0.9987943879666562 -0.04908941399439046 0
    outer loop
      vertex 53.67300000041723 73.66027099639177 0
      vertex 53.67300000041723 73.66027099639177 1.5
      vertex 53.67231000214815 73.67430999875069 0
    endloop
  endfacet
  facet normal -0.9987943879666562 -0.04908941399439046 0
    outer loop
      vertex 53.67231000214815 73.67430999875069 1.5
      vertex 53.67231000214815 73.67430999875069 0
      vertex 53.67300000041723 73.66027099639177 1.5
    endloop
  endfacet
  facet normal -1 0 0
    outer loop
      vertex 53.67300000041723 59.68972899764776 0
      vertex 53.67300000041723 59.68972899764776 1.5
      vertex 53.67300000041723 73.66027099639177 0
    endloop
  endfacet
  facet normal -1 0 0
    outer loop
      vertex 53.67300000041723 73.66027099639177 1.5
      vertex 53.67300000041723 73.66027099639177 0
      vertex 53.67300000041723 59.68972899764776 1.5
    endloop
  endfacet
  facet normal -0.9987943866893177 0.04908943998366365 0
    outer loop
      vertex 53.67231000214815 59.67569000273943 0
      vertex 53.67231000214815 59.67569000273943 1.5
      vertex 53.67300000041723 59.68972899764776 0
    endloop
  endfacet
  facet normal -0.9987943866893177 0.04908943998366365 0
    outer loop
      vertex 53.67300000041723 59.68972899764776 1.5
      vertex 53.67300000041723 59.68972899764776 0
      vertex 53.67231000214815 59.67569000273943 1.5
    endloop
  endfacet
  facet normal -0.04908994278305106 0.9987943619772575 0
    outer loop
      vertex 53.65827099978924 59.67499999701977 0
      vertex 53.65827099978924 59.67499999701977 1.5
      vertex 53.67231000214815 59.67569000273943 0
    endloop
  endfacet
  facet normal -0.04908994278305106 0.9987943619772575 0
    outer loop
      vertex 53.67231000214815 59.67569000273943 1.5
      vertex 53.67231000214815 59.67569000273943 0
      vertex 53.65827099978924 59.67499999701977 1.5
    endloop
  endfacet
  facet normal 0 1 0
    outer loop
      vertex 39.68772900104523 59.67499999701977 0
      vertex 39.68772900104523 59.67499999701977 1.5
      vertex 53.65827099978924 59.67499999701977 0
    endloop
  endfacet
  facet normal 0 1 0
    outer loop
      vertex 53.65827099978924 59.67499999701977 1.5
      vertex 53.65827099978924 59.67499999701977 0
      vertex 39.68772900104523 59.67499999701977 1.5
    endloop
  endfacet
  facet normal 0.9940220878113956 0.10917915983865353 0
    outer loop
      vertex 114.09719900041819 56.72425899654627 0
      vertex 114.09719900041819 56.72425899654627 1.5
      vertex 115.62249100208282 42.83723200112581 0
    endloop
  endfacet
  facet normal 0.9940220878113956 0.10917915983865353 0
    outer loop
      vertex 115.62249100208282 42.83723200112581 1.5
      vertex 115.62249100208282 42.83723200112581 0
      vertex 114.09719900041819 56.72425899654627 1.5
    endloop
  endfacet
  facet normal 0.9981829310700622 0.060256419744121235 0
    outer loop
      vertex 114.09635200351477 56.73828999698162 0
      vertex 114.09635200351477 56.73828999698162 1.5
      vertex 114.09719900041819 56.72425899654627 0
    endloop
  endfacet
  facet normal 0.9981829310700622 0.060256419744121235 0
    outer loop
      vertex 114.09719900041819 56.72425899654627 1.5
      vertex 114.09719900041819 56.72425899654627 0
      vertex 114.09635200351477 56.73828999698162 1.5
    endloop
  endfacet
  facet normal 0.15786609005789243 -0.9874605296465442 0
    outer loop
      vertex 114.11023200303316 56.7405090034008 0
      vertex 114.11023200303316 56.7405090034008 1.5
      vertex 114.09635200351477 56.73828999698162 0
    endloop
  endfacet
  facet normal 0.15786609005789243 -0.9874605296465442 0
    outer loop
      vertex 114.09635200351477 56.73828999698162 1.5
      vertex 114.09635200351477 56.73828999698162 0
      vertex 114.11023200303316 56.7405090034008 1.5
    endloop
  endfacet
  facet normal 0.1091791593117041 -0.9940220878692734 0
    outer loop
      vertex 127.99725899845362 58.26580099761486 0
      vertex 127.99725899845362 58.26580099761486 1.5
      vertex 114.11023200303316 56.7405090034008 0
    endloop
  endfacet
  facet normal 0.1091791593117041 -0.9940220878692734 0
    outer loop
      vertex 114.11023200303316 56.7405090034008 1.5
      vertex 114.11023200303316 56.7405090034008 0
      vertex 127.99725899845362 58.26580099761486 1.5
    endloop
  endfacet
  facet normal 0.06025694786322261 -0.9981828991894266 0
    outer loop
      vertex 128.01128999888897 58.26664800196886 0
      vertex 128.01128999888897 58.26664800196886 1.5
      vertex 127.99725899845362 58.26580099761486 0
    endloop
  endfacet
  facet normal 0.06025694786322261 -0.9981828991894266 0
    outer loop
      vertex 127.99725899845362 58.26580099761486 1.5
      vertex 127.99725899845362 58.26580099761486 0
      vertex 128.01128999888897 58.26664800196886 1.5
    endloop
  endfacet
  facet normal -0.9874606122747522 -0.1578655732133245 0
    outer loop
      vertex 128.01350899785757 58.252768002450466 0
      vertex 128.01350899785757 58.252768002450466 1.5
      vertex 128.01128999888897 58.26664800196886 0
    endloop
  endfacet
  facet normal -0.9874606122747522 -0.1578655732133245 0
    outer loop
      vertex 128.01128999888897 58.26664800196886 1.5
      vertex 128.01128999888897 58.26664800196886 0
      vertex 128.01350899785757 58.252768002450466 1.5
    endloop
  endfacet
  facet normal -0.9940220878177526 -0.10917915978077565 0
    outer loop
      vertex 129.5388009995222 44.36574099957943 0
      vertex 129.5388009995222 44.36574099957943 1.5
      vertex 128.01350899785757 58.252768002450466 0
    endloop
  endfacet
  facet normal -0.9940220878177526 -0.10917915978077565 0
    outer loop
      vertex 128.01350899785757 58.252768002450466 1.5
      vertex 128.01350899785757 58.252768002450466 0
      vertex 129.5388009995222 44.36574099957943 1.5
    endloop
  endfacet
  facet normal -0.9981829310700622 -0.060256419744121235 0
    outer loop
      vertex 129.53964799642563 44.35170999914408 0
      vertex 129.53964799642563 44.35170999914408 1.5
      vertex 129.5388009995222 44.36574099957943 0
    endloop
  endfacet
  facet normal -0.9981829310700622 -0.060256419744121235 0
    outer loop
      vertex 129.5388009995222 44.36574099957943 1.5
      vertex 129.5388009995222 44.36574099957943 0
      vertex 129.53964799642563 44.35170999914408 1.5
    endloop
  endfacet
  facet normal -0.1578655732133245 0.9874606122747522 0
    outer loop
      vertex 129.52576799690723 44.349491000175476 0
      vertex 129.52576799690723 44.349491000175476 1.5
      vertex 129.53964799642563 44.35170999914408 0
    endloop
  endfacet
  facet normal -0.1578655732133245 0.9874606122747522 0
    outer loop
      vertex 129.53964799642563 44.35170999914408 1.5
      vertex 129.53964799642563 44.35170999914408 0
      vertex 129.52576799690723 44.349491000175476 1.5
    endloop
  endfacet
  facet normal -0.10917915983865353 0.9940220878113956 0
    outer loop
      vertex 115.63874100148678 42.82419899851084 0
      vertex 115.63874100148678 42.82419899851084 1.5
      vertex 129.52576799690723 44.349491000175476 0
    endloop
  endfacet
  facet normal -0.10917915983865353 0.9940220878113956 0
    outer loop
      vertex 129.52576799690723 44.349491000175476 1.5
      vertex 129.52576799690723 44.349491000175476 0
      vertex 115.63874100148678 42.82419899851084 1.5
    endloop
  endfacet
  facet normal -0.060256419744121235 0.9981829310700622 0
    outer loop
      vertex 115.62471000105143 42.82335200160742 0
      vertex 115.62471000105143 42.82335200160742 1.5
      vertex 115.63874100148678 42.82419899851084 0
    endloop
  endfacet
  facet normal -0.060256419744121235 0.9981829310700622 0
    outer loop
      vertex 115.63874100148678 42.82419899851084 1.5
      vertex 115.63874100148678 42.82419899851084 0
      vertex 115.62471000105143 42.82335200160742 1.5
    endloop
  endfacet
  facet normal 0.9874606122747522 0.1578655732133245 0
    outer loop
      vertex 115.62249100208282 42.83723200112581 0
      vertex 115.62249100208282 42.83723200112581 1.5
      vertex 115.62471000105143 42.82335200160742 0
    endloop
  endfacet
  facet normal 0.9874606122747522 0.1578655732133245 0
    outer loop
      vertex 115.62471000105143 42.82335200160742 1.5
      vertex 115.62471000105143 42.82335200160742 0
      vertex 115.62249100208282 42.83723200112581 1.5
    endloop
  endfacet
  facet normal 0.9977209328075763 0.06747547878733345 0
    outer loop
      vertex 93.27561900019646 55.17902299761772 0
      vertex 93.27561900019646 55.17902299761772 1.5
      vertex 94.21828799694777 41.2403210029006 0
    endloop
  endfacet
  facet normal 0.9977209328075763 0.06747547878733345 0
    outer loop
      vertex 94.21828799694777 41.2403210029006 1.5
      vertex 94.21828799694777 41.2403210029006 0
      vertex 93.27561900019646 55.17902299761772 1.5
    endloop
  endfacet
  facet normal 0.9998302345832313 0.018425580404444628 0
    outer loop
      vertex 93.27536000311375 55.19307699799538 0
      vertex 93.27536000311375 55.19307699799538 1.5
      vertex 93.27561900019646 55.17902299761772 0
    endloop
  endfacet
  facet normal 0.9998302345832313 0.018425580404444628 0
    outer loop
      vertex 93.27561900019646 55.17902299761772 1.5
      vertex 93.27561900019646 55.17902299761772 0
      vertex 93.27536000311375 55.19307699799538 1.5
    endloop
  endfacet
  facet normal 0.11631706559845366 -0.9932121325530437 0
    outer loop
      vertex 93.28932099789381 55.19471199810505 0
      vertex 93.28932099789381 55.19471199810505 1.5
      vertex 93.27536000311375 55.19307699799538 0
    endloop
  endfacet
  facet normal 0.11631706559845366 -0.9932121325530437 0
    outer loop
      vertex 93.27536000311375 55.19307699799538 1.5
      vertex 93.27536000311375 55.19307699799538 0
      vertex 93.28932099789381 55.19471199810505 1.5
    endloop
  endfacet
  facet normal 0.06747547928230874 -0.9977209327741013 0
    outer loop
      vertex 107.22802300006151 56.13738100230694 0
      vertex 107.22802300006151 56.13738100230694 1.5
      vertex 93.28932099789381 55.19471199810505 0
    endloop
  endfacet
  facet normal 0.06747547928230874 -0.9977209327741013 0
    outer loop
      vertex 93.28932099789381 55.19471199810505 1.5
      vertex 93.28932099789381 55.19471199810505 0
      vertex 107.22802300006151 56.13738100230694 1.5
    endloop
  endfacet
  facet normal 0.018425580404444628 -0.9998302345832313 0
    outer loop
      vertex 107.24207700043917 56.13763999938965 0
      vertex 107.24207700043917 56.13763999938965 1.5
      vertex 107.22802300006151 56.13738100230694 0
    endloop
  endfacet
  facet normal 0.018425580404444628 -0.9998302345832313 0
    outer loop
      vertex 107.22802300006151 56.13738100230694 1.5
      vertex 107.22802300006151 56.13738100230694 0
      vertex 107.24207700043917 56.13763999938965 1.5
    endloop
  endfacet
  facet normal -0.9932121397244166 -0.11631700436327422 0
    outer loop
      vertex 107.24371200054884 56.123678997159004 0
      vertex 107.24371200054884 56.123678997159004 1.5
      vertex 107.24207700043917 56.13763999938965 0
    endloop
  endfacet
  facet normal -0.9932121397244166 -0.11631700436327422 0
    outer loop
      vertex 107.24207700043917 56.13763999938965 1.5
      vertex 107.24207700043917 56.13763999938965 0
      vertex 107.24371200054884 56.123678997159004 1.5
    endloop
  endfacet
  facet normal -0.9977209328075763 -0.06747547878733345 0
    outer loop
      vertex 108.18638099730015 42.18497700244188 0
      vertex 108.18638099730015 42.18497700244188 1.5
      vertex 107.24371200054884 56.123678997159004 0
    endloop
  endfacet
  facet normal -0.9977209328075763 -0.06747547878733345 0
    outer loop
      vertex 107.24371200054884 56.123678997159004 1.5
      vertex 107.24371200054884 56.123678997159004 0
      vertex 108.18638099730015 42.18497700244188 1.5
    endloop
  endfacet
  facet normal -0.9998302248182795 -0.01842611027397495 0
    outer loop
      vertex 108.18664000183344 42.17092300206423 0
      vertex 108.18664000183344 42.17092300206423 1.5
      vertex 108.18638099730015 42.18497700244188 0
    endloop
  endfacet
  facet normal -0.9998302248182795 -0.01842611027397495 0
    outer loop
      vertex 108.18638099730015 42.18497700244188 1.5
      vertex 108.18638099730015 42.18497700244188 0
      vertex 108.18664000183344 42.17092300206423 1.5
    endloop
  endfacet
  facet normal -0.11631700436327422 0.9932121397244166 0
    outer loop
      vertex 108.1726789996028 42.169288001954556 0
      vertex 108.1726789996028 42.169288001954556 1.5
      vertex 108.18664000183344 42.17092300206423 0
    endloop
  endfacet
  facet normal -0.11631700436327422 0.9932121397244166 0
    outer loop
      vertex 108.18664000183344 42.17092300206423 1.5
      vertex 108.18664000183344 42.17092300206423 0
      vertex 108.1726789996028 42.169288001954556 1.5
    endloop
  endfacet
  facet normal -0.06747547928230874 0.9977209327741013 0
    outer loop
      vertex 94.2339769974351 41.22661899775267 0
      vertex 94.2339769974351 41.22661899775267 1.5
      vertex 108.1726789996028 42.169288001954556 0
    endloop
  endfacet
  facet normal -0.06747547928230874 0.9977209327741013 0
    outer loop
      vertex 108.1726789996028 42.169288001954556 1.5
      vertex 108.1726789996028 42.169288001954556 0
      vertex 94.2339769974351 41.22661899775267 1.5
    endloop
  endfacet
  facet normal -0.018425580404444628 0.9998302345832313 0
    outer loop
      vertex 94.21992299705744 41.226360000669956 0
      vertex 94.21992299705744 41.226360000669956 1.5
      vertex 94.2339769974351 41.22661899775267 0
    endloop
  endfacet
  facet normal -0.018425580404444628 0.9998302345832313 0
    outer loop
      vertex 94.2339769974351 41.22661899775267 1.5
      vertex 94.2339769974351 41.22661899775267 0
      vertex 94.21992299705744 41.226360000669956 1.5
    endloop
  endfacet
  facet normal 0.9932121397244166 0.11631700436327422 0
    outer loop
      vertex 94.21828799694777 41.2403210029006 0
      vertex 94.21828799694777 41.2403210029006 1.5
      vertex 94.21992299705744 41.226360000669956 0
    endloop
  endfacet
  facet normal 0.9932121397244166 0.11631700436327422 0
    outer loop
      vertex 94.21992299705744 41.226360000669956 1.5
      vertex 94.21992299705744 41.226360000669956 0
      vertex 94.21828799694777 41.2403210029006 1.5
    endloop
  endfacet
  facet normal 0.9976700582721633 0.06822356504330757 0
    outer loop
      vertex 73.33063799887896 40.68739499896765 0
      vertex 73.33063799887896 40.68739499896765 1.5
      vertex 73.33159700036049 40.673371002078056 0
    endloop
  endfacet
  facet normal 0.9976700582721633 0.06822356504330757 0
    outer loop
      vertex 73.33159700036049 40.673371002078056 1.5
      vertex 73.33159700036049 40.673371002078056 0
      vertex 73.33063799887896 40.68739499896765 1.5
    endloop
  endfacet
  facet normal 0.9998150417158685 0.019232325878474118 0
    outer loop
      vertex 73.06195200234652 54.655351996421814 0
      vertex 73.06195200234652 54.655351996421814 1.5
      vertex 73.33063799887896 40.68739499896765 0
    endloop
  endfacet
  facet normal 0.9998150417158685 0.019232325878474118 0
    outer loop
      vertex 73.33063799887896 40.68739499896765 1.5
      vertex 73.33063799887896 40.68739499896765 0
      vertex 73.06195200234652 54.655351996421814 1.5
    endloop
  endfacet
  facet normal 0.9995556857760219 -0.029806560231373635 0
    outer loop
      vertex 73.06237100064754 54.66940300166607 0
      vertex 73.06237100064754 54.66940300166607 1.5
      vertex 73.06195200234652 54.655351996421814 0
    endloop
  endfacet
  facet normal 0.9995556857760219 -0.029806560231373635 0
    outer loop
      vertex 73.06195200234652 54.655351996421814 1.5
      vertex 73.06195200234652 54.655351996421814 0
      vertex 73.06237100064754 54.66940300166607 1.5
    endloop
  endfacet
  facet normal 0.06822356504330757 -0.9976700582721633 0
    outer loop
      vertex 73.07639499753714 54.6703620031476 0
      vertex 73.07639499753714 54.6703620031476 1.5
      vertex 73.06237100064754 54.66940300166607 0
    endloop
  endfacet
  facet normal 0.06822356504330757 -0.9976700582721633 0
    outer loop
      vertex 73.06237100064754 54.66940300166607 1.5
      vertex 73.06237100064754 54.66940300166607 0
      vertex 73.07639499753714 54.6703620031476 1.5
    endloop
  endfacet
  facet normal 0.01923232586821929 -0.9998150417160658 0
    outer loop
      vertex 87.04435200244188 54.93904799968004 0
      vertex 87.04435200244188 54.93904799968004 1.5
      vertex 73.07639499753714 54.6703620031476 0
    endloop
  endfacet
  facet normal 0.01923232586821929 -0.9998150417160658 0
    outer loop
      vertex 73.07639499753714 54.6703620031476 1.5
      vertex 73.07639499753714 54.6703620031476 0
      vertex 87.04435200244188 54.93904799968004 1.5
    endloop
  endfacet
  facet normal -0.029806576022343288 -0.9995556853051382 0
    outer loop
      vertex 87.05840300023556 54.93862900137901 0
      vertex 87.05840300023556 54.93862900137901 1.5
      vertex 87.04435200244188 54.93904799968004 0
    endloop
  endfacet
  facet normal -0.029806576022343288 -0.9995556853051382 0
    outer loop
      vertex 87.04435200244188 54.93904799968004 1.5
      vertex 87.04435200244188 54.93904799968004 0
      vertex 87.05840300023556 54.93862900137901 1.5
    endloop
  endfacet
  facet normal -0.9976700607391893 -0.06822352896664387 0
    outer loop
      vertex 87.05936200171709 54.92460499703884 0
      vertex 87.05936200171709 54.92460499703884 1.5
      vertex 87.05840300023556 54.93862900137901 0
    endloop
  endfacet
  facet normal -0.9976700607391893 -0.06822352896664387 0
    outer loop
      vertex 87.05840300023556 54.93862900137901 1.5
      vertex 87.05840300023556 54.93862900137901 0
      vertex 87.05936200171709 54.92460499703884 1.5
    endloop
  endfacet
  facet normal -0.9998150417158685 -0.019232325878474118 0
    outer loop
      vertex 87.32804799824953 40.956647999584675 0
      vertex 87.32804799824953 40.956647999584675 1.5
      vertex 87.05936200171709 54.92460499703884 0
    endloop
  endfacet
  facet normal -0.9998150417158685 -0.019232325878474118 0
    outer loop
      vertex 87.05936200171709 54.92460499703884 1.5
      vertex 87.05936200171709 54.92460499703884 0
      vertex 87.32804799824953 40.956647999584675 1.5
    endloop
  endfacet
  facet normal -0.9995556853051382 0.029806576022343288 0
    outer loop
      vertex 87.3276289999485 40.942597001791 0
      vertex 87.3276289999485 40.942597001791 1.5
      vertex 87.32804799824953 40.956647999584675 0
    endloop
  endfacet
  facet normal -0.9995556853051382 0.029806576022343288 0
    outer loop
      vertex 87.32804799824953 40.956647999584675 1.5
      vertex 87.32804799824953 40.956647999584675 0
      vertex 87.3276289999485 40.942597001791 1.5
    endloop
  endfacet
  facet normal -0.06822356504330757 0.9976700582721633 0
    outer loop
      vertex 87.31360500305891 40.94163800030947 0
      vertex 87.31360500305891 40.94163800030947 1.5
      vertex 87.3276289999485 40.942597001791 0
    endloop
  endfacet
  facet normal -0.06822356504330757 0.9976700582721633 0
    outer loop
      vertex 87.3276289999485 40.942597001791 1.5
      vertex 87.3276289999485 40.942597001791 0
      vertex 87.31360500305891 40.94163800030947 1.5
    endloop
  endfacet
  facet normal -0.019232326401328555 0.9998150417058111 0
    outer loop
      vertex 73.34564799815416 40.67295199632645 0
      vertex 73.34564799815416 40.67295199632645 1.5
      vertex 87.31360500305891 40.94163800030947 0
    endloop
  endfacet
  facet normal -0.019232326401328555 0.9998150417058111 0
    outer loop
      vertex 87.31360500305891 40.94163800030947 1.5
      vertex 87.31360500305891 40.94163800030947 0
      vertex 73.34564799815416 40.67295199632645 1.5
    endloop
  endfacet
  facet normal 0.02980710556862423 0.9995556695140201 0
    outer loop
      vertex 73.33159700036049 40.673371002078056 0
      vertex 73.33159700036049 40.673371002078056 1.5
      vertex 73.34564799815416 40.67295199632645 0
    endloop
  endfacet
  facet normal 0.02980710556862423 0.9995556695140201 0
    outer loop
      vertex 73.34564799815416 40.67295199632645 1.5
      vertex 73.34564799815416 40.67295199632645 0
      vertex 73.33159700036049 40.673371002078056 1.5
    endloop
  endfacet
  facet normal 0.04908941399439046 0.9987943879666562 0
    outer loop
      vertex 3.9541900008916855 40.62568999826908 0
      vertex 3.9541900008916855 40.62568999826908 1.5
      vertex 3.968229003250599 40.625 0
    endloop
  endfacet
  facet normal 0.04908941399439046 0.9987943879666562 0
    outer loop
      vertex 3.968229003250599 40.625 1.5
      vertex 3.968229003250599 40.625 0
      vertex 3.9541900008916855 40.62568999826908 1.5
    endloop
  endfacet
  facet normal 0.9987943879666562 0.04908941399439046 0
    outer loop
      vertex 3.9535000026226044 40.639729000627995 0
      vertex 3.9535000026226044 40.639729000627995 1.5
      vertex 3.9541900008916855 40.62568999826908 0
    endloop
  endfacet
  facet normal 0.9987943879666562 0.04908941399439046 0
    outer loop
      vertex 3.9541900008916855 40.62568999826908 1.5
      vertex 3.9541900008916855 40.62568999826908 0
      vertex 3.9535000026226044 40.639729000627995 1.5
    endloop
  endfacet
  facet normal 1 0 0
    outer loop
      vertex 3.9535000026226044 54.610270999372005 0
      vertex 3.9535000026226044 54.610270999372005 1.5
      vertex 3.9535000026226044 40.639729000627995 0
    endloop
  endfacet
  facet normal 1 0 0
    outer loop
      vertex 3.9535000026226044 40.639729000627995 1.5
      vertex 3.9535000026226044 40.639729000627995 0
      vertex 3.9535000026226044 54.610270999372005 1.5
    endloop
  endfacet
  facet normal 0.9987943879666562 -0.04908941399439046 0
    outer loop
      vertex 3.9541900008916855 54.62431000173092 0
      vertex 3.9541900008916855 54.62431000173092 1.5
      vertex 3.9535000026226044 54.610270999372005 0
    endloop
  endfacet
  facet normal 0.9987943879666562 -0.04908941399439046 0
    outer loop
      vertex 3.9535000026226044 54.610270999372005 1.5
      vertex 3.9535000026226044 54.610270999372005 0
      vertex 3.9541900008916855 54.62431000173092 1.5
    endloop
  endfacet
  facet normal 0.04908941399439046 -0.9987943879666562 0
    outer loop
      vertex 3.968229003250599 54.625 0
      vertex 3.968229003250599 54.625 1.5
      vertex 3.9541900008916855 54.62431000173092 0
    endloop
  endfacet
  facet normal 0.04908941399439046 -0.9987943879666562 0
    outer loop
      vertex 3.9541900008916855 54.62431000173092 1.5
      vertex 3.9541900008916855 54.62431000173092 0
      vertex 3.968229003250599 54.625 1.5
    endloop
  endfacet
  facet normal 0 -1 0
    outer loop
      vertex 22.70127099752426 54.625 0
      vertex 22.70127099752426 54.625 1.5
      vertex 3.968229003250599 54.625 0
    endloop
  endfacet
  facet normal 0 -1 0
    outer loop
      vertex 3.968229003250599 54.625 1.5
      vertex 3.968229003250599 54.625 0
      vertex 22.70127099752426 54.625 1.5
    endloop
  endfacet
  facet normal -0.04908941399439046 -0.9987943879666562 0
    outer loop
      vertex 22.715309999883175 54.62431000173092 0
      vertex 22.715309999883175 54.62431000173092 1.5
      vertex 22.70127099752426 54.625 0
    endloop
  endfacet
  facet normal -0.04908941399439046 -0.9987943879666562 0
    outer loop
      vertex 22.70127099752426 54.625 1.5
      vertex 22.70127099752426 54.625 0
      vertex 22.715309999883175 54.62431000173092 1.5
    endloop
  endfacet
  facet normal -0.9987943879666562 -0.04908941399439046 0
    outer loop
      vertex 22.715999998152256 54.610270999372005 0
      vertex 22.715999998152256 54.610270999372005 1.5
      vertex 22.715309999883175 54.62431000173092 0
    endloop
  endfacet
  facet normal -0.9987943879666562 -0.04908941399439046 0
    outer loop
      vertex 22.715309999883175 54.62431000173092 1.5
      vertex 22.715309999883175 54.62431000173092 0
      vertex 22.715999998152256 54.610270999372005 1.5
    endloop
  endfacet
  facet normal -1 0 0
    outer loop
      vertex 22.715999998152256 40.639729000627995 0
      vertex 22.715999998152256 40.639729000627995 1.5
      vertex 22.715999998152256 54.610270999372005 0
    endloop
  endfacet
  facet normal -1 0 0
    outer loop
      vertex 22.715999998152256 54.610270999372005 1.5
      vertex 22.715999998152256 54.610270999372005 0
      vertex 22.715999998152256 40.639729000627995 1.5
    endloop
  endfacet
  facet normal -0.9987943879666562 0.04908941399439046 0
    outer loop
      vertex 22.715309999883175 40.62568999826908 0
      vertex 22.715309999883175 40.62568999826908 1.5
      vertex 22.715999998152256 40.639729000627995 0
    endloop
  endfacet
  facet normal -0.9987943879666562 0.04908941399439046 0
    outer loop
      vertex 22.715999998152256 40.639729000627995 1.5
      vertex 22.715999998152256 40.639729000627995 0
      vertex 22.715309999883175 40.62568999826908 1.5
    endloop
  endfacet
  facet normal -0.04908941399439046 0.9987943879666562 0
    outer loop
      vertex 22.70127099752426 40.625 0
      vertex 22.70127099752426 40.625 1.5
      vertex 22.715309999883175 40.62568999826908 0
    endloop
  endfacet
  facet normal -0.04908941399439046 0.9987943879666562 0
    outer loop
      vertex 22.715309999883175 40.62568999826908 1.5
      vertex 22.715309999883175 40.62568999826908 0
      vertex 22.70127099752426 40.625 1.5
    endloop
  endfacet
  facet normal 0 1 0
    outer loop
      vertex 3.968229003250599 40.625 0
      vertex 3.968229003250599 40.625 1.5
      vertex 22.70127099752426 40.625 0
    endloop
  endfacet
  facet normal 0 1 0
    outer loop
      vertex 22.70127099752426 40.625 1.5
      vertex 22.70127099752426 40.625 0
      vertex 3.968229003250599 40.625 1.5
    endloop
  endfacet
  facet normal 0.04908943998366365 0.9987943866893177 0
    outer loop
      vertex 34.91069000214338 40.62568999826908 0
      vertex 34.91069000214338 40.62568999826908 1.5
      vertex 34.924728997051716 40.625 0
    endloop
  endfacet
  facet normal 0.04908943998366365 0.9987943866893177 0
    outer loop
      vertex 34.924728997051716 40.625 1.5
      vertex 34.924728997051716 40.625 0
      vertex 34.91069000214338 40.62568999826908 1.5
    endloop
  endfacet
  facet normal 0.9987943619772575 0.04908994278305106 0
    outer loop
      vertex 34.90999999642372 40.639729000627995 0
      vertex 34.90999999642372 40.639729000627995 1.5
      vertex 34.91069000214338 40.62568999826908 0
    endloop
  endfacet
  facet normal 0.9987943619772575 0.04908994278305106 0
    outer loop
      vertex 34.91069000214338 40.62568999826908 1.5
      vertex 34.91069000214338 40.62568999826908 0
      vertex 34.90999999642372 40.639729000627995 1.5
    endloop
  endfacet
  facet normal 1 0 0
    outer loop
      vertex 34.90999999642372 54.610270999372005 0
      vertex 34.90999999642372 54.610270999372005 1.5
      vertex 34.90999999642372 40.639729000627995 0
    endloop
  endfacet
  facet normal 1 0 0
    outer loop
      vertex 34.90999999642372 40.639729000627995 1.5
      vertex 34.90999999642372 40.639729000627995 0
      vertex 34.90999999642372 54.610270999372005 1.5
    endloop
  endfacet
  facet normal 0.9987943619772575 -0.04908994278305106 0
    outer loop
      vertex 34.91069000214338 54.62431000173092 0
      vertex 34.91069000214338 54.62431000173092 1.5
      vertex 34.90999999642372 54.610270999372005 0
    endloop
  endfacet
  facet normal 0.9987943619772575 -0.04908994278305106 0
    outer loop
      vertex 34.90999999642372 54.610270999372005 1.5
      vertex 34.90999999642372 54.610270999372005 0
      vertex 34.91069000214338 54.62431000173092 1.5
    endloop
  endfacet
  facet normal 0.04908943998366365 -0.9987943866893177 0
    outer loop
      vertex 34.924728997051716 54.625 0
      vertex 34.924728997051716 54.625 1.5
      vertex 34.91069000214338 54.62431000173092 0
    endloop
  endfacet
  facet normal 0.04908943998366365 -0.9987943866893177 0
    outer loop
      vertex 34.91069000214338 54.62431000173092 1.5
      vertex 34.91069000214338 54.62431000173092 0
      vertex 34.924728997051716 54.625 1.5
    endloop
  endfacet
  facet normal 0 -1 0
    outer loop
      vertex 48.89527100324631 54.625 0
      vertex 48.89527100324631 54.625 1.5
      vertex 34.924728997051716 54.625 0
    endloop
  endfacet
  facet normal 0 -1 0
    outer loop
      vertex 34.924728997051716 54.625 1.5
      vertex 34.924728997051716 54.625 0
      vertex 48.89527100324631 54.625 1.5
    endloop
  endfacet
  facet normal -0.04908943998366365 -0.9987943866893177 0
    outer loop
      vertex 48.90930999815464 54.62431000173092 0
      vertex 48.90930999815464 54.62431000173092 1.5
      vertex 48.89527100324631 54.625 0
    endloop
  endfacet
  facet normal -0.04908943998366365 -0.9987943866893177 0
    outer loop
      vertex 48.89527100324631 54.625 1.5
      vertex 48.89527100324631 54.625 0
      vertex 48.90930999815464 54.62431000173092 1.5
    endloop
  endfacet
  facet normal -0.9987943879666562 -0.04908941399439046 0
    outer loop
      vertex 48.90999999642372 54.610270999372005 0
      vertex 48.90999999642372 54.610270999372005 1.5
      vertex 48.90930999815464 54.62431000173092 0
    endloop
  endfacet
  facet normal -0.9987943879666562 -0.04908941399439046 0
    outer loop
      vertex 48.90930999815464 54.62431000173092 1.5
      vertex 48.90930999815464 54.62431000173092 0
      vertex 48.90999999642372 54.610270999372005 1.5
    endloop
  endfacet
  facet normal -1 0 0
    outer loop
      vertex 48.90999999642372 40.639729000627995 0
      vertex 48.90999999642372 40.639729000627995 1.5
      vertex 48.90999999642372 54.610270999372005 0
    endloop
  endfacet
  facet normal -1 0 0
    outer loop
      vertex 48.90999999642372 54.610270999372005 1.5
      vertex 48.90999999642372 54.610270999372005 0
      vertex 48.90999999642372 40.639729000627995 1.5
    endloop
  endfacet
  facet normal -0.9987943879666562 0.04908941399439046 0
    outer loop
      vertex 48.90930999815464 40.62568999826908 0
      vertex 48.90930999815464 40.62568999826908 1.5
      vertex 48.90999999642372 40.639729000627995 0
    endloop
  endfacet
  facet normal -0.9987943879666562 0.04908941399439046 0
    outer loop
      vertex 48.90999999642372 40.639729000627995 1.5
      vertex 48.90999999642372 40.639729000627995 0
      vertex 48.90930999815464 40.62568999826908 1.5
    endloop
  endfacet
  facet normal -0.04908943998366365 0.9987943866893177 0
    outer loop
      vertex 48.89527100324631 40.625 0
      vertex 48.89527100324631 40.625 1.5
      vertex 48.90930999815464 40.62568999826908 0
    endloop
  endfacet
  facet normal -0.04908943998366365 0.9987943866893177 0
    outer loop
      vertex 48.90930999815464 40.62568999826908 1.5
      vertex 48.90930999815464 40.62568999826908 0
      vertex 48.89527100324631 40.625 1.5
    endloop
  endfacet
  facet normal 0 1 0
    outer loop
      vertex 34.924728997051716 40.625 0
      vertex 34.924728997051716 40.625 1.5
      vertex 48.89527100324631 40.625 0
    endloop
  endfacet
  facet normal 0 1 0
    outer loop
      vertex 48.89527100324631 40.625 1.5
      vertex 48.89527100324631 40.625 0
      vertex 34.924728997051716 40.625 1.5
    endloop
  endfacet
  facet normal 0.04908941399439046 0.9987943879666562 0
    outer loop
      vertex 53.96068999916315 40.62568999826908 0
      vertex 53.96068999916315 40.62568999826908 1.5
      vertex 53.974729001522064 40.625 0
    endloop
  endfacet
  facet normal 0.04908941399439046 0.9987943879666562 0
    outer loop
      vertex 53.974729001522064 40.625 1.5
      vertex 53.974729001522064 40.625 0
      vertex 53.96068999916315 40.62568999826908 1.5
    endloop
  endfacet
  facet normal 0.9987943879666562 0.04908941399439046 0
    outer loop
      vertex 53.96000000089407 40.639729000627995 0
      vertex 53.96000000089407 40.639729000627995 1.5
      vertex 53.96068999916315 40.62568999826908 0
    endloop
  endfacet
  facet normal 0.9987943879666562 0.04908941399439046 0
    outer loop
      vertex 53.96068999916315 40.62568999826908 1.5
      vertex 53.96068999916315 40.62568999826908 0
      vertex 53.96000000089407 40.639729000627995 1.5
    endloop
  endfacet
  facet normal 1 0 0
    outer loop
      vertex 53.96000000089407 54.610270999372005 0
      vertex 53.96000000089407 54.610270999372005 1.5
      vertex 53.96000000089407 40.639729000627995 0
    endloop
  endfacet
  facet normal 1 0 0
    outer loop
      vertex 53.96000000089407 40.639729000627995 1.5
      vertex 53.96000000089407 40.639729000627995 0
      vertex 53.96000000089407 54.610270999372005 1.5
    endloop
  endfacet
  facet normal 0.9987943879666562 -0.04908941399439046 0
    outer loop
      vertex 53.96068999916315 54.62431000173092 0
      vertex 53.96068999916315 54.62431000173092 1.5
      vertex 53.96000000089407 54.610270999372005 0
    endloop
  endfacet
  facet normal 0.9987943879666562 -0.04908941399439046 0
    outer loop
      vertex 53.96000000089407 54.610270999372005 1.5
      vertex 53.96000000089407 54.610270999372005 0
      vertex 53.96068999916315 54.62431000173092 1.5
    endloop
  endfacet
  facet normal 0.04908941399439046 -0.9987943879666562 0
    outer loop
      vertex 53.974729001522064 54.625 0
      vertex 53.974729001522064 54.625 1.5
      vertex 53.96068999916315 54.62431000173092 0
    endloop
  endfacet
  facet normal 0.04908941399439046 -0.9987943879666562 0
    outer loop
      vertex 53.96068999916315 54.62431000173092 1.5
      vertex 53.96068999916315 54.62431000173092 0
      vertex 53.974729001522064 54.625 1.5
    endloop
  endfacet
  facet normal 0 -1 0
    outer loop
      vertex 67.94527100026608 54.625 0
      vertex 67.94527100026608 54.625 1.5
      vertex 53.974729001522064 54.625 0
    endloop
  endfacet
  facet normal 0 -1 0
    outer loop
      vertex 53.974729001522064 54.625 1.5
      vertex 53.974729001522064 54.625 0
      vertex 67.94527100026608 54.625 1.5
    endloop
  endfacet
  facet normal -0.04908941399439046 -0.9987943879666562 0
    outer loop
      vertex 67.95931000262499 54.62431000173092 0
      vertex 67.95931000262499 54.62431000173092 1.5
      vertex 67.94527100026608 54.625 0
    endloop
  endfacet
  facet normal -0.04908941399439046 -0.9987943879666562 0
    outer loop
      vertex 67.94527100026608 54.625 1.5
      vertex 67.94527100026608 54.625 0
      vertex 67.95931000262499 54.62431000173092 1.5
    endloop
  endfacet
  facet normal -0.9987943879666562 -0.04908941399439046 0
    outer loop
      vertex 67.96000000089407 54.610270999372005 0
      vertex 67.96000000089407 54.610270999372005 1.5
      vertex 67.95931000262499 54.62431000173092 0
    endloop
  endfacet
  facet normal -0.9987943879666562 -0.04908941399439046 0
    outer loop
      vertex 67.95931000262499 54.62431000173092 1.5
      vertex 67.95931000262499 54.62431000173092 0
      vertex 67.96000000089407 54.610270999372005 1.5
    endloop
  endfacet
  facet normal -1 0 0
    outer loop
      vertex 67.96000000089407 40.639729000627995 0
      vertex 67.96000000089407 40.639729000627995 1.5
      vertex 67.96000000089407 54.610270999372005 0
    endloop
  endfacet
  facet normal -1 0 0
    outer loop
      vertex 67.96000000089407 54.610270999372005 1.5
      vertex 67.96000000089407 54.610270999372005 0
      vertex 67.96000000089407 40.639729000627995 1.5
    endloop
  endfacet
  facet normal -0.9987943879666562 0.04908941399439046 0
    outer loop
      vertex 67.95931000262499 40.62568999826908 0
      vertex 67.95931000262499 40.62568999826908 1.5
      vertex 67.96000000089407 40.639729000627995 0
    endloop
  endfacet
  facet normal -0.9987943879666562 0.04908941399439046 0
    outer loop
      vertex 67.96000000089407 40.639729000627995 1.5
      vertex 67.96000000089407 40.639729000627995 0
      vertex 67.95931000262499 40.62568999826908 1.5
    endloop
  endfacet
  facet normal -0.04908941399439046 0.9987943879666562 0
    outer loop
      vertex 67.94527100026608 40.625 0
      vertex 67.94527100026608 40.625 1.5
      vertex 67.95931000262499 40.62568999826908 0
    endloop
  endfacet
  facet normal -0.04908941399439046 0.9987943879666562 0
    outer loop
      vertex 67.95931000262499 40.62568999826908 1.5
      vertex 67.95931000262499 40.62568999826908 0
      vertex 67.94527100026608 40.625 1.5
    endloop
  endfacet
  facet normal 0 1 0
    outer loop
      vertex 53.974729001522064 40.625 0
      vertex 53.974729001522064 40.625 1.5
      vertex 67.94527100026608 40.625 0
    endloop
  endfacet
  facet normal 0 1 0
    outer loop
      vertex 67.94527100026608 40.625 1.5
      vertex 67.94527100026608 40.625 0
      vertex 53.974729001522064 40.625 1.5
    endloop
  endfacet
  facet normal 0.9935718573974665 0.11320319866394575 0
    outer loop
      vertex 130.26924200356007 39.44894599914551 0
      vertex 130.26924200356007 39.44894599914551 1.5
      vertex 131.85075200349092 25.568208999931812 0
    endloop
  endfacet
  facet normal 0.9935718573974665 0.11320319866394575 0
    outer loop
      vertex 131.85075200349092 25.568208999931812 1.5
      vertex 131.85075200349092 25.568208999931812 0
      vertex 130.26924200356007 39.44894599914551 1.5
    endloop
  endfacet
  facet normal 0.9979297239720193 0.064313808883702 0
    outer loop
      vertex 130.2683380022645 39.46297299861908 0
      vertex 130.2683380022645 39.46297299861908 1.5
      vertex 130.26924200356007 39.44894599914551 0
    endloop
  endfacet
  facet normal 0.9979297239720193 0.064313808883702 0
    outer loop
      vertex 130.26924200356007 39.44894599914551 1.5
      vertex 130.26924200356007 39.44894599914551 0
      vertex 130.2683380022645 39.46297299861908 1.5
    endloop
  endfacet
  facet normal 0.16184920417854695 -0.9868155020604262 0
    outer loop
      vertex 130.28220900148153 39.46524800360203 0
      vertex 130.28220900148153 39.46524800360203 1.5
      vertex 130.2683380022645 39.46297299861908 0
    endloop
  endfacet
  facet normal 0.16184920417854695 -0.9868155020604262 0
    outer loop
      vertex 130.2683380022645 39.46297299861908 1.5
      vertex 130.2683380022645 39.46297299861908 0
      vertex 130.28220900148153 39.46524800360203 1.5
    endloop
  endfacet
  facet normal 0.11320319866394575 -0.9935718573974665 0
    outer loop
      vertex 144.16294600069523 41.04675800353289 0
      vertex 144.16294600069523 41.04675800353289 1.5
      vertex 130.28220900148153 39.46524800360203 0
    endloop
  endfacet
  facet normal 0.11320319866394575 -0.9935718573974665 0
    outer loop
      vertex 130.28220900148153 39.46524800360203 1.5
      vertex 130.28220900148153 39.46524800360203 0
      vertex 144.16294600069523 41.04675800353289 1.5
    endloop
  endfacet
  facet normal 0.06431328101582487 -0.9979297579915029 0
    outer loop
      vertex 144.1769730001688 41.04766199737787 0
      vertex 144.1769730001688 41.04766199737787 1.5
      vertex 144.16294600069523 41.04675800353289 0
    endloop
  endfacet
  facet normal 0.06431328101582487 -0.9979297579915029 0
    outer loop
      vertex 144.16294600069523 41.04675800353289 1.5
      vertex 144.16294600069523 41.04675800353289 0
      vertex 144.1769730001688 41.04766199737787 1.5
    endloop
  endfacet
  facet normal -0.9868155867176865 -0.1618486880114517 0
    outer loop
      vertex 144.17924799770117 41.03379099816084 0
      vertex 144.17924799770117 41.03379099816084 1.5
      vertex 144.1769730001688 41.04766199737787 0
    endloop
  endfacet
  facet normal -0.9868155867176865 -0.1618486880114517 0
    outer loop
      vertex 144.1769730001688 41.04766199737787 1.5
      vertex 144.1769730001688 41.04766199737787 0
      vertex 144.17924799770117 41.03379099816084 1.5
    endloop
  endfacet
  facet normal -0.9935718573974665 -0.11320319866394575 0
    outer loop
      vertex 145.76075799763203 27.153053998947144 0
      vertex 145.76075799763203 27.153053998947144 1.5
      vertex 144.17924799770117 41.03379099816084 0
    endloop
  endfacet
  facet normal -0.9935718573974665 -0.11320319866394575 0
    outer loop
      vertex 144.17924799770117 41.03379099816084 1.5
      vertex 144.17924799770117 41.03379099816084 0
      vertex 145.76075799763203 27.153053998947144 1.5
    endloop
  endfacet
  facet normal -0.9979297239720193 -0.064313808883702 0
    outer loop
      vertex 145.7616619989276 27.139026999473572 0
      vertex 145.7616619989276 27.139026999473572 1.5
      vertex 145.76075799763203 27.153053998947144 0
    endloop
  endfacet
  facet normal -0.9979297239720193 -0.064313808883702 0
    outer loop
      vertex 145.76075799763203 27.153053998947144 1.5
      vertex 145.76075799763203 27.153053998947144 0
      vertex 145.7616619989276 27.139026999473572 1.5
    endloop
  endfacet
  facet normal -0.1618486880114517 0.9868155867176865 0
    outer loop
      vertex 145.74779099971056 27.136752001941204 0
      vertex 145.74779099971056 27.136752001941204 1.5
      vertex 145.7616619989276 27.139026999473572 0
    endloop
  endfacet
  facet normal -0.1618486880114517 0.9868155867176865 0
    outer loop
      vertex 145.7616619989276 27.139026999473572 1.5
      vertex 145.7616619989276 27.139026999473572 0
      vertex 145.74779099971056 27.136752001941204 1.5
    endloop
  endfacet
  facet normal -0.11320319866394575 0.9935718573974665 0
    outer loop
      vertex 131.86705400049686 25.555242002010345 0
      vertex 131.86705400049686 25.555242002010345 1.5
      vertex 145.74779099971056 27.136752001941204 0
    endloop
  endfacet
  facet normal -0.11320319866394575 0.9935718573974665 0
    outer loop
      vertex 145.74779099971056 27.136752001941204 1.5
      vertex 145.74779099971056 27.136752001941204 0
      vertex 131.86705400049686 25.555242002010345 1.5
    endloop
  endfacet
  facet normal -0.064313808883702 0.9979297239720193 0
    outer loop
      vertex 131.8530270010233 25.55433800071478 0
      vertex 131.8530270010233 25.55433800071478 1.5
      vertex 131.86705400049686 25.555242002010345 0
    endloop
  endfacet
  facet normal -0.064313808883702 0.9979297239720193 0
    outer loop
      vertex 131.86705400049686 25.555242002010345 1.5
      vertex 131.86705400049686 25.555242002010345 0
      vertex 131.8530270010233 25.55433800071478 1.5
    endloop
  endfacet
  facet normal 0.9868155867176865 0.1618486880114517 0
    outer loop
      vertex 131.85075200349092 25.568208999931812 0
      vertex 131.85075200349092 25.568208999931812 1.5
      vertex 131.8530270010233 25.55433800071478 0
    endloop
  endfacet
  facet normal 0.9868155867176865 0.1618486880114517 0
    outer loop
      vertex 131.8530270010233 25.55433800071478 1.5
      vertex 131.8530270010233 25.55433800071478 0
      vertex 131.85075200349092 25.568208999931812 1.5
    endloop
  endfacet
  facet normal 0.9945746721848439 0.10402510008844133 0
    outer loop
      vertex 109.94233399629593 37.290197998285294 0
      vertex 109.94233399629593 37.290197998285294 1.5
      vertex 111.39562100172043 23.39545100182295 0
    endloop
  endfacet
  facet normal 0.9945746721848439 0.10402510008844133 0
    outer loop
      vertex 111.39562100172043 23.39545100182295 1.5
      vertex 111.39562100172043 23.39545100182295 0
      vertex 109.94233399629593 37.290197998285294 1.5
    endloop
  endfacet
  facet normal 0.9984789252933817 0.055134705449230936 0
    outer loop
      vertex 109.9415590018034 37.30423299968243 0
      vertex 109.9415590018034 37.30423299968243 1.5
      vertex 109.94233399629593 37.290197998285294 0
    endloop
  endfacet
  facet normal 0.9984789252933817 0.055134705449230936 0
    outer loop
      vertex 109.94233399629593 37.290197998285294 1.5
      vertex 109.94233399629593 37.290197998285294 0
      vertex 109.9415590018034 37.30423299968243 1.5
    endloop
  endfacet
  facet normal 0.15266650255348 -0.9882777640916992 0
    outer loop
      vertex 109.95545099675655 37.30637899786234 0
      vertex 109.95545099675655 37.30637899786234 1.5
      vertex 109.9415590018034 37.30423299968243 0
    endloop
  endfacet
  facet normal 0.15266650255348 -0.9882777640916992 0
    outer loop
      vertex 109.9415590018034 37.30423299968243 1.5
      vertex 109.9415590018034 37.30423299968243 0
      vertex 109.95545099675655 37.30637899786234 1.5
    endloop
  endfacet
  facet normal 0.10402510003326507 -0.994574672190615 0
    outer loop
      vertex 123.85019800066948 38.75966600328684 0
      vertex 123.85019800066948 38.75966600328684 1.5
      vertex 109.95545099675655 37.30637899786234 0
    endloop
  endfacet
  facet normal 0.10402510003326507 -0.994574672190615 0
    outer loop
      vertex 109.95545099675655 37.30637899786234 1.5
      vertex 109.95545099675655 37.30637899786234 0
      vertex 123.85019800066948 38.75966600328684 1.5
    endloop
  endfacet
  facet normal 0.055134705449230936 -0.9984789252933817 0
    outer loop
      vertex 123.86423300206661 38.76044099777937 0
      vertex 123.86423300206661 38.76044099777937 1.5
      vertex 123.85019800066948 38.75966600328684 0
    endloop
  endfacet
  facet normal 0.055134705449230936 -0.9984789252933817 0
    outer loop
      vertex 123.85019800066948 38.75966600328684 1.5
      vertex 123.85019800066948 38.75966600328684 0
      vertex 123.86423300206661 38.76044099777937 1.5
    endloop
  endfacet
  facet normal -0.9882777640916992 -0.15266650255348 0
    outer loop
      vertex 123.86637900024652 38.746549002826214 0
      vertex 123.86637900024652 38.746549002826214 1.5
      vertex 123.86423300206661 38.76044099777937 0
    endloop
  endfacet
  facet normal -0.9882777640916992 -0.15266650255348 0
    outer loop
      vertex 123.86423300206661 38.76044099777937 1.5
      vertex 123.86423300206661 38.76044099777937 0
      vertex 123.86637900024652 38.746549002826214 1.5
    endloop
  endfacet
  facet normal -0.9945746722457911 -0.10402509950572959 0
    outer loop
      vertex 125.31966599822044 24.851801998913288 0
      vertex 125.31966599822044 24.851801998913288 1.5
      vertex 123.86637900024652 38.746549002826214 0
    endloop
  endfacet
  facet normal -0.9945746722457911 -0.10402509950572959 0
    outer loop
      vertex 123.86637900024652 38.746549002826214 1.5
      vertex 123.86637900024652 38.746549002826214 0
      vertex 125.31966599822044 24.851801998913288 1.5
    endloop
  endfacet
  facet normal -0.998478896113563 -0.05513523388760306 0
    outer loop
      vertex 125.32044100016356 24.837766997516155 0
      vertex 125.32044100016356 24.837766997516155 1.5
      vertex 125.31966599822044 24.851801998913288 0
    endloop
  endfacet
  facet normal -0.998478896113563 -0.05513523388760306 0
    outer loop
      vertex 125.31966599822044 24.851801998913288 1.5
      vertex 125.31966599822044 24.851801998913288 0
      vertex 125.32044100016356 24.837766997516155 1.5
    endloop
  endfacet
  facet normal -0.15266642258348295 0.988277776445247 0
    outer loop
      vertex 125.30654899775982 24.835620999336243 0
      vertex 125.30654899775982 24.835620999336243 1.5
      vertex 125.32044100016356 24.837766997516155 0
    endloop
  endfacet
  facet normal -0.15266642258348295 0.988277776445247 0
    outer loop
      vertex 125.32044100016356 24.837766997516155 1.5
      vertex 125.32044100016356 24.837766997516155 0
      vertex 125.30654899775982 24.835620999336243 1.5
    endloop
  endfacet
  facet normal -0.10402509956090587 0.9945746722400203 0
    outer loop
      vertex 111.41180200129747 23.382334001362324 0
      vertex 111.41180200129747 23.382334001362324 1.5
      vertex 125.30654899775982 24.835620999336243 0
    endloop
  endfacet
  facet normal -0.10402509956090587 0.9945746722400203 0
    outer loop
      vertex 125.30654899775982 24.835620999336243 1.5
      vertex 125.30654899775982 24.835620999336243 0
      vertex 111.41180200129747 23.382334001362324 1.5
    endloop
  endfacet
  facet normal -0.05513523388760306 0.998478896113563 0
    outer loop
      vertex 111.39776699990034 23.381558999419212 0
      vertex 111.39776699990034 23.381558999419212 1.5
      vertex 111.41180200129747 23.382334001362324 0
    endloop
  endfacet
  facet normal -0.05513523388760306 0.998478896113563 0
    outer loop
      vertex 111.41180200129747 23.382334001362324 1.5
      vertex 111.41180200129747 23.382334001362324 0
      vertex 111.39776699990034 23.381558999419212 1.5
    endloop
  endfacet
  facet normal 0.988277776445247 0.15266642258348295 0
    outer loop
      vertex 111.39562100172043 23.39545100182295 0
      vertex 111.39562100172043 23.39545100182295 1.5
      vertex 111.39776699990034 23.381558999419212 0
    endloop
  endfacet
  facet normal 0.988277776445247 0.15266642258348295 0
    outer loop
      vertex 111.39776699990034 23.381558999419212 1.5
      vertex 111.39776699990034 23.381558999419212 0
      vertex 111.39562100172043 23.39545100182295 1.5
    endloop
  endfacet
  facet normal 0.9983398086950486 0.05759884004677343 0
    outer loop
      vertex 89.14627800136805 35.943481996655464 0
      vertex 89.14627800136805 35.943481996655464 1.5
      vertex 89.95096500217915 21.996133998036385 0
    endloop
  endfacet
  facet normal 0.9983398086950486 0.05759884004677343 0
    outer loop
      vertex 89.95096500217915 21.996133998036385 1.5
      vertex 89.95096500217915 21.996133998036385 0
      vertex 89.14627800136805 35.943481996655464 1.5
    endloop
  endfacet
  facet normal 0.9999635600217792 0.00853689806484843 0
    outer loop
      vertex 89.14615800231695 35.9575380012393 0
      vertex 89.14615800231695 35.9575380012393 1.5
      vertex 89.14627800136805 35.943481996655464 0
    endloop
  endfacet
  facet normal 0.9999635600217792 0.00853689806484843 0
    outer loop
      vertex 89.14627800136805 35.943481996655464 1.5
      vertex 89.14627800136805 35.943481996655464 0
      vertex 89.14615800231695 35.9575380012393 1.5
    endloop
  endfacet
  facet normal 0.10650300941162696 -0.9943123799824012 0
    outer loop
      vertex 89.16013400256634 35.959035001695156 0
      vertex 89.16013400256634 35.959035001695156 1.5
      vertex 89.14615800231695 35.9575380012393 0
    endloop
  endfacet
  facet normal 0.10650300941162696 -0.9943123799824012 0
    outer loop
      vertex 89.14615800231695 35.9575380012393 1.5
      vertex 89.14615800231695 35.9575380012393 0
      vertex 89.16013400256634 35.959035001695156 1.5
    endloop
  endfacet
  facet normal 0.05759884004677343 -0.9983398086950486 0
    outer loop
      vertex 103.10748200118542 36.763722002506256 0
      vertex 103.10748200118542 36.763722002506256 1.5
      vertex 89.16013400256634 35.959035001695156 0
    endloop
  endfacet
  facet normal 0.05759884004677343 -0.9983398086950486 0
    outer loop
      vertex 89.16013400256634 35.959035001695156 1.5
      vertex 89.16013400256634 35.959035001695156 0
      vertex 103.10748200118542 36.763722002506256 1.5
    endloop
  endfacet
  facet normal 0.008536902589622518 -0.9999635599831502 0
    outer loop
      vertex 103.12153799831867 36.76384200155735 0
      vertex 103.12153799831867 36.76384200155735 1.5
      vertex 103.10748200118542 36.763722002506256 0
    endloop
  endfacet
  facet normal 0.008536902589622518 -0.9999635599831502 0
    outer loop
      vertex 103.10748200118542 36.763722002506256 1.5
      vertex 103.10748200118542 36.763722002506256 0
      vertex 103.12153799831867 36.76384200155735 1.5
    endloop
  endfacet
  facet normal -0.9943123799824012 -0.10650300941162696 0
    outer loop
      vertex 103.12303499877453 36.749866001307964 0
      vertex 103.12303499877453 36.749866001307964 1.5
      vertex 103.12153799831867 36.76384200155735 0
    endloop
  endfacet
  facet normal -0.9943123799824012 -0.10650300941162696 0
    outer loop
      vertex 103.12153799831867 36.76384200155735 1.5
      vertex 103.12153799831867 36.76384200155735 0
      vertex 103.12303499877453 36.749866001307964 1.5
    endloop
  endfacet
  facet normal -0.9983398086950486 -0.05759884004677343 0
    outer loop
      vertex 103.92772199958563 22.802518002688885 0
      vertex 103.92772199958563 22.802518002688885 1.5
      vertex 103.12303499877453 36.749866001307964 0
    endloop
  endfacet
  facet normal -0.9983398086950486 -0.05759884004677343 0
    outer loop
      vertex 103.12303499877453 36.749866001307964 1.5
      vertex 103.12303499877453 36.749866001307964 0
      vertex 103.92772199958563 22.802518002688885 1.5
    endloop
  endfacet
  facet normal -0.9999635600217792 -0.00853689806484843 0
    outer loop
      vertex 103.92784199863672 22.78846199810505 0
      vertex 103.92784199863672 22.78846199810505 1.5
      vertex 103.92772199958563 22.802518002688885 0
    endloop
  endfacet
  facet normal -0.9999635600217792 -0.00853689806484843 0
    outer loop
      vertex 103.92772199958563 22.802518002688885 1.5
      vertex 103.92772199958563 22.802518002688885 0
      vertex 103.92784199863672 22.78846199810505 1.5
    endloop
  endfacet
  facet normal -0.10650300941162696 0.9943123799824012 0
    outer loop
      vertex 103.91386599838734 22.786964997649193 0
      vertex 103.91386599838734 22.786964997649193 1.5
      vertex 103.92784199863672 22.78846199810505 0
    endloop
  endfacet
  facet normal -0.10650300941162696 0.9943123799824012 0
    outer loop
      vertex 103.92784199863672 22.78846199810505 1.5
      vertex 103.92784199863672 22.78846199810505 0
      vertex 103.91386599838734 22.786964997649193 1.5
    endloop
  endfacet
  facet normal -0.05759884004677343 0.9983398086950486 0
    outer loop
      vertex 89.96651799976826 21.982277996838093 0
      vertex 89.96651799976826 21.982277996838093 1.5
      vertex 103.91386599838734 22.786964997649193 0
    endloop
  endfacet
  facet normal -0.05759884004677343 0.9983398086950486 0
    outer loop
      vertex 103.91386599838734 22.786964997649193 1.5
      vertex 103.91386599838734 22.786964997649193 0
      vertex 89.96651799976826 21.982277996838093 1.5
    endloop
  endfacet
  facet normal -0.008536902589622518 0.9999635599831502 0
    outer loop
      vertex 89.952462002635 21.982157997787 0
      vertex 89.952462002635 21.982157997787 1.5
      vertex 89.96651799976826 21.982277996838093 0
    endloop
  endfacet
  facet normal -0.008536902589622518 0.9999635599831502 0
    outer loop
      vertex 89.96651799976826 21.982277996838093 1.5
      vertex 89.96651799976826 21.982277996838093 0
      vertex 89.952462002635 21.982157997787 1.5
    endloop
  endfacet
  facet normal 0.9943123799824012 0.10650300941162696 0
    outer loop
      vertex 89.95096500217915 21.996133998036385 0
      vertex 89.95096500217915 21.996133998036385 1.5
      vertex 89.952462002635 21.982157997787 0
    endloop
  endfacet
  facet normal 0.9943123799824012 0.10650300941162696 0
    outer loop
      vertex 89.952462002635 21.982157997787 1.5
      vertex 89.952462002635 21.982157997787 0
      vertex 89.95096500217915 21.996133998036385 1.5
    endloop
  endfacet
  facet normal 0.9981611837978855 0.060615601615455254 0
    outer loop
      vertex 69.39554399996996 21.61895599961281 0
      vertex 69.39554399996996 21.61895599961281 1.5
      vertex 69.39639600366354 21.604925997555256 0
    endloop
  endfacet
  facet normal 0.9981611837978855 0.060615601615455254 0
    outer loop
      vertex 69.39639600366354 21.604925997555256 1.5
      vertex 69.39639600366354 21.604925997555256 0
      vertex 69.39554399996996 21.61895599961281 1.5
    endloop
  endfacet
  facet normal 0.9999326457098854 0.011606207116407488 0
    outer loop
      vertex 69.23339899629354 35.58855699747801 0
      vertex 69.23339899629354 35.58855699747801 1.5
      vertex 69.39554399996996 21.61895599961281 0
    endloop
  endfacet
  facet normal 0.9999326457098854 0.011606207116407488 0
    outer loop
      vertex 69.39554399996996 21.61895599961281 1.5
      vertex 69.39554399996996 21.61895599961281 0
      vertex 69.23339899629354 35.58855699747801 1.5
    endloop
  endfacet
  facet normal 0.9992969781881106 -0.03749065729099562 0
    outer loop
      vertex 69.2339259982109 35.60260400176048 0
      vertex 69.2339259982109 35.60260400176048 1.5
      vertex 69.23339899629354 35.58855699747801 0
    endloop
  endfacet
  facet normal 0.9992969781881106 -0.03749065729099562 0
    outer loop
      vertex 69.23339899629354 35.58855699747801 1.5
      vertex 69.23339899629354 35.58855699747801 0
      vertex 69.2339259982109 35.60260400176048 1.5
    endloop
  endfacet
  facet normal 0.060615073493241946 -0.9981612158691646 0
    outer loop
      vertex 69.24795600026846 35.60345599800348 0
      vertex 69.24795600026846 35.60345599800348 1.5
      vertex 69.2339259982109 35.60260400176048 0
    endloop
  endfacet
  facet normal 0.060615073493241946 -0.9981612158691646 0
    outer loop
      vertex 69.2339259982109 35.60260400176048 1.5
      vertex 69.2339259982109 35.60260400176048 0
      vertex 69.24795600026846 35.60345599800348 1.5
    endloop
  endfacet
  facet normal 0.011606207116407488 -0.9999326457098854 0
    outer loop
      vertex 83.21755699813366 35.7656010016799 0
      vertex 83.21755699813366 35.7656010016799 1.5
      vertex 69.24795600026846 35.60345599800348 0
    endloop
  endfacet
  facet normal 0.011606207116407488 -0.9999326457098854 0
    outer loop
      vertex 69.24795600026846 35.60345599800348 1.5
      vertex 69.24795600026846 35.60345599800348 0
      vertex 83.21755699813366 35.7656010016799 1.5
    endloop
  endfacet
  facet normal -0.03749065729099562 -0.9992969781881106 0
    outer loop
      vertex 83.23160400241613 35.765073999762535 0
      vertex 83.23160400241613 35.765073999762535 1.5
      vertex 83.21755699813366 35.7656010016799 0
    endloop
  endfacet
  facet normal -0.03749065729099562 -0.9992969781881106 0
    outer loop
      vertex 83.21755699813366 35.7656010016799 1.5
      vertex 83.21755699813366 35.7656010016799 0
      vertex 83.23160400241613 35.765073999762535 1.5
    endloop
  endfacet
  facet normal -0.9981612158691646 -0.060615073493241946 0
    outer loop
      vertex 83.23245599865913 35.75104399770498 0
      vertex 83.23245599865913 35.75104399770498 1.5
      vertex 83.23160400241613 35.765073999762535 0
    endloop
  endfacet
  facet normal -0.9981612158691646 -0.060615073493241946 0
    outer loop
      vertex 83.23160400241613 35.765073999762535 1.5
      vertex 83.23160400241613 35.765073999762535 0
      vertex 83.23245599865913 35.75104399770498 1.5
    endloop
  endfacet
  facet normal -0.9999326457098854 -0.011606207116407488 0
    outer loop
      vertex 83.39460100233555 21.781442999839783 0
      vertex 83.39460100233555 21.781442999839783 1.5
      vertex 83.23245599865913 35.75104399770498 0
    endloop
  endfacet
  facet normal -0.9999326457098854 -0.011606207116407488 0
    outer loop
      vertex 83.23245599865913 35.75104399770498 1.5
      vertex 83.23245599865913 35.75104399770498 0
      vertex 83.39460100233555 21.781442999839783 1.5
    endloop
  endfacet
  facet normal -0.9992969774431257 0.037490677148233335 0
    outer loop
      vertex 83.39407400041819 21.76739600300789 0
      vertex 83.39407400041819 21.76739600300789 1.5
      vertex 83.39460100233555 21.781442999839783 0
    endloop
  endfacet
  facet normal -0.9992969774431257 0.037490677148233335 0
    outer loop
      vertex 83.39460100233555 21.781442999839783 1.5
      vertex 83.39460100233555 21.781442999839783 0
      vertex 83.39407400041819 21.76739600300789 1.5
    endloop
  endfacet
  facet normal -0.060615601615455254 0.9981611837978855 0
    outer loop
      vertex 83.38004399836063 21.766543999314308 0
      vertex 83.38004399836063 21.766543999314308 1.5
      vertex 83.39407400041819 21.76739600300789 0
    endloop
  endfacet
  facet normal -0.060615601615455254 0.9981611837978855 0
    outer loop
      vertex 83.39407400041819 21.76739600300789 1.5
      vertex 83.39407400041819 21.76739600300789 0
      vertex 83.38004399836063 21.766543999314308 1.5
    endloop
  endfacet
  facet normal -0.011606206583172844 0.9999326457160747 0
    outer loop
      vertex 69.41044300049543 21.604399003088474 0
      vertex 69.41044300049543 21.604399003088474 1.5
      vertex 83.38004399836063 21.766543999314308 0
    endloop
  endfacet
  facet normal -0.011606206583172844 0.9999326457160747 0
    outer loop
      vertex 83.38004399836063 21.766543999314308 1.5
      vertex 83.38004399836063 21.766543999314308 0
      vertex 69.41044300049543 21.604399003088474 1.5
    endloop
  endfacet
  facet normal 0.0374901478622818 0.9992969973002342 0
    outer loop
      vertex 69.39639600366354 21.604925997555256 0
      vertex 69.39639600366354 21.604925997555256 1.5
      vertex 69.41044300049543 21.604399003088474 0
    endloop
  endfacet
  facet normal 0.0374901478622818 0.9992969973002342 0
    outer loop
      vertex 69.41044300049543 21.604399003088474 1.5
      vertex 69.41044300049543 21.604399003088474 0
      vertex 69.39639600366354 21.604925997555256 1.5
    endloop
  endfacet
  facet normal 0.04908941399439046 0.9987943879666562 0
    outer loop
      vertex 7.288690000772476 21.575690001249313 0
      vertex 7.288690000772476 21.575690001249313 1.5
      vertex 7.30272900313139 21.575000002980232 0
    endloop
  endfacet
  facet normal 0.04908941399439046 0.9987943879666562 0
    outer loop
      vertex 7.30272900313139 21.575000002980232 1.5
      vertex 7.30272900313139 21.575000002980232 0
      vertex 7.288690000772476 21.575690001249313 1.5
    endloop
  endfacet
  facet normal 0.9987943879666562 0.04908941399439046 0
    outer loop
      vertex 7.288000002503395 21.589729003608227 0
      vertex 7.288000002503395 21.589729003608227 1.5
      vertex 7.288690000772476 21.575690001249313 0
    endloop
  endfacet
  facet normal 0.9987943879666562 0.04908941399439046 0
    outer loop
      vertex 7.288690000772476 21.575690001249313 1.5
      vertex 7.288690000772476 21.575690001249313 0
      vertex 7.288000002503395 21.589729003608227 1.5
    endloop
  endfacet
  facet normal 1 0 0
    outer loop
      vertex 7.288000002503395 35.56027100235224 0
      vertex 7.288000002503395 35.56027100235224 1.5
      vertex 7.288000002503395 21.589729003608227 0
    endloop
  endfacet
  facet normal 1 0 0
    outer loop
      vertex 7.288000002503395 21.589729003608227 1.5
      vertex 7.288000002503395 21.589729003608227 0
      vertex 7.288000002503395 35.56027100235224 1.5
    endloop
  endfacet
  facet normal 0.9987943866893177 -0.04908943998366365 0
    outer loop
      vertex 7.288690000772476 35.57430999726057 0
      vertex 7.288690000772476 35.57430999726057 1.5
      vertex 7.288000002503395 35.56027100235224 0
    endloop
  endfacet
  facet normal 0.9987943866893177 -0.04908943998366365 0
    outer loop
      vertex 7.288000002503395 35.56027100235224 1.5
      vertex 7.288000002503395 35.56027100235224 0
      vertex 7.288690000772476 35.57430999726057 1.5
    endloop
  endfacet
  facet normal 0.04908994278305106 -0.9987943619772575 0
    outer loop
      vertex 7.30272900313139 35.57500000298023 0
      vertex 7.30272900313139 35.57500000298023 1.5
      vertex 7.288690000772476 35.57430999726057 0
    endloop
  endfacet
  facet normal 0.04908994278305106 -0.9987943619772575 0
    outer loop
      vertex 7.288690000772476 35.57430999726057 1.5
      vertex 7.288690000772476 35.57430999726057 0
      vertex 7.30272900313139 35.57500000298023 1.5
    endloop
  endfacet
  facet normal 0 -1 0
    outer loop
      vertex 21.2732710018754 35.57500000298023 0
      vertex 21.2732710018754 35.57500000298023 1.5
      vertex 7.30272900313139 35.57500000298023 0
    endloop
  endfacet
  facet normal 0 -1 0
    outer loop
      vertex 7.30272900313139 35.57500000298023 1.5
      vertex 7.30272900313139 35.57500000298023 0
      vertex 21.2732710018754 35.57500000298023 1.5
    endloop
  endfacet
  facet normal -0.049089968772602854 -0.9987943606998915 0
    outer loop
      vertex 21.287309996783733 35.57430999726057 0
      vertex 21.287309996783733 35.57430999726057 1.5
      vertex 21.2732710018754 35.57500000298023 0
    endloop
  endfacet
  facet normal -0.049089968772602854 -0.9987943606998915 0
    outer loop
      vertex 21.2732710018754 35.57500000298023 1.5
      vertex 21.2732710018754 35.57500000298023 0
      vertex 21.287309996783733 35.57430999726057 1.5
    endloop
  endfacet
  facet normal -0.9987943606998915 -0.049089968772602854 0
    outer loop
      vertex 21.288000002503395 35.56027100235224 0
      vertex 21.288000002503395 35.56027100235224 1.5
      vertex 21.287309996783733 35.57430999726057 0
    endloop
  endfacet
  facet normal -0.9987943606998915 -0.049089968772602854 0
    outer loop
      vertex 21.287309996783733 35.57430999726057 1.5
      vertex 21.287309996783733 35.57430999726057 0
      vertex 21.288000002503395 35.56027100235224 1.5
    endloop
  endfacet
  facet normal -1 0 0
    outer loop
      vertex 21.288000002503395 21.589729003608227 0
      vertex 21.288000002503395 21.589729003608227 1.5
      vertex 21.288000002503395 35.56027100235224 0
    endloop
  endfacet
  facet normal -1 0 0
    outer loop
      vertex 21.288000002503395 35.56027100235224 1.5
      vertex 21.288000002503395 35.56027100235224 0
      vertex 21.288000002503395 21.589729003608227 1.5
    endloop
  endfacet
  facet normal -0.9987943619772575 0.04908994278305106 0
    outer loop
      vertex 21.287309996783733 21.575690001249313 0
      vertex 21.287309996783733 21.575690001249313 1.5
      vertex 21.288000002503395 21.589729003608227 0
    endloop
  endfacet
  facet normal -0.9987943619772575 0.04908994278305106 0
    outer loop
      vertex 21.288000002503395 21.589729003608227 1.5
      vertex 21.288000002503395 21.589729003608227 0
      vertex 21.287309996783733 21.575690001249313 1.5
    endloop
  endfacet
  facet normal -0.04908943998366365 0.9987943866893177 0
    outer loop
      vertex 21.2732710018754 21.575000002980232 0
      vertex 21.2732710018754 21.575000002980232 1.5
      vertex 21.287309996783733 21.575690001249313 0
    endloop
  endfacet
  facet normal -0.04908943998366365 0.9987943866893177 0
    outer loop
      vertex 21.287309996783733 21.575690001249313 1.5
      vertex 21.287309996783733 21.575690001249313 0
      vertex 21.2732710018754 21.575000002980232 1.5
    endloop
  endfacet
  facet normal 0 1 0
    outer loop
      vertex 7.30272900313139 21.575000002980232 0
      vertex 7.30272900313139 21.575000002980232 1.5
      vertex 21.2732710018754 21.575000002980232 0
    endloop
  endfacet
  facet normal 0 1 0
    outer loop
      vertex 21.2732710018754 21.575000002980232 1.5
      vertex 21.2732710018754 21.575000002980232 0
      vertex 7.30272900313139 21.575000002980232 1.5
    endloop
  endfacet
  facet normal 0.04908941399439046 0.9987943879666562 0
    outer loop
      vertex 31.100689999759197 21.575690001249313 0
      vertex 31.100689999759197 21.575690001249313 1.5
      vertex 31.11472900211811 21.575000002980232 0
    endloop
  endfacet
  facet normal 0.04908941399439046 0.9987943879666562 0
    outer loop
      vertex 31.11472900211811 21.575000002980232 1.5
      vertex 31.11472900211811 21.575000002980232 0
      vertex 31.100689999759197 21.575690001249313 1.5
    endloop
  endfacet
  facet normal 0.9987943879666562 0.04908941399439046 0
    outer loop
      vertex 31.100000001490116 21.589729003608227 0
      vertex 31.100000001490116 21.589729003608227 1.5
      vertex 31.100689999759197 21.575690001249313 0
    endloop
  endfacet
  facet normal 0.9987943879666562 0.04908941399439046 0
    outer loop
      vertex 31.100689999759197 21.575690001249313 1.5
      vertex 31.100689999759197 21.575690001249313 0
      vertex 31.100000001490116 21.589729003608227 1.5
    endloop
  endfacet
  facet normal 1 0 0
    outer loop
      vertex 31.100000001490116 35.56027100235224 0
      vertex 31.100000001490116 35.56027100235224 1.5
      vertex 31.100000001490116 21.589729003608227 0
    endloop
  endfacet
  facet normal 1 0 0
    outer loop
      vertex 31.100000001490116 21.589729003608227 1.5
      vertex 31.100000001490116 21.589729003608227 0
      vertex 31.100000001490116 35.56027100235224 1.5
    endloop
  endfacet
  facet normal 0.9987943866893177 -0.04908943998366365 0
    outer loop
      vertex 31.100689999759197 35.57430999726057 0
      vertex 31.100689999759197 35.57430999726057 1.5
      vertex 31.100000001490116 35.56027100235224 0
    endloop
  endfacet
  facet normal 0.9987943866893177 -0.04908943998366365 0
    outer loop
      vertex 31.100000001490116 35.56027100235224 1.5
      vertex 31.100000001490116 35.56027100235224 0
      vertex 31.100689999759197 35.57430999726057 1.5
    endloop
  endfacet
  facet normal 0.04908994278305106 -0.9987943619772575 0
    outer loop
      vertex 31.11472900211811 35.57500000298023 0
      vertex 31.11472900211811 35.57500000298023 1.5
      vertex 31.100689999759197 35.57430999726057 0
    endloop
  endfacet
  facet normal 0.04908994278305106 -0.9987943619772575 0
    outer loop
      vertex 31.100689999759197 35.57430999726057 1.5
      vertex 31.100689999759197 35.57430999726057 0
      vertex 31.11472900211811 35.57500000298023 1.5
    endloop
  endfacet
  facet normal 0 -1 0
    outer loop
      vertex 45.08527100086212 35.57500000298023 0
      vertex 45.08527100086212 35.57500000298023 1.5
      vertex 31.11472900211811 35.57500000298023 0
    endloop
  endfacet
  facet normal 0 -1 0
    outer loop
      vertex 31.11472900211811 35.57500000298023 1.5
      vertex 31.11472900211811 35.57500000298023 0
      vertex 45.08527100086212 35.57500000298023 1.5
    endloop
  endfacet
  facet normal -0.04908994278305106 -0.9987943619772575 0
    outer loop
      vertex 45.099310003221035 35.57430999726057 0
      vertex 45.099310003221035 35.57430999726057 1.5
      vertex 45.08527100086212 35.57500000298023 0
    endloop
  endfacet
  facet normal -0.04908994278305106 -0.9987943619772575 0
    outer loop
      vertex 45.08527100086212 35.57500000298023 1.5
      vertex 45.08527100086212 35.57500000298023 0
      vertex 45.099310003221035 35.57430999726057 1.5
    endloop
  endfacet
  facet normal -0.9987943866893177 -0.04908943998366365 0
    outer loop
      vertex 45.100000001490116 35.56027100235224 0
      vertex 45.100000001490116 35.56027100235224 1.5
      vertex 45.099310003221035 35.57430999726057 0
    endloop
  endfacet
  facet normal -0.9987943866893177 -0.04908943998366365 0
    outer loop
      vertex 45.099310003221035 35.57430999726057 1.5
      vertex 45.099310003221035 35.57430999726057 0
      vertex 45.100000001490116 35.56027100235224 1.5
    endloop
  endfacet
  facet normal -1 0 0
    outer loop
      vertex 45.100000001490116 21.589729003608227 0
      vertex 45.100000001490116 21.589729003608227 1.5
      vertex 45.100000001490116 35.56027100235224 0
    endloop
  endfacet
  facet normal -1 0 0
    outer loop
      vertex 45.100000001490116 35.56027100235224 1.5
      vertex 45.100000001490116 35.56027100235224 0
      vertex 45.100000001490116 21.589729003608227 1.5
    endloop
  endfacet
  facet normal -0.9987943879666562 0.04908941399439046 0
    outer loop
      vertex 45.099310003221035 21.575690001249313 0
      vertex 45.099310003221035 21.575690001249313 1.5
      vertex 45.100000001490116 21.589729003608227 0
    endloop
  endfacet
  facet normal -0.9987943879666562 0.04908941399439046 0
    outer loop
      vertex 45.100000001490116 21.589729003608227 1.5
      vertex 45.100000001490116 21.589729003608227 0
      vertex 45.099310003221035 21.575690001249313 1.5
    endloop
  endfacet
  facet normal -0.04908941399439046 0.9987943879666562 0
    outer loop
      vertex 45.08527100086212 21.575000002980232 0
      vertex 45.08527100086212 21.575000002980232 1.5
      vertex 45.099310003221035 21.575690001249313 0
    endloop
  endfacet
  facet normal -0.04908941399439046 0.9987943879666562 0
    outer loop
      vertex 45.099310003221035 21.575690001249313 1.5
      vertex 45.099310003221035 21.575690001249313 0
      vertex 45.08527100086212 21.575000002980232 1.5
    endloop
  endfacet
  facet normal 0 1 0
    outer loop
      vertex 31.11472900211811 21.575000002980232 0
      vertex 31.11472900211811 21.575000002980232 1.5
      vertex 45.08527100086212 21.575000002980232 0
    endloop
  endfacet
  facet normal 0 1 0
    outer loop
      vertex 45.08527100086212 21.575000002980232 1.5
      vertex 45.08527100086212 21.575000002980232 0
      vertex 31.11472900211811 21.575000002980232 1.5
    endloop
  endfacet
  facet normal 0.04908941399439046 0.9987943879666562 0
    outer loop
      vertex 50.150689996778965 21.575690001249313 0
      vertex 50.150689996778965 21.575690001249313 1.5
      vertex 50.16472899913788 21.575000002980232 0
    endloop
  endfacet
  facet normal 0.04908941399439046 0.9987943879666562 0
    outer loop
      vertex 50.16472899913788 21.575000002980232 1.5
      vertex 50.16472899913788 21.575000002980232 0
      vertex 50.150689996778965 21.575690001249313 1.5
    endloop
  endfacet
  facet normal 0.9987943879666562 0.04908941399439046 0
    outer loop
      vertex 50.149999998509884 21.589729003608227 0
      vertex 50.149999998509884 21.589729003608227 1.5
      vertex 50.150689996778965 21.575690001249313 0
    endloop
  endfacet
  facet normal 0.9987943879666562 0.04908941399439046 0
    outer loop
      vertex 50.150689996778965 21.575690001249313 1.5
      vertex 50.150689996778965 21.575690001249313 0
      vertex 50.149999998509884 21.589729003608227 1.5
    endloop
  endfacet
  facet normal 1 0 0
    outer loop
      vertex 50.149999998509884 35.56027100235224 0
      vertex 50.149999998509884 35.56027100235224 1.5
      vertex 50.149999998509884 21.589729003608227 0
    endloop
  endfacet
  facet normal 1 0 0
    outer loop
      vertex 50.149999998509884 21.589729003608227 1.5
      vertex 50.149999998509884 21.589729003608227 0
      vertex 50.149999998509884 35.56027100235224 1.5
    endloop
  endfacet
  facet normal 0.9987943866893177 -0.04908943998366365 0
    outer loop
      vertex 50.150689996778965 35.57430999726057 0
      vertex 50.150689996778965 35.57430999726057 1.5
      vertex 50.149999998509884 35.56027100235224 0
    endloop
  endfacet
  facet normal 0.9987943866893177 -0.04908943998366365 0
    outer loop
      vertex 50.149999998509884 35.56027100235224 1.5
      vertex 50.149999998509884 35.56027100235224 0
      vertex 50.150689996778965 35.57430999726057 1.5
    endloop
  endfacet
  facet normal 0.04908994278305106 -0.9987943619772575 0
    outer loop
      vertex 50.16472899913788 35.57500000298023 0
      vertex 50.16472899913788 35.57500000298023 1.5
      vertex 50.150689996778965 35.57430999726057 0
    endloop
  endfacet
  facet normal 0.04908994278305106 -0.9987943619772575 0
    outer loop
      vertex 50.150689996778965 35.57430999726057 1.5
      vertex 50.150689996778965 35.57430999726057 0
      vertex 50.16472899913788 35.57500000298023 1.5
    endloop
  endfacet
  facet normal 0 -1 0
    outer loop
      vertex 64.13527099788189 35.57500000298023 0
      vertex 64.13527099788189 35.57500000298023 1.5
      vertex 50.16472899913788 35.57500000298023 0
    endloop
  endfacet
  facet normal 0 -1 0
    outer loop
      vertex 50.16472899913788 35.57500000298023 1.5
      vertex 50.16472899913788 35.57500000298023 0
      vertex 64.13527099788189 35.57500000298023 1.5
    endloop
  endfacet
  facet normal -0.04908994278305106 -0.9987943619772575 0
    outer loop
      vertex 64.1493100002408 35.57430999726057 0
      vertex 64.1493100002408 35.57430999726057 1.5
      vertex 64.13527099788189 35.57500000298023 0
    endloop
  endfacet
  facet normal -0.04908994278305106 -0.9987943619772575 0
    outer loop
      vertex 64.13527099788189 35.57500000298023 1.5
      vertex 64.13527099788189 35.57500000298023 0
      vertex 64.1493100002408 35.57430999726057 1.5
    endloop
  endfacet
  facet normal -0.9987943866893177 -0.04908943998366365 0
    outer loop
      vertex 64.14999999850988 35.56027100235224 0
      vertex 64.14999999850988 35.56027100235224 1.5
      vertex 64.1493100002408 35.57430999726057 0
    endloop
  endfacet
  facet normal -0.9987943866893177 -0.04908943998366365 0
    outer loop
      vertex 64.1493100002408 35.57430999726057 1.5
      vertex 64.1493100002408 35.57430999726057 0
      vertex 64.14999999850988 35.56027100235224 1.5
    endloop
  endfacet
  facet normal -1 0 0
    outer loop
      vertex 64.14999999850988 21.589729003608227 0
      vertex 64.14999999850988 21.589729003608227 1.5
      vertex 64.14999999850988 35.56027100235224 0
    endloop
  endfacet
  facet normal -1 0 0
    outer loop
      vertex 64.14999999850988 35.56027100235224 1.5
      vertex 64.14999999850988 35.56027100235224 0
      vertex 64.14999999850988 21.589729003608227 1.5
    endloop
  endfacet
  facet normal -0.9987943879666562 0.04908941399439046 0
    outer loop
      vertex 64.1493100002408 21.575690001249313 0
      vertex 64.1493100002408 21.575690001249313 1.5
      vertex 64.14999999850988 21.589729003608227 0
    endloop
  endfacet
  facet normal -0.9987943879666562 0.04908941399439046 0
    outer loop
      vertex 64.14999999850988 21.589729003608227 1.5
      vertex 64.14999999850988 21.589729003608227 0
      vertex 64.1493100002408 21.575690001249313 1.5
    endloop
  endfacet
  facet normal -0.04908941399439046 0.9987943879666562 0
    outer loop
      vertex 64.13527099788189 21.575000002980232 0
      vertex 64.13527099788189 21.575000002980232 1.5
      vertex 64.1493100002408 21.575690001249313 0
    endloop
  endfacet
  facet normal -0.04908941399439046 0.9987943879666562 0
    outer loop
      vertex 64.1493100002408 21.575690001249313 1.5
      vertex 64.1493100002408 21.575690001249313 0
      vertex 64.13527099788189 21.575000002980232 1.5
    endloop
  endfacet
  facet normal 0 1 0
    outer loop
      vertex 50.16472899913788 21.575000002980232 0
      vertex 50.16472899913788 21.575000002980232 1.5
      vertex 64.13527099788189 21.575000002980232 0
    endloop
  endfacet
  facet normal 0 1 0
    outer loop
      vertex 64.13527099788189 21.575000002980232 1.5
      vertex 64.13527099788189 21.575000002980232 0
      vertex 50.16472899913788 21.575000002980232 1.5
    endloop
  endfacet
  facet normal 0.9935718573974665 0.11320319866394575 0
    outer loop
      vertex 122.36324200034142 19.4979460015893 0
      vertex 122.36324200034142 19.4979460015893 1.5
      vertex 123.94475200027227 5.617209002375603 0
    endloop
  endfacet
  facet normal 0.9935718573974665 0.11320319866394575 0
    outer loop
      vertex 123.94475200027227 5.617209002375603 1.5
      vertex 123.94475200027227 5.617209002375603 0
      vertex 122.36324200034142 19.4979460015893 1.5
    endloop
  endfacet
  facet normal 0.9979297239720193 0.064313808883702 0
    outer loop
      vertex 122.36233799904585 19.51197300106287 0
      vertex 122.36233799904585 19.51197300106287 1.5
      vertex 122.36324200034142 19.4979460015893 0
    endloop
  endfacet
  facet normal 0.9979297239720193 0.064313808883702 0
    outer loop
      vertex 122.36324200034142 19.4979460015893 1.5
      vertex 122.36324200034142 19.4979460015893 0
      vertex 122.36233799904585 19.51197300106287 1.5
    endloop
  endfacet
  facet normal 0.1618486880114517 -0.9868155867176865 0
    outer loop
      vertex 122.37620899826288 19.514247998595238 0
      vertex 122.37620899826288 19.514247998595238 1.5
      vertex 122.36233799904585 19.51197300106287 0
    endloop
  endfacet
  facet normal 0.1618486880114517 -0.9868155867176865 0
    outer loop
      vertex 122.36233799904585 19.51197300106287 1.5
      vertex 122.36233799904585 19.51197300106287 0
      vertex 122.37620899826288 19.514247998595238 1.5
    endloop
  endfacet
  facet normal 0.11320319866394575 -0.9935718573974665 0
    outer loop
      vertex 136.25694599747658 21.095757998526096 0
      vertex 136.25694599747658 21.095757998526096 1.5
      vertex 122.37620899826288 19.514247998595238 0
    endloop
  endfacet
  facet normal 0.11320319866394575 -0.9935718573974665 0
    outer loop
      vertex 122.37620899826288 19.514247998595238 1.5
      vertex 122.37620899826288 19.514247998595238 0
      vertex 136.25694599747658 21.095757998526096 1.5
    endloop
  endfacet
  facet normal 0.064313808883702 -0.9979297239720193 0
    outer loop
      vertex 136.27097299695015 21.096661999821663 0
      vertex 136.27097299695015 21.096661999821663 1.5
      vertex 136.25694599747658 21.095757998526096 0
    endloop
  endfacet
  facet normal 0.064313808883702 -0.9979297239720193 0
    outer loop
      vertex 136.25694599747658 21.095757998526096 1.5
      vertex 136.25694599747658 21.095757998526096 0
      vertex 136.27097299695015 21.096661999821663 1.5
    endloop
  endfacet
  facet normal -0.9868155020604262 -0.16184920417854695 0
    outer loop
      vertex 136.2732480019331 21.08279100060463 0
      vertex 136.2732480019331 21.08279100060463 1.5
      vertex 136.27097299695015 21.096661999821663 0
    endloop
  endfacet
  facet normal -0.9868155020604262 -0.16184920417854695 0
    outer loop
      vertex 136.27097299695015 21.096661999821663 1.5
      vertex 136.27097299695015 21.096661999821663 0
      vertex 136.2732480019331 21.08279100060463 1.5
    endloop
  endfacet
  facet normal -0.9935718573974665 -0.11320319866394575 0
    outer loop
      vertex 137.85475800186396 7.202054001390934 0
      vertex 137.85475800186396 7.202054001390934 1.5
      vertex 136.2732480019331 21.08279100060463 0
    endloop
  endfacet
  facet normal -0.9935718573974665 -0.11320319866394575 0
    outer loop
      vertex 136.2732480019331 21.08279100060463 1.5
      vertex 136.2732480019331 21.08279100060463 0
      vertex 137.85475800186396 7.202054001390934 1.5
    endloop
  endfacet
  facet normal -0.9979297239720193 -0.064313808883702 0
    outer loop
      vertex 137.85566200315952 7.188027001917362 0
      vertex 137.85566200315952 7.188027001917362 1.5
      vertex 137.85475800186396 7.202054001390934 0
    endloop
  endfacet
  facet normal -0.9979297239720193 -0.064313808883702 0
    outer loop
      vertex 137.85475800186396 7.202054001390934 1.5
      vertex 137.85475800186396 7.202054001390934 0
      vertex 137.85566200315952 7.188027001917362 1.5
    endloop
  endfacet
  facet normal -0.16184911952120262 0.9868155159452102 0
    outer loop
      vertex 137.8417909964919 7.185751996934414 0
      vertex 137.8417909964919 7.185751996934414 1.5
      vertex 137.85566200315952 7.188027001917362 0
    endloop
  endfacet
  facet normal -0.16184911952120262 0.9868155159452102 0
    outer loop
      vertex 137.85566200315952 7.188027001917362 1.5
      vertex 137.85566200315952 7.188027001917362 0
      vertex 137.8417909964919 7.185751996934414 1.5
    endloop
  endfacet
  facet normal -0.11320319866394575 0.9935718573974665 0
    outer loop
      vertex 123.96105399727821 5.604241997003555 0
      vertex 123.96105399727821 5.604241997003555 1.5
      vertex 137.8417909964919 7.185751996934414 0
    endloop
  endfacet
  facet normal -0.11320319866394575 0.9935718573974665 0
    outer loop
      vertex 137.8417909964919 7.185751996934414 1.5
      vertex 137.8417909964919 7.185751996934414 0
      vertex 123.96105399727821 5.604241997003555 1.5
    endloop
  endfacet
  facet normal -0.06431328101582487 0.9979297579915029 0
    outer loop
      vertex 123.94702699780464 5.603338003158569 0
      vertex 123.94702699780464 5.603338003158569 1.5
      vertex 123.96105399727821 5.604241997003555 0
    endloop
  endfacet
  facet normal -0.06431328101582487 0.9979297579915029 0
    outer loop
      vertex 123.96105399727821 5.604241997003555 1.5
      vertex 123.96105399727821 5.604241997003555 0
      vertex 123.94702699780464 5.603338003158569 1.5
    endloop
  endfacet
  facet normal 0.9868155867176865 0.1618486880114517 0
    outer loop
      vertex 123.94475200027227 5.617209002375603 0
      vertex 123.94475200027227 5.617209002375603 1.5
      vertex 123.94702699780464 5.603338003158569 0
    endloop
  endfacet
  facet normal 0.9868155867176865 0.1618486880114517 0
    outer loop
      vertex 123.94702699780464 5.603338003158569 1.5
      vertex 123.94702699780464 5.603338003158569 0
      vertex 123.94475200027227 5.617209002375603 1.5
    endloop
  endfacet
  facet normal 0.9961764207682333 0.08736440182014589 0
    outer loop
      vertex 101.6055010035634 17.580011002719402 0
      vertex 101.6055010035634 17.580011002719402 1.5
      vertex 102.82602900266647 3.6628869995474815 0
    endloop
  endfacet
  facet normal 0.9961764207682333 0.08736440182014589 0
    outer loop
      vertex 102.82602900266647 3.6628869995474815 1.5
      vertex 102.82602900266647 3.6628869995474815 0
      vertex 101.6055010035634 17.580011002719402 1.5
    endloop
  endfacet
  facet normal 0.9992645202602416 0.038346036940852014 0
    outer loop
      vertex 101.6049619987607 17.594057001173496 0
      vertex 101.6049619987607 17.594057001173496 1.5
      vertex 101.6055010035634 17.580011002719402 0
    endloop
  endfacet
  facet normal 0.9992645202602416 0.038346036940852014 0
    outer loop
      vertex 101.6055010035634 17.580011002719402 1.5
      vertex 101.6055010035634 17.580011002719402 0
      vertex 101.6049619987607 17.594057001173496 1.5
    endloop
  endfacet
  facet normal 0.13617046603992206 -0.9906854214020062 0
    outer loop
      vertex 101.6188869997859 17.595971003174782 0
      vertex 101.6188869997859 17.595971003174782 1.5
      vertex 101.6049619987607 17.594057001173496 0
    endloop
  endfacet
  facet normal 0.13617046603992206 -0.9906854214020062 0
    outer loop
      vertex 101.6049619987607 17.594057001173496 1.5
      vertex 101.6049619987607 17.594057001173496 0
      vertex 101.6188869997859 17.595971003174782 1.5
    endloop
  endfacet
  facet normal 0.08736440182014589 -0.9961764207682333 0
    outer loop
      vertex 115.53601100295782 18.81649900227785 0
      vertex 115.53601100295782 18.81649900227785 1.5
      vertex 101.6188869997859 17.595971003174782 0
    endloop
  endfacet
  facet normal 0.08736440182014589 -0.9961764207682333 0
    outer loop
      vertex 101.6188869997859 17.595971003174782 1.5
      vertex 101.6188869997859 17.595971003174782 0
      vertex 115.53601100295782 18.81649900227785 1.5
    endloop
  endfacet
  facet normal 0.038345507668854556 -0.9992645405705227 0
    outer loop
      vertex 115.55005700141191 18.817037999629974 0
      vertex 115.55005700141191 18.817037999629974 1.5
      vertex 115.53601100295782 18.81649900227785 0
    endloop
  endfacet
  facet normal 0.038345507668854556 -0.9992645405705227 0
    outer loop
      vertex 115.53601100295782 18.81649900227785 1.5
      vertex 115.53601100295782 18.81649900227785 0
      vertex 115.55005700141191 18.817037999629974 1.5
    endloop
  endfacet
  facet normal -0.9906854214020062 -0.13617046603992206 0
    outer loop
      vertex 115.5519710034132 18.803112998604774 0
      vertex 115.5519710034132 18.803112998604774 1.5
      vertex 115.55005700141191 18.817037999629974 0
    endloop
  endfacet
  facet normal -0.9906854214020062 -0.13617046603992206 0
    outer loop
      vertex 115.55005700141191 18.817037999629974 1.5
      vertex 115.55005700141191 18.817037999629974 0
      vertex 115.5519710034132 18.803112998604774 1.5
    endloop
  endfacet
  facet normal -0.9961764207641628 -0.08736440186655975 0
    outer loop
      vertex 116.77249900251627 4.885989002883434 0
      vertex 116.77249900251627 4.885989002883434 1.5
      vertex 115.5519710034132 18.803112998604774 0
    endloop
  endfacet
  facet normal -0.9961764207641628 -0.08736440186655975 0
    outer loop
      vertex 115.5519710034132 18.803112998604774 1.5
      vertex 115.5519710034132 18.803112998604774 0
      vertex 116.77249900251627 4.885989002883434 1.5
    endloop
  endfacet
  facet normal -0.9992645413498981 -0.038345487358723965 0
    outer loop
      vertex 116.7730379998684 4.87194299697876 0
      vertex 116.7730379998684 4.87194299697876 1.5
      vertex 116.77249900251627 4.885989002883434 0
    endloop
  endfacet
  facet normal -0.9992645413498981 -0.038345487358723965 0
    outer loop
      vertex 116.77249900251627 4.885989002883434 1.5
      vertex 116.77249900251627 4.885989002883434 0
      vertex 116.7730379998684 4.87194299697876 1.5
    endloop
  endfacet
  facet normal -0.13616994580171457 0.9906854929090049 0
    outer loop
      vertex 116.7591129988432 4.870029002428055 0
      vertex 116.7591129988432 4.870029002428055 1.5
      vertex 116.7730379998684 4.87194299697876 0
    endloop
  endfacet
  facet normal -0.13616994580171457 0.9906854929090049 0
    outer loop
      vertex 116.7730379998684 4.87194299697876 1.5
      vertex 116.7730379998684 4.87194299697876 0
      vertex 116.7591129988432 4.870029002428055 1.5
    endloop
  endfacet
  facet normal -0.08736440186655975 0.9961764207641628 0
    outer loop
      vertex 102.84198900312185 3.6495010033249855 0
      vertex 102.84198900312185 3.6495010033249855 1.5
      vertex 116.7591129988432 4.870029002428055 0
    endloop
  endfacet
  facet normal -0.08736440186655975 0.9961764207641628 0
    outer loop
      vertex 116.7591129988432 4.870029002428055 1.5
      vertex 116.7591129988432 4.870029002428055 0
      vertex 102.84198900312185 3.6495010033249855 1.5
    endloop
  endfacet
  facet normal -0.03834601663044192 0.9992645210396385 0
    outer loop
      vertex 102.82794299721718 3.6489619985222816 0
      vertex 102.82794299721718 3.6489619985222816 1.5
      vertex 102.84198900312185 3.6495010033249855 0
    endloop
  endfacet
  facet normal -0.03834601663044192 0.9992645210396385 0
    outer loop
      vertex 102.84198900312185 3.6495010033249855 1.5
      vertex 102.84198900312185 3.6495010033249855 0
      vertex 102.82794299721718 3.6489619985222816 1.5
    endloop
  endfacet
  facet normal 0.9906854929090049 0.13616994580171457 0
    outer loop
      vertex 102.82602900266647 3.6628869995474815 0
      vertex 102.82602900266647 3.6628869995474815 1.5
      vertex 102.82794299721718 3.6489619985222816 0
    endloop
  endfacet
  facet normal 0.9906854929090049 0.13616994580171457 0
    outer loop
      vertex 102.82794299721718 3.6489619985222816 1.5
      vertex 102.82794299721718 3.6489619985222816 0
      vertex 102.82602900266647 3.6628869995474815 1.5
    endloop
  endfacet
  facet normal 0.9961953725491279 0.08714803332092054 0
    outer loop
      vertex 81.53341100364923 2.6859249994158745 0
      vertex 81.53341100364923 2.6859249994158745 1.5
      vertex 81.53463599830866 2.6719219982624054 0
    endloop
  endfacet
  facet normal 0.9961953725491279 0.08714803332092054 0
    outer loop
      vertex 81.53463599830866 2.6719219982624054 1.5
      vertex 81.53463599830866 2.6719219982624054 0
      vertex 81.53341100364923 2.6859249994158745 1.5
    endloop
  endfacet
  facet normal 0.9992729339103804 0.038126153151612864 0
    outer loop
      vertex 81.00076799839735 16.64630900323391 0
      vertex 81.00076799839735 16.64630900323391 1.5
      vertex 81.53341100364923 2.6859249994158745 0
    endloop
  endfacet
  facet normal 0.9992729339103804 0.038126153151612864 0
    outer loop
      vertex 81.53341100364923 2.6859249994158745 1.5
      vertex 81.53341100364923 2.6859249994158745 0
      vertex 81.00076799839735 16.64630900323391 1.5
    endloop
  endfacet
  facet normal 0.9999399752355104 -0.010956547175414937 0
    outer loop
      vertex 81.00092200189829 16.660364001989365 0
      vertex 81.00092200189829 16.660364001989365 1.5
      vertex 81.00076799839735 16.64630900323391 0
    endloop
  endfacet
  facet normal 0.9999399752355104 -0.010956547175414937 0
    outer loop
      vertex 81.00076799839735 16.64630900323391 1.5
      vertex 81.00076799839735 16.64630900323391 0
      vertex 81.00092200189829 16.660364001989365 1.5
    endloop
  endfacet
  facet normal 0.08714803332092054 -0.9961953725491279 0
    outer loop
      vertex 81.01492500305176 16.66158899664879 0
      vertex 81.01492500305176 16.66158899664879 1.5
      vertex 81.00092200189829 16.660364001989365 0
    endloop
  endfacet
  facet normal 0.08714803332092054 -0.9961953725491279 0
    outer loop
      vertex 81.00092200189829 16.660364001989365 1.5
      vertex 81.00092200189829 16.660364001989365 0
      vertex 81.01492500305176 16.66158899664879 1.5
    endloop
  endfacet
  facet normal 0.03812615317193101 -0.9992729339096053 0
    outer loop
      vertex 94.97530899941921 17.194232001900673 0
      vertex 94.97530899941921 17.194232001900673 1.5
      vertex 81.01492500305176 16.66158899664879 0
    endloop
  endfacet
  facet normal 0.03812615317193101 -0.9992729339096053 0
    outer loop
      vertex 81.01492500305176 16.66158899664879 1.5
      vertex 81.01492500305176 16.66158899664879 0
      vertex 94.97530899941921 17.194232001900673 1.5
    endloop
  endfacet
  facet normal -0.010956547175414937 -0.9999399752355104 0
    outer loop
      vertex 94.98936399817467 17.194077998399734 0
      vertex 94.98936399817467 17.194077998399734 1.5
      vertex 94.97530899941921 17.194232001900673 0
    endloop
  endfacet
  facet normal -0.010956547175414937 -0.9999399752355104 0
    outer loop
      vertex 94.97530899941921 17.194232001900673 1.5
      vertex 94.97530899941921 17.194232001900673 0
      vertex 94.98936399817467 17.194077998399734 1.5
    endloop
  endfacet
  facet normal -0.996195326532275 -0.08714855934124224 0
    outer loop
      vertex 94.99058900028467 17.180074997246265 0
      vertex 94.99058900028467 17.180074997246265 1.5
      vertex 94.98936399817467 17.194077998399734 0
    endloop
  endfacet
  facet normal -0.996195326532275 -0.08714855934124224 0
    outer loop
      vertex 94.98936399817467 17.194077998399734 1.5
      vertex 94.98936399817467 17.194077998399734 0
      vertex 94.99058900028467 17.180074997246265 1.5
    endloop
  endfacet
  facet normal -0.9992729339299234 -0.038126152639399724 0
    outer loop
      vertex 95.52323199808598 3.219691000878811 0
      vertex 95.52323199808598 3.219691000878811 1.5
      vertex 94.99058900028467 17.180074997246265 0
    endloop
  endfacet
  facet normal -0.9992729339299234 -0.038126152639399724 0
    outer loop
      vertex 94.99058900028467 17.180074997246265 1.5
      vertex 94.99058900028467 17.180074997246265 0
      vertex 95.52323199808598 3.219691000878811 1.5
    endloop
  endfacet
  facet normal -0.9999399810427584 0.01095601716902974 0
    outer loop
      vertex 95.52307800203562 3.205636002123356 0
      vertex 95.52307800203562 3.205636002123356 1.5
      vertex 95.52323199808598 3.219691000878811 0
    endloop
  endfacet
  facet normal -0.9999399810427584 0.01095601716902974 0
    outer loop
      vertex 95.52323199808598 3.219691000878811 1.5
      vertex 95.52323199808598 3.219691000878811 0
      vertex 95.52307800203562 3.205636002123356 1.5
    endloop
  endfacet
  facet normal -0.08714855934124224 0.996195326532275 0
    outer loop
      vertex 95.50907500088215 3.2044110000133514 0
      vertex 95.50907500088215 3.2044110000133514 1.5
      vertex 95.52307800203562 3.205636002123356 0
    endloop
  endfacet
  facet normal -0.08714855934124224 0.996195326532275 0
    outer loop
      vertex 95.52307800203562 3.205636002123356 1.5
      vertex 95.52307800203562 3.205636002123356 0
      vertex 95.50907500088215 3.2044110000133514 1.5
    endloop
  endfacet
  facet normal -0.03812615261908158 0.9992729339306987 0
    outer loop
      vertex 81.54869099706411 2.6717680022120476 0
      vertex 81.54869099706411 2.6717680022120476 1.5
      vertex 95.50907500088215 3.2044110000133514 0
    endloop
  endfacet
  facet normal -0.03812615261908158 0.9992729339306987 0
    outer loop
      vertex 95.50907500088215 3.2044110000133514 1.5
      vertex 95.50907500088215 3.2044110000133514 0
      vertex 81.54869099706411 2.6717680022120476 1.5
    endloop
  endfacet
  facet normal 0.01095601716902974 0.9999399810427584 0
    outer loop
      vertex 81.53463599830866 2.6719219982624054 0
      vertex 81.53463599830866 2.6719219982624054 1.5
      vertex 81.54869099706411 2.6717680022120476 0
    endloop
  endfacet
  facet normal 0.01095601716902974 0.9999399810427584 0
    outer loop
      vertex 81.54869099706411 2.6717680022120476 1.5
      vertex 81.54869099706411 2.6717680022120476 0
      vertex 81.53463599830866 2.6719219982624054 1.5
    endloop
  endfacet
  facet normal 0.9986909154390976 0.05115129929353742 0
    outer loop
      vertex 61.616889998316765 2.5448400005698204 0
      vertex 61.616889998316765 2.5448400005698204 1.5
      vertex 61.61760900169611 2.530801996588707 0
    endloop
  endfacet
  facet normal 0.9986909154390976 0.05115129929353742 0
    outer loop
      vertex 61.61760900169611 2.530801996588707 1.5
      vertex 61.61760900169611 2.530801996588707 0
      vertex 61.616889998316765 2.5448400005698204 1.5
    endloop
  endfacet
  facet normal 0.9999977329580415 0.0021293376381958684 0
    outer loop
      vertex 61.5871419981122 16.515349999070168 0
      vertex 61.5871419981122 16.515349999070168 1.5
      vertex 61.616889998316765 2.5448400005698204 0
    endloop
  endfacet
  facet normal 0.9999977329580415 0.0021293376381958684 0
    outer loop
      vertex 61.616889998316765 2.5448400005698204 1.5
      vertex 61.616889998316765 2.5448400005698204 0
      vertex 61.5871419981122 16.515349999070168 1.5
    endloop
  endfacet
  facet normal 0.9988970753716704 -0.04695351758839323 0
    outer loop
      vertex 61.5878020003438 16.52939099818468 0
      vertex 61.5878020003438 16.52939099818468 1.5
      vertex 61.5871419981122 16.515349999070168 0
    endloop
  endfacet
  facet normal 0.9988970753716704 -0.04695351758839323 0
    outer loop
      vertex 61.5871419981122 16.515349999070168 1.5
      vertex 61.5871419981122 16.515349999070168 0
      vertex 61.5878020003438 16.52939099818468 1.5
    endloop
  endfacet
  facet normal 0.051151326370743724 -0.9986909140522476 0
    outer loop
      vertex 61.60183999687433 16.530110001564026 0
      vertex 61.60183999687433 16.530110001564026 1.5
      vertex 61.5878020003438 16.52939099818468 0
    endloop
  endfacet
  facet normal 0.051151326370743724 -0.9986909140522476 0
    outer loop
      vertex 61.5878020003438 16.52939099818468 1.5
      vertex 61.5878020003438 16.52939099818468 0
      vertex 61.60183999687433 16.530110001564026 1.5
    endloop
  endfacet
  facet normal 0.0021293376370602815 -0.999997732958044 0
    outer loop
      vertex 75.57235000282526 16.55985800176859 0
      vertex 75.57235000282526 16.55985800176859 1.5
      vertex 61.60183999687433 16.530110001564026 0
    endloop
  endfacet
  facet normal 0.0021293376370602815 -0.999997732958044 0
    outer loop
      vertex 61.60183999687433 16.530110001564026 1.5
      vertex 61.60183999687433 16.530110001564026 0
      vertex 75.57235000282526 16.55985800176859 1.5
    endloop
  endfacet
  facet normal -0.04695351758839323 -0.9988970753716704 0
    outer loop
      vertex 75.58639100193977 16.55919799953699 0
      vertex 75.58639100193977 16.55919799953699 1.5
      vertex 75.57235000282526 16.55985800176859 0
    endloop
  endfacet
  facet normal -0.04695351758839323 -0.9988970753716704 0
    outer loop
      vertex 75.57235000282526 16.55985800176859 1.5
      vertex 75.57235000282526 16.55985800176859 0
      vertex 75.58639100193977 16.55919799953699 1.5
    endloop
  endfacet
  facet normal -0.998690941129329 -0.05115079770849345 0
    outer loop
      vertex 75.58710999786854 16.54516000300646 0
      vertex 75.58710999786854 16.54516000300646 1.5
      vertex 75.58639100193977 16.55919799953699 0
    endloop
  endfacet
  facet normal -0.998690941129329 -0.05115079770849345 0
    outer loop
      vertex 75.58639100193977 16.55919799953699 1.5
      vertex 75.58639100193977 16.55919799953699 0
      vertex 75.58710999786854 16.54516000300646 1.5
    endloop
  endfacet
  facet normal -0.999997732958044 -0.0021293376370602815 0
    outer loop
      vertex 75.6168579980731 2.5746499970555305 0
      vertex 75.6168579980731 2.5746499970555305 1.5
      vertex 75.58710999786854 16.54516000300646 0
    endloop
  endfacet
  facet normal -0.999997732958044 -0.0021293376370602815 0
    outer loop
      vertex 75.58710999786854 16.54516000300646 1.5
      vertex 75.58710999786854 16.54516000300646 0
      vertex 75.6168579980731 2.5746499970555305 1.5
    endloop
  endfacet
  facet normal -0.9988971002315652 0.04695298871180071 0
    outer loop
      vertex 75.61619800329208 2.560608997941017 0
      vertex 75.61619800329208 2.560608997941017 1.5
      vertex 75.6168579980731 2.5746499970555305 0
    endloop
  endfacet
  facet normal -0.9988971002315652 0.04695298871180071 0
    outer loop
      vertex 75.6168579980731 2.5746499970555305 1.5
      vertex 75.6168579980731 2.5746499970555305 0
      vertex 75.61619800329208 2.560608997941017 1.5
    endloop
  endfacet
  facet normal -0.05115077063156553 0.9986909425161504 0
    outer loop
      vertex 75.60215999931097 2.559890002012253 0
      vertex 75.60215999931097 2.559890002012253 1.5
      vertex 75.61619800329208 2.560608997941017 0
    endloop
  endfacet
  facet normal -0.05115077063156553 0.9986909425161504 0
    outer loop
      vertex 75.61619800329208 2.560608997941017 1.5
      vertex 75.61619800329208 2.560608997941017 0
      vertex 75.60215999931097 2.559890002012253 1.5
    endloop
  endfacet
  facet normal -0.0021293376381958684 0.9999977329580415 0
    outer loop
      vertex 61.63165000081062 2.5301420018076897 0
      vertex 61.63165000081062 2.5301420018076897 1.5
      vertex 75.60215999931097 2.559890002012253 0
    endloop
  endfacet
  facet normal -0.0021293376381958684 0.9999977329580415 0
    outer loop
      vertex 75.60215999931097 2.559890002012253 1.5
      vertex 75.60215999931097 2.559890002012253 0
      vertex 61.63165000081062 2.5301420018076897 1.5
    endloop
  endfacet
  facet normal 0.04695298871180071 0.9988971002315652 0
    outer loop
      vertex 61.61760900169611 2.530801996588707 0
      vertex 61.61760900169611 2.530801996588707 1.5
      vertex 61.63165000081062 2.5301420018076897 0
    endloop
  endfacet
  facet normal 0.04695298871180071 0.9988971002315652 0
    outer loop
      vertex 61.63165000081062 2.5301420018076897 1.5
      vertex 61.63165000081062 2.5301420018076897 0
      vertex 61.61760900169611 2.530801996588707 1.5
    endloop
  endfacet
  facet normal 0.04908941399439046 0.9987943879666562 0
    outer loop
      vertex 4.430689997971058 2.525689996778965 0
      vertex 4.430689997971058 2.525689996778965 1.5
      vertex 4.444729000329971 2.524999998509884 0
    endloop
  endfacet
  facet normal 0.04908941399439046 0.9987943879666562 0
    outer loop
      vertex 4.444729000329971 2.524999998509884 1.5
      vertex 4.444729000329971 2.524999998509884 0
      vertex 4.430689997971058 2.525689996778965 1.5
    endloop
  endfacet
  facet normal 0.9987943879666562 0.04908941399439046 0
    outer loop
      vertex 4.429999999701977 2.5397289991378784 0
      vertex 4.429999999701977 2.5397289991378784 1.5
      vertex 4.430689997971058 2.525689996778965 0
    endloop
  endfacet
  facet normal 0.9987943879666562 0.04908941399439046 0
    outer loop
      vertex 4.430689997971058 2.525689996778965 1.5
      vertex 4.430689997971058 2.525689996778965 0
      vertex 4.429999999701977 2.5397289991378784 1.5
    endloop
  endfacet
  facet normal 1 0 0
    outer loop
      vertex 4.429999999701977 16.51027099788189 0
      vertex 4.429999999701977 16.51027099788189 1.5
      vertex 4.429999999701977 2.5397289991378784 0
    endloop
  endfacet
  facet normal 1 0 0
    outer loop
      vertex 4.429999999701977 2.5397289991378784 1.5
      vertex 4.429999999701977 2.5397289991378784 0
      vertex 4.429999999701977 16.51027099788189 1.5
    endloop
  endfacet
  facet normal 0.9987943879666562 -0.04908941399439046 0
    outer loop
      vertex 4.430689997971058 16.524310000240803 0
      vertex 4.430689997971058 16.524310000240803 1.5
      vertex 4.429999999701977 16.51027099788189 0
    endloop
  endfacet
  facet normal 0.9987943879666562 -0.04908941399439046 0
    outer loop
      vertex 4.429999999701977 16.51027099788189 1.5
      vertex 4.429999999701977 16.51027099788189 0
      vertex 4.430689997971058 16.524310000240803 1.5
    endloop
  endfacet
  facet normal 0.04908941399439046 -0.9987943879666562 0
    outer loop
      vertex 4.444729000329971 16.524999998509884 0
      vertex 4.444729000329971 16.524999998509884 1.5
      vertex 4.430689997971058 16.524310000240803 0
    endloop
  endfacet
  facet normal 0.04908941399439046 -0.9987943879666562 0
    outer loop
      vertex 4.430689997971058 16.524310000240803 1.5
      vertex 4.430689997971058 16.524310000240803 0
      vertex 4.444729000329971 16.524999998509884 1.5
    endloop
  endfacet
  facet normal 0 -1 0
    outer loop
      vertex 18.415270999073982 16.524999998509884 0
      vertex 18.415270999073982 16.524999998509884 1.5
      vertex 4.444729000329971 16.524999998509884 0
    endloop
  endfacet
  facet normal 0 -1 0
    outer loop
      vertex 4.444729000329971 16.524999998509884 1.5
      vertex 4.444729000329971 16.524999998509884 0
      vertex 18.415270999073982 16.524999998509884 1.5
    endloop
  endfacet
  facet normal -0.04908941399439046 -0.9987943879666562 0
    outer loop
      vertex 18.429310001432896 16.524310000240803 0
      vertex 18.429310001432896 16.524310000240803 1.5
      vertex 18.415270999073982 16.524999998509884 0
    endloop
  endfacet
  facet normal -0.04908941399439046 -0.9987943879666562 0
    outer loop
      vertex 18.415270999073982 16.524999998509884 1.5
      vertex 18.415270999073982 16.524999998509884 0
      vertex 18.429310001432896 16.524310000240803 1.5
    endloop
  endfacet
  facet normal -0.9987943879666562 -0.04908941399439046 0
    outer loop
      vertex 18.429999999701977 16.51027099788189 0
      vertex 18.429999999701977 16.51027099788189 1.5
      vertex 18.429310001432896 16.524310000240803 0
    endloop
  endfacet
  facet normal -0.9987943879666562 -0.04908941399439046 0
    outer loop
      vertex 18.429310001432896 16.524310000240803 1.5
      vertex 18.429310001432896 16.524310000240803 0
      vertex 18.429999999701977 16.51027099788189 1.5
    endloop
  endfacet
  facet normal -1 0 0
    outer loop
      vertex 18.429999999701977 2.5397289991378784 0
      vertex 18.429999999701977 2.5397289991378784 1.5
      vertex 18.429999999701977 16.51027099788189 0
    endloop
  endfacet
  facet normal -1 0 0
    outer loop
      vertex 18.429999999701977 16.51027099788189 1.5
      vertex 18.429999999701977 16.51027099788189 0
      vertex 18.429999999701977 2.5397289991378784 1.5
    endloop
  endfacet
  facet normal -0.9987943879666562 0.04908941399439046 0
    outer loop
      vertex 18.429310001432896 2.525689996778965 0
      vertex 18.429310001432896 2.525689996778965 1.5
      vertex 18.429999999701977 2.5397289991378784 0
    endloop
  endfacet
  facet normal -0.9987943879666562 0.04908941399439046 0
    outer loop
      vertex 18.429999999701977 2.5397289991378784 1.5
      vertex 18.429999999701977 2.5397289991378784 0
      vertex 18.429310001432896 2.525689996778965 1.5
    endloop
  endfacet
  facet normal -0.04908941399439046 0.9987943879666562 0
    outer loop
      vertex 18.415270999073982 2.524999998509884 0
      vertex 18.415270999073982 2.524999998509884 1.5
      vertex 18.429310001432896 2.525689996778965 0
    endloop
  endfacet
  facet normal -0.04908941399439046 0.9987943879666562 0
    outer loop
      vertex 18.429310001432896 2.525689996778965 1.5
      vertex 18.429310001432896 2.525689996778965 0
      vertex 18.415270999073982 2.524999998509884 1.5
    endloop
  endfacet
  facet normal 0 1 0
    outer loop
      vertex 4.444729000329971 2.524999998509884 0
      vertex 4.444729000329971 2.524999998509884 1.5
      vertex 18.415270999073982 2.524999998509884 0
    endloop
  endfacet
  facet normal 0 1 0
    outer loop
      vertex 18.415270999073982 2.524999998509884 1.5
      vertex 18.415270999073982 2.524999998509884 0
      vertex 4.444729000329971 2.524999998509884 1.5
    endloop
  endfacet
  facet normal 0.04908943998366365 0.9987943866893177 0
    outer loop
      vertex 23.480690002441406 2.525689996778965 0
      vertex 23.480690002441406 2.525689996778965 1.5
      vertex 23.49472899734974 2.524999998509884 0
    endloop
  endfacet
  facet normal 0.04908943998366365 0.9987943866893177 0
    outer loop
      vertex 23.49472899734974 2.524999998509884 1.5
      vertex 23.49472899734974 2.524999998509884 0
      vertex 23.480690002441406 2.525689996778965 1.5
    endloop
  endfacet
  facet normal 0.9987943619772575 0.04908994278305106 0
    outer loop
      vertex 23.479999996721745 2.5397289991378784 0
      vertex 23.479999996721745 2.5397289991378784 1.5
      vertex 23.480690002441406 2.525689996778965 0
    endloop
  endfacet
  facet normal 0.9987943619772575 0.04908994278305106 0
    outer loop
      vertex 23.480690002441406 2.525689996778965 1.5
      vertex 23.480690002441406 2.525689996778965 0
      vertex 23.479999996721745 2.5397289991378784 1.5
    endloop
  endfacet
  facet normal 1 0 0
    outer loop
      vertex 23.479999996721745 16.51027099788189 0
      vertex 23.479999996721745 16.51027099788189 1.5
      vertex 23.479999996721745 2.5397289991378784 0
    endloop
  endfacet
  facet normal 1 0 0
    outer loop
      vertex 23.479999996721745 2.5397289991378784 1.5
      vertex 23.479999996721745 2.5397289991378784 0
      vertex 23.479999996721745 16.51027099788189 1.5
    endloop
  endfacet
  facet normal 0.9987943619772575 -0.04908994278305106 0
    outer loop
      vertex 23.480690002441406 16.524310000240803 0
      vertex 23.480690002441406 16.524310000240803 1.5
      vertex 23.479999996721745 16.51027099788189 0
    endloop
  endfacet
  facet normal 0.9987943619772575 -0.04908994278305106 0
    outer loop
      vertex 23.479999996721745 16.51027099788189 1.5
      vertex 23.479999996721745 16.51027099788189 0
      vertex 23.480690002441406 16.524310000240803 1.5
    endloop
  endfacet
  facet normal 0.04908943998366365 -0.9987943866893177 0
    outer loop
      vertex 23.49472899734974 16.524999998509884 0
      vertex 23.49472899734974 16.524999998509884 1.5
      vertex 23.480690002441406 16.524310000240803 0
    endloop
  endfacet
  facet normal 0.04908943998366365 -0.9987943866893177 0
    outer loop
      vertex 23.480690002441406 16.524310000240803 1.5
      vertex 23.480690002441406 16.524310000240803 0
      vertex 23.49472899734974 16.524999998509884 1.5
    endloop
  endfacet
  facet normal 0 -1 0
    outer loop
      vertex 37.46527100354433 16.524999998509884 0
      vertex 37.46527100354433 16.524999998509884 1.5
      vertex 23.49472899734974 16.524999998509884 0
    endloop
  endfacet
  facet normal 0 -1 0
    outer loop
      vertex 23.49472899734974 16.524999998509884 1.5
      vertex 23.49472899734974 16.524999998509884 0
      vertex 37.46527100354433 16.524999998509884 1.5
    endloop
  endfacet
  facet normal -0.04908943998366365 -0.9987943866893177 0
    outer loop
      vertex 37.47930999845266 16.524310000240803 0
      vertex 37.47930999845266 16.524310000240803 1.5
      vertex 37.46527100354433 16.524999998509884 0
    endloop
  endfacet
  facet normal -0.04908943998366365 -0.9987943866893177 0
    outer loop
      vertex 37.46527100354433 16.524999998509884 1.5
      vertex 37.46527100354433 16.524999998509884 0
      vertex 37.47930999845266 16.524310000240803 1.5
    endloop
  endfacet
  facet normal -0.9987943879666562 -0.04908941399439046 0
    outer loop
      vertex 37.479999996721745 16.51027099788189 0
      vertex 37.479999996721745 16.51027099788189 1.5
      vertex 37.47930999845266 16.524310000240803 0
    endloop
  endfacet
  facet normal -0.9987943879666562 -0.04908941399439046 0
    outer loop
      vertex 37.47930999845266 16.524310000240803 1.5
      vertex 37.47930999845266 16.524310000240803 0
      vertex 37.479999996721745 16.51027099788189 1.5
    endloop
  endfacet
  facet normal -1 0 0
    outer loop
      vertex 37.479999996721745 2.5397289991378784 0
      vertex 37.479999996721745 2.5397289991378784 1.5
      vertex 37.479999996721745 16.51027099788189 0
    endloop
  endfacet
  facet normal -1 0 0
    outer loop
      vertex 37.479999996721745 16.51027099788189 1.5
      vertex 37.479999996721745 16.51027099788189 0
      vertex 37.479999996721745 2.5397289991378784 1.5
    endloop
  endfacet
  facet normal -0.9987943879666562 0.04908941399439046 0
    outer loop
      vertex 37.47930999845266 2.525689996778965 0
      vertex 37.47930999845266 2.525689996778965 1.5
      vertex 37.479999996721745 2.5397289991378784 0
    endloop
  endfacet
  facet normal -0.9987943879666562 0.04908941399439046 0
    outer loop
      vertex 37.479999996721745 2.5397289991378784 1.5
      vertex 37.479999996721745 2.5397289991378784 0
      vertex 37.47930999845266 2.525689996778965 1.5
    endloop
  endfacet
  facet normal -0.04908943998366365 0.9987943866893177 0
    outer loop
      vertex 37.46527100354433 2.524999998509884 0
      vertex 37.46527100354433 2.524999998509884 1.5
      vertex 37.47930999845266 2.525689996778965 0
    endloop
  endfacet
  facet normal -0.04908943998366365 0.9987943866893177 0
    outer loop
      vertex 37.47930999845266 2.525689996778965 1.5
      vertex 37.47930999845266 2.525689996778965 0
      vertex 37.46527100354433 2.524999998509884 1.5
    endloop
  endfacet
  facet normal 0 1 0
    outer loop
      vertex 23.49472899734974 2.524999998509884 0
      vertex 23.49472899734974 2.524999998509884 1.5
      vertex 37.46527100354433 2.524999998509884 0
    endloop
  endfacet
  facet normal 0 1 0
    outer loop
      vertex 37.46527100354433 2.524999998509884 1.5
      vertex 37.46527100354433 2.524999998509884 0
      vertex 23.49472899734974 2.524999998509884 1.5
    endloop
  endfacet
  facet normal 0.04908941399439046 0.9987943879666562 0
    outer loop
      vertex 42.530689999461174 2.525689996778965 0
      vertex 42.530689999461174 2.525689996778965 1.5
      vertex 42.54472900182009 2.524999998509884 0
    endloop
  endfacet
  facet normal 0.04908941399439046 0.9987943879666562 0
    outer loop
      vertex 42.54472900182009 2.524999998509884 1.5
      vertex 42.54472900182009 2.524999998509884 0
      vertex 42.530689999461174 2.525689996778965 1.5
    endloop
  endfacet
  facet normal 0.9987943879666562 0.04908941399439046 0
    outer loop
      vertex 42.53000000119209 2.5397289991378784 0
      vertex 42.53000000119209 2.5397289991378784 1.5
      vertex 42.530689999461174 2.525689996778965 0
    endloop
  endfacet
  facet normal 0.9987943879666562 0.04908941399439046 0
    outer loop
      vertex 42.530689999461174 2.525689996778965 1.5
      vertex 42.530689999461174 2.525689996778965 0
      vertex 42.53000000119209 2.5397289991378784 1.5
    endloop
  endfacet
  facet normal 1 0 0
    outer loop
      vertex 42.53000000119209 16.51027099788189 0
      vertex 42.53000000119209 16.51027099788189 1.5
      vertex 42.53000000119209 2.5397289991378784 0
    endloop
  endfacet
  facet normal 1 0 0
    outer loop
      vertex 42.53000000119209 2.5397289991378784 1.5
      vertex 42.53000000119209 2.5397289991378784 0
      vertex 42.53000000119209 16.51027099788189 1.5
    endloop
  endfacet
  facet normal 0.9987943879666562 -0.04908941399439046 0
    outer loop
      vertex 42.530689999461174 16.524310000240803 0
      vertex 42.530689999461174 16.524310000240803 1.5
      vertex 42.53000000119209 16.51027099788189 0
    endloop
  endfacet
  facet normal 0.9987943879666562 -0.04908941399439046 0
    outer loop
      vertex 42.53000000119209 16.51027099788189 1.5
      vertex 42.53000000119209 16.51027099788189 0
      vertex 42.530689999461174 16.524310000240803 1.5
    endloop
  endfacet
  facet normal 0.04908941399439046 -0.9987943879666562 0
    outer loop
      vertex 42.54472900182009 16.524999998509884 0
      vertex 42.54472900182009 16.524999998509884 1.5
      vertex 42.530689999461174 16.524310000240803 0
    endloop
  endfacet
  facet normal 0.04908941399439046 -0.9987943879666562 0
    outer loop
      vertex 42.530689999461174 16.524310000240803 1.5
      vertex 42.530689999461174 16.524310000240803 0
      vertex 42.54472900182009 16.524999998509884 1.5
    endloop
  endfacet
  facet normal 0 -1 0
    outer loop
      vertex 56.5152710005641 16.524999998509884 0
      vertex 56.5152710005641 16.524999998509884 1.5
      vertex 42.54472900182009 16.524999998509884 0
    endloop
  endfacet
  facet normal 0 -1 0
    outer loop
      vertex 42.54472900182009 16.524999998509884 1.5
      vertex 42.54472900182009 16.524999998509884 0
      vertex 56.5152710005641 16.524999998509884 1.5
    endloop
  endfacet
  facet normal -0.04908941399439046 -0.9987943879666562 0
    outer loop
      vertex 56.52931000292301 16.524310000240803 0
      vertex 56.52931000292301 16.524310000240803 1.5
      vertex 56.5152710005641 16.524999998509884 0
    endloop
  endfacet
  facet normal -0.04908941399439046 -0.9987943879666562 0
    outer loop
      vertex 56.5152710005641 16.524999998509884 1.5
      vertex 56.5152710005641 16.524999998509884 0
      vertex 56.52931000292301 16.524310000240803 1.5
    endloop
  endfacet
  facet normal -0.9987943879666562 -0.04908941399439046 0
    outer loop
      vertex 56.53000000119209 16.51027099788189 0
      vertex 56.53000000119209 16.51027099788189 1.5
      vertex 56.52931000292301 16.524310000240803 0
    endloop
  endfacet
  facet normal -0.9987943879666562 -0.04908941399439046 0
    outer loop
      vertex 56.52931000292301 16.524310000240803 1.5
      vertex 56.52931000292301 16.524310000240803 0
      vertex 56.53000000119209 16.51027099788189 1.5
    endloop
  endfacet
  facet normal -1 0 0
    outer loop
      vertex 56.53000000119209 2.5397289991378784 0
      vertex 56.53000000119209 2.5397289991378784 1.5
      vertex 56.53000000119209 16.51027099788189 0
    endloop
  endfacet
  facet normal -1 0 0
    outer loop
      vertex 56.53000000119209 16.51027099788189 1.5
      vertex 56.53000000119209 16.51027099788189 0
      vertex 56.53000000119209 2.5397289991378784 1.5
    endloop
  endfacet
  facet normal -0.9987943879666562 0.04908941399439046 0
    outer loop
      vertex 56.52931000292301 2.525689996778965 0
      vertex 56.52931000292301 2.525689996778965 1.5
      vertex 56.53000000119209 2.5397289991378784 0
    endloop
  endfacet
  facet normal -0.9987943879666562 0.04908941399439046 0
    outer loop
      vertex 56.53000000119209 2.5397289991378784 1.5
      vertex 56.53000000119209 2.5397289991378784 0
      vertex 56.52931000292301 2.525689996778965 1.5
    endloop
  endfacet
  facet normal -0.04908941399439046 0.9987943879666562 0
    outer loop
      vertex 56.5152710005641 2.524999998509884 0
      vertex 56.5152710005641 2.524999998509884 1.5
      vertex 56.52931000292301 2.525689996778965 0
    endloop
  endfacet
  facet normal -0.04908941399439046 0.9987943879666562 0
    outer loop
      vertex 56.52931000292301 2.525689996778965 1.5
      vertex 56.52931000292301 2.525689996778965 0
      vertex 56.5152710005641 2.524999998509884 1.5
    endloop
  endfacet
  facet normal 0 1 0
    outer loop
      vertex 42.54472900182009 2.524999998509884 0
      vertex 42.54472900182009 2.524999998509884 1.5
      vertex 56.5152710005641 2.524999998509884 0
    endloop
  endfacet
  facet normal 0 1 0
    outer loop
      vertex 56.5152710005641 2.524999998509884 1.5
      vertex 56.5152710005641 2.524999998509884 0
      vertex 42.54472900182009 2.524999998509884 1.5
    endloop
  endfacet
  facet normal 0 0 1
    outer loop
      vertex 22.715309999883175 73.67430999875069 1.5
      vertex 22.715999998152256 73.66027099639177 1.5
      vertex 24.122249998152256 75.10999999940395 1.5
    endloop
  endfacet
  facet normal 0 0 1
    outer loop
      vertex 53.96000000089407 40.639729000627995 1.5
      vertex 53.96000000089407 54.610270999372005 1.5
      vertex 48.90999999642372 54.610270999372005 1.5
    endloop
  endfacet
  facet normal 0 0 1
    outer loop
      vertex 53.96000000089407 40.639729000627995 1.5
      vertex 48.90999999642372 54.610270999372005 1.5
      vertex 48.90999999642372 40.639729000627995 1.5
    endloop
  endfacet
  facet normal 0 0 1
    outer loop
      vertex 34.90999999642372 40.639729000627995 1.5
      vertex 34.90999999642372 54.610270999372005 1.5
      vertex 22.715999998152256 54.610270999372005 1.5
    endloop
  endfacet
  facet normal 0 0 1
    outer loop
      vertex 42.53000000119209 2.5397289991378784 1.5
      vertex 42.53000000119209 16.51027099788189 1.5
      vertex 37.479999996721745 16.51027099788189 1.5
    endloop
  endfacet
  facet normal 0 0 1
    outer loop
      vertex 42.53000000119209 2.5397289991378784 1.5
      vertex 37.479999996721745 16.51027099788189 1.5
      vertex 37.479999996721745 2.5397289991378784 1.5
    endloop
  endfacet
  facet normal 0 0 1
    outer loop
      vertex 31.100000001490116 21.589729003608227 1.5
      vertex 31.100000001490116 35.56027100235224 1.5
      vertex 21.288000002503395 35.56027100235224 1.5
    endloop
  endfacet
  facet normal 0 0 1
    outer loop
      vertex 31.100000001490116 21.589729003608227 1.5
      vertex 21.288000002503395 35.56027100235224 1.5
      vertex 21.288000002503395 21.589729003608227 1.5
    endloop
  endfacet
  facet normal 0 0 1
    outer loop
      vertex 23.479999996721745 2.5397289991378784 1.5
      vertex 23.479999996721745 16.51027099788189 1.5
      vertex 18.429999999701977 16.51027099788189 1.5
    endloop
  endfacet
  facet normal 0 0 1
    outer loop
      vertex 23.479999996721745 2.5397289991378784 1.5
      vertex 18.429999999701977 16.51027099788189 1.5
      vertex 18.429999999701977 2.5397289991378784 1.5
    endloop
  endfacet
  facet normal 0 0 1
    outer loop
      vertex 50.149999998509884 21.589729003608227 1.5
      vertex 50.149999998509884 35.56027100235224 1.5
      vertex 45.100000001490116 35.56027100235224 1.5
    endloop
  endfacet
  facet normal 0 0 1
    outer loop
      vertex 50.149999998509884 21.589729003608227 1.5
      vertex 45.100000001490116 35.56027100235224 1.5
      vertex 45.100000001490116 21.589729003608227 1.5
    endloop
  endfacet
  facet normal 0 0 1
    outer loop
      vertex 58.73265799880028 59.6910649985075 1.5
      vertex 58.725342996418476 73.66160500049591 1.5
      vertex 53.67300000041723 73.66027099639177 1.5
    endloop
  endfacet
  facet normal 0 0 1
    outer loop
      vertex 58.73265799880028 59.6910649985075 1.5
      vertex 53.67300000041723 73.66027099639177 1.5
      vertex 53.67300000041723 59.68972899764776 1.5
    endloop
  endfacet
  facet normal 0 0 1
    outer loop
      vertex 92.40965300053358 60.2145259976387 1.5
      vertex 99.61038599908352 60.582235999405384 1.5
      vertex 99.59633599966764 60.58180200308561 1.5
    endloop
  endfacet
  facet normal 0 0 1
    outer loop
      vertex 92.40965300053358 60.2145259976387 1.5
      vertex 99.59633599966764 60.58180200308561 1.5
      vertex 99.59452699869871 60.595740996301174 1.5
    endloop
  endfacet
  facet normal 0 0 1
    outer loop
      vertex 83.39460100233555 21.781442999839783 1.5
      vertex 89.96651799976826 21.982277996838093 1.5
      vertex 89.952462002635 21.982157997787 1.5
    endloop
  endfacet
  facet normal 0 0 1
    outer loop
      vertex 83.39460100233555 21.781442999839783 1.5
      vertex 89.952462002635 21.982157997787 1.5
      vertex 89.95096500217915 21.996133998036385 1.5
    endloop
  endfacet
  facet normal 0 0 1
    outer loop
      vertex 72.73265700042248 59.69839499890804 1.5
      vertex 78.43152599781752 59.7673470005393 1.5
      vertex 78.41747199743986 59.76760199666023 1.5
    endloop
  endfacet
  facet normal 0 0 1
    outer loop
      vertex 72.73265700042248 59.69839499890804 1.5
      vertex 78.41747199743986 59.76760199666023 1.5
      vertex 78.41634800285101 59.78161299973726 1.5
    endloop
  endfacet
  facet normal 0 0 1
    outer loop
      vertex 61.5871419981122 16.515349999070168 1.5
      vertex 56.53000000119209 16.51027099788189 1.5
      vertex 56.53000000119209 2.5397289991378784 1.5
    endloop
  endfacet
  facet normal 0 0 1
    outer loop
      vertex 61.616889998316765 2.5448400005698204 1.5
      vertex 61.5871419981122 16.515349999070168 1.5
      vertex 56.53000000119209 2.5397289991378784 1.5
    endloop
  endfacet
  facet normal 0 0 1
    outer loop
      vertex 145.7616619989276 27.139026999473572 1.5
      vertex 153.7089999988675 26.54934400320053 1.5
      vertex 153.7089999988675 35.815255001187325 1.5
    endloop
  endfacet
  facet normal 0 0 1
    outer loop
      vertex 145.76075799763203 27.153053998947144 1.5
      vertex 145.7616619989276 27.139026999473572 1.5
      vertex 153.7089999988675 35.815255001187325 1.5
    endloop
  endfacet
  facet normal 0 0 1
    outer loop
      vertex 69.23339899629354 35.58855699747801 1.5
      vertex 64.14999999850988 35.56027100235224 1.5
      vertex 64.14999999850988 21.589729003608227 1.5
    endloop
  endfacet
  facet normal 0 0 1
    outer loop
      vertex 69.39554399996996 21.61895599961281 1.5
      vertex 69.23339899629354 35.58855699747801 1.5
      vertex 64.14999999850988 21.589729003608227 1.5
    endloop
  endfacet
  facet normal 0 0 1
    outer loop
      vertex 73.06195200234652 54.655351996421814 1.5
      vertex 67.96000000089407 54.610270999372005 1.5
      vertex 67.96000000089407 40.639729000627995 1.5
    endloop
  endfacet
  facet normal 0 0 1
    outer loop
      vertex 73.33063799887896 40.68739499896765 1.5
      vertex 73.06195200234652 54.655351996421814 1.5
      vertex 67.96000000089407 40.639729000627995 1.5
    endloop
  endfacet
  facet normal 0 0 1
    outer loop
      vertex 72.73265700042248 59.69839499890804 1.5
      vertex 78.41634800285101 59.78161299973726 1.5
      vertex 77.98434700071812 73.74547400325537 1.5
    endloop
  endfacet
  facet normal 0 0 1
    outer loop
      vertex 72.72534199804068 73.66893500089645 1.5
      vertex 72.73265700042248 59.69839499890804 1.5
      vertex 77.98434700071812 73.74547400325537 1.5
    endloop
  endfacet
  facet normal 0 0 1
    outer loop
      vertex 83.39460100233555 21.781442999839783 1.5
      vertex 89.95096500217915 21.996133998036385 1.5
      vertex 89.14627800136805 35.943481996655464 1.5
    endloop
  endfacet
  facet normal 0 0 1
    outer loop
      vertex 83.23245599865913 35.75104399770498 1.5
      vertex 83.39460100233555 21.781442999839783 1.5
      vertex 89.14627800136805 35.943481996655464 1.5
    endloop
  endfacet
  facet normal 0 0 1
    outer loop
      vertex 83.23245599865913 35.75104399770498 1.5
      vertex 89.14627800136805 35.943481996655464 1.5
      vertex 89.14615800231695 35.9575380012393 1.5
    endloop
  endfacet
  facet normal 0 0 1
    outer loop
      vertex 83.23160400241613 35.765073999762535 1.5
      vertex 83.23245599865913 35.75104399770498 1.5
      vertex 89.14615800231695 35.9575380012393 1.5
    endloop
  endfacet
  facet normal 0 0 1
    outer loop
      vertex 72.72534199804068 73.66893500089645 1.5
      vertex 77.98434700071812 73.74547400325537 1.5
      vertex 77.98460199683905 73.75952800363302 1.5
    endloop
  endfacet
  facet normal 0 0 1
    outer loop
      vertex 72.72464399784803 73.68297400325537 1.5
      vertex 72.72534199804068 73.66893500089645 1.5
      vertex 77.98460199683905 73.75952800363302 1.5
    endloop
  endfacet
  facet normal 0 0 1
    outer loop
      vertex 92.40965300053358 60.2145259976387 1.5
      vertex 99.59452699869871 60.595740996301174 1.5
      vertex 98.47823599725962 74.52161400020123 1.5
    endloop
  endfacet
  facet normal 0 0 1
    outer loop
      vertex 91.97765199840069 74.1783870011568 1.5
      vertex 92.40965300053358 60.2145259976387 1.5
      vertex 98.47823599725962 74.52161400020123 1.5
    endloop
  endfacet
  facet normal 0 0 1
    outer loop
      vertex 91.97765199840069 74.1783870011568 1.5
      vertex 98.47823599725962 74.52161400020123 1.5
      vertex 98.47780200093985 74.5356639996171 1.5
    endloop
  endfacet
  facet normal 0 0 1
    outer loop
      vertex 91.97652799636126 74.19239799678326 1.5
      vertex 91.97765199840069 74.1783870011568 1.5
      vertex 98.47780200093985 74.5356639996171 1.5
    endloop
  endfacet
  facet normal 0 0 1
    outer loop
      vertex 67.96000000089407 54.610270999372005 1.5
      vertex 73.06195200234652 54.655351996421814 1.5
      vertex 73.06237100064754 54.66940300166607 1.5
    endloop
  endfacet
  facet normal 0 0 1
    outer loop
      vertex 67.95931000262499 54.62431000173092 1.5
      vertex 67.96000000089407 54.610270999372005 1.5
      vertex 73.06237100064754 54.66940300166607 1.5
    endloop
  endfacet
  facet normal 0 0 1
    outer loop
      vertex 64.14999999850988 35.56027100235224 1.5
      vertex 69.23339899629354 35.58855699747801 1.5
      vertex 69.2339259982109 35.60260400176048 1.5
    endloop
  endfacet
  facet normal 0 0 1
    outer loop
      vertex 64.1493100002408 35.57430999726057 1.5
      vertex 64.14999999850988 35.56027100235224 1.5
      vertex 69.2339259982109 35.60260400176048 1.5
    endloop
  endfacet
  facet normal 0 0 1
    outer loop
      vertex 56.53000000119209 16.51027099788189 1.5
      vertex 61.5871419981122 16.515349999070168 1.5
      vertex 61.5878020003438 16.52939099818468 1.5
    endloop
  endfacet
  facet normal 0 0 1
    outer loop
      vertex 56.52931000292301 16.524310000240803 1.5
      vertex 56.53000000119209 16.51027099788189 1.5
      vertex 61.5878020003438 16.52939099818468 1.5
    endloop
  endfacet
  facet normal 0 0 1
    outer loop
      vertex 53.67231000214815 73.67430999875069 1.5
      vertex 53.67300000041723 73.66027099639177 1.5
      vertex 58.725342996418476 73.66160500049591 1.5
    endloop
  endfacet
  facet normal 0 0 1
    outer loop
      vertex 53.67231000214815 73.67430999875069 1.5
      vertex 58.725342996418476 73.66160500049591 1.5
      vertex 58.72602599859238 73.67564400285482 1.5
    endloop
  endfacet
  facet normal 0 0 1
    outer loop
      vertex 48.90930999815464 54.62431000173092 1.5
      vertex 48.90999999642372 54.610270999372005 1.5
      vertex 53.96000000089407 54.610270999372005 1.5
    endloop
  endfacet
  facet normal 0 0 1
    outer loop
      vertex 48.90930999815464 54.62431000173092 1.5
      vertex 53.96000000089407 54.610270999372005 1.5
      vertex 53.96068999916315 54.62431000173092 1.5
    endloop
  endfacet
  facet normal 0 0 1
    outer loop
      vertex 18.429310001432896 16.524310000240803 1.5
      vertex 18.429999999701977 16.51027099788189 1.5
      vertex 23.479999996721745 16.51027099788189 1.5
    endloop
  endfacet
  facet normal 0 0 1
    outer loop
      vertex 18.429310001432896 16.524310000240803 1.5
      vertex 23.479999996721745 16.51027099788189 1.5
      vertex 23.480690002441406 16.524310000240803 1.5
    endloop
  endfacet
  facet normal 0 0 1
    outer loop
      vertex 37.47930999845266 16.524310000240803 1.5
      vertex 37.479999996721745 16.51027099788189 1.5
      vertex 42.53000000119209 16.51027099788189 1.5
    endloop
  endfacet
  facet normal 0 0 1
    outer loop
      vertex 37.47930999845266 16.524310000240803 1.5
      vertex 42.53000000119209 16.51027099788189 1.5
      vertex 42.530689999461174 16.524310000240803 1.5
    endloop
  endfacet
  facet normal 0 0 1
    outer loop
      vertex 53.96068999916315 40.62568999826908 1.5
      vertex 53.96000000089407 40.639729000627995 1.5
      vertex 48.90999999642372 40.639729000627995 1.5
    endloop
  endfacet
  facet normal 0 0 1
    outer loop
      vertex 53.96068999916315 40.62568999826908 1.5
      vertex 48.90999999642372 40.639729000627995 1.5
      vertex 48.90930999815464 40.62568999826908 1.5
    endloop
  endfacet
  facet normal 0 0 1
    outer loop
      vertex 42.530689999461174 2.525689996778965 1.5
      vertex 42.53000000119209 2.5397289991378784 1.5
      vertex 37.479999996721745 2.5397289991378784 1.5
    endloop
  endfacet
  facet normal 0 0 1
    outer loop
      vertex 42.530689999461174 2.525689996778965 1.5
      vertex 37.479999996721745 2.5397289991378784 1.5
      vertex 37.47930999845266 2.525689996778965 1.5
    endloop
  endfacet
  facet normal 0 0 1
    outer loop
      vertex 31.100689999759197 21.575690001249313 1.5
      vertex 31.100000001490116 21.589729003608227 1.5
      vertex 21.288000002503395 21.589729003608227 1.5
    endloop
  endfacet
  facet normal 0 0 1
    outer loop
      vertex 31.100689999759197 21.575690001249313 1.5
      vertex 21.288000002503395 21.589729003608227 1.5
      vertex 21.287309996783733 21.575690001249313 1.5
    endloop
  endfacet
  facet normal 0 0 1
    outer loop
      vertex 23.479999996721745 2.5397289991378784 1.5
      vertex 18.429999999701977 2.5397289991378784 1.5
      vertex 18.429310001432896 2.525689996778965 1.5
    endloop
  endfacet
  facet normal 0 0 1
    outer loop
      vertex 23.480690002441406 2.525689996778965 1.5
      vertex 23.479999996721745 2.5397289991378784 1.5
      vertex 18.429310001432896 2.525689996778965 1.5
    endloop
  endfacet
  facet normal 0 0 1
    outer loop
      vertex 50.150689996778965 21.575690001249313 1.5
      vertex 50.149999998509884 21.589729003608227 1.5
      vertex 45.100000001490116 21.589729003608227 1.5
    endloop
  endfacet
  facet normal 0 0 1
    outer loop
      vertex 50.150689996778965 21.575690001249313 1.5
      vertex 45.100000001490116 21.589729003608227 1.5
      vertex 45.099310003221035 21.575690001249313 1.5
    endloop
  endfacet
  facet normal 0 0 1
    outer loop
      vertex 21.288000002503395 35.56027100235224 1.5
      vertex 31.100000001490116 35.56027100235224 1.5
      vertex 31.100689999759197 35.57430999726057 1.5
    endloop
  endfacet
  facet normal 0 0 1
    outer loop
      vertex 21.287309996783733 35.57430999726057 1.5
      vertex 21.288000002503395 35.56027100235224 1.5
      vertex 31.100689999759197 35.57430999726057 1.5
    endloop
  endfacet
  facet normal 0 0 1
    outer loop
      vertex 45.099310003221035 35.57430999726057 1.5
      vertex 45.100000001490116 35.56027100235224 1.5
      vertex 50.149999998509884 35.56027100235224 1.5
    endloop
  endfacet
  facet normal 0 0 1
    outer loop
      vertex 45.099310003221035 35.57430999726057 1.5
      vertex 50.149999998509884 35.56027100235224 1.5
      vertex 50.150689996778965 35.57430999726057 1.5
    endloop
  endfacet
  facet normal 0 0 1
    outer loop
      vertex 58.73265799880028 59.6910649985075 1.5
      vertex 53.67300000041723 59.68972899764776 1.5
      vertex 53.67231000214815 59.67569000273943 1.5
    endloop
  endfacet
  facet normal 0 0 1
    outer loop
      vertex 58.73335599899292 59.67702600359917 1.5
      vertex 58.73265799880028 59.6910649985075 1.5
      vertex 53.67231000214815 59.67569000273943 1.5
    endloop
  endfacet
  facet normal 0 0 1
    outer loop
      vertex 24.122249998152256 59.50999999791384 1.5
      vertex 24.122249998152256 75.10999999940395 1.5
      vertex 22.715999998152256 73.66027099639177 1.5
    endloop
  endfacet
  facet normal 0 0 1
    outer loop
      vertex 24.122249998152256 59.50999999791384 1.5
      vertex 22.715999998152256 73.66027099639177 1.5
      vertex 22.715999998152256 59.68972899764776 1.5
    endloop
  endfacet
  facet normal 0 0 1
    outer loop
      vertex 24.122249998152256 59.50999999791384 1.5
      vertex 22.715999998152256 59.68972899764776 1.5
      vertex 22.715309999883175 59.67569000273943 1.5
    endloop
  endfacet
  facet normal 0 0 1
    outer loop
      vertex 61.616889998316765 2.5448400005698204 1.5
      vertex 56.53000000119209 2.5397289991378784 1.5
      vertex 56.52931000292301 2.525689996778965 1.5
    endloop
  endfacet
  facet normal 0 0 1
    outer loop
      vertex 61.61760900169611 2.530801996588707 1.5
      vertex 61.616889998316765 2.5448400005698204 1.5
      vertex 56.52931000292301 2.525689996778965 1.5
    endloop
  endfacet
  facet normal 0 0 1
    outer loop
      vertex 69.39554399996996 21.61895599961281 1.5
      vertex 64.14999999850988 21.589729003608227 1.5
      vertex 64.1493100002408 21.575690001249313 1.5
    endloop
  endfacet
  facet normal 0 0 1
    outer loop
      vertex 69.39639600366354 21.604925997555256 1.5
      vertex 69.39554399996996 21.61895599961281 1.5
      vertex 64.1493100002408 21.575690001249313 1.5
    endloop
  endfacet
  facet normal 0 0 1
    outer loop
      vertex 73.33063799887896 40.68739499896765 1.5
      vertex 67.96000000089407 40.639729000627995 1.5
      vertex 67.95931000262499 40.62568999826908 1.5
    endloop
  endfacet
  facet normal 0 0 1
    outer loop
      vertex 73.33159700036049 40.673371002078056 1.5
      vertex 73.33063799887896 40.68739499896765 1.5
      vertex 67.95931000262499 40.62568999826908 1.5
    endloop
  endfacet
  facet normal 0 0 1
    outer loop
      vertex 78.43152599781752 59.7673470005393 1.5
      vertex 72.73265700042248 59.69839499890804 1.5
      vertex 72.73197399824858 59.68435599654913 1.5
    endloop
  endfacet
  facet normal 0 0 1
    outer loop
      vertex 89.96651799976826 21.982277996838093 1.5
      vertex 83.39460100233555 21.781442999839783 1.5
      vertex 83.39407400041819 21.76739600300789 1.5
    endloop
  endfacet
  facet normal 0 0 1
    outer loop
      vertex 130.72992900013924 82.73465500026941 1.5
      vertex 130.73070000112057 82.72061999887228 1.5
      vertex 132.14723700284958 82.70179100334644 1.5
    endloop
  endfacet
  facet normal 0 0 1
    outer loop
      vertex 99.61038599908352 60.582235999405384 1.5
      vertex 92.40965300053358 60.2145259976387 1.5
      vertex 92.40939799696207 60.20047199726105 1.5
    endloop
  endfacet
  facet normal 0 0 1
    outer loop
      vertex 129.28052300214767 96.62980700284243 1.5
      vertex 130.72992900013924 82.73465500026941 1.5
      vertex 132.14723700284958 82.70179100334644 1.5
    endloop
  endfacet
  facet normal 0 0 1
    outer loop
      vertex 129.28052300214767 96.62980700284243 1.5
      vertex 132.14723700284958 82.70179100334644 1.5
      vertex 130.52877800166607 98.21760799735785 1.5
    endloop
  endfacet
  facet normal 0 0 1
    outer loop
      vertex 129.27837999910116 96.64370000362396 1.5
      vertex 129.28052300214767 96.62980700284243 1.5
      vertex 130.52877800166607 98.21760799735785 1.5
    endloop
  endfacet
  facet normal 0 0 1
    outer loop
      vertex 34.90999999642372 40.639729000627995 1.5
      vertex 22.715999998152256 54.610270999372005 1.5
      vertex 22.715999998152256 40.639729000627995 1.5
    endloop
  endfacet
  facet normal 0 0 1
    outer loop
      vertex 34.90999999642372 40.639729000627995 1.5
      vertex 22.715999998152256 40.639729000627995 1.5
      vertex 22.715309999883175 40.62568999826908 1.5
    endloop
  endfacet
  facet normal 0 0 1
    outer loop
      vertex 34.91069000214338 40.62568999826908 1.5
      vertex 34.90999999642372 40.639729000627995 1.5
      vertex 22.715309999883175 40.62568999826908 1.5
    endloop
  endfacet
  facet normal 0 0 1
    outer loop
      vertex 22.715309999883175 54.62431000173092 1.5
      vertex 22.715999998152256 54.610270999372005 1.5
      vertex 34.90999999642372 54.610270999372005 1.5
    endloop
  endfacet
  facet normal 0 0 1
    outer loop
      vertex 22.715309999883175 54.62431000173092 1.5
      vertex 34.90999999642372 54.610270999372005 1.5
      vertex 34.91069000214338 54.62431000173092 1.5
    endloop
  endfacet
  facet normal 0 0 1
    outer loop
      vertex 77.85063800215721 92.9287189990282 1.5
      vertex 53.67300000041723 92.71027100086212 1.5
      vertex 53.67300000041723 78.73972900211811 1.5
    endloop
  endfacet
  facet normal 0 0 1
    outer loop
      vertex 137.85566200315952 7.188027001917362 1.5
      vertex 149.7089999988675 2.837747998535633 1.5
      vertex 149.7089999988675 24.664589002728462 1.5
    endloop
  endfacet
  facet normal 0 0 1
    outer loop
      vertex 137.85475800186396 7.202054001390934 1.5
      vertex 137.85566200315952 7.188027001917362 1.5
      vertex 149.7089999988675 24.664589002728462 1.5
    endloop
  endfacet
  facet normal 0 0 1
    outer loop
      vertex 139.10946299880743 83.42802199721336 1.5
      vertex 149.7089999988675 76.22307500243187 1.5
      vertex 149.7089999988675 102.28739000111818 1.5
    endloop
  endfacet
  facet normal 0 0 1
    outer loop
      vertex 129.5388009995222 44.36574099957943 1.5
      vertex 129.53964799642563 44.35170999914408 1.5
      vertex 144.1769730001688 41.04766199737787 1.5
    endloop
  endfacet
  facet normal 0 0 1
    outer loop
      vertex 115.425462000072 80.9575389996171 1.5
      vertex 139.10946299880743 83.42802199721336 1.5
      vertex 132.14723700284958 82.70179100334644 1.5
    endloop
  endfacet
  facet normal 0 0 1
    outer loop
      vertex 22.715309999883175 73.67430999875069 1.5
      vertex 24.122249998152256 75.10999999940395 1.5
      vertex 7.309749998152256 75.10999999940395 1.5
    endloop
  endfacet
  facet normal 0 0 1
    outer loop
      vertex 22.70127099752426 73.67499999701977 1.5
      vertex 22.715309999883175 73.67430999875069 1.5
      vertex 7.309749998152256 75.10999999940395 1.5
    endloop
  endfacet
  facet normal 0 0 1
    outer loop
      vertex 8.73072899878025 73.67499999701977 1.5
      vertex 22.70127099752426 73.67499999701977 1.5
      vertex 7.309749998152256 75.10999999940395 1.5
    endloop
  endfacet
  facet normal 0 0 1
    outer loop
      vertex 8.716689996421337 73.67430999875069 1.5
      vertex 8.73072899878025 73.67499999701977 1.5
      vertex 7.309749998152256 75.10999999940395 1.5
    endloop
  endfacet
  facet normal 0 0 1
    outer loop
      vertex 8.716689996421337 73.67430999875069 1.5
      vertex 7.309749998152256 75.10999999940395 1.5
      vertex 7.309749998152256 59.50999999791384 1.5
    endloop
  endfacet
  facet normal 0 0 1
    outer loop
      vertex 8.715999998152256 73.66027099639177 1.5
      vertex 8.716689996421337 73.67430999875069 1.5
      vertex 7.309749998152256 59.50999999791384 1.5
    endloop
  endfacet
  facet normal 0 0 1
    outer loop
      vertex 8.715999998152256 59.68972899764776 1.5
      vertex 8.715999998152256 73.66027099639177 1.5
      vertex 7.309749998152256 59.50999999791384 1.5
    endloop
  endfacet
  facet normal 0 0 1
    outer loop
      vertex 8.716689996421337 59.67569000273943 1.5
      vertex 8.715999998152256 59.68972899764776 1.5
      vertex 7.309749998152256 59.50999999791384 1.5
    endloop
  endfacet
  facet normal 0 0 1
    outer loop
      vertex 136.2732480019331 21.08279100060463 1.5
      vertex 137.85475800186396 7.202054001390934 1.5
      vertex 149.7089999988675 24.664589002728462 1.5
    endloop
  endfacet
  facet normal 0 0 1
    outer loop
      vertex 136.27097299695015 21.096661999821663 1.5
      vertex 136.2732480019331 21.08279100060463 1.5
      vertex 149.7089999988675 24.664589002728462 1.5
    endloop
  endfacet
  facet normal 0 0 1
    outer loop
      vertex 128.01350899785757 58.252768002450466 1.5
      vertex 129.5388009995222 44.36574099957943 1.5
      vertex 144.1769730001688 41.04766199737787 1.5
    endloop
  endfacet
  facet normal 0 0 1
    outer loop
      vertex 152.29967000335455 63.90070000290871 1.5
      vertex 152.63993199914694 63.99292299896479 1.5
      vertex 134.75932700186968 63.98683600127697 1.5
    endloop
  endfacet
  facet normal 0 0 1
    outer loop
      vertex 152.27056299895048 63.89327800273895 1.5
      vertex 152.29967000335455 63.90070000290871 1.5
      vertex 134.75932700186968 63.98683600127697 1.5
    endloop
  endfacet
  facet normal 0 0 1
    outer loop
      vertex 151.87196899950504 63.798096001148224 1.5
      vertex 152.27056299895048 63.89327800273895 1.5
      vertex 134.75932700186968 63.98683600127697 1.5
    endloop
  endfacet
  facet normal 0 0 1
    outer loop
      vertex 151.03597900271416 63.61032699793577 1.5
      vertex 151.87196899950504 63.798096001148224 1.5
      vertex 134.75932700186968 63.98683600127697 1.5
    endloop
  endfacet
  facet normal 0 0 1
    outer loop
      vertex 150.64013200253248 63.51570399850607 1.5
      vertex 151.03597900271416 63.61032699793577 1.5
      vertex 134.75932700186968 63.98683600127697 1.5
    endloop
  endfacet
  facet normal 0 0 1
    outer loop
      vertex 150.62557999789715 63.51199299842119 1.5
      vertex 150.64013200253248 63.51570399850607 1.5
      vertex 134.75932700186968 63.98683600127697 1.5
    endloop
  endfacet
  facet normal 0 0 1
    outer loop
      vertex 150.26538199931383 63.414368003606796 1.5
      vertex 150.62557999789715 63.51199299842119 1.5
      vertex 134.75932700186968 63.98683600127697 1.5
    endloop
  endfacet
  facet normal 0 0 1
    outer loop
      vertex 150.24021799862385 63.40683200210333 1.5
      vertex 150.26538199931383 63.414368003606796 1.5
      vertex 134.75932700186968 63.98683600127697 1.5
    endloop
  endfacet
  facet normal 0 0 1
    outer loop
      vertex 149.93307200074196 63.305991999804974 1.5
      vertex 150.24021799862385 63.40683200210333 1.5
      vertex 134.75932700186968 63.98683600127697 1.5
    endloop
  endfacet
  facet normal 0 0 1
    outer loop
      vertex 149.89186500012875 63.29041899740696 1.5
      vertex 149.93307200074196 63.305991999804974 1.5
      vertex 134.75932700186968 63.98683600127697 1.5
    endloop
  endfacet
  facet normal 0 0 1
    outer loop
      vertex 149.73131500184536 63.221514999866486 1.5
      vertex 149.89186500012875 63.29041899740696 1.5
      vertex 134.75932700186968 63.98683600127697 1.5
    endloop
  endfacet
  facet normal 0 0 1
    outer loop
      vertex 149.71014299988747 63.21118400245905 1.5
      vertex 149.73131500184536 63.221514999866486 1.5
      vertex 134.75932700186968 63.98683600127697 1.5
    endloop
  endfacet
  facet normal 0 0 1
    outer loop
      vertex 149.7089999988675 63.18765400350094 1.5
      vertex 149.71014299988747 63.21118400245905 1.5
      vertex 134.75932700186968 63.98683600127697 1.5
    endloop
  endfacet
  facet normal 0 0 1
    outer loop
      vertex 78.28410200029612 78.9649029970169 1.5
      vertex 77.85063800215721 92.9287189990282 1.5
      vertex 53.67300000041723 78.73972900211811 1.5
    endloop
  endfacet
  facet normal 0 0 1
    outer loop
      vertex 78.28410200029612 78.9649029970169 1.5
      vertex 53.67300000041723 78.73972900211811 1.5
      vertex 53.67231000214815 78.7256899997592 1.5
    endloop
  endfacet
  facet normal 0 0 1
    outer loop
      vertex 78.28522700071335 78.95089200139046 1.5
      vertex 78.28410200029612 78.9649029970169 1.5
      vertex 53.67231000214815 78.7256899997592 1.5
    endloop
  endfacet
  facet normal 0 0 1
    outer loop
      vertex 134.75843100249767 64.00086399912834 1.5
      vertex 134.75932700186968 63.98683600127697 1.5
      vertex 152.63993199914694 63.99292299896479 1.5
    endloop
  endfacet
  facet normal 0 0 1
    outer loop
      vertex 133.184431001544 77.88245499879122 1.5
      vertex 134.75843100249767 64.00086399912834 1.5
      vertex 152.63993199914694 63.99292299896479 1.5
    endloop
  endfacet
  facet normal 0 0 1
    outer loop
      vertex 149.71014299988747 76.19954399764538 1.5
      vertex 149.7089999988675 76.22307500243187 1.5
      vertex 139.10946299880743 83.42802199721336 1.5
    endloop
  endfacet
  facet normal 0 0 1
    outer loop
      vertex 133.184431001544 77.88245499879122 1.5
      vertex 152.63993199914694 63.99292299896479 1.5
      vertex 152.69026999920607 64.00799600034952 1.5
    endloop
  endfacet
  facet normal 0 0 1
    outer loop
      vertex 133.184431001544 77.88245499879122 1.5
      vertex 152.69026999920607 64.00799600034952 1.5
      vertex 152.9639599993825 64.09785299748182 1.5
    endloop
  endfacet
  facet normal 0 0 1
    outer loop
      vertex 133.184431001544 77.88245499879122 1.5
      vertex 152.9639599993825 64.09785299748182 1.5
      vertex 153.04641599953175 64.12901300191879 1.5
    endloop
  endfacet
  facet normal 0 0 1
    outer loop
      vertex 133.184431001544 77.88245499879122 1.5
      vertex 153.04641599953175 64.12901300191879 1.5
      vertex 153.10339000076056 64.15346500277519 1.5
    endloop
  endfacet
  facet normal 0 0 1
    outer loop
      vertex 133.184431001544 77.88245499879122 1.5
      vertex 153.10339000076056 64.15346500277519 1.5
      vertex 153.1906350031495 64.19603700190783 1.5
    endloop
  endfacet
  facet normal 0 0 1
    outer loop
      vertex 133.184431001544 77.88245499879122 1.5
      vertex 153.1906350031495 64.19603700190783 1.5
      vertex 153.2733419984579 64.24686700105667 1.5
    endloop
  endfacet
  facet normal 0 0 1
    outer loop
      vertex 133.184431001544 77.88245499879122 1.5
      vertex 153.2733419984579 64.24686700105667 1.5
      vertex 153.35073000192642 64.30547799915075 1.5
    endloop
  endfacet
  facet normal 0 0 1
    outer loop
      vertex 133.184431001544 77.88245499879122 1.5
      vertex 153.35073000192642 64.30547799915075 1.5
      vertex 153.42206999659538 64.3713160008192 1.5
    endloop
  endfacet
  facet normal 0 0 1
    outer loop
      vertex 133.184431001544 77.88245499879122 1.5
      vertex 153.42206999659538 64.3713160008192 1.5
      vertex 153.4866909980774 64.44376099854708 1.5
    endloop
  endfacet
  facet normal 0 0 1
    outer loop
      vertex 133.184431001544 77.88245499879122 1.5
      vertex 153.4866909980774 64.44376099854708 1.5
      vertex 153.54398199915886 64.52213100343943 1.5
    endloop
  endfacet
  facet normal 0 0 1
    outer loop
      vertex 133.184431001544 77.88245499879122 1.5
      vertex 153.54398199915886 64.52213100343943 1.5
      vertex 153.59340400248766 64.60568699985743 1.5
    endloop
  endfacet
  facet normal 0 0 1
    outer loop
      vertex 133.184431001544 77.88245499879122 1.5
      vertex 153.59340400248766 64.60568699985743 1.5
      vertex 153.63449200242758 64.69364099949598 1.5
    endloop
  endfacet
  facet normal 0 0 1
    outer loop
      vertex 133.184431001544 77.88245499879122 1.5
      vertex 153.63449200242758 64.69364099949598 1.5
      vertex 153.66685699671507 64.78516499698162 1.5
    endloop
  endfacet
  facet normal 0 0 1
    outer loop
      vertex 133.184431001544 77.88245499879122 1.5
      vertex 153.66685699671507 64.78516499698162 1.5
      vertex 153.69019600003958 64.87939500063658 1.5
    endloop
  endfacet
  facet normal 0 0 1
    outer loop
      vertex 133.184431001544 77.88245499879122 1.5
      vertex 153.69019600003958 64.87939500063658 1.5
      vertex 153.70428799837828 64.97544500231743 1.5
    endloop
  endfacet
  facet normal 0 0 1
    outer loop
      vertex 133.184431001544 77.88245499879122 1.5
      vertex 153.70428799837828 64.97544500231743 1.5
      vertex 153.7089999988675 65.07240899652243 1.5
    endloop
  endfacet
  facet normal 0 0 1
    outer loop
      vertex 133.184431001544 77.88245499879122 1.5
      vertex 153.7089999988675 65.07240899652243 1.5
      vertex 153.7089999988675 74.3383200019598 1.5
    endloop
  endfacet
  facet normal 0 0 1
    outer loop
      vertex 133.184431001544 77.88245499879122 1.5
      vertex 153.7089999988675 74.3383200019598 1.5
      vertex 153.70428799837828 74.435282997787 1.5
    endloop
  endfacet
  facet normal 0 0 1
    outer loop
      vertex 133.184431001544 77.88245499879122 1.5
      vertex 153.70428799837828 74.435282997787 1.5
      vertex 153.69019600003958 74.53133299946785 1.5
    endloop
  endfacet
  facet normal 0 0 1
    outer loop
      vertex 133.184431001544 77.88245499879122 1.5
      vertex 153.69019600003958 74.53133299946785 1.5
      vertex 153.66685699671507 74.6255640015006 1.5
    endloop
  endfacet
  facet normal 0 0 1
    outer loop
      vertex 133.184431001544 77.88245499879122 1.5
      vertex 153.66685699671507 74.6255640015006 1.5
      vertex 153.63449200242758 74.71708700060844 1.5
    endloop
  endfacet
  facet normal 0 0 1
    outer loop
      vertex 133.184431001544 77.88245499879122 1.5
      vertex 153.63449200242758 74.71708700060844 1.5
      vertex 153.59340400248766 74.8050419986248 1.5
    endloop
  endfacet
  facet normal 0 0 1
    outer loop
      vertex 133.184431001544 77.88245499879122 1.5
      vertex 153.59340400248766 74.8050419986248 1.5
      vertex 153.54398199915886 74.888596996665 1.5
    endloop
  endfacet
  facet normal 0 0 1
    outer loop
      vertex 133.184431001544 77.88245499879122 1.5
      vertex 153.54398199915886 74.888596996665 1.5
      vertex 153.4866909980774 74.96696700155735 1.5
    endloop
  endfacet
  facet normal 0 0 1
    outer loop
      vertex 133.184431001544 77.88245499879122 1.5
      vertex 153.4866909980774 74.96696700155735 1.5
      vertex 153.42206999659538 75.03941199928522 1.5
    endloop
  endfacet
  facet normal 0 0 1
    outer loop
      vertex 133.184431001544 77.88245499879122 1.5
      vertex 153.42206999659538 75.03941199928522 1.5
      vertex 153.35073000192642 75.10525099933147 1.5
    endloop
  endfacet
  facet normal 0 0 1
    outer loop
      vertex 133.184431001544 77.88245499879122 1.5
      vertex 153.35073000192642 75.10525099933147 1.5
      vertex 153.2733419984579 75.16386099904776 1.5
    endloop
  endfacet
  facet normal 0 0 1
    outer loop
      vertex 133.184431001544 77.88245499879122 1.5
      vertex 153.2733419984579 75.16386099904776 1.5
      vertex 153.1906350031495 75.2146919965744 1.5
    endloop
  endfacet
  facet normal 0 0 1
    outer loop
      vertex 133.184431001544 77.88245499879122 1.5
      vertex 153.1906350031495 75.2146919965744 1.5
      vertex 153.10339000076056 75.25726299732924 1.5
    endloop
  endfacet
  facet normal 0 0 1
    outer loop
      vertex 133.184431001544 77.88245499879122 1.5
      vertex 153.10339000076056 75.25726299732924 1.5
      vertex 153.04641599953175 75.28171499818563 1.5
    endloop
  endfacet
  facet normal 0 0 1
    outer loop
      vertex 133.184431001544 77.88245499879122 1.5
      vertex 153.04641599953175 75.28171499818563 1.5
      vertex 152.9639599993825 75.3128760010004 1.5
    endloop
  endfacet
  facet normal 0 0 1
    outer loop
      vertex 133.184431001544 77.88245499879122 1.5
      vertex 152.9639599993825 75.3128760010004 1.5
      vertex 152.69026999920607 75.4027319997549 1.5
    endloop
  endfacet
  facet normal 0 0 1
    outer loop
      vertex 133.184431001544 77.88245499879122 1.5
      vertex 152.69026999920607 75.4027319997549 1.5
      vertex 152.63993199914694 75.41780599951744 1.5
    endloop
  endfacet
  facet normal 0 0 1
    outer loop
      vertex 133.184431001544 77.88245499879122 1.5
      vertex 152.63993199914694 75.41780599951744 1.5
      vertex 152.29967000335455 75.5100290030241 1.5
    endloop
  endfacet
  facet normal 0 0 1
    outer loop
      vertex 133.184431001544 77.88245499879122 1.5
      vertex 152.29967000335455 75.5100290030241 1.5
      vertex 152.27056299895048 75.51744999736547 1.5
    endloop
  endfacet
  facet normal 0 0 1
    outer loop
      vertex 133.184431001544 77.88245499879122 1.5
      vertex 152.27056299895048 75.51744999736547 1.5
      vertex 151.88536500185728 75.60952799767256 1.5
    endloop
  endfacet
  facet normal 0 0 1
    outer loop
      vertex 133.184431001544 77.88245499879122 1.5
      vertex 151.88536500185728 75.60952799767256 1.5
      vertex 151.04267600178719 75.79884900152683 1.5
    endloop
  endfacet
  facet normal 0 0 1
    outer loop
      vertex 133.184431001544 77.88245499879122 1.5
      vertex 151.04267600178719 75.79884900152683 1.5
      vertex 150.64013200253248 75.89502499997616 1.5
    endloop
  endfacet
  facet normal 0 0 1
    outer loop
      vertex 133.184431001544 77.88245499879122 1.5
      vertex 150.64013200253248 75.89502499997616 1.5
      vertex 150.62557999789715 75.89873500168324 1.5
    endloop
  endfacet
  facet normal 0 0 1
    outer loop
      vertex 133.184431001544 77.88245499879122 1.5
      vertex 150.62557999789715 75.89873500168324 1.5
      vertex 150.26538199931383 75.99636100232601 1.5
    endloop
  endfacet
  facet normal 0 0 1
    outer loop
      vertex 133.184431001544 77.88245499879122 1.5
      vertex 150.26538199931383 75.99636100232601 1.5
      vertex 150.24021799862385 76.0038959980011 1.5
    endloop
  endfacet
  facet normal 0 0 1
    outer loop
      vertex 133.184431001544 77.88245499879122 1.5
      vertex 150.24021799862385 76.0038959980011 1.5
      vertex 149.93307200074196 76.10473699867725 1.5
    endloop
  endfacet
  facet normal 0 0 1
    outer loop
      vertex 133.184431001544 77.88245499879122 1.5
      vertex 149.93307200074196 76.10473699867725 1.5
      vertex 149.89186500012875 76.12031000107527 1.5
    endloop
  endfacet
  facet normal 0 0 1
    outer loop
      vertex 133.184431001544 77.88245499879122 1.5
      vertex 149.89186500012875 76.12031000107527 1.5
      vertex 149.73131500184536 76.18921399861574 1.5
    endloop
  endfacet
  facet normal 0 0 1
    outer loop
      vertex 133.184431001544 77.88245499879122 1.5
      vertex 149.73131500184536 76.18921399861574 1.5
      vertex 149.71014299988747 76.19954399764538 1.5
    endloop
  endfacet
  facet normal 0 0 1
    outer loop
      vertex 133.184431001544 77.88245499879122 1.5
      vertex 149.71014299988747 76.19954399764538 1.5
      vertex 139.10946299880743 83.42802199721336 1.5
    endloop
  endfacet
  facet normal 0 0 1
    outer loop
      vertex 133.1821639984846 77.89632699638605 1.5
      vertex 133.184431001544 77.88245499879122 1.5
      vertex 139.10946299880743 83.42802199721336 1.5
    endloop
  endfacet
  facet normal 0 0 1
    outer loop
      vertex 133.1821639984846 77.89632699638605 1.5
      vertex 139.10946299880743 83.42802199721336 1.5
      vertex 115.425462000072 80.9575389996171 1.5
    endloop
  endfacet
  facet normal 0 0 1
    outer loop
      vertex 129.26434499770403 96.64292900264263 1.5
      vertex 129.27837999910116 96.64370000362396 1.5
      vertex 130.52877800166607 98.21760799735785 1.5
    endloop
  endfacet
  facet normal 0 0 1
    outer loop
      vertex 137.49100399762392 98.94383899867535 1.5
      vertex 139.10946299880743 83.42802199721336 1.5
      vertex 149.7089999988675 102.28739000111818 1.5
    endloop
  endfacet
  facet normal 0 0 1
    outer loop
      vertex 137.49100399762392 98.94383899867535 1.5
      vertex 149.7089999988675 102.28739000111818 1.5
      vertex 149.7041850015521 102.3854070007801 1.5
    endloop
  endfacet
  facet normal 0 0 1
    outer loop
      vertex 137.49100399762392 98.94383899867535 1.5
      vertex 149.7041850015521 102.3854070007801 1.5
      vertex 149.6897850036621 102.48247999697924 1.5
    endloop
  endfacet
  facet normal 0 0 1
    outer loop
      vertex 145.76075799763203 27.153053998947144 1.5
      vertex 153.7089999988675 35.815255001187325 1.5
      vertex 153.70428799837828 35.9122190028429 1.5
    endloop
  endfacet
  facet normal 0 0 1
    outer loop
      vertex 145.76075799763203 27.153053998947144 1.5
      vertex 153.70428799837828 35.9122190028429 1.5
      vertex 153.69019600003958 36.00826899707317 1.5
    endloop
  endfacet
  facet normal 0 0 1
    outer loop
      vertex 145.76075799763203 27.153053998947144 1.5
      vertex 153.69019600003958 36.00826899707317 1.5
      vertex 153.66685699671507 36.10249900072813 1.5
    endloop
  endfacet
  facet normal 0 0 1
    outer loop
      vertex 145.76075799763203 27.153053998947144 1.5
      vertex 153.66685699671507 36.10249900072813 1.5
      vertex 153.63449200242758 36.19402299821377 1.5
    endloop
  endfacet
  facet normal 0 0 1
    outer loop
      vertex 145.76075799763203 27.153053998947144 1.5
      vertex 153.63449200242758 36.19402299821377 1.5
      vertex 153.59340400248766 36.281976997852325 1.5
    endloop
  endfacet
  facet normal 0 0 1
    outer loop
      vertex 145.76075799763203 27.153053998947144 1.5
      vertex 153.59340400248766 36.281976997852325 1.5
      vertex 153.54398199915886 36.365533001720905 1.5
    endloop
  endfacet
  facet normal 0 0 1
    outer loop
      vertex 145.76075799763203 27.153053998947144 1.5
      vertex 153.54398199915886 36.365533001720905 1.5
      vertex 153.4866909980774 36.443902999162674 1.5
    endloop
  endfacet
  facet normal 0 0 1
    outer loop
      vertex 145.76075799763203 27.153053998947144 1.5
      vertex 153.4866909980774 36.443902999162674 1.5
      vertex 153.42206999659538 36.516347996890545 1.5
    endloop
  endfacet
  facet normal 0 0 1
    outer loop
      vertex 145.76075799763203 27.153053998947144 1.5
      vertex 153.42206999659538 36.516347996890545 1.5
      vertex 153.35073000192642 36.582185998559 1.5
    endloop
  endfacet
  facet normal 0 0 1
    outer loop
      vertex 145.76075799763203 27.153053998947144 1.5
      vertex 153.35073000192642 36.582185998559 1.5
      vertex 153.2733419984579 36.64079699665308 1.5
    endloop
  endfacet
  facet normal 0 0 1
    outer loop
      vertex 145.76075799763203 27.153053998947144 1.5
      vertex 153.2733419984579 36.64079699665308 1.5
      vertex 153.1906350031495 36.691627003252506 1.5
    endloop
  endfacet
  facet normal 0 0 1
    outer loop
      vertex 145.76075799763203 27.153053998947144 1.5
      vertex 153.1906350031495 36.691627003252506 1.5
      vertex 153.10339000076056 36.73419900238514 1.5
    endloop
  endfacet
  facet normal 0 0 1
    outer loop
      vertex 145.76075799763203 27.153053998947144 1.5
      vertex 153.10339000076056 36.73419900238514 1.5
      vertex 153.04641599953175 36.75865100324154 1.5
    endloop
  endfacet
  facet normal 0 0 1
    outer loop
      vertex 145.76075799763203 27.153053998947144 1.5
      vertex 153.04641599953175 36.75865100324154 1.5
      vertex 152.9639599993825 36.78981100022793 1.5
    endloop
  endfacet
  facet normal 0 0 1
    outer loop
      vertex 145.76075799763203 27.153053998947144 1.5
      vertex 152.9639599993825 36.78981100022793 1.5
      vertex 152.69026999920607 36.87966799736023 1.5
    endloop
  endfacet
  facet normal 0 0 1
    outer loop
      vertex 145.76075799763203 27.153053998947144 1.5
      vertex 152.69026999920607 36.87966799736023 1.5
      vertex 152.63993199914694 36.894741997122765 1.5
    endloop
  endfacet
  facet normal 0 0 1
    outer loop
      vertex 145.76075799763203 27.153053998947144 1.5
      vertex 152.63993199914694 36.894741997122765 1.5
      vertex 152.29967000335455 36.986964002251625 1.5
    endloop
  endfacet
  facet normal 0 0 1
    outer loop
      vertex 145.76075799763203 27.153053998947144 1.5
      vertex 152.29967000335455 36.986964002251625 1.5
      vertex 152.27056299895048 36.99438600242138 1.5
    endloop
  endfacet
  facet normal 0 0 1
    outer loop
      vertex 145.76075799763203 27.153053998947144 1.5
      vertex 152.27056299895048 36.99438600242138 1.5
      vertex 151.87196899950504 37.08956799656153 1.5
    endloop
  endfacet
  facet normal 0 0 1
    outer loop
      vertex 145.76075799763203 27.153053998947144 1.5
      vertex 151.87196899950504 37.08956799656153 1.5
      vertex 151.03597900271416 37.27733699977398 1.5
    endloop
  endfacet
  facet normal 0 0 1
    outer loop
      vertex 145.76075799763203 27.153053998947144 1.5
      vertex 151.03597900271416 37.27733699977398 1.5
      vertex 150.64013200253248 37.37195999920368 1.5
    endloop
  endfacet
  facet normal 0 0 1
    outer loop
      vertex 145.76075799763203 27.153053998947144 1.5
      vertex 150.64013200253248 37.37195999920368 1.5
      vertex 150.62557999789715 37.37567099928856 1.5
    endloop
  endfacet
  facet normal 0 0 1
    outer loop
      vertex 145.76075799763203 27.153053998947144 1.5
      vertex 150.62557999789715 37.37567099928856 1.5
      vertex 150.26538199931383 37.473296001553535 1.5
    endloop
  endfacet
  facet normal 0 0 1
    outer loop
      vertex 145.76075799763203 27.153053998947144 1.5
      vertex 150.26538199931383 37.473296001553535 1.5
      vertex 150.24021799862385 37.480832003057 1.5
    endloop
  endfacet
  facet normal 0 0 1
    outer loop
      vertex 145.76075799763203 27.153053998947144 1.5
      vertex 150.24021799862385 37.480832003057 1.5
      vertex 149.93307200074196 37.58167199790478 1.5
    endloop
  endfacet
  facet normal 0 0 1
    outer loop
      vertex 145.76075799763203 27.153053998947144 1.5
      vertex 149.93307200074196 37.58167199790478 1.5
      vertex 149.89186500012875 37.59724500030279 1.5
    endloop
  endfacet
  facet normal 0 0 1
    outer loop
      vertex 145.76075799763203 27.153053998947144 1.5
      vertex 149.89186500012875 37.59724500030279 1.5
      vertex 149.73131500184536 37.666148997843266 1.5
    endloop
  endfacet
  facet normal 0 0 1
    outer loop
      vertex 145.76075799763203 27.153053998947144 1.5
      vertex 149.73131500184536 37.666148997843266 1.5
      vertex 149.71014299988747 37.67648000270128 1.5
    endloop
  endfacet
  facet normal 0 0 1
    outer loop
      vertex 144.17924799770117 41.03379099816084 1.5
      vertex 145.76075799763203 27.153053998947144 1.5
      vertex 149.71014299988747 37.67648000270128 1.5
    endloop
  endfacet
  facet normal 0 0 1
    outer loop
      vertex 144.17924799770117 41.03379099816084 1.5
      vertex 149.71014299988747 37.67648000270128 1.5
      vertex 149.7089999988675 37.70001000165939 1.5
    endloop
  endfacet
  facet normal 0 0 1
    outer loop
      vertex 144.17924799770117 41.03379099816084 1.5
      vertex 149.7089999988675 37.70001000165939 1.5
      vertex 149.7089999988675 63.18765400350094 1.5
    endloop
  endfacet
  facet normal 0 0 1
    outer loop
      vertex 144.1769730001688 41.04766199737787 1.5
      vertex 144.17924799770117 41.03379099816084 1.5
      vertex 149.7089999988675 63.18765400350094 1.5
    endloop
  endfacet
  facet normal 0 0 1
    outer loop
      vertex 115.3691930025816 95.19352299720049 1.5
      vertex 129.26434499770403 96.64292900264263 1.5
      vertex 130.52877800166607 98.21760799735785 1.5
    endloop
  endfacet
  facet normal 0 0 1
    outer loop
      vertex 137.49100399762392 98.94383899867535 1.5
      vertex 149.6897850036621 102.48247999697924 1.5
      vertex 149.66594000160694 102.5776740014553 1.5
    endloop
  endfacet
  facet normal 0 0 1
    outer loop
      vertex 137.49100399762392 98.94383899867535 1.5
      vertex 149.66594000160694 102.5776740014553 1.5
      vertex 149.6328800022602 102.67007300257683 1.5
    endloop
  endfacet
  facet normal 0 0 1
    outer loop
      vertex 137.49100399762392 98.94383899867535 1.5
      vertex 149.6328800022602 102.67007300257683 1.5
      vertex 149.5909209996462 102.75878699868917 1.5
    endloop
  endfacet
  facet normal 0 0 1
    outer loop
      vertex 137.49100399762392 98.94383899867535 1.5
      vertex 149.5909209996462 102.75878699868917 1.5
      vertex 149.54046999663115 102.84296000003815 1.5
    endloop
  endfacet
  facet normal 0 0 1
    outer loop
      vertex 137.49100399762392 98.94383899867535 1.5
      vertex 149.54046999663115 102.84296000003815 1.5
      vertex 149.48200999945402 102.92178300023079 1.5
    endloop
  endfacet
  facet normal 0 0 1
    outer loop
      vertex 137.49100399762392 98.94383899867535 1.5
      vertex 149.48200999945402 102.92178300023079 1.5
      vertex 149.41610699892044 102.99449700117111 1.5
    endloop
  endfacet
  facet normal 0 0 1
    outer loop
      vertex 137.49100399762392 98.94383899867535 1.5
      vertex 149.41610699892044 102.99449700117111 1.5
      vertex 149.34339299798012 103.06040000170469 1.5
    endloop
  endfacet
  facet normal 0 0 1
    outer loop
      vertex 137.49100399762392 98.94383899867535 1.5
      vertex 149.34339299798012 103.06040000170469 1.5
      vertex 149.26456999778748 103.11885900050402 1.5
    endloop
  endfacet
  facet normal 0 0 1
    outer loop
      vertex 137.49100399762392 98.94383899867535 1.5
      vertex 149.26456999778748 103.11885900050402 1.5
      vertex 149.1803969964385 103.16931100189686 1.5
    endloop
  endfacet
  facet normal 0 0 1
    outer loop
      vertex 137.49100399762392 98.94383899867535 1.5
      vertex 149.1803969964385 103.16931100189686 1.5
      vertex 149.09168300032616 103.2112689986825 1.5
    endloop
  endfacet
  facet normal 0 0 1
    outer loop
      vertex 137.49100399762392 98.94383899867535 1.5
      vertex 149.09168300032616 103.2112689986825 1.5
      vertex 148.99928499758244 103.24432999640703 1.5
    endloop
  endfacet
  facet normal 0 0 1
    outer loop
      vertex 137.49100399762392 98.94383899867535 1.5
      vertex 148.99928499758244 103.24432999640703 1.5
      vertex 148.90409000217915 103.2681749984622 1.5
    endloop
  endfacet
  facet normal 0 0 1
    outer loop
      vertex 137.49100399762392 98.94383899867535 1.5
      vertex 148.90409000217915 103.2681749984622 1.5
      vertex 148.80701699852943 103.2825749963522 1.5
    endloop
  endfacet
  facet normal 0 0 1
    outer loop
      vertex 137.49100399762392 98.94383899867535 1.5
      vertex 148.80701699852943 103.2825749963522 1.5
      vertex 148.7089999988675 103.28739000111818 1.5
    endloop
  endfacet
  facet normal 0 0 1
    outer loop
      vertex 137.49100399762392 98.94383899867535 1.5
      vertex 148.7089999988675 103.28739000111818 1.5
      vertex 146.13634599745274 103.28739000111818 1.5
    endloop
  endfacet
  facet normal 0 0 1
    outer loop
      vertex 137.49100399762392 98.94383899867535 1.5
      vertex 146.13634599745274 103.28739000111818 1.5
      vertex 146.11259599775076 103.28855200111866 1.5
    endloop
  endfacet
  facet normal 0 0 1
    outer loop
      vertex 137.49100399762392 98.94383899867535 1.5
      vertex 146.11259599775076 103.28855200111866 1.5
      vertex 146.06845200061798 103.3706300035119 1.5
    endloop
  endfacet
  facet normal 0 0 1
    outer loop
      vertex 137.49100399762392 98.94383899867535 1.5
      vertex 146.06845200061798 103.3706300035119 1.5
      vertex 146.0160539969802 103.44923400133848 1.5
    endloop
  endfacet
  facet normal 0 0 1
    outer loop
      vertex 137.49100399762392 98.94383899867535 1.5
      vertex 146.0160539969802 103.44923400133848 1.5
      vertex 145.95647399872541 103.5225429981947 1.5
    endloop
  endfacet
  facet normal 0 0 1
    outer loop
      vertex 137.49100399762392 98.94383899867535 1.5
      vertex 145.95647399872541 103.5225429981947 1.5
      vertex 145.89024200290442 103.5899019986391 1.5
    endloop
  endfacet
  facet normal 0 0 1
    outer loop
      vertex 137.49100399762392 98.94383899867535 1.5
      vertex 145.89024200290442 103.5899019986391 1.5
      vertex 145.81794899702072 103.65071099996567 1.5
    endloop
  endfacet
  facet normal 0 0 1
    outer loop
      vertex 137.49100399762392 98.94383899867535 1.5
      vertex 145.81794899702072 103.65071099996567 1.5
      vertex 145.74024000018835 103.70442800223827 1.5
    endloop
  endfacet
  facet normal 0 0 1
    outer loop
      vertex 137.49100399762392 98.94383899867535 1.5
      vertex 145.74024000018835 103.70442800223827 1.5
      vertex 145.65781000256538 103.75057099759579 1.5
    endloop
  endfacet
  facet normal 0 0 1
    outer loop
      vertex 137.49100399762392 98.94383899867535 1.5
      vertex 145.65781000256538 103.75057099759579 1.5
      vertex 145.57139299809933 103.7887310013175 1.5
    endloop
  endfacet
  facet normal 0 0 1
    outer loop
      vertex 137.49100399762392 98.94383899867535 1.5
      vertex 145.57139299809933 103.7887310013175 1.5
      vertex 145.48176100105047 103.8185660019517 1.5
    endloop
  endfacet
  facet normal 0 0 1
    outer loop
      vertex 137.49100399762392 98.94383899867535 1.5
      vertex 145.48176100105047 103.8185660019517 1.5
      vertex 145.38971400260925 103.8398099988699 1.5
    endloop
  endfacet
  facet normal 0 0 1
    outer loop
      vertex 137.49100399762392 98.94383899867535 1.5
      vertex 145.38971400260925 103.8398099988699 1.5
      vertex 145.2960729971528 103.85227400064468 1.5
    endloop
  endfacet
  facet normal 0 0 1
    outer loop
      vertex 137.49100399762392 98.94383899867535 1.5
      vertex 145.2960729971528 103.85227400064468 1.5
      vertex 145.20167300105095 103.85584600269794 1.5
    endloop
  endfacet
  facet normal 0 0 1
    outer loop
      vertex 137.49100399762392 98.94383899867535 1.5
      vertex 145.20167300105095 103.85584600269794 1.5
      vertex 145.10735800117254 103.85049399733543 1.5
    endloop
  endfacet
  facet normal 0 0 1
    outer loop
      vertex 153.70428799837828 26.452380999922752 1.5
      vertex 153.7089999988675 26.54934400320053 1.5
      vertex 145.7616619989276 27.139026999473572 1.5
    endloop
  endfacet
  facet normal 0 0 1
    outer loop
      vertex 153.69019600003958 26.3563309982419 1.5
      vertex 153.70428799837828 26.452380999922752 1.5
      vertex 145.7616619989276 27.139026999473572 1.5
    endloop
  endfacet
  facet normal 0 0 1
    outer loop
      vertex 153.66685699671507 26.262100003659725 1.5
      vertex 153.69019600003958 26.3563309982419 1.5
      vertex 145.7616619989276 27.139026999473572 1.5
    endloop
  endfacet
  facet normal 0 0 1
    outer loop
      vertex 128.01350899785757 58.252768002450466 1.5
      vertex 144.1769730001688 41.04766199737787 1.5
      vertex 149.7089999988675 63.18765400350094 1.5
    endloop
  endfacet
  facet normal 0 0 1
    outer loop
      vertex 128.01128999888897 58.26664800196886 1.5
      vertex 128.01350899785757 58.252768002450466 1.5
      vertex 149.7089999988675 63.18765400350094 1.5
    endloop
  endfacet
  facet normal 0 0 1
    outer loop
      vertex 153.63449200242758 26.170576997101307 1.5
      vertex 153.66685699671507 26.262100003659725 1.5
      vertex 145.7616619989276 27.139026999473572 1.5
    endloop
  endfacet
  facet normal 0 0 1
    outer loop
      vertex 153.59340400248766 26.08262299746275 1.5
      vertex 153.63449200242758 26.170576997101307 1.5
      vertex 145.7616619989276 27.139026999473572 1.5
    endloop
  endfacet
  facet normal 0 0 1
    outer loop
      vertex 53.67231000214815 92.72431000322104 1.5
      vertex 53.67300000041723 92.71027100086212 1.5
      vertex 77.85063800215721 92.9287189990282 1.5
    endloop
  endfacet
  facet normal 0 0 1
    outer loop
      vertex 53.67231000214815 92.72431000322104 1.5
      vertex 77.85063800215721 92.9287189990282 1.5
      vertex 77.85089199990034 92.94277299940586 1.5
    endloop
  endfacet
  facet normal 0 0 1
    outer loop
      vertex 153.54398199915886 25.99906700104475 1.5
      vertex 153.59340400248766 26.08262299746275 1.5
      vertex 145.7616619989276 27.139026999473572 1.5
    endloop
  endfacet
  facet normal 0 0 1
    outer loop
      vertex 153.4866909980774 25.92069700360298 1.5
      vertex 153.54398199915886 25.99906700104475 1.5
      vertex 145.7616619989276 27.139026999473572 1.5
    endloop
  endfacet
  facet normal 0 0 1
    outer loop
      vertex 153.42206999659538 25.84825199842453 1.5
      vertex 153.4866909980774 25.92069700360298 1.5
      vertex 145.7616619989276 27.139026999473572 1.5
    endloop
  endfacet
  facet normal 0 0 1
    outer loop
      vertex 153.35073000192642 25.782412998378277 1.5
      vertex 153.42206999659538 25.84825199842453 1.5
      vertex 145.7616619989276 27.139026999473572 1.5
    endloop
  endfacet
  facet normal 0 0 1
    outer loop
      vertex 153.2733419984579 25.723802998661995 1.5
      vertex 153.35073000192642 25.782412998378277 1.5
      vertex 145.7616619989276 27.139026999473572 1.5
    endloop
  endfacet
  facet normal 0 0 1
    outer loop
      vertex 153.1906350031495 25.67297200113535 1.5
      vertex 153.2733419984579 25.723802998661995 1.5
      vertex 145.7616619989276 27.139026999473572 1.5
    endloop
  endfacet
  facet normal 0 0 1
    outer loop
      vertex 153.10339000076056 25.630401000380516 1.5
      vertex 153.1906350031495 25.67297200113535 1.5
      vertex 145.7616619989276 27.139026999473572 1.5
    endloop
  endfacet
  facet normal 0 0 1
    outer loop
      vertex 153.04641599953175 25.605948999524117 1.5
      vertex 153.10339000076056 25.630401000380516 1.5
      vertex 145.7616619989276 27.139026999473572 1.5
    endloop
  endfacet
  facet normal 0 0 1
    outer loop
      vertex 152.9639599993825 25.574787996709347 1.5
      vertex 153.04641599953175 25.605948999524117 1.5
      vertex 145.7616619989276 27.139026999473572 1.5
    endloop
  endfacet
  facet normal 0 0 1
    outer loop
      vertex 152.69026999920607 25.484931997954845 1.5
      vertex 152.9639599993825 25.574787996709347 1.5
      vertex 145.7616619989276 27.139026999473572 1.5
    endloop
  endfacet
  facet normal 0 0 1
    outer loop
      vertex 152.63993199914694 25.46985799819231 1.5
      vertex 152.69026999920607 25.484931997954845 1.5
      vertex 145.7616619989276 27.139026999473572 1.5
    endloop
  endfacet
  facet normal 0 0 1
    outer loop
      vertex 152.29967000335455 25.37763500213623 1.5
      vertex 152.63993199914694 25.46985799819231 1.5
      vertex 145.7616619989276 27.139026999473572 1.5
    endloop
  endfacet
  facet normal 0 0 1
    outer loop
      vertex 152.27056299895048 25.370214000344276 1.5
      vertex 152.29967000335455 25.37763500213623 1.5
      vertex 145.7616619989276 27.139026999473572 1.5
    endloop
  endfacet
  facet normal 0 0 1
    outer loop
      vertex 151.88536500185728 25.278136998414993 1.5
      vertex 152.27056299895048 25.370214000344276 1.5
      vertex 145.7616619989276 27.139026999473572 1.5
    endloop
  endfacet
  facet normal 0 0 1
    outer loop
      vertex 151.04267600178719 25.0888150036335 1.5
      vertex 151.88536500185728 25.278136998414993 1.5
      vertex 145.7616619989276 27.139026999473572 1.5
    endloop
  endfacet
  facet normal 0 0 1
    outer loop
      vertex 150.64013200253248 24.992640003561974 1.5
      vertex 151.04267600178719 25.0888150036335 1.5
      vertex 145.7616619989276 27.139026999473572 1.5
    endloop
  endfacet
  facet normal 0 0 1
    outer loop
      vertex 150.62557999789715 24.988929003477097 1.5
      vertex 150.64013200253248 24.992640003561974 1.5
      vertex 145.7616619989276 27.139026999473572 1.5
    endloop
  endfacet
  facet normal 0 0 1
    outer loop
      vertex 150.26538199931383 24.89130300283432 1.5
      vertex 150.62557999789715 24.988929003477097 1.5
      vertex 145.7616619989276 27.139026999473572 1.5
    endloop
  endfacet
  facet normal 0 0 1
    outer loop
      vertex 150.24021799862385 24.883767999708652 1.5
      vertex 150.26538199931383 24.89130300283432 1.5
      vertex 145.7616619989276 27.139026999473572 1.5
    endloop
  endfacet
  facet normal 0 0 1
    outer loop
      vertex 150.24021799862385 24.883767999708652 1.5
      vertex 145.7616619989276 27.139026999473572 1.5
      vertex 145.74779099971056 27.136752001941204 1.5
    endloop
  endfacet
  facet normal 0 0 1
    outer loop
      vertex 150.24021799862385 24.883767999708652 1.5
      vertex 145.74779099971056 27.136752001941204 1.5
      vertex 131.86705400049686 25.555242002010345 1.5
    endloop
  endfacet
  facet normal 0 0 1
    outer loop
      vertex 125.32044100016356 24.837766997516155 1.5
      vertex 150.24021799862385 24.883767999708652 1.5
      vertex 131.86705400049686 25.555242002010345 1.5
    endloop
  endfacet
  facet normal 0 0 1
    outer loop
      vertex 125.32044100016356 24.837766997516155 1.5
      vertex 131.86705400049686 25.555242002010345 1.5
      vertex 131.8530270010233 25.55433800071478 1.5
    endloop
  endfacet
  facet normal 0 0 1
    outer loop
      vertex 125.31966599822044 24.851801998913288 1.5
      vertex 125.32044100016356 24.837766997516155 1.5
      vertex 131.8530270010233 25.55433800071478 1.5
    endloop
  endfacet
  facet normal 0 0 1
    outer loop
      vertex 125.31966599822044 24.851801998913288 1.5
      vertex 131.8530270010233 25.55433800071478 1.5
      vertex 131.85075200349092 25.568208999931812 1.5
    endloop
  endfacet
  facet normal 0 0 1
    outer loop
      vertex 123.86637900024652 38.746549002826214 1.5
      vertex 125.31966599822044 24.851801998913288 1.5
      vertex 131.85075200349092 25.568208999931812 1.5
    endloop
  endfacet
  facet normal 0 0 1
    outer loop
      vertex 123.86637900024652 38.746549002826214 1.5
      vertex 131.85075200349092 25.568208999931812 1.5
      vertex 130.26924200356007 39.44894599914551 1.5
    endloop
  endfacet
  facet normal 0 0 1
    outer loop
      vertex 123.86423300206661 38.76044099777937 1.5
      vertex 123.86637900024652 38.746549002826214 1.5
      vertex 130.26924200356007 39.44894599914551 1.5
    endloop
  endfacet
  facet normal 0 0 1
    outer loop
      vertex 123.86423300206661 38.76044099777937 1.5
      vertex 130.26924200356007 39.44894599914551 1.5
      vertex 130.2683380022645 39.46297299861908 1.5
    endloop
  endfacet
  facet normal 0 0 1
    outer loop
      vertex 149.7089999988675 2.837747998535633 1.5
      vertex 137.85566200315952 7.188027001917362 1.5
      vertex 137.8417909964919 7.185751996934414 1.5
    endloop
  endfacet
  facet normal 0 0 1
    outer loop
      vertex 116.77249900251627 4.885989002883434 1.5
      vertex 116.7730379998684 4.87194299697876 1.5
      vertex 149.7089999988675 2.837747998535633 1.5
    endloop
  endfacet
  facet normal 0 0 1
    outer loop
      vertex 130.52877800166607 98.21760799735785 1.5
      vertex 137.49100399762392 98.94383899867535 1.5
      vertex 145.10735800117254 103.85049399733543 1.5
    endloop
  endfacet
  facet normal 0 0 1
    outer loop
      vertex 128.01128999888897 58.26664800196886 1.5
      vertex 149.7089999988675 63.18765400350094 1.5
      vertex 113.55019800364971 61.70033600181341 1.5
    endloop
  endfacet
  facet normal 0 0 1
    outer loop
      vertex 127.99725899845362 58.26580099761486 1.5
      vertex 128.01128999888897 58.26664800196886 1.5
      vertex 113.55019800364971 61.70033600181341 1.5
    endloop
  endfacet
  facet normal 0 0 1
    outer loop
      vertex 114.11023200303316 56.7405090034008 1.5
      vertex 127.99725899845362 58.26580099761486 1.5
      vertex 113.55019800364971 61.70033600181341 1.5
    endloop
  endfacet
  facet normal 0 0 1
    outer loop
      vertex 114.11023200303316 56.7405090034008 1.5
      vertex 113.55019800364971 61.70033600181341 1.5
      vertex 113.53625900298357 61.69852700084448 1.5
    endloop
  endfacet
  facet normal 0 0 1
    outer loop
      vertex 114.09635200351477 56.73828999698162 1.5
      vertex 114.11023200303316 56.7405090034008 1.5
      vertex 113.53625900298357 61.69852700084448 1.5
    endloop
  endfacet
  facet normal 0 0 1
    outer loop
      vertex 114.09635200351477 56.73828999698162 1.5
      vertex 113.53625900298357 61.69852700084448 1.5
      vertex 99.61038599908352 60.582235999405384 1.5
    endloop
  endfacet
  facet normal 0 0 1
    outer loop
      vertex 114.09719900041819 56.72425899654627 1.5
      vertex 114.09635200351477 56.73828999698162 1.5
      vertex 99.61038599908352 60.582235999405384 1.5
    endloop
  endfacet
  facet normal 0 0 1
    outer loop
      vertex 149.93307200074196 24.782926999032497 1.5
      vertex 150.24021799862385 24.883767999708652 1.5
      vertex 125.32044100016356 24.837766997516155 1.5
    endloop
  endfacet
  facet normal 0 0 1
    outer loop
      vertex 149.89186500012875 24.767353996634483 1.5
      vertex 149.93307200074196 24.782926999032497 1.5
      vertex 125.32044100016356 24.837766997516155 1.5
    endloop
  endfacet
  facet normal 0 0 1
    outer loop
      vertex 149.73131500184536 24.69844999909401 1.5
      vertex 149.89186500012875 24.767353996634483 1.5
      vertex 125.32044100016356 24.837766997516155 1.5
    endloop
  endfacet
  facet normal 0 0 1
    outer loop
      vertex 149.71014299988747 24.688120000064373 1.5
      vertex 149.73131500184536 24.69844999909401 1.5
      vertex 125.32044100016356 24.837766997516155 1.5
    endloop
  endfacet
  facet normal 0 0 1
    outer loop
      vertex 149.7089999988675 24.664589002728462 1.5
      vertex 149.71014299988747 24.688120000064373 1.5
      vertex 125.32044100016356 24.837766997516155 1.5
    endloop
  endfacet
  facet normal 0 0 1
    outer loop
      vertex 149.7089999988675 2.837747998535633 1.5
      vertex 137.8417909964919 7.185751996934414 1.5
      vertex 123.96105399727821 5.604241997003555 1.5
    endloop
  endfacet
  facet normal 0 0 1
    outer loop
      vertex 116.77249900251627 4.885989002883434 1.5
      vertex 149.7089999988675 2.837747998535633 1.5
      vertex 123.96105399727821 5.604241997003555 1.5
    endloop
  endfacet
  facet normal 0 0 1
    outer loop
      vertex 116.77249900251627 4.885989002883434 1.5
      vertex 123.96105399727821 5.604241997003555 1.5
      vertex 123.94702699780464 5.603338003158569 1.5
    endloop
  endfacet
  facet normal 0 0 1
    outer loop
      vertex 116.77249900251627 4.885989002883434 1.5
      vertex 123.94702699780464 5.603338003158569 1.5
      vertex 123.94475200027227 5.617209002375603 1.5
    endloop
  endfacet
  facet normal 0 0 1
    outer loop
      vertex 115.5519710034132 18.803112998604774 1.5
      vertex 116.77249900251627 4.885989002883434 1.5
      vertex 123.94475200027227 5.617209002375603 1.5
    endloop
  endfacet
  facet normal 0 0 1
    outer loop
      vertex 115.5519710034132 18.803112998604774 1.5
      vertex 123.94475200027227 5.617209002375603 1.5
      vertex 122.36324200034142 19.4979460015893 1.5
    endloop
  endfacet
  facet normal 0 0 1
    outer loop
      vertex 115.55005700141191 18.817037999629974 1.5
      vertex 115.5519710034132 18.803112998604774 1.5
      vertex 122.36324200034142 19.4979460015893 1.5
    endloop
  endfacet
  facet normal 0 0 1
    outer loop
      vertex 115.55005700141191 18.817037999629974 1.5
      vertex 122.36324200034142 19.4979460015893 1.5
      vertex 122.36233799904585 19.51197300106287 1.5
    endloop
  endfacet
  facet normal 0 0 1
    outer loop
      vertex 144.1769730001688 41.04766199737787 1.5
      vertex 129.53964799642563 44.35170999914408 1.5
      vertex 129.52576799690723 44.349491000175476 1.5
    endloop
  endfacet
  facet normal 0 0 1
    outer loop
      vertex 114.09719900041819 56.72425899654627 1.5
      vertex 99.61038599908352 60.582235999405384 1.5
      vertex 92.40939799696207 60.20047199726105 1.5
    endloop
  endfacet
  facet normal 0 0 1
    outer loop
      vertex 136.27097299695015 21.096661999821663 1.5
      vertex 149.7089999988675 24.664589002728462 1.5
      vertex 103.92784199863672 22.78846199810505 1.5
    endloop
  endfacet
  facet normal 0 0 1
    outer loop
      vertex 136.25694599747658 21.095757998526096 1.5
      vertex 136.27097299695015 21.096661999821663 1.5
      vertex 103.92784199863672 22.78846199810505 1.5
    endloop
  endfacet
  facet normal 0 0 1
    outer loop
      vertex 122.37620899826288 19.514247998595238 1.5
      vertex 136.25694599747658 21.095757998526096 1.5
      vertex 103.92784199863672 22.78846199810505 1.5
    endloop
  endfacet
  facet normal 0 0 1
    outer loop
      vertex 122.36233799904585 19.51197300106287 1.5
      vertex 122.37620899826288 19.514247998595238 1.5
      vertex 103.92784199863672 22.78846199810505 1.5
    endloop
  endfacet
  facet normal 0 0 1
    outer loop
      vertex 115.55005700141191 18.817037999629974 1.5
      vertex 122.36233799904585 19.51197300106287 1.5
      vertex 103.92784199863672 22.78846199810505 1.5
    endloop
  endfacet
  facet normal 0 0 1
    outer loop
      vertex 115.53601100295782 18.81649900227785 1.5
      vertex 115.55005700141191 18.817037999629974 1.5
      vertex 103.92784199863672 22.78846199810505 1.5
    endloop
  endfacet
  facet normal 0 0 1
    outer loop
      vertex 101.6188869997859 17.595971003174782 1.5
      vertex 115.53601100295782 18.81649900227785 1.5
      vertex 103.92784199863672 22.78846199810505 1.5
    endloop
  endfacet
  facet normal 0 0 1
    outer loop
      vertex 101.6188869997859 17.595971003174782 1.5
      vertex 103.92784199863672 22.78846199810505 1.5
      vertex 103.91386599838734 22.786964997649193 1.5
    endloop
  endfacet
  facet normal 0 0 1
    outer loop
      vertex 101.6049619987607 17.594057001173496 1.5
      vertex 101.6188869997859 17.595971003174782 1.5
      vertex 103.91386599838734 22.786964997649193 1.5
    endloop
  endfacet
  facet normal 0 0 1
    outer loop
      vertex 101.6049619987607 17.594057001173496 1.5
      vertex 103.91386599838734 22.786964997649193 1.5
      vertex 89.96651799976826 21.982277996838093 1.5
    endloop
  endfacet
  facet normal 0 0 1
    outer loop
      vertex 101.6055010035634 17.580011002719402 1.5
      vertex 101.6049619987607 17.594057001173496 1.5
      vertex 89.96651799976826 21.982277996838093 1.5
    endloop
  endfacet
  facet normal 0 0 1
    outer loop
      vertex 101.6055010035634 17.580011002719402 1.5
      vertex 89.96651799976826 21.982277996838093 1.5
      vertex 83.39407400041819 21.76739600300789 1.5
    endloop
  endfacet
  facet normal 0 0 1
    outer loop
      vertex 108.18638099730015 42.18497700244188 1.5
      vertex 108.18664000183344 42.17092300206423 1.5
      vertex 144.1769730001688 41.04766199737787 1.5
    endloop
  endfacet
  facet normal 0 0 1
    outer loop
      vertex 144.16294600069523 41.04675800353289 1.5
      vertex 144.1769730001688 41.04766199737787 1.5
      vertex 108.18664000183344 42.17092300206423 1.5
    endloop
  endfacet
  facet normal 0 0 1
    outer loop
      vertex 101.6055010035634 17.580011002719402 1.5
      vertex 83.39407400041819 21.76739600300789 1.5
      vertex 83.38004399836063 21.766543999314308 1.5
    endloop
  endfacet
  facet normal 0 0 1
    outer loop
      vertex 133.1821639984846 77.89632699638605 1.5
      vertex 115.425462000072 80.9575389996171 1.5
      vertex 108.46323700249195 80.2313069999218 1.5
    endloop
  endfacet
  facet normal 0 0 1
    outer loop
      vertex 92.27736199647188 79.39928100258112 1.5
      vertex 133.1821639984846 77.89632699638605 1.5
      vertex 108.46323700249195 80.2313069999218 1.5
    endloop
  endfacet
  facet normal 0 0 1
    outer loop
      vertex 91.84389799833298 93.36309699714184 1.5
      vertex 92.27736199647188 79.39928100258112 1.5
      vertex 108.46323700249195 80.2313069999218 1.5
    endloop
  endfacet
  facet normal 0 0 1
    outer loop
      vertex 91.84389799833298 93.36309699714184 1.5
      vertex 108.46323700249195 80.2313069999218 1.5
      vertex 106.84477800130844 95.74712499976158 1.5
    endloop
  endfacet
  facet normal 0 0 1
    outer loop
      vertex 91.84277299791574 93.37710800021887 1.5
      vertex 91.84389799833298 93.36309699714184 1.5
      vertex 106.84477800130844 95.74712499976158 1.5
    endloop
  endfacet
  facet normal 0 0 1
    outer loop
      vertex 113.54976399987936 61.714386001229286 1.5
      vertex 113.55019800364971 61.70033600181341 1.5
      vertex 149.7089999988675 63.18765400350094 1.5
    endloop
  endfacet
  facet normal 0 0 1
    outer loop
      vertex 98.49174100160599 74.53747300058603 1.5
      vertex 112.41761399805546 75.65376400202513 1.5
      vertex 31.122249998152256 75.10999999940395 1.5
    endloop
  endfacet
  facet normal 0 0 1
    outer loop
      vertex 98.47780200093985 74.5356639996171 1.5
      vertex 98.49174100160599 74.53747300058603 1.5
      vertex 31.122249998152256 75.10999999940395 1.5
    endloop
  endfacet
  facet normal 0 0 1
    outer loop
      vertex 130.52877800166607 98.21760799735785 1.5
      vertex 145.10735800117254 103.85049399733543 1.5
      vertex 100.20020200312138 99.16621799767017 1.5
    endloop
  endfacet
  facet normal 0 0 1
    outer loop
      vertex 144.1769730001688 41.04766199737787 1.5
      vertex 129.52576799690723 44.349491000175476 1.5
      vertex 115.63874100148678 42.82419899851084 1.5
    endloop
  endfacet
  facet normal 0 0 1
    outer loop
      vertex 108.18638099730015 42.18497700244188 1.5
      vertex 144.1769730001688 41.04766199737787 1.5
      vertex 115.63874100148678 42.82419899851084 1.5
    endloop
  endfacet
  facet normal 0 0 1
    outer loop
      vertex 108.18638099730015 42.18497700244188 1.5
      vertex 115.63874100148678 42.82419899851084 1.5
      vertex 115.62471000105143 42.82335200160742 1.5
    endloop
  endfacet
  facet normal 0 0 1
    outer loop
      vertex 108.18638099730015 42.18497700244188 1.5
      vertex 115.62471000105143 42.82335200160742 1.5
      vertex 115.62249100208282 42.83723200112581 1.5
    endloop
  endfacet
  facet normal 0 0 1
    outer loop
      vertex 108.18638099730015 42.18497700244188 1.5
      vertex 115.62249100208282 42.83723200112581 1.5
      vertex 114.09719900041819 56.72425899654627 1.5
    endloop
  endfacet
  facet normal 0 0 1
    outer loop
      vertex 107.24371200054884 56.123678997159004 1.5
      vertex 108.18638099730015 42.18497700244188 1.5
      vertex 114.09719900041819 56.72425899654627 1.5
    endloop
  endfacet
  facet normal 0 0 1
    outer loop
      vertex 107.24207700043917 56.13763999938965 1.5
      vertex 107.24371200054884 56.123678997159004 1.5
      vertex 114.09719900041819 56.72425899654627 1.5
    endloop
  endfacet
  facet normal 0 0 1
    outer loop
      vertex 107.24207700043917 56.13763999938965 1.5
      vertex 114.09719900041819 56.72425899654627 1.5
      vertex 92.40939799696207 60.20047199726105 1.5
    endloop
  endfacet
  facet normal 0 0 1
    outer loop
      vertex 107.22802300006151 56.13738100230694 1.5
      vertex 107.24207700043917 56.13763999938965 1.5
      vertex 92.40939799696207 60.20047199726105 1.5
    endloop
  endfacet
  facet normal 0 0 1
    outer loop
      vertex 93.28932099789381 55.19471199810505 1.5
      vertex 107.22802300006151 56.13738100230694 1.5
      vertex 92.40939799696207 60.20047199726105 1.5
    endloop
  endfacet
  facet normal 0 0 1
    outer loop
      vertex 93.27536000311375 55.19307699799538 1.5
      vertex 93.28932099789381 55.19471199810505 1.5
      vertex 92.40939799696207 60.20047199726105 1.5
    endloop
  endfacet
  facet normal 0 0 1
    outer loop
      vertex 93.27536000311375 55.19307699799538 1.5
      vertex 92.40939799696207 60.20047199726105 1.5
      vertex 92.39538700133562 60.199348002672195 1.5
    endloop
  endfacet
  facet normal 0 0 1
    outer loop
      vertex 93.27536000311375 55.19307699799538 1.5
      vertex 92.39538700133562 60.199348002672195 1.5
      vertex 78.43152599781752 59.7673470005393 1.5
    endloop
  endfacet
  facet normal 0 0 1
    outer loop
      vertex 93.27561900019646 55.17902299761772 1.5
      vertex 93.27536000311375 55.19307699799538 1.5
      vertex 78.43152599781752 59.7673470005393 1.5
    endloop
  endfacet
  facet normal 0 0 1
    outer loop
      vertex 93.27561900019646 55.17902299761772 1.5
      vertex 78.43152599781752 59.7673470005393 1.5
      vertex 72.73197399824858 59.68435599654913 1.5
    endloop
  endfacet
  facet normal 0 0 1
    outer loop
      vertex 93.27561900019646 55.17902299761772 1.5
      vertex 72.73197399824858 59.68435599654913 1.5
      vertex 72.71793500334024 59.68365799635649 1.5
    endloop
  endfacet
  facet normal 0 0 1
    outer loop
      vertex 101.6055010035634 17.580011002719402 1.5
      vertex 83.38004399836063 21.766543999314308 1.5
      vertex 69.41044300049543 21.604399003088474 1.5
    endloop
  endfacet
  facet normal 0 0 1
    outer loop
      vertex 93.27561900019646 55.17902299761772 1.5
      vertex 72.71793500334024 59.68365799635649 1.5
      vertex 58.74739500135183 59.676343001425266 1.5
    endloop
  endfacet
  facet normal 0 0 1
    outer loop
      vertex 149.7089999988675 63.18765400350094 1.5
      vertex 134.75932700186968 63.98683600127697 1.5
      vertex 134.74545499682426 63.98456899821758 1.5
    endloop
  endfacet
  facet normal 0 0 1
    outer loop
      vertex 133.16813600063324 77.89543099701405 1.5
      vertex 133.1821639984846 77.89632699638605 1.5
      vertex 92.27736199647188 79.39928100258112 1.5
    endloop
  endfacet
  facet normal 0 0 1
    outer loop
      vertex 119.28654500097036 76.32143100351095 1.5
      vertex 133.16813600063324 77.89543099701405 1.5
      vertex 92.27736199647188 79.39928100258112 1.5
    endloop
  endfacet
  facet normal 0 0 1
    outer loop
      vertex 119.27267300337553 76.31916400045156 1.5
      vertex 119.28654500097036 76.32143100351095 1.5
      vertex 92.27736199647188 79.39928100258112 1.5
    endloop
  endfacet
  facet normal 0 0 1
    outer loop
      vertex 119.27267300337553 76.31916400045156 1.5
      vertex 92.27736199647188 79.39928100258112 1.5
      vertex 92.27710799872875 79.38522700220346 1.5
    endloop
  endfacet
  facet normal 0 0 1
    outer loop
      vertex 119.27356900274754 76.3051360026002 1.5
      vertex 119.27267300337553 76.31916400045156 1.5
      vertex 92.27710799872875 79.38522700220346 1.5
    endloop
  endfacet
  facet normal 0 0 1
    outer loop
      vertex 149.7089999988675 2.837747998535633 1.5
      vertex 116.7730379998684 4.87194299697876 1.5
      vertex 116.7591129988432 4.870029002428055 1.5
    endloop
  endfacet
  facet normal 0 0 1
    outer loop
      vertex 119.27356900274754 76.3051360026002 1.5
      vertex 92.27710799872875 79.38522700220346 1.5
      vertex 92.2630970031023 79.38410200178623 1.5
    endloop
  endfacet
  facet normal 0 0 1
    outer loop
      vertex 149.6328800022602 2.455064997076988 1.5
      vertex 149.66594000160694 2.547463998198509 1.5
      vertex 75.6168579980731 2.5746499970555305 1.5
    endloop
  endfacet
  facet normal 0 0 1
    outer loop
      vertex 149.5909209996462 2.3663519993424416 1.5
      vertex 149.6328800022602 2.455064997076988 1.5
      vertex 75.6168579980731 2.5746499970555305 1.5
    endloop
  endfacet
  facet normal 0 0 1
    outer loop
      vertex 149.54046999663115 2.2821779996156693 1.5
      vertex 149.5909209996462 2.3663519993424416 1.5
      vertex 75.6168579980731 2.5746499970555305 1.5
    endloop
  endfacet
  facet normal 0 0 1
    outer loop
      vertex 149.48200999945402 2.203354999423027 1.5
      vertex 149.54046999663115 2.2821779996156693 1.5
      vertex 75.6168579980731 2.5746499970555305 1.5
    endloop
  endfacet
  facet normal 0 0 1
    outer loop
      vertex 149.41610699892044 2.130641996860504 1.5
      vertex 149.48200999945402 2.203354999423027 1.5
      vertex 75.6168579980731 2.5746499970555305 1.5
    endloop
  endfacet
  facet normal 0 0 1
    outer loop
      vertex 149.34339299798012 2.0647379979491234 1.5
      vertex 149.41610699892044 2.130641996860504 1.5
      vertex 75.6168579980731 2.5746499970555305 1.5
    endloop
  endfacet
  facet normal 0 0 1
    outer loop
      vertex 149.26456999778748 2.0062789991497993 1.5
      vertex 149.34339299798012 2.0647379979491234 1.5
      vertex 75.6168579980731 2.5746499970555305 1.5
    endloop
  endfacet
  facet normal 0 0 1
    outer loop
      vertex 149.1803969964385 1.955826997756958 1.5
      vertex 149.26456999778748 2.0062789991497993 1.5
      vertex 75.6168579980731 2.5746499970555305 1.5
    endloop
  endfacet
  facet normal 0 0 1
    outer loop
      vertex 149.09168300032616 1.9138690009713173 1.5
      vertex 149.1803969964385 1.955826997756958 1.5
      vertex 75.6168579980731 2.5746499970555305 1.5
    endloop
  endfacet
  facet normal 0 0 1
    outer loop
      vertex 148.99928499758244 1.8808080032467842 1.5
      vertex 149.09168300032616 1.9138690009713173 1.5
      vertex 75.6168579980731 2.5746499970555305 1.5
    endloop
  endfacet
  facet normal 0 0 1
    outer loop
      vertex 148.90409000217915 1.856963001191616 1.5
      vertex 148.99928499758244 1.8808080032467842 1.5
      vertex 75.6168579980731 2.5746499970555305 1.5
    endloop
  endfacet
  facet normal 0 0 1
    outer loop
      vertex 148.80701699852943 1.8425640016794205 1.5
      vertex 148.90409000217915 1.856963001191616 1.5
      vertex 75.6168579980731 2.5746499970555305 1.5
    endloop
  endfacet
  facet normal 0 0 1
    outer loop
      vertex 148.7089999988675 1.837747998535633 1.5
      vertex 148.80701699852943 1.8425640016794205 1.5
      vertex 75.6168579980731 2.5746499970555305 1.5
    endloop
  endfacet
  facet normal 0 0 1
    outer loop
      vertex 139.7373690009117 1.837747998535633 1.5
      vertex 148.7089999988675 1.837747998535633 1.5
      vertex 75.6168579980731 2.5746499970555305 1.5
    endloop
  endfacet
  facet normal 0 0 1
    outer loop
      vertex 139.7373690009117 1.837747998535633 1.5
      vertex 75.6168579980731 2.5746499970555305 1.5
      vertex 75.61619800329208 2.560608997941017 1.5
    endloop
  endfacet
  facet normal 0 0 1
    outer loop
      vertex 139.68081299960613 1.834536999464035 1.5
      vertex 139.7373690009117 1.837747998535633 1.5
      vertex 75.61619800329208 2.560608997941017 1.5
    endloop
  endfacet
  facet normal 0 0 1
    outer loop
      vertex 122.77942399680614 -0.0911329984664917 1.5
      vertex 139.68081299960613 1.834536999464035 1.5
      vertex 75.61619800329208 2.560608997941017 1.5
    endloop
  endfacet
  facet normal 0 0 1
    outer loop
      vertex 122.7557360008359 -0.09499800205230713 1.5
      vertex 122.77942399680614 -0.0911329984664917 1.5
      vertex 75.61619800329208 2.560608997941017 1.5
    endloop
  endfacet
  facet normal 0 0 1
    outer loop
      vertex 122.73154699802399 -0.10395999997854233 1.5
      vertex 122.7557360008359 -0.09499800205230713 1.5
      vertex 75.61619800329208 2.560608997941017 1.5
    endloop
  endfacet
  facet normal 0 0 1
    outer loop
      vertex 122.6985670030117 -0.11813300102949142 1.5
      vertex 122.73154699802399 -0.10395999997854233 1.5
      vertex 75.61619800329208 2.560608997941017 1.5
    endloop
  endfacet
  facet normal 0 0 1
    outer loop
      vertex 122.61209499835968 -0.1463019996881485 1.5
      vertex 122.6985670030117 -0.11813300102949142 1.5
      vertex 75.61619800329208 2.560608997941017 1.5
    endloop
  endfacet
  facet normal 0 0 1
    outer loop
      vertex 122.52342200279236 -0.16649799793958664 1.5
      vertex 122.61209499835968 -0.1463019996881485 1.5
      vertex 75.61619800329208 2.560608997941017 1.5
    endloop
  endfacet
  facet normal 0 0 1
    outer loop
      vertex 122.43328099697828 -0.17855499684810638 1.5
      vertex 122.52342200279236 -0.16649799793958664 1.5
      vertex 75.61619800329208 2.560608997941017 1.5
    endloop
  endfacet
  facet normal 0 0 1
    outer loop
      vertex 120.61082699894905 -0.3383829966187477 1.5
      vertex 122.43328099697828 -0.17855499684810638 1.5
      vertex 75.61619800329208 2.560608997941017 1.5
    endloop
  endfacet
  facet normal 0 0 1
    outer loop
      vertex 120.59790799766779 -0.33968500047922134 1.5
      vertex 120.61082699894905 -0.3383829966187477 1.5
      vertex 75.61619800329208 2.560608997941017 1.5
    endloop
  endfacet
  facet normal 0 0 1
    outer loop
      vertex 119.3559520021081 -0.48118799924850464 1.5
      vertex 120.59790799766779 -0.33968500047922134 1.5
      vertex 75.61619800329208 2.560608997941017 1.5
    endloop
  endfacet
  facet normal 0 0 1
    outer loop
      vertex 75.6168579980731 2.5746499970555305 1.5
      vertex 149.66594000160694 2.547463998198509 1.5
      vertex 149.6897850036621 2.6426580026745796 1.5
    endloop
  endfacet
  facet normal 0 0 1
    outer loop
      vertex 75.6168579980731 2.5746499970555305 1.5
      vertex 149.6897850036621 2.6426580026745796 1.5
      vertex 149.7041850015521 2.7397309988737106 1.5
    endloop
  endfacet
  facet normal 0 0 1
    outer loop
      vertex 75.6168579980731 2.5746499970555305 1.5
      vertex 149.7041850015521 2.7397309988737106 1.5
      vertex 149.7089999988675 2.837747998535633 1.5
    endloop
  endfacet
  facet normal 0 0 1
    outer loop
      vertex 91.82871899753809 93.377361997962 1.5
      vertex 91.84277299791574 93.37710800021887 1.5
      vertex 106.84477800130844 95.74712499976158 1.5
    endloop
  endfacet
  facet normal 0 0 1
    outer loop
      vertex 24.122249998152256 59.50999999791384 1.5
      vertex 22.715309999883175 59.67569000273943 1.5
      vertex 22.70127099752426 59.67499999701977 1.5
    endloop
  endfacet
  facet normal 0 0 1
    outer loop
      vertex 8.73072899878025 59.67499999701977 1.5
      vertex 8.716689996421337 59.67569000273943 1.5
      vertex 7.309749998152256 59.50999999791384 1.5
    endloop
  endfacet
  facet normal 0 0 1
    outer loop
      vertex 132.14723700284958 82.70179100334644 1.5
      vertex 130.73070000112057 82.72061999887228 1.5
      vertex 130.71680700033903 82.71847700327635 1.5
    endloop
  endfacet
  facet normal 0 0 1
    outer loop
      vertex 115.425462000072 80.9575389996171 1.5
      vertex 132.14723700284958 82.70179100334644 1.5
      vertex 130.71680700033903 82.71847700327635 1.5
    endloop
  endfacet
  facet normal 0 0 1
    outer loop
      vertex 115.425462000072 80.9575389996171 1.5
      vertex 130.71680700033903 82.71847700327635 1.5
      vertex 116.82165499776602 81.2690709978342 1.5
    endloop
  endfacet
  facet normal 0 0 1
    outer loop
      vertex 115.425462000072 80.9575389996171 1.5
      vertex 116.82165499776602 81.2690709978342 1.5
      vertex 116.80761999636889 81.26829999685287 1.5
    endloop
  endfacet
  facet normal 0 0 1
    outer loop
      vertex 115.425462000072 80.9575389996171 1.5
      vertex 116.80761999636889 81.26829999685287 1.5
      vertex 116.80547700077295 81.28219299763441 1.5
    endloop
  endfacet
  facet normal 0 0 1
    outer loop
      vertex 115.425462000072 80.9575389996171 1.5
      vertex 116.80547700077295 81.28219299763441 1.5
      vertex 115.35607100278139 95.17734500020742 1.5
    endloop
  endfacet
  facet normal 0 0 1
    outer loop
      vertex 113.80700399726629 96.47335600107908 1.5
      vertex 115.425462000072 80.9575389996171 1.5
      vertex 115.35607100278139 95.17734500020742 1.5
    endloop
  endfacet
  facet normal 0 0 1
    outer loop
      vertex 113.80700399726629 96.47335600107908 1.5
      vertex 115.35607100278139 95.17734500020742 1.5
      vertex 115.35530000180006 95.19138000160456 1.5
    endloop
  endfacet
  facet normal 0 0 1
    outer loop
      vertex 113.80700399726629 96.47335600107908 1.5
      vertex 115.35530000180006 95.19138000160456 1.5
      vertex 115.3691930025816 95.19352299720049 1.5
    endloop
  endfacet
  facet normal 0 0 1
    outer loop
      vertex 113.80700399726629 96.47335600107908 1.5
      vertex 115.3691930025816 95.19352299720049 1.5
      vertex 130.52877800166607 98.21760799735785 1.5
    endloop
  endfacet
  facet normal 0 0 1
    outer loop
      vertex 113.80700399726629 96.47335600107908 1.5
      vertex 130.52877800166607 98.21760799735785 1.5
      vertex 100.20020200312138 99.16621799767017 1.5
    endloop
  endfacet
  facet normal 0 0 1
    outer loop
      vertex 106.84477800130844 95.74712499976158 1.5
      vertex 113.80700399726629 96.47335600107908 1.5
      vertex 100.20020200312138 99.16621799767017 1.5
    endloop
  endfacet
  facet normal 0 0 1
    outer loop
      vertex 91.82871899753809 93.377361997962 1.5
      vertex 106.84477800130844 95.74712499976158 1.5
      vertex 100.20020200312138 99.16621799767017 1.5
    endloop
  endfacet
  facet normal 0 0 1
    outer loop
      vertex 91.82871899753809 93.377361997962 1.5
      vertex 100.20020200312138 99.16621799767017 1.5
      vertex 100.16385400295258 99.16376200318336 1.5
    endloop
  endfacet
  facet normal 0 0 1
    outer loop
      vertex 77.86490300297737 92.9438979998231 1.5
      vertex 91.82871899753809 93.377361997962 1.5
      vertex 100.16385400295258 99.16376200318336 1.5
    endloop
  endfacet
  facet normal 0 0 1
    outer loop
      vertex 77.86490300297737 92.9438979998231 1.5
      vertex 100.16385400295258 99.16376200318336 1.5
      vertex 67.44072700291872 98.14797300100327 1.5
    endloop
  endfacet
  facet normal 0 0 1
    outer loop
      vertex 77.85089199990034 92.94277299940586 1.5
      vertex 77.86490300297737 92.9438979998231 1.5
      vertex 67.44072700291872 98.14797300100327 1.5
    endloop
  endfacet
  facet normal 0 0 1
    outer loop
      vertex 53.67231000214815 92.72431000322104 1.5
      vertex 77.85089199990034 92.94277299940586 1.5
      vertex 67.44072700291872 98.14797300100327 1.5
    endloop
  endfacet
  facet normal 0 0 1
    outer loop
      vertex 53.67231000214815 92.72431000322104 1.5
      vertex 67.44072700291872 98.14797300100327 1.5
      vertex 67.41627199947834 98.1484149992466 1.5
    endloop
  endfacet
  facet normal 0 0 1
    outer loop
      vertex 53.67231000214815 92.72431000322104 1.5
      vertex 67.41627199947834 98.1484149992466 1.5
      vertex 67.40409799665213 98.14983599632978 1.5
    endloop
  endfacet
  facet normal 0 0 1
    outer loop
      vertex 53.67231000214815 92.72431000322104 1.5
      vertex 67.40409799665213 98.14983599632978 1.5
      vertex 67.32832700014114 98.16237200051546 1.5
    endloop
  endfacet
  facet normal 0 0 1
    outer loop
      vertex 53.67231000214815 92.72431000322104 1.5
      vertex 67.32832700014114 98.16237200051546 1.5
      vertex 67.22767399996519 98.16872700303793 1.5
    endloop
  endfacet
  facet normal 0 0 1
    outer loop
      vertex 53.67231000214815 92.72431000322104 1.5
      vertex 67.22767399996519 98.16872700303793 1.5
      vertex 59.37637600302696 98.26775199919939 1.5
    endloop
  endfacet
  facet normal 0 0 1
    outer loop
      vertex 53.67231000214815 92.72431000322104 1.5
      vertex 59.37637600302696 98.26775199919939 1.5
      vertex 59.296489998698235 98.26556599885225 1.5
    endloop
  endfacet
  facet normal 0 0 1
    outer loop
      vertex 53.67231000214815 92.72431000322104 1.5
      vertex 59.296489998698235 98.26556599885225 1.5
      vertex 59.21703399717808 98.2570080012083 1.5
    endloop
  endfacet
  facet normal 0 0 1
    outer loop
      vertex 53.67231000214815 92.72431000322104 1.5
      vertex 59.21703399717808 98.2570080012083 1.5
      vertex 59.17788200080395 98.25119999796152 1.5
    endloop
  endfacet
  facet normal 0 0 1
    outer loop
      vertex 53.67231000214815 92.72431000322104 1.5
      vertex 59.17788200080395 98.25119999796152 1.5
      vertex 59.15345100313425 98.25 1.5
    endloop
  endfacet
  facet normal 0 0 1
    outer loop
      vertex 53.65827099978924 92.72500000149012 1.5
      vertex 53.67231000214815 92.72431000322104 1.5
      vertex 59.15345100313425 98.25 1.5
    endloop
  endfacet
  facet normal 0 0 1
    outer loop
      vertex 34.924728997051716 92.72500000149012 1.5
      vertex 53.65827099978924 92.72500000149012 1.5
      vertex 59.15345100313425 98.25 1.5
    endloop
  endfacet
  facet normal 0 0 1
    outer loop
      vertex 34.924728997051716 92.72500000149012 1.5
      vertex 59.15345100313425 98.25 1.5
      vertex -7.715250000357628 98.25 1.5
    endloop
  endfacet
  facet normal 0 0 1
    outer loop
      vertex 34.91007100045681 92.72427999973297 1.5
      vertex 34.924728997051716 92.72500000149012 1.5
      vertex -7.715250000357628 98.25 1.5
    endloop
  endfacet
  facet normal 0 0 1
    outer loop
      vertex 34.90846200287342 92.72404100000858 1.5
      vertex 34.91007100045681 92.72427999973297 1.5
      vertex -7.715250000357628 98.25 1.5
    endloop
  endfacet
  facet normal 0 0 1
    outer loop
      vertex 34.85403800010681 92.71321599930525 1.5
      vertex 34.90846200287342 92.72404100000858 1.5
      vertex -7.715250000357628 98.25 1.5
    endloop
  endfacet
  facet normal 0 0 1
    outer loop
      vertex 34.79544100165367 92.70744399726391 1.5
      vertex 34.85403800010681 92.71321599930525 1.5
      vertex -7.715250000357628 98.25 1.5
    endloop
  endfacet
  facet normal 0 0 1
    outer loop
      vertex 34.79544100165367 92.70744399726391 1.5
      vertex -7.715250000357628 98.25 1.5
      vertex -7.81326700001955 98.2451850026846 1.5
    endloop
  endfacet
  facet normal 0 0 1
    outer loop
      vertex 34.79544100165367 92.70744399726391 1.5
      vertex -7.81326700001955 98.2451850026846 1.5
      vertex -7.910340003669262 98.23078499734402 1.5
    endloop
  endfacet
  facet normal 0 0 1
    outer loop
      vertex 34.79544100165367 92.70744399726391 1.5
      vertex -7.910340003669262 98.23078499734402 1.5
      vertex -8.005534999072552 98.20694000273943 1.5
    endloop
  endfacet
  facet normal 0 0 1
    outer loop
      vertex 34.79544100165367 92.70744399726391 1.5
      vertex -8.005534999072552 98.20694000273943 1.5
      vertex -8.097933001816273 98.1738800033927 1.5
    endloop
  endfacet
  facet normal 0 0 1
    outer loop
      vertex 34.79544100165367 92.70744399726391 1.5
      vertex -8.097933001816273 98.1738800033927 1.5
      vertex -8.18664699792862 98.13192100077868 1.5
    endloop
  endfacet
  facet normal 0 0 1
    outer loop
      vertex 34.79544100165367 92.70744399726391 1.5
      vertex -8.18664699792862 98.13192100077868 1.5
      vertex -8.270819999277592 98.08146999776363 1.5
    endloop
  endfacet
  facet normal 0 0 1
    outer loop
      vertex 34.79544100165367 92.70744399726391 1.5
      vertex -8.270819999277592 98.08146999776363 1.5
      vertex -8.349642999470234 98.02301000058651 1.5
    endloop
  endfacet
  facet normal 0 0 1
    outer loop
      vertex 34.79544100165367 92.70744399726391 1.5
      vertex -8.349642999470234 98.02301000058651 1.5
      vertex -8.422357000410557 97.95710700005293 1.5
    endloop
  endfacet
  facet normal 0 0 1
    outer loop
      vertex 34.79544100165367 92.70744399726391 1.5
      vertex -8.422357000410557 97.95710700005293 1.5
      vertex -8.488260000944138 97.8843929991126 1.5
    endloop
  endfacet
  facet normal 0 0 1
    outer loop
      vertex 34.79544100165367 92.70744399726391 1.5
      vertex -8.488260000944138 97.8843929991126 1.5
      vertex -8.546719998121262 97.80556999891996 1.5
    endloop
  endfacet
  facet normal 0 0 1
    outer loop
      vertex 34.79544100165367 92.70744399726391 1.5
      vertex -8.546719998121262 97.80556999891996 1.5
      vertex -8.597171001136303 97.72139699757099 1.5
    endloop
  endfacet
  facet normal 0 0 1
    outer loop
      vertex 34.79544100165367 92.70744399726391 1.5
      vertex -8.597171001136303 97.72139699757099 1.5
      vertex -8.639129996299744 97.63268300145864 1.5
    endloop
  endfacet
  facet normal 0 0 1
    outer loop
      vertex 34.79544100165367 92.70744399726391 1.5
      vertex -8.639129996299744 97.63268300145864 1.5
      vertex -8.672190003097057 97.54028499871492 1.5
    endloop
  endfacet
  facet normal 0 0 1
    outer loop
      vertex 34.79544100165367 92.70744399726391 1.5
      vertex -8.672190003097057 97.54028499871492 1.5
      vertex -8.696034997701645 97.44509000331163 1.5
    endloop
  endfacet
  facet normal 0 0 1
    outer loop
      vertex 34.79544100165367 92.70744399726391 1.5
      vertex -8.696034997701645 97.44509000331163 1.5
      vertex -8.710435003042221 97.34801699966192 1.5
    endloop
  endfacet
  facet normal 0 0 1
    outer loop
      vertex 34.79544100165367 92.70744399726391 1.5
      vertex -8.710435003042221 97.34801699966192 1.5
      vertex -8.715250000357628 97.25 1.5
    endloop
  endfacet
  facet normal 0 0 1
    outer loop
      vertex 149.7089999988675 63.18765400350094 1.5
      vertex 134.74545499682426 63.98456899821758 1.5
      vertex 120.86386399716139 62.41056899726391 1.5
    endloop
  endfacet
  facet normal 0 0 1
    outer loop
      vertex 113.54976399987936 61.714386001229286 1.5
      vertex 149.7089999988675 63.18765400350094 1.5
      vertex 120.86386399716139 62.41056899726391 1.5
    endloop
  endfacet
  facet normal 0 0 1
    outer loop
      vertex 113.54976399987936 61.714386001229286 1.5
      vertex 120.86386399716139 62.41056899726391 1.5
      vertex 120.84983599931002 62.4096729978919 1.5
    endloop
  endfacet
  facet normal 0 0 1
    outer loop
      vertex 113.54976399987936 61.714386001229286 1.5
      vertex 120.84983599931002 62.4096729978919 1.5
      vertex 120.84756900370121 62.42354500293732 1.5
    endloop
  endfacet
  facet normal 0 0 1
    outer loop
      vertex 112.43347299844027 75.64025899767876 1.5
      vertex 113.54976399987936 61.714386001229286 1.5
      vertex 120.84756900370121 62.42354500293732 1.5
    endloop
  endfacet
  facet normal 0 0 1
    outer loop
      vertex 112.43347299844027 75.64025899767876 1.5
      vertex 120.84756900370121 62.42354500293732 1.5
      vertex 119.27356900274754 76.3051360026002 1.5
    endloop
  endfacet
  facet normal 0 0 1
    outer loop
      vertex 112.43166399747133 75.6541979983449 1.5
      vertex 112.43347299844027 75.64025899767876 1.5
      vertex 119.27356900274754 76.3051360026002 1.5
    endloop
  endfacet
  facet normal 0 0 1
    outer loop
      vertex 112.43166399747133 75.6541979983449 1.5
      vertex 119.27356900274754 76.3051360026002 1.5
      vertex 92.2630970031023 79.38410200178623 1.5
    endloop
  endfacet
  facet normal 0 0 1
    outer loop
      vertex 112.41761399805546 75.65376400202513 1.5
      vertex 112.43166399747133 75.6541979983449 1.5
      vertex 92.2630970031023 79.38410200178623 1.5
    endloop
  endfacet
  facet normal 0 0 1
    outer loop
      vertex 31.122249998152256 75.10999999940395 1.5
      vertex 112.41761399805546 75.65376400202513 1.5
      vertex 92.2630970031023 79.38410200178623 1.5
    endloop
  endfacet
  facet normal 0 0 1
    outer loop
      vertex 149.7089999988675 24.664589002728462 1.5
      vertex 125.32044100016356 24.837766997516155 1.5
      vertex 125.30654899775982 24.835620999336243 1.5
    endloop
  endfacet
  facet normal 0 0 1
    outer loop
      vertex 149.7089999988675 2.837747998535633 1.5
      vertex 95.52323199808598 3.219691000878811 1.5
      vertex 95.52307800203562 3.205636002123356 1.5
    endloop
  endfacet
  facet normal 0 0 1
    outer loop
      vertex 149.7089999988675 2.837747998535633 1.5
      vertex 116.7591129988432 4.870029002428055 1.5
      vertex 102.84198900312185 3.6495010033249855 1.5
    endloop
  endfacet
  facet normal 0 0 1
    outer loop
      vertex 95.52323199808598 3.219691000878811 1.5
      vertex 149.7089999988675 2.837747998535633 1.5
      vertex 102.84198900312185 3.6495010033249855 1.5
    endloop
  endfacet
  facet normal 0 0 1
    outer loop
      vertex 95.52323199808598 3.219691000878811 1.5
      vertex 102.84198900312185 3.6495010033249855 1.5
      vertex 102.82794299721718 3.6489619985222816 1.5
    endloop
  endfacet
  facet normal 0 0 1
    outer loop
      vertex 95.52323199808598 3.219691000878811 1.5
      vertex 102.82794299721718 3.6489619985222816 1.5
      vertex 102.82602900266647 3.6628869995474815 1.5
    endloop
  endfacet
  facet normal 0 0 1
    outer loop
      vertex 95.52323199808598 3.219691000878811 1.5
      vertex 102.82602900266647 3.6628869995474815 1.5
      vertex 101.6055010035634 17.580011002719402 1.5
    endloop
  endfacet
  facet normal 0 0 1
    outer loop
      vertex 94.99058900028467 17.180074997246265 1.5
      vertex 95.52323199808598 3.219691000878811 1.5
      vertex 101.6055010035634 17.580011002719402 1.5
    endloop
  endfacet
  facet normal 0 0 1
    outer loop
      vertex 94.98936399817467 17.194077998399734 1.5
      vertex 94.99058900028467 17.180074997246265 1.5
      vertex 101.6055010035634 17.580011002719402 1.5
    endloop
  endfacet
  facet normal 0 0 1
    outer loop
      vertex 94.98936399817467 17.194077998399734 1.5
      vertex 101.6055010035634 17.580011002719402 1.5
      vertex 69.41044300049543 21.604399003088474 1.5
    endloop
  endfacet
  facet normal 0 0 1
    outer loop
      vertex 94.97530899941921 17.194232001900673 1.5
      vertex 94.98936399817467 17.194077998399734 1.5
      vertex 69.41044300049543 21.604399003088474 1.5
    endloop
  endfacet
  facet normal 0 0 1
    outer loop
      vertex 81.01492500305176 16.66158899664879 1.5
      vertex 94.97530899941921 17.194232001900673 1.5
      vertex 69.41044300049543 21.604399003088474 1.5
    endloop
  endfacet
  facet normal 0 0 1
    outer loop
      vertex 81.00092200189829 16.660364001989365 1.5
      vertex 81.01492500305176 16.66158899664879 1.5
      vertex 69.41044300049543 21.604399003088474 1.5
    endloop
  endfacet
  facet normal 0 0 1
    outer loop
      vertex 81.00076799839735 16.64630900323391 1.5
      vertex 81.00092200189829 16.660364001989365 1.5
      vertex 69.41044300049543 21.604399003088474 1.5
    endloop
  endfacet
  facet normal 0 0 1
    outer loop
      vertex 81.00076799839735 16.64630900323391 1.5
      vertex 69.41044300049543 21.604399003088474 1.5
      vertex 69.39639600366354 21.604925997555256 1.5
    endloop
  endfacet
  facet normal 0 0 1
    outer loop
      vertex 81.00076799839735 16.64630900323391 1.5
      vertex 69.39639600366354 21.604925997555256 1.5
      vertex 64.1493100002408 21.575690001249313 1.5
    endloop
  endfacet
  facet normal 0 0 1
    outer loop
      vertex 81.00076799839735 16.64630900323391 1.5
      vertex 64.1493100002408 21.575690001249313 1.5
      vertex 64.13527099788189 21.575000002980232 1.5
    endloop
  endfacet
  facet normal 0 0 1
    outer loop
      vertex 81.00076799839735 16.64630900323391 1.5
      vertex 64.13527099788189 21.575000002980232 1.5
      vertex 50.16472899913788 21.575000002980232 1.5
    endloop
  endfacet
  facet normal 0 0 1
    outer loop
      vertex 144.16294600069523 41.04675800353289 1.5
      vertex 108.18664000183344 42.17092300206423 1.5
      vertex 108.1726789996028 42.169288001954556 1.5
    endloop
  endfacet
  facet normal 0 0 1
    outer loop
      vertex 130.28220900148153 39.46524800360203 1.5
      vertex 144.16294600069523 41.04675800353289 1.5
      vertex 87.32804799824953 40.956647999584675 1.5
    endloop
  endfacet
  facet normal 0 0 1
    outer loop
      vertex 130.28220900148153 39.46524800360203 1.5
      vertex 87.32804799824953 40.956647999584675 1.5
      vertex 87.3276289999485 40.942597001791 1.5
    endloop
  endfacet
  facet normal 0 0 1
    outer loop
      vertex 130.2683380022645 39.46297299861908 1.5
      vertex 130.28220900148153 39.46524800360203 1.5
      vertex 87.3276289999485 40.942597001791 1.5
    endloop
  endfacet
  facet normal 0 0 1
    outer loop
      vertex 123.86423300206661 38.76044099777937 1.5
      vertex 130.2683380022645 39.46297299861908 1.5
      vertex 87.3276289999485 40.942597001791 1.5
    endloop
  endfacet
  facet normal 0 0 1
    outer loop
      vertex 123.85019800066948 38.75966600328684 1.5
      vertex 123.86423300206661 38.76044099777937 1.5
      vertex 87.3276289999485 40.942597001791 1.5
    endloop
  endfacet
  facet normal 0 0 1
    outer loop
      vertex 109.95545099675655 37.30637899786234 1.5
      vertex 123.85019800066948 38.75966600328684 1.5
      vertex 87.3276289999485 40.942597001791 1.5
    endloop
  endfacet
  facet normal 0 0 1
    outer loop
      vertex 109.9415590018034 37.30423299968243 1.5
      vertex 109.95545099675655 37.30637899786234 1.5
      vertex 87.3276289999485 40.942597001791 1.5
    endloop
  endfacet
  facet normal 0 0 1
    outer loop
      vertex 109.94233399629593 37.290197998285294 1.5
      vertex 109.9415590018034 37.30423299968243 1.5
      vertex 87.3276289999485 40.942597001791 1.5
    endloop
  endfacet
  facet normal 0 0 1
    outer loop
      vertex 109.94233399629593 37.290197998285294 1.5
      vertex 87.3276289999485 40.942597001791 1.5
      vertex 87.31360500305891 40.94163800030947 1.5
    endloop
  endfacet
  facet normal 0 0 1
    outer loop
      vertex 109.94233399629593 37.290197998285294 1.5
      vertex 87.31360500305891 40.94163800030947 1.5
      vertex 73.34564799815416 40.67295199632645 1.5
    endloop
  endfacet
  facet normal 0 0 1
    outer loop
      vertex 119.3559520021081 -0.48118799924850464 1.5
      vertex 75.61619800329208 2.560608997941017 1.5
      vertex 75.60215999931097 2.559890002012253 1.5
    endloop
  endfacet
  facet normal 0 0 1
    outer loop
      vertex 31.122249998152256 75.10999999940395 1.5
      vertex 92.2630970031023 79.38410200178623 1.5
      vertex 78.299281001091 78.95063800364733 1.5
    endloop
  endfacet
  facet normal 0 0 1
    outer loop
      vertex 31.122249998152256 75.10999999940395 1.5
      vertex 78.299281001091 78.95063800364733 1.5
      vertex 78.28522700071335 78.95089200139046 1.5
    endloop
  endfacet
  facet normal 0 0 1
    outer loop
      vertex 31.122249998152256 75.10999999940395 1.5
      vertex 78.28522700071335 78.95089200139046 1.5
      vertex 53.67231000214815 78.7256899997592 1.5
    endloop
  endfacet
  facet normal 0 0 1
    outer loop
      vertex 31.122249998152256 75.10999999940395 1.5
      vertex 53.67231000214815 78.7256899997592 1.5
      vertex 53.65827099978924 78.72500000149012 1.5
    endloop
  endfacet
  facet normal 0 0 1
    outer loop
      vertex 31.122249998152256 75.10999999940395 1.5
      vertex 53.65827099978924 78.72500000149012 1.5
      vertex 34.924728997051716 78.72500000149012 1.5
    endloop
  endfacet
  facet normal 0 0 1
    outer loop
      vertex 31.122249998152256 75.10999999940395 1.5
      vertex 34.924728997051716 78.72500000149012 1.5
      vertex 34.91007100045681 78.72572000324726 1.5
    endloop
  endfacet
  facet normal 0 0 1
    outer loop
      vertex 31.122249998152256 75.10999999940395 1.5
      vertex 34.91007100045681 78.72572000324726 1.5
      vertex 34.90846200287342 78.72595900297165 1.5
    endloop
  endfacet
  facet normal 0 0 1
    outer loop
      vertex 31.122249998152256 75.10999999940395 1.5
      vertex 34.90846200287342 78.72595900297165 1.5
      vertex 34.85403800010681 78.73678400367498 1.5
    endloop
  endfacet
  facet normal 0 0 1
    outer loop
      vertex 31.122249998152256 75.10999999940395 1.5
      vertex 34.85403800010681 78.73678400367498 1.5
      vertex 34.79544100165367 78.74255599826574 1.5
    endloop
  endfacet
  facet normal 0 0 1
    outer loop
      vertex 31.122249998152256 75.10999999940395 1.5
      vertex 34.79544100165367 78.74255599826574 1.5
      vertex 34.73655900359154 78.74255599826574 1.5
    endloop
  endfacet
  facet normal 0 0 1
    outer loop
      vertex 31.122249998152256 75.10999999940395 1.5
      vertex 34.73655900359154 78.74255599826574 1.5
      vertex 34.67796199768782 78.73678400367498 1.5
    endloop
  endfacet
  facet normal 0 0 1
    outer loop
      vertex 31.122249998152256 75.10999999940395 1.5
      vertex 34.67796199768782 78.73678400367498 1.5
      vertex 34.62353800237179 78.72595900297165 1.5
    endloop
  endfacet
  facet normal 0 0 1
    outer loop
      vertex 31.122249998152256 75.10999999940395 1.5
      vertex 34.62353800237179 78.72595900297165 1.5
      vertex 34.62192899733782 78.72572000324726 1.5
    endloop
  endfacet
  facet normal 0 0 1
    outer loop
      vertex 31.122249998152256 75.10999999940395 1.5
      vertex 34.62192899733782 78.72572000324726 1.5
      vertex 34.60727100074291 78.72500000149012 1.5
    endloop
  endfacet
  facet normal 0 0 1
    outer loop
      vertex 24.122249998152256 75.10999999940395 1.5
      vertex 31.122249998152256 75.10999999940395 1.5
      vertex 34.60727100074291 78.72500000149012 1.5
    endloop
  endfacet
  facet normal 0 0 1
    outer loop
      vertex 24.122249998152256 75.10999999940395 1.5
      vertex 34.60727100074291 78.72500000149012 1.5
      vertex 20.6367290019989 78.72500000149012 1.5
    endloop
  endfacet
  facet normal 0 0 1
    outer loop
      vertex 7.309749998152256 75.10999999940395 1.5
      vertex 24.122249998152256 75.10999999940395 1.5
      vertex 20.6367290019989 78.72500000149012 1.5
    endloop
  endfacet
  facet normal 0 0 1
    outer loop
      vertex 7.309749998152256 75.10999999940395 1.5
      vertex 20.6367290019989 78.72500000149012 1.5
      vertex 20.622070997953415 78.72572000324726 1.5
    endloop
  endfacet
  facet normal 0 0 1
    outer loop
      vertex 7.309749998152256 75.10999999940395 1.5
      vertex 20.622070997953415 78.72572000324726 1.5
      vertex 20.619952000677586 78.72603400051594 1.5
    endloop
  endfacet
  facet normal 0 0 1
    outer loop
      vertex 7.309749998152256 75.10999999940395 1.5
      vertex 20.619952000677586 78.72603400051594 1.5
      vertex 20.566537998616695 78.73665899783373 1.5
    endloop
  endfacet
  facet normal 0 0 1
    outer loop
      vertex 7.309749998152256 75.10999999940395 1.5
      vertex 20.566537998616695 78.73665899783373 1.5
      vertex 20.507941000163555 78.74243000149727 1.5
    endloop
  endfacet
  facet normal 0 0 1
    outer loop
      vertex 7.309749998152256 75.10999999940395 1.5
      vertex 20.507941000163555 78.74243000149727 1.5
      vertex 20.44905900210142 78.74243000149727 1.5
    endloop
  endfacet
  facet normal 0 0 1
    outer loop
      vertex 7.309749998152256 75.10999999940395 1.5
      vertex 20.44905900210142 78.74243000149727 1.5
      vertex 20.39046200364828 78.73665899783373 1.5
    endloop
  endfacet
  facet normal 0 0 1
    outer loop
      vertex 7.309749998152256 75.10999999940395 1.5
      vertex 20.39046200364828 78.73665899783373 1.5
      vertex 20.33704800158739 78.72603400051594 1.5
    endloop
  endfacet
  facet normal 0 0 1
    outer loop
      vertex 7.309749998152256 75.10999999940395 1.5
      vertex 20.33704800158739 78.72603400051594 1.5
      vertex 20.33492899686098 78.72572000324726 1.5
    endloop
  endfacet
  facet normal 0 0 1
    outer loop
      vertex 7.309749998152256 75.10999999940395 1.5
      vertex 20.33492899686098 78.72572000324726 1.5
      vertex 20.320271000266075 78.72500000149012 1.5
    endloop
  endfacet
  facet normal 0 0 1
    outer loop
      vertex 7.309749998152256 75.10999999940395 1.5
      vertex 20.320271000266075 78.72500000149012 1.5
      vertex 1.586728997528553 78.72500000149012 1.5
    endloop
  endfacet
  facet normal 0 0 1
    outer loop
      vertex 0.309749998152256 75.10999999940395 1.5
      vertex 7.309749998152256 75.10999999940395 1.5
      vertex 1.586728997528553 78.72500000149012 1.5
    endloop
  endfacet
  facet normal 0 0 1
    outer loop
      vertex 0.309749998152256 75.10999999940395 1.5
      vertex 1.586728997528553 78.72500000149012 1.5
      vertex 1.5726900026202202 78.7256899997592 1.5
    endloop
  endfacet
  facet normal 0 0 1
    outer loop
      vertex 0.309749998152256 75.10999999940395 1.5
      vertex 1.5726900026202202 78.7256899997592 1.5
      vertex 1.5719999969005585 78.73972900211811 1.5
    endloop
  endfacet
  facet normal 0 0 1
    outer loop
      vertex 0.309749998152256 75.10999999940395 1.5
      vertex 1.5719999969005585 78.73972900211811 1.5
      vertex 1.5719999969005585 92.71027100086212 1.5
    endloop
  endfacet
  facet normal 0 0 1
    outer loop
      vertex 24.122249998152256 59.50999999791384 1.5
      vertex 22.70127099752426 59.67499999701977 1.5
      vertex 8.73072899878025 59.67499999701977 1.5
    endloop
  endfacet
  facet normal 0 0 1
    outer loop
      vertex 24.122249998152256 59.50999999791384 1.5
      vertex 8.73072899878025 59.67499999701977 1.5
      vertex 7.309749998152256 59.50999999791384 1.5
    endloop
  endfacet
  facet normal 0 0 1
    outer loop
      vertex 103.92772199958563 22.802518002688885 1.5
      vertex 103.92784199863672 22.78846199810505 1.5
      vertex 149.7089999988675 24.664589002728462 1.5
    endloop
  endfacet
  facet normal 0 0 1
    outer loop
      vertex 149.7089999988675 24.664589002728462 1.5
      vertex 125.30654899775982 24.835620999336243 1.5
      vertex 111.41180200129747 23.382334001362324 1.5
    endloop
  endfacet
  facet normal 0 0 1
    outer loop
      vertex 103.92772199958563 22.802518002688885 1.5
      vertex 149.7089999988675 24.664589002728462 1.5
      vertex 111.41180200129747 23.382334001362324 1.5
    endloop
  endfacet
  facet normal 0 0 1
    outer loop
      vertex 103.92772199958563 22.802518002688885 1.5
      vertex 111.41180200129747 23.382334001362324 1.5
      vertex 111.39776699990034 23.381558999419212 1.5
    endloop
  endfacet
  facet normal 0 0 1
    outer loop
      vertex 103.92772199958563 22.802518002688885 1.5
      vertex 111.39776699990034 23.381558999419212 1.5
      vertex 111.39562100172043 23.39545100182295 1.5
    endloop
  endfacet
  facet normal 0 0 1
    outer loop
      vertex 103.92772199958563 22.802518002688885 1.5
      vertex 111.39562100172043 23.39545100182295 1.5
      vertex 109.94233399629593 37.290197998285294 1.5
    endloop
  endfacet
  facet normal 0 0 1
    outer loop
      vertex 103.12303499877453 36.749866001307964 1.5
      vertex 103.92772199958563 22.802518002688885 1.5
      vertex 109.94233399629593 37.290197998285294 1.5
    endloop
  endfacet
  facet normal 0 0 1
    outer loop
      vertex 103.12153799831867 36.76384200155735 1.5
      vertex 103.12303499877453 36.749866001307964 1.5
      vertex 109.94233399629593 37.290197998285294 1.5
    endloop
  endfacet
  facet normal 0 0 1
    outer loop
      vertex 103.12153799831867 36.76384200155735 1.5
      vertex 109.94233399629593 37.290197998285294 1.5
      vertex 73.34564799815416 40.67295199632645 1.5
    endloop
  endfacet
  facet normal 0 0 1
    outer loop
      vertex 103.10748200118542 36.763722002506256 1.5
      vertex 103.12153799831867 36.76384200155735 1.5
      vertex 73.34564799815416 40.67295199632645 1.5
    endloop
  endfacet
  facet normal 0 0 1
    outer loop
      vertex 89.16013400256634 35.959035001695156 1.5
      vertex 103.10748200118542 36.763722002506256 1.5
      vertex 73.34564799815416 40.67295199632645 1.5
    endloop
  endfacet
  facet normal 0 0 1
    outer loop
      vertex 89.14615800231695 35.9575380012393 1.5
      vertex 89.16013400256634 35.959035001695156 1.5
      vertex 73.34564799815416 40.67295199632645 1.5
    endloop
  endfacet
  facet normal 0 0 1
    outer loop
      vertex 83.23160400241613 35.765073999762535 1.5
      vertex 89.14615800231695 35.9575380012393 1.5
      vertex 73.34564799815416 40.67295199632645 1.5
    endloop
  endfacet
  facet normal 0 0 1
    outer loop
      vertex 83.21755699813366 35.7656010016799 1.5
      vertex 83.23160400241613 35.765073999762535 1.5
      vertex 73.34564799815416 40.67295199632645 1.5
    endloop
  endfacet
  facet normal 0 0 1
    outer loop
      vertex 69.24795600026846 35.60345599800348 1.5
      vertex 83.21755699813366 35.7656010016799 1.5
      vertex 73.34564799815416 40.67295199632645 1.5
    endloop
  endfacet
  facet normal 0 0 1
    outer loop
      vertex 69.24795600026846 35.60345599800348 1.5
      vertex 73.34564799815416 40.67295199632645 1.5
      vertex 73.33159700036049 40.673371002078056 1.5
    endloop
  endfacet
  facet normal 0 0 1
    outer loop
      vertex 69.24795600026846 35.60345599800348 1.5
      vertex 73.33159700036049 40.673371002078056 1.5
      vertex 67.95931000262499 40.62568999826908 1.5
    endloop
  endfacet
  facet normal 0 0 1
    outer loop
      vertex 69.2339259982109 35.60260400176048 1.5
      vertex 69.24795600026846 35.60345599800348 1.5
      vertex 67.95931000262499 40.62568999826908 1.5
    endloop
  endfacet
  facet normal 0 0 1
    outer loop
      vertex 64.1493100002408 35.57430999726057 1.5
      vertex 69.2339259982109 35.60260400176048 1.5
      vertex 67.95931000262499 40.62568999826908 1.5
    endloop
  endfacet
  facet normal 0 0 1
    outer loop
      vertex 64.1493100002408 35.57430999726057 1.5
      vertex 67.95931000262499 40.62568999826908 1.5
      vertex 67.94527100026608 40.625 1.5
    endloop
  endfacet
  facet normal 0 0 1
    outer loop
      vertex 64.1493100002408 35.57430999726057 1.5
      vertex 67.94527100026608 40.625 1.5
      vertex 53.974729001522064 40.625 1.5
    endloop
  endfacet
  facet normal 0 0 1
    outer loop
      vertex 64.13527099788189 35.57500000298023 1.5
      vertex 64.1493100002408 35.57430999726057 1.5
      vertex 53.974729001522064 40.625 1.5
    endloop
  endfacet
  facet normal 0 0 1
    outer loop
      vertex 50.16472899913788 35.57500000298023 1.5
      vertex 64.13527099788189 35.57500000298023 1.5
      vertex 53.974729001522064 40.625 1.5
    endloop
  endfacet
  facet normal 0 0 1
    outer loop
      vertex 50.16472899913788 35.57500000298023 1.5
      vertex 53.974729001522064 40.625 1.5
      vertex 53.96068999916315 40.62568999826908 1.5
    endloop
  endfacet
  facet normal 0 0 1
    outer loop
      vertex 50.16472899913788 35.57500000298023 1.5
      vertex 53.96068999916315 40.62568999826908 1.5
      vertex 48.90930999815464 40.62568999826908 1.5
    endloop
  endfacet
  facet normal 0 0 1
    outer loop
      vertex 50.150689996778965 35.57430999726057 1.5
      vertex 50.16472899913788 35.57500000298023 1.5
      vertex 48.90930999815464 40.62568999826908 1.5
    endloop
  endfacet
  facet normal 0 0 1
    outer loop
      vertex 45.099310003221035 35.57430999726057 1.5
      vertex 50.150689996778965 35.57430999726057 1.5
      vertex 48.90930999815464 40.62568999826908 1.5
    endloop
  endfacet
  facet normal 0 0 1
    outer loop
      vertex 45.099310003221035 35.57430999726057 1.5
      vertex 48.90930999815464 40.62568999826908 1.5
      vertex 48.89527100324631 40.625 1.5
    endloop
  endfacet
  facet normal 0 0 1
    outer loop
      vertex 45.099310003221035 35.57430999726057 1.5
      vertex 48.89527100324631 40.625 1.5
      vertex 34.924728997051716 40.625 1.5
    endloop
  endfacet
  facet normal 0 0 1
    outer loop
      vertex 45.08527100086212 35.57500000298023 1.5
      vertex 45.099310003221035 35.57430999726057 1.5
      vertex 34.924728997051716 40.625 1.5
    endloop
  endfacet
  facet normal 0 0 1
    outer loop
      vertex 31.11472900211811 35.57500000298023 1.5
      vertex 45.08527100086212 35.57500000298023 1.5
      vertex 34.924728997051716 40.625 1.5
    endloop
  endfacet
  facet normal 0 0 1
    outer loop
      vertex 31.11472900211811 35.57500000298023 1.5
      vertex 34.924728997051716 40.625 1.5
      vertex 34.91069000214338 40.62568999826908 1.5
    endloop
  endfacet
  facet normal 0 0 1
    outer loop
      vertex 31.11472900211811 35.57500000298023 1.5
      vertex 34.91069000214338 40.62568999826908 1.5
      vertex 22.715309999883175 40.62568999826908 1.5
    endloop
  endfacet
  facet normal 0 0 1
    outer loop
      vertex 31.100689999759197 35.57430999726057 1.5
      vertex 31.11472900211811 35.57500000298023 1.5
      vertex 22.715309999883175 40.62568999826908 1.5
    endloop
  endfacet
  facet normal 0 0 1
    outer loop
      vertex 21.287309996783733 35.57430999726057 1.5
      vertex 31.100689999759197 35.57430999726057 1.5
      vertex 22.715309999883175 40.62568999826908 1.5
    endloop
  endfacet
  facet normal 0 0 1
    outer loop
      vertex 21.287309996783733 35.57430999726057 1.5
      vertex 22.715309999883175 40.62568999826908 1.5
      vertex 22.70127099752426 40.625 1.5
    endloop
  endfacet
  facet normal 0 0 1
    outer loop
      vertex 21.2732710018754 35.57500000298023 1.5
      vertex 21.287309996783733 35.57430999726057 1.5
      vertex 22.70127099752426 40.625 1.5
    endloop
  endfacet
  facet normal 0 0 1
    outer loop
      vertex 7.30272900313139 35.57500000298023 1.5
      vertex 21.2732710018754 35.57500000298023 1.5
      vertex 22.70127099752426 40.625 1.5
    endloop
  endfacet
  facet normal 0 0 1
    outer loop
      vertex 7.30272900313139 35.57500000298023 1.5
      vertex 22.70127099752426 40.625 1.5
      vertex 3.968229003250599 40.625 1.5
    endloop
  endfacet
  facet normal 0 0 1
    outer loop
      vertex 7.288690000772476 35.57430999726057 1.5
      vertex 7.30272900313139 35.57500000298023 1.5
      vertex 3.968229003250599 40.625 1.5
    endloop
  endfacet
  facet normal 0 0 1
    outer loop
      vertex 7.288690000772476 35.57430999726057 1.5
      vertex 3.968229003250599 40.625 1.5
      vertex 3.9541900008916855 40.62568999826908 1.5
    endloop
  endfacet
  facet normal 0 0 1
    outer loop
      vertex 7.288000002503395 35.56027100235224 1.5
      vertex 7.288690000772476 35.57430999726057 1.5
      vertex 3.9541900008916855 40.62568999826908 1.5
    endloop
  endfacet
  facet normal 0 0 1
    outer loop
      vertex 7.288000002503395 21.589729003608227 1.5
      vertex 7.288000002503395 35.56027100235224 1.5
      vertex 3.9541900008916855 40.62568999826908 1.5
    endloop
  endfacet
  facet normal 0 0 1
    outer loop
      vertex 7.288690000772476 21.575690001249313 1.5
      vertex 7.288000002503395 21.589729003608227 1.5
      vertex 3.9541900008916855 40.62568999826908 1.5
    endloop
  endfacet
  facet normal 0 0 1
    outer loop
      vertex 81.00076799839735 16.64630900323391 1.5
      vertex 50.16472899913788 21.575000002980232 1.5
      vertex 50.150689996778965 21.575690001249313 1.5
    endloop
  endfacet
  facet normal 0 0 1
    outer loop
      vertex 81.00076799839735 16.64630900323391 1.5
      vertex 50.150689996778965 21.575690001249313 1.5
      vertex 45.099310003221035 21.575690001249313 1.5
    endloop
  endfacet
  facet normal 0 0 1
    outer loop
      vertex 81.00076799839735 16.64630900323391 1.5
      vertex 45.099310003221035 21.575690001249313 1.5
      vertex 45.08527100086212 21.575000002980232 1.5
    endloop
  endfacet
  facet normal 0 0 1
    outer loop
      vertex 81.00076799839735 16.64630900323391 1.5
      vertex 45.08527100086212 21.575000002980232 1.5
      vertex 31.11472900211811 21.575000002980232 1.5
    endloop
  endfacet
  facet normal 0 0 1
    outer loop
      vertex 100.89195799827576 -2.1192300021648407 1.5
      vertex 100.99260400235653 -2.1102819964289665 1.5
      vertex 101.09183400124311 -2.0912220031023026 1.5
    endloop
  endfacet
  facet normal 0 0 1
    outer loop
      vertex 100.89195799827576 -2.1192300021648407 1.5
      vertex 101.09183400124311 -2.0912220031023026 1.5
      vertex 101.1886340007186 -2.0622460022568703 1.5
    endloop
  endfacet
  facet normal 0 0 1
    outer loop
      vertex 100.89195799827576 -2.1192300021648407 1.5
      vertex 101.1886340007186 -2.0622460022568703 1.5
      vertex 101.22349999845028 -2.047834999859333 1.5
    endloop
  endfacet
  facet normal 0 0 1
    outer loop
      vertex 99.86467699706554 -2.1584250032901764 1.5
      vertex 100.89195799827576 -2.1192300021648407 1.5
      vertex 101.22349999845028 -2.047834999859333 1.5
    endloop
  endfacet
  facet normal 0 0 1
    outer loop
      vertex 99.86467699706554 -2.1584250032901764 1.5
      vertex 101.22349999845028 -2.047834999859333 1.5
      vertex 101.25308699905872 -2.0373340025544167 1.5
    endloop
  endfacet
  facet normal 0 0 1
    outer loop
      vertex 97.94170899689198 -2.2806510031223297 1.5
      vertex 98.04137600213289 -2.2972719967365265 1.5
      vertex 98.14221200346947 -2.3037500008940697 1.5
    endloop
  endfacet
  facet normal 0 0 1
    outer loop
      vertex 97.94170899689198 -2.2806510031223297 1.5
      vertex 98.14221200346947 -2.3037500008940697 1.5
      vertex 98.24318700283766 -2.3000190034508705 1.5
    endloop
  endfacet
  facet normal 0 0 1
    outer loop
      vertex 97.84422799944878 -2.2540569975972176 1.5
      vertex 97.94170899689198 -2.2806510031223297 1.5
      vertex 98.24318700283766 -2.3000190034508705 1.5
    endloop
  endfacet
  facet normal 0 0 1
    outer loop
      vertex 97.84422799944878 -2.2540569975972176 1.5
      vertex 98.24318700283766 -2.3000190034508705 1.5
      vertex 99.84006199985743 -2.1599730029702187 1.5
    endloop
  endfacet
  facet normal 0 0 1
    outer loop
      vertex 97.79705400019884 -2.238587997853756 1.5
      vertex 97.84422799944878 -2.2540569975972176 1.5
      vertex 99.84006199985743 -2.1599730029702187 1.5
    endloop
  endfacet
  facet normal 0 0 1
    outer loop
      vertex 144.16294600069523 41.04675800353289 1.5
      vertex 108.1726789996028 42.169288001954556 1.5
      vertex 94.2339769974351 41.22661899775267 1.5
    endloop
  endfacet
  facet normal 0 0 1
    outer loop
      vertex 87.32804799824953 40.956647999584675 1.5
      vertex 144.16294600069523 41.04675800353289 1.5
      vertex 94.2339769974351 41.22661899775267 1.5
    endloop
  endfacet
  facet normal 0 0 1
    outer loop
      vertex 87.32804799824953 40.956647999584675 1.5
      vertex 94.2339769974351 41.22661899775267 1.5
      vertex 94.21992299705744 41.226360000669956 1.5
    endloop
  endfacet
  facet normal 0 0 1
    outer loop
      vertex 87.32804799824953 40.956647999584675 1.5
      vertex 94.21992299705744 41.226360000669956 1.5
      vertex 94.21828799694777 41.2403210029006 1.5
    endloop
  endfacet
  facet normal 0 0 1
    outer loop
      vertex 87.32804799824953 40.956647999584675 1.5
      vertex 94.21828799694777 41.2403210029006 1.5
      vertex 93.27561900019646 55.17902299761772 1.5
    endloop
  endfacet
  facet normal 0 0 1
    outer loop
      vertex 87.05936200171709 54.92460499703884 1.5
      vertex 87.32804799824953 40.956647999584675 1.5
      vertex 93.27561900019646 55.17902299761772 1.5
    endloop
  endfacet
  facet normal 0 0 1
    outer loop
      vertex 87.05840300023556 54.93862900137901 1.5
      vertex 87.05936200171709 54.92460499703884 1.5
      vertex 93.27561900019646 55.17902299761772 1.5
    endloop
  endfacet
  facet normal 0 0 1
    outer loop
      vertex 87.05840300023556 54.93862900137901 1.5
      vertex 93.27561900019646 55.17902299761772 1.5
      vertex 58.74739500135183 59.676343001425266 1.5
    endloop
  endfacet
  facet normal 0 0 1
    outer loop
      vertex 87.04435200244188 54.93904799968004 1.5
      vertex 87.05840300023556 54.93862900137901 1.5
      vertex 58.74739500135183 59.676343001425266 1.5
    endloop
  endfacet
  facet normal 0 0 1
    outer loop
      vertex 73.07639499753714 54.6703620031476 1.5
      vertex 87.04435200244188 54.93904799968004 1.5
      vertex 58.74739500135183 59.676343001425266 1.5
    endloop
  endfacet
  facet normal 0 0 1
    outer loop
      vertex 73.06237100064754 54.66940300166607 1.5
      vertex 73.07639499753714 54.6703620031476 1.5
      vertex 58.74739500135183 59.676343001425266 1.5
    endloop
  endfacet
  facet normal 0 0 1
    outer loop
      vertex 67.95931000262499 54.62431000173092 1.5
      vertex 73.06237100064754 54.66940300166607 1.5
      vertex 58.74739500135183 59.676343001425266 1.5
    endloop
  endfacet
  facet normal 0 0 1
    outer loop
      vertex 67.94527100026608 54.625 1.5
      vertex 67.95931000262499 54.62431000173092 1.5
      vertex 58.74739500135183 59.676343001425266 1.5
    endloop
  endfacet
  facet normal 0 0 1
    outer loop
      vertex 53.974729001522064 54.625 1.5
      vertex 67.94527100026608 54.625 1.5
      vertex 58.74739500135183 59.676343001425266 1.5
    endloop
  endfacet
  facet normal 0 0 1
    outer loop
      vertex 53.974729001522064 54.625 1.5
      vertex 58.74739500135183 59.676343001425266 1.5
      vertex 58.73335599899292 59.67702600359917 1.5
    endloop
  endfacet
  facet normal 0 0 1
    outer loop
      vertex 53.974729001522064 54.625 1.5
      vertex 58.73335599899292 59.67702600359917 1.5
      vertex 53.67231000214815 59.67569000273943 1.5
    endloop
  endfacet
  facet normal 0 0 1
    outer loop
      vertex 53.96068999916315 54.62431000173092 1.5
      vertex 53.974729001522064 54.625 1.5
      vertex 53.67231000214815 59.67569000273943 1.5
    endloop
  endfacet
  facet normal 0 0 1
    outer loop
      vertex 48.90930999815464 54.62431000173092 1.5
      vertex 53.96068999916315 54.62431000173092 1.5
      vertex 53.67231000214815 59.67569000273943 1.5
    endloop
  endfacet
  facet normal 0 0 1
    outer loop
      vertex 48.90930999815464 54.62431000173092 1.5
      vertex 53.67231000214815 59.67569000273943 1.5
      vertex 53.65827099978924 59.67499999701977 1.5
    endloop
  endfacet
  facet normal 0 0 1
    outer loop
      vertex 48.90930999815464 54.62431000173092 1.5
      vertex 53.65827099978924 59.67499999701977 1.5
      vertex 39.68772900104523 59.67499999701977 1.5
    endloop
  endfacet
  facet normal 0 0 1
    outer loop
      vertex 48.89527100324631 54.625 1.5
      vertex 48.90930999815464 54.62431000173092 1.5
      vertex 39.68772900104523 59.67499999701977 1.5
    endloop
  endfacet
  facet normal 0 0 1
    outer loop
      vertex 34.924728997051716 54.625 1.5
      vertex 48.89527100324631 54.625 1.5
      vertex 39.68772900104523 59.67499999701977 1.5
    endloop
  endfacet
  facet normal 0 0 1
    outer loop
      vertex 34.924728997051716 54.625 1.5
      vertex 39.68772900104523 59.67499999701977 1.5
      vertex 39.673689998686314 59.67569000273943 1.5
    endloop
  endfacet
  facet normal 0 0 1
    outer loop
      vertex 34.924728997051716 54.625 1.5
      vertex 39.673689998686314 59.67569000273943 1.5
      vertex 39.67300000041723 59.68972899764776 1.5
    endloop
  endfacet
  facet normal 0 0 1
    outer loop
      vertex 34.91069000214338 54.62431000173092 1.5
      vertex 34.924728997051716 54.625 1.5
      vertex 39.67300000041723 59.68972899764776 1.5
    endloop
  endfacet
  facet normal 0 0 1
    outer loop
      vertex 34.91069000214338 54.62431000173092 1.5
      vertex 39.67300000041723 59.68972899764776 1.5
      vertex 39.67300000041723 73.66027099639177 1.5
    endloop
  endfacet
  facet normal 0 0 1
    outer loop
      vertex 34.91069000214338 54.62431000173092 1.5
      vertex 39.67300000041723 73.66027099639177 1.5
      vertex 39.673689998686314 73.67430999875069 1.5
    endloop
  endfacet
  facet normal 0 0 1
    outer loop
      vertex -8.488260000944138 -2.634392999112606 1.5
      vertex -8.422357000410557 -2.707107000052929 1.5
      vertex -8.349642999470234 -2.7730100005865097 1.5
    endloop
  endfacet
  facet normal 0 0 1
    outer loop
      vertex -8.546719998121262 -2.555569998919964 1.5
      vertex -8.488260000944138 -2.634392999112606 1.5
      vertex -8.349642999470234 -2.7730100005865097 1.5
    endloop
  endfacet
  facet normal 0 0 1
    outer loop
      vertex -8.597171001136303 -2.4713969975709915 1.5
      vertex -8.546719998121262 -2.555569998919964 1.5
      vertex -8.349642999470234 -2.7730100005865097 1.5
    endloop
  endfacet
  facet normal 0 0 1
    outer loop
      vertex -8.639129996299744 -2.382683001458645 1.5
      vertex -8.597171001136303 -2.4713969975709915 1.5
      vertex -8.349642999470234 -2.7730100005865097 1.5
    endloop
  endfacet
  facet normal 0 0 1
    outer loop
      vertex -8.672190003097057 -2.290284998714924 1.5
      vertex -8.639129996299744 -2.382683001458645 1.5
      vertex -8.349642999470234 -2.7730100005865097 1.5
    endloop
  endfacet
  facet normal 0 0 1
    outer loop
      vertex -8.696034997701645 -2.195090003311634 1.5
      vertex -8.672190003097057 -2.290284998714924 1.5
      vertex -8.349642999470234 -2.7730100005865097 1.5
    endloop
  endfacet
  facet normal 0 0 1
    outer loop
      vertex -8.710435003042221 -2.0980169996619225 1.5
      vertex -8.696034997701645 -2.195090003311634 1.5
      vertex -8.349642999470234 -2.7730100005865097 1.5
    endloop
  endfacet
  facet normal 0 0 1
    outer loop
      vertex -8.715250000357628 -2 1.5
      vertex -8.710435003042221 -2.0980169996619225 1.5
      vertex -8.349642999470234 -2.7730100005865097 1.5
    endloop
  endfacet
  facet normal 0 0 1
    outer loop
      vertex -8.715250000357628 -2 1.5
      vertex -8.349642999470234 -2.7730100005865097 1.5
      vertex -8.270819999277592 -2.8314699977636337 1.5
    endloop
  endfacet
  facet normal 0 0 1
    outer loop
      vertex -8.715250000357628 -2 1.5
      vertex -8.270819999277592 -2.8314699977636337 1.5
      vertex -8.18664699792862 -2.881921000778675 1.5
    endloop
  endfacet
  facet normal 0 0 1
    outer loop
      vertex -8.715250000357628 -2 1.5
      vertex -8.18664699792862 -2.881921000778675 1.5
      vertex -8.097933001816273 -2.9238800033926964 1.5
    endloop
  endfacet
  facet normal 0 0 1
    outer loop
      vertex -8.715250000357628 -2 1.5
      vertex -8.097933001816273 -2.9238800033926964 1.5
      vertex -8.005534999072552 -2.9569400027394295 1.5
    endloop
  endfacet
  facet normal 0 0 1
    outer loop
      vertex -8.715250000357628 -2 1.5
      vertex -8.005534999072552 -2.9569400027394295 1.5
      vertex -7.910340003669262 -2.980784997344017 1.5
    endloop
  endfacet
  facet normal 0 0 1
    outer loop
      vertex -8.715250000357628 -2 1.5
      vertex -7.910340003669262 -2.980784997344017 1.5
      vertex -7.81326700001955 -2.995185002684593 1.5
    endloop
  endfacet
  facet normal 0 0 1
    outer loop
      vertex -8.715250000357628 -2 1.5
      vertex -7.81326700001955 -2.995185002684593 1.5
      vertex -7.715250000357628 -3 1.5
    endloop
  endfacet
  facet normal 0 0 1
    outer loop
      vertex -8.715250000357628 19.314163997769356 1.5
      vertex -8.715250000357628 -2 1.5
      vertex -7.715250000357628 -3 1.5
    endloop
  endfacet
  facet normal 0 0 1
    outer loop
      vertex 34.67796199768782 92.71321599930525 1.5
      vertex 34.73655900359154 92.70744399726391 1.5
      vertex 34.79544100165367 92.70744399726391 1.5
    endloop
  endfacet
  facet normal 0 0 1
    outer loop
      vertex 34.62353800237179 92.72404100000858 1.5
      vertex 34.67796199768782 92.71321599930525 1.5
      vertex 34.79544100165367 92.70744399726391 1.5
    endloop
  endfacet
  facet normal 0 0 1
    outer loop
      vertex 20.33704800158739 92.7239660024643 1.5
      vertex 20.39046200364828 92.71334099769592 1.5
      vertex 20.44905900210142 92.70757000148296 1.5
    endloop
  endfacet
  facet normal 0 0 1
    outer loop
      vertex 20.33704800158739 92.7239660024643 1.5
      vertex 20.44905900210142 92.70757000148296 1.5
      vertex 20.507941000163555 92.70757000148296 1.5
    endloop
  endfacet
  facet normal 0 0 1
    outer loop
      vertex 20.33704800158739 92.7239660024643 1.5
      vertex 20.507941000163555 92.70757000148296 1.5
      vertex 20.566537998616695 92.71334099769592 1.5
    endloop
  endfacet
  facet normal 0 0 1
    outer loop
      vertex 20.33704800158739 92.7239660024643 1.5
      vertex 20.566537998616695 92.71334099769592 1.5
      vertex 20.619952000677586 92.7239660024643 1.5
    endloop
  endfacet
  facet normal 0 0 1
    outer loop
      vertex 20.33704800158739 92.7239660024643 1.5
      vertex 20.619952000677586 92.7239660024643 1.5
      vertex 20.622070997953415 92.72427999973297 1.5
    endloop
  endfacet
  facet normal 0 0 1
    outer loop
      vertex 20.33492899686098 92.72427999973297 1.5
      vertex 20.33704800158739 92.7239660024643 1.5
      vertex 20.622070997953415 92.72427999973297 1.5
    endloop
  endfacet
  facet normal 0 0 1
    outer loop
      vertex -12.279591999948025 31.290371000766754 1.5
      vertex -12.356980003416538 31.231761001050472 1.5
      vertex -12.428319998085499 31.16592200100422 1.5
    endloop
  endfacet
  facet normal 0 0 1
    outer loop
      vertex -12.196884997189045 31.3412019982934 1.5
      vertex -12.279591999948025 31.290371000766754 1.5
      vertex -12.428319998085499 31.16592200100422 1.5
    endloop
  endfacet
  facet normal 0 0 1
    outer loop
      vertex -12.109640002250671 31.383772999048233 1.5
      vertex -12.196884997189045 31.3412019982934 1.5
      vertex -12.428319998085499 31.16592200100422 1.5
    endloop
  endfacet
  facet normal 0 0 1
    outer loop
      vertex -12.109640002250671 31.383772999048233 1.5
      vertex -12.428319998085499 31.16592200100422 1.5
      vertex -12.492940999567509 31.093477003276348 1.5
    endloop
  endfacet
  facet normal 0 0 1
    outer loop
      vertex -12.109640002250671 31.383772999048233 1.5
      vertex -12.492940999567509 31.093477003276348 1.5
      vertex -12.550232000648975 31.015106998384 1.5
    endloop
  endfacet
  facet normal 0 0 1
    outer loop
      vertex -12.109640002250671 31.383772999048233 1.5
      vertex -12.550232000648975 31.015106998384 1.5
      vertex -12.599653996527195 30.9315520003438 1.5
    endloop
  endfacet
  facet normal 0 0 1
    outer loop
      vertex -12.109640002250671 31.383772999048233 1.5
      vertex -12.599653996527195 30.9315520003438 1.5
      vertex -12.640741996467113 30.843597002327442 1.5
    endloop
  endfacet
  facet normal 0 0 1
    outer loop
      vertex -12.109640002250671 31.383772999048233 1.5
      vertex -12.640741996467113 30.843597002327442 1.5
      vertex -12.673106998205185 30.752074003219604 1.5
    endloop
  endfacet
  facet normal 0 0 1
    outer loop
      vertex -12.109640002250671 31.383772999048233 1.5
      vertex -12.673106998205185 30.752074003219604 1.5
      vertex -12.696446001529694 30.657843001186848 1.5
    endloop
  endfacet
  facet normal 0 0 1
    outer loop
      vertex -12.109640002250671 31.383772999048233 1.5
      vertex -12.696446001529694 30.657843001186848 1.5
      vertex -12.710537999868393 30.561792999505997 1.5
    endloop
  endfacet
  facet normal 0 0 1
    outer loop
      vertex -12.109640002250671 31.383772999048233 1.5
      vertex -12.710537999868393 30.561792999505997 1.5
      vertex -12.715250000357628 30.4648300036788 1.5
    endloop
  endfacet
  facet normal 0 0 1
    outer loop
      vertex -12.109640002250671 31.383772999048233 1.5
      vertex -12.715250000357628 30.4648300036788 1.5
      vertex -12.715250000357628 21.198918998241425 1.5
    endloop
  endfacet
  facet normal 0 0 1
    outer loop
      vertex -12.052666001021862 31.408224999904633 1.5
      vertex -12.109640002250671 31.383772999048233 1.5
      vertex -12.715250000357628 21.198918998241425 1.5
    endloop
  endfacet
  facet normal 0 0 1
    outer loop
      vertex -11.970210000872612 31.439386002719402 1.5
      vertex -12.052666001021862 31.408224999904633 1.5
      vertex -12.715250000357628 21.198918998241425 1.5
    endloop
  endfacet
  facet normal 0 0 1
    outer loop
      vertex -11.696520000696182 31.529242001473904 1.5
      vertex -11.970210000872612 31.439386002719402 1.5
      vertex -12.715250000357628 21.198918998241425 1.5
    endloop
  endfacet
  facet normal 0 0 1
    outer loop
      vertex -11.646182000637054 31.54431600123644 1.5
      vertex -11.696520000696182 31.529242001473904 1.5
      vertex -12.715250000357628 21.198918998241425 1.5
    endloop
  endfacet
  facet normal 0 0 1
    outer loop
      vertex -11.305919997394085 31.63653899729252 1.5
      vertex -11.646182000637054 31.54431600123644 1.5
      vertex -12.715250000357628 21.198918998241425 1.5
    endloop
  endfacet
  facet normal 0 0 1
    outer loop
      vertex -11.276813000440598 31.643959999084473 1.5
      vertex -11.305919997394085 31.63653899729252 1.5
      vertex -12.715250000357628 21.198918998241425 1.5
    endloop
  endfacet
  facet normal 0 0 1
    outer loop
      vertex -10.891615003347397 31.736037001013756 1.5
      vertex -11.276813000440598 31.643959999084473 1.5
      vertex -12.715250000357628 21.198918998241425 1.5
    endloop
  endfacet
  facet normal 0 0 1
    outer loop
      vertex -10.048927001655102 31.92535900324583 1.5
      vertex -10.891615003347397 31.736037001013756 1.5
      vertex -12.715250000357628 21.198918998241425 1.5
    endloop
  endfacet
  facet normal 0 0 1
    outer loop
      vertex -9.646381996572018 32.021534003317356 1.5
      vertex -10.048927001655102 31.92535900324583 1.5
      vertex -12.715250000357628 21.198918998241425 1.5
    endloop
  endfacet
  facet normal 0 0 1
    outer loop
      vertex -9.631829999387264 32.02524500340223 1.5
      vertex -9.646381996572018 32.021534003317356 1.5
      vertex -12.715250000357628 21.198918998241425 1.5
    endloop
  endfacet
  facet normal 0 0 1
    outer loop
      vertex -9.271632000803947 32.12287099659443 1.5
      vertex -9.631829999387264 32.02524500340223 1.5
      vertex -12.715250000357628 21.198918998241425 1.5
    endloop
  endfacet
  facet normal 0 0 1
    outer loop
      vertex -9.246468000113964 32.1304059997201 1.5
      vertex -9.271632000803947 32.12287099659443 1.5
      vertex -12.715250000357628 21.198918998241425 1.5
    endloop
  endfacet
  facet normal 0 0 1
    outer loop
      vertex -8.939322002232075 32.23124700039625 1.5
      vertex -9.246468000113964 32.1304059997201 1.5
      vertex -12.715250000357628 21.198918998241425 1.5
    endloop
  endfacet
  facet normal 0 0 1
    outer loop
      vertex -8.898115001618862 32.246820002794266 1.5
      vertex -8.939322002232075 32.23124700039625 1.5
      vertex -12.715250000357628 21.198918998241425 1.5
    endloop
  endfacet
  facet normal 0 0 1
    outer loop
      vertex -8.737565003335476 32.31572400033474 1.5
      vertex -8.898115001618862 32.246820002794266 1.5
      vertex -12.715250000357628 21.198918998241425 1.5
    endloop
  endfacet
  facet normal 0 0 1
    outer loop
      vertex -8.716393001377583 32.326053999364376 1.5
      vertex -8.737565003335476 32.31572400033474 1.5
      vertex -12.715250000357628 21.198918998241425 1.5
    endloop
  endfacet
  facet normal 0 0 1
    outer loop
      vertex -8.716393001377583 32.326053999364376 1.5
      vertex -12.715250000357628 21.198918998241425 1.5
      vertex -12.710537999868393 21.101954996585846 1.5
    endloop
  endfacet
  facet normal 0 0 1
    outer loop
      vertex -8.716393001377583 32.326053999364376 1.5
      vertex -12.710537999868393 21.101954996585846 1.5
      vertex -12.696446001529694 21.005905002355576 1.5
    endloop
  endfacet
  facet normal 0 0 1
    outer loop
      vertex -8.716393001377583 32.326053999364376 1.5
      vertex -12.696446001529694 21.005905002355576 1.5
      vertex -12.673106998205185 20.91167499870062 1.5
    endloop
  endfacet
  facet normal 0 0 1
    outer loop
      vertex -8.716393001377583 32.326053999364376 1.5
      vertex -12.673106998205185 20.91167499870062 1.5
      vertex -12.640741996467113 20.82015100121498 1.5
    endloop
  endfacet
  facet normal 0 0 1
    outer loop
      vertex -8.716393001377583 32.326053999364376 1.5
      vertex -12.640741996467113 20.82015100121498 1.5
      vertex -12.599653996527195 20.732197001576424 1.5
    endloop
  endfacet
  facet normal 0 0 1
    outer loop
      vertex -8.716393001377583 32.326053999364376 1.5
      vertex -12.599653996527195 20.732197001576424 1.5
      vertex -12.550232000648975 20.648640997707844 1.5
    endloop
  endfacet
  facet normal 0 0 1
    outer loop
      vertex -8.716393001377583 32.326053999364376 1.5
      vertex -12.550232000648975 20.648640997707844 1.5
      vertex -12.492940999567509 20.570271000266075 1.5
    endloop
  endfacet
  facet normal 0 0 1
    outer loop
      vertex -8.716393001377583 32.326053999364376 1.5
      vertex -12.492940999567509 20.570271000266075 1.5
      vertex -12.428319998085499 20.497826002538204 1.5
    endloop
  endfacet
  facet normal 0 0 1
    outer loop
      vertex -8.716393001377583 32.326053999364376 1.5
      vertex -12.428319998085499 20.497826002538204 1.5
      vertex -12.356980003416538 20.43198800086975 1.5
    endloop
  endfacet
  facet normal 0 0 1
    outer loop
      vertex -8.716393001377583 32.326053999364376 1.5
      vertex -12.356980003416538 20.43198800086975 1.5
      vertex -12.279591999948025 20.37337700277567 1.5
    endloop
  endfacet
  facet normal 0 0 1
    outer loop
      vertex -8.716393001377583 32.326053999364376 1.5
      vertex -12.279591999948025 20.37337700277567 1.5
      vertex -12.196884997189045 20.322547003626823 1.5
    endloop
  endfacet
  facet normal 0 0 1
    outer loop
      vertex -8.716393001377583 32.326053999364376 1.5
      vertex -12.196884997189045 20.322547003626823 1.5
      vertex -12.109640002250671 20.27997499704361 1.5
    endloop
  endfacet
  facet normal 0 0 1
    outer loop
      vertex -8.716393001377583 32.326053999364376 1.5
      vertex -12.109640002250671 20.27997499704361 1.5
      vertex -12.052666001021862 20.25552300363779 1.5
    endloop
  endfacet
  facet normal 0 0 1
    outer loop
      vertex -8.716393001377583 32.326053999364376 1.5
      vertex -12.052666001021862 20.25552300363779 1.5
      vertex -11.970210000872612 20.22436299920082 1.5
    endloop
  endfacet
  facet normal 0 0 1
    outer loop
      vertex -8.716393001377583 32.326053999364376 1.5
      vertex -11.970210000872612 20.22436299920082 1.5
      vertex -11.696520000696182 20.13450600206852 1.5
    endloop
  endfacet
  facet normal 0 0 1
    outer loop
      vertex -8.716393001377583 32.326053999364376 1.5
      vertex -11.696520000696182 20.13450600206852 1.5
      vertex -11.646182000637054 20.119432002305984 1.5
    endloop
  endfacet
  facet normal 0 0 1
    outer loop
      vertex -8.716393001377583 32.326053999364376 1.5
      vertex -11.646182000637054 20.119432002305984 1.5
      vertex -11.305919997394085 20.027209997177124 1.5
    endloop
  endfacet
  facet normal 0 0 1
    outer loop
      vertex -8.716393001377583 32.326053999364376 1.5
      vertex -11.305919997394085 20.027209997177124 1.5
      vertex -11.276813000440598 20.01978799700737 1.5
    endloop
  endfacet
  facet normal 0 0 1
    outer loop
      vertex -8.716393001377583 32.326053999364376 1.5
      vertex -11.276813000440598 20.01978799700737 1.5
      vertex -10.891615003347397 19.927711002528667 1.5
    endloop
  endfacet
  facet normal 0 0 1
    outer loop
      vertex -8.716393001377583 32.326053999364376 1.5
      vertex -10.891615003347397 19.927711002528667 1.5
      vertex -10.048926003277302 19.738389000296593 1.5
    endloop
  endfacet
  facet normal 0 0 1
    outer loop
      vertex -8.716393001377583 32.326053999364376 1.5
      vertex -10.048926003277302 19.738389000296593 1.5
      vertex -9.646381996572018 19.642214000225067 1.5
    endloop
  endfacet
  facet normal 0 0 1
    outer loop
      vertex -8.716393001377583 32.326053999364376 1.5
      vertex -9.646381996572018 19.642214000225067 1.5
      vertex -9.631829999387264 19.63850300014019 1.5
    endloop
  endfacet
  facet normal 0 0 1
    outer loop
      vertex -8.716393001377583 32.326053999364376 1.5
      vertex -9.631829999387264 19.63850300014019 1.5
      vertex -9.271632000803947 19.540877997875214 1.5
    endloop
  endfacet
  facet normal 0 0 1
    outer loop
      vertex -8.716393001377583 32.326053999364376 1.5
      vertex -9.271632000803947 19.540877997875214 1.5
      vertex -9.246468000113964 19.533341996371746 1.5
    endloop
  endfacet
  facet normal 0 0 1
    outer loop
      vertex -8.716393001377583 32.326053999364376 1.5
      vertex -9.246468000113964 19.533341996371746 1.5
      vertex -8.939322002232075 19.43250200152397 1.5
    endloop
  endfacet
  facet normal 0 0 1
    outer loop
      vertex -8.716393001377583 32.326053999364376 1.5
      vertex -8.939322002232075 19.43250200152397 1.5
      vertex -8.898115001618862 19.416928999125957 1.5
    endloop
  endfacet
  facet normal 0 0 1
    outer loop
      vertex -8.716393001377583 32.326053999364376 1.5
      vertex -8.898115001618862 19.416928999125957 1.5
      vertex -8.737565003335476 19.348025001585484 1.5
    endloop
  endfacet
  facet normal 0 0 1
    outer loop
      vertex -8.716393001377583 32.326053999364376 1.5
      vertex -8.737565003335476 19.348025001585484 1.5
      vertex -8.716393001377583 19.337693996727467 1.5
    endloop
  endfacet
  facet normal 0 0 1
    outer loop
      vertex -12.196884997189045 73.07452099770308 1.5
      vertex -12.279591999948025 73.02369099855423 1.5
      vertex -12.356980003416538 72.96508000046015 1.5
    endloop
  endfacet
  facet normal 0 0 1
    outer loop
      vertex -12.196884997189045 73.07452099770308 1.5
      vertex -12.356980003416538 72.96508000046015 1.5
      vertex -12.428319998085499 72.8992419987917 1.5
    endloop
  endfacet
  facet normal 0 0 1
    outer loop
      vertex -12.196884997189045 73.07452099770308 1.5
      vertex -12.428319998085499 72.8992419987917 1.5
      vertex -12.492940999567509 72.82679700106382 1.5
    endloop
  endfacet
  facet normal 0 0 1
    outer loop
      vertex -12.196884997189045 73.07452099770308 1.5
      vertex -12.492940999567509 72.82679700106382 1.5
      vertex -12.550232000648975 72.74842700362206 1.5
    endloop
  endfacet
  facet normal 0 0 1
    outer loop
      vertex -12.196884997189045 73.07452099770308 1.5
      vertex -12.550232000648975 72.74842700362206 1.5
      vertex -12.599653996527195 72.66487099975348 1.5
    endloop
  endfacet
  facet normal 0 0 1
    outer loop
      vertex -12.196884997189045 73.07452099770308 1.5
      vertex -12.599653996527195 72.66487099975348 1.5
      vertex -12.640741996467113 72.57691700011492 1.5
    endloop
  endfacet
  facet normal 0 0 1
    outer loop
      vertex -12.196884997189045 73.07452099770308 1.5
      vertex -12.640741996467113 72.57691700011492 1.5
      vertex -12.673106998205185 72.48539400100708 1.5
    endloop
  endfacet
  facet normal 0 0 1
    outer loop
      vertex -12.196884997189045 73.07452099770308 1.5
      vertex -12.673106998205185 72.48539400100708 1.5
      vertex -12.696446001529694 72.39116299897432 1.5
    endloop
  endfacet
  facet normal 0 0 1
    outer loop
      vertex -12.196884997189045 73.07452099770308 1.5
      vertex -12.696446001529694 72.39116299897432 1.5
      vertex -12.710537999868393 72.29511299729347 1.5
    endloop
  endfacet
  facet normal 0 0 1
    outer loop
      vertex -12.196884997189045 73.07452099770308 1.5
      vertex -12.710537999868393 72.29511299729347 1.5
      vertex -12.715250000357628 72.19815000146627 1.5
    endloop
  endfacet
  facet normal 0 0 1
    outer loop
      vertex -12.109640002250671 73.11709299683571 1.5
      vertex -12.196884997189045 73.07452099770308 1.5
      vertex -12.715250000357628 72.19815000146627 1.5
    endloop
  endfacet
  facet normal 0 0 1
    outer loop
      vertex -12.109640002250671 73.11709299683571 1.5
      vertex -12.715250000357628 72.19815000146627 1.5
      vertex -12.715250000357628 62.9322379976511 1.5
    endloop
  endfacet
  facet normal 0 0 1
    outer loop
      vertex -12.052666001021862 73.14154499769211 1.5
      vertex -12.109640002250671 73.11709299683571 1.5
      vertex -12.715250000357628 62.9322379976511 1.5
    endloop
  endfacet
  facet normal 0 0 1
    outer loop
      vertex -11.970210000872612 73.17270500212908 1.5
      vertex -12.052666001021862 73.14154499769211 1.5
      vertex -12.715250000357628 62.9322379976511 1.5
    endloop
  endfacet
  facet normal 0 0 1
    outer loop
      vertex -11.696520000696182 73.26256199926138 1.5
      vertex -11.970210000872612 73.17270500212908 1.5
      vertex -12.715250000357628 62.9322379976511 1.5
    endloop
  endfacet
  facet normal 0 0 1
    outer loop
      vertex -11.646182000637054 73.27763599902391 1.5
      vertex -11.696520000696182 73.26256199926138 1.5
      vertex -12.715250000357628 62.9322379976511 1.5
    endloop
  endfacet
  facet normal 0 0 1
    outer loop
      vertex -11.305919997394085 73.3698579967022 1.5
      vertex -11.646182000637054 73.27763599902391 1.5
      vertex -12.715250000357628 62.9322379976511 1.5
    endloop
  endfacet
  facet normal 0 0 1
    outer loop
      vertex -11.276813000440598 73.37727999687195 1.5
      vertex -11.305919997394085 73.3698579967022 1.5
      vertex -12.715250000357628 62.9322379976511 1.5
    endloop
  endfacet
  facet normal 0 0 1
    outer loop
      vertex -10.891615003347397 73.46935699880123 1.5
      vertex -11.276813000440598 73.37727999687195 1.5
      vertex -12.715250000357628 62.9322379976511 1.5
    endloop
  endfacet
  facet normal 0 0 1
    outer loop
      vertex -10.048926003277302 73.6586790010333 1.5
      vertex -10.891615003347397 73.46935699880123 1.5
      vertex -12.715250000357628 62.9322379976511 1.5
    endloop
  endfacet
  facet normal 0 0 1
    outer loop
      vertex -9.646381996572018 73.75485400110483 1.5
      vertex -10.048926003277302 73.6586790010333 1.5
      vertex -12.715250000357628 62.9322379976511 1.5
    endloop
  endfacet
  facet normal 0 0 1
    outer loop
      vertex -9.631829999387264 73.75856500118971 1.5
      vertex -9.646381996572018 73.75485400110483 1.5
      vertex -12.715250000357628 62.9322379976511 1.5
    endloop
  endfacet
  facet normal 0 0 1
    outer loop
      vertex -9.271632000803947 73.85619100183249 1.5
      vertex -9.631829999387264 73.75856500118971 1.5
      vertex -12.715250000357628 62.9322379976511 1.5
    endloop
  endfacet
  facet normal 0 0 1
    outer loop
      vertex -9.246468000113964 73.86372599750757 1.5
      vertex -9.271632000803947 73.85619100183249 1.5
      vertex -12.715250000357628 62.9322379976511 1.5
    endloop
  endfacet
  facet normal 0 0 1
    outer loop
      vertex -8.939322002232075 73.96456699818373 1.5
      vertex -9.246468000113964 73.86372599750757 1.5
      vertex -12.715250000357628 62.9322379976511 1.5
    endloop
  endfacet
  facet normal 0 0 1
    outer loop
      vertex -8.898115001618862 73.98013900220394 1.5
      vertex -8.939322002232075 73.96456699818373 1.5
      vertex -12.715250000357628 62.9322379976511 1.5
    endloop
  endfacet
  facet normal 0 0 1
    outer loop
      vertex -8.737565003335476 74.04904299974442 1.5
      vertex -8.898115001618862 73.98013900220394 1.5
      vertex -12.715250000357628 62.9322379976511 1.5
    endloop
  endfacet
  facet normal 0 0 1
    outer loop
      vertex -8.716393001377583 74.05937399715185 1.5
      vertex -8.737565003335476 74.04904299974442 1.5
      vertex -12.715250000357628 62.9322379976511 1.5
    endloop
  endfacet
  facet normal 0 0 1
    outer loop
      vertex -8.716393001377583 74.05937399715185 1.5
      vertex -12.715250000357628 62.9322379976511 1.5
      vertex -12.710537999868393 62.8352750018239 1.5
    endloop
  endfacet
  facet normal 0 0 1
    outer loop
      vertex -8.716393001377583 74.05937399715185 1.5
      vertex -12.710537999868393 62.8352750018239 1.5
      vertex -12.696446001529694 62.73922500014305 1.5
    endloop
  endfacet
  facet normal 0 0 1
    outer loop
      vertex -8.716393001377583 74.05937399715185 1.5
      vertex -12.696446001529694 62.73922500014305 1.5
      vertex -12.673106998205185 62.644994996488094 1.5
    endloop
  endfacet
  facet normal 0 0 1
    outer loop
      vertex -8.716393001377583 74.05937399715185 1.5
      vertex -12.673106998205185 62.644994996488094 1.5
      vertex -12.640741996467113 62.55347099900246 1.5
    endloop
  endfacet
  facet normal 0 0 1
    outer loop
      vertex -8.716393001377583 74.05937399715185 1.5
      vertex -12.640741996467113 62.55347099900246 1.5
      vertex -12.599653996527195 62.4655169993639 1.5
    endloop
  endfacet
  facet normal 0 0 1
    outer loop
      vertex -8.716393001377583 74.05937399715185 1.5
      vertex -12.599653996527195 62.4655169993639 1.5
      vertex -12.550232000648975 62.3819610029459 1.5
    endloop
  endfacet
  facet normal 0 0 1
    outer loop
      vertex -8.716393001377583 74.05937399715185 1.5
      vertex -12.550232000648975 62.3819610029459 1.5
      vertex -12.492940999567509 62.30359099805355 1.5
    endloop
  endfacet
  facet normal 0 0 1
    outer loop
      vertex -8.716393001377583 74.05937399715185 1.5
      vertex -12.492940999567509 62.30359099805355 1.5
      vertex -12.428319998085499 62.23114600032568 1.5
    endloop
  endfacet
  facet normal 0 0 1
    outer loop
      vertex -8.716393001377583 74.05937399715185 1.5
      vertex -12.428319998085499 62.23114600032568 1.5
      vertex -12.356980003416538 62.16530799865723 1.5
    endloop
  endfacet
  facet normal 0 0 1
    outer loop
      vertex -8.716393001377583 74.05937399715185 1.5
      vertex -12.356980003416538 62.16530799865723 1.5
      vertex -12.279591999948025 62.106697000563145 1.5
    endloop
  endfacet
  facet normal 0 0 1
    outer loop
      vertex -8.716393001377583 74.05937399715185 1.5
      vertex -12.279591999948025 62.106697000563145 1.5
      vertex -12.196884997189045 62.0558670014143 1.5
    endloop
  endfacet
  facet normal 0 0 1
    outer loop
      vertex -8.716393001377583 74.05937399715185 1.5
      vertex -12.196884997189045 62.0558670014143 1.5
      vertex -12.109640002250671 62.013295002281666 1.5
    endloop
  endfacet
  facet normal 0 0 1
    outer loop
      vertex -8.716393001377583 74.05937399715185 1.5
      vertex -12.109640002250671 62.013295002281666 1.5
      vertex -12.052666001021862 61.988843001425266 1.5
    endloop
  endfacet
  facet normal 0 0 1
    outer loop
      vertex -8.716393001377583 74.05937399715185 1.5
      vertex -12.052666001021862 61.988843001425266 1.5
      vertex -11.970210000872612 61.9576829969883 1.5
    endloop
  endfacet
  facet normal 0 0 1
    outer loop
      vertex -8.716393001377583 74.05937399715185 1.5
      vertex -11.970210000872612 61.9576829969883 1.5
      vertex -11.696520000696182 61.867825999855995 1.5
    endloop
  endfacet
  facet normal 0 0 1
    outer loop
      vertex -8.716393001377583 74.05937399715185 1.5
      vertex -11.696520000696182 61.867825999855995 1.5
      vertex -11.646182000637054 61.85275200009346 1.5
    endloop
  endfacet
  facet normal 0 0 1
    outer loop
      vertex -8.716393001377583 74.05937399715185 1.5
      vertex -11.646182000637054 61.85275200009346 1.5
      vertex -11.305919997394085 61.76053000241518 1.5
    endloop
  endfacet
  facet normal 0 0 1
    outer loop
      vertex -8.716393001377583 74.05937399715185 1.5
      vertex -11.305919997394085 61.76053000241518 1.5
      vertex -11.276813000440598 61.753108002245426 1.5
    endloop
  endfacet
  facet normal 0 0 1
    outer loop
      vertex -8.716393001377583 74.05937399715185 1.5
      vertex -11.276813000440598 61.753108002245426 1.5
      vertex -10.891615003347397 61.66103100031614 1.5
    endloop
  endfacet
  facet normal 0 0 1
    outer loop
      vertex -8.716393001377583 74.05937399715185 1.5
      vertex -10.891615003347397 61.66103100031614 1.5
      vertex -10.048927001655102 61.47170899808407 1.5
    endloop
  endfacet
  facet normal 0 0 1
    outer loop
      vertex -8.716393001377583 74.05937399715185 1.5
      vertex -10.048927001655102 61.47170899808407 1.5
      vertex -9.646381996572018 61.37553399801254 1.5
    endloop
  endfacet
  facet normal 0 0 1
    outer loop
      vertex -8.716393001377583 74.05937399715185 1.5
      vertex -9.646381996572018 61.37553399801254 1.5
      vertex -9.631829999387264 61.371822997927666 1.5
    endloop
  endfacet
  facet normal 0 0 1
    outer loop
      vertex -8.716393001377583 74.05937399715185 1.5
      vertex -9.631829999387264 61.371822997927666 1.5
      vertex -9.271632000803947 61.27419699728489 1.5
    endloop
  endfacet
  facet normal 0 0 1
    outer loop
      vertex -8.716393001377583 74.05937399715185 1.5
      vertex -9.271632000803947 61.27419699728489 1.5
      vertex -9.246468000113964 61.2666620016098 1.5
    endloop
  endfacet
  facet normal 0 0 1
    outer loop
      vertex -8.716393001377583 74.05937399715185 1.5
      vertex -9.246468000113964 61.2666620016098 1.5
      vertex -8.939322002232075 61.16582100093365 1.5
    endloop
  endfacet
  facet normal 0 0 1
    outer loop
      vertex -8.716393001377583 74.05937399715185 1.5
      vertex -8.939322002232075 61.16582100093365 1.5
      vertex -8.898115001618862 61.15024899691343 1.5
    endloop
  endfacet
  facet normal 0 0 1
    outer loop
      vertex -8.716393001377583 74.05937399715185 1.5
      vertex -8.898115001618862 61.15024899691343 1.5
      vertex -8.737565003335476 61.08134499937296 1.5
    endloop
  endfacet
  facet normal 0 0 1
    outer loop
      vertex -8.716393001377583 74.05937399715185 1.5
      vertex -8.737565003335476 61.08134499937296 1.5
      vertex -8.716393001377583 61.07101400196552 1.5
    endloop
  endfacet
  facet normal 0 0 1
    outer loop
      vertex 149.7089999988675 2.837747998535633 1.5
      vertex 95.52307800203562 3.205636002123356 1.5
      vertex 95.50907500088215 3.2044110000133514 1.5
    endloop
  endfacet
  facet normal 0 0 1
    outer loop
      vertex 76.24293600022793 -2.972989998757839 1.5
      vertex 76.28257600218058 -2.9889499992132187 1.5
      vertex 76.37219099700451 -3.015616998076439 1.5
    endloop
  endfacet
  facet normal 0 0 1
    outer loop
      vertex 76.24293600022793 -2.972989998757839 1.5
      vertex 76.37219099700451 -3.015616998076439 1.5
      vertex 76.46390599757433 -3.0337980017066 1.5
    endloop
  endfacet
  facet normal 0 0 1
    outer loop
      vertex 76.24293600022793 -2.972989998757839 1.5
      vertex 76.46390599757433 -3.0337980017066 1.5
      vertex 76.55691699683666 -3.043333999812603 1.5
    endloop
  endfacet
  facet normal 0 0 1
    outer loop
      vertex 76.24293600022793 -2.972989998757839 1.5
      vertex 76.55691699683666 -3.043333999812603 1.5
      vertex 76.65041299909353 -3.044141001999378 1.5
    endloop
  endfacet
  facet normal 0 0 1
    outer loop
      vertex 76.24293600022793 -2.972989998757839 1.5
      vertex 76.65041299909353 -3.044141001999378 1.5
      vertex 78.89682099968195 -2.9584319964051247 1.5
    endloop
  endfacet
  facet normal 0 0 1
    outer loop
      vertex 76.21973200142384 -2.964948996901512 1.5
      vertex 76.24293600022793 -2.972989998757839 1.5
      vertex 78.89682099968195 -2.9584319964051247 1.5
    endloop
  endfacet
  facet normal 0 0 1
    outer loop
      vertex 80.76107899844646 -2.9541380032896996 1.5
      vertex 80.85387100279331 -2.949625000357628 1.5
      vertex 80.94584500044584 -2.936520002782345 1.5
    endloop
  endfacet
  facet normal 0 0 1
    outer loop
      vertex 80.76107899844646 -2.9541380032896996 1.5
      vertex 80.94584500044584 -2.936520002782345 1.5
      vertex 81.0362040027976 -2.9149369969964027 1.5
    endloop
  endfacet
  facet normal 0 0 1
    outer loop
      vertex 80.76107899844646 -2.9541380032896996 1.5
      vertex 81.0362040027976 -2.9149369969964027 1.5
      vertex 81.1241720020771 -2.885061003267765 1.5
    endloop
  endfacet
  facet normal 0 0 1
    outer loop
      vertex 80.76107899844646 -2.9541380032896996 1.5
      vertex 81.1241720020771 -2.885061003267765 1.5
      vertex 81.15373399853706 -2.873462997376919 1.5
    endloop
  endfacet
  facet normal 0 0 1
    outer loop
      vertex 78.91481799632311 -2.958068996667862 1.5
      vertex 80.76107899844646 -2.9541380032896996 1.5
      vertex 81.15373399853706 -2.873462997376919 1.5
    endloop
  endfacet
  facet normal 0 0 1
    outer loop
      vertex 119.17800799757242 -0.48551899939775467 1.5
      vertex 119.26707600057125 -0.48732099682092667 1.5
      vertex 119.3559520021081 -0.48118799924850464 1.5
    endloop
  endfacet
  facet normal 0 0 1
    outer loop
      vertex 119.08945299685001 -0.47579699754714966 1.5
      vertex 119.17800799757242 -0.48551899939775467 1.5
      vertex 119.3559520021081 -0.48118799924850464 1.5
    endloop
  endfacet
  facet normal 0 0 1
    outer loop
      vertex 119.07781100273132 -0.4739909991621971 1.5
      vertex 119.08945299685001 -0.47579699754714966 1.5
      vertex 119.3559520021081 -0.48118799924850464 1.5
    endloop
  endfacet
  facet normal 0 0 1
    outer loop
      vertex 119.07781100273132 -0.4739909991621971 1.5
      vertex 119.3559520021081 -0.48118799924850464 1.5
      vertex 75.60215999931097 2.559890002012253 1.5
    endloop
  endfacet
  facet normal 0 0 1
    outer loop
      vertex 119.05382800102234 -0.474932000041008 1.5
      vertex 119.07781100273132 -0.4739909991621971 1.5
      vertex 75.60215999931097 2.559890002012253 1.5
    endloop
  endfacet
  facet normal 0 0 1
    outer loop
      vertex 101.27804700285196 -2.0338620021939278 1.5
      vertex 119.05382800102234 -0.474932000041008 1.5
      vertex 75.60215999931097 2.559890002012253 1.5
    endloop
  endfacet
  facet normal 0 0 1
    outer loop
      vertex 101.25308699905872 -2.0373340025544167 1.5
      vertex 101.27804700285196 -2.0338620021939278 1.5
      vertex 75.60215999931097 2.559890002012253 1.5
    endloop
  endfacet
  facet normal 0 0 1
    outer loop
      vertex 99.86467699706554 -2.1584250032901764 1.5
      vertex 101.25308699905872 -2.0373340025544167 1.5
      vertex 75.60215999931097 2.559890002012253 1.5
    endloop
  endfacet
  facet normal 0 0 1
    outer loop
      vertex 99.84006199985743 -2.1599730029702187 1.5
      vertex 99.86467699706554 -2.1584250032901764 1.5
      vertex 75.60215999931097 2.559890002012253 1.5
    endloop
  endfacet
  facet normal 0 0 1
    outer loop
      vertex 97.79705400019884 -2.238587997853756 1.5
      vertex 99.84006199985743 -2.1599730029702187 1.5
      vertex 75.60215999931097 2.559890002012253 1.5
    endloop
  endfacet
  facet normal 0 0 1
    outer loop
      vertex 97.77192299813032 -2.2382719963788986 1.5
      vertex 97.79705400019884 -2.238587997853756 1.5
      vertex 75.60215999931097 2.559890002012253 1.5
    endloop
  endfacet
  facet normal 0 0 1
    outer loop
      vertex 81.17743699997663 -2.871417000889778 1.5
      vertex 97.77192299813032 -2.2382719963788986 1.5
      vertex 75.60215999931097 2.559890002012253 1.5
    endloop
  endfacet
  facet normal 0 0 1
    outer loop
      vertex 81.15373399853706 -2.873462997376919 1.5
      vertex 81.17743699997663 -2.871417000889778 1.5
      vertex 75.60215999931097 2.559890002012253 1.5
    endloop
  endfacet
  facet normal 0 0 1
    outer loop
      vertex 78.91481799632311 -2.958068996667862 1.5
      vertex 81.15373399853706 -2.873462997376919 1.5
      vertex 75.60215999931097 2.559890002012253 1.5
    endloop
  endfacet
  facet normal 0 0 1
    outer loop
      vertex 78.89682099968195 -2.9584319964051247 1.5
      vertex 78.91481799632311 -2.958068996667862 1.5
      vertex 75.60215999931097 2.559890002012253 1.5
    endloop
  endfacet
  facet normal 0 0 1
    outer loop
      vertex 76.21973200142384 -2.964948996901512 1.5
      vertex 78.89682099968195 -2.9584319964051247 1.5
      vertex 75.60215999931097 2.559890002012253 1.5
    endloop
  endfacet
  facet normal 0 0 1
    outer loop
      vertex 76.19596499949694 -2.963858999311924 1.5
      vertex 76.21973200142384 -2.964948996901512 1.5
      vertex 75.60215999931097 2.559890002012253 1.5
    endloop
  endfacet
  facet normal 0 0 1
    outer loop
      vertex 76.19596499949694 -2.963858999311924 1.5
      vertex 75.60215999931097 2.559890002012253 1.5
      vertex 61.63165000081062 2.5301420018076897 1.5
    endloop
  endfacet
  facet normal 0 0 1
    outer loop
      vertex 56.21453300118446 -3.0064050033688545 1.5
      vertex 76.19596499949694 -2.963858999311924 1.5
      vertex 61.63165000081062 2.5301420018076897 1.5
    endloop
  endfacet
  facet normal 0 0 1
    outer loop
      vertex 56.21453300118446 -3.0064050033688545 1.5
      vertex 61.63165000081062 2.5301420018076897 1.5
      vertex 61.61760900169611 2.530801996588707 1.5
    endloop
  endfacet
  facet normal 0 0 1
    outer loop
      vertex 56.21453300118446 -3.0064050033688545 1.5
      vertex 61.61760900169611 2.530801996588707 1.5
      vertex 56.52931000292301 2.525689996778965 1.5
    endloop
  endfacet
  facet normal 0 0 1
    outer loop
      vertex 56.21453300118446 -3.0064050033688545 1.5
      vertex 56.52931000292301 2.525689996778965 1.5
      vertex 56.5152710005641 2.524999998509884 1.5
    endloop
  endfacet
  facet normal 0 0 1
    outer loop
      vertex 56.140000998973846 -3.0037830024957657 1.5
      vertex 56.21453300118446 -3.0064050033688545 1.5
      vertex 56.5152710005641 2.524999998509884 1.5
    endloop
  endfacet
  facet normal 0 0 1
    outer loop
      vertex 56.12694499641657 -3.002343997359276 1.5
      vertex 56.140000998973846 -3.0037830024957657 1.5
      vertex 56.5152710005641 2.524999998509884 1.5
    endloop
  endfacet
  facet normal 0 0 1
    outer loop
      vertex 56.12694499641657 -3.002343997359276 1.5
      vertex 56.5152710005641 2.524999998509884 1.5
      vertex 42.54472900182009 2.524999998509884 1.5
    endloop
  endfacet
  facet normal 0 0 1
    outer loop
      vertex 56.07916799932718 -3 1.5
      vertex 56.12694499641657 -3.002343997359276 1.5
      vertex 42.54472900182009 2.524999998509884 1.5
    endloop
  endfacet
  facet normal 0 0 1
    outer loop
      vertex 56.07916799932718 -3 1.5
      vertex 42.54472900182009 2.524999998509884 1.5
      vertex 42.530689999461174 2.525689996778965 1.5
    endloop
  endfacet
  facet normal 0 0 1
    outer loop
      vertex 56.07916799932718 -3 1.5
      vertex 42.530689999461174 2.525689996778965 1.5
      vertex 37.47930999845266 2.525689996778965 1.5
    endloop
  endfacet
  facet normal 0 0 1
    outer loop
      vertex 56.07916799932718 -3 1.5
      vertex 37.47930999845266 2.525689996778965 1.5
      vertex 37.46527100354433 2.524999998509884 1.5
    endloop
  endfacet
  facet normal 0 0 1
    outer loop
      vertex 56.07916799932718 -3 1.5
      vertex 37.46527100354433 2.524999998509884 1.5
      vertex 23.49472899734974 2.524999998509884 1.5
    endloop
  endfacet
  facet normal 0 0 1
    outer loop
      vertex -7.715250000357628 -3 1.5
      vertex 56.07916799932718 -3 1.5
      vertex 23.49472899734974 2.524999998509884 1.5
    endloop
  endfacet
  facet normal 0 0 1
    outer loop
      vertex -7.715250000357628 -3 1.5
      vertex 23.49472899734974 2.524999998509884 1.5
      vertex 23.480690002441406 2.525689996778965 1.5
    endloop
  endfacet
  facet normal 0 0 1
    outer loop
      vertex -7.715250000357628 -3 1.5
      vertex 23.480690002441406 2.525689996778965 1.5
      vertex 18.429310001432896 2.525689996778965 1.5
    endloop
  endfacet
  facet normal 0 0 1
    outer loop
      vertex -7.715250000357628 -3 1.5
      vertex 18.429310001432896 2.525689996778965 1.5
      vertex 18.415270999073982 2.524999998509884 1.5
    endloop
  endfacet
  facet normal 0 0 1
    outer loop
      vertex -7.715250000357628 -3 1.5
      vertex 18.415270999073982 2.524999998509884 1.5
      vertex 4.444729000329971 2.524999998509884 1.5
    endloop
  endfacet
  facet normal 0 0 1
    outer loop
      vertex -7.715250000357628 -3 1.5
      vertex 4.444729000329971 2.524999998509884 1.5
      vertex 4.430689997971058 2.525689996778965 1.5
    endloop
  endfacet
  facet normal 0 0 1
    outer loop
      vertex -8.715250000357628 19.314163997769356 1.5
      vertex -7.715250000357628 -3 1.5
      vertex 4.430689997971058 2.525689996778965 1.5
    endloop
  endfacet
  facet normal 0 0 1
    outer loop
      vertex -8.715250000357628 19.314163997769356 1.5
      vertex 4.430689997971058 2.525689996778965 1.5
      vertex 4.429999999701977 2.5397289991378784 1.5
    endloop
  endfacet
  facet normal 0 0 1
    outer loop
      vertex -8.715250000357628 19.314163997769356 1.5
      vertex 4.429999999701977 2.5397289991378784 1.5
      vertex 4.429999999701977 16.51027099788189 1.5
    endloop
  endfacet
  facet normal 0 0 1
    outer loop
      vertex -8.715250000357628 19.314163997769356 1.5
      vertex 4.429999999701977 16.51027099788189 1.5
      vertex 4.430689997971058 16.524310000240803 1.5
    endloop
  endfacet
  facet normal 0 0 1
    outer loop
      vertex -8.716393001377583 19.337693996727467 1.5
      vertex -8.715250000357628 19.314163997769356 1.5
      vertex 4.430689997971058 16.524310000240803 1.5
    endloop
  endfacet
  facet normal 0 0 1
    outer loop
      vertex -8.716393001377583 32.326053999364376 1.5
      vertex -8.716393001377583 19.337693996727467 1.5
      vertex 4.430689997971058 16.524310000240803 1.5
    endloop
  endfacet
  facet normal 0 0 1
    outer loop
      vertex -8.716393001377583 32.326053999364376 1.5
      vertex 4.430689997971058 16.524310000240803 1.5
      vertex 4.444729000329971 16.524999998509884 1.5
    endloop
  endfacet
  facet normal 0 0 1
    outer loop
      vertex -8.715250000357628 32.34958499670029 1.5
      vertex -8.716393001377583 32.326053999364376 1.5
      vertex 4.444729000329971 16.524999998509884 1.5
    endloop
  endfacet
  facet normal 0 0 1
    outer loop
      vertex -8.715250000357628 61.04748400300741 1.5
      vertex -8.715250000357628 32.34958499670029 1.5
      vertex 4.444729000329971 16.524999998509884 1.5
    endloop
  endfacet
  facet normal 0 0 1
    outer loop
      vertex -8.716393001377583 61.07101400196552 1.5
      vertex -8.715250000357628 61.04748400300741 1.5
      vertex 4.444729000329971 16.524999998509884 1.5
    endloop
  endfacet
  facet normal 0 0 1
    outer loop
      vertex -8.716393001377583 74.05937399715185 1.5
      vertex -8.716393001377583 61.07101400196552 1.5
      vertex 4.444729000329971 16.524999998509884 1.5
    endloop
  endfacet
  facet normal 0 0 1
    outer loop
      vertex -8.715250000357628 74.08290400356054 1.5
      vertex -8.716393001377583 74.05937399715185 1.5
      vertex 4.444729000329971 16.524999998509884 1.5
    endloop
  endfacet
  facet normal 0 0 1
    outer loop
      vertex -8.715250000357628 97.25 1.5
      vertex -8.715250000357628 74.08290400356054 1.5
      vertex 4.444729000329971 16.524999998509884 1.5
    endloop
  endfacet
  facet normal 0 0 1
    outer loop
      vertex 91.96247400343418 74.19265300035477 1.5
      vertex 91.97652799636126 74.19239799678326 1.5
      vertex 98.47780200093985 74.5356639996171 1.5
    endloop
  endfacet
  facet normal 0 0 1
    outer loop
      vertex 91.96247400343418 74.19265300035477 1.5
      vertex 98.47780200093985 74.5356639996171 1.5
      vertex 31.122249998152256 75.10999999940395 1.5
    endloop
  endfacet
  facet normal 0 0 1
    outer loop
      vertex 77.99861299991608 73.76065199822187 1.5
      vertex 91.96247400343418 74.19265300035477 1.5
      vertex 31.122249998152256 75.10999999940395 1.5
    endloop
  endfacet
  facet normal 0 0 1
    outer loop
      vertex 77.98460199683905 73.75952800363302 1.5
      vertex 77.99861299991608 73.76065199822187 1.5
      vertex 31.122249998152256 75.10999999940395 1.5
    endloop
  endfacet
  facet normal 0 0 1
    outer loop
      vertex 72.7106050029397 73.68365699797869 1.5
      vertex 72.72464399784803 73.68297400325537 1.5
      vertex 77.98460199683905 73.75952800363302 1.5
    endloop
  endfacet
  facet normal 0 0 1
    outer loop
      vertex 72.7106050029397 73.68365699797869 1.5
      vertex 77.98460199683905 73.75952800363302 1.5
      vertex 31.122249998152256 75.10999999940395 1.5
    endloop
  endfacet
  facet normal 0 0 1
    outer loop
      vertex 58.74006500095129 73.67634200304747 1.5
      vertex 72.7106050029397 73.68365699797869 1.5
      vertex 31.122249998152256 75.10999999940395 1.5
    endloop
  endfacet
  facet normal 0 0 1
    outer loop
      vertex 58.72602599859238 73.67564400285482 1.5
      vertex 58.74006500095129 73.67634200304747 1.5
      vertex 31.122249998152256 75.10999999940395 1.5
    endloop
  endfacet
  facet normal 0 0 1
    outer loop
      vertex 53.67231000214815 73.67430999875069 1.5
      vertex 58.72602599859238 73.67564400285482 1.5
      vertex 31.122249998152256 75.10999999940395 1.5
    endloop
  endfacet
  facet normal 0 0 1
    outer loop
      vertex 53.65827099978924 73.67499999701977 1.5
      vertex 53.67231000214815 73.67430999875069 1.5
      vertex 31.122249998152256 75.10999999940395 1.5
    endloop
  endfacet
  facet normal 0 0 1
    outer loop
      vertex 39.68772900104523 73.67499999701977 1.5
      vertex 53.65827099978924 73.67499999701977 1.5
      vertex 31.122249998152256 75.10999999940395 1.5
    endloop
  endfacet
  facet normal 0 0 1
    outer loop
      vertex 39.673689998686314 73.67430999875069 1.5
      vertex 39.68772900104523 73.67499999701977 1.5
      vertex 31.122249998152256 75.10999999940395 1.5
    endloop
  endfacet
  facet normal 0 0 1
    outer loop
      vertex 39.673689998686314 73.67430999875069 1.5
      vertex 31.122249998152256 75.10999999940395 1.5
      vertex 31.122249998152256 59.50999999791384 1.5
    endloop
  endfacet
  facet normal 0 0 1
    outer loop
      vertex 34.91069000214338 54.62431000173092 1.5
      vertex 39.673689998686314 73.67430999875069 1.5
      vertex 31.122249998152256 59.50999999791384 1.5
    endloop
  endfacet
  facet normal 0 0 1
    outer loop
      vertex 22.715309999883175 54.62431000173092 1.5
      vertex 34.91069000214338 54.62431000173092 1.5
      vertex 31.122249998152256 59.50999999791384 1.5
    endloop
  endfacet
  facet normal 0 0 1
    outer loop
      vertex 22.715309999883175 54.62431000173092 1.5
      vertex 31.122249998152256 59.50999999791384 1.5
      vertex 24.122249998152256 59.50999999791384 1.5
    endloop
  endfacet
  facet normal 0 0 1
    outer loop
      vertex 22.715309999883175 54.62431000173092 1.5
      vertex 24.122249998152256 59.50999999791384 1.5
      vertex 7.309749998152256 59.50999999791384 1.5
    endloop
  endfacet
  facet normal 0 0 1
    outer loop
      vertex 22.70127099752426 54.625 1.5
      vertex 22.715309999883175 54.62431000173092 1.5
      vertex 7.309749998152256 59.50999999791384 1.5
    endloop
  endfacet
  facet normal 0 0 1
    outer loop
      vertex 3.968229003250599 54.625 1.5
      vertex 22.70127099752426 54.625 1.5
      vertex 7.309749998152256 59.50999999791384 1.5
    endloop
  endfacet
  facet normal 0 0 1
    outer loop
      vertex 3.968229003250599 54.625 1.5
      vertex 7.309749998152256 59.50999999791384 1.5
      vertex 0.309749998152256 59.50999999791384 1.5
    endloop
  endfacet
  facet normal 0 0 1
    outer loop
      vertex 3.9541900008916855 54.62431000173092 1.5
      vertex 3.968229003250599 54.625 1.5
      vertex 0.309749998152256 59.50999999791384 1.5
    endloop
  endfacet
  facet normal 0 0 1
    outer loop
      vertex 3.9535000026226044 54.610270999372005 1.5
      vertex 3.9541900008916855 54.62431000173092 1.5
      vertex 0.309749998152256 59.50999999791384 1.5
    endloop
  endfacet
  facet normal 0 0 1
    outer loop
      vertex 3.9535000026226044 40.639729000627995 1.5
      vertex 3.9535000026226044 54.610270999372005 1.5
      vertex 0.309749998152256 59.50999999791384 1.5
    endloop
  endfacet
  facet normal 0 0 1
    outer loop
      vertex 3.9541900008916855 40.62568999826908 1.5
      vertex 3.9535000026226044 40.639729000627995 1.5
      vertex 0.309749998152256 59.50999999791384 1.5
    endloop
  endfacet
  facet normal 0 0 1
    outer loop
      vertex 34.62192899733782 92.72427999973297 1.5
      vertex 34.62353800237179 92.72404100000858 1.5
      vertex 34.79544100165367 92.70744399726391 1.5
    endloop
  endfacet
  facet normal 0 0 1
    outer loop
      vertex 34.62192899733782 92.72427999973297 1.5
      vertex 34.79544100165367 92.70744399726391 1.5
      vertex -8.715250000357628 97.25 1.5
    endloop
  endfacet
  facet normal 0 0 1
    outer loop
      vertex 34.60727100074291 92.72500000149012 1.5
      vertex 34.62192899733782 92.72427999973297 1.5
      vertex -8.715250000357628 97.25 1.5
    endloop
  endfacet
  facet normal 0 0 1
    outer loop
      vertex 20.6367290019989 92.72500000149012 1.5
      vertex 34.60727100074291 92.72500000149012 1.5
      vertex -8.715250000357628 97.25 1.5
    endloop
  endfacet
  facet normal 0 0 1
    outer loop
      vertex 20.622070997953415 92.72427999973297 1.5
      vertex 20.6367290019989 92.72500000149012 1.5
      vertex -8.715250000357628 97.25 1.5
    endloop
  endfacet
  facet normal 0 0 1
    outer loop
      vertex 20.33492899686098 92.72427999973297 1.5
      vertex 20.622070997953415 92.72427999973297 1.5
      vertex -8.715250000357628 97.25 1.5
    endloop
  endfacet
  facet normal 0 0 1
    outer loop
      vertex 20.320271000266075 92.72500000149012 1.5
      vertex 20.33492899686098 92.72427999973297 1.5
      vertex -8.715250000357628 97.25 1.5
    endloop
  endfacet
  facet normal 0 0 1
    outer loop
      vertex 1.586728997528553 92.72500000149012 1.5
      vertex 20.320271000266075 92.72500000149012 1.5
      vertex -8.715250000357628 97.25 1.5
    endloop
  endfacet
  facet normal 0 0 1
    outer loop
      vertex 1.5726900026202202 92.72431000322104 1.5
      vertex 1.586728997528553 92.72500000149012 1.5
      vertex -8.715250000357628 97.25 1.5
    endloop
  endfacet
  facet normal 0 0 1
    outer loop
      vertex 1.5719999969005585 92.71027100086212 1.5
      vertex 1.5726900026202202 92.72431000322104 1.5
      vertex -8.715250000357628 97.25 1.5
    endloop
  endfacet
  facet normal 0 0 1
    outer loop
      vertex 0.309749998152256 75.10999999940395 1.5
      vertex 1.5719999969005585 92.71027100086212 1.5
      vertex -8.715250000357628 97.25 1.5
    endloop
  endfacet
  facet normal 0 0 1
    outer loop
      vertex 0.309749998152256 59.50999999791384 1.5
      vertex 0.309749998152256 75.10999999940395 1.5
      vertex -8.715250000357628 97.25 1.5
    endloop
  endfacet
  facet normal 0 0 1
    outer loop
      vertex 0.309749998152256 59.50999999791384 1.5
      vertex -8.715250000357628 97.25 1.5
      vertex 4.444729000329971 16.524999998509884 1.5
    endloop
  endfacet
  facet normal 0 0 1
    outer loop
      vertex 3.9541900008916855 40.62568999826908 1.5
      vertex 0.309749998152256 59.50999999791384 1.5
      vertex 4.444729000329971 16.524999998509884 1.5
    endloop
  endfacet
  facet normal 0 0 1
    outer loop
      vertex 7.288690000772476 21.575690001249313 1.5
      vertex 3.9541900008916855 40.62568999826908 1.5
      vertex 4.444729000329971 16.524999998509884 1.5
    endloop
  endfacet
  facet normal 0 0 1
    outer loop
      vertex 7.288690000772476 21.575690001249313 1.5
      vertex 4.444729000329971 16.524999998509884 1.5
      vertex 18.415270999073982 16.524999998509884 1.5
    endloop
  endfacet
  facet normal 0 0 1
    outer loop
      vertex 7.30272900313139 21.575000002980232 1.5
      vertex 7.288690000772476 21.575690001249313 1.5
      vertex 18.415270999073982 16.524999998509884 1.5
    endloop
  endfacet
  facet normal 0 0 1
    outer loop
      vertex 21.2732710018754 21.575000002980232 1.5
      vertex 7.30272900313139 21.575000002980232 1.5
      vertex 18.415270999073982 16.524999998509884 1.5
    endloop
  endfacet
  facet normal 0 0 1
    outer loop
      vertex 21.2732710018754 21.575000002980232 1.5
      vertex 18.415270999073982 16.524999998509884 1.5
      vertex 18.429310001432896 16.524310000240803 1.5
    endloop
  endfacet
  facet normal 0 0 1
    outer loop
      vertex 21.2732710018754 21.575000002980232 1.5
      vertex 18.429310001432896 16.524310000240803 1.5
      vertex 23.480690002441406 16.524310000240803 1.5
    endloop
  endfacet
  facet normal 0 0 1
    outer loop
      vertex 21.287309996783733 21.575690001249313 1.5
      vertex 21.2732710018754 21.575000002980232 1.5
      vertex 23.480690002441406 16.524310000240803 1.5
    endloop
  endfacet
  facet normal 0 0 1
    outer loop
      vertex 31.100689999759197 21.575690001249313 1.5
      vertex 21.287309996783733 21.575690001249313 1.5
      vertex 23.480690002441406 16.524310000240803 1.5
    endloop
  endfacet
  facet normal 0 0 1
    outer loop
      vertex 31.100689999759197 21.575690001249313 1.5
      vertex 23.480690002441406 16.524310000240803 1.5
      vertex 23.49472899734974 16.524999998509884 1.5
    endloop
  endfacet
  facet normal 0 0 1
    outer loop
      vertex 31.100689999759197 21.575690001249313 1.5
      vertex 23.49472899734974 16.524999998509884 1.5
      vertex 37.46527100354433 16.524999998509884 1.5
    endloop
  endfacet
  facet normal 0 0 1
    outer loop
      vertex 31.11472900211811 21.575000002980232 1.5
      vertex 31.100689999759197 21.575690001249313 1.5
      vertex 37.46527100354433 16.524999998509884 1.5
    endloop
  endfacet
  facet normal 0 0 1
    outer loop
      vertex 31.11472900211811 21.575000002980232 1.5
      vertex 37.46527100354433 16.524999998509884 1.5
      vertex 37.47930999845266 16.524310000240803 1.5
    endloop
  endfacet
  facet normal 0 0 1
    outer loop
      vertex 31.11472900211811 21.575000002980232 1.5
      vertex 37.47930999845266 16.524310000240803 1.5
      vertex 42.530689999461174 16.524310000240803 1.5
    endloop
  endfacet
  facet normal 0 0 1
    outer loop
      vertex 31.11472900211811 21.575000002980232 1.5
      vertex 42.530689999461174 16.524310000240803 1.5
      vertex 42.54472900182009 16.524999998509884 1.5
    endloop
  endfacet
  facet normal 0 0 1
    outer loop
      vertex 31.11472900211811 21.575000002980232 1.5
      vertex 42.54472900182009 16.524999998509884 1.5
      vertex 56.5152710005641 16.524999998509884 1.5
    endloop
  endfacet
  facet normal 0 0 1
    outer loop
      vertex 81.00076799839735 16.64630900323391 1.5
      vertex 31.11472900211811 21.575000002980232 1.5
      vertex 56.5152710005641 16.524999998509884 1.5
    endloop
  endfacet
  facet normal 0 0 1
    outer loop
      vertex 81.00076799839735 16.64630900323391 1.5
      vertex 56.5152710005641 16.524999998509884 1.5
      vertex 56.52931000292301 16.524310000240803 1.5
    endloop
  endfacet
  facet normal 0 0 1
    outer loop
      vertex 56.52931000292301 16.524310000240803 1.5
      vertex 61.5878020003438 16.52939099818468 1.5
      vertex 61.60183999687433 16.530110001564026 1.5
    endloop
  endfacet
  facet normal 0 0 1
    outer loop
      vertex 81.00076799839735 16.64630900323391 1.5
      vertex 56.52931000292301 16.524310000240803 1.5
      vertex 61.60183999687433 16.530110001564026 1.5
    endloop
  endfacet
  facet normal 0 0 1
    outer loop
      vertex 81.00076799839735 16.64630900323391 1.5
      vertex 61.60183999687433 16.530110001564026 1.5
      vertex 75.57235000282526 16.55985800176859 1.5
    endloop
  endfacet
  facet normal 0 0 1
    outer loop
      vertex 81.00076799839735 16.64630900323391 1.5
      vertex 75.57235000282526 16.55985800176859 1.5
      vertex 75.58639100193977 16.55919799953699 1.5
    endloop
  endfacet
  facet normal 0 0 1
    outer loop
      vertex 81.00076799839735 16.64630900323391 1.5
      vertex 75.58639100193977 16.55919799953699 1.5
      vertex 75.58710999786854 16.54516000300646 1.5
    endloop
  endfacet
  facet normal 0 0 1
    outer loop
      vertex 81.00076799839735 16.64630900323391 1.5
      vertex 75.58710999786854 16.54516000300646 1.5
      vertex 75.6168579980731 2.5746499970555305 1.5
    endloop
  endfacet
  facet normal 0 0 1
    outer loop
      vertex 81.53341100364923 2.6859249994158745 1.5
      vertex 81.00076799839735 16.64630900323391 1.5
      vertex 75.6168579980731 2.5746499970555305 1.5
    endloop
  endfacet
  facet normal 0 0 1
    outer loop
      vertex 81.53463599830866 2.6719219982624054 1.5
      vertex 81.53341100364923 2.6859249994158745 1.5
      vertex 75.6168579980731 2.5746499970555305 1.5
    endloop
  endfacet
  facet normal 0 0 1
    outer loop
      vertex 149.7089999988675 2.837747998535633 1.5
      vertex 95.50907500088215 3.2044110000133514 1.5
      vertex 81.54869099706411 2.6717680022120476 1.5
    endloop
  endfacet
  facet normal 0 0 1
    outer loop
      vertex 75.6168579980731 2.5746499970555305 1.5
      vertex 149.7089999988675 2.837747998535633 1.5
      vertex 81.54869099706411 2.6717680022120476 1.5
    endloop
  endfacet
  facet normal 0 0 1
    outer loop
      vertex 81.53463599830866 2.6719219982624054 1.5
      vertex 75.6168579980731 2.5746499970555305 1.5
      vertex 81.54869099706411 2.6717680022120476 1.5
    endloop
  endfacet
  facet normal 0 0 -1
    outer loop
      vertex 24.122249998152256 75.10999999940395 0
      vertex 22.715999998152256 73.66027099639177 0
      vertex 22.715309999883175 73.67430999875069 0
    endloop
  endfacet
  facet normal 0 0 -1
    outer loop
      vertex 48.90999999642372 54.610270999372005 0
      vertex 53.96000000089407 54.610270999372005 0
      vertex 53.96000000089407 40.639729000627995 0
    endloop
  endfacet
  facet normal 0 0 -1
    outer loop
      vertex 48.90999999642372 40.639729000627995 0
      vertex 48.90999999642372 54.610270999372005 0
      vertex 53.96000000089407 40.639729000627995 0
    endloop
  endfacet
  facet normal 0 0 -1
    outer loop
      vertex 22.715999998152256 54.610270999372005 0
      vertex 34.90999999642372 54.610270999372005 0
      vertex 34.90999999642372 40.639729000627995 0
    endloop
  endfacet
  facet normal 0 0 -1
    outer loop
      vertex 37.479999996721745 16.51027099788189 0
      vertex 42.53000000119209 16.51027099788189 0
      vertex 42.53000000119209 2.5397289991378784 0
    endloop
  endfacet
  facet normal 0 0 -1
    outer loop
      vertex 37.479999996721745 2.5397289991378784 0
      vertex 37.479999996721745 16.51027099788189 0
      vertex 42.53000000119209 2.5397289991378784 0
    endloop
  endfacet
  facet normal 0 0 -1
    outer loop
      vertex 21.288000002503395 35.56027100235224 0
      vertex 31.100000001490116 35.56027100235224 0
      vertex 31.100000001490116 21.589729003608227 0
    endloop
  endfacet
  facet normal 0 0 -1
    outer loop
      vertex 21.288000002503395 21.589729003608227 0
      vertex 21.288000002503395 35.56027100235224 0
      vertex 31.100000001490116 21.589729003608227 0
    endloop
  endfacet
  facet normal 0 0 -1
    outer loop
      vertex 18.429999999701977 16.51027099788189 0
      vertex 23.479999996721745 16.51027099788189 0
      vertex 23.479999996721745 2.5397289991378784 0
    endloop
  endfacet
  facet normal 0 0 -1
    outer loop
      vertex 18.429999999701977 2.5397289991378784 0
      vertex 18.429999999701977 16.51027099788189 0
      vertex 23.479999996721745 2.5397289991378784 0
    endloop
  endfacet
  facet normal 0 0 -1
    outer loop
      vertex 45.100000001490116 35.56027100235224 0
      vertex 50.149999998509884 35.56027100235224 0
      vertex 50.149999998509884 21.589729003608227 0
    endloop
  endfacet
  facet normal 0 0 -1
    outer loop
      vertex 45.100000001490116 21.589729003608227 0
      vertex 45.100000001490116 35.56027100235224 0
      vertex 50.149999998509884 21.589729003608227 0
    endloop
  endfacet
  facet normal 0 0 -1
    outer loop
      vertex 53.67300000041723 73.66027099639177 0
      vertex 58.725342996418476 73.66160500049591 0
      vertex 58.73265799880028 59.6910649985075 0
    endloop
  endfacet
  facet normal 0 0 -1
    outer loop
      vertex 53.67300000041723 59.68972899764776 0
      vertex 53.67300000041723 73.66027099639177 0
      vertex 58.73265799880028 59.6910649985075 0
    endloop
  endfacet
  facet normal 0 0 -1
    outer loop
      vertex 99.59633599966764 60.58180200308561 0
      vertex 99.61038599908352 60.582235999405384 0
      vertex 92.40965300053358 60.2145259976387 0
    endloop
  endfacet
  facet normal 0 0 -1
    outer loop
      vertex 99.59452699869871 60.595740996301174 0
      vertex 99.59633599966764 60.58180200308561 0
      vertex 92.40965300053358 60.2145259976387 0
    endloop
  endfacet
  facet normal 0 0 -1
    outer loop
      vertex 89.952462002635 21.982157997787 0
      vertex 89.96651799976826 21.982277996838093 0
      vertex 83.39460100233555 21.781442999839783 0
    endloop
  endfacet
  facet normal 0 0 -1
    outer loop
      vertex 89.95096500217915 21.996133998036385 0
      vertex 89.952462002635 21.982157997787 0
      vertex 83.39460100233555 21.781442999839783 0
    endloop
  endfacet
  facet normal 0 0 -1
    outer loop
      vertex 78.41747199743986 59.76760199666023 0
      vertex 78.43152599781752 59.7673470005393 0
      vertex 72.73265700042248 59.69839499890804 0
    endloop
  endfacet
  facet normal 0 0 -1
    outer loop
      vertex 78.41634800285101 59.78161299973726 0
      vertex 78.41747199743986 59.76760199666023 0
      vertex 72.73265700042248 59.69839499890804 0
    endloop
  endfacet
  facet normal 0 0 -1
    outer loop
      vertex 56.53000000119209 2.5397289991378784 0
      vertex 56.53000000119209 16.51027099788189 0
      vertex 61.5871419981122 16.515349999070168 0
    endloop
  endfacet
  facet normal 0 0 -1
    outer loop
      vertex 56.53000000119209 2.5397289991378784 0
      vertex 61.5871419981122 16.515349999070168 0
      vertex 61.616889998316765 2.5448400005698204 0
    endloop
  endfacet
  facet normal 0 0 -1
    outer loop
      vertex 153.7089999988675 35.815255001187325 0
      vertex 153.7089999988675 26.54934400320053 0
      vertex 145.7616619989276 27.139026999473572 0
    endloop
  endfacet
  facet normal 0 0 -1
    outer loop
      vertex 153.7089999988675 35.815255001187325 0
      vertex 145.7616619989276 27.139026999473572 0
      vertex 145.76075799763203 27.153053998947144 0
    endloop
  endfacet
  facet normal 0 0 -1
    outer loop
      vertex 64.14999999850988 21.589729003608227 0
      vertex 64.14999999850988 35.56027100235224 0
      vertex 69.23339899629354 35.58855699747801 0
    endloop
  endfacet
  facet normal 0 0 -1
    outer loop
      vertex 64.14999999850988 21.589729003608227 0
      vertex 69.23339899629354 35.58855699747801 0
      vertex 69.39554399996996 21.61895599961281 0
    endloop
  endfacet
  facet normal 0 0 -1
    outer loop
      vertex 67.96000000089407 40.639729000627995 0
      vertex 67.96000000089407 54.610270999372005 0
      vertex 73.06195200234652 54.655351996421814 0
    endloop
  endfacet
  facet normal 0 0 -1
    outer loop
      vertex 67.96000000089407 40.639729000627995 0
      vertex 73.06195200234652 54.655351996421814 0
      vertex 73.33063799887896 40.68739499896765 0
    endloop
  endfacet
  facet normal 0 0 -1
    outer loop
      vertex 77.98434700071812 73.74547400325537 0
      vertex 78.41634800285101 59.78161299973726 0
      vertex 72.73265700042248 59.69839499890804 0
    endloop
  endfacet
  facet normal 0 0 -1
    outer loop
      vertex 77.98434700071812 73.74547400325537 0
      vertex 72.73265700042248 59.69839499890804 0
      vertex 72.72534199804068 73.66893500089645 0
    endloop
  endfacet
  facet normal 0 0 -1
    outer loop
      vertex 89.14627800136805 35.943481996655464 0
      vertex 89.95096500217915 21.996133998036385 0
      vertex 83.39460100233555 21.781442999839783 0
    endloop
  endfacet
  facet normal 0 0 -1
    outer loop
      vertex 89.14627800136805 35.943481996655464 0
      vertex 83.39460100233555 21.781442999839783 0
      vertex 83.23245599865913 35.75104399770498 0
    endloop
  endfacet
  facet normal 0 0 -1
    outer loop
      vertex 89.14615800231695 35.9575380012393 0
      vertex 89.14627800136805 35.943481996655464 0
      vertex 83.23245599865913 35.75104399770498 0
    endloop
  endfacet
  facet normal 0 0 -1
    outer loop
      vertex 89.14615800231695 35.9575380012393 0
      vertex 83.23245599865913 35.75104399770498 0
      vertex 83.23160400241613 35.765073999762535 0
    endloop
  endfacet
  facet normal 0 0 -1
    outer loop
      vertex 77.98460199683905 73.75952800363302 0
      vertex 77.98434700071812 73.74547400325537 0
      vertex 72.72534199804068 73.66893500089645 0
    endloop
  endfacet
  facet normal 0 0 -1
    outer loop
      vertex 77.98460199683905 73.75952800363302 0
      vertex 72.72534199804068 73.66893500089645 0
      vertex 72.72464399784803 73.68297400325537 0
    endloop
  endfacet
  facet normal 0 0 -1
    outer loop
      vertex 98.47823599725962 74.52161400020123 0
      vertex 99.59452699869871 60.595740996301174 0
      vertex 92.40965300053358 60.2145259976387 0
    endloop
  endfacet
  facet normal 0 0 -1
    outer loop
      vertex 98.47823599725962 74.52161400020123 0
      vertex 92.40965300053358 60.2145259976387 0
      vertex 91.97765199840069 74.1783870011568 0
    endloop
  endfacet
  facet normal 0 0 -1
    outer loop
      vertex 98.47780200093985 74.5356639996171 0
      vertex 98.47823599725962 74.52161400020123 0
      vertex 91.97765199840069 74.1783870011568 0
    endloop
  endfacet
  facet normal 0 0 -1
    outer loop
      vertex 98.47780200093985 74.5356639996171 0
      vertex 91.97765199840069 74.1783870011568 0
      vertex 91.97652799636126 74.19239799678326 0
    endloop
  endfacet
  facet normal 0 0 -1
    outer loop
      vertex 73.06237100064754 54.66940300166607 0
      vertex 73.06195200234652 54.655351996421814 0
      vertex 67.96000000089407 54.610270999372005 0
    endloop
  endfacet
  facet normal 0 0 -1
    outer loop
      vertex 73.06237100064754 54.66940300166607 0
      vertex 67.96000000089407 54.610270999372005 0
      vertex 67.95931000262499 54.62431000173092 0
    endloop
  endfacet
  facet normal 0 0 -1
    outer loop
      vertex 69.2339259982109 35.60260400176048 0
      vertex 69.23339899629354 35.58855699747801 0
      vertex 64.14999999850988 35.56027100235224 0
    endloop
  endfacet
  facet normal 0 0 -1
    outer loop
      vertex 69.2339259982109 35.60260400176048 0
      vertex 64.14999999850988 35.56027100235224 0
      vertex 64.1493100002408 35.57430999726057 0
    endloop
  endfacet
  facet normal 0 0 -1
    outer loop
      vertex 61.5878020003438 16.52939099818468 0
      vertex 61.5871419981122 16.515349999070168 0
      vertex 56.53000000119209 16.51027099788189 0
    endloop
  endfacet
  facet normal 0 0 -1
    outer loop
      vertex 61.5878020003438 16.52939099818468 0
      vertex 56.53000000119209 16.51027099788189 0
      vertex 56.52931000292301 16.524310000240803 0
    endloop
  endfacet
  facet normal 0 0 -1
    outer loop
      vertex 58.725342996418476 73.66160500049591 0
      vertex 53.67300000041723 73.66027099639177 0
      vertex 53.67231000214815 73.67430999875069 0
    endloop
  endfacet
  facet normal 0 0 -1
    outer loop
      vertex 58.72602599859238 73.67564400285482 0
      vertex 58.725342996418476 73.66160500049591 0
      vertex 53.67231000214815 73.67430999875069 0
    endloop
  endfacet
  facet normal 0 0 -1
    outer loop
      vertex 53.96000000089407 54.610270999372005 0
      vertex 48.90999999642372 54.610270999372005 0
      vertex 48.90930999815464 54.62431000173092 0
    endloop
  endfacet
  facet normal 0 0 -1
    outer loop
      vertex 53.96068999916315 54.62431000173092 0
      vertex 53.96000000089407 54.610270999372005 0
      vertex 48.90930999815464 54.62431000173092 0
    endloop
  endfacet
  facet normal 0 0 -1
    outer loop
      vertex 23.479999996721745 16.51027099788189 0
      vertex 18.429999999701977 16.51027099788189 0
      vertex 18.429310001432896 16.524310000240803 0
    endloop
  endfacet
  facet normal 0 0 -1
    outer loop
      vertex 23.480690002441406 16.524310000240803 0
      vertex 23.479999996721745 16.51027099788189 0
      vertex 18.429310001432896 16.524310000240803 0
    endloop
  endfacet
  facet normal 0 0 -1
    outer loop
      vertex 42.53000000119209 16.51027099788189 0
      vertex 37.479999996721745 16.51027099788189 0
      vertex 37.47930999845266 16.524310000240803 0
    endloop
  endfacet
  facet normal 0 0 -1
    outer loop
      vertex 42.530689999461174 16.524310000240803 0
      vertex 42.53000000119209 16.51027099788189 0
      vertex 37.47930999845266 16.524310000240803 0
    endloop
  endfacet
  facet normal 0 0 -1
    outer loop
      vertex 48.90999999642372 40.639729000627995 0
      vertex 53.96000000089407 40.639729000627995 0
      vertex 53.96068999916315 40.62568999826908 0
    endloop
  endfacet
  facet normal 0 0 -1
    outer loop
      vertex 48.90930999815464 40.62568999826908 0
      vertex 48.90999999642372 40.639729000627995 0
      vertex 53.96068999916315 40.62568999826908 0
    endloop
  endfacet
  facet normal 0 0 -1
    outer loop
      vertex 37.479999996721745 2.5397289991378784 0
      vertex 42.53000000119209 2.5397289991378784 0
      vertex 42.530689999461174 2.525689996778965 0
    endloop
  endfacet
  facet normal 0 0 -1
    outer loop
      vertex 37.47930999845266 2.525689996778965 0
      vertex 37.479999996721745 2.5397289991378784 0
      vertex 42.530689999461174 2.525689996778965 0
    endloop
  endfacet
  facet normal 0 0 -1
    outer loop
      vertex 21.288000002503395 21.589729003608227 0
      vertex 31.100000001490116 21.589729003608227 0
      vertex 31.100689999759197 21.575690001249313 0
    endloop
  endfacet
  facet normal 0 0 -1
    outer loop
      vertex 21.287309996783733 21.575690001249313 0
      vertex 21.288000002503395 21.589729003608227 0
      vertex 31.100689999759197 21.575690001249313 0
    endloop
  endfacet
  facet normal 0 0 -1
    outer loop
      vertex 18.429310001432896 2.525689996778965 0
      vertex 18.429999999701977 2.5397289991378784 0
      vertex 23.479999996721745 2.5397289991378784 0
    endloop
  endfacet
  facet normal 0 0 -1
    outer loop
      vertex 18.429310001432896 2.525689996778965 0
      vertex 23.479999996721745 2.5397289991378784 0
      vertex 23.480690002441406 2.525689996778965 0
    endloop
  endfacet
  facet normal 0 0 -1
    outer loop
      vertex 45.100000001490116 21.589729003608227 0
      vertex 50.149999998509884 21.589729003608227 0
      vertex 50.150689996778965 21.575690001249313 0
    endloop
  endfacet
  facet normal 0 0 -1
    outer loop
      vertex 45.099310003221035 21.575690001249313 0
      vertex 45.100000001490116 21.589729003608227 0
      vertex 50.150689996778965 21.575690001249313 0
    endloop
  endfacet
  facet normal 0 0 -1
    outer loop
      vertex 31.100689999759197 35.57430999726057 0
      vertex 31.100000001490116 35.56027100235224 0
      vertex 21.288000002503395 35.56027100235224 0
    endloop
  endfacet
  facet normal 0 0 -1
    outer loop
      vertex 31.100689999759197 35.57430999726057 0
      vertex 21.288000002503395 35.56027100235224 0
      vertex 21.287309996783733 35.57430999726057 0
    endloop
  endfacet
  facet normal 0 0 -1
    outer loop
      vertex 50.149999998509884 35.56027100235224 0
      vertex 45.100000001490116 35.56027100235224 0
      vertex 45.099310003221035 35.57430999726057 0
    endloop
  endfacet
  facet normal 0 0 -1
    outer loop
      vertex 50.150689996778965 35.57430999726057 0
      vertex 50.149999998509884 35.56027100235224 0
      vertex 45.099310003221035 35.57430999726057 0
    endloop
  endfacet
  facet normal 0 0 -1
    outer loop
      vertex 53.67231000214815 59.67569000273943 0
      vertex 53.67300000041723 59.68972899764776 0
      vertex 58.73265799880028 59.6910649985075 0
    endloop
  endfacet
  facet normal 0 0 -1
    outer loop
      vertex 53.67231000214815 59.67569000273943 0
      vertex 58.73265799880028 59.6910649985075 0
      vertex 58.73335599899292 59.67702600359917 0
    endloop
  endfacet
  facet normal 0 0 -1
    outer loop
      vertex 22.715999998152256 73.66027099639177 0
      vertex 24.122249998152256 75.10999999940395 0
      vertex 24.122249998152256 59.50999999791384 0
    endloop
  endfacet
  facet normal 0 0 -1
    outer loop
      vertex 22.715999998152256 59.68972899764776 0
      vertex 22.715999998152256 73.66027099639177 0
      vertex 24.122249998152256 59.50999999791384 0
    endloop
  endfacet
  facet normal 0 0 -1
    outer loop
      vertex 22.715309999883175 59.67569000273943 0
      vertex 22.715999998152256 59.68972899764776 0
      vertex 24.122249998152256 59.50999999791384 0
    endloop
  endfacet
  facet normal 0 0 -1
    outer loop
      vertex 56.52931000292301 2.525689996778965 0
      vertex 56.53000000119209 2.5397289991378784 0
      vertex 61.616889998316765 2.5448400005698204 0
    endloop
  endfacet
  facet normal 0 0 -1
    outer loop
      vertex 56.52931000292301 2.525689996778965 0
      vertex 61.616889998316765 2.5448400005698204 0
      vertex 61.61760900169611 2.530801996588707 0
    endloop
  endfacet
  facet normal 0 0 -1
    outer loop
      vertex 64.1493100002408 21.575690001249313 0
      vertex 64.14999999850988 21.589729003608227 0
      vertex 69.39554399996996 21.61895599961281 0
    endloop
  endfacet
  facet normal 0 0 -1
    outer loop
      vertex 64.1493100002408 21.575690001249313 0
      vertex 69.39554399996996 21.61895599961281 0
      vertex 69.39639600366354 21.604925997555256 0
    endloop
  endfacet
  facet normal 0 0 -1
    outer loop
      vertex 67.95931000262499 40.62568999826908 0
      vertex 67.96000000089407 40.639729000627995 0
      vertex 73.33063799887896 40.68739499896765 0
    endloop
  endfacet
  facet normal 0 0 -1
    outer loop
      vertex 67.95931000262499 40.62568999826908 0
      vertex 73.33063799887896 40.68739499896765 0
      vertex 73.33159700036049 40.673371002078056 0
    endloop
  endfacet
  facet normal 0 0 -1
    outer loop
      vertex 72.73197399824858 59.68435599654913 0
      vertex 72.73265700042248 59.69839499890804 0
      vertex 78.43152599781752 59.7673470005393 0
    endloop
  endfacet
  facet normal 0 0 -1
    outer loop
      vertex 83.39407400041819 21.76739600300789 0
      vertex 83.39460100233555 21.781442999839783 0
      vertex 89.96651799976826 21.982277996838093 0
    endloop
  endfacet
  facet normal 0 0 -1
    outer loop
      vertex 132.14723700284958 82.70179100334644 0
      vertex 130.73070000112057 82.72061999887228 0
      vertex 130.72992900013924 82.73465500026941 0
    endloop
  endfacet
  facet normal 0 0 -1
    outer loop
      vertex 92.40939799696207 60.20047199726105 0
      vertex 92.40965300053358 60.2145259976387 0
      vertex 99.61038599908352 60.582235999405384 0
    endloop
  endfacet
  facet normal 0 0 -1
    outer loop
      vertex 132.14723700284958 82.70179100334644 0
      vertex 130.72992900013924 82.73465500026941 0
      vertex 129.28052300214767 96.62980700284243 0
    endloop
  endfacet
  facet normal 0 0 -1
    outer loop
      vertex 130.52877800166607 98.21760799735785 0
      vertex 132.14723700284958 82.70179100334644 0
      vertex 129.28052300214767 96.62980700284243 0
    endloop
  endfacet
  facet normal 0 0 -1
    outer loop
      vertex 130.52877800166607 98.21760799735785 0
      vertex 129.28052300214767 96.62980700284243 0
      vertex 129.27837999910116 96.64370000362396 0
    endloop
  endfacet
  facet normal 0 0 -1
    outer loop
      vertex 22.715999998152256 40.639729000627995 0
      vertex 22.715999998152256 54.610270999372005 0
      vertex 34.90999999642372 40.639729000627995 0
    endloop
  endfacet
  facet normal 0 0 -1
    outer loop
      vertex 22.715309999883175 40.62568999826908 0
      vertex 22.715999998152256 40.639729000627995 0
      vertex 34.90999999642372 40.639729000627995 0
    endloop
  endfacet
  facet normal 0 0 -1
    outer loop
      vertex 22.715309999883175 40.62568999826908 0
      vertex 34.90999999642372 40.639729000627995 0
      vertex 34.91069000214338 40.62568999826908 0
    endloop
  endfacet
  facet normal 0 0 -1
    outer loop
      vertex 34.90999999642372 54.610270999372005 0
      vertex 22.715999998152256 54.610270999372005 0
      vertex 22.715309999883175 54.62431000173092 0
    endloop
  endfacet
  facet normal 0 0 -1
    outer loop
      vertex 34.91069000214338 54.62431000173092 0
      vertex 34.90999999642372 54.610270999372005 0
      vertex 22.715309999883175 54.62431000173092 0
    endloop
  endfacet
  facet normal 0 0 -1
    outer loop
      vertex 53.67300000041723 78.73972900211811 0
      vertex 53.67300000041723 92.71027100086212 0
      vertex 77.85063800215721 92.9287189990282 0
    endloop
  endfacet
  facet normal 0 0 -1
    outer loop
      vertex 149.7089999988675 24.664589002728462 0
      vertex 149.7089999988675 2.837747998535633 0
      vertex 137.85566200315952 7.188027001917362 0
    endloop
  endfacet
  facet normal 0 0 -1
    outer loop
      vertex 149.7089999988675 24.664589002728462 0
      vertex 137.85566200315952 7.188027001917362 0
      vertex 137.85475800186396 7.202054001390934 0
    endloop
  endfacet
  facet normal 0 0 -1
    outer loop
      vertex 149.7089999988675 102.28739000111818 0
      vertex 149.7089999988675 76.22307500243187 0
      vertex 139.10946299880743 83.42802199721336 0
    endloop
  endfacet
  facet normal 0 0 -1
    outer loop
      vertex 144.1769730001688 41.04766199737787 0
      vertex 129.53964799642563 44.35170999914408 0
      vertex 129.5388009995222 44.36574099957943 0
    endloop
  endfacet
  facet normal 0 0 -1
    outer loop
      vertex 132.14723700284958 82.70179100334644 0
      vertex 139.10946299880743 83.42802199721336 0
      vertex 115.425462000072 80.9575389996171 0
    endloop
  endfacet
  facet normal 0 0 -1
    outer loop
      vertex 7.309749998152256 75.10999999940395 0
      vertex 24.122249998152256 75.10999999940395 0
      vertex 22.715309999883175 73.67430999875069 0
    endloop
  endfacet
  facet normal 0 0 -1
    outer loop
      vertex 7.309749998152256 75.10999999940395 0
      vertex 22.715309999883175 73.67430999875069 0
      vertex 22.70127099752426 73.67499999701977 0
    endloop
  endfacet
  facet normal 0 0 -1
    outer loop
      vertex 7.309749998152256 75.10999999940395 0
      vertex 22.70127099752426 73.67499999701977 0
      vertex 8.73072899878025 73.67499999701977 0
    endloop
  endfacet
  facet normal 0 0 -1
    outer loop
      vertex 7.309749998152256 75.10999999940395 0
      vertex 8.73072899878025 73.67499999701977 0
      vertex 8.716689996421337 73.67430999875069 0
    endloop
  endfacet
  facet normal 0 0 -1
    outer loop
      vertex 7.309749998152256 59.50999999791384 0
      vertex 7.309749998152256 75.10999999940395 0
      vertex 8.716689996421337 73.67430999875069 0
    endloop
  endfacet
  facet normal 0 0 -1
    outer loop
      vertex 7.309749998152256 59.50999999791384 0
      vertex 8.716689996421337 73.67430999875069 0
      vertex 8.715999998152256 73.66027099639177 0
    endloop
  endfacet
  facet normal 0 0 -1
    outer loop
      vertex 7.309749998152256 59.50999999791384 0
      vertex 8.715999998152256 73.66027099639177 0
      vertex 8.715999998152256 59.68972899764776 0
    endloop
  endfacet
  facet normal 0 0 -1
    outer loop
      vertex 7.309749998152256 59.50999999791384 0
      vertex 8.715999998152256 59.68972899764776 0
      vertex 8.716689996421337 59.67569000273943 0
    endloop
  endfacet
  facet normal 0 0 -1
    outer loop
      vertex 149.7089999988675 24.664589002728462 0
      vertex 137.85475800186396 7.202054001390934 0
      vertex 136.2732480019331 21.08279100060463 0
    endloop
  endfacet
  facet normal 0 0 -1
    outer loop
      vertex 149.7089999988675 24.664589002728462 0
      vertex 136.2732480019331 21.08279100060463 0
      vertex 136.27097299695015 21.096661999821663 0
    endloop
  endfacet
  facet normal 0 0 -1
    outer loop
      vertex 144.1769730001688 41.04766199737787 0
      vertex 129.5388009995222 44.36574099957943 0
      vertex 128.01350899785757 58.252768002450466 0
    endloop
  endfacet
  facet normal 0 0 -1
    outer loop
      vertex 134.75932700186968 63.98683600127697 0
      vertex 152.63993199914694 63.99292299896479 0
      vertex 152.29967000335455 63.90070000290871 0
    endloop
  endfacet
  facet normal 0 0 -1
    outer loop
      vertex 134.75932700186968 63.98683600127697 0
      vertex 152.29967000335455 63.90070000290871 0
      vertex 152.27056299895048 63.89327800273895 0
    endloop
  endfacet
  facet normal 0 0 -1
    outer loop
      vertex 134.75932700186968 63.98683600127697 0
      vertex 152.27056299895048 63.89327800273895 0
      vertex 151.87196899950504 63.798096001148224 0
    endloop
  endfacet
  facet normal 0 0 -1
    outer loop
      vertex 134.75932700186968 63.98683600127697 0
      vertex 151.87196899950504 63.798096001148224 0
      vertex 151.03597900271416 63.61032699793577 0
    endloop
  endfacet
  facet normal 0 0 -1
    outer loop
      vertex 134.75932700186968 63.98683600127697 0
      vertex 151.03597900271416 63.61032699793577 0
      vertex 150.64013200253248 63.51570399850607 0
    endloop
  endfacet
  facet normal 0 0 -1
    outer loop
      vertex 134.75932700186968 63.98683600127697 0
      vertex 150.64013200253248 63.51570399850607 0
      vertex 150.62557999789715 63.51199299842119 0
    endloop
  endfacet
  facet normal 0 0 -1
    outer loop
      vertex 134.75932700186968 63.98683600127697 0
      vertex 150.62557999789715 63.51199299842119 0
      vertex 150.26538199931383 63.414368003606796 0
    endloop
  endfacet
  facet normal 0 0 -1
    outer loop
      vertex 134.75932700186968 63.98683600127697 0
      vertex 150.26538199931383 63.414368003606796 0
      vertex 150.24021799862385 63.40683200210333 0
    endloop
  endfacet
  facet normal 0 0 -1
    outer loop
      vertex 134.75932700186968 63.98683600127697 0
      vertex 150.24021799862385 63.40683200210333 0
      vertex 149.93307200074196 63.305991999804974 0
    endloop
  endfacet
  facet normal 0 0 -1
    outer loop
      vertex 134.75932700186968 63.98683600127697 0
      vertex 149.93307200074196 63.305991999804974 0
      vertex 149.89186500012875 63.29041899740696 0
    endloop
  endfacet
  facet normal 0 0 -1
    outer loop
      vertex 134.75932700186968 63.98683600127697 0
      vertex 149.89186500012875 63.29041899740696 0
      vertex 149.73131500184536 63.221514999866486 0
    endloop
  endfacet
  facet normal 0 0 -1
    outer loop
      vertex 134.75932700186968 63.98683600127697 0
      vertex 149.73131500184536 63.221514999866486 0
      vertex 149.71014299988747 63.21118400245905 0
    endloop
  endfacet
  facet normal 0 0 -1
    outer loop
      vertex 134.75932700186968 63.98683600127697 0
      vertex 149.71014299988747 63.21118400245905 0
      vertex 149.7089999988675 63.18765400350094 0
    endloop
  endfacet
  facet normal 0 0 -1
    outer loop
      vertex 53.67300000041723 78.73972900211811 0
      vertex 77.85063800215721 92.9287189990282 0
      vertex 78.28410200029612 78.9649029970169 0
    endloop
  endfacet
  facet normal 0 0 -1
    outer loop
      vertex 53.67231000214815 78.7256899997592 0
      vertex 53.67300000041723 78.73972900211811 0
      vertex 78.28410200029612 78.9649029970169 0
    endloop
  endfacet
  facet normal 0 0 -1
    outer loop
      vertex 53.67231000214815 78.7256899997592 0
      vertex 78.28410200029612 78.9649029970169 0
      vertex 78.28522700071335 78.95089200139046 0
    endloop
  endfacet
  facet normal 0 0 -1
    outer loop
      vertex 152.63993199914694 63.99292299896479 0
      vertex 134.75932700186968 63.98683600127697 0
      vertex 134.75843100249767 64.00086399912834 0
    endloop
  endfacet
  facet normal 0 0 -1
    outer loop
      vertex 152.63993199914694 63.99292299896479 0
      vertex 134.75843100249767 64.00086399912834 0
      vertex 133.184431001544 77.88245499879122 0
    endloop
  endfacet
  facet normal 0 0 -1
    outer loop
      vertex 139.10946299880743 83.42802199721336 0
      vertex 149.7089999988675 76.22307500243187 0
      vertex 149.71014299988747 76.19954399764538 0
    endloop
  endfacet
  facet normal 0 0 -1
    outer loop
      vertex 152.69026999920607 64.00799600034952 0
      vertex 152.63993199914694 63.99292299896479 0
      vertex 133.184431001544 77.88245499879122 0
    endloop
  endfacet
  facet normal 0 0 -1
    outer loop
      vertex 152.9639599993825 64.09785299748182 0
      vertex 152.69026999920607 64.00799600034952 0
      vertex 133.184431001544 77.88245499879122 0
    endloop
  endfacet
  facet normal 0 0 -1
    outer loop
      vertex 153.04641599953175 64.12901300191879 0
      vertex 152.9639599993825 64.09785299748182 0
      vertex 133.184431001544 77.88245499879122 0
    endloop
  endfacet
  facet normal 0 0 -1
    outer loop
      vertex 153.10339000076056 64.15346500277519 0
      vertex 153.04641599953175 64.12901300191879 0
      vertex 133.184431001544 77.88245499879122 0
    endloop
  endfacet
  facet normal 0 0 -1
    outer loop
      vertex 153.1906350031495 64.19603700190783 0
      vertex 153.10339000076056 64.15346500277519 0
      vertex 133.184431001544 77.88245499879122 0
    endloop
  endfacet
  facet normal 0 0 -1
    outer loop
      vertex 153.2733419984579 64.24686700105667 0
      vertex 153.1906350031495 64.19603700190783 0
      vertex 133.184431001544 77.88245499879122 0
    endloop
  endfacet
  facet normal 0 0 -1
    outer loop
      vertex 153.35073000192642 64.30547799915075 0
      vertex 153.2733419984579 64.24686700105667 0
      vertex 133.184431001544 77.88245499879122 0
    endloop
  endfacet
  facet normal 0 0 -1
    outer loop
      vertex 153.42206999659538 64.3713160008192 0
      vertex 153.35073000192642 64.30547799915075 0
      vertex 133.184431001544 77.88245499879122 0
    endloop
  endfacet
  facet normal 0 0 -1
    outer loop
      vertex 153.4866909980774 64.44376099854708 0
      vertex 153.42206999659538 64.3713160008192 0
      vertex 133.184431001544 77.88245499879122 0
    endloop
  endfacet
  facet normal 0 0 -1
    outer loop
      vertex 153.54398199915886 64.52213100343943 0
      vertex 153.4866909980774 64.44376099854708 0
      vertex 133.184431001544 77.88245499879122 0
    endloop
  endfacet
  facet normal 0 0 -1
    outer loop
      vertex 153.59340400248766 64.60568699985743 0
      vertex 153.54398199915886 64.52213100343943 0
      vertex 133.184431001544 77.88245499879122 0
    endloop
  endfacet
  facet normal 0 0 -1
    outer loop
      vertex 153.63449200242758 64.69364099949598 0
      vertex 153.59340400248766 64.60568699985743 0
      vertex 133.184431001544 77.88245499879122 0
    endloop
  endfacet
  facet normal 0 0 -1
    outer loop
      vertex 153.66685699671507 64.78516499698162 0
      vertex 153.63449200242758 64.69364099949598 0
      vertex 133.184431001544 77.88245499879122 0
    endloop
  endfacet
  facet normal 0 0 -1
    outer loop
      vertex 153.69019600003958 64.87939500063658 0
      vertex 153.66685699671507 64.78516499698162 0
      vertex 133.184431001544 77.88245499879122 0
    endloop
  endfacet
  facet normal 0 0 -1
    outer loop
      vertex 153.70428799837828 64.97544500231743 0
      vertex 153.69019600003958 64.87939500063658 0
      vertex 133.184431001544 77.88245499879122 0
    endloop
  endfacet
  facet normal 0 0 -1
    outer loop
      vertex 153.7089999988675 65.07240899652243 0
      vertex 153.70428799837828 64.97544500231743 0
      vertex 133.184431001544 77.88245499879122 0
    endloop
  endfacet
  facet normal 0 0 -1
    outer loop
      vertex 153.7089999988675 74.3383200019598 0
      vertex 153.7089999988675 65.07240899652243 0
      vertex 133.184431001544 77.88245499879122 0
    endloop
  endfacet
  facet normal 0 0 -1
    outer loop
      vertex 153.70428799837828 74.435282997787 0
      vertex 153.7089999988675 74.3383200019598 0
      vertex 133.184431001544 77.88245499879122 0
    endloop
  endfacet
  facet normal 0 0 -1
    outer loop
      vertex 153.69019600003958 74.53133299946785 0
      vertex 153.70428799837828 74.435282997787 0
      vertex 133.184431001544 77.88245499879122 0
    endloop
  endfacet
  facet normal 0 0 -1
    outer loop
      vertex 153.66685699671507 74.6255640015006 0
      vertex 153.69019600003958 74.53133299946785 0
      vertex 133.184431001544 77.88245499879122 0
    endloop
  endfacet
  facet normal 0 0 -1
    outer loop
      vertex 153.63449200242758 74.71708700060844 0
      vertex 153.66685699671507 74.6255640015006 0
      vertex 133.184431001544 77.88245499879122 0
    endloop
  endfacet
  facet normal 0 0 -1
    outer loop
      vertex 153.59340400248766 74.8050419986248 0
      vertex 153.63449200242758 74.71708700060844 0
      vertex 133.184431001544 77.88245499879122 0
    endloop
  endfacet
  facet normal 0 0 -1
    outer loop
      vertex 153.54398199915886 74.888596996665 0
      vertex 153.59340400248766 74.8050419986248 0
      vertex 133.184431001544 77.88245499879122 0
    endloop
  endfacet
  facet normal 0 0 -1
    outer loop
      vertex 153.4866909980774 74.96696700155735 0
      vertex 153.54398199915886 74.888596996665 0
      vertex 133.184431001544 77.88245499879122 0
    endloop
  endfacet
  facet normal 0 0 -1
    outer loop
      vertex 153.42206999659538 75.03941199928522 0
      vertex 153.4866909980774 74.96696700155735 0
      vertex 133.184431001544 77.88245499879122 0
    endloop
  endfacet
  facet normal 0 0 -1
    outer loop
      vertex 153.35073000192642 75.10525099933147 0
      vertex 153.42206999659538 75.03941199928522 0
      vertex 133.184431001544 77.88245499879122 0
    endloop
  endfacet
  facet normal 0 0 -1
    outer loop
      vertex 153.2733419984579 75.16386099904776 0
      vertex 153.35073000192642 75.10525099933147 0
      vertex 133.184431001544 77.88245499879122 0
    endloop
  endfacet
  facet normal 0 0 -1
    outer loop
      vertex 153.1906350031495 75.2146919965744 0
      vertex 153.2733419984579 75.16386099904776 0
      vertex 133.184431001544 77.88245499879122 0
    endloop
  endfacet
  facet normal 0 0 -1
    outer loop
      vertex 153.10339000076056 75.25726299732924 0
      vertex 153.1906350031495 75.2146919965744 0
      vertex 133.184431001544 77.88245499879122 0
    endloop
  endfacet
  facet normal 0 0 -1
    outer loop
      vertex 153.04641599953175 75.28171499818563 0
      vertex 153.10339000076056 75.25726299732924 0
      vertex 133.184431001544 77.88245499879122 0
    endloop
  endfacet
  facet normal 0 0 -1
    outer loop
      vertex 152.9639599993825 75.3128760010004 0
      vertex 153.04641599953175 75.28171499818563 0
      vertex 133.184431001544 77.88245499879122 0
    endloop
  endfacet
  facet normal 0 0 -1
    outer loop
      vertex 152.69026999920607 75.4027319997549 0
      vertex 152.9639599993825 75.3128760010004 0
      vertex 133.184431001544 77.88245499879122 0
    endloop
  endfacet
  facet normal 0 0 -1
    outer loop
      vertex 152.63993199914694 75.41780599951744 0
      vertex 152.69026999920607 75.4027319997549 0
      vertex 133.184431001544 77.88245499879122 0
    endloop
  endfacet
  facet normal 0 0 -1
    outer loop
      vertex 152.29967000335455 75.5100290030241 0
      vertex 152.63993199914694 75.41780599951744 0
      vertex 133.184431001544 77.88245499879122 0
    endloop
  endfacet
  facet normal 0 0 -1
    outer loop
      vertex 152.27056299895048 75.51744999736547 0
      vertex 152.29967000335455 75.5100290030241 0
      vertex 133.184431001544 77.88245499879122 0
    endloop
  endfacet
  facet normal 0 0 -1
    outer loop
      vertex 151.88536500185728 75.60952799767256 0
      vertex 152.27056299895048 75.51744999736547 0
      vertex 133.184431001544 77.88245499879122 0
    endloop
  endfacet
  facet normal 0 0 -1
    outer loop
      vertex 151.04267600178719 75.79884900152683 0
      vertex 151.88536500185728 75.60952799767256 0
      vertex 133.184431001544 77.88245499879122 0
    endloop
  endfacet
  facet normal 0 0 -1
    outer loop
      vertex 150.64013200253248 75.89502499997616 0
      vertex 151.04267600178719 75.79884900152683 0
      vertex 133.184431001544 77.88245499879122 0
    endloop
  endfacet
  facet normal 0 0 -1
    outer loop
      vertex 150.62557999789715 75.89873500168324 0
      vertex 150.64013200253248 75.89502499997616 0
      vertex 133.184431001544 77.88245499879122 0
    endloop
  endfacet
  facet normal 0 0 -1
    outer loop
      vertex 150.26538199931383 75.99636100232601 0
      vertex 150.62557999789715 75.89873500168324 0
      vertex 133.184431001544 77.88245499879122 0
    endloop
  endfacet
  facet normal 0 0 -1
    outer loop
      vertex 150.24021799862385 76.0038959980011 0
      vertex 150.26538199931383 75.99636100232601 0
      vertex 133.184431001544 77.88245499879122 0
    endloop
  endfacet
  facet normal 0 0 -1
    outer loop
      vertex 149.93307200074196 76.10473699867725 0
      vertex 150.24021799862385 76.0038959980011 0
      vertex 133.184431001544 77.88245499879122 0
    endloop
  endfacet
  facet normal 0 0 -1
    outer loop
      vertex 149.89186500012875 76.12031000107527 0
      vertex 149.93307200074196 76.10473699867725 0
      vertex 133.184431001544 77.88245499879122 0
    endloop
  endfacet
  facet normal 0 0 -1
    outer loop
      vertex 149.73131500184536 76.18921399861574 0
      vertex 149.89186500012875 76.12031000107527 0
      vertex 133.184431001544 77.88245499879122 0
    endloop
  endfacet
  facet normal 0 0 -1
    outer loop
      vertex 149.71014299988747 76.19954399764538 0
      vertex 149.73131500184536 76.18921399861574 0
      vertex 133.184431001544 77.88245499879122 0
    endloop
  endfacet
  facet normal 0 0 -1
    outer loop
      vertex 139.10946299880743 83.42802199721336 0
      vertex 149.71014299988747 76.19954399764538 0
      vertex 133.184431001544 77.88245499879122 0
    endloop
  endfacet
  facet normal 0 0 -1
    outer loop
      vertex 139.10946299880743 83.42802199721336 0
      vertex 133.184431001544 77.88245499879122 0
      vertex 133.1821639984846 77.89632699638605 0
    endloop
  endfacet
  facet normal 0 0 -1
    outer loop
      vertex 115.425462000072 80.9575389996171 0
      vertex 139.10946299880743 83.42802199721336 0
      vertex 133.1821639984846 77.89632699638605 0
    endloop
  endfacet
  facet normal 0 0 -1
    outer loop
      vertex 130.52877800166607 98.21760799735785 0
      vertex 129.27837999910116 96.64370000362396 0
      vertex 129.26434499770403 96.64292900264263 0
    endloop
  endfacet
  facet normal 0 0 -1
    outer loop
      vertex 149.7089999988675 102.28739000111818 0
      vertex 139.10946299880743 83.42802199721336 0
      vertex 137.49100399762392 98.94383899867535 0
    endloop
  endfacet
  facet normal 0 0 -1
    outer loop
      vertex 149.7041850015521 102.3854070007801 0
      vertex 149.7089999988675 102.28739000111818 0
      vertex 137.49100399762392 98.94383899867535 0
    endloop
  endfacet
  facet normal 0 0 -1
    outer loop
      vertex 149.6897850036621 102.48247999697924 0
      vertex 149.7041850015521 102.3854070007801 0
      vertex 137.49100399762392 98.94383899867535 0
    endloop
  endfacet
  facet normal 0 0 -1
    outer loop
      vertex 153.70428799837828 35.9122190028429 0
      vertex 153.7089999988675 35.815255001187325 0
      vertex 145.76075799763203 27.153053998947144 0
    endloop
  endfacet
  facet normal 0 0 -1
    outer loop
      vertex 153.69019600003958 36.00826899707317 0
      vertex 153.70428799837828 35.9122190028429 0
      vertex 145.76075799763203 27.153053998947144 0
    endloop
  endfacet
  facet normal 0 0 -1
    outer loop
      vertex 153.66685699671507 36.10249900072813 0
      vertex 153.69019600003958 36.00826899707317 0
      vertex 145.76075799763203 27.153053998947144 0
    endloop
  endfacet
  facet normal 0 0 -1
    outer loop
      vertex 153.63449200242758 36.19402299821377 0
      vertex 153.66685699671507 36.10249900072813 0
      vertex 145.76075799763203 27.153053998947144 0
    endloop
  endfacet
  facet normal 0 0 -1
    outer loop
      vertex 153.59340400248766 36.281976997852325 0
      vertex 153.63449200242758 36.19402299821377 0
      vertex 145.76075799763203 27.153053998947144 0
    endloop
  endfacet
  facet normal 0 0 -1
    outer loop
      vertex 153.54398199915886 36.365533001720905 0
      vertex 153.59340400248766 36.281976997852325 0
      vertex 145.76075799763203 27.153053998947144 0
    endloop
  endfacet
  facet normal 0 0 -1
    outer loop
      vertex 153.4866909980774 36.443902999162674 0
      vertex 153.54398199915886 36.365533001720905 0
      vertex 145.76075799763203 27.153053998947144 0
    endloop
  endfacet
  facet normal 0 0 -1
    outer loop
      vertex 153.42206999659538 36.516347996890545 0
      vertex 153.4866909980774 36.443902999162674 0
      vertex 145.76075799763203 27.153053998947144 0
    endloop
  endfacet
  facet normal 0 0 -1
    outer loop
      vertex 153.35073000192642 36.582185998559 0
      vertex 153.42206999659538 36.516347996890545 0
      vertex 145.76075799763203 27.153053998947144 0
    endloop
  endfacet
  facet normal 0 0 -1
    outer loop
      vertex 153.2733419984579 36.64079699665308 0
      vertex 153.35073000192642 36.582185998559 0
      vertex 145.76075799763203 27.153053998947144 0
    endloop
  endfacet
  facet normal 0 0 -1
    outer loop
      vertex 153.1906350031495 36.691627003252506 0
      vertex 153.2733419984579 36.64079699665308 0
      vertex 145.76075799763203 27.153053998947144 0
    endloop
  endfacet
  facet normal 0 0 -1
    outer loop
      vertex 153.10339000076056 36.73419900238514 0
      vertex 153.1906350031495 36.691627003252506 0
      vertex 145.76075799763203 27.153053998947144 0
    endloop
  endfacet
  facet normal 0 0 -1
    outer loop
      vertex 153.04641599953175 36.75865100324154 0
      vertex 153.10339000076056 36.73419900238514 0
      vertex 145.76075799763203 27.153053998947144 0
    endloop
  endfacet
  facet normal 0 0 -1
    outer loop
      vertex 152.9639599993825 36.78981100022793 0
      vertex 153.04641599953175 36.75865100324154 0
      vertex 145.76075799763203 27.153053998947144 0
    endloop
  endfacet
  facet normal 0 0 -1
    outer loop
      vertex 152.69026999920607 36.87966799736023 0
      vertex 152.9639599993825 36.78981100022793 0
      vertex 145.76075799763203 27.153053998947144 0
    endloop
  endfacet
  facet normal 0 0 -1
    outer loop
      vertex 152.63993199914694 36.894741997122765 0
      vertex 152.69026999920607 36.87966799736023 0
      vertex 145.76075799763203 27.153053998947144 0
    endloop
  endfacet
  facet normal 0 0 -1
    outer loop
      vertex 152.29967000335455 36.986964002251625 0
      vertex 152.63993199914694 36.894741997122765 0
      vertex 145.76075799763203 27.153053998947144 0
    endloop
  endfacet
  facet normal 0 0 -1
    outer loop
      vertex 152.27056299895048 36.99438600242138 0
      vertex 152.29967000335455 36.986964002251625 0
      vertex 145.76075799763203 27.153053998947144 0
    endloop
  endfacet
  facet normal 0 0 -1
    outer loop
      vertex 151.87196899950504 37.08956799656153 0
      vertex 152.27056299895048 36.99438600242138 0
      vertex 145.76075799763203 27.153053998947144 0
    endloop
  endfacet
  facet normal 0 0 -1
    outer loop
      vertex 151.03597900271416 37.27733699977398 0
      vertex 151.87196899950504 37.08956799656153 0
      vertex 145.76075799763203 27.153053998947144 0
    endloop
  endfacet
  facet normal 0 0 -1
    outer loop
      vertex 150.64013200253248 37.37195999920368 0
      vertex 151.03597900271416 37.27733699977398 0
      vertex 145.76075799763203 27.153053998947144 0
    endloop
  endfacet
  facet normal 0 0 -1
    outer loop
      vertex 150.62557999789715 37.37567099928856 0
      vertex 150.64013200253248 37.37195999920368 0
      vertex 145.76075799763203 27.153053998947144 0
    endloop
  endfacet
  facet normal 0 0 -1
    outer loop
      vertex 150.26538199931383 37.473296001553535 0
      vertex 150.62557999789715 37.37567099928856 0
      vertex 145.76075799763203 27.153053998947144 0
    endloop
  endfacet
  facet normal 0 0 -1
    outer loop
      vertex 150.24021799862385 37.480832003057 0
      vertex 150.26538199931383 37.473296001553535 0
      vertex 145.76075799763203 27.153053998947144 0
    endloop
  endfacet
  facet normal 0 0 -1
    outer loop
      vertex 149.93307200074196 37.58167199790478 0
      vertex 150.24021799862385 37.480832003057 0
      vertex 145.76075799763203 27.153053998947144 0
    endloop
  endfacet
  facet normal 0 0 -1
    outer loop
      vertex 149.89186500012875 37.59724500030279 0
      vertex 149.93307200074196 37.58167199790478 0
      vertex 145.76075799763203 27.153053998947144 0
    endloop
  endfacet
  facet normal 0 0 -1
    outer loop
      vertex 149.73131500184536 37.666148997843266 0
      vertex 149.89186500012875 37.59724500030279 0
      vertex 145.76075799763203 27.153053998947144 0
    endloop
  endfacet
  facet normal 0 0 -1
    outer loop
      vertex 149.71014299988747 37.67648000270128 0
      vertex 149.73131500184536 37.666148997843266 0
      vertex 145.76075799763203 27.153053998947144 0
    endloop
  endfacet
  facet normal 0 0 -1
    outer loop
      vertex 149.71014299988747 37.67648000270128 0
      vertex 145.76075799763203 27.153053998947144 0
      vertex 144.17924799770117 41.03379099816084 0
    endloop
  endfacet
  facet normal 0 0 -1
    outer loop
      vertex 149.7089999988675 37.70001000165939 0
      vertex 149.71014299988747 37.67648000270128 0
      vertex 144.17924799770117 41.03379099816084 0
    endloop
  endfacet
  facet normal 0 0 -1
    outer loop
      vertex 149.7089999988675 63.18765400350094 0
      vertex 149.7089999988675 37.70001000165939 0
      vertex 144.17924799770117 41.03379099816084 0
    endloop
  endfacet
  facet normal 0 0 -1
    outer loop
      vertex 149.7089999988675 63.18765400350094 0
      vertex 144.17924799770117 41.03379099816084 0
      vertex 144.1769730001688 41.04766199737787 0
    endloop
  endfacet
  facet normal 0 0 -1
    outer loop
      vertex 130.52877800166607 98.21760799735785 0
      vertex 129.26434499770403 96.64292900264263 0
      vertex 115.3691930025816 95.19352299720049 0
    endloop
  endfacet
  facet normal 0 0 -1
    outer loop
      vertex 149.66594000160694 102.5776740014553 0
      vertex 149.6897850036621 102.48247999697924 0
      vertex 137.49100399762392 98.94383899867535 0
    endloop
  endfacet
  facet normal 0 0 -1
    outer loop
      vertex 149.6328800022602 102.67007300257683 0
      vertex 149.66594000160694 102.5776740014553 0
      vertex 137.49100399762392 98.94383899867535 0
    endloop
  endfacet
  facet normal 0 0 -1
    outer loop
      vertex 149.5909209996462 102.75878699868917 0
      vertex 149.6328800022602 102.67007300257683 0
      vertex 137.49100399762392 98.94383899867535 0
    endloop
  endfacet
  facet normal 0 0 -1
    outer loop
      vertex 149.54046999663115 102.84296000003815 0
      vertex 149.5909209996462 102.75878699868917 0
      vertex 137.49100399762392 98.94383899867535 0
    endloop
  endfacet
  facet normal 0 0 -1
    outer loop
      vertex 149.48200999945402 102.92178300023079 0
      vertex 149.54046999663115 102.84296000003815 0
      vertex 137.49100399762392 98.94383899867535 0
    endloop
  endfacet
  facet normal 0 0 -1
    outer loop
      vertex 149.41610699892044 102.99449700117111 0
      vertex 149.48200999945402 102.92178300023079 0
      vertex 137.49100399762392 98.94383899867535 0
    endloop
  endfacet
  facet normal 0 0 -1
    outer loop
      vertex 149.34339299798012 103.06040000170469 0
      vertex 149.41610699892044 102.99449700117111 0
      vertex 137.49100399762392 98.94383899867535 0
    endloop
  endfacet
  facet normal 0 0 -1
    outer loop
      vertex 149.26456999778748 103.11885900050402 0
      vertex 149.34339299798012 103.06040000170469 0
      vertex 137.49100399762392 98.94383899867535 0
    endloop
  endfacet
  facet normal 0 0 -1
    outer loop
      vertex 149.1803969964385 103.16931100189686 0
      vertex 149.26456999778748 103.11885900050402 0
      vertex 137.49100399762392 98.94383899867535 0
    endloop
  endfacet
  facet normal 0 0 -1
    outer loop
      vertex 149.09168300032616 103.2112689986825 0
      vertex 149.1803969964385 103.16931100189686 0
      vertex 137.49100399762392 98.94383899867535 0
    endloop
  endfacet
  facet normal 0 0 -1
    outer loop
      vertex 148.99928499758244 103.24432999640703 0
      vertex 149.09168300032616 103.2112689986825 0
      vertex 137.49100399762392 98.94383899867535 0
    endloop
  endfacet
  facet normal 0 0 -1
    outer loop
      vertex 148.90409000217915 103.2681749984622 0
      vertex 148.99928499758244 103.24432999640703 0
      vertex 137.49100399762392 98.94383899867535 0
    endloop
  endfacet
  facet normal 0 0 -1
    outer loop
      vertex 148.80701699852943 103.2825749963522 0
      vertex 148.90409000217915 103.2681749984622 0
      vertex 137.49100399762392 98.94383899867535 0
    endloop
  endfacet
  facet normal 0 0 -1
    outer loop
      vertex 148.7089999988675 103.28739000111818 0
      vertex 148.80701699852943 103.2825749963522 0
      vertex 137.49100399762392 98.94383899867535 0
    endloop
  endfacet
  facet normal 0 0 -1
    outer loop
      vertex 146.13634599745274 103.28739000111818 0
      vertex 148.7089999988675 103.28739000111818 0
      vertex 137.49100399762392 98.94383899867535 0
    endloop
  endfacet
  facet normal 0 0 -1
    outer loop
      vertex 146.11259599775076 103.28855200111866 0
      vertex 146.13634599745274 103.28739000111818 0
      vertex 137.49100399762392 98.94383899867535 0
    endloop
  endfacet
  facet normal 0 0 -1
    outer loop
      vertex 146.06845200061798 103.3706300035119 0
      vertex 146.11259599775076 103.28855200111866 0
      vertex 137.49100399762392 98.94383899867535 0
    endloop
  endfacet
  facet normal 0 0 -1
    outer loop
      vertex 146.0160539969802 103.44923400133848 0
      vertex 146.06845200061798 103.3706300035119 0
      vertex 137.49100399762392 98.94383899867535 0
    endloop
  endfacet
  facet normal 0 0 -1
    outer loop
      vertex 145.95647399872541 103.5225429981947 0
      vertex 146.0160539969802 103.44923400133848 0
      vertex 137.49100399762392 98.94383899867535 0
    endloop
  endfacet
  facet normal 0 0 -1
    outer loop
      vertex 145.89024200290442 103.5899019986391 0
      vertex 145.95647399872541 103.5225429981947 0
      vertex 137.49100399762392 98.94383899867535 0
    endloop
  endfacet
  facet normal 0 0 -1
    outer loop
      vertex 145.81794899702072 103.65071099996567 0
      vertex 145.89024200290442 103.5899019986391 0
      vertex 137.49100399762392 98.94383899867535 0
    endloop
  endfacet
  facet normal 0 0 -1
    outer loop
      vertex 145.74024000018835 103.70442800223827 0
      vertex 145.81794899702072 103.65071099996567 0
      vertex 137.49100399762392 98.94383899867535 0
    endloop
  endfacet
  facet normal 0 0 -1
    outer loop
      vertex 145.65781000256538 103.75057099759579 0
      vertex 145.74024000018835 103.70442800223827 0
      vertex 137.49100399762392 98.94383899867535 0
    endloop
  endfacet
  facet normal 0 0 -1
    outer loop
      vertex 145.57139299809933 103.7887310013175 0
      vertex 145.65781000256538 103.75057099759579 0
      vertex 137.49100399762392 98.94383899867535 0
    endloop
  endfacet
  facet normal 0 0 -1
    outer loop
      vertex 145.48176100105047 103.8185660019517 0
      vertex 145.57139299809933 103.7887310013175 0
      vertex 137.49100399762392 98.94383899867535 0
    endloop
  endfacet
  facet normal 0 0 -1
    outer loop
      vertex 145.38971400260925 103.8398099988699 0
      vertex 145.48176100105047 103.8185660019517 0
      vertex 137.49100399762392 98.94383899867535 0
    endloop
  endfacet
  facet normal 0 0 -1
    outer loop
      vertex 145.2960729971528 103.85227400064468 0
      vertex 145.38971400260925 103.8398099988699 0
      vertex 137.49100399762392 98.94383899867535 0
    endloop
  endfacet
  facet normal 0 0 -1
    outer loop
      vertex 145.20167300105095 103.85584600269794 0
      vertex 145.2960729971528 103.85227400064468 0
      vertex 137.49100399762392 98.94383899867535 0
    endloop
  endfacet
  facet normal 0 0 -1
    outer loop
      vertex 145.10735800117254 103.85049399733543 0
      vertex 145.20167300105095 103.85584600269794 0
      vertex 137.49100399762392 98.94383899867535 0
    endloop
  endfacet
  facet normal 0 0 -1
    outer loop
      vertex 145.7616619989276 27.139026999473572 0
      vertex 153.7089999988675 26.54934400320053 0
      vertex 153.70428799837828 26.452380999922752 0
    endloop
  endfacet
  facet normal 0 0 -1
    outer loop
      vertex 145.7616619989276 27.139026999473572 0
      vertex 153.70428799837828 26.452380999922752 0
      vertex 153.69019600003958 26.3563309982419 0
    endloop
  endfacet
  facet normal 0 0 -1
    outer loop
      vertex 145.7616619989276 27.139026999473572 0
      vertex 153.69019600003958 26.3563309982419 0
      vertex 153.66685699671507 26.262100003659725 0
    endloop
  endfacet
  facet normal 0 0 -1
    outer loop
      vertex 149.7089999988675 63.18765400350094 0
      vertex 144.1769730001688 41.04766199737787 0
      vertex 128.01350899785757 58.252768002450466 0
    endloop
  endfacet
  facet normal 0 0 -1
    outer loop
      vertex 149.7089999988675 63.18765400350094 0
      vertex 128.01350899785757 58.252768002450466 0
      vertex 128.01128999888897 58.26664800196886 0
    endloop
  endfacet
  facet normal 0 0 -1
    outer loop
      vertex 145.7616619989276 27.139026999473572 0
      vertex 153.66685699671507 26.262100003659725 0
      vertex 153.63449200242758 26.170576997101307 0
    endloop
  endfacet
  facet normal 0 0 -1
    outer loop
      vertex 145.7616619989276 27.139026999473572 0
      vertex 153.63449200242758 26.170576997101307 0
      vertex 153.59340400248766 26.08262299746275 0
    endloop
  endfacet
  facet normal 0 0 -1
    outer loop
      vertex 77.85063800215721 92.9287189990282 0
      vertex 53.67300000041723 92.71027100086212 0
      vertex 53.67231000214815 92.72431000322104 0
    endloop
  endfacet
  facet normal 0 0 -1
    outer loop
      vertex 77.85089199990034 92.94277299940586 0
      vertex 77.85063800215721 92.9287189990282 0
      vertex 53.67231000214815 92.72431000322104 0
    endloop
  endfacet
  facet normal 0 0 -1
    outer loop
      vertex 145.7616619989276 27.139026999473572 0
      vertex 153.59340400248766 26.08262299746275 0
      vertex 153.54398199915886 25.99906700104475 0
    endloop
  endfacet
  facet normal 0 0 -1
    outer loop
      vertex 145.7616619989276 27.139026999473572 0
      vertex 153.54398199915886 25.99906700104475 0
      vertex 153.4866909980774 25.92069700360298 0
    endloop
  endfacet
  facet normal 0 0 -1
    outer loop
      vertex 145.7616619989276 27.139026999473572 0
      vertex 153.4866909980774 25.92069700360298 0
      vertex 153.42206999659538 25.84825199842453 0
    endloop
  endfacet
  facet normal 0 0 -1
    outer loop
      vertex 145.7616619989276 27.139026999473572 0
      vertex 153.42206999659538 25.84825199842453 0
      vertex 153.35073000192642 25.782412998378277 0
    endloop
  endfacet
  facet normal 0 0 -1
    outer loop
      vertex 145.7616619989276 27.139026999473572 0
      vertex 153.35073000192642 25.782412998378277 0
      vertex 153.2733419984579 25.723802998661995 0
    endloop
  endfacet
  facet normal 0 0 -1
    outer loop
      vertex 145.7616619989276 27.139026999473572 0
      vertex 153.2733419984579 25.723802998661995 0
      vertex 153.1906350031495 25.67297200113535 0
    endloop
  endfacet
  facet normal 0 0 -1
    outer loop
      vertex 145.7616619989276 27.139026999473572 0
      vertex 153.1906350031495 25.67297200113535 0
      vertex 153.10339000076056 25.630401000380516 0
    endloop
  endfacet
  facet normal 0 0 -1
    outer loop
      vertex 145.7616619989276 27.139026999473572 0
      vertex 153.10339000076056 25.630401000380516 0
      vertex 153.04641599953175 25.605948999524117 0
    endloop
  endfacet
  facet normal 0 0 -1
    outer loop
      vertex 145.7616619989276 27.139026999473572 0
      vertex 153.04641599953175 25.605948999524117 0
      vertex 152.9639599993825 25.574787996709347 0
    endloop
  endfacet
  facet normal 0 0 -1
    outer loop
      vertex 145.7616619989276 27.139026999473572 0
      vertex 152.9639599993825 25.574787996709347 0
      vertex 152.69026999920607 25.484931997954845 0
    endloop
  endfacet
  facet normal 0 0 -1
    outer loop
      vertex 145.7616619989276 27.139026999473572 0
      vertex 152.69026999920607 25.484931997954845 0
      vertex 152.63993199914694 25.46985799819231 0
    endloop
  endfacet
  facet normal 0 0 -1
    outer loop
      vertex 145.7616619989276 27.139026999473572 0
      vertex 152.63993199914694 25.46985799819231 0
      vertex 152.29967000335455 25.37763500213623 0
    endloop
  endfacet
  facet normal 0 0 -1
    outer loop
      vertex 145.7616619989276 27.139026999473572 0
      vertex 152.29967000335455 25.37763500213623 0
      vertex 152.27056299895048 25.370214000344276 0
    endloop
  endfacet
  facet normal 0 0 -1
    outer loop
      vertex 145.7616619989276 27.139026999473572 0
      vertex 152.27056299895048 25.370214000344276 0
      vertex 151.88536500185728 25.278136998414993 0
    endloop
  endfacet
  facet normal 0 0 -1
    outer loop
      vertex 145.7616619989276 27.139026999473572 0
      vertex 151.88536500185728 25.278136998414993 0
      vertex 151.04267600178719 25.0888150036335 0
    endloop
  endfacet
  facet normal 0 0 -1
    outer loop
      vertex 145.7616619989276 27.139026999473572 0
      vertex 151.04267600178719 25.0888150036335 0
      vertex 150.64013200253248 24.992640003561974 0
    endloop
  endfacet
  facet normal 0 0 -1
    outer loop
      vertex 145.7616619989276 27.139026999473572 0
      vertex 150.64013200253248 24.992640003561974 0
      vertex 150.62557999789715 24.988929003477097 0
    endloop
  endfacet
  facet normal 0 0 -1
    outer loop
      vertex 145.7616619989276 27.139026999473572 0
      vertex 150.62557999789715 24.988929003477097 0
      vertex 150.26538199931383 24.89130300283432 0
    endloop
  endfacet
  facet normal 0 0 -1
    outer loop
      vertex 145.7616619989276 27.139026999473572 0
      vertex 150.26538199931383 24.89130300283432 0
      vertex 150.24021799862385 24.883767999708652 0
    endloop
  endfacet
  facet normal 0 0 -1
    outer loop
      vertex 145.74779099971056 27.136752001941204 0
      vertex 145.7616619989276 27.139026999473572 0
      vertex 150.24021799862385 24.883767999708652 0
    endloop
  endfacet
  facet normal 0 0 -1
    outer loop
      vertex 131.86705400049686 25.555242002010345 0
      vertex 145.74779099971056 27.136752001941204 0
      vertex 150.24021799862385 24.883767999708652 0
    endloop
  endfacet
  facet normal 0 0 -1
    outer loop
      vertex 131.86705400049686 25.555242002010345 0
      vertex 150.24021799862385 24.883767999708652 0
      vertex 125.32044100016356 24.837766997516155 0
    endloop
  endfacet
  facet normal 0 0 -1
    outer loop
      vertex 131.8530270010233 25.55433800071478 0
      vertex 131.86705400049686 25.555242002010345 0
      vertex 125.32044100016356 24.837766997516155 0
    endloop
  endfacet
  facet normal 0 0 -1
    outer loop
      vertex 131.8530270010233 25.55433800071478 0
      vertex 125.32044100016356 24.837766997516155 0
      vertex 125.31966599822044 24.851801998913288 0
    endloop
  endfacet
  facet normal 0 0 -1
    outer loop
      vertex 131.85075200349092 25.568208999931812 0
      vertex 131.8530270010233 25.55433800071478 0
      vertex 125.31966599822044 24.851801998913288 0
    endloop
  endfacet
  facet normal 0 0 -1
    outer loop
      vertex 131.85075200349092 25.568208999931812 0
      vertex 125.31966599822044 24.851801998913288 0
      vertex 123.86637900024652 38.746549002826214 0
    endloop
  endfacet
  facet normal 0 0 -1
    outer loop
      vertex 130.26924200356007 39.44894599914551 0
      vertex 131.85075200349092 25.568208999931812 0
      vertex 123.86637900024652 38.746549002826214 0
    endloop
  endfacet
  facet normal 0 0 -1
    outer loop
      vertex 130.26924200356007 39.44894599914551 0
      vertex 123.86637900024652 38.746549002826214 0
      vertex 123.86423300206661 38.76044099777937 0
    endloop
  endfacet
  facet normal 0 0 -1
    outer loop
      vertex 130.2683380022645 39.46297299861908 0
      vertex 130.26924200356007 39.44894599914551 0
      vertex 123.86423300206661 38.76044099777937 0
    endloop
  endfacet
  facet normal 0 0 -1
    outer loop
      vertex 137.8417909964919 7.185751996934414 0
      vertex 137.85566200315952 7.188027001917362 0
      vertex 149.7089999988675 2.837747998535633 0
    endloop
  endfacet
  facet normal 0 0 -1
    outer loop
      vertex 149.7089999988675 2.837747998535633 0
      vertex 116.7730379998684 4.87194299697876 0
      vertex 116.77249900251627 4.885989002883434 0
    endloop
  endfacet
  facet normal 0 0 -1
    outer loop
      vertex 145.10735800117254 103.85049399733543 0
      vertex 137.49100399762392 98.94383899867535 0
      vertex 130.52877800166607 98.21760799735785 0
    endloop
  endfacet
  facet normal 0 0 -1
    outer loop
      vertex 113.55019800364971 61.70033600181341 0
      vertex 149.7089999988675 63.18765400350094 0
      vertex 128.01128999888897 58.26664800196886 0
    endloop
  endfacet
  facet normal 0 0 -1
    outer loop
      vertex 113.55019800364971 61.70033600181341 0
      vertex 128.01128999888897 58.26664800196886 0
      vertex 127.99725899845362 58.26580099761486 0
    endloop
  endfacet
  facet normal 0 0 -1
    outer loop
      vertex 113.55019800364971 61.70033600181341 0
      vertex 127.99725899845362 58.26580099761486 0
      vertex 114.11023200303316 56.7405090034008 0
    endloop
  endfacet
  facet normal 0 0 -1
    outer loop
      vertex 113.53625900298357 61.69852700084448 0
      vertex 113.55019800364971 61.70033600181341 0
      vertex 114.11023200303316 56.7405090034008 0
    endloop
  endfacet
  facet normal 0 0 -1
    outer loop
      vertex 113.53625900298357 61.69852700084448 0
      vertex 114.11023200303316 56.7405090034008 0
      vertex 114.09635200351477 56.73828999698162 0
    endloop
  endfacet
  facet normal 0 0 -1
    outer loop
      vertex 99.61038599908352 60.582235999405384 0
      vertex 113.53625900298357 61.69852700084448 0
      vertex 114.09635200351477 56.73828999698162 0
    endloop
  endfacet
  facet normal 0 0 -1
    outer loop
      vertex 99.61038599908352 60.582235999405384 0
      vertex 114.09635200351477 56.73828999698162 0
      vertex 114.09719900041819 56.72425899654627 0
    endloop
  endfacet
  facet normal 0 0 -1
    outer loop
      vertex 125.32044100016356 24.837766997516155 0
      vertex 150.24021799862385 24.883767999708652 0
      vertex 149.93307200074196 24.782926999032497 0
    endloop
  endfacet
  facet normal 0 0 -1
    outer loop
      vertex 125.32044100016356 24.837766997516155 0
      vertex 149.93307200074196 24.782926999032497 0
      vertex 149.89186500012875 24.767353996634483 0
    endloop
  endfacet
  facet normal 0 0 -1
    outer loop
      vertex 125.32044100016356 24.837766997516155 0
      vertex 149.89186500012875 24.767353996634483 0
      vertex 149.73131500184536 24.69844999909401 0
    endloop
  endfacet
  facet normal 0 0 -1
    outer loop
      vertex 125.32044100016356 24.837766997516155 0
      vertex 149.73131500184536 24.69844999909401 0
      vertex 149.71014299988747 24.688120000064373 0
    endloop
  endfacet
  facet normal 0 0 -1
    outer loop
      vertex 125.32044100016356 24.837766997516155 0
      vertex 149.71014299988747 24.688120000064373 0
      vertex 149.7089999988675 24.664589002728462 0
    endloop
  endfacet
  facet normal 0 0 -1
    outer loop
      vertex 123.96105399727821 5.604241997003555 0
      vertex 137.8417909964919 7.185751996934414 0
      vertex 149.7089999988675 2.837747998535633 0
    endloop
  endfacet
  facet normal 0 0 -1
    outer loop
      vertex 123.96105399727821 5.604241997003555 0
      vertex 149.7089999988675 2.837747998535633 0
      vertex 116.77249900251627 4.885989002883434 0
    endloop
  endfacet
  facet normal 0 0 -1
    outer loop
      vertex 123.94702699780464 5.603338003158569 0
      vertex 123.96105399727821 5.604241997003555 0
      vertex 116.77249900251627 4.885989002883434 0
    endloop
  endfacet
  facet normal 0 0 -1
    outer loop
      vertex 123.94475200027227 5.617209002375603 0
      vertex 123.94702699780464 5.603338003158569 0
      vertex 116.77249900251627 4.885989002883434 0
    endloop
  endfacet
  facet normal 0 0 -1
    outer loop
      vertex 123.94475200027227 5.617209002375603 0
      vertex 116.77249900251627 4.885989002883434 0
      vertex 115.5519710034132 18.803112998604774 0
    endloop
  endfacet
  facet normal 0 0 -1
    outer loop
      vertex 122.36324200034142 19.4979460015893 0
      vertex 123.94475200027227 5.617209002375603 0
      vertex 115.5519710034132 18.803112998604774 0
    endloop
  endfacet
  facet normal 0 0 -1
    outer loop
      vertex 122.36324200034142 19.4979460015893 0
      vertex 115.5519710034132 18.803112998604774 0
      vertex 115.55005700141191 18.817037999629974 0
    endloop
  endfacet
  facet normal 0 0 -1
    outer loop
      vertex 122.36233799904585 19.51197300106287 0
      vertex 122.36324200034142 19.4979460015893 0
      vertex 115.55005700141191 18.817037999629974 0
    endloop
  endfacet
  facet normal 0 0 -1
    outer loop
      vertex 129.52576799690723 44.349491000175476 0
      vertex 129.53964799642563 44.35170999914408 0
      vertex 144.1769730001688 41.04766199737787 0
    endloop
  endfacet
  facet normal 0 0 -1
    outer loop
      vertex 92.40939799696207 60.20047199726105 0
      vertex 99.61038599908352 60.582235999405384 0
      vertex 114.09719900041819 56.72425899654627 0
    endloop
  endfacet
  facet normal 0 0 -1
    outer loop
      vertex 103.92784199863672 22.78846199810505 0
      vertex 149.7089999988675 24.664589002728462 0
      vertex 136.27097299695015 21.096661999821663 0
    endloop
  endfacet
  facet normal 0 0 -1
    outer loop
      vertex 103.92784199863672 22.78846199810505 0
      vertex 136.27097299695015 21.096661999821663 0
      vertex 136.25694599747658 21.095757998526096 0
    endloop
  endfacet
  facet normal 0 0 -1
    outer loop
      vertex 103.92784199863672 22.78846199810505 0
      vertex 136.25694599747658 21.095757998526096 0
      vertex 122.37620899826288 19.514247998595238 0
    endloop
  endfacet
  facet normal 0 0 -1
    outer loop
      vertex 103.92784199863672 22.78846199810505 0
      vertex 122.37620899826288 19.514247998595238 0
      vertex 122.36233799904585 19.51197300106287 0
    endloop
  endfacet
  facet normal 0 0 -1
    outer loop
      vertex 103.92784199863672 22.78846199810505 0
      vertex 122.36233799904585 19.51197300106287 0
      vertex 115.55005700141191 18.817037999629974 0
    endloop
  endfacet
  facet normal 0 0 -1
    outer loop
      vertex 103.92784199863672 22.78846199810505 0
      vertex 115.55005700141191 18.817037999629974 0
      vertex 115.53601100295782 18.81649900227785 0
    endloop
  endfacet
  facet normal 0 0 -1
    outer loop
      vertex 103.92784199863672 22.78846199810505 0
      vertex 115.53601100295782 18.81649900227785 0
      vertex 101.6188869997859 17.595971003174782 0
    endloop
  endfacet
  facet normal 0 0 -1
    outer loop
      vertex 103.91386599838734 22.786964997649193 0
      vertex 103.92784199863672 22.78846199810505 0
      vertex 101.6188869997859 17.595971003174782 0
    endloop
  endfacet
  facet normal 0 0 -1
    outer loop
      vertex 103.91386599838734 22.786964997649193 0
      vertex 101.6188869997859 17.595971003174782 0
      vertex 101.6049619987607 17.594057001173496 0
    endloop
  endfacet
  facet normal 0 0 -1
    outer loop
      vertex 89.96651799976826 21.982277996838093 0
      vertex 103.91386599838734 22.786964997649193 0
      vertex 101.6049619987607 17.594057001173496 0
    endloop
  endfacet
  facet normal 0 0 -1
    outer loop
      vertex 89.96651799976826 21.982277996838093 0
      vertex 101.6049619987607 17.594057001173496 0
      vertex 101.6055010035634 17.580011002719402 0
    endloop
  endfacet
  facet normal 0 0 -1
    outer loop
      vertex 83.39407400041819 21.76739600300789 0
      vertex 89.96651799976826 21.982277996838093 0
      vertex 101.6055010035634 17.580011002719402 0
    endloop
  endfacet
  facet normal 0 0 -1
    outer loop
      vertex 144.1769730001688 41.04766199737787 0
      vertex 108.18664000183344 42.17092300206423 0
      vertex 108.18638099730015 42.18497700244188 0
    endloop
  endfacet
  facet normal 0 0 -1
    outer loop
      vertex 108.18664000183344 42.17092300206423 0
      vertex 144.1769730001688 41.04766199737787 0
      vertex 144.16294600069523 41.04675800353289 0
    endloop
  endfacet
  facet normal 0 0 -1
    outer loop
      vertex 83.38004399836063 21.766543999314308 0
      vertex 83.39407400041819 21.76739600300789 0
      vertex 101.6055010035634 17.580011002719402 0
    endloop
  endfacet
  facet normal 0 0 -1
    outer loop
      vertex 108.46323700249195 80.2313069999218 0
      vertex 115.425462000072 80.9575389996171 0
      vertex 133.1821639984846 77.89632699638605 0
    endloop
  endfacet
  facet normal 0 0 -1
    outer loop
      vertex 108.46323700249195 80.2313069999218 0
      vertex 133.1821639984846 77.89632699638605 0
      vertex 92.27736199647188 79.39928100258112 0
    endloop
  endfacet
  facet normal 0 0 -1
    outer loop
      vertex 108.46323700249195 80.2313069999218 0
      vertex 92.27736199647188 79.39928100258112 0
      vertex 91.84389799833298 93.36309699714184 0
    endloop
  endfacet
  facet normal 0 0 -1
    outer loop
      vertex 106.84477800130844 95.74712499976158 0
      vertex 108.46323700249195 80.2313069999218 0
      vertex 91.84389799833298 93.36309699714184 0
    endloop
  endfacet
  facet normal 0 0 -1
    outer loop
      vertex 106.84477800130844 95.74712499976158 0
      vertex 91.84389799833298 93.36309699714184 0
      vertex 91.84277299791574 93.37710800021887 0
    endloop
  endfacet
  facet normal 0 0 -1
    outer loop
      vertex 149.7089999988675 63.18765400350094 0
      vertex 113.55019800364971 61.70033600181341 0
      vertex 113.54976399987936 61.714386001229286 0
    endloop
  endfacet
  facet normal 0 0 -1
    outer loop
      vertex 31.122249998152256 75.10999999940395 0
      vertex 112.41761399805546 75.65376400202513 0
      vertex 98.49174100160599 74.53747300058603 0
    endloop
  endfacet
  facet normal 0 0 -1
    outer loop
      vertex 31.122249998152256 75.10999999940395 0
      vertex 98.49174100160599 74.53747300058603 0
      vertex 98.47780200093985 74.5356639996171 0
    endloop
  endfacet
  facet normal 0 0 -1
    outer loop
      vertex 100.20020200312138 99.16621799767017 0
      vertex 145.10735800117254 103.85049399733543 0
      vertex 130.52877800166607 98.21760799735785 0
    endloop
  endfacet
  facet normal 0 0 -1
    outer loop
      vertex 115.63874100148678 42.82419899851084 0
      vertex 129.52576799690723 44.349491000175476 0
      vertex 144.1769730001688 41.04766199737787 0
    endloop
  endfacet
  facet normal 0 0 -1
    outer loop
      vertex 115.63874100148678 42.82419899851084 0
      vertex 144.1769730001688 41.04766199737787 0
      vertex 108.18638099730015 42.18497700244188 0
    endloop
  endfacet
  facet normal 0 0 -1
    outer loop
      vertex 115.62471000105143 42.82335200160742 0
      vertex 115.63874100148678 42.82419899851084 0
      vertex 108.18638099730015 42.18497700244188 0
    endloop
  endfacet
  facet normal 0 0 -1
    outer loop
      vertex 115.62249100208282 42.83723200112581 0
      vertex 115.62471000105143 42.82335200160742 0
      vertex 108.18638099730015 42.18497700244188 0
    endloop
  endfacet
  facet normal 0 0 -1
    outer loop
      vertex 114.09719900041819 56.72425899654627 0
      vertex 115.62249100208282 42.83723200112581 0
      vertex 108.18638099730015 42.18497700244188 0
    endloop
  endfacet
  facet normal 0 0 -1
    outer loop
      vertex 114.09719900041819 56.72425899654627 0
      vertex 108.18638099730015 42.18497700244188 0
      vertex 107.24371200054884 56.123678997159004 0
    endloop
  endfacet
  facet normal 0 0 -1
    outer loop
      vertex 114.09719900041819 56.72425899654627 0
      vertex 107.24371200054884 56.123678997159004 0
      vertex 107.24207700043917 56.13763999938965 0
    endloop
  endfacet
  facet normal 0 0 -1
    outer loop
      vertex 92.40939799696207 60.20047199726105 0
      vertex 114.09719900041819 56.72425899654627 0
      vertex 107.24207700043917 56.13763999938965 0
    endloop
  endfacet
  facet normal 0 0 -1
    outer loop
      vertex 92.40939799696207 60.20047199726105 0
      vertex 107.24207700043917 56.13763999938965 0
      vertex 107.22802300006151 56.13738100230694 0
    endloop
  endfacet
  facet normal 0 0 -1
    outer loop
      vertex 92.40939799696207 60.20047199726105 0
      vertex 107.22802300006151 56.13738100230694 0
      vertex 93.28932099789381 55.19471199810505 0
    endloop
  endfacet
  facet normal 0 0 -1
    outer loop
      vertex 92.40939799696207 60.20047199726105 0
      vertex 93.28932099789381 55.19471199810505 0
      vertex 93.27536000311375 55.19307699799538 0
    endloop
  endfacet
  facet normal 0 0 -1
    outer loop
      vertex 92.39538700133562 60.199348002672195 0
      vertex 92.40939799696207 60.20047199726105 0
      vertex 93.27536000311375 55.19307699799538 0
    endloop
  endfacet
  facet normal 0 0 -1
    outer loop
      vertex 78.43152599781752 59.7673470005393 0
      vertex 92.39538700133562 60.199348002672195 0
      vertex 93.27536000311375 55.19307699799538 0
    endloop
  endfacet
  facet normal 0 0 -1
    outer loop
      vertex 78.43152599781752 59.7673470005393 0
      vertex 93.27536000311375 55.19307699799538 0
      vertex 93.27561900019646 55.17902299761772 0
    endloop
  endfacet
  facet normal 0 0 -1
    outer loop
      vertex 72.73197399824858 59.68435599654913 0
      vertex 78.43152599781752 59.7673470005393 0
      vertex 93.27561900019646 55.17902299761772 0
    endloop
  endfacet
  facet normal 0 0 -1
    outer loop
      vertex 72.71793500334024 59.68365799635649 0
      vertex 72.73197399824858 59.68435599654913 0
      vertex 93.27561900019646 55.17902299761772 0
    endloop
  endfacet
  facet normal 0 0 -1
    outer loop
      vertex 69.41044300049543 21.604399003088474 0
      vertex 83.38004399836063 21.766543999314308 0
      vertex 101.6055010035634 17.580011002719402 0
    endloop
  endfacet
  facet normal 0 0 -1
    outer loop
      vertex 58.74739500135183 59.676343001425266 0
      vertex 72.71793500334024 59.68365799635649 0
      vertex 93.27561900019646 55.17902299761772 0
    endloop
  endfacet
  facet normal 0 0 -1
    outer loop
      vertex 134.74545499682426 63.98456899821758 0
      vertex 134.75932700186968 63.98683600127697 0
      vertex 149.7089999988675 63.18765400350094 0
    endloop
  endfacet
  facet normal 0 0 -1
    outer loop
      vertex 92.27736199647188 79.39928100258112 0
      vertex 133.1821639984846 77.89632699638605 0
      vertex 133.16813600063324 77.89543099701405 0
    endloop
  endfacet
  facet normal 0 0 -1
    outer loop
      vertex 92.27736199647188 79.39928100258112 0
      vertex 133.16813600063324 77.89543099701405 0
      vertex 119.28654500097036 76.32143100351095 0
    endloop
  endfacet
  facet normal 0 0 -1
    outer loop
      vertex 92.27736199647188 79.39928100258112 0
      vertex 119.28654500097036 76.32143100351095 0
      vertex 119.27267300337553 76.31916400045156 0
    endloop
  endfacet
  facet normal 0 0 -1
    outer loop
      vertex 92.27710799872875 79.38522700220346 0
      vertex 92.27736199647188 79.39928100258112 0
      vertex 119.27267300337553 76.31916400045156 0
    endloop
  endfacet
  facet normal 0 0 -1
    outer loop
      vertex 92.27710799872875 79.38522700220346 0
      vertex 119.27267300337553 76.31916400045156 0
      vertex 119.27356900274754 76.3051360026002 0
    endloop
  endfacet
  facet normal 0 0 -1
    outer loop
      vertex 116.7591129988432 4.870029002428055 0
      vertex 116.7730379998684 4.87194299697876 0
      vertex 149.7089999988675 2.837747998535633 0
    endloop
  endfacet
  facet normal 0 0 -1
    outer loop
      vertex 92.2630970031023 79.38410200178623 0
      vertex 92.27710799872875 79.38522700220346 0
      vertex 119.27356900274754 76.3051360026002 0
    endloop
  endfacet
  facet normal 0 0 -1
    outer loop
      vertex 75.6168579980731 2.5746499970555305 0
      vertex 149.66594000160694 2.547463998198509 0
      vertex 149.6328800022602 2.455064997076988 0
    endloop
  endfacet
  facet normal 0 0 -1
    outer loop
      vertex 75.6168579980731 2.5746499970555305 0
      vertex 149.6328800022602 2.455064997076988 0
      vertex 149.5909209996462 2.3663519993424416 0
    endloop
  endfacet
  facet normal 0 0 -1
    outer loop
      vertex 75.6168579980731 2.5746499970555305 0
      vertex 149.5909209996462 2.3663519993424416 0
      vertex 149.54046999663115 2.2821779996156693 0
    endloop
  endfacet
  facet normal 0 0 -1
    outer loop
      vertex 75.6168579980731 2.5746499970555305 0
      vertex 149.54046999663115 2.2821779996156693 0
      vertex 149.48200999945402 2.203354999423027 0
    endloop
  endfacet
  facet normal 0 0 -1
    outer loop
      vertex 75.6168579980731 2.5746499970555305 0
      vertex 149.48200999945402 2.203354999423027 0
      vertex 149.41610699892044 2.130641996860504 0
    endloop
  endfacet
  facet normal 0 0 -1
    outer loop
      vertex 75.6168579980731 2.5746499970555305 0
      vertex 149.41610699892044 2.130641996860504 0
      vertex 149.34339299798012 2.0647379979491234 0
    endloop
  endfacet
  facet normal 0 0 -1
    outer loop
      vertex 75.6168579980731 2.5746499970555305 0
      vertex 149.34339299798012 2.0647379979491234 0
      vertex 149.26456999778748 2.0062789991497993 0
    endloop
  endfacet
  facet normal 0 0 -1
    outer loop
      vertex 75.6168579980731 2.5746499970555305 0
      vertex 149.26456999778748 2.0062789991497993 0
      vertex 149.1803969964385 1.955826997756958 0
    endloop
  endfacet
  facet normal 0 0 -1
    outer loop
      vertex 75.6168579980731 2.5746499970555305 0
      vertex 149.1803969964385 1.955826997756958 0
      vertex 149.09168300032616 1.9138690009713173 0
    endloop
  endfacet
  facet normal 0 0 -1
    outer loop
      vertex 75.6168579980731 2.5746499970555305 0
      vertex 149.09168300032616 1.9138690009713173 0
      vertex 148.99928499758244 1.8808080032467842 0
    endloop
  endfacet
  facet normal 0 0 -1
    outer loop
      vertex 75.6168579980731 2.5746499970555305 0
      vertex 148.99928499758244 1.8808080032467842 0
      vertex 148.90409000217915 1.856963001191616 0
    endloop
  endfacet
  facet normal 0 0 -1
    outer loop
      vertex 75.6168579980731 2.5746499970555305 0
      vertex 148.90409000217915 1.856963001191616 0
      vertex 148.80701699852943 1.8425640016794205 0
    endloop
  endfacet
  facet normal 0 0 -1
    outer loop
      vertex 75.6168579980731 2.5746499970555305 0
      vertex 148.80701699852943 1.8425640016794205 0
      vertex 148.7089999988675 1.837747998535633 0
    endloop
  endfacet
  facet normal 0 0 -1
    outer loop
      vertex 75.6168579980731 2.5746499970555305 0
      vertex 148.7089999988675 1.837747998535633 0
      vertex 139.7373690009117 1.837747998535633 0
    endloop
  endfacet
  facet normal 0 0 -1
    outer loop
      vertex 75.61619800329208 2.560608997941017 0
      vertex 75.6168579980731 2.5746499970555305 0
      vertex 139.7373690009117 1.837747998535633 0
    endloop
  endfacet
  facet normal 0 0 -1
    outer loop
      vertex 75.61619800329208 2.560608997941017 0
      vertex 139.7373690009117 1.837747998535633 0
      vertex 139.68081299960613 1.834536999464035 0
    endloop
  endfacet
  facet normal 0 0 -1
    outer loop
      vertex 75.61619800329208 2.560608997941017 0
      vertex 139.68081299960613 1.834536999464035 0
      vertex 122.77942399680614 -0.0911329984664917 0
    endloop
  endfacet
  facet normal 0 0 -1
    outer loop
      vertex 75.61619800329208 2.560608997941017 0
      vertex 122.77942399680614 -0.0911329984664917 0
      vertex 122.7557360008359 -0.09499800205230713 0
    endloop
  endfacet
  facet normal 0 0 -1
    outer loop
      vertex 75.61619800329208 2.560608997941017 0
      vertex 122.7557360008359 -0.09499800205230713 0
      vertex 122.73154699802399 -0.10395999997854233 0
    endloop
  endfacet
  facet normal 0 0 -1
    outer loop
      vertex 75.61619800329208 2.560608997941017 0
      vertex 122.73154699802399 -0.10395999997854233 0
      vertex 122.6985670030117 -0.11813300102949142 0
    endloop
  endfacet
  facet normal 0 0 -1
    outer loop
      vertex 75.61619800329208 2.560608997941017 0
      vertex 122.6985670030117 -0.11813300102949142 0
      vertex 122.61209499835968 -0.1463019996881485 0
    endloop
  endfacet
  facet normal 0 0 -1
    outer loop
      vertex 75.61619800329208 2.560608997941017 0
      vertex 122.61209499835968 -0.1463019996881485 0
      vertex 122.52342200279236 -0.16649799793958664 0
    endloop
  endfacet
  facet normal 0 0 -1
    outer loop
      vertex 75.61619800329208 2.560608997941017 0
      vertex 122.52342200279236 -0.16649799793958664 0
      vertex 122.43328099697828 -0.17855499684810638 0
    endloop
  endfacet
  facet normal 0 0 -1
    outer loop
      vertex 75.61619800329208 2.560608997941017 0
      vertex 122.43328099697828 -0.17855499684810638 0
      vertex 120.61082699894905 -0.3383829966187477 0
    endloop
  endfacet
  facet normal 0 0 -1
    outer loop
      vertex 75.61619800329208 2.560608997941017 0
      vertex 120.61082699894905 -0.3383829966187477 0
      vertex 120.59790799766779 -0.33968500047922134 0
    endloop
  endfacet
  facet normal 0 0 -1
    outer loop
      vertex 75.61619800329208 2.560608997941017 0
      vertex 120.59790799766779 -0.33968500047922134 0
      vertex 119.3559520021081 -0.48118799924850464 0
    endloop
  endfacet
  facet normal 0 0 -1
    outer loop
      vertex 149.6897850036621 2.6426580026745796 0
      vertex 149.66594000160694 2.547463998198509 0
      vertex 75.6168579980731 2.5746499970555305 0
    endloop
  endfacet
  facet normal 0 0 -1
    outer loop
      vertex 149.7041850015521 2.7397309988737106 0
      vertex 149.6897850036621 2.6426580026745796 0
      vertex 75.6168579980731 2.5746499970555305 0
    endloop
  endfacet
  facet normal 0 0 -1
    outer loop
      vertex 149.7089999988675 2.837747998535633 0
      vertex 149.7041850015521 2.7397309988737106 0
      vertex 75.6168579980731 2.5746499970555305 0
    endloop
  endfacet
  facet normal 0 0 -1
    outer loop
      vertex 106.84477800130844 95.74712499976158 0
      vertex 91.84277299791574 93.37710800021887 0
      vertex 91.82871899753809 93.377361997962 0
    endloop
  endfacet
  facet normal 0 0 -1
    outer loop
      vertex 22.70127099752426 59.67499999701977 0
      vertex 22.715309999883175 59.67569000273943 0
      vertex 24.122249998152256 59.50999999791384 0
    endloop
  endfacet
  facet normal 0 0 -1
    outer loop
      vertex 7.309749998152256 59.50999999791384 0
      vertex 8.716689996421337 59.67569000273943 0
      vertex 8.73072899878025 59.67499999701977 0
    endloop
  endfacet
  facet normal 0 0 -1
    outer loop
      vertex 130.71680700033903 82.71847700327635 0
      vertex 130.73070000112057 82.72061999887228 0
      vertex 132.14723700284958 82.70179100334644 0
    endloop
  endfacet
  facet normal 0 0 -1
    outer loop
      vertex 130.71680700033903 82.71847700327635 0
      vertex 132.14723700284958 82.70179100334644 0
      vertex 115.425462000072 80.9575389996171 0
    endloop
  endfacet
  facet normal 0 0 -1
    outer loop
      vertex 116.82165499776602 81.2690709978342 0
      vertex 130.71680700033903 82.71847700327635 0
      vertex 115.425462000072 80.9575389996171 0
    endloop
  endfacet
  facet normal 0 0 -1
    outer loop
      vertex 116.80761999636889 81.26829999685287 0
      vertex 116.82165499776602 81.2690709978342 0
      vertex 115.425462000072 80.9575389996171 0
    endloop
  endfacet
  facet normal 0 0 -1
    outer loop
      vertex 116.80547700077295 81.28219299763441 0
      vertex 116.80761999636889 81.26829999685287 0
      vertex 115.425462000072 80.9575389996171 0
    endloop
  endfacet
  facet normal 0 0 -1
    outer loop
      vertex 115.35607100278139 95.17734500020742 0
      vertex 116.80547700077295 81.28219299763441 0
      vertex 115.425462000072 80.9575389996171 0
    endloop
  endfacet
  facet normal 0 0 -1
    outer loop
      vertex 115.35607100278139 95.17734500020742 0
      vertex 115.425462000072 80.9575389996171 0
      vertex 113.80700399726629 96.47335600107908 0
    endloop
  endfacet
  facet normal 0 0 -1
    outer loop
      vertex 115.35530000180006 95.19138000160456 0
      vertex 115.35607100278139 95.17734500020742 0
      vertex 113.80700399726629 96.47335600107908 0
    endloop
  endfacet
  facet normal 0 0 -1
    outer loop
      vertex 115.3691930025816 95.19352299720049 0
      vertex 115.35530000180006 95.19138000160456 0
      vertex 113.80700399726629 96.47335600107908 0
    endloop
  endfacet
  facet normal 0 0 -1
    outer loop
      vertex 130.52877800166607 98.21760799735785 0
      vertex 115.3691930025816 95.19352299720049 0
      vertex 113.80700399726629 96.47335600107908 0
    endloop
  endfacet
  facet normal 0 0 -1
    outer loop
      vertex 100.20020200312138 99.16621799767017 0
      vertex 130.52877800166607 98.21760799735785 0
      vertex 113.80700399726629 96.47335600107908 0
    endloop
  endfacet
  facet normal 0 0 -1
    outer loop
      vertex 100.20020200312138 99.16621799767017 0
      vertex 113.80700399726629 96.47335600107908 0
      vertex 106.84477800130844 95.74712499976158 0
    endloop
  endfacet
  facet normal 0 0 -1
    outer loop
      vertex 100.20020200312138 99.16621799767017 0
      vertex 106.84477800130844 95.74712499976158 0
      vertex 91.82871899753809 93.377361997962 0
    endloop
  endfacet
  facet normal 0 0 -1
    outer loop
      vertex 100.16385400295258 99.16376200318336 0
      vertex 100.20020200312138 99.16621799767017 0
      vertex 91.82871899753809 93.377361997962 0
    endloop
  endfacet
  facet normal 0 0 -1
    outer loop
      vertex 100.16385400295258 99.16376200318336 0
      vertex 91.82871899753809 93.377361997962 0
      vertex 77.86490300297737 92.9438979998231 0
    endloop
  endfacet
  facet normal 0 0 -1
    outer loop
      vertex 67.44072700291872 98.14797300100327 0
      vertex 100.16385400295258 99.16376200318336 0
      vertex 77.86490300297737 92.9438979998231 0
    endloop
  endfacet
  facet normal 0 0 -1
    outer loop
      vertex 67.44072700291872 98.14797300100327 0
      vertex 77.86490300297737 92.9438979998231 0
      vertex 77.85089199990034 92.94277299940586 0
    endloop
  endfacet
  facet normal 0 0 -1
    outer loop
      vertex 67.44072700291872 98.14797300100327 0
      vertex 77.85089199990034 92.94277299940586 0
      vertex 53.67231000214815 92.72431000322104 0
    endloop
  endfacet
  facet normal 0 0 -1
    outer loop
      vertex 67.41627199947834 98.1484149992466 0
      vertex 67.44072700291872 98.14797300100327 0
      vertex 53.67231000214815 92.72431000322104 0
    endloop
  endfacet
  facet normal 0 0 -1
    outer loop
      vertex 67.40409799665213 98.14983599632978 0
      vertex 67.41627199947834 98.1484149992466 0
      vertex 53.67231000214815 92.72431000322104 0
    endloop
  endfacet
  facet normal 0 0 -1
    outer loop
      vertex 67.32832700014114 98.16237200051546 0
      vertex 67.40409799665213 98.14983599632978 0
      vertex 53.67231000214815 92.72431000322104 0
    endloop
  endfacet
  facet normal 0 0 -1
    outer loop
      vertex 67.22767399996519 98.16872700303793 0
      vertex 67.32832700014114 98.16237200051546 0
      vertex 53.67231000214815 92.72431000322104 0
    endloop
  endfacet
  facet normal 0 0 -1
    outer loop
      vertex 59.37637600302696 98.26775199919939 0
      vertex 67.22767399996519 98.16872700303793 0
      vertex 53.67231000214815 92.72431000322104 0
    endloop
  endfacet
  facet normal 0 0 -1
    outer loop
      vertex 59.296489998698235 98.26556599885225 0
      vertex 59.37637600302696 98.26775199919939 0
      vertex 53.67231000214815 92.72431000322104 0
    endloop
  endfacet
  facet normal 0 0 -1
    outer loop
      vertex 59.21703399717808 98.2570080012083 0
      vertex 59.296489998698235 98.26556599885225 0
      vertex 53.67231000214815 92.72431000322104 0
    endloop
  endfacet
  facet normal 0 0 -1
    outer loop
      vertex 59.17788200080395 98.25119999796152 0
      vertex 59.21703399717808 98.2570080012083 0
      vertex 53.67231000214815 92.72431000322104 0
    endloop
  endfacet
  facet normal 0 0 -1
    outer loop
      vertex 59.15345100313425 98.25 0
      vertex 59.17788200080395 98.25119999796152 0
      vertex 53.67231000214815 92.72431000322104 0
    endloop
  endfacet
  facet normal 0 0 -1
    outer loop
      vertex 59.15345100313425 98.25 0
      vertex 53.67231000214815 92.72431000322104 0
      vertex 53.65827099978924 92.72500000149012 0
    endloop
  endfacet
  facet normal 0 0 -1
    outer loop
      vertex 59.15345100313425 98.25 0
      vertex 53.65827099978924 92.72500000149012 0
      vertex 34.924728997051716 92.72500000149012 0
    endloop
  endfacet
  facet normal 0 0 -1
    outer loop
      vertex -7.715250000357628 98.25 0
      vertex 59.15345100313425 98.25 0
      vertex 34.924728997051716 92.72500000149012 0
    endloop
  endfacet
  facet normal 0 0 -1
    outer loop
      vertex -7.715250000357628 98.25 0
      vertex 34.924728997051716 92.72500000149012 0
      vertex 34.91007100045681 92.72427999973297 0
    endloop
  endfacet
  facet normal 0 0 -1
    outer loop
      vertex -7.715250000357628 98.25 0
      vertex 34.91007100045681 92.72427999973297 0
      vertex 34.90846200287342 92.72404100000858 0
    endloop
  endfacet
  facet normal 0 0 -1
    outer loop
      vertex -7.715250000357628 98.25 0
      vertex 34.90846200287342 92.72404100000858 0
      vertex 34.85403800010681 92.71321599930525 0
    endloop
  endfacet
  facet normal 0 0 -1
    outer loop
      vertex -7.715250000357628 98.25 0
      vertex 34.85403800010681 92.71321599930525 0
      vertex 34.79544100165367 92.70744399726391 0
    endloop
  endfacet
  facet normal 0 0 -1
    outer loop
      vertex -7.81326700001955 98.2451850026846 0
      vertex -7.715250000357628 98.25 0
      vertex 34.79544100165367 92.70744399726391 0
    endloop
  endfacet
  facet normal 0 0 -1
    outer loop
      vertex -7.910340003669262 98.23078499734402 0
      vertex -7.81326700001955 98.2451850026846 0
      vertex 34.79544100165367 92.70744399726391 0
    endloop
  endfacet
  facet normal 0 0 -1
    outer loop
      vertex -8.005534999072552 98.20694000273943 0
      vertex -7.910340003669262 98.23078499734402 0
      vertex 34.79544100165367 92.70744399726391 0
    endloop
  endfacet
  facet normal 0 0 -1
    outer loop
      vertex -8.097933001816273 98.1738800033927 0
      vertex -8.005534999072552 98.20694000273943 0
      vertex 34.79544100165367 92.70744399726391 0
    endloop
  endfacet
  facet normal 0 0 -1
    outer loop
      vertex -8.18664699792862 98.13192100077868 0
      vertex -8.097933001816273 98.1738800033927 0
      vertex 34.79544100165367 92.70744399726391 0
    endloop
  endfacet
  facet normal 0 0 -1
    outer loop
      vertex -8.270819999277592 98.08146999776363 0
      vertex -8.18664699792862 98.13192100077868 0
      vertex 34.79544100165367 92.70744399726391 0
    endloop
  endfacet
  facet normal 0 0 -1
    outer loop
      vertex -8.349642999470234 98.02301000058651 0
      vertex -8.270819999277592 98.08146999776363 0
      vertex 34.79544100165367 92.70744399726391 0
    endloop
  endfacet
  facet normal 0 0 -1
    outer loop
      vertex -8.422357000410557 97.95710700005293 0
      vertex -8.349642999470234 98.02301000058651 0
      vertex 34.79544100165367 92.70744399726391 0
    endloop
  endfacet
  facet normal 0 0 -1
    outer loop
      vertex -8.488260000944138 97.8843929991126 0
      vertex -8.422357000410557 97.95710700005293 0
      vertex 34.79544100165367 92.70744399726391 0
    endloop
  endfacet
  facet normal 0 0 -1
    outer loop
      vertex -8.546719998121262 97.80556999891996 0
      vertex -8.488260000944138 97.8843929991126 0
      vertex 34.79544100165367 92.70744399726391 0
    endloop
  endfacet
  facet normal 0 0 -1
    outer loop
      vertex -8.597171001136303 97.72139699757099 0
      vertex -8.546719998121262 97.80556999891996 0
      vertex 34.79544100165367 92.70744399726391 0
    endloop
  endfacet
  facet normal 0 0 -1
    outer loop
      vertex -8.639129996299744 97.63268300145864 0
      vertex -8.597171001136303 97.72139699757099 0
      vertex 34.79544100165367 92.70744399726391 0
    endloop
  endfacet
  facet normal 0 0 -1
    outer loop
      vertex -8.672190003097057 97.54028499871492 0
      vertex -8.639129996299744 97.63268300145864 0
      vertex 34.79544100165367 92.70744399726391 0
    endloop
  endfacet
  facet normal 0 0 -1
    outer loop
      vertex -8.696034997701645 97.44509000331163 0
      vertex -8.672190003097057 97.54028499871492 0
      vertex 34.79544100165367 92.70744399726391 0
    endloop
  endfacet
  facet normal 0 0 -1
    outer loop
      vertex -8.710435003042221 97.34801699966192 0
      vertex -8.696034997701645 97.44509000331163 0
      vertex 34.79544100165367 92.70744399726391 0
    endloop
  endfacet
  facet normal 0 0 -1
    outer loop
      vertex -8.715250000357628 97.25 0
      vertex -8.710435003042221 97.34801699966192 0
      vertex 34.79544100165367 92.70744399726391 0
    endloop
  endfacet
  facet normal 0 0 -1
    outer loop
      vertex 120.86386399716139 62.41056899726391 0
      vertex 134.74545499682426 63.98456899821758 0
      vertex 149.7089999988675 63.18765400350094 0
    endloop
  endfacet
  facet normal 0 0 -1
    outer loop
      vertex 120.86386399716139 62.41056899726391 0
      vertex 149.7089999988675 63.18765400350094 0
      vertex 113.54976399987936 61.714386001229286 0
    endloop
  endfacet
  facet normal 0 0 -1
    outer loop
      vertex 120.84983599931002 62.4096729978919 0
      vertex 120.86386399716139 62.41056899726391 0
      vertex 113.54976399987936 61.714386001229286 0
    endloop
  endfacet
  facet normal 0 0 -1
    outer loop
      vertex 120.84756900370121 62.42354500293732 0
      vertex 120.84983599931002 62.4096729978919 0
      vertex 113.54976399987936 61.714386001229286 0
    endloop
  endfacet
  facet normal 0 0 -1
    outer loop
      vertex 120.84756900370121 62.42354500293732 0
      vertex 113.54976399987936 61.714386001229286 0
      vertex 112.43347299844027 75.64025899767876 0
    endloop
  endfacet
  facet normal 0 0 -1
    outer loop
      vertex 119.27356900274754 76.3051360026002 0
      vertex 120.84756900370121 62.42354500293732 0
      vertex 112.43347299844027 75.64025899767876 0
    endloop
  endfacet
  facet normal 0 0 -1
    outer loop
      vertex 119.27356900274754 76.3051360026002 0
      vertex 112.43347299844027 75.64025899767876 0
      vertex 112.43166399747133 75.6541979983449 0
    endloop
  endfacet
  facet normal 0 0 -1
    outer loop
      vertex 92.2630970031023 79.38410200178623 0
      vertex 119.27356900274754 76.3051360026002 0
      vertex 112.43166399747133 75.6541979983449 0
    endloop
  endfacet
  facet normal 0 0 -1
    outer loop
      vertex 92.2630970031023 79.38410200178623 0
      vertex 112.43166399747133 75.6541979983449 0
      vertex 112.41761399805546 75.65376400202513 0
    endloop
  endfacet
  facet normal 0 0 -1
    outer loop
      vertex 92.2630970031023 79.38410200178623 0
      vertex 112.41761399805546 75.65376400202513 0
      vertex 31.122249998152256 75.10999999940395 0
    endloop
  endfacet
  facet normal 0 0 -1
    outer loop
      vertex 125.30654899775982 24.835620999336243 0
      vertex 125.32044100016356 24.837766997516155 0
      vertex 149.7089999988675 24.664589002728462 0
    endloop
  endfacet
  facet normal 0 0 -1
    outer loop
      vertex 95.52307800203562 3.205636002123356 0
      vertex 95.52323199808598 3.219691000878811 0
      vertex 149.7089999988675 2.837747998535633 0
    endloop
  endfacet
  facet normal 0 0 -1
    outer loop
      vertex 102.84198900312185 3.6495010033249855 0
      vertex 116.7591129988432 4.870029002428055 0
      vertex 149.7089999988675 2.837747998535633 0
    endloop
  endfacet
  facet normal 0 0 -1
    outer loop
      vertex 102.84198900312185 3.6495010033249855 0
      vertex 149.7089999988675 2.837747998535633 0
      vertex 95.52323199808598 3.219691000878811 0
    endloop
  endfacet
  facet normal 0 0 -1
    outer loop
      vertex 102.82794299721718 3.6489619985222816 0
      vertex 102.84198900312185 3.6495010033249855 0
      vertex 95.52323199808598 3.219691000878811 0
    endloop
  endfacet
  facet normal 0 0 -1
    outer loop
      vertex 102.82602900266647 3.6628869995474815 0
      vertex 102.82794299721718 3.6489619985222816 0
      vertex 95.52323199808598 3.219691000878811 0
    endloop
  endfacet
  facet normal 0 0 -1
    outer loop
      vertex 101.6055010035634 17.580011002719402 0
      vertex 102.82602900266647 3.6628869995474815 0
      vertex 95.52323199808598 3.219691000878811 0
    endloop
  endfacet
  facet normal 0 0 -1
    outer loop
      vertex 101.6055010035634 17.580011002719402 0
      vertex 95.52323199808598 3.219691000878811 0
      vertex 94.99058900028467 17.180074997246265 0
    endloop
  endfacet
  facet normal 0 0 -1
    outer loop
      vertex 101.6055010035634 17.580011002719402 0
      vertex 94.99058900028467 17.180074997246265 0
      vertex 94.98936399817467 17.194077998399734 0
    endloop
  endfacet
  facet normal 0 0 -1
    outer loop
      vertex 69.41044300049543 21.604399003088474 0
      vertex 101.6055010035634 17.580011002719402 0
      vertex 94.98936399817467 17.194077998399734 0
    endloop
  endfacet
  facet normal 0 0 -1
    outer loop
      vertex 69.41044300049543 21.604399003088474 0
      vertex 94.98936399817467 17.194077998399734 0
      vertex 94.97530899941921 17.194232001900673 0
    endloop
  endfacet
  facet normal 0 0 -1
    outer loop
      vertex 69.41044300049543 21.604399003088474 0
      vertex 94.97530899941921 17.194232001900673 0
      vertex 81.01492500305176 16.66158899664879 0
    endloop
  endfacet
  facet normal 0 0 -1
    outer loop
      vertex 69.41044300049543 21.604399003088474 0
      vertex 81.01492500305176 16.66158899664879 0
      vertex 81.00092200189829 16.660364001989365 0
    endloop
  endfacet
  facet normal 0 0 -1
    outer loop
      vertex 69.41044300049543 21.604399003088474 0
      vertex 81.00092200189829 16.660364001989365 0
      vertex 81.00076799839735 16.64630900323391 0
    endloop
  endfacet
  facet normal 0 0 -1
    outer loop
      vertex 69.39639600366354 21.604925997555256 0
      vertex 69.41044300049543 21.604399003088474 0
      vertex 81.00076799839735 16.64630900323391 0
    endloop
  endfacet
  facet normal 0 0 -1
    outer loop
      vertex 64.1493100002408 21.575690001249313 0
      vertex 69.39639600366354 21.604925997555256 0
      vertex 81.00076799839735 16.64630900323391 0
    endloop
  endfacet
  facet normal 0 0 -1
    outer loop
      vertex 64.13527099788189 21.575000002980232 0
      vertex 64.1493100002408 21.575690001249313 0
      vertex 81.00076799839735 16.64630900323391 0
    endloop
  endfacet
  facet normal 0 0 -1
    outer loop
      vertex 50.16472899913788 21.575000002980232 0
      vertex 64.13527099788189 21.575000002980232 0
      vertex 81.00076799839735 16.64630900323391 0
    endloop
  endfacet
  facet normal 0 0 -1
    outer loop
      vertex 108.1726789996028 42.169288001954556 0
      vertex 108.18664000183344 42.17092300206423 0
      vertex 144.16294600069523 41.04675800353289 0
    endloop
  endfacet
  facet normal 0 0 -1
    outer loop
      vertex 87.32804799824953 40.956647999584675 0
      vertex 144.16294600069523 41.04675800353289 0
      vertex 130.28220900148153 39.46524800360203 0
    endloop
  endfacet
  facet normal 0 0 -1
    outer loop
      vertex 87.3276289999485 40.942597001791 0
      vertex 87.32804799824953 40.956647999584675 0
      vertex 130.28220900148153 39.46524800360203 0
    endloop
  endfacet
  facet normal 0 0 -1
    outer loop
      vertex 87.3276289999485 40.942597001791 0
      vertex 130.28220900148153 39.46524800360203 0
      vertex 130.2683380022645 39.46297299861908 0
    endloop
  endfacet
  facet normal 0 0 -1
    outer loop
      vertex 87.3276289999485 40.942597001791 0
      vertex 130.2683380022645 39.46297299861908 0
      vertex 123.86423300206661 38.76044099777937 0
    endloop
  endfacet
  facet normal 0 0 -1
    outer loop
      vertex 87.3276289999485 40.942597001791 0
      vertex 123.86423300206661 38.76044099777937 0
      vertex 123.85019800066948 38.75966600328684 0
    endloop
  endfacet
  facet normal 0 0 -1
    outer loop
      vertex 87.3276289999485 40.942597001791 0
      vertex 123.85019800066948 38.75966600328684 0
      vertex 109.95545099675655 37.30637899786234 0
    endloop
  endfacet
  facet normal 0 0 -1
    outer loop
      vertex 87.3276289999485 40.942597001791 0
      vertex 109.95545099675655 37.30637899786234 0
      vertex 109.9415590018034 37.30423299968243 0
    endloop
  endfacet
  facet normal 0 0 -1
    outer loop
      vertex 87.3276289999485 40.942597001791 0
      vertex 109.9415590018034 37.30423299968243 0
      vertex 109.94233399629593 37.290197998285294 0
    endloop
  endfacet
  facet normal 0 0 -1
    outer loop
      vertex 87.31360500305891 40.94163800030947 0
      vertex 87.3276289999485 40.942597001791 0
      vertex 109.94233399629593 37.290197998285294 0
    endloop
  endfacet
  facet normal 0 0 -1
    outer loop
      vertex 73.34564799815416 40.67295199632645 0
      vertex 87.31360500305891 40.94163800030947 0
      vertex 109.94233399629593 37.290197998285294 0
    endloop
  endfacet
  facet normal 0 0 -1
    outer loop
      vertex 75.60215999931097 2.559890002012253 0
      vertex 75.61619800329208 2.560608997941017 0
      vertex 119.3559520021081 -0.48118799924850464 0
    endloop
  endfacet
  facet normal 0 0 -1
    outer loop
      vertex 78.299281001091 78.95063800364733 0
      vertex 92.2630970031023 79.38410200178623 0
      vertex 31.122249998152256 75.10999999940395 0
    endloop
  endfacet
  facet normal 0 0 -1
    outer loop
      vertex 78.28522700071335 78.95089200139046 0
      vertex 78.299281001091 78.95063800364733 0
      vertex 31.122249998152256 75.10999999940395 0
    endloop
  endfacet
  facet normal 0 0 -1
    outer loop
      vertex 53.67231000214815 78.7256899997592 0
      vertex 78.28522700071335 78.95089200139046 0
      vertex 31.122249998152256 75.10999999940395 0
    endloop
  endfacet
  facet normal 0 0 -1
    outer loop
      vertex 53.65827099978924 78.72500000149012 0
      vertex 53.67231000214815 78.7256899997592 0
      vertex 31.122249998152256 75.10999999940395 0
    endloop
  endfacet
  facet normal 0 0 -1
    outer loop
      vertex 34.924728997051716 78.72500000149012 0
      vertex 53.65827099978924 78.72500000149012 0
      vertex 31.122249998152256 75.10999999940395 0
    endloop
  endfacet
  facet normal 0 0 -1
    outer loop
      vertex 34.91007100045681 78.72572000324726 0
      vertex 34.924728997051716 78.72500000149012 0
      vertex 31.122249998152256 75.10999999940395 0
    endloop
  endfacet
  facet normal 0 0 -1
    outer loop
      vertex 34.90846200287342 78.72595900297165 0
      vertex 34.91007100045681 78.72572000324726 0
      vertex 31.122249998152256 75.10999999940395 0
    endloop
  endfacet
  facet normal 0 0 -1
    outer loop
      vertex 34.85403800010681 78.73678400367498 0
      vertex 34.90846200287342 78.72595900297165 0
      vertex 31.122249998152256 75.10999999940395 0
    endloop
  endfacet
  facet normal 0 0 -1
    outer loop
      vertex 34.79544100165367 78.74255599826574 0
      vertex 34.85403800010681 78.73678400367498 0
      vertex 31.122249998152256 75.10999999940395 0
    endloop
  endfacet
  facet normal 0 0 -1
    outer loop
      vertex 34.73655900359154 78.74255599826574 0
      vertex 34.79544100165367 78.74255599826574 0
      vertex 31.122249998152256 75.10999999940395 0
    endloop
  endfacet
  facet normal 0 0 -1
    outer loop
      vertex 34.67796199768782 78.73678400367498 0
      vertex 34.73655900359154 78.74255599826574 0
      vertex 31.122249998152256 75.10999999940395 0
    endloop
  endfacet
  facet normal 0 0 -1
    outer loop
      vertex 34.62353800237179 78.72595900297165 0
      vertex 34.67796199768782 78.73678400367498 0
      vertex 31.122249998152256 75.10999999940395 0
    endloop
  endfacet
  facet normal 0 0 -1
    outer loop
      vertex 34.62192899733782 78.72572000324726 0
      vertex 34.62353800237179 78.72595900297165 0
      vertex 31.122249998152256 75.10999999940395 0
    endloop
  endfacet
  facet normal 0 0 -1
    outer loop
      vertex 34.60727100074291 78.72500000149012 0
      vertex 34.62192899733782 78.72572000324726 0
      vertex 31.122249998152256 75.10999999940395 0
    endloop
  endfacet
  facet normal 0 0 -1
    outer loop
      vertex 34.60727100074291 78.72500000149012 0
      vertex 31.122249998152256 75.10999999940395 0
      vertex 24.122249998152256 75.10999999940395 0
    endloop
  endfacet
  facet normal 0 0 -1
    outer loop
      vertex 20.6367290019989 78.72500000149012 0
      vertex 34.60727100074291 78.72500000149012 0
      vertex 24.122249998152256 75.10999999940395 0
    endloop
  endfacet
  facet normal 0 0 -1
    outer loop
      vertex 20.6367290019989 78.72500000149012 0
      vertex 24.122249998152256 75.10999999940395 0
      vertex 7.309749998152256 75.10999999940395 0
    endloop
  endfacet
  facet normal 0 0 -1
    outer loop
      vertex 20.622070997953415 78.72572000324726 0
      vertex 20.6367290019989 78.72500000149012 0
      vertex 7.309749998152256 75.10999999940395 0
    endloop
  endfacet
  facet normal 0 0 -1
    outer loop
      vertex 20.619952000677586 78.72603400051594 0
      vertex 20.622070997953415 78.72572000324726 0
      vertex 7.309749998152256 75.10999999940395 0
    endloop
  endfacet
  facet normal 0 0 -1
    outer loop
      vertex 20.566537998616695 78.73665899783373 0
      vertex 20.619952000677586 78.72603400051594 0
      vertex 7.309749998152256 75.10999999940395 0
    endloop
  endfacet
  facet normal 0 0 -1
    outer loop
      vertex 20.507941000163555 78.74243000149727 0
      vertex 20.566537998616695 78.73665899783373 0
      vertex 7.309749998152256 75.10999999940395 0
    endloop
  endfacet
  facet normal 0 0 -1
    outer loop
      vertex 20.44905900210142 78.74243000149727 0
      vertex 20.507941000163555 78.74243000149727 0
      vertex 7.309749998152256 75.10999999940395 0
    endloop
  endfacet
  facet normal 0 0 -1
    outer loop
      vertex 20.39046200364828 78.73665899783373 0
      vertex 20.44905900210142 78.74243000149727 0
      vertex 7.309749998152256 75.10999999940395 0
    endloop
  endfacet
  facet normal 0 0 -1
    outer loop
      vertex 20.33704800158739 78.72603400051594 0
      vertex 20.39046200364828 78.73665899783373 0
      vertex 7.309749998152256 75.10999999940395 0
    endloop
  endfacet
  facet normal 0 0 -1
    outer loop
      vertex 20.33492899686098 78.72572000324726 0
      vertex 20.33704800158739 78.72603400051594 0
      vertex 7.309749998152256 75.10999999940395 0
    endloop
  endfacet
  facet normal 0 0 -1
    outer loop
      vertex 20.320271000266075 78.72500000149012 0
      vertex 20.33492899686098 78.72572000324726 0
      vertex 7.309749998152256 75.10999999940395 0
    endloop
  endfacet
  facet normal 0 0 -1
    outer loop
      vertex 1.586728997528553 78.72500000149012 0
      vertex 20.320271000266075 78.72500000149012 0
      vertex 7.309749998152256 75.10999999940395 0
    endloop
  endfacet
  facet normal 0 0 -1
    outer loop
      vertex 1.586728997528553 78.72500000149012 0
      vertex 7.309749998152256 75.10999999940395 0
      vertex 0.309749998152256 75.10999999940395 0
    endloop
  endfacet
  facet normal 0 0 -1
    outer loop
      vertex 1.5726900026202202 78.7256899997592 0
      vertex 1.586728997528553 78.72500000149012 0
      vertex 0.309749998152256 75.10999999940395 0
    endloop
  endfacet
  facet normal 0 0 -1
    outer loop
      vertex 1.5719999969005585 78.73972900211811 0
      vertex 1.5726900026202202 78.7256899997592 0
      vertex 0.309749998152256 75.10999999940395 0
    endloop
  endfacet
  facet normal 0 0 -1
    outer loop
      vertex 1.5719999969005585 92.71027100086212 0
      vertex 1.5719999969005585 78.73972900211811 0
      vertex 0.309749998152256 75.10999999940395 0
    endloop
  endfacet
  facet normal 0 0 -1
    outer loop
      vertex 8.73072899878025 59.67499999701977 0
      vertex 22.70127099752426 59.67499999701977 0
      vertex 24.122249998152256 59.50999999791384 0
    endloop
  endfacet
  facet normal 0 0 -1
    outer loop
      vertex 7.309749998152256 59.50999999791384 0
      vertex 8.73072899878025 59.67499999701977 0
      vertex 24.122249998152256 59.50999999791384 0
    endloop
  endfacet
  facet normal 0 0 -1
    outer loop
      vertex 149.7089999988675 24.664589002728462 0
      vertex 103.92784199863672 22.78846199810505 0
      vertex 103.92772199958563 22.802518002688885 0
    endloop
  endfacet
  facet normal 0 0 -1
    outer loop
      vertex 111.41180200129747 23.382334001362324 0
      vertex 125.30654899775982 24.835620999336243 0
      vertex 149.7089999988675 24.664589002728462 0
    endloop
  endfacet
  facet normal 0 0 -1
    outer loop
      vertex 111.41180200129747 23.382334001362324 0
      vertex 149.7089999988675 24.664589002728462 0
      vertex 103.92772199958563 22.802518002688885 0
    endloop
  endfacet
  facet normal 0 0 -1
    outer loop
      vertex 111.39776699990034 23.381558999419212 0
      vertex 111.41180200129747 23.382334001362324 0
      vertex 103.92772199958563 22.802518002688885 0
    endloop
  endfacet
  facet normal 0 0 -1
    outer loop
      vertex 111.39562100172043 23.39545100182295 0
      vertex 111.39776699990034 23.381558999419212 0
      vertex 103.92772199958563 22.802518002688885 0
    endloop
  endfacet
  facet normal 0 0 -1
    outer loop
      vertex 109.94233399629593 37.290197998285294 0
      vertex 111.39562100172043 23.39545100182295 0
      vertex 103.92772199958563 22.802518002688885 0
    endloop
  endfacet
  facet normal 0 0 -1
    outer loop
      vertex 109.94233399629593 37.290197998285294 0
      vertex 103.92772199958563 22.802518002688885 0
      vertex 103.12303499877453 36.749866001307964 0
    endloop
  endfacet
  facet normal 0 0 -1
    outer loop
      vertex 109.94233399629593 37.290197998285294 0
      vertex 103.12303499877453 36.749866001307964 0
      vertex 103.12153799831867 36.76384200155735 0
    endloop
  endfacet
  facet normal 0 0 -1
    outer loop
      vertex 73.34564799815416 40.67295199632645 0
      vertex 109.94233399629593 37.290197998285294 0
      vertex 103.12153799831867 36.76384200155735 0
    endloop
  endfacet
  facet normal 0 0 -1
    outer loop
      vertex 73.34564799815416 40.67295199632645 0
      vertex 103.12153799831867 36.76384200155735 0
      vertex 103.10748200118542 36.763722002506256 0
    endloop
  endfacet
  facet normal 0 0 -1
    outer loop
      vertex 73.34564799815416 40.67295199632645 0
      vertex 103.10748200118542 36.763722002506256 0
      vertex 89.16013400256634 35.959035001695156 0
    endloop
  endfacet
  facet normal 0 0 -1
    outer loop
      vertex 73.34564799815416 40.67295199632645 0
      vertex 89.16013400256634 35.959035001695156 0
      vertex 89.14615800231695 35.9575380012393 0
    endloop
  endfacet
  facet normal 0 0 -1
    outer loop
      vertex 73.34564799815416 40.67295199632645 0
      vertex 89.14615800231695 35.9575380012393 0
      vertex 83.23160400241613 35.765073999762535 0
    endloop
  endfacet
  facet normal 0 0 -1
    outer loop
      vertex 73.34564799815416 40.67295199632645 0
      vertex 83.23160400241613 35.765073999762535 0
      vertex 83.21755699813366 35.7656010016799 0
    endloop
  endfacet
  facet normal 0 0 -1
    outer loop
      vertex 73.34564799815416 40.67295199632645 0
      vertex 83.21755699813366 35.7656010016799 0
      vertex 69.24795600026846 35.60345599800348 0
    endloop
  endfacet
  facet normal 0 0 -1
    outer loop
      vertex 73.33159700036049 40.673371002078056 0
      vertex 73.34564799815416 40.67295199632645 0
      vertex 69.24795600026846 35.60345599800348 0
    endloop
  endfacet
  facet normal 0 0 -1
    outer loop
      vertex 67.95931000262499 40.62568999826908 0
      vertex 73.33159700036049 40.673371002078056 0
      vertex 69.24795600026846 35.60345599800348 0
    endloop
  endfacet
  facet normal 0 0 -1
    outer loop
      vertex 67.95931000262499 40.62568999826908 0
      vertex 69.24795600026846 35.60345599800348 0
      vertex 69.2339259982109 35.60260400176048 0
    endloop
  endfacet
  facet normal 0 0 -1
    outer loop
      vertex 67.95931000262499 40.62568999826908 0
      vertex 69.2339259982109 35.60260400176048 0
      vertex 64.1493100002408 35.57430999726057 0
    endloop
  endfacet
  facet normal 0 0 -1
    outer loop
      vertex 67.94527100026608 40.625 0
      vertex 67.95931000262499 40.62568999826908 0
      vertex 64.1493100002408 35.57430999726057 0
    endloop
  endfacet
  facet normal 0 0 -1
    outer loop
      vertex 53.974729001522064 40.625 0
      vertex 67.94527100026608 40.625 0
      vertex 64.1493100002408 35.57430999726057 0
    endloop
  endfacet
  facet normal 0 0 -1
    outer loop
      vertex 53.974729001522064 40.625 0
      vertex 64.1493100002408 35.57430999726057 0
      vertex 64.13527099788189 35.57500000298023 0
    endloop
  endfacet
  facet normal 0 0 -1
    outer loop
      vertex 53.974729001522064 40.625 0
      vertex 64.13527099788189 35.57500000298023 0
      vertex 50.16472899913788 35.57500000298023 0
    endloop
  endfacet
  facet normal 0 0 -1
    outer loop
      vertex 53.96068999916315 40.62568999826908 0
      vertex 53.974729001522064 40.625 0
      vertex 50.16472899913788 35.57500000298023 0
    endloop
  endfacet
  facet normal 0 0 -1
    outer loop
      vertex 48.90930999815464 40.62568999826908 0
      vertex 53.96068999916315 40.62568999826908 0
      vertex 50.16472899913788 35.57500000298023 0
    endloop
  endfacet
  facet normal 0 0 -1
    outer loop
      vertex 48.90930999815464 40.62568999826908 0
      vertex 50.16472899913788 35.57500000298023 0
      vertex 50.150689996778965 35.57430999726057 0
    endloop
  endfacet
  facet normal 0 0 -1
    outer loop
      vertex 48.90930999815464 40.62568999826908 0
      vertex 50.150689996778965 35.57430999726057 0
      vertex 45.099310003221035 35.57430999726057 0
    endloop
  endfacet
  facet normal 0 0 -1
    outer loop
      vertex 48.89527100324631 40.625 0
      vertex 48.90930999815464 40.62568999826908 0
      vertex 45.099310003221035 35.57430999726057 0
    endloop
  endfacet
  facet normal 0 0 -1
    outer loop
      vertex 34.924728997051716 40.625 0
      vertex 48.89527100324631 40.625 0
      vertex 45.099310003221035 35.57430999726057 0
    endloop
  endfacet
  facet normal 0 0 -1
    outer loop
      vertex 34.924728997051716 40.625 0
      vertex 45.099310003221035 35.57430999726057 0
      vertex 45.08527100086212 35.57500000298023 0
    endloop
  endfacet
  facet normal 0 0 -1
    outer loop
      vertex 34.924728997051716 40.625 0
      vertex 45.08527100086212 35.57500000298023 0
      vertex 31.11472900211811 35.57500000298023 0
    endloop
  endfacet
  facet normal 0 0 -1
    outer loop
      vertex 34.91069000214338 40.62568999826908 0
      vertex 34.924728997051716 40.625 0
      vertex 31.11472900211811 35.57500000298023 0
    endloop
  endfacet
  facet normal 0 0 -1
    outer loop
      vertex 22.715309999883175 40.62568999826908 0
      vertex 34.91069000214338 40.62568999826908 0
      vertex 31.11472900211811 35.57500000298023 0
    endloop
  endfacet
  facet normal 0 0 -1
    outer loop
      vertex 22.715309999883175 40.62568999826908 0
      vertex 31.11472900211811 35.57500000298023 0
      vertex 31.100689999759197 35.57430999726057 0
    endloop
  endfacet
  facet normal 0 0 -1
    outer loop
      vertex 22.715309999883175 40.62568999826908 0
      vertex 31.100689999759197 35.57430999726057 0
      vertex 21.287309996783733 35.57430999726057 0
    endloop
  endfacet
  facet normal 0 0 -1
    outer loop
      vertex 22.70127099752426 40.625 0
      vertex 22.715309999883175 40.62568999826908 0
      vertex 21.287309996783733 35.57430999726057 0
    endloop
  endfacet
  facet normal 0 0 -1
    outer loop
      vertex 22.70127099752426 40.625 0
      vertex 21.287309996783733 35.57430999726057 0
      vertex 21.2732710018754 35.57500000298023 0
    endloop
  endfacet
  facet normal 0 0 -1
    outer loop
      vertex 22.70127099752426 40.625 0
      vertex 21.2732710018754 35.57500000298023 0
      vertex 7.30272900313139 35.57500000298023 0
    endloop
  endfacet
  facet normal 0 0 -1
    outer loop
      vertex 3.968229003250599 40.625 0
      vertex 22.70127099752426 40.625 0
      vertex 7.30272900313139 35.57500000298023 0
    endloop
  endfacet
  facet normal 0 0 -1
    outer loop
      vertex 3.968229003250599 40.625 0
      vertex 7.30272900313139 35.57500000298023 0
      vertex 7.288690000772476 35.57430999726057 0
    endloop
  endfacet
  facet normal 0 0 -1
    outer loop
      vertex 3.9541900008916855 40.62568999826908 0
      vertex 3.968229003250599 40.625 0
      vertex 7.288690000772476 35.57430999726057 0
    endloop
  endfacet
  facet normal 0 0 -1
    outer loop
      vertex 3.9541900008916855 40.62568999826908 0
      vertex 7.288690000772476 35.57430999726057 0
      vertex 7.288000002503395 35.56027100235224 0
    endloop
  endfacet
  facet normal 0 0 -1
    outer loop
      vertex 3.9541900008916855 40.62568999826908 0
      vertex 7.288000002503395 35.56027100235224 0
      vertex 7.288000002503395 21.589729003608227 0
    endloop
  endfacet
  facet normal 0 0 -1
    outer loop
      vertex 3.9541900008916855 40.62568999826908 0
      vertex 7.288000002503395 21.589729003608227 0
      vertex 7.288690000772476 21.575690001249313 0
    endloop
  endfacet
  facet normal 0 0 -1
    outer loop
      vertex 50.150689996778965 21.575690001249313 0
      vertex 50.16472899913788 21.575000002980232 0
      vertex 81.00076799839735 16.64630900323391 0
    endloop
  endfacet
  facet normal 0 0 -1
    outer loop
      vertex 45.099310003221035 21.575690001249313 0
      vertex 50.150689996778965 21.575690001249313 0
      vertex 81.00076799839735 16.64630900323391 0
    endloop
  endfacet
  facet normal 0 0 -1
    outer loop
      vertex 45.08527100086212 21.575000002980232 0
      vertex 45.099310003221035 21.575690001249313 0
      vertex 81.00076799839735 16.64630900323391 0
    endloop
  endfacet
  facet normal 0 0 -1
    outer loop
      vertex 31.11472900211811 21.575000002980232 0
      vertex 45.08527100086212 21.575000002980232 0
      vertex 81.00076799839735 16.64630900323391 0
    endloop
  endfacet
  facet normal 0 0 -1
    outer loop
      vertex 101.09183400124311 -2.0912220031023026 0
      vertex 100.99260400235653 -2.1102819964289665 0
      vertex 100.89195799827576 -2.1192300021648407 0
    endloop
  endfacet
  facet normal 0 0 -1
    outer loop
      vertex 101.1886340007186 -2.0622460022568703 0
      vertex 101.09183400124311 -2.0912220031023026 0
      vertex 100.89195799827576 -2.1192300021648407 0
    endloop
  endfacet
  facet normal 0 0 -1
    outer loop
      vertex 101.22349999845028 -2.047834999859333 0
      vertex 101.1886340007186 -2.0622460022568703 0
      vertex 100.89195799827576 -2.1192300021648407 0
    endloop
  endfacet
  facet normal 0 0 -1
    outer loop
      vertex 101.22349999845028 -2.047834999859333 0
      vertex 100.89195799827576 -2.1192300021648407 0
      vertex 99.86467699706554 -2.1584250032901764 0
    endloop
  endfacet
  facet normal 0 0 -1
    outer loop
      vertex 101.25308699905872 -2.0373340025544167 0
      vertex 101.22349999845028 -2.047834999859333 0
      vertex 99.86467699706554 -2.1584250032901764 0
    endloop
  endfacet
  facet normal 0 0 -1
    outer loop
      vertex 98.14221200346947 -2.3037500008940697 0
      vertex 98.04137600213289 -2.2972719967365265 0
      vertex 97.94170899689198 -2.2806510031223297 0
    endloop
  endfacet
  facet normal 0 0 -1
    outer loop
      vertex 98.24318700283766 -2.3000190034508705 0
      vertex 98.14221200346947 -2.3037500008940697 0
      vertex 97.94170899689198 -2.2806510031223297 0
    endloop
  endfacet
  facet normal 0 0 -1
    outer loop
      vertex 98.24318700283766 -2.3000190034508705 0
      vertex 97.94170899689198 -2.2806510031223297 0
      vertex 97.84422799944878 -2.2540569975972176 0
    endloop
  endfacet
  facet normal 0 0 -1
    outer loop
      vertex 99.84006199985743 -2.1599730029702187 0
      vertex 98.24318700283766 -2.3000190034508705 0
      vertex 97.84422799944878 -2.2540569975972176 0
    endloop
  endfacet
  facet normal 0 0 -1
    outer loop
      vertex 99.84006199985743 -2.1599730029702187 0
      vertex 97.84422799944878 -2.2540569975972176 0
      vertex 97.79705400019884 -2.238587997853756 0
    endloop
  endfacet
  facet normal 0 0 -1
    outer loop
      vertex 94.2339769974351 41.22661899775267 0
      vertex 108.1726789996028 42.169288001954556 0
      vertex 144.16294600069523 41.04675800353289 0
    endloop
  endfacet
  facet normal 0 0 -1
    outer loop
      vertex 94.2339769974351 41.22661899775267 0
      vertex 144.16294600069523 41.04675800353289 0
      vertex 87.32804799824953 40.956647999584675 0
    endloop
  endfacet
  facet normal 0 0 -1
    outer loop
      vertex 94.21992299705744 41.226360000669956 0
      vertex 94.2339769974351 41.22661899775267 0
      vertex 87.32804799824953 40.956647999584675 0
    endloop
  endfacet
  facet normal 0 0 -1
    outer loop
      vertex 94.21828799694777 41.2403210029006 0
      vertex 94.21992299705744 41.226360000669956 0
      vertex 87.32804799824953 40.956647999584675 0
    endloop
  endfacet
  facet normal 0 0 -1
    outer loop
      vertex 93.27561900019646 55.17902299761772 0
      vertex 94.21828799694777 41.2403210029006 0
      vertex 87.32804799824953 40.956647999584675 0
    endloop
  endfacet
  facet normal 0 0 -1
    outer loop
      vertex 93.27561900019646 55.17902299761772 0
      vertex 87.32804799824953 40.956647999584675 0
      vertex 87.05936200171709 54.92460499703884 0
    endloop
  endfacet
  facet normal 0 0 -1
    outer loop
      vertex 93.27561900019646 55.17902299761772 0
      vertex 87.05936200171709 54.92460499703884 0
      vertex 87.05840300023556 54.93862900137901 0
    endloop
  endfacet
  facet normal 0 0 -1
    outer loop
      vertex 58.74739500135183 59.676343001425266 0
      vertex 93.27561900019646 55.17902299761772 0
      vertex 87.05840300023556 54.93862900137901 0
    endloop
  endfacet
  facet normal 0 0 -1
    outer loop
      vertex 58.74739500135183 59.676343001425266 0
      vertex 87.05840300023556 54.93862900137901 0
      vertex 87.04435200244188 54.93904799968004 0
    endloop
  endfacet
  facet normal 0 0 -1
    outer loop
      vertex 58.74739500135183 59.676343001425266 0
      vertex 87.04435200244188 54.93904799968004 0
      vertex 73.07639499753714 54.6703620031476 0
    endloop
  endfacet
  facet normal 0 0 -1
    outer loop
      vertex 58.74739500135183 59.676343001425266 0
      vertex 73.07639499753714 54.6703620031476 0
      vertex 73.06237100064754 54.66940300166607 0
    endloop
  endfacet
  facet normal 0 0 -1
    outer loop
      vertex 58.74739500135183 59.676343001425266 0
      vertex 73.06237100064754 54.66940300166607 0
      vertex 67.95931000262499 54.62431000173092 0
    endloop
  endfacet
  facet normal 0 0 -1
    outer loop
      vertex 58.74739500135183 59.676343001425266 0
      vertex 67.95931000262499 54.62431000173092 0
      vertex 67.94527100026608 54.625 0
    endloop
  endfacet
  facet normal 0 0 -1
    outer loop
      vertex 58.74739500135183 59.676343001425266 0
      vertex 67.94527100026608 54.625 0
      vertex 53.974729001522064 54.625 0
    endloop
  endfacet
  facet normal 0 0 -1
    outer loop
      vertex 58.73335599899292 59.67702600359917 0
      vertex 58.74739500135183 59.676343001425266 0
      vertex 53.974729001522064 54.625 0
    endloop
  endfacet
  facet normal 0 0 -1
    outer loop
      vertex 53.67231000214815 59.67569000273943 0
      vertex 58.73335599899292 59.67702600359917 0
      vertex 53.974729001522064 54.625 0
    endloop
  endfacet
  facet normal 0 0 -1
    outer loop
      vertex 53.67231000214815 59.67569000273943 0
      vertex 53.974729001522064 54.625 0
      vertex 53.96068999916315 54.62431000173092 0
    endloop
  endfacet
  facet normal 0 0 -1
    outer loop
      vertex 53.67231000214815 59.67569000273943 0
      vertex 53.96068999916315 54.62431000173092 0
      vertex 48.90930999815464 54.62431000173092 0
    endloop
  endfacet
  facet normal 0 0 -1
    outer loop
      vertex 53.65827099978924 59.67499999701977 0
      vertex 53.67231000214815 59.67569000273943 0
      vertex 48.90930999815464 54.62431000173092 0
    endloop
  endfacet
  facet normal 0 0 -1
    outer loop
      vertex 39.68772900104523 59.67499999701977 0
      vertex 53.65827099978924 59.67499999701977 0
      vertex 48.90930999815464 54.62431000173092 0
    endloop
  endfacet
  facet normal 0 0 -1
    outer loop
      vertex 39.68772900104523 59.67499999701977 0
      vertex 48.90930999815464 54.62431000173092 0
      vertex 48.89527100324631 54.625 0
    endloop
  endfacet
  facet normal 0 0 -1
    outer loop
      vertex 39.68772900104523 59.67499999701977 0
      vertex 48.89527100324631 54.625 0
      vertex 34.924728997051716 54.625 0
    endloop
  endfacet
  facet normal 0 0 -1
    outer loop
      vertex 39.673689998686314 59.67569000273943 0
      vertex 39.68772900104523 59.67499999701977 0
      vertex 34.924728997051716 54.625 0
    endloop
  endfacet
  facet normal 0 0 -1
    outer loop
      vertex 39.67300000041723 59.68972899764776 0
      vertex 39.673689998686314 59.67569000273943 0
      vertex 34.924728997051716 54.625 0
    endloop
  endfacet
  facet normal 0 0 -1
    outer loop
      vertex 39.67300000041723 59.68972899764776 0
      vertex 34.924728997051716 54.625 0
      vertex 34.91069000214338 54.62431000173092 0
    endloop
  endfacet
  facet normal 0 0 -1
    outer loop
      vertex 39.67300000041723 73.66027099639177 0
      vertex 39.67300000041723 59.68972899764776 0
      vertex 34.91069000214338 54.62431000173092 0
    endloop
  endfacet
  facet normal 0 0 -1
    outer loop
      vertex 39.673689998686314 73.67430999875069 0
      vertex 39.67300000041723 73.66027099639177 0
      vertex 34.91069000214338 54.62431000173092 0
    endloop
  endfacet
  facet normal 0 0 -1
    outer loop
      vertex -8.349642999470234 -2.7730100005865097 0
      vertex -8.422357000410557 -2.707107000052929 0
      vertex -8.488260000944138 -2.634392999112606 0
    endloop
  endfacet
  facet normal 0 0 -1
    outer loop
      vertex -8.349642999470234 -2.7730100005865097 0
      vertex -8.488260000944138 -2.634392999112606 0
      vertex -8.546719998121262 -2.555569998919964 0
    endloop
  endfacet
  facet normal 0 0 -1
    outer loop
      vertex -8.349642999470234 -2.7730100005865097 0
      vertex -8.546719998121262 -2.555569998919964 0
      vertex -8.597171001136303 -2.4713969975709915 0
    endloop
  endfacet
  facet normal 0 0 -1
    outer loop
      vertex -8.349642999470234 -2.7730100005865097 0
      vertex -8.597171001136303 -2.4713969975709915 0
      vertex -8.639129996299744 -2.382683001458645 0
    endloop
  endfacet
  facet normal 0 0 -1
    outer loop
      vertex -8.349642999470234 -2.7730100005865097 0
      vertex -8.639129996299744 -2.382683001458645 0
      vertex -8.672190003097057 -2.290284998714924 0
    endloop
  endfacet
  facet normal 0 0 -1
    outer loop
      vertex -8.349642999470234 -2.7730100005865097 0
      vertex -8.672190003097057 -2.290284998714924 0
      vertex -8.696034997701645 -2.195090003311634 0
    endloop
  endfacet
  facet normal 0 0 -1
    outer loop
      vertex -8.349642999470234 -2.7730100005865097 0
      vertex -8.696034997701645 -2.195090003311634 0
      vertex -8.710435003042221 -2.0980169996619225 0
    endloop
  endfacet
  facet normal 0 0 -1
    outer loop
      vertex -8.349642999470234 -2.7730100005865097 0
      vertex -8.710435003042221 -2.0980169996619225 0
      vertex -8.715250000357628 -2 0
    endloop
  endfacet
  facet normal 0 0 -1
    outer loop
      vertex -8.270819999277592 -2.8314699977636337 0
      vertex -8.349642999470234 -2.7730100005865097 0
      vertex -8.715250000357628 -2 0
    endloop
  endfacet
  facet normal 0 0 -1
    outer loop
      vertex -8.18664699792862 -2.881921000778675 0
      vertex -8.270819999277592 -2.8314699977636337 0
      vertex -8.715250000357628 -2 0
    endloop
  endfacet
  facet normal 0 0 -1
    outer loop
      vertex -8.097933001816273 -2.9238800033926964 0
      vertex -8.18664699792862 -2.881921000778675 0
      vertex -8.715250000357628 -2 0
    endloop
  endfacet
  facet normal 0 0 -1
    outer loop
      vertex -8.005534999072552 -2.9569400027394295 0
      vertex -8.097933001816273 -2.9238800033926964 0
      vertex -8.715250000357628 -2 0
    endloop
  endfacet
  facet normal 0 0 -1
    outer loop
      vertex -7.910340003669262 -2.980784997344017 0
      vertex -8.005534999072552 -2.9569400027394295 0
      vertex -8.715250000357628 -2 0
    endloop
  endfacet
  facet normal 0 0 -1
    outer loop
      vertex -7.81326700001955 -2.995185002684593 0
      vertex -7.910340003669262 -2.980784997344017 0
      vertex -8.715250000357628 -2 0
    endloop
  endfacet
  facet normal 0 0 -1
    outer loop
      vertex -7.715250000357628 -3 0
      vertex -7.81326700001955 -2.995185002684593 0
      vertex -8.715250000357628 -2 0
    endloop
  endfacet
  facet normal 0 0 -1
    outer loop
      vertex -7.715250000357628 -3 0
      vertex -8.715250000357628 -2 0
      vertex -8.715250000357628 19.314163997769356 0
    endloop
  endfacet
  facet normal 0 0 -1
    outer loop
      vertex 34.79544100165367 92.70744399726391 0
      vertex 34.73655900359154 92.70744399726391 0
      vertex 34.67796199768782 92.71321599930525 0
    endloop
  endfacet
  facet normal 0 0 -1
    outer loop
      vertex 34.79544100165367 92.70744399726391 0
      vertex 34.67796199768782 92.71321599930525 0
      vertex 34.62353800237179 92.72404100000858 0
    endloop
  endfacet
  facet normal 0 0 -1
    outer loop
      vertex 20.44905900210142 92.70757000148296 0
      vertex 20.39046200364828 92.71334099769592 0
      vertex 20.33704800158739 92.7239660024643 0
    endloop
  endfacet
  facet normal 0 0 -1
    outer loop
      vertex 20.507941000163555 92.70757000148296 0
      vertex 20.44905900210142 92.70757000148296 0
      vertex 20.33704800158739 92.7239660024643 0
    endloop
  endfacet
  facet normal 0 0 -1
    outer loop
      vertex 20.566537998616695 92.71334099769592 0
      vertex 20.507941000163555 92.70757000148296 0
      vertex 20.33704800158739 92.7239660024643 0
    endloop
  endfacet
  facet normal 0 0 -1
    outer loop
      vertex 20.619952000677586 92.7239660024643 0
      vertex 20.566537998616695 92.71334099769592 0
      vertex 20.33704800158739 92.7239660024643 0
    endloop
  endfacet
  facet normal 0 0 -1
    outer loop
      vertex 20.622070997953415 92.72427999973297 0
      vertex 20.619952000677586 92.7239660024643 0
      vertex 20.33704800158739 92.7239660024643 0
    endloop
  endfacet
  facet normal 0 0 -1
    outer loop
      vertex 20.622070997953415 92.72427999973297 0
      vertex 20.33704800158739 92.7239660024643 0
      vertex 20.33492899686098 92.72427999973297 0
    endloop
  endfacet
  facet normal 0 0 -1
    outer loop
      vertex -12.428319998085499 31.16592200100422 0
      vertex -12.356980003416538 31.231761001050472 0
      vertex -12.279591999948025 31.290371000766754 0
    endloop
  endfacet
  facet normal 0 0 -1
    outer loop
      vertex -12.428319998085499 31.16592200100422 0
      vertex -12.279591999948025 31.290371000766754 0
      vertex -12.196884997189045 31.3412019982934 0
    endloop
  endfacet
  facet normal 0 0 -1
    outer loop
      vertex -12.428319998085499 31.16592200100422 0
      vertex -12.196884997189045 31.3412019982934 0
      vertex -12.109640002250671 31.383772999048233 0
    endloop
  endfacet
  facet normal 0 0 -1
    outer loop
      vertex -12.492940999567509 31.093477003276348 0
      vertex -12.428319998085499 31.16592200100422 0
      vertex -12.109640002250671 31.383772999048233 0
    endloop
  endfacet
  facet normal 0 0 -1
    outer loop
      vertex -12.550232000648975 31.015106998384 0
      vertex -12.492940999567509 31.093477003276348 0
      vertex -12.109640002250671 31.383772999048233 0
    endloop
  endfacet
  facet normal 0 0 -1
    outer loop
      vertex -12.599653996527195 30.9315520003438 0
      vertex -12.550232000648975 31.015106998384 0
      vertex -12.109640002250671 31.383772999048233 0
    endloop
  endfacet
  facet normal 0 0 -1
    outer loop
      vertex -12.640741996467113 30.843597002327442 0
      vertex -12.599653996527195 30.9315520003438 0
      vertex -12.109640002250671 31.383772999048233 0
    endloop
  endfacet
  facet normal 0 0 -1
    outer loop
      vertex -12.673106998205185 30.752074003219604 0
      vertex -12.640741996467113 30.843597002327442 0
      vertex -12.109640002250671 31.383772999048233 0
    endloop
  endfacet
  facet normal 0 0 -1
    outer loop
      vertex -12.696446001529694 30.657843001186848 0
      vertex -12.673106998205185 30.752074003219604 0
      vertex -12.109640002250671 31.383772999048233 0
    endloop
  endfacet
  facet normal 0 0 -1
    outer loop
      vertex -12.710537999868393 30.561792999505997 0
      vertex -12.696446001529694 30.657843001186848 0
      vertex -12.109640002250671 31.383772999048233 0
    endloop
  endfacet
  facet normal 0 0 -1
    outer loop
      vertex -12.715250000357628 30.4648300036788 0
      vertex -12.710537999868393 30.561792999505997 0
      vertex -12.109640002250671 31.383772999048233 0
    endloop
  endfacet
  facet normal 0 0 -1
    outer loop
      vertex -12.715250000357628 21.198918998241425 0
      vertex -12.715250000357628 30.4648300036788 0
      vertex -12.109640002250671 31.383772999048233 0
    endloop
  endfacet
  facet normal 0 0 -1
    outer loop
      vertex -12.715250000357628 21.198918998241425 0
      vertex -12.109640002250671 31.383772999048233 0
      vertex -12.052666001021862 31.408224999904633 0
    endloop
  endfacet
  facet normal 0 0 -1
    outer loop
      vertex -12.715250000357628 21.198918998241425 0
      vertex -12.052666001021862 31.408224999904633 0
      vertex -11.970210000872612 31.439386002719402 0
    endloop
  endfacet
  facet normal 0 0 -1
    outer loop
      vertex -12.715250000357628 21.198918998241425 0
      vertex -11.970210000872612 31.439386002719402 0
      vertex -11.696520000696182 31.529242001473904 0
    endloop
  endfacet
  facet normal 0 0 -1
    outer loop
      vertex -12.715250000357628 21.198918998241425 0
      vertex -11.696520000696182 31.529242001473904 0
      vertex -11.646182000637054 31.54431600123644 0
    endloop
  endfacet
  facet normal 0 0 -1
    outer loop
      vertex -12.715250000357628 21.198918998241425 0
      vertex -11.646182000637054 31.54431600123644 0
      vertex -11.305919997394085 31.63653899729252 0
    endloop
  endfacet
  facet normal 0 0 -1
    outer loop
      vertex -12.715250000357628 21.198918998241425 0
      vertex -11.305919997394085 31.63653899729252 0
      vertex -11.276813000440598 31.643959999084473 0
    endloop
  endfacet
  facet normal 0 0 -1
    outer loop
      vertex -12.715250000357628 21.198918998241425 0
      vertex -11.276813000440598 31.643959999084473 0
      vertex -10.891615003347397 31.736037001013756 0
    endloop
  endfacet
  facet normal 0 0 -1
    outer loop
      vertex -12.715250000357628 21.198918998241425 0
      vertex -10.891615003347397 31.736037001013756 0
      vertex -10.048927001655102 31.92535900324583 0
    endloop
  endfacet
  facet normal 0 0 -1
    outer loop
      vertex -12.715250000357628 21.198918998241425 0
      vertex -10.048927001655102 31.92535900324583 0
      vertex -9.646381996572018 32.021534003317356 0
    endloop
  endfacet
  facet normal 0 0 -1
    outer loop
      vertex -12.715250000357628 21.198918998241425 0
      vertex -9.646381996572018 32.021534003317356 0
      vertex -9.631829999387264 32.02524500340223 0
    endloop
  endfacet
  facet normal 0 0 -1
    outer loop
      vertex -12.715250000357628 21.198918998241425 0
      vertex -9.631829999387264 32.02524500340223 0
      vertex -9.271632000803947 32.12287099659443 0
    endloop
  endfacet
  facet normal 0 0 -1
    outer loop
      vertex -12.715250000357628 21.198918998241425 0
      vertex -9.271632000803947 32.12287099659443 0
      vertex -9.246468000113964 32.1304059997201 0
    endloop
  endfacet
  facet normal 0 0 -1
    outer loop
      vertex -12.715250000357628 21.198918998241425 0
      vertex -9.246468000113964 32.1304059997201 0
      vertex -8.939322002232075 32.23124700039625 0
    endloop
  endfacet
  facet normal 0 0 -1
    outer loop
      vertex -12.715250000357628 21.198918998241425 0
      vertex -8.939322002232075 32.23124700039625 0
      vertex -8.898115001618862 32.246820002794266 0
    endloop
  endfacet
  facet normal 0 0 -1
    outer loop
      vertex -12.715250000357628 21.198918998241425 0
      vertex -8.898115001618862 32.246820002794266 0
      vertex -8.737565003335476 32.31572400033474 0
    endloop
  endfacet
  facet normal 0 0 -1
    outer loop
      vertex -12.715250000357628 21.198918998241425 0
      vertex -8.737565003335476 32.31572400033474 0
      vertex -8.716393001377583 32.326053999364376 0
    endloop
  endfacet
  facet normal 0 0 -1
    outer loop
      vertex -12.710537999868393 21.101954996585846 0
      vertex -12.715250000357628 21.198918998241425 0
      vertex -8.716393001377583 32.326053999364376 0
    endloop
  endfacet
  facet normal 0 0 -1
    outer loop
      vertex -12.696446001529694 21.005905002355576 0
      vertex -12.710537999868393 21.101954996585846 0
      vertex -8.716393001377583 32.326053999364376 0
    endloop
  endfacet
  facet normal 0 0 -1
    outer loop
      vertex -12.673106998205185 20.91167499870062 0
      vertex -12.696446001529694 21.005905002355576 0
      vertex -8.716393001377583 32.326053999364376 0
    endloop
  endfacet
  facet normal 0 0 -1
    outer loop
      vertex -12.640741996467113 20.82015100121498 0
      vertex -12.673106998205185 20.91167499870062 0
      vertex -8.716393001377583 32.326053999364376 0
    endloop
  endfacet
  facet normal 0 0 -1
    outer loop
      vertex -12.599653996527195 20.732197001576424 0
      vertex -12.640741996467113 20.82015100121498 0
      vertex -8.716393001377583 32.326053999364376 0
    endloop
  endfacet
  facet normal 0 0 -1
    outer loop
      vertex -12.550232000648975 20.648640997707844 0
      vertex -12.599653996527195 20.732197001576424 0
      vertex -8.716393001377583 32.326053999364376 0
    endloop
  endfacet
  facet normal 0 0 -1
    outer loop
      vertex -12.492940999567509 20.570271000266075 0
      vertex -12.550232000648975 20.648640997707844 0
      vertex -8.716393001377583 32.326053999364376 0
    endloop
  endfacet
  facet normal 0 0 -1
    outer loop
      vertex -12.428319998085499 20.497826002538204 0
      vertex -12.492940999567509 20.570271000266075 0
      vertex -8.716393001377583 32.326053999364376 0
    endloop
  endfacet
  facet normal 0 0 -1
    outer loop
      vertex -12.356980003416538 20.43198800086975 0
      vertex -12.428319998085499 20.497826002538204 0
      vertex -8.716393001377583 32.326053999364376 0
    endloop
  endfacet
  facet normal 0 0 -1
    outer loop
      vertex -12.279591999948025 20.37337700277567 0
      vertex -12.356980003416538 20.43198800086975 0
      vertex -8.716393001377583 32.326053999364376 0
    endloop
  endfacet
  facet normal 0 0 -1
    outer loop
      vertex -12.196884997189045 20.322547003626823 0
      vertex -12.279591999948025 20.37337700277567 0
      vertex -8.716393001377583 32.326053999364376 0
    endloop
  endfacet
  facet normal 0 0 -1
    outer loop
      vertex -12.109640002250671 20.27997499704361 0
      vertex -12.196884997189045 20.322547003626823 0
      vertex -8.716393001377583 32.326053999364376 0
    endloop
  endfacet
  facet normal 0 0 -1
    outer loop
      vertex -12.052666001021862 20.25552300363779 0
      vertex -12.109640002250671 20.27997499704361 0
      vertex -8.716393001377583 32.326053999364376 0
    endloop
  endfacet
  facet normal 0 0 -1
    outer loop
      vertex -11.970210000872612 20.22436299920082 0
      vertex -12.052666001021862 20.25552300363779 0
      vertex -8.716393001377583 32.326053999364376 0
    endloop
  endfacet
  facet normal 0 0 -1
    outer loop
      vertex -11.696520000696182 20.13450600206852 0
      vertex -11.970210000872612 20.22436299920082 0
      vertex -8.716393001377583 32.326053999364376 0
    endloop
  endfacet
  facet normal 0 0 -1
    outer loop
      vertex -11.646182000637054 20.119432002305984 0
      vertex -11.696520000696182 20.13450600206852 0
      vertex -8.716393001377583 32.326053999364376 0
    endloop
  endfacet
  facet normal 0 0 -1
    outer loop
      vertex -11.305919997394085 20.027209997177124 0
      vertex -11.646182000637054 20.119432002305984 0
      vertex -8.716393001377583 32.326053999364376 0
    endloop
  endfacet
  facet normal 0 0 -1
    outer loop
      vertex -11.276813000440598 20.01978799700737 0
      vertex -11.305919997394085 20.027209997177124 0
      vertex -8.716393001377583 32.326053999364376 0
    endloop
  endfacet
  facet normal 0 0 -1
    outer loop
      vertex -10.891615003347397 19.927711002528667 0
      vertex -11.276813000440598 20.01978799700737 0
      vertex -8.716393001377583 32.326053999364376 0
    endloop
  endfacet
  facet normal 0 0 -1
    outer loop
      vertex -10.048926003277302 19.738389000296593 0
      vertex -10.891615003347397 19.927711002528667 0
      vertex -8.716393001377583 32.326053999364376 0
    endloop
  endfacet
  facet normal 0 0 -1
    outer loop
      vertex -9.646381996572018 19.642214000225067 0
      vertex -10.048926003277302 19.738389000296593 0
      vertex -8.716393001377583 32.326053999364376 0
    endloop
  endfacet
  facet normal 0 0 -1
    outer loop
      vertex -9.631829999387264 19.63850300014019 0
      vertex -9.646381996572018 19.642214000225067 0
      vertex -8.716393001377583 32.326053999364376 0
    endloop
  endfacet
  facet normal 0 0 -1
    outer loop
      vertex -9.271632000803947 19.540877997875214 0
      vertex -9.631829999387264 19.63850300014019 0
      vertex -8.716393001377583 32.326053999364376 0
    endloop
  endfacet
  facet normal 0 0 -1
    outer loop
      vertex -9.246468000113964 19.533341996371746 0
      vertex -9.271632000803947 19.540877997875214 0
      vertex -8.716393001377583 32.326053999364376 0
    endloop
  endfacet
  facet normal 0 0 -1
    outer loop
      vertex -8.939322002232075 19.43250200152397 0
      vertex -9.246468000113964 19.533341996371746 0
      vertex -8.716393001377583 32.326053999364376 0
    endloop
  endfacet
  facet normal 0 0 -1
    outer loop
      vertex -8.898115001618862 19.416928999125957 0
      vertex -8.939322002232075 19.43250200152397 0
      vertex -8.716393001377583 32.326053999364376 0
    endloop
  endfacet
  facet normal 0 0 -1
    outer loop
      vertex -8.737565003335476 19.348025001585484 0
      vertex -8.898115001618862 19.416928999125957 0
      vertex -8.716393001377583 32.326053999364376 0
    endloop
  endfacet
  facet normal 0 0 -1
    outer loop
      vertex -8.716393001377583 19.337693996727467 0
      vertex -8.737565003335476 19.348025001585484 0
      vertex -8.716393001377583 32.326053999364376 0
    endloop
  endfacet
  facet normal 0 0 -1
    outer loop
      vertex -12.356980003416538 72.96508000046015 0
      vertex -12.279591999948025 73.02369099855423 0
      vertex -12.196884997189045 73.07452099770308 0
    endloop
  endfacet
  facet normal 0 0 -1
    outer loop
      vertex -12.428319998085499 72.8992419987917 0
      vertex -12.356980003416538 72.96508000046015 0
      vertex -12.196884997189045 73.07452099770308 0
    endloop
  endfacet
  facet normal 0 0 -1
    outer loop
      vertex -12.492940999567509 72.82679700106382 0
      vertex -12.428319998085499 72.8992419987917 0
      vertex -12.196884997189045 73.07452099770308 0
    endloop
  endfacet
  facet normal 0 0 -1
    outer loop
      vertex -12.550232000648975 72.74842700362206 0
      vertex -12.492940999567509 72.82679700106382 0
      vertex -12.196884997189045 73.07452099770308 0
    endloop
  endfacet
  facet normal 0 0 -1
    outer loop
      vertex -12.599653996527195 72.66487099975348 0
      vertex -12.550232000648975 72.74842700362206 0
      vertex -12.196884997189045 73.07452099770308 0
    endloop
  endfacet
  facet normal 0 0 -1
    outer loop
      vertex -12.640741996467113 72.57691700011492 0
      vertex -12.599653996527195 72.66487099975348 0
      vertex -12.196884997189045 73.07452099770308 0
    endloop
  endfacet
  facet normal 0 0 -1
    outer loop
      vertex -12.673106998205185 72.48539400100708 0
      vertex -12.640741996467113 72.57691700011492 0
      vertex -12.196884997189045 73.07452099770308 0
    endloop
  endfacet
  facet normal 0 0 -1
    outer loop
      vertex -12.696446001529694 72.39116299897432 0
      vertex -12.673106998205185 72.48539400100708 0
      vertex -12.196884997189045 73.07452099770308 0
    endloop
  endfacet
  facet normal 0 0 -1
    outer loop
      vertex -12.710537999868393 72.29511299729347 0
      vertex -12.696446001529694 72.39116299897432 0
      vertex -12.196884997189045 73.07452099770308 0
    endloop
  endfacet
  facet normal 0 0 -1
    outer loop
      vertex -12.715250000357628 72.19815000146627 0
      vertex -12.710537999868393 72.29511299729347 0
      vertex -12.196884997189045 73.07452099770308 0
    endloop
  endfacet
  facet normal 0 0 -1
    outer loop
      vertex -12.715250000357628 72.19815000146627 0
      vertex -12.196884997189045 73.07452099770308 0
      vertex -12.109640002250671 73.11709299683571 0
    endloop
  endfacet
  facet normal 0 0 -1
    outer loop
      vertex -12.715250000357628 62.9322379976511 0
      vertex -12.715250000357628 72.19815000146627 0
      vertex -12.109640002250671 73.11709299683571 0
    endloop
  endfacet
  facet normal 0 0 -1
    outer loop
      vertex -12.715250000357628 62.9322379976511 0
      vertex -12.109640002250671 73.11709299683571 0
      vertex -12.052666001021862 73.14154499769211 0
    endloop
  endfacet
  facet normal 0 0 -1
    outer loop
      vertex -12.715250000357628 62.9322379976511 0
      vertex -12.052666001021862 73.14154499769211 0
      vertex -11.970210000872612 73.17270500212908 0
    endloop
  endfacet
  facet normal 0 0 -1
    outer loop
      vertex -12.715250000357628 62.9322379976511 0
      vertex -11.970210000872612 73.17270500212908 0
      vertex -11.696520000696182 73.26256199926138 0
    endloop
  endfacet
  facet normal 0 0 -1
    outer loop
      vertex -12.715250000357628 62.9322379976511 0
      vertex -11.696520000696182 73.26256199926138 0
      vertex -11.646182000637054 73.27763599902391 0
    endloop
  endfacet
  facet normal 0 0 -1
    outer loop
      vertex -12.715250000357628 62.9322379976511 0
      vertex -11.646182000637054 73.27763599902391 0
      vertex -11.305919997394085 73.3698579967022 0
    endloop
  endfacet
  facet normal 0 0 -1
    outer loop
      vertex -12.715250000357628 62.9322379976511 0
      vertex -11.305919997394085 73.3698579967022 0
      vertex -11.276813000440598 73.37727999687195 0
    endloop
  endfacet
  facet normal 0 0 -1
    outer loop
      vertex -12.715250000357628 62.9322379976511 0
      vertex -11.276813000440598 73.37727999687195 0
      vertex -10.891615003347397 73.46935699880123 0
    endloop
  endfacet
  facet normal 0 0 -1
    outer loop
      vertex -12.715250000357628 62.9322379976511 0
      vertex -10.891615003347397 73.46935699880123 0
      vertex -10.048926003277302 73.6586790010333 0
    endloop
  endfacet
  facet normal 0 0 -1
    outer loop
      vertex -12.715250000357628 62.9322379976511 0
      vertex -10.048926003277302 73.6586790010333 0
      vertex -9.646381996572018 73.75485400110483 0
    endloop
  endfacet
  facet normal 0 0 -1
    outer loop
      vertex -12.715250000357628 62.9322379976511 0
      vertex -9.646381996572018 73.75485400110483 0
      vertex -9.631829999387264 73.75856500118971 0
    endloop
  endfacet
  facet normal 0 0 -1
    outer loop
      vertex -12.715250000357628 62.9322379976511 0
      vertex -9.631829999387264 73.75856500118971 0
      vertex -9.271632000803947 73.85619100183249 0
    endloop
  endfacet
  facet normal 0 0 -1
    outer loop
      vertex -12.715250000357628 62.9322379976511 0
      vertex -9.271632000803947 73.85619100183249 0
      vertex -9.246468000113964 73.86372599750757 0
    endloop
  endfacet
  facet normal 0 0 -1
    outer loop
      vertex -12.715250000357628 62.9322379976511 0
      vertex -9.246468000113964 73.86372599750757 0
      vertex -8.939322002232075 73.96456699818373 0
    endloop
  endfacet
  facet normal 0 0 -1
    outer loop
      vertex -12.715250000357628 62.9322379976511 0
      vertex -8.939322002232075 73.96456699818373 0
      vertex -8.898115001618862 73.98013900220394 0
    endloop
  endfacet
  facet normal 0 0 -1
    outer loop
      vertex -12.715250000357628 62.9322379976511 0
      vertex -8.898115001618862 73.98013900220394 0
      vertex -8.737565003335476 74.04904299974442 0
    endloop
  endfacet
  facet normal 0 0 -1
    outer loop
      vertex -12.715250000357628 62.9322379976511 0
      vertex -8.737565003335476 74.04904299974442 0
      vertex -8.716393001377583 74.05937399715185 0
    endloop
  endfacet
  facet normal 0 0 -1
    outer loop
      vertex -12.710537999868393 62.8352750018239 0
      vertex -12.715250000357628 62.9322379976511 0
      vertex -8.716393001377583 74.05937399715185 0
    endloop
  endfacet
  facet normal 0 0 -1
    outer loop
      vertex -12.696446001529694 62.73922500014305 0
      vertex -12.710537999868393 62.8352750018239 0
      vertex -8.716393001377583 74.05937399715185 0
    endloop
  endfacet
  facet normal 0 0 -1
    outer loop
      vertex -12.673106998205185 62.644994996488094 0
      vertex -12.696446001529694 62.73922500014305 0
      vertex -8.716393001377583 74.05937399715185 0
    endloop
  endfacet
  facet normal 0 0 -1
    outer loop
      vertex -12.640741996467113 62.55347099900246 0
      vertex -12.673106998205185 62.644994996488094 0
      vertex -8.716393001377583 74.05937399715185 0
    endloop
  endfacet
  facet normal 0 0 -1
    outer loop
      vertex -12.599653996527195 62.4655169993639 0
      vertex -12.640741996467113 62.55347099900246 0
      vertex -8.716393001377583 74.05937399715185 0
    endloop
  endfacet
  facet normal 0 0 -1
    outer loop
      vertex -12.550232000648975 62.3819610029459 0
      vertex -12.599653996527195 62.4655169993639 0
      vertex -8.716393001377583 74.05937399715185 0
    endloop
  endfacet
  facet normal 0 0 -1
    outer loop
      vertex -12.492940999567509 62.30359099805355 0
      vertex -12.550232000648975 62.3819610029459 0
      vertex -8.716393001377583 74.05937399715185 0
    endloop
  endfacet
  facet normal 0 0 -1
    outer loop
      vertex -12.428319998085499 62.23114600032568 0
      vertex -12.492940999567509 62.30359099805355 0
      vertex -8.716393001377583 74.05937399715185 0
    endloop
  endfacet
  facet normal 0 0 -1
    outer loop
      vertex -12.356980003416538 62.16530799865723 0
      vertex -12.428319998085499 62.23114600032568 0
      vertex -8.716393001377583 74.05937399715185 0
    endloop
  endfacet
  facet normal 0 0 -1
    outer loop
      vertex -12.279591999948025 62.106697000563145 0
      vertex -12.356980003416538 62.16530799865723 0
      vertex -8.716393001377583 74.05937399715185 0
    endloop
  endfacet
  facet normal 0 0 -1
    outer loop
      vertex -12.196884997189045 62.0558670014143 0
      vertex -12.279591999948025 62.106697000563145 0
      vertex -8.716393001377583 74.05937399715185 0
    endloop
  endfacet
  facet normal 0 0 -1
    outer loop
      vertex -12.109640002250671 62.013295002281666 0
      vertex -12.196884997189045 62.0558670014143 0
      vertex -8.716393001377583 74.05937399715185 0
    endloop
  endfacet
  facet normal 0 0 -1
    outer loop
      vertex -12.052666001021862 61.988843001425266 0
      vertex -12.109640002250671 62.013295002281666 0
      vertex -8.716393001377583 74.05937399715185 0
    endloop
  endfacet
  facet normal 0 0 -1
    outer loop
      vertex -11.970210000872612 61.9576829969883 0
      vertex -12.052666001021862 61.988843001425266 0
      vertex -8.716393001377583 74.05937399715185 0
    endloop
  endfacet
  facet normal 0 0 -1
    outer loop
      vertex -11.696520000696182 61.867825999855995 0
      vertex -11.970210000872612 61.9576829969883 0
      vertex -8.716393001377583 74.05937399715185 0
    endloop
  endfacet
  facet normal 0 0 -1
    outer loop
      vertex -11.646182000637054 61.85275200009346 0
      vertex -11.696520000696182 61.867825999855995 0
      vertex -8.716393001377583 74.05937399715185 0
    endloop
  endfacet
  facet normal 0 0 -1
    outer loop
      vertex -11.305919997394085 61.76053000241518 0
      vertex -11.646182000637054 61.85275200009346 0
      vertex -8.716393001377583 74.05937399715185 0
    endloop
  endfacet
  facet normal 0 0 -1
    outer loop
      vertex -11.276813000440598 61.753108002245426 0
      vertex -11.305919997394085 61.76053000241518 0
      vertex -8.716393001377583 74.05937399715185 0
    endloop
  endfacet
  facet normal 0 0 -1
    outer loop
      vertex -10.891615003347397 61.66103100031614 0
      vertex -11.276813000440598 61.753108002245426 0
      vertex -8.716393001377583 74.05937399715185 0
    endloop
  endfacet
  facet normal 0 0 -1
    outer loop
      vertex -10.048927001655102 61.47170899808407 0
      vertex -10.891615003347397 61.66103100031614 0
      vertex -8.716393001377583 74.05937399715185 0
    endloop
  endfacet
  facet normal 0 0 -1
    outer loop
      vertex -9.646381996572018 61.37553399801254 0
      vertex -10.048927001655102 61.47170899808407 0
      vertex -8.716393001377583 74.05937399715185 0
    endloop
  endfacet
  facet normal 0 0 -1
    outer loop
      vertex -9.631829999387264 61.371822997927666 0
      vertex -9.646381996572018 61.37553399801254 0
      vertex -8.716393001377583 74.05937399715185 0
    endloop
  endfacet
  facet normal 0 0 -1
    outer loop
      vertex -9.271632000803947 61.27419699728489 0
      vertex -9.631829999387264 61.371822997927666 0
      vertex -8.716393001377583 74.05937399715185 0
    endloop
  endfacet
  facet normal 0 0 -1
    outer loop
      vertex -9.246468000113964 61.2666620016098 0
      vertex -9.271632000803947 61.27419699728489 0
      vertex -8.716393001377583 74.05937399715185 0
    endloop
  endfacet
  facet normal 0 0 -1
    outer loop
      vertex -8.939322002232075 61.16582100093365 0
      vertex -9.246468000113964 61.2666620016098 0
      vertex -8.716393001377583 74.05937399715185 0
    endloop
  endfacet
  facet normal 0 0 -1
    outer loop
      vertex -8.898115001618862 61.15024899691343 0
      vertex -8.939322002232075 61.16582100093365 0
      vertex -8.716393001377583 74.05937399715185 0
    endloop
  endfacet
  facet normal 0 0 -1
    outer loop
      vertex -8.737565003335476 61.08134499937296 0
      vertex -8.898115001618862 61.15024899691343 0
      vertex -8.716393001377583 74.05937399715185 0
    endloop
  endfacet
  facet normal 0 0 -1
    outer loop
      vertex -8.716393001377583 61.07101400196552 0
      vertex -8.737565003335476 61.08134499937296 0
      vertex -8.716393001377583 74.05937399715185 0
    endloop
  endfacet
  facet normal 0 0 -1
    outer loop
      vertex 95.50907500088215 3.2044110000133514 0
      vertex 95.52307800203562 3.205636002123356 0
      vertex 149.7089999988675 2.837747998535633 0
    endloop
  endfacet
  facet normal 0 0 -1
    outer loop
      vertex 76.37219099700451 -3.015616998076439 0
      vertex 76.28257600218058 -2.9889499992132187 0
      vertex 76.24293600022793 -2.972989998757839 0
    endloop
  endfacet
  facet normal 0 0 -1
    outer loop
      vertex 76.46390599757433 -3.0337980017066 0
      vertex 76.37219099700451 -3.015616998076439 0
      vertex 76.24293600022793 -2.972989998757839 0
    endloop
  endfacet
  facet normal 0 0 -1
    outer loop
      vertex 76.55691699683666 -3.043333999812603 0
      vertex 76.46390599757433 -3.0337980017066 0
      vertex 76.24293600022793 -2.972989998757839 0
    endloop
  endfacet
  facet normal 0 0 -1
    outer loop
      vertex 76.65041299909353 -3.044141001999378 0
      vertex 76.55691699683666 -3.043333999812603 0
      vertex 76.24293600022793 -2.972989998757839 0
    endloop
  endfacet
  facet normal 0 0 -1
    outer loop
      vertex 78.89682099968195 -2.9584319964051247 0
      vertex 76.65041299909353 -3.044141001999378 0
      vertex 76.24293600022793 -2.972989998757839 0
    endloop
  endfacet
  facet normal 0 0 -1
    outer loop
      vertex 78.89682099968195 -2.9584319964051247 0
      vertex 76.24293600022793 -2.972989998757839 0
      vertex 76.21973200142384 -2.964948996901512 0
    endloop
  endfacet
  facet normal 0 0 -1
    outer loop
      vertex 80.94584500044584 -2.936520002782345 0
      vertex 80.85387100279331 -2.949625000357628 0
      vertex 80.76107899844646 -2.9541380032896996 0
    endloop
  endfacet
  facet normal 0 0 -1
    outer loop
      vertex 81.0362040027976 -2.9149369969964027 0
      vertex 80.94584500044584 -2.936520002782345 0
      vertex 80.76107899844646 -2.9541380032896996 0
    endloop
  endfacet
  facet normal 0 0 -1
    outer loop
      vertex 81.1241720020771 -2.885061003267765 0
      vertex 81.0362040027976 -2.9149369969964027 0
      vertex 80.76107899844646 -2.9541380032896996 0
    endloop
  endfacet
  facet normal 0 0 -1
    outer loop
      vertex 81.15373399853706 -2.873462997376919 0
      vertex 81.1241720020771 -2.885061003267765 0
      vertex 80.76107899844646 -2.9541380032896996 0
    endloop
  endfacet
  facet normal 0 0 -1
    outer loop
      vertex 81.15373399853706 -2.873462997376919 0
      vertex 80.76107899844646 -2.9541380032896996 0
      vertex 78.91481799632311 -2.958068996667862 0
    endloop
  endfacet
  facet normal 0 0 -1
    outer loop
      vertex 119.3559520021081 -0.48118799924850464 0
      vertex 119.26707600057125 -0.48732099682092667 0
      vertex 119.17800799757242 -0.48551899939775467 0
    endloop
  endfacet
  facet normal 0 0 -1
    outer loop
      vertex 119.3559520021081 -0.48118799924850464 0
      vertex 119.17800799757242 -0.48551899939775467 0
      vertex 119.08945299685001 -0.47579699754714966 0
    endloop
  endfacet
  facet normal 0 0 -1
    outer loop
      vertex 119.3559520021081 -0.48118799924850464 0
      vertex 119.08945299685001 -0.47579699754714966 0
      vertex 119.07781100273132 -0.4739909991621971 0
    endloop
  endfacet
  facet normal 0 0 -1
    outer loop
      vertex 75.60215999931097 2.559890002012253 0
      vertex 119.3559520021081 -0.48118799924850464 0
      vertex 119.07781100273132 -0.4739909991621971 0
    endloop
  endfacet
  facet normal 0 0 -1
    outer loop
      vertex 75.60215999931097 2.559890002012253 0
      vertex 119.07781100273132 -0.4739909991621971 0
      vertex 119.05382800102234 -0.474932000041008 0
    endloop
  endfacet
  facet normal 0 0 -1
    outer loop
      vertex 75.60215999931097 2.559890002012253 0
      vertex 119.05382800102234 -0.474932000041008 0
      vertex 101.27804700285196 -2.0338620021939278 0
    endloop
  endfacet
  facet normal 0 0 -1
    outer loop
      vertex 75.60215999931097 2.559890002012253 0
      vertex 101.27804700285196 -2.0338620021939278 0
      vertex 101.25308699905872 -2.0373340025544167 0
    endloop
  endfacet
  facet normal 0 0 -1
    outer loop
      vertex 75.60215999931097 2.559890002012253 0
      vertex 101.25308699905872 -2.0373340025544167 0
      vertex 99.86467699706554 -2.1584250032901764 0
    endloop
  endfacet
  facet normal 0 0 -1
    outer loop
      vertex 75.60215999931097 2.559890002012253 0
      vertex 99.86467699706554 -2.1584250032901764 0
      vertex 99.84006199985743 -2.1599730029702187 0
    endloop
  endfacet
  facet normal 0 0 -1
    outer loop
      vertex 75.60215999931097 2.559890002012253 0
      vertex 99.84006199985743 -2.1599730029702187 0
      vertex 97.79705400019884 -2.238587997853756 0
    endloop
  endfacet
  facet normal 0 0 -1
    outer loop
      vertex 75.60215999931097 2.559890002012253 0
      vertex 97.79705400019884 -2.238587997853756 0
      vertex 97.77192299813032 -2.2382719963788986 0
    endloop
  endfacet
  facet normal 0 0 -1
    outer loop
      vertex 75.60215999931097 2.559890002012253 0
      vertex 97.77192299813032 -2.2382719963788986 0
      vertex 81.17743699997663 -2.871417000889778 0
    endloop
  endfacet
  facet normal 0 0 -1
    outer loop
      vertex 75.60215999931097 2.559890002012253 0
      vertex 81.17743699997663 -2.871417000889778 0
      vertex 81.15373399853706 -2.873462997376919 0
    endloop
  endfacet
  facet normal 0 0 -1
    outer loop
      vertex 75.60215999931097 2.559890002012253 0
      vertex 81.15373399853706 -2.873462997376919 0
      vertex 78.91481799632311 -2.958068996667862 0
    endloop
  endfacet
  facet normal 0 0 -1
    outer loop
      vertex 75.60215999931097 2.559890002012253 0
      vertex 78.91481799632311 -2.958068996667862 0
      vertex 78.89682099968195 -2.9584319964051247 0
    endloop
  endfacet
  facet normal 0 0 -1
    outer loop
      vertex 75.60215999931097 2.559890002012253 0
      vertex 78.89682099968195 -2.9584319964051247 0
      vertex 76.21973200142384 -2.964948996901512 0
    endloop
  endfacet
  facet normal 0 0 -1
    outer loop
      vertex 75.60215999931097 2.559890002012253 0
      vertex 76.21973200142384 -2.964948996901512 0
      vertex 76.19596499949694 -2.963858999311924 0
    endloop
  endfacet
  facet normal 0 0 -1
    outer loop
      vertex 61.63165000081062 2.5301420018076897 0
      vertex 75.60215999931097 2.559890002012253 0
      vertex 76.19596499949694 -2.963858999311924 0
    endloop
  endfacet
  facet normal 0 0 -1
    outer loop
      vertex 61.63165000081062 2.5301420018076897 0
      vertex 76.19596499949694 -2.963858999311924 0
      vertex 56.21453300118446 -3.0064050033688545 0
    endloop
  endfacet
  facet normal 0 0 -1
    outer loop
      vertex 61.61760900169611 2.530801996588707 0
      vertex 61.63165000081062 2.5301420018076897 0
      vertex 56.21453300118446 -3.0064050033688545 0
    endloop
  endfacet
  facet normal 0 0 -1
    outer loop
      vertex 56.52931000292301 2.525689996778965 0
      vertex 61.61760900169611 2.530801996588707 0
      vertex 56.21453300118446 -3.0064050033688545 0
    endloop
  endfacet
  facet normal 0 0 -1
    outer loop
      vertex 56.5152710005641 2.524999998509884 0
      vertex 56.52931000292301 2.525689996778965 0
      vertex 56.21453300118446 -3.0064050033688545 0
    endloop
  endfacet
  facet normal 0 0 -1
    outer loop
      vertex 56.5152710005641 2.524999998509884 0
      vertex 56.21453300118446 -3.0064050033688545 0
      vertex 56.140000998973846 -3.0037830024957657 0
    endloop
  endfacet
  facet normal 0 0 -1
    outer loop
      vertex 56.5152710005641 2.524999998509884 0
      vertex 56.140000998973846 -3.0037830024957657 0
      vertex 56.12694499641657 -3.002343997359276 0
    endloop
  endfacet
  facet normal 0 0 -1
    outer loop
      vertex 42.54472900182009 2.524999998509884 0
      vertex 56.5152710005641 2.524999998509884 0
      vertex 56.12694499641657 -3.002343997359276 0
    endloop
  endfacet
  facet normal 0 0 -1
    outer loop
      vertex 42.54472900182009 2.524999998509884 0
      vertex 56.12694499641657 -3.002343997359276 0
      vertex 56.07916799932718 -3 0
    endloop
  endfacet
  facet normal 0 0 -1
    outer loop
      vertex 42.530689999461174 2.525689996778965 0
      vertex 42.54472900182009 2.524999998509884 0
      vertex 56.07916799932718 -3 0
    endloop
  endfacet
  facet normal 0 0 -1
    outer loop
      vertex 37.47930999845266 2.525689996778965 0
      vertex 42.530689999461174 2.525689996778965 0
      vertex 56.07916799932718 -3 0
    endloop
  endfacet
  facet normal 0 0 -1
    outer loop
      vertex 37.46527100354433 2.524999998509884 0
      vertex 37.47930999845266 2.525689996778965 0
      vertex 56.07916799932718 -3 0
    endloop
  endfacet
  facet normal 0 0 -1
    outer loop
      vertex 23.49472899734974 2.524999998509884 0
      vertex 37.46527100354433 2.524999998509884 0
      vertex 56.07916799932718 -3 0
    endloop
  endfacet
  facet normal 0 0 -1
    outer loop
      vertex 23.49472899734974 2.524999998509884 0
      vertex 56.07916799932718 -3 0
      vertex -7.715250000357628 -3 0
    endloop
  endfacet
  facet normal 0 0 -1
    outer loop
      vertex 23.480690002441406 2.525689996778965 0
      vertex 23.49472899734974 2.524999998509884 0
      vertex -7.715250000357628 -3 0
    endloop
  endfacet
  facet normal 0 0 -1
    outer loop
      vertex 18.429310001432896 2.525689996778965 0
      vertex 23.480690002441406 2.525689996778965 0
      vertex -7.715250000357628 -3 0
    endloop
  endfacet
  facet normal 0 0 -1
    outer loop
      vertex 18.415270999073982 2.524999998509884 0
      vertex 18.429310001432896 2.525689996778965 0
      vertex -7.715250000357628 -3 0
    endloop
  endfacet
  facet normal 0 0 -1
    outer loop
      vertex 4.444729000329971 2.524999998509884 0
      vertex 18.415270999073982 2.524999998509884 0
      vertex -7.715250000357628 -3 0
    endloop
  endfacet
  facet normal 0 0 -1
    outer loop
      vertex 4.430689997971058 2.525689996778965 0
      vertex 4.444729000329971 2.524999998509884 0
      vertex -7.715250000357628 -3 0
    endloop
  endfacet
  facet normal 0 0 -1
    outer loop
      vertex 4.430689997971058 2.525689996778965 0
      vertex -7.715250000357628 -3 0
      vertex -8.715250000357628 19.314163997769356 0
    endloop
  endfacet
  facet normal 0 0 -1
    outer loop
      vertex 4.429999999701977 2.5397289991378784 0
      vertex 4.430689997971058 2.525689996778965 0
      vertex -8.715250000357628 19.314163997769356 0
    endloop
  endfacet
  facet normal 0 0 -1
    outer loop
      vertex 4.429999999701977 16.51027099788189 0
      vertex 4.429999999701977 2.5397289991378784 0
      vertex -8.715250000357628 19.314163997769356 0
    endloop
  endfacet
  facet normal 0 0 -1
    outer loop
      vertex 4.430689997971058 16.524310000240803 0
      vertex 4.429999999701977 16.51027099788189 0
      vertex -8.715250000357628 19.314163997769356 0
    endloop
  endfacet
  facet normal 0 0 -1
    outer loop
      vertex 4.430689997971058 16.524310000240803 0
      vertex -8.715250000357628 19.314163997769356 0
      vertex -8.716393001377583 19.337693996727467 0
    endloop
  endfacet
  facet normal 0 0 -1
    outer loop
      vertex 4.430689997971058 16.524310000240803 0
      vertex -8.716393001377583 19.337693996727467 0
      vertex -8.716393001377583 32.326053999364376 0
    endloop
  endfacet
  facet normal 0 0 -1
    outer loop
      vertex 4.444729000329971 16.524999998509884 0
      vertex 4.430689997971058 16.524310000240803 0
      vertex -8.716393001377583 32.326053999364376 0
    endloop
  endfacet
  facet normal 0 0 -1
    outer loop
      vertex 4.444729000329971 16.524999998509884 0
      vertex -8.716393001377583 32.326053999364376 0
      vertex -8.715250000357628 32.34958499670029 0
    endloop
  endfacet
  facet normal 0 0 -1
    outer loop
      vertex 4.444729000329971 16.524999998509884 0
      vertex -8.715250000357628 32.34958499670029 0
      vertex -8.715250000357628 61.04748400300741 0
    endloop
  endfacet
  facet normal 0 0 -1
    outer loop
      vertex 4.444729000329971 16.524999998509884 0
      vertex -8.715250000357628 61.04748400300741 0
      vertex -8.716393001377583 61.07101400196552 0
    endloop
  endfacet
  facet normal 0 0 -1
    outer loop
      vertex 4.444729000329971 16.524999998509884 0
      vertex -8.716393001377583 61.07101400196552 0
      vertex -8.716393001377583 74.05937399715185 0
    endloop
  endfacet
  facet normal 0 0 -1
    outer loop
      vertex 4.444729000329971 16.524999998509884 0
      vertex -8.716393001377583 74.05937399715185 0
      vertex -8.715250000357628 74.08290400356054 0
    endloop
  endfacet
  facet normal 0 0 -1
    outer loop
      vertex 4.444729000329971 16.524999998509884 0
      vertex -8.715250000357628 74.08290400356054 0
      vertex -8.715250000357628 97.25 0
    endloop
  endfacet
  facet normal 0 0 -1
    outer loop
      vertex 98.47780200093985 74.5356639996171 0
      vertex 91.97652799636126 74.19239799678326 0
      vertex 91.96247400343418 74.19265300035477 0
    endloop
  endfacet
  facet normal 0 0 -1
    outer loop
      vertex 31.122249998152256 75.10999999940395 0
      vertex 98.47780200093985 74.5356639996171 0
      vertex 91.96247400343418 74.19265300035477 0
    endloop
  endfacet
  facet normal 0 0 -1
    outer loop
      vertex 31.122249998152256 75.10999999940395 0
      vertex 91.96247400343418 74.19265300035477 0
      vertex 77.99861299991608 73.76065199822187 0
    endloop
  endfacet
  facet normal 0 0 -1
    outer loop
      vertex 31.122249998152256 75.10999999940395 0
      vertex 77.99861299991608 73.76065199822187 0
      vertex 77.98460199683905 73.75952800363302 0
    endloop
  endfacet
  facet normal 0 0 -1
    outer loop
      vertex 77.98460199683905 73.75952800363302 0
      vertex 72.72464399784803 73.68297400325537 0
      vertex 72.7106050029397 73.68365699797869 0
    endloop
  endfacet
  facet normal 0 0 -1
    outer loop
      vertex 31.122249998152256 75.10999999940395 0
      vertex 77.98460199683905 73.75952800363302 0
      vertex 72.7106050029397 73.68365699797869 0
    endloop
  endfacet
  facet normal 0 0 -1
    outer loop
      vertex 31.122249998152256 75.10999999940395 0
      vertex 72.7106050029397 73.68365699797869 0
      vertex 58.74006500095129 73.67634200304747 0
    endloop
  endfacet
  facet normal 0 0 -1
    outer loop
      vertex 31.122249998152256 75.10999999940395 0
      vertex 58.74006500095129 73.67634200304747 0
      vertex 58.72602599859238 73.67564400285482 0
    endloop
  endfacet
  facet normal 0 0 -1
    outer loop
      vertex 31.122249998152256 75.10999999940395 0
      vertex 58.72602599859238 73.67564400285482 0
      vertex 53.67231000214815 73.67430999875069 0
    endloop
  endfacet
  facet normal 0 0 -1
    outer loop
      vertex 31.122249998152256 75.10999999940395 0
      vertex 53.67231000214815 73.67430999875069 0
      vertex 53.65827099978924 73.67499999701977 0
    endloop
  endfacet
  facet normal 0 0 -1
    outer loop
      vertex 31.122249998152256 75.10999999940395 0
      vertex 53.65827099978924 73.67499999701977 0
      vertex 39.68772900104523 73.67499999701977 0
    endloop
  endfacet
  facet normal 0 0 -1
    outer loop
      vertex 31.122249998152256 75.10999999940395 0
      vertex 39.68772900104523 73.67499999701977 0
      vertex 39.673689998686314 73.67430999875069 0
    endloop
  endfacet
  facet normal 0 0 -1
    outer loop
      vertex 31.122249998152256 59.50999999791384 0
      vertex 31.122249998152256 75.10999999940395 0
      vertex 39.673689998686314 73.67430999875069 0
    endloop
  endfacet
  facet normal 0 0 -1
    outer loop
      vertex 31.122249998152256 59.50999999791384 0
      vertex 39.673689998686314 73.67430999875069 0
      vertex 34.91069000214338 54.62431000173092 0
    endloop
  endfacet
  facet normal 0 0 -1
    outer loop
      vertex 31.122249998152256 59.50999999791384 0
      vertex 34.91069000214338 54.62431000173092 0
      vertex 22.715309999883175 54.62431000173092 0
    endloop
  endfacet
  facet normal 0 0 -1
    outer loop
      vertex 24.122249998152256 59.50999999791384 0
      vertex 31.122249998152256 59.50999999791384 0
      vertex 22.715309999883175 54.62431000173092 0
    endloop
  endfacet
  facet normal 0 0 -1
    outer loop
      vertex 7.309749998152256 59.50999999791384 0
      vertex 24.122249998152256 59.50999999791384 0
      vertex 22.715309999883175 54.62431000173092 0
    endloop
  endfacet
  facet normal 0 0 -1
    outer loop
      vertex 7.309749998152256 59.50999999791384 0
      vertex 22.715309999883175 54.62431000173092 0
      vertex 22.70127099752426 54.625 0
    endloop
  endfacet
  facet normal 0 0 -1
    outer loop
      vertex 7.309749998152256 59.50999999791384 0
      vertex 22.70127099752426 54.625 0
      vertex 3.968229003250599 54.625 0
    endloop
  endfacet
  facet normal 0 0 -1
    outer loop
      vertex 0.309749998152256 59.50999999791384 0
      vertex 7.309749998152256 59.50999999791384 0
      vertex 3.968229003250599 54.625 0
    endloop
  endfacet
  facet normal 0 0 -1
    outer loop
      vertex 0.309749998152256 59.50999999791384 0
      vertex 3.968229003250599 54.625 0
      vertex 3.9541900008916855 54.62431000173092 0
    endloop
  endfacet
  facet normal 0 0 -1
    outer loop
      vertex 0.309749998152256 59.50999999791384 0
      vertex 3.9541900008916855 54.62431000173092 0
      vertex 3.9535000026226044 54.610270999372005 0
    endloop
  endfacet
  facet normal 0 0 -1
    outer loop
      vertex 0.309749998152256 59.50999999791384 0
      vertex 3.9535000026226044 54.610270999372005 0
      vertex 3.9535000026226044 40.639729000627995 0
    endloop
  endfacet
  facet normal 0 0 -1
    outer loop
      vertex 0.309749998152256 59.50999999791384 0
      vertex 3.9535000026226044 40.639729000627995 0
      vertex 3.9541900008916855 40.62568999826908 0
    endloop
  endfacet
  facet normal 0 0 -1
    outer loop
      vertex 34.79544100165367 92.70744399726391 0
      vertex 34.62353800237179 92.72404100000858 0
      vertex 34.62192899733782 92.72427999973297 0
    endloop
  endfacet
  facet normal 0 0 -1
    outer loop
      vertex -8.715250000357628 97.25 0
      vertex 34.79544100165367 92.70744399726391 0
      vertex 34.62192899733782 92.72427999973297 0
    endloop
  endfacet
  facet normal 0 0 -1
    outer loop
      vertex -8.715250000357628 97.25 0
      vertex 34.62192899733782 92.72427999973297 0
      vertex 34.60727100074291 92.72500000149012 0
    endloop
  endfacet
  facet normal 0 0 -1
    outer loop
      vertex -8.715250000357628 97.25 0
      vertex 34.60727100074291 92.72500000149012 0
      vertex 20.6367290019989 92.72500000149012 0
    endloop
  endfacet
  facet normal 0 0 -1
    outer loop
      vertex -8.715250000357628 97.25 0
      vertex 20.6367290019989 92.72500000149012 0
      vertex 20.622070997953415 92.72427999973297 0
    endloop
  endfacet
  facet normal 0 0 -1
    outer loop
      vertex -8.715250000357628 97.25 0
      vertex 20.622070997953415 92.72427999973297 0
      vertex 20.33492899686098 92.72427999973297 0
    endloop
  endfacet
  facet normal 0 0 -1
    outer loop
      vertex -8.715250000357628 97.25 0
      vertex 20.33492899686098 92.72427999973297 0
      vertex 20.320271000266075 92.72500000149012 0
    endloop
  endfacet
  facet normal 0 0 -1
    outer loop
      vertex -8.715250000357628 97.25 0
      vertex 20.320271000266075 92.72500000149012 0
      vertex 1.586728997528553 92.72500000149012 0
    endloop
  endfacet
  facet normal 0 0 -1
    outer loop
      vertex -8.715250000357628 97.25 0
      vertex 1.586728997528553 92.72500000149012 0
      vertex 1.5726900026202202 92.72431000322104 0
    endloop
  endfacet
  facet normal 0 0 -1
    outer loop
      vertex -8.715250000357628 97.25 0
      vertex 1.5726900026202202 92.72431000322104 0
      vertex 1.5719999969005585 92.71027100086212 0
    endloop
  endfacet
  facet normal 0 0 -1
    outer loop
      vertex -8.715250000357628 97.25 0
      vertex 1.5719999969005585 92.71027100086212 0
      vertex 0.309749998152256 75.10999999940395 0
    endloop
  endfacet
  facet normal 0 0 -1
    outer loop
      vertex -8.715250000357628 97.25 0
      vertex 0.309749998152256 75.10999999940395 0
      vertex 0.309749998152256 59.50999999791384 0
    endloop
  endfacet
  facet normal 0 0 -1
    outer loop
      vertex 4.444729000329971 16.524999998509884 0
      vertex -8.715250000357628 97.25 0
      vertex 0.309749998152256 59.50999999791384 0
    endloop
  endfacet
  facet normal 0 0 -1
    outer loop
      vertex 4.444729000329971 16.524999998509884 0
      vertex 0.309749998152256 59.50999999791384 0
      vertex 3.9541900008916855 40.62568999826908 0
    endloop
  endfacet
  facet normal 0 0 -1
    outer loop
      vertex 4.444729000329971 16.524999998509884 0
      vertex 3.9541900008916855 40.62568999826908 0
      vertex 7.288690000772476 21.575690001249313 0
    endloop
  endfacet
  facet normal 0 0 -1
    outer loop
      vertex 18.415270999073982 16.524999998509884 0
      vertex 4.444729000329971 16.524999998509884 0
      vertex 7.288690000772476 21.575690001249313 0
    endloop
  endfacet
  facet normal 0 0 -1
    outer loop
      vertex 18.415270999073982 16.524999998509884 0
      vertex 7.288690000772476 21.575690001249313 0
      vertex 7.30272900313139 21.575000002980232 0
    endloop
  endfacet
  facet normal 0 0 -1
    outer loop
      vertex 18.415270999073982 16.524999998509884 0
      vertex 7.30272900313139 21.575000002980232 0
      vertex 21.2732710018754 21.575000002980232 0
    endloop
  endfacet
  facet normal 0 0 -1
    outer loop
      vertex 18.429310001432896 16.524310000240803 0
      vertex 18.415270999073982 16.524999998509884 0
      vertex 21.2732710018754 21.575000002980232 0
    endloop
  endfacet
  facet normal 0 0 -1
    outer loop
      vertex 23.480690002441406 16.524310000240803 0
      vertex 18.429310001432896 16.524310000240803 0
      vertex 21.2732710018754 21.575000002980232 0
    endloop
  endfacet
  facet normal 0 0 -1
    outer loop
      vertex 23.480690002441406 16.524310000240803 0
      vertex 21.2732710018754 21.575000002980232 0
      vertex 21.287309996783733 21.575690001249313 0
    endloop
  endfacet
  facet normal 0 0 -1
    outer loop
      vertex 23.480690002441406 16.524310000240803 0
      vertex 21.287309996783733 21.575690001249313 0
      vertex 31.100689999759197 21.575690001249313 0
    endloop
  endfacet
  facet normal 0 0 -1
    outer loop
      vertex 23.49472899734974 16.524999998509884 0
      vertex 23.480690002441406 16.524310000240803 0
      vertex 31.100689999759197 21.575690001249313 0
    endloop
  endfacet
  facet normal 0 0 -1
    outer loop
      vertex 37.46527100354433 16.524999998509884 0
      vertex 23.49472899734974 16.524999998509884 0
      vertex 31.100689999759197 21.575690001249313 0
    endloop
  endfacet
  facet normal 0 0 -1
    outer loop
      vertex 37.46527100354433 16.524999998509884 0
      vertex 31.100689999759197 21.575690001249313 0
      vertex 31.11472900211811 21.575000002980232 0
    endloop
  endfacet
  facet normal 0 0 -1
    outer loop
      vertex 37.47930999845266 16.524310000240803 0
      vertex 37.46527100354433 16.524999998509884 0
      vertex 31.11472900211811 21.575000002980232 0
    endloop
  endfacet
  facet normal 0 0 -1
    outer loop
      vertex 42.530689999461174 16.524310000240803 0
      vertex 37.47930999845266 16.524310000240803 0
      vertex 31.11472900211811 21.575000002980232 0
    endloop
  endfacet
  facet normal 0 0 -1
    outer loop
      vertex 42.54472900182009 16.524999998509884 0
      vertex 42.530689999461174 16.524310000240803 0
      vertex 31.11472900211811 21.575000002980232 0
    endloop
  endfacet
  facet normal 0 0 -1
    outer loop
      vertex 56.5152710005641 16.524999998509884 0
      vertex 42.54472900182009 16.524999998509884 0
      vertex 31.11472900211811 21.575000002980232 0
    endloop
  endfacet
  facet normal 0 0 -1
    outer loop
      vertex 56.5152710005641 16.524999998509884 0
      vertex 31.11472900211811 21.575000002980232 0
      vertex 81.00076799839735 16.64630900323391 0
    endloop
  endfacet
  facet normal 0 0 -1
    outer loop
      vertex 56.52931000292301 16.524310000240803 0
      vertex 56.5152710005641 16.524999998509884 0
      vertex 81.00076799839735 16.64630900323391 0
    endloop
  endfacet
  facet normal 0 0 -1
    outer loop
      vertex 61.60183999687433 16.530110001564026 0
      vertex 61.5878020003438 16.52939099818468 0
      vertex 56.52931000292301 16.524310000240803 0
    endloop
  endfacet
  facet normal 0 0 -1
    outer loop
      vertex 61.60183999687433 16.530110001564026 0
      vertex 56.52931000292301 16.524310000240803 0
      vertex 81.00076799839735 16.64630900323391 0
    endloop
  endfacet
  facet normal 0 0 -1
    outer loop
      vertex 75.57235000282526 16.55985800176859 0
      vertex 61.60183999687433 16.530110001564026 0
      vertex 81.00076799839735 16.64630900323391 0
    endloop
  endfacet
  facet normal 0 0 -1
    outer loop
      vertex 75.58639100193977 16.55919799953699 0
      vertex 75.57235000282526 16.55985800176859 0
      vertex 81.00076799839735 16.64630900323391 0
    endloop
  endfacet
  facet normal 0 0 -1
    outer loop
      vertex 75.58710999786854 16.54516000300646 0
      vertex 75.58639100193977 16.55919799953699 0
      vertex 81.00076799839735 16.64630900323391 0
    endloop
  endfacet
  facet normal 0 0 -1
    outer loop
      vertex 75.6168579980731 2.5746499970555305 0
      vertex 75.58710999786854 16.54516000300646 0
      vertex 81.00076799839735 16.64630900323391 0
    endloop
  endfacet
  facet normal 0 0 -1
    outer loop
      vertex 75.6168579980731 2.5746499970555305 0
      vertex 81.00076799839735 16.64630900323391 0
      vertex 81.53341100364923 2.6859249994158745 0
    endloop
  endfacet
  facet normal 0 0 -1
    outer loop
      vertex 75.6168579980731 2.5746499970555305 0
      vertex 81.53341100364923 2.6859249994158745 0
      vertex 81.53463599830866 2.6719219982624054 0
    endloop
  endfacet
  facet normal 0 0 -1
    outer loop
      vertex 81.54869099706411 2.6717680022120476 0
      vertex 95.50907500088215 3.2044110000133514 0
      vertex 149.7089999988675 2.837747998535633 0
    endloop
  endfacet
  facet normal 0 0 -1
    outer loop
      vertex 81.54869099706411 2.6717680022120476 0
      vertex 149.7089999988675 2.837747998535633 0
      vertex 75.6168579980731 2.5746499970555305 0
    endloop
  endfacet
  facet normal 0 0 -1
    outer loop
      vertex 81.54869099706411 2.6717680022120476 0
      vertex 75.6168579980731 2.5746499970555305 0
      vertex 81.53463599830866 2.6719219982624054 0
    endloop
  endfacet
endsolid OpenSCAD_Model
