solid OpenSCAD_Model
  facet normal 0.10198976891388062 -0.9947854477408147 0
    outer loop
      vertex 226.32707899808884 -3.0328740030527115 0
      vertex 226.2340670004487 -3.0424100011587143 1.5
      vertex 226.2340670004487 -3.0424100011587143 0
    endloop
  endfacet
  facet normal 0.10198976891388062 -0.9947854477408147 0
    outer loop
      vertex 226.32707899808884 -3.0328740030527115 0
      vertex 226.32707899808884 -3.0328740030527115 1.5
      vertex 226.2340670004487 -3.0424100011587143 1.5
    endloop
  endfacet
  facet normal 0.19445193818976725 -0.9809120468901598 0
    outer loop
      vertex 226.41879300028086 -3.01469299942255 0
      vertex 226.32707899808884 -3.0328740030527115 1.5
      vertex 226.32707899808884 -3.0328740030527115 0
    endloop
  endfacet
  facet normal 0.19445193818976725 -0.9809120468901598 0
    outer loop
      vertex 226.41879300028086 -3.01469299942255 0
      vertex 226.41879300028086 -3.01469299942255 1.5
      vertex 226.32707899808884 -3.0328740030527115 1.5
    endloop
  endfacet
  facet normal 0.28521298977276455 -0.9584641623268347 0
    outer loop
      vertex 226.50840800255537 -2.98802600055933 0
      vertex 226.41879300028086 -3.01469299942255 1.5
      vertex 226.41879300028086 -3.01469299942255 0
    endloop
  endfacet
  facet normal 0.28521298977276455 -0.9584641623268347 0
    outer loop
      vertex 226.50840800255537 -2.98802600055933 0
      vertex 226.50840800255537 -2.98802600055933 1.5
      vertex 226.41879300028086 -3.01469299942255 1.5
    endloop
  endfacet
  facet normal 0.37348677316682105 -0.9276355050715962 0
    outer loop
      vertex 226.54402700066566 -2.973684996366501 0
      vertex 226.50840800255537 -2.98802600055933 1.5
      vertex 226.50840800255537 -2.98802600055933 0
    endloop
  endfacet
  facet normal 0.37348677316682105 -0.9276355050715962 0
    outer loop
      vertex 226.54402700066566 -2.973684996366501 0
      vertex 226.54402700066566 -2.973684996366501 1.5
      vertex 226.50840800255537 -2.98802600055933 1.5
    endloop
  endfacet
  facet normal 0.3274413457464472 -0.9448715071880174 0
    outer loop
      vertex 226.5692299976945 -2.9649510011076927 0
      vertex 226.54402700066566 -2.973684996366501 1.5
      vertex 226.54402700066566 -2.973684996366501 0
    endloop
  endfacet
  facet normal 0.3274413457464472 -0.9448715071880174 0
    outer loop
      vertex 226.5692299976945 -2.9649510011076927 0
      vertex 226.5692299976945 -2.9649510011076927 1.5
      vertex 226.54402700066566 -2.973684996366501 1.5
    endloop
  endfacet
  facet normal 0.045813649500166254 -0.998950003513427 0
    outer loop
      vertex 226.5929969996214 -2.9638610035181046 0
      vertex 226.5692299976945 -2.9649510011076927 1.5
      vertex 226.5692299976945 -2.9649510011076927 0
    endloop
  endfacet
  facet normal 0.045813649500166254 -0.998950003513427 0
    outer loop
      vertex 226.5929969996214 -2.9638610035181046 0
      vertex 226.5929969996214 -2.9638610035181046 1.5
      vertex 226.5692299976945 -2.9649510011076927 1.5
    endloop
  endfacet
  facet normal -0.0021292741631603824 -0.9999977330931996 0
    outer loop
      vertex 240.70528399944305 -2.993909999728203 0
      vertex 226.5929969996214 -2.9638610035181046 1.5
      vertex 226.5929969996214 -2.9638610035181046 0
    endloop
  endfacet
  facet normal -0.0021292741631603824 -0.9999977330931996 0
    outer loop
      vertex 240.70528399944305 -2.993909999728203 0
      vertex 240.70528399944305 -2.993909999728203 1.5
      vertex 226.5929969996214 -2.9638610035181046 1.5
    endloop
  endfacet
  facet normal -0.057518518313132254 -0.9983444395853878 0
    outer loop
      vertex 240.78226199746132 -2.9983450025320053 0
      vertex 240.70528399944305 -2.993909999728203 1.5
      vertex 240.70528399944305 -2.993909999728203 0
    endloop
  endfacet
  facet normal -0.057518518313132254 -0.9983444395853878 0
    outer loop
      vertex 240.78226199746132 -2.9983450025320053 0
      vertex 240.78226199746132 -2.9983450025320053 1.5
      vertex 240.70528399944305 -2.993909999728203 1.5
    endloop
  endfacet
  facet normal -0.0287631511928806 -0.9995862549742546 0
    outer loop
      vertex 240.83977700024843 -3 0
      vertex 240.78226199746132 -2.9983450025320053 1.5
      vertex 240.78226199746132 -2.9983450025320053 0
    endloop
  endfacet
  facet normal -0.0287631511928806 -0.9995862549742546 0
    outer loop
      vertex 240.83977700024843 -3 0
      vertex 240.83977700024843 -3 1.5
      vertex 240.78226199746132 -2.9983450025320053 1.5
    endloop
  endfacet
  facet normal 0 -1 0
    outer loop
      vertex 310.50225000083447 -3 0
      vertex 240.83977700024843 -3 1.5
      vertex 240.83977700024843 -3 0
    endloop
  endfacet
  facet normal 0 -1 0
    outer loop
      vertex 310.50225000083447 -3 0
      vertex 310.50225000083447 -3 1.5
      vertex 240.83977700024843 -3 1.5
    endloop
  endfacet
  facet normal 0.04906493877512149 -0.998795590590484 0
    outer loop
      vertex 310.6002670004964 -2.995185002684593 0
      vertex 310.50225000083447 -3 1.5
      vertex 310.50225000083447 -3 0
    endloop
  endfacet
  facet normal 0.04906493877512149 -0.998795590590484 0
    outer loop
      vertex 310.6002670004964 -2.995185002684593 0
      vertex 310.6002670004964 -2.995185002684593 1.5
      vertex 310.50225000083447 -3 1.5
    endloop
  endfacet
  facet normal 0.14673632308505183 -0.9891756423848493 0
    outer loop
      vertex 310.6973399966955 -2.980784997344017 0
      vertex 310.6002670004964 -2.995185002684593 1.5
      vertex 310.6002670004964 -2.995185002684593 0
    endloop
  endfacet
  facet normal 0.14673632308505183 -0.9891756423848493 0
    outer loop
      vertex 310.6973399966955 -2.980784997344017 0
      vertex 310.6973399966955 -2.980784997344017 1.5
      vertex 310.6002670004964 -2.995185002684593 1.5
    endloop
  endfacet
  facet normal 0.2429791032705094 -0.9700315228763751 0
    outer loop
      vertex 310.7925349995494 -2.9569400027394295 0
      vertex 310.6973399966955 -2.980784997344017 1.5
      vertex 310.6973399966955 -2.980784997344017 0
    endloop
  endfacet
  facet normal 0.2429791032705094 -0.9700315228763751 0
    outer loop
      vertex 310.7925349995494 -2.9569400027394295 0
      vertex 310.7925349995494 -2.9569400027394295 1.5
      vertex 310.6973399966955 -2.980784997344017 1.5
    endloop
  endfacet
  facet normal 0.3368850233734256 -0.9415457933774047 0
    outer loop
      vertex 310.8849330022931 -2.9238800033926964 0
      vertex 310.7925349995494 -2.9569400027394295 1.5
      vertex 310.7925349995494 -2.9569400027394295 0
    endloop
  endfacet
  facet normal 0.3368850233734256 -0.9415457933774047 0
    outer loop
      vertex 310.8849330022931 -2.9238800033926964 0
      vertex 310.8849330022931 -2.9238800033926964 1.5
      vertex 310.7925349995494 -2.9569400027394295 1.5
    endloop
  endfacet
  facet normal 0.42755848528236606 -0.9039876888890959 0
    outer loop
      vertex 310.97364699840546 -2.881921000778675 0
      vertex 310.8849330022931 -2.9238800033926964 1.5
      vertex 310.8849330022931 -2.9238800033926964 0
    endloop
  endfacet
  facet normal 0.42755848528236606 -0.9039876888890959 0
    outer loop
      vertex 310.97364699840546 -2.881921000778675 0
      vertex 310.97364699840546 -2.881921000778675 1.5
      vertex 310.8849330022931 -2.9238800033926964 1.5
    endloop
  endfacet
  facet normal 0.514100102065574 -0.8577301936251087 0
    outer loop
      vertex 311.05781999975443 -2.8314699977636337 0
      vertex 310.97364699840546 -2.881921000778675 1.5
      vertex 310.97364699840546 -2.881921000778675 0
    endloop
  endfacet
  facet normal 0.514100102065574 -0.8577301936251087 0
    outer loop
      vertex 311.05781999975443 -2.8314699977636337 0
      vertex 311.05781999975443 -2.8314699977636337 1.5
      vertex 310.97364699840546 -2.881921000778675 1.5
    endloop
  endfacet
  facet normal 0.5957050634464975 -0.8032032603172153 0
    outer loop
      vertex 311.13664299994707 -2.7730100005865097 0
      vertex 311.05781999975443 -2.8314699977636337 1.5
      vertex 311.05781999975443 -2.8314699977636337 0
    endloop
  endfacet
  facet normal 0.5957050634464975 -0.8032032603172153 0
    outer loop
      vertex 311.13664299994707 -2.7730100005865097 0
      vertex 311.13664299994707 -2.7730100005865097 1.5
      vertex 311.05781999975443 -2.8314699977636337 1.5
    endloop
  endfacet
  facet normal 0.671552642280761 -0.7409568466825369 0
    outer loop
      vertex 311.2093570008874 -2.707107000052929 0
      vertex 311.13664299994707 -2.7730100005865097 1.5
      vertex 311.13664299994707 -2.7730100005865097 0
    endloop
  endfacet
  facet normal 0.671552642280761 -0.7409568466825369 0
    outer loop
      vertex 311.2093570008874 -2.707107000052929 0
      vertex 311.2093570008874 -2.707107000052929 1.5
      vertex 311.13664299994707 -2.7730100005865097 1.5
    endloop
  endfacet
  facet normal 0.7409568466825369 -0.671552642280761 0
    outer loop
      vertex 311.275260001421 -2.634392999112606 0
      vertex 311.2093570008874 -2.707107000052929 1.5
      vertex 311.2093570008874 -2.707107000052929 0
    endloop
  endfacet
  facet normal 0.7409568466825369 -0.671552642280761 0
    outer loop
      vertex 311.275260001421 -2.634392999112606 0
      vertex 311.275260001421 -2.634392999112606 1.5
      vertex 311.2093570008874 -2.707107000052929 1.5
    endloop
  endfacet
  facet normal 0.8032032603172153 -0.5957050634464975 0
    outer loop
      vertex 311.3337199985981 -2.555569998919964 0
      vertex 311.275260001421 -2.634392999112606 1.5
      vertex 311.275260001421 -2.634392999112606 0
    endloop
  endfacet
  facet normal 0.8032032603172153 -0.5957050634464975 0
    outer loop
      vertex 311.3337199985981 -2.555569998919964 0
      vertex 311.3337199985981 -2.555569998919964 1.5
      vertex 311.275260001421 -2.634392999112606 1.5
    endloop
  endfacet
  facet normal 0.8577301936251087 -0.514100102065574 0
    outer loop
      vertex 311.38417100161314 -2.4713969975709915 0
      vertex 311.3337199985981 -2.555569998919964 1.5
      vertex 311.3337199985981 -2.555569998919964 0
    endloop
  endfacet
  facet normal 0.8577301936251087 -0.514100102065574 0
    outer loop
      vertex 311.38417100161314 -2.4713969975709915 0
      vertex 311.38417100161314 -2.4713969975709915 1.5
      vertex 311.3337199985981 -2.555569998919964 1.5
    endloop
  endfacet
  facet normal 0.9039877182330421 -0.42755842324040116 0
    outer loop
      vertex 311.4261299967766 -2.382683001458645 0
      vertex 311.38417100161314 -2.4713969975709915 1.5
      vertex 311.38417100161314 -2.4713969975709915 0
    endloop
  endfacet
  facet normal 0.9039877182330421 -0.42755842324040116 0
    outer loop
      vertex 311.4261299967766 -2.382683001458645 0
      vertex 311.4261299967766 -2.382683001458645 1.5
      vertex 311.38417100161314 -2.4713969975709915 1.5
    endloop
  endfacet
  facet normal 0.9415457692954262 -0.3368850906791277 0
    outer loop
      vertex 311.4591900035739 -2.290284998714924 0
      vertex 311.4261299967766 -2.382683001458645 1.5
      vertex 311.4261299967766 -2.382683001458645 0
    endloop
  endfacet
  facet normal 0.9415457692954262 -0.3368850906791277 0
    outer loop
      vertex 311.4591900035739 -2.290284998714924 0
      vertex 311.4591900035739 -2.290284998714924 1.5
      vertex 311.4261299967766 -2.382683001458645 1.5
    endloop
  endfacet
  facet normal 0.9700315183940874 -0.2429791211648878 0
    outer loop
      vertex 311.4830349981785 -2.195090003311634 0
      vertex 311.4591900035739 -2.290284998714924 1.5
      vertex 311.4591900035739 -2.290284998714924 0
    endloop
  endfacet
  facet normal 0.9700315183940874 -0.2429791211648878 0
    outer loop
      vertex 311.4830349981785 -2.195090003311634 0
      vertex 311.4830349981785 -2.195090003311634 1.5
      vertex 311.4591900035739 -2.290284998714924 1.5
    endloop
  endfacet
  facet normal 0.9891756440195577 -0.14673631206519097 0
    outer loop
      vertex 311.49743500351906 -2.0980169996619225 0
      vertex 311.4830349981785 -2.195090003311634 1.5
      vertex 311.4830349981785 -2.195090003311634 0
    endloop
  endfacet
  facet normal 0.9891756440195577 -0.14673631206519097 0
    outer loop
      vertex 311.49743500351906 -2.0980169996619225 0
      vertex 311.49743500351906 -2.0980169996619225 1.5
      vertex 311.4830349981785 -2.195090003311634 1.5
    endloop
  endfacet
  facet normal 0.998795590590484 -0.04906493877512149 0
    outer loop
      vertex 311.50225000083447 -2 0
      vertex 311.49743500351906 -2.0980169996619225 1.5
      vertex 311.49743500351906 -2.0980169996619225 0
    endloop
  endfacet
  facet normal 0.998795590590484 -0.04906493877512149 0
    outer loop
      vertex 311.50225000083447 -2 0
      vertex 311.50225000083447 -2 1.5
      vertex 311.49743500351906 -2.0980169996619225 1.5
    endloop
  endfacet
  facet normal 1 0 0
    outer loop
      vertex 311.50225000083447 14.35258899629116 0
      vertex 311.50225000083447 -2 1.5
      vertex 311.50225000083447 -2 0
    endloop
  endfacet
  facet normal 1 0 0
    outer loop
      vertex 311.50225000083447 14.35258899629116 0
      vertex 311.50225000083447 14.35258899629116 1.5
      vertex 311.50225000083447 -2 1.5
    endloop
  endfacet
  facet normal 0.9988041817312534 -0.04888973876143494 0
    outer loop
      vertex 311.50340899825096 14.37626700103283 0
      vertex 311.50225000083447 14.35258899629116 1.5
      vertex 311.50225000083447 14.35258899629116 0
    endloop
  endfacet
  facet normal 0.9988041817312534 -0.04888973876143494 0
    outer loop
      vertex 311.50340899825096 14.37626700103283 0
      vertex 311.50340899825096 14.37626700103283 1.5
      vertex 311.50225000083447 14.35258899629116 1.5
    endloop
  endfacet
  facet normal 0.43174190622202896 -0.9019971875852877 0
    outer loop
      vertex 311.52479200065136 14.386501997709274 0
      vertex 311.50340899825096 14.37626700103283 1.5
      vertex 311.50340899825096 14.37626700103283 0
    endloop
  endfacet
  facet normal 0.43174190622202896 -0.9019971875852877 0
    outer loop
      vertex 311.52479200065136 14.386501997709274 0
      vertex 311.52479200065136 14.386501997709274 1.5
      vertex 311.50340899825096 14.37626700103283 1.5
    endloop
  endfacet
  facet normal 0.38711031666326556 -0.9220334065167413 0
    outer loop
      vertex 311.60100600123405 14.418499998748302 0
      vertex 311.52479200065136 14.386501997709274 1.5
      vertex 311.52479200065136 14.386501997709274 0
    endloop
  endfacet
  facet normal 0.38711031666326556 -0.9220334065167413 0
    outer loop
      vertex 311.60100600123405 14.418499998748302 0
      vertex 311.60100600123405 14.418499998748302 1.5
      vertex 311.52479200065136 14.386501997709274 1.5
    endloop
  endfacet
  facet normal 0.3467694485139386 -0.9379503982500029 0
    outer loop
      vertex 311.6416459977627 14.433525003492832 0
      vertex 311.60100600123405 14.418499998748302 1.5
      vertex 311.60100600123405 14.418499998748302 0
    endloop
  endfacet
  facet normal 0.3467694485139386 -0.9379503982500029 0
    outer loop
      vertex 311.6416459977627 14.433525003492832 0
      vertex 311.6416459977627 14.433525003492832 1.5
      vertex 311.60100600123405 14.418499998748302 1.5
    endloop
  endfacet
  facet normal 0.30579358277358765 -0.9520978335940551 0
    outer loop
      vertex 311.95686300098896 14.534766003489494 0
      vertex 311.6416459977627 14.433525003492832 1.5
      vertex 311.6416459977627 14.433525003492832 0
    endloop
  endfacet
  facet normal 0.30579358277358765 -0.9520978335940551 0
    outer loop
      vertex 311.95686300098896 14.534766003489494 0
      vertex 311.95686300098896 14.534766003489494 1.5
      vertex 311.6416459977627 14.433525003492832 1.5
    endloop
  endfacet
  facet normal 0.2811163631469594 -0.959673689527345 0
    outer loop
      vertex 311.9816130027175 14.542015999555588 0
      vertex 311.95686300098896 14.534766003489494 1.5
      vertex 311.95686300098896 14.534766003489494 0
    endloop
  endfacet
  facet normal 0.2811163631469594 -0.959673689527345 0
    outer loop
      vertex 311.9816130027175 14.542015999555588 0
      vertex 311.9816130027175 14.542015999555588 1.5
      vertex 311.95686300098896 14.534766003489494 1.5
    endloop
  endfacet
  facet normal 0.25628725479238085 -0.9666006636822598 0
    outer loop
      vertex 312.3505989983678 14.639849998056889 0
      vertex 311.9816130027175 14.542015999555588 1.5
      vertex 311.9816130027175 14.542015999555588 0
    endloop
  endfacet
  facet normal 0.25628725479238085 -0.9666006636822598 0
    outer loop
      vertex 312.3505989983678 14.639849998056889 0
      vertex 312.3505989983678 14.639849998056889 1.5
      vertex 311.9816130027175 14.542015999555588 1.5
    endloop
  endfacet
  facet normal 0.2420243039574549 -0.970270187264305 0
    outer loop
      vertex 312.36489100009203 14.643414996564388 0
      vertex 312.3505989983678 14.639849998056889 1.5
      vertex 312.3505989983678 14.639849998056889 0
    endloop
  endfacet
  facet normal 0.2420243039574549 -0.970270187264305 0
    outer loop
      vertex 312.36489100009203 14.643414996564388 0
      vertex 312.36489100009203 14.643414996564388 1.5
      vertex 312.3505989983678 14.639849998056889 1.5
    endloop
  endfacet
  facet normal 0.2275953530491046 -0.9737557985811707 0
    outer loop
      vertex 312.77653799951077 14.739629000425339 0
      vertex 312.36489100009203 14.643414996564388 1.5
      vertex 312.36489100009203 14.643414996564388 0
    endloop
  endfacet
  facet normal 0.2275953530491046 -0.9737557985811707 0
    outer loop
      vertex 312.77653799951077 14.739629000425339 0
      vertex 312.77653799951077 14.739629000425339 1.5
      vertex 312.36489100009203 14.643414996564388 1.5
    endloop
  endfacet
  facet normal 0.21465236805212973 -0.9766905143849883 0
    outer loop
      vertex 313.6378180012107 14.92891699820757 0
      vertex 312.77653799951077 14.739629000425339 1.5
      vertex 312.77653799951077 14.739629000425339 0
    endloop
  endfacet
  facet normal 0.21465236805212973 -0.9766905143849883 0
    outer loop
      vertex 313.6378180012107 14.92891699820757 0
      vertex 313.6378180012107 14.92891699820757 1.5
      vertex 312.77653799951077 14.739629000425339 1.5
    endloop
  endfacet
  facet normal 0.2277015981331401 -0.9737309598691077 0
    outer loop
      vertex 314.0324349999428 15.021196000277996 0
      vertex 313.6378180012107 14.92891699820757 1.5
      vertex 313.6378180012107 14.92891699820757 0
    endloop
  endfacet
  facet normal 0.2277015981331401 -0.9737309598691077 0
    outer loop
      vertex 314.0324349999428 15.021196000277996 0
      vertex 314.0324349999428 15.021196000277996 1.5
      vertex 313.6378180012107 14.92891699820757 1.5
    endloop
  endfacet
  facet normal 0.2420004315640712 -0.9702761416848316 0
    outer loop
      vertex 314.06102199852467 15.028325997292995 0
      vertex 314.0324349999428 15.021196000277996 1.5
      vertex 314.0324349999428 15.021196000277996 0
    endloop
  endfacet
  facet normal 0.2420004315640712 -0.9702761416848316 0
    outer loop
      vertex 314.06102199852467 15.028325997292995 0
      vertex 314.06102199852467 15.028325997292995 1.5
      vertex 314.0324349999428 15.021196000277996 1.5
    endloop
  endfacet
  facet normal 0.25628710672584826 -0.9666007029410303 0
    outer loop
      vertex 314.41041500121355 15.120964996516705 0
      vertex 314.06102199852467 15.028325997292995 1.5
      vertex 314.06102199852467 15.028325997292995 0
    endloop
  endfacet
  facet normal 0.25628710672584826 -0.9666007029410303 0
    outer loop
      vertex 314.41041500121355 15.120964996516705 0
      vertex 314.41041500121355 15.120964996516705 1.5
      vertex 314.06102199852467 15.028325997292995 1.5
    endloop
  endfacet
  facet normal 0.28113351365769007 -0.9596686654770392 0
    outer loop
      vertex 314.4599220007658 15.135467998683453 0
      vertex 314.41041500121355 15.120964996516705 1.5
      vertex 314.41041500121355 15.120964996516705 0
    endloop
  endfacet
  facet normal 0.28113351365769007 -0.9596686654770392 0
    outer loop
      vertex 314.4599220007658 15.135467998683453 0
      vertex 314.4599220007658 15.135467998683453 1.5
      vertex 314.41041500121355 15.120964996516705 1.5
    endloop
  endfacet
  facet normal 0.3057940836671932 -0.9520976727175325 0
    outer loop
      vertex 314.7421879991889 15.226126000285149 0
      vertex 314.4599220007658 15.135467998683453 1.5
      vertex 314.4599220007658 15.135467998683453 0
    endloop
  endfacet
  facet normal 0.3057940836671932 -0.9520976727175325 0
    outer loop
      vertex 314.7421879991889 15.226126000285149 0
      vertex 314.7421879991889 15.226126000285149 1.5
      vertex 314.4599220007658 15.135467998683453 1.5
    endloop
  endfacet
  facet normal 0.3467714639360254 -0.9379496531262571 0
    outer loop
      vertex 314.82350800186396 15.256191000342369 0
      vertex 314.7421879991889 15.226126000285149 1.5
      vertex 314.7421879991889 15.226126000285149 0
    endloop
  endfacet
  facet normal 0.3467714639360254 -0.9379496531262571 0
    outer loop
      vertex 314.82350800186396 15.256191000342369 0
      vertex 314.82350800186396 15.256191000342369 1.5
      vertex 314.7421879991889 15.226126000285149 1.5
    endloop
  endfacet
  facet normal 0.38711229688647086 -0.9220325751291442 0
    outer loop
      vertex 314.88936299830675 15.283840000629425 0
      vertex 314.82350800186396 15.256191000342369 1.5
      vertex 314.82350800186396 15.256191000342369 0
    endloop
  endfacet
  facet normal 0.38711229688647086 -0.9220325751291442 0
    outer loop
      vertex 314.88936299830675 15.283840000629425 0
      vertex 314.88936299830675 15.283840000629425 1.5
      vertex 314.82350800186396 15.256191000342369 1.5
    endloop
  endfacet
  facet normal 0.4317136179692895 -0.9020107272421244 0
    outer loop
      vertex 314.97752200067043 15.326034002006054 0
      vertex 314.88936299830675 15.283840000629425 1.5
      vertex 314.88936299830675 15.283840000629425 0
    endloop
  endfacet
  facet normal 0.4317136179692895 -0.9020107272421244 0
    outer loop
      vertex 314.97752200067043 15.326034002006054 0
      vertex 314.97752200067043 15.326034002006054 1.5
      vertex 314.88936299830675 15.283840000629425 1.5
    endloop
  endfacet
  facet normal 0.5177015561564042 -0.8555612770300193 0
    outer loop
      vertex 315.06114099919796 15.376631997525692 0
      vertex 314.97752200067043 15.326034002006054 1.5
      vertex 314.97752200067043 15.326034002006054 0
    endloop
  endfacet
  facet normal 0.5177015561564042 -0.8555612770300193 0
    outer loop
      vertex 315.06114099919796 15.376631997525692 0
      vertex 315.06114099919796 15.376631997525692 1.5
      vertex 314.97752200067043 15.326034002006054 1.5
    endloop
  endfacet
  facet normal 0.598748573055676 -0.8009370426343082 0
    outer loop
      vertex 315.1394210010767 15.435151003301144 0
      vertex 315.06114099919796 15.376631997525692 1.5
      vertex 315.06114099919796 15.376631997525692 0
    endloop
  endfacet
  facet normal 0.598748573055676 -0.8009370426343082 0
    outer loop
      vertex 315.1394210010767 15.435151003301144 0
      vertex 315.1394210010767 15.435151003301144 1.5
      vertex 315.06114099919796 15.376631997525692 1.5
    endloop
  endfacet
  facet normal 0.6740725673081257 -0.7386651298136608 0
    outer loop
      vertex 315.2116150036454 15.501032002270222 0
      vertex 315.1394210010767 15.435151003301144 1.5
      vertex 315.1394210010767 15.435151003301144 0
    endloop
  endfacet
  facet normal 0.6740725673081257 -0.7386651298136608 0
    outer loop
      vertex 315.2116150036454 15.501032002270222 0
      vertex 315.2116150036454 15.501032002270222 1.5
      vertex 315.1394210010767 15.435151003301144 1.5
    endloop
  endfacet
  facet normal 0.7429613367741874 -0.6693343350364692 0
    outer loop
      vertex 315.27703300118446 15.573646001517773 0
      vertex 315.2116150036454 15.501032002270222 1.5
      vertex 315.2116150036454 15.501032002270222 0
    endloop
  endfacet
  facet normal 0.7429613367741874 -0.6693343350364692 0
    outer loop
      vertex 315.27703300118446 15.573646001517773 0
      vertex 315.27703300118446 15.573646001517773 1.5
      vertex 315.2116150036454 15.501032002270222 1.5
    endloop
  endfacet
  facet normal 0.8047520128885064 -0.593611150292763 0
    outer loop
      vertex 315.33505000174046 15.652299001812935 0
      vertex 315.27703300118446 15.573646001517773 1.5
      vertex 315.27703300118446 15.573646001517773 0
    endloop
  endfacet
  facet normal 0.8047520128885064 -0.593611150292763 0
    outer loop
      vertex 315.33505000174046 15.652299001812935 0
      vertex 315.33505000174046 15.652299001812935 1.5
      vertex 315.27703300118446 15.573646001517773 1.5
    endloop
  endfacet
  facet normal 0.8588585009820767 -0.5122129198788531 0
    outer loop
      vertex 315.38511200249195 15.7362409979105 0
      vertex 315.33505000174046 15.652299001812935 1.5
      vertex 315.33505000174046 15.652299001812935 0
    endloop
  endfacet
  facet normal 0.8588585009820767 -0.5122129198788531 0
    outer loop
      vertex 315.38511200249195 15.7362409979105 0
      vertex 315.38511200249195 15.7362409979105 1.5
      vertex 315.33505000174046 15.652299001812935 1.5
    endloop
  endfacet
  facet normal 0.9047544844685369 -0.42593347231002165 0
    outer loop
      vertex 315.4267409965396 15.824667997658253 0
      vertex 315.38511200249195 15.7362409979105 1.5
      vertex 315.38511200249195 15.7362409979105 0
    endloop
  endfacet
  facet normal 0.9047544844685369 -0.42593347231002165 0
    outer loop
      vertex 315.4267409965396 15.824667997658253 0
      vertex 315.4267409965396 15.824667997658253 1.5
      vertex 315.38511200249195 15.7362409979105 1.5
    endloop
  endfacet
  facet normal 0.9420152154699998 -0.33557016229547243 0
    outer loop
      vertex 315.45953799784184 15.916735999286175 0
      vertex 315.4267409965396 15.824667997658253 1.5
      vertex 315.4267409965396 15.824667997658253 0
    endloop
  endfacet
  facet normal 0.9420152154699998 -0.33557016229547243 0
    outer loop
      vertex 315.45953799784184 15.916735999286175 0
      vertex 315.45953799784184 15.916735999286175 1.5
      vertex 315.4267409965396 15.824667997658253 1.5
    endloop
  endfacet
  facet normal 0.9702741610920306 -0.24200837241127943 0
    outer loop
      vertex 315.483190998435 16.011566996574402 0
      vertex 315.45953799784184 15.916735999286175 1.5
      vertex 315.45953799784184 15.916735999286175 0
    endloop
  endfacet
  facet normal 0.9702741610920306 -0.24200837241127943 0
    outer loop
      vertex 315.483190998435 16.011566996574402 0
      vertex 315.483190998435 16.011566996574402 1.5
      vertex 315.45953799784184 15.916735999286175 1.5
    endloop
  endfacet
  facet normal 0.9892641888234026 -0.14613816993371445 0
    outer loop
      vertex 315.4974739998579 16.108254000544548 0
      vertex 315.483190998435 16.011566996574402 1.5
      vertex 315.483190998435 16.011566996574402 0
    endloop
  endfacet
  facet normal 0.9892641888234026 -0.14613816993371445 0
    outer loop
      vertex 315.4974739998579 16.108254000544548 0
      vertex 315.4974739998579 16.108254000544548 1.5
      vertex 315.483190998435 16.011566996574402 1.5
    endloop
  endfacet
  facet normal 0.9988053207288798 -0.04886646379347816 0
    outer loop
      vertex 315.50225000083447 16.205872997641563 0
      vertex 315.4974739998579 16.108254000544548 1.5
      vertex 315.4974739998579 16.108254000544548 0
    endloop
  endfacet
  facet normal 0.9988053207288798 -0.04886646379347816 0
    outer loop
      vertex 315.50225000083447 16.205872997641563 0
      vertex 315.50225000083447 16.205872997641563 1.5
      vertex 315.4974739998579 16.108254000544548 1.5
    endloop
  endfacet
  facet normal 1 0 0
    outer loop
      vertex 315.50225000083447 35.46041599661112 0
      vertex 315.50225000083447 16.205872997641563 1.5
      vertex 315.50225000083447 16.205872997641563 0
    endloop
  endfacet
  facet normal 1 0 0
    outer loop
      vertex 315.50225000083447 35.46041599661112 0
      vertex 315.50225000083447 35.46041599661112 1.5
      vertex 315.50225000083447 16.205872997641563 1.5
    endloop
  endfacet
  facet normal 0.9988053209109164 0.048866460072746504 0
    outer loop
      vertex 315.4974739998579 35.558035001158714 0
      vertex 315.50225000083447 35.46041599661112 1.5
      vertex 315.50225000083447 35.46041599661112 0
    endloop
  endfacet
  facet normal 0.9988053209109164 0.048866460072746504 0
    outer loop
      vertex 315.4974739998579 35.558035001158714 0
      vertex 315.4974739998579 35.558035001158714 1.5
      vertex 315.50225000083447 35.46041599661112 1.5
    endloop
  endfacet
  facet normal 0.9892639690363872 0.1461396577468758 0
    outer loop
      vertex 315.483190998435 35.65472099930048 0
      vertex 315.4974739998579 35.558035001158714 1.5
      vertex 315.4974739998579 35.558035001158714 0
    endloop
  endfacet
  facet normal 0.9892639690363872 0.1461396577468758 0
    outer loop
      vertex 315.483190998435 35.65472099930048 0
      vertex 315.483190998435 35.65472099930048 1.5
      vertex 315.4974739998579 35.558035001158714 1.5
    endloop
  endfacet
  facet normal 0.9702741610920306 0.24200837241127943 0
    outer loop
      vertex 315.45953799784184 35.74955199658871 0
      vertex 315.483190998435 35.65472099930048 1.5
      vertex 315.483190998435 35.65472099930048 0
    endloop
  endfacet
  facet normal 0.9702741610920306 0.24200837241127943 0
    outer loop
      vertex 315.45953799784184 35.74955199658871 0
      vertex 315.45953799784184 35.74955199658871 1.5
      vertex 315.483190998435 35.65472099930048 1.5
    endloop
  endfacet
  facet normal 0.9420163657525287 0.3355669331957455 0
    outer loop
      vertex 315.4267409965396 35.84162099659443 0
      vertex 315.45953799784184 35.74955199658871 1.5
      vertex 315.45953799784184 35.74955199658871 0
    endloop
  endfacet
  facet normal 0.9420163657525287 0.3355669331957455 0
    outer loop
      vertex 315.4267409965396 35.84162099659443 0
      vertex 315.4267409965396 35.84162099659443 1.5
      vertex 315.45953799784184 35.74955199658871 1.5
    endloop
  endfacet
  facet normal 0.9047544844685369 0.42593347231002165 0
    outer loop
      vertex 315.38511200249195 35.93004799634218 0
      vertex 315.4267409965396 35.84162099659443 1.5
      vertex 315.4267409965396 35.84162099659443 0
    endloop
  endfacet
  facet normal 0.9047544844685369 0.42593347231002165 0
    outer loop
      vertex 315.38511200249195 35.93004799634218 0
      vertex 315.38511200249195 35.93004799634218 1.5
      vertex 315.4267409965396 35.84162099659443 1.5
    endloop
  endfacet
  facet normal 0.8588558409258624 0.5122173801302817 0
    outer loop
      vertex 315.33505000174046 36.01398900151253 0
      vertex 315.38511200249195 35.93004799634218 1.5
      vertex 315.38511200249195 35.93004799634218 0
    endloop
  endfacet
  facet normal 0.8588558409258624 0.5122173801302817 0
    outer loop
      vertex 315.33505000174046 36.01398900151253 0
      vertex 315.33505000174046 36.01398900151253 1.5
      vertex 315.38511200249195 35.93004799634218 1.5
    endloop
  endfacet
  facet normal 0.8047520128885064 0.593611150292763 0
    outer loop
      vertex 315.27703300118446 36.09264200180769 0
      vertex 315.33505000174046 36.01398900151253 1.5
      vertex 315.33505000174046 36.01398900151253 0
    endloop
  endfacet
  facet normal 0.8047520128885064 0.593611150292763 0
    outer loop
      vertex 315.27703300118446 36.09264200180769 0
      vertex 315.27703300118446 36.09264200180769 1.5
      vertex 315.33505000174046 36.01398900151253 1.5
    endloop
  endfacet
  facet normal 0.7429613367741874 0.6693343350364692 0
    outer loop
      vertex 315.2116150036454 36.16525600105524 0
      vertex 315.27703300118446 36.09264200180769 1.5
      vertex 315.27703300118446 36.09264200180769 0
    endloop
  endfacet
  facet normal 0.7429613367741874 0.6693343350364692 0
    outer loop
      vertex 315.2116150036454 36.16525600105524 0
      vertex 315.2116150036454 36.16525600105524 1.5
      vertex 315.27703300118446 36.09264200180769 1.5
    endloop
  endfacet
  facet normal 0.674078140860705 0.7386600436017745 0
    outer loop
      vertex 315.1394210010767 36.23113799840212 0
      vertex 315.2116150036454 36.16525600105524 1.5
      vertex 315.2116150036454 36.16525600105524 0
    endloop
  endfacet
  facet normal 0.674078140860705 0.7386600436017745 0
    outer loop
      vertex 315.1394210010767 36.23113799840212 0
      vertex 315.1394210010767 36.23113799840212 1.5
      vertex 315.2116150036454 36.16525600105524 1.5
    endloop
  endfacet
  facet normal 0.5987485241527936 0.8009370791921496 0
    outer loop
      vertex 315.06114099919796 36.28965699672699 0
      vertex 315.1394210010767 36.23113799840212 1.5
      vertex 315.1394210010767 36.23113799840212 0
    endloop
  endfacet
  facet normal 0.5987485241527936 0.8009370791921496 0
    outer loop
      vertex 315.06114099919796 36.28965699672699 0
      vertex 315.06114099919796 36.28965699672699 1.5
      vertex 315.1394210010767 36.23113799840212 1.5
    endloop
  endfacet
  facet normal 0.5177016119569556 0.85556124326501 0
    outer loop
      vertex 314.97752200067043 36.34025499969721 0
      vertex 315.06114099919796 36.28965699672699 1.5
      vertex 315.06114099919796 36.28965699672699 0
    endloop
  endfacet
  facet normal 0.5177016119569556 0.85556124326501 0
    outer loop
      vertex 314.97752200067043 36.34025499969721 0
      vertex 314.97752200067043 36.34025499969721 1.5
      vertex 315.06114099919796 36.28965699672699 1.5
    endloop
  endfacet
  facet normal 0.4317053067215331 0.9020147050622107 0
    outer loop
      vertex 314.88936299830675 36.38244800269604 0
      vertex 314.97752200067043 36.34025499969721 1.5
      vertex 314.97752200067043 36.34025499969721 0
    endloop
  endfacet
  facet normal 0.4317053067215331 0.9020147050622107 0
    outer loop
      vertex 314.88936299830675 36.38244800269604 0
      vertex 314.88936299830675 36.38244800269604 1.5
      vertex 314.97752200067043 36.34025499969721 1.5
    endloop
  endfacet
  facet normal 0.38711229688647086 0.9220325751291442 0
    outer loop
      vertex 314.82350800186396 36.41009700298309 0
      vertex 314.88936299830675 36.38244800269604 1.5
      vertex 314.88936299830675 36.38244800269604 0
    endloop
  endfacet
  facet normal 0.38711229688647086 0.9220325751291442 0
    outer loop
      vertex 314.82350800186396 36.41009700298309 0
      vertex 314.82350800186396 36.41009700298309 1.5
      vertex 314.88936299830675 36.38244800269604 1.5
    endloop
  endfacet
  facet normal 0.3467815944973813 0.9379459076715745 0
    outer loop
      vertex 314.7421879991889 36.440163001418114 0
      vertex 314.82350800186396 36.41009700298309 1.5
      vertex 314.82350800186396 36.41009700298309 0
    endloop
  endfacet
  facet normal 0.3467815944973813 0.9379459076715745 0
    outer loop
      vertex 314.7421879991889 36.440163001418114 0
      vertex 314.7421879991889 36.440163001418114 1.5
      vertex 314.82350800186396 36.41009700298309 1.5
    endloop
  endfacet
  facet normal 0.3057910082041991 0.952098660487168 0
    outer loop
      vertex 314.4599220007658 36.53081999719143 0
      vertex 314.7421879991889 36.440163001418114 1.5
      vertex 314.7421879991889 36.440163001418114 0
    endloop
  endfacet
  facet normal 0.3057910082041991 0.952098660487168 0
    outer loop
      vertex 314.4599220007658 36.53081999719143 0
      vertex 314.4599220007658 36.53081999719143 1.5
      vertex 314.7421879991889 36.440163001418114 1.5
    endloop
  endfacet
  facet normal 0.28113351365769007 0.9596686654770392 0
    outer loop
      vertex 314.41041500121355 36.54532299935818 0
      vertex 314.4599220007658 36.53081999719143 1.5
      vertex 314.4599220007658 36.53081999719143 0
    endloop
  endfacet
  facet normal 0.28113351365769007 0.9596686654770392 0
    outer loop
      vertex 314.41041500121355 36.54532299935818 0
      vertex 314.41041500121355 36.54532299935818 1.5
      vertex 314.4599220007658 36.53081999719143 1.5
    endloop
  endfacet
  facet normal 0.25628710672584826 0.9666007029410303 0
    outer loop
      vertex 314.06102199852467 36.637961998581886 0
      vertex 314.41041500121355 36.54532299935818 1.5
      vertex 314.41041500121355 36.54532299935818 0
    endloop
  endfacet
  facet normal 0.25628710672584826 0.9666007029410303 0
    outer loop
      vertex 314.06102199852467 36.637961998581886 0
      vertex 314.06102199852467 36.637961998581886 1.5
      vertex 314.41041500121355 36.54532299935818 1.5
    endloop
  endfacet
  facet normal 0.24203257083353782 0.9702681251364019 0
    outer loop
      vertex 314.0324349999428 36.645093001425266 0
      vertex 314.06102199852467 36.637961998581886 1.5
      vertex 314.06102199852467 36.637961998581886 0
    endloop
  endfacet
  facet normal 0.24203257083353782 0.9702681251364019 0
    outer loop
      vertex 314.0324349999428 36.645093001425266 0
      vertex 314.0324349999428 36.645093001425266 1.5
      vertex 314.06102199852467 36.637961998581886 1.5
    endloop
  endfacet
  facet normal 0.2276992448975907 0.9737315101572235 0
    outer loop
      vertex 313.6378180012107 36.73737099766731 0
      vertex 314.0324349999428 36.645093001425266 1.5
      vertex 314.0324349999428 36.645093001425266 0
    endloop
  endfacet
  facet normal 0.2276992448975907 0.9737315101572235 0
    outer loop
      vertex 313.6378180012107 36.73737099766731 0
      vertex 313.6378180012107 36.73737099766731 1.5
      vertex 314.0324349999428 36.645093001425266 1.5
    endloop
  endfacet
  facet normal 0.21465237611178864 0.9766905126136749 0
    outer loop
      vertex 312.77653799951077 36.926659002900124 0
      vertex 313.6378180012107 36.73737099766731 1.5
      vertex 313.6378180012107 36.73737099766731 0
    endloop
  endfacet
  facet normal 0.21465237611178864 0.9766905126136749 0
    outer loop
      vertex 312.77653799951077 36.926659002900124 0
      vertex 312.77653799951077 36.926659002900124 1.5
      vertex 313.6378180012107 36.73737099766731 1.5
    endloop
  endfacet
  facet normal 0.22759533633760837 0.9737558024871384 0
    outer loop
      vertex 312.36489100009203 37.02287299931049 0
      vertex 312.77653799951077 36.926659002900124 1.5
      vertex 312.77653799951077 36.926659002900124 0
    endloop
  endfacet
  facet normal 0.22759533633760837 0.9737558024871384 0
    outer loop
      vertex 312.36489100009203 37.02287299931049 0
      vertex 312.36489100009203 37.02287299931049 1.5
      vertex 312.77653799951077 36.926659002900124 1.5
    endloop
  endfacet
  facet normal 0.2420243039574549 0.970270187264305 0
    outer loop
      vertex 312.3505989983678 37.02643799781799 0
      vertex 312.36489100009203 37.02287299931049 1.5
      vertex 312.36489100009203 37.02287299931049 0
    endloop
  endfacet
  facet normal 0.2420243039574549 0.970270187264305 0
    outer loop
      vertex 312.3505989983678 37.02643799781799 0
      vertex 312.3505989983678 37.02643799781799 1.5
      vertex 312.36489100009203 37.02287299931049 1.5
    endloop
  endfacet
  facet normal 0.25628725479238085 0.9666006636822598 0
    outer loop
      vertex 311.9816130027175 37.124271996319294 0
      vertex 312.3505989983678 37.02643799781799 1.5
      vertex 312.3505989983678 37.02643799781799 0
    endloop
  endfacet
  facet normal 0.25628725479238085 0.9666006636822598 0
    outer loop
      vertex 311.9816130027175 37.124271996319294 0
      vertex 311.9816130027175 37.124271996319294 1.5
      vertex 312.3505989983678 37.02643799781799 1.5
    endloop
  endfacet
  facet normal 0.2811166292106405 0.9596736115895066 0
    outer loop
      vertex 311.95686300098896 37.13152199983597 0
      vertex 311.9816130027175 37.124271996319294 1.5
      vertex 311.9816130027175 37.124271996319294 0
    endloop
  endfacet
  facet normal 0.2811166292106405 0.9596736115895066 0
    outer loop
      vertex 311.95686300098896 37.13152199983597 0
      vertex 311.95686300098896 37.13152199983597 1.5
      vertex 311.9816130027175 37.124271996319294 1.5
    endloop
  endfacet
  facet normal 0.30579358277358765 0.9520978335940551 0
    outer loop
      vertex 311.6416459977627 37.23276299983263 0
      vertex 311.95686300098896 37.13152199983597 1.5
      vertex 311.95686300098896 37.13152199983597 0
    endloop
  endfacet
  facet normal 0.30579358277358765 0.9520978335940551 0
    outer loop
      vertex 311.6416459977627 37.23276299983263 0
      vertex 311.6416459977627 37.23276299983263 1.5
      vertex 311.95686300098896 37.13152199983597 1.5
    endloop
  endfacet
  facet normal 0.34678971953684434 0.9379429036053084 0
    outer loop
      vertex 311.60100600123405 37.24778900295496 0
      vertex 311.6416459977627 37.23276299983263 1.5
      vertex 311.6416459977627 37.23276299983263 0
    endloop
  endfacet
  facet normal 0.34678971953684434 0.9379429036053084 0
    outer loop
      vertex 311.60100600123405 37.24778900295496 0
      vertex 311.60100600123405 37.24778900295496 1.5
      vertex 311.6416459977627 37.23276299983263 1.5
    endloop
  endfacet
  facet normal 0.3871102400338788 0.922033438689136 0
    outer loop
      vertex 311.52479200065136 37.27978699654341 0
      vertex 311.60100600123405 37.24778900295496 1.5
      vertex 311.60100600123405 37.24778900295496 0
    endloop
  endfacet
  facet normal 0.3871102400338788 0.922033438689136 0
    outer loop
      vertex 311.52479200065136 37.27978699654341 0
      vertex 311.52479200065136 37.27978699654341 1.5
      vertex 311.60100600123405 37.24778900295496 1.5
    endloop
  endfacet
  facet normal 0.43170789671162735 0.9020134654853124 0
    outer loop
      vertex 311.50340899825096 37.29002100229263 0
      vertex 311.52479200065136 37.27978699654341 1.5
      vertex 311.52479200065136 37.27978699654341 0
    endloop
  endfacet
  facet normal 0.43170789671162735 0.9020134654853124 0
    outer loop
      vertex 311.50340899825096 37.29002100229263 0
      vertex 311.50340899825096 37.29002100229263 1.5
      vertex 311.52479200065136 37.27978699654341 1.5
    endloop
  endfacet
  facet normal 0.9988042816357976 0.048887697695823254 0
    outer loop
      vertex 311.50225000083447 37.31369999796152 0
      vertex 311.50340899825096 37.29002100229263 1.5
      vertex 311.50340899825096 37.29002100229263 0
    endloop
  endfacet
  facet normal 0.9988042816357976 0.048887697695823254 0
    outer loop
      vertex 311.50225000083447 37.31369999796152 0
      vertex 311.50225000083447 37.31369999796152 1.5
      vertex 311.50340899825096 37.29002100229263 1.5
    endloop
  endfacet
  facet normal 1 0 0
    outer loop
      vertex 311.50225000083447 56.08629900217056 0
      vertex 311.50225000083447 37.31369999796152 1.5
      vertex 311.50225000083447 37.31369999796152 0
    endloop
  endfacet
  facet normal 1 0 0
    outer loop
      vertex 311.50225000083447 56.08629900217056 0
      vertex 311.50225000083447 56.08629900217056 1.5
      vertex 311.50225000083447 37.31369999796152 1.5
    endloop
  endfacet
  facet normal 0.998804180980044 -0.04888975410843767 0
    outer loop
      vertex 311.50340899825096 56.10997699946165 0
      vertex 311.50225000083447 56.08629900217056 1.5
      vertex 311.50225000083447 56.08629900217056 0
    endloop
  endfacet
  facet normal 0.998804180980044 -0.04888975410843767 0
    outer loop
      vertex 311.50340899825096 56.10997699946165 0
      vertex 311.50340899825096 56.10997699946165 1.5
      vertex 311.50225000083447 56.08629900217056 1.5
    endloop
  endfacet
  facet normal 0.4317421619256595 -0.9019970651924305 0
    outer loop
      vertex 311.52479200065136 56.12021200358868 0
      vertex 311.50340899825096 56.10997699946165 1.5
      vertex 311.50340899825096 56.10997699946165 0
    endloop
  endfacet
  facet normal 0.4317421619256595 -0.9019970651924305 0
    outer loop
      vertex 311.52479200065136 56.12021200358868 0
      vertex 311.52479200065136 56.12021200358868 1.5
      vertex 311.50340899825096 56.10997699946165 1.5
    endloop
  endfacet
  facet normal 0.3870999716234984 -0.9220377497527348 0
    outer loop
      vertex 311.60100600123405 56.152208998799324 0
      vertex 311.52479200065136 56.12021200358868 1.5
      vertex 311.52479200065136 56.12021200358868 0
    endloop
  endfacet
  facet normal 0.3870999716234984 -0.9220377497527348 0
    outer loop
      vertex 311.60100600123405 56.152208998799324 0
      vertex 311.60100600123405 56.152208998799324 1.5
      vertex 311.52479200065136 56.12021200358868 1.5
    endloop
  endfacet
  facet normal 0.34678971953684434 -0.9379429036053084 0
    outer loop
      vertex 311.6416459977627 56.167235001921654 0
      vertex 311.60100600123405 56.152208998799324 1.5
      vertex 311.60100600123405 56.152208998799324 0
    endloop
  endfacet
  facet normal 0.34678971953684434 -0.9379429036053084 0
    outer loop
      vertex 311.6416459977627 56.167235001921654 0
      vertex 311.6416459977627 56.167235001921654 1.5
      vertex 311.60100600123405 56.152208998799324 1.5
    endloop
  endfacet
  facet normal 0.30579358277358765 -0.9520978335940551 0
    outer loop
      vertex 311.95686300098896 56.268476001918316 0
      vertex 311.6416459977627 56.167235001921654 1.5
      vertex 311.6416459977627 56.167235001921654 0
    endloop
  endfacet
  facet normal 0.30579358277358765 -0.9520978335940551 0
    outer loop
      vertex 311.95686300098896 56.268476001918316 0
      vertex 311.95686300098896 56.268476001918316 1.5
      vertex 311.6416459977627 56.167235001921654 1.5
    endloop
  endfacet
  facet normal 0.2811163631469594 -0.959673689527345 0
    outer loop
      vertex 311.9816130027175 56.27572599798441 0
      vertex 311.95686300098896 56.268476001918316 1.5
      vertex 311.95686300098896 56.268476001918316 0
    endloop
  endfacet
  facet normal 0.2811163631469594 -0.959673689527345 0
    outer loop
      vertex 311.9816130027175 56.27572599798441 0
      vertex 311.9816130027175 56.27572599798441 1.5
      vertex 311.95686300098896 56.268476001918316 1.5
    endloop
  endfacet
  facet normal 0.25628725479238085 -0.9666006636822598 0
    outer loop
      vertex 312.3505989983678 56.37355999648571 0
      vertex 311.9816130027175 56.27572599798441 1.5
      vertex 311.9816130027175 56.27572599798441 0
    endloop
  endfacet
  facet normal 0.25628725479238085 -0.9666006636822598 0
    outer loop
      vertex 312.3505989983678 56.37355999648571 0
      vertex 312.3505989983678 56.37355999648571 1.5
      vertex 311.9816130027175 56.27572599798441 1.5
    endloop
  endfacet
  facet normal 0.24202478014171874 -0.9702700684847249 0
    outer loop
      vertex 312.36489100009203 56.37712500244379 0
      vertex 312.3505989983678 56.37355999648571 1.5
      vertex 312.3505989983678 56.37355999648571 0
    endloop
  endfacet
  facet normal 0.24202478014171874 -0.9702700684847249 0
    outer loop
      vertex 312.36489100009203 56.37712500244379 0
      vertex 312.36489100009203 56.37712500244379 1.5
      vertex 312.3505989983678 56.37355999648571 1.5
    endloop
  endfacet
  facet normal 0.22759533633760837 -0.9737558024871384 0
    outer loop
      vertex 312.77653799951077 56.47333899885416 0
      vertex 312.36489100009203 56.37712500244379 1.5
      vertex 312.36489100009203 56.37712500244379 0
    endloop
  endfacet
  facet normal 0.22759533633760837 -0.9737558024871384 0
    outer loop
      vertex 312.77653799951077 56.47333899885416 0
      vertex 312.77653799951077 56.47333899885416 1.5
      vertex 312.36489100009203 56.37712500244379 1.5
    endloop
  endfacet
  facet normal 0.21465236805212973 -0.9766905143849883 0
    outer loop
      vertex 313.6378180012107 56.66262699663639 0
      vertex 312.77653799951077 56.47333899885416 1.5
      vertex 312.77653799951077 56.47333899885416 0
    endloop
  endfacet
  facet normal 0.21465236805212973 -0.9766905143849883 0
    outer loop
      vertex 313.6378180012107 56.66262699663639 0
      vertex 313.6378180012107 56.66262699663639 1.5
      vertex 312.77653799951077 56.47333899885416 1.5
    endloop
  endfacet
  facet normal 0.2277015981331401 -0.9737309598691077 0
    outer loop
      vertex 314.0324349999428 56.75490599870682 0
      vertex 313.6378180012107 56.66262699663639 1.5
      vertex 313.6378180012107 56.66262699663639 0
    endloop
  endfacet
  facet normal 0.2277015981331401 -0.9737309598691077 0
    outer loop
      vertex 314.0324349999428 56.75490599870682 0
      vertex 314.0324349999428 56.75490599870682 1.5
      vertex 313.6378180012107 56.66262699663639 1.5
    endloop
  endfacet
  facet normal 0.24200066963566247 -0.970276082306418 0
    outer loop
      vertex 314.06102199852467 56.7620360031724 0
      vertex 314.0324349999428 56.75490599870682 1.5
      vertex 314.0324349999428 56.75490599870682 0
    endloop
  endfacet
  facet normal 0.24200066963566247 -0.970276082306418 0
    outer loop
      vertex 314.06102199852467 56.7620360031724 0
      vertex 314.06102199852467 56.7620360031724 1.5
      vertex 314.0324349999428 56.75490599870682 1.5
    endloop
  endfacet
  facet normal 0.25628710672584826 -0.9666007029410303 0
    outer loop
      vertex 314.41041500121355 56.85467500239611 0
      vertex 314.06102199852467 56.7620360031724 1.5
      vertex 314.06102199852467 56.7620360031724 0
    endloop
  endfacet
  facet normal 0.25628710672584826 -0.9666007029410303 0
    outer loop
      vertex 314.41041500121355 56.85467500239611 0
      vertex 314.41041500121355 56.85467500239611 1.5
      vertex 314.06102199852467 56.7620360031724 1.5
    endloop
  endfacet
  facet normal 0.2811333806467136 -0.9596687044423976 0
    outer loop
      vertex 314.4599220007658 56.869177997112274 0
      vertex 314.41041500121355 56.85467500239611 1.5
      vertex 314.41041500121355 56.85467500239611 0
    endloop
  endfacet
  facet normal 0.2811333806467136 -0.9596687044423976 0
    outer loop
      vertex 314.4599220007658 56.869177997112274 0
      vertex 314.4599220007658 56.869177997112274 1.5
      vertex 314.41041500121355 56.85467500239611 1.5
    endloop
  endfacet
  facet normal 0.30579103098544164 -0.9520986531703849 0
    outer loop
      vertex 314.7421879991889 56.95983500033617 0
      vertex 314.4599220007658 56.869177997112274 1.5
      vertex 314.4599220007658 56.869177997112274 0
    endloop
  endfacet
  facet normal 0.30579103098544164 -0.9520986531703849 0
    outer loop
      vertex 314.7421879991889 56.95983500033617 0
      vertex 314.7421879991889 56.95983500033617 1.5
      vertex 314.4599220007658 56.869177997112274 1.5
    endloop
  endfacet
  facet normal 0.3467815944973813 -0.9379459076715745 0
    outer loop
      vertex 314.82350800186396 56.98990099877119 0
      vertex 314.7421879991889 56.95983500033617 1.5
      vertex 314.7421879991889 56.95983500033617 0
    endloop
  endfacet
  facet normal 0.3467815944973813 -0.9379459076715745 0
    outer loop
      vertex 314.82350800186396 56.98990099877119 0
      vertex 314.82350800186396 56.98990099877119 1.5
      vertex 314.7421879991889 56.95983500033617 1.5
    endloop
  endfacet
  facet normal 0.38711229688647086 -0.9220325751291442 0
    outer loop
      vertex 314.88936299830675 57.01754999905825 0
      vertex 314.82350800186396 56.98990099877119 1.5
      vertex 314.82350800186396 56.98990099877119 0
    endloop
  endfacet
  facet normal 0.38711229688647086 -0.9220325751291442 0
    outer loop
      vertex 314.88936299830675 57.01754999905825 0
      vertex 314.88936299830675 57.01754999905825 1.5
      vertex 314.82350800186396 56.98990099877119 1.5
    endloop
  endfacet
  facet normal 0.4317136179692895 -0.9020107272421244 0
    outer loop
      vertex 314.97752200067043 57.059744000434875 0
      vertex 314.88936299830675 57.01754999905825 1.5
      vertex 314.88936299830675 57.01754999905825 0
    endloop
  endfacet
  facet normal 0.4317136179692895 -0.9020107272421244 0
    outer loop
      vertex 314.97752200067043 57.059744000434875 0
      vertex 314.97752200067043 57.059744000434875 1.5
      vertex 314.88936299830675 57.01754999905825 1.5
    endloop
  endfacet
  facet normal 0.5177016119569556 -0.85556124326501 0
    outer loop
      vertex 315.06114099919796 57.110342003405094 0
      vertex 314.97752200067043 57.059744000434875 1.5
      vertex 314.97752200067043 57.059744000434875 0
    endloop
  endfacet
  facet normal 0.5177016119569556 -0.85556124326501 0
    outer loop
      vertex 315.06114099919796 57.110342003405094 0
      vertex 315.06114099919796 57.110342003405094 1.5
      vertex 314.97752200067043 57.059744000434875 1.5
    endloop
  endfacet
  facet normal 0.5987485241527936 -0.8009370791921496 0
    outer loop
      vertex 315.1394210010767 57.168861001729965 0
      vertex 315.06114099919796 57.110342003405094 1.5
      vertex 315.06114099919796 57.110342003405094 0
    endloop
  endfacet
  facet normal 0.5987485241527936 -0.8009370791921496 0
    outer loop
      vertex 315.1394210010767 57.168861001729965 0
      vertex 315.1394210010767 57.168861001729965 1.5
      vertex 315.06114099919796 57.110342003405094 1.5
    endloop
  endfacet
  facet normal 0.6740725673081257 -0.7386651298136608 0
    outer loop
      vertex 315.2116150036454 57.23474200069904 0
      vertex 315.1394210010767 57.168861001729965 1.5
      vertex 315.1394210010767 57.168861001729965 0
    endloop
  endfacet
  facet normal 0.6740725673081257 -0.7386651298136608 0
    outer loop
      vertex 315.2116150036454 57.23474200069904 0
      vertex 315.2116150036454 57.23474200069904 1.5
      vertex 315.1394210010767 57.168861001729965 1.5
    endloop
  endfacet
  facet normal 0.7429613367741874 -0.6693343350364692 0
    outer loop
      vertex 315.27703300118446 57.307355999946594 0
      vertex 315.2116150036454 57.23474200069904 1.5
      vertex 315.2116150036454 57.23474200069904 0
    endloop
  endfacet
  facet normal 0.7429613367741874 -0.6693343350364692 0
    outer loop
      vertex 315.27703300118446 57.307355999946594 0
      vertex 315.27703300118446 57.307355999946594 1.5
      vertex 315.2116150036454 57.23474200069904 1.5
    endloop
  endfacet
  facet normal 0.8047520128885064 -0.593611150292763 0
    outer loop
      vertex 315.33505000174046 57.386009000241756 0
      vertex 315.27703300118446 57.307355999946594 1.5
      vertex 315.27703300118446 57.307355999946594 0
    endloop
  endfacet
  facet normal 0.8047520128885064 -0.593611150292763 0
    outer loop
      vertex 315.33505000174046 57.386009000241756 0
      vertex 315.33505000174046 57.386009000241756 1.5
      vertex 315.27703300118446 57.307355999946594 1.5
    endloop
  endfacet
  facet normal 0.8588558209251765 -0.5122174136662486 0
    outer loop
      vertex 315.38511200249195 57.46994999796152 0
      vertex 315.33505000174046 57.386009000241756 1.5
      vertex 315.33505000174046 57.386009000241756 0
    endloop
  endfacet
  facet normal 0.8588558209251765 -0.5122174136662486 0
    outer loop
      vertex 315.38511200249195 57.46994999796152 0
      vertex 315.38511200249195 57.46994999796152 1.5
      vertex 315.33505000174046 57.386009000241756 1.5
    endloop
  endfacet
  facet normal 0.904756351480995 -0.4259295064383286 0
    outer loop
      vertex 315.4267409965396 57.558378003537655 0
      vertex 315.38511200249195 57.46994999796152 1.5
      vertex 315.38511200249195 57.46994999796152 0
    endloop
  endfacet
  facet normal 0.904756351480995 -0.4259295064383286 0
    outer loop
      vertex 315.4267409965396 57.558378003537655 0
      vertex 315.4267409965396 57.558378003537655 1.5
      vertex 315.38511200249195 57.46994999796152 1.5
    endloop
  endfacet
  facet normal 0.942015206885677 -0.3355701863934504 0
    outer loop
      vertex 315.45953799784184 57.650445997714996 0
      vertex 315.4267409965396 57.558378003537655 1.5
      vertex 315.4267409965396 57.558378003537655 0
    endloop
  endfacet
  facet normal 0.942015206885677 -0.3355701863934504 0
    outer loop
      vertex 315.45953799784184 57.650445997714996 0
      vertex 315.45953799784184 57.650445997714996 1.5
      vertex 315.4267409965396 57.558378003537655 1.5
    endloop
  endfacet
  facet normal 0.9702741655567583 -0.24200835451102962 0
    outer loop
      vertex 315.483190998435 57.745277002453804 0
      vertex 315.45953799784184 57.650445997714996 1.5
      vertex 315.45953799784184 57.650445997714996 0
    endloop
  endfacet
  facet normal 0.9702741655567583 -0.24200835451102962 0
    outer loop
      vertex 315.483190998435 57.745277002453804 0
      vertex 315.483190998435 57.745277002453804 1.5
      vertex 315.45953799784184 57.650445997714996 1.5
    endloop
  endfacet
  facet normal 0.9892639690363872 -0.1461396577468758 0
    outer loop
      vertex 315.4974739998579 57.84196300059557 0
      vertex 315.483190998435 57.745277002453804 1.5
      vertex 315.483190998435 57.745277002453804 0
    endloop
  endfacet
  facet normal 0.9892639690363872 -0.1461396577468758 0
    outer loop
      vertex 315.4974739998579 57.84196300059557 0
      vertex 315.4974739998579 57.84196300059557 1.5
      vertex 315.483190998435 57.745277002453804 1.5
    endloop
  endfacet
  facet normal 0.9988053453034269 -0.048865961499823043 0
    outer loop
      vertex 315.50225000083447 57.939583003520966 0
      vertex 315.4974739998579 57.84196300059557 1.5
      vertex 315.4974739998579 57.84196300059557 0
    endloop
  endfacet
  facet normal 0.9988053453034269 -0.048865961499823043 0
    outer loop
      vertex 315.50225000083447 57.939583003520966 0
      vertex 315.50225000083447 57.939583003520966 1.5
      vertex 315.4974739998579 57.84196300059557 1.5
    endloop
  endfacet
  facet normal 1 0 0
    outer loop
      vertex 315.50225000083447 77.19412499666214 0
      vertex 315.50225000083447 57.939583003520966 1.5
      vertex 315.50225000083447 57.939583003520966 0
    endloop
  endfacet
  facet normal 1 0 0
    outer loop
      vertex 315.50225000083447 77.19412499666214 0
      vertex 315.50225000083447 77.19412499666214 1.5
      vertex 315.50225000083447 57.939583003520966 1.5
    endloop
  endfacet
  facet normal 0.9988053453034269 0.048865961499823043 0
    outer loop
      vertex 315.4974739998579 77.29174499958754 0
      vertex 315.50225000083447 77.19412499666214 1.5
      vertex 315.50225000083447 77.19412499666214 0
    endloop
  endfacet
  facet normal 0.9988053453034269 0.048865961499823043 0
    outer loop
      vertex 315.4974739998579 77.29174499958754 0
      vertex 315.4974739998579 77.29174499958754 1.5
      vertex 315.50225000083447 77.19412499666214 1.5
    endloop
  endfacet
  facet normal 0.9892639690363872 0.1461396577468758 0
    outer loop
      vertex 315.483190998435 77.3884309977293 0
      vertex 315.4974739998579 77.29174499958754 1.5
      vertex 315.4974739998579 77.29174499958754 0
    endloop
  endfacet
  facet normal 0.9892639690363872 0.1461396577468758 0
    outer loop
      vertex 315.483190998435 77.3884309977293 0
      vertex 315.483190998435 77.3884309977293 1.5
      vertex 315.4974739998579 77.29174499958754 1.5
    endloop
  endfacet
  facet normal 0.9702741655567583 0.24200835451102962 0
    outer loop
      vertex 315.45953799784184 77.48326200246811 0
      vertex 315.483190998435 77.3884309977293 1.5
      vertex 315.483190998435 77.3884309977293 0
    endloop
  endfacet
  facet normal 0.9702741655567583 0.24200835451102962 0
    outer loop
      vertex 315.45953799784184 77.48326200246811 0
      vertex 315.45953799784184 77.48326200246811 1.5
      vertex 315.483190998435 77.3884309977293 1.5
    endloop
  endfacet
  facet normal 0.942015206885677 0.3355701863934504 0
    outer loop
      vertex 315.4267409965396 77.57532999664545 0
      vertex 315.45953799784184 77.48326200246811 1.5
      vertex 315.45953799784184 77.48326200246811 0
    endloop
  endfacet
  facet normal 0.942015206885677 0.3355701863934504 0
    outer loop
      vertex 315.4267409965396 77.57532999664545 0
      vertex 315.4267409965396 77.57532999664545 1.5
      vertex 315.45953799784184 77.48326200246811 1.5
    endloop
  endfacet
  facet normal 0.904756351480995 0.4259295064383286 0
    outer loop
      vertex 315.38511200249195 77.66375800222158 0
      vertex 315.4267409965396 77.57532999664545 1.5
      vertex 315.4267409965396 77.57532999664545 0
    endloop
  endfacet
  facet normal 0.904756351480995 0.4259295064383286 0
    outer loop
      vertex 315.38511200249195 77.66375800222158 0
      vertex 315.38511200249195 77.66375800222158 1.5
      vertex 315.4267409965396 77.57532999664545 1.5
    endloop
  endfacet
  facet normal 0.8588558209251765 0.5122174136662486 0
    outer loop
      vertex 315.33505000174046 77.74769899994135 0
      vertex 315.38511200249195 77.66375800222158 1.5
      vertex 315.38511200249195 77.66375800222158 0
    endloop
  endfacet
  facet normal 0.8588558209251765 0.5122174136662486 0
    outer loop
      vertex 315.33505000174046 77.74769899994135 0
      vertex 315.33505000174046 77.74769899994135 1.5
      vertex 315.38511200249195 77.66375800222158 1.5
    endloop
  endfacet
  facet normal 0.8047520128885064 0.593611150292763 0
    outer loop
      vertex 315.27703300118446 77.82635200023651 0
      vertex 315.33505000174046 77.74769899994135 1.5
      vertex 315.33505000174046 77.74769899994135 0
    endloop
  endfacet
  facet normal 0.8047520128885064 0.593611150292763 0
    outer loop
      vertex 315.27703300118446 77.82635200023651 0
      vertex 315.27703300118446 77.82635200023651 1.5
      vertex 315.33505000174046 77.74769899994135 1.5
    endloop
  endfacet
  facet normal 0.7429613367741874 0.6693343350364692 0
    outer loop
      vertex 315.2116150036454 77.89896599948406 0
      vertex 315.27703300118446 77.82635200023651 1.5
      vertex 315.27703300118446 77.82635200023651 0
    endloop
  endfacet
  facet normal 0.7429613367741874 0.6693343350364692 0
    outer loop
      vertex 315.2116150036454 77.89896599948406 0
      vertex 315.2116150036454 77.89896599948406 1.5
      vertex 315.27703300118446 77.82635200023651 1.5
    endloop
  endfacet
  facet normal 0.674078140860705 0.7386600436017745 0
    outer loop
      vertex 315.1394210010767 77.96484799683094 0
      vertex 315.2116150036454 77.89896599948406 1.5
      vertex 315.2116150036454 77.89896599948406 0
    endloop
  endfacet
  facet normal 0.674078140860705 0.7386600436017745 0
    outer loop
      vertex 315.1394210010767 77.96484799683094 0
      vertex 315.1394210010767 77.96484799683094 1.5
      vertex 315.2116150036454 77.89896599948406 1.5
    endloop
  endfacet
  facet normal 0.598748573055676 0.8009370426343082 0
    outer loop
      vertex 315.06114099919796 78.02336700260639 0
      vertex 315.1394210010767 77.96484799683094 1.5
      vertex 315.1394210010767 77.96484799683094 0
    endloop
  endfacet
  facet normal 0.598748573055676 0.8009370426343082 0
    outer loop
      vertex 315.06114099919796 78.02336700260639 0
      vertex 315.06114099919796 78.02336700260639 1.5
      vertex 315.1394210010767 77.96484799683094 1.5
    endloop
  endfacet
  facet normal 0.5176940788227753 0.8555658015324351 0
    outer loop
      vertex 314.97752200067043 78.07396399974823 0
      vertex 315.06114099919796 78.02336700260639 1.5
      vertex 315.06114099919796 78.02336700260639 0
    endloop
  endfacet
  facet normal 0.5176940788227753 0.8555658015324351 0
    outer loop
      vertex 314.97752200067043 78.07396399974823 0
      vertex 314.97752200067043 78.07396399974823 1.5
      vertex 315.06114099919796 78.02336700260639 1.5
    endloop
  endfacet
  facet normal 0.4317136179692895 0.9020107272421244 0
    outer loop
      vertex 314.88936299830675 78.11615800112486 0
      vertex 314.97752200067043 78.07396399974823 1.5
      vertex 314.97752200067043 78.07396399974823 0
    endloop
  endfacet
  facet normal 0.4317136179692895 0.9020107272421244 0
    outer loop
      vertex 314.88936299830675 78.11615800112486 0
      vertex 314.88936299830675 78.11615800112486 1.5
      vertex 314.97752200067043 78.07396399974823 1.5
    endloop
  endfacet
  facet normal 0.38711229688647086 0.9220325751291442 0
    outer loop
      vertex 314.82350800186396 78.14380700141191 0
      vertex 314.88936299830675 78.11615800112486 1.5
      vertex 314.88936299830675 78.11615800112486 0
    endloop
  endfacet
  facet normal 0.38711229688647086 0.9220325751291442 0
    outer loop
      vertex 314.82350800186396 78.14380700141191 0
      vertex 314.82350800186396 78.14380700141191 1.5
      vertex 314.88936299830675 78.11615800112486 1.5
    endloop
  endfacet
  facet normal 0.3467815944973813 0.9379459076715745 0
    outer loop
      vertex 314.7421879991889 78.17387299984694 0
      vertex 314.82350800186396 78.14380700141191 1.5
      vertex 314.82350800186396 78.14380700141191 0
    endloop
  endfacet
  facet normal 0.3467815944973813 0.9379459076715745 0
    outer loop
      vertex 314.7421879991889 78.17387299984694 0
      vertex 314.7421879991889 78.17387299984694 1.5
      vertex 314.82350800186396 78.14380700141191 1.5
    endloop
  endfacet
  facet normal 0.30579103098544164 0.9520986531703849 0
    outer loop
      vertex 314.4599220007658 78.26453000307083 0
      vertex 314.7421879991889 78.17387299984694 1.5
      vertex 314.7421879991889 78.17387299984694 0
    endloop
  endfacet
  facet normal 0.30579103098544164 0.9520986531703849 0
    outer loop
      vertex 314.4599220007658 78.26453000307083 0
      vertex 314.4599220007658 78.26453000307083 1.5
      vertex 314.7421879991889 78.17387299984694 1.5
    endloop
  endfacet
  facet normal 0.2811333806467136 0.9596687044423976 0
    outer loop
      vertex 314.41041500121355 78.279032997787 0
      vertex 314.4599220007658 78.26453000307083 1.5
      vertex 314.4599220007658 78.26453000307083 0
    endloop
  endfacet
  facet normal 0.2811333806467136 0.9596687044423976 0
    outer loop
      vertex 314.41041500121355 78.279032997787 0
      vertex 314.41041500121355 78.279032997787 1.5
      vertex 314.4599220007658 78.26453000307083 1.5
    endloop
  endfacet
  facet normal 0.25628710672584826 0.9666007029410303 0
    outer loop
      vertex 314.06102199852467 78.37167199701071 0
      vertex 314.41041500121355 78.279032997787 1.5
      vertex 314.41041500121355 78.279032997787 0
    endloop
  endfacet
  facet normal 0.25628710672584826 0.9666007029410303 0
    outer loop
      vertex 314.06102199852467 78.37167199701071 0
      vertex 314.06102199852467 78.37167199701071 1.5
      vertex 314.41041500121355 78.279032997787 1.5
    endloop
  endfacet
  facet normal 0.24200066963566247 0.970276082306418 0
    outer loop
      vertex 314.0324349999428 78.37880200147629 0
      vertex 314.06102199852467 78.37167199701071 1.5
      vertex 314.06102199852467 78.37167199701071 0
    endloop
  endfacet
  facet normal 0.24200066963566247 0.970276082306418 0
    outer loop
      vertex 314.0324349999428 78.37880200147629 0
      vertex 314.0324349999428 78.37880200147629 1.5
      vertex 314.06102199852467 78.37167199701071 1.5
    endloop
  endfacet
  facet normal 0.2277015981331401 0.9737309598691077 0
    outer loop
      vertex 313.6378180012107 78.47108100354671 0
      vertex 314.0324349999428 78.37880200147629 1.5
      vertex 314.0324349999428 78.37880200147629 0
    endloop
  endfacet
  facet normal 0.2277015981331401 0.9737309598691077 0
    outer loop
      vertex 313.6378180012107 78.47108100354671 0
      vertex 313.6378180012107 78.47108100354671 1.5
      vertex 314.0324349999428 78.37880200147629 1.5
    endloop
  endfacet
  facet normal 0.21465236805212973 0.9766905143849883 0
    outer loop
      vertex 312.77653799951077 78.66036900132895 0
      vertex 313.6378180012107 78.47108100354671 1.5
      vertex 313.6378180012107 78.47108100354671 0
    endloop
  endfacet
  facet normal 0.21465236805212973 0.9766905143849883 0
    outer loop
      vertex 312.77653799951077 78.66036900132895 0
      vertex 312.77653799951077 78.66036900132895 1.5
      vertex 313.6378180012107 78.47108100354671 1.5
    endloop
  endfacet
  facet normal 0.22759533633760837 0.9737558024871384 0
    outer loop
      vertex 312.36489100009203 78.75658299773932 0
      vertex 312.77653799951077 78.66036900132895 1.5
      vertex 312.77653799951077 78.66036900132895 0
    endloop
  endfacet
  facet normal 0.22759533633760837 0.9737558024871384 0
    outer loop
      vertex 312.36489100009203 78.75658299773932 0
      vertex 312.36489100009203 78.75658299773932 1.5
      vertex 312.77653799951077 78.66036900132895 1.5
    endloop
  endfacet
  facet normal 0.24202478014171874 0.9702700684847249 0
    outer loop
      vertex 312.3505989983678 78.7601480036974 0
      vertex 312.36489100009203 78.75658299773932 1.5
      vertex 312.36489100009203 78.75658299773932 0
    endloop
  endfacet
  facet normal 0.24202478014171874 0.9702700684847249 0
    outer loop
      vertex 312.3505989983678 78.7601480036974 0
      vertex 312.3505989983678 78.7601480036974 1.5
      vertex 312.36489100009203 78.75658299773932 1.5
    endloop
  endfacet
  facet normal 0.25628725479238085 0.9666006636822598 0
    outer loop
      vertex 311.9816130027175 78.8579820021987 0
      vertex 312.3505989983678 78.7601480036974 1.5
      vertex 312.3505989983678 78.7601480036974 0
    endloop
  endfacet
  facet normal 0.25628725479238085 0.9666006636822598 0
    outer loop
      vertex 311.9816130027175 78.8579820021987 0
      vertex 311.9816130027175 78.8579820021987 1.5
      vertex 312.3505989983678 78.7601480036974 1.5
    endloop
  endfacet
  facet normal 0.2811163631469594 0.959673689527345 0
    outer loop
      vertex 311.95686300098896 78.86523199826479 0
      vertex 311.9816130027175 78.8579820021987 1.5
      vertex 311.9816130027175 78.8579820021987 0
    endloop
  endfacet
  facet normal 0.2811163631469594 0.959673689527345 0
    outer loop
      vertex 311.95686300098896 78.86523199826479 0
      vertex 311.95686300098896 78.86523199826479 1.5
      vertex 311.9816130027175 78.8579820021987 1.5
    endloop
  endfacet
  facet normal 0.30579358277358765 0.9520978335940551 0
    outer loop
      vertex 311.6416459977627 78.96647299826145 0
      vertex 311.95686300098896 78.86523199826479 1.5
      vertex 311.95686300098896 78.86523199826479 0
    endloop
  endfacet
  facet normal 0.30579358277358765 0.9520978335940551 0
    outer loop
      vertex 311.6416459977627 78.96647299826145 0
      vertex 311.6416459977627 78.96647299826145 1.5
      vertex 311.95686300098896 78.86523199826479 1.5
    endloop
  endfacet
  facet normal 0.34678971953684434 0.9379429036053084 0
    outer loop
      vertex 311.60100600123405 78.98149900138378 0
      vertex 311.6416459977627 78.96647299826145 1.5
      vertex 311.6416459977627 78.96647299826145 0
    endloop
  endfacet
  facet normal 0.34678971953684434 0.9379429036053084 0
    outer loop
      vertex 311.60100600123405 78.98149900138378 0
      vertex 311.60100600123405 78.98149900138378 1.5
      vertex 311.6416459977627 78.96647299826145 1.5
    endloop
  endfacet
  facet normal 0.38711031666326556 0.9220334065167413 0
    outer loop
      vertex 311.52479200065136 79.01349700242281 0
      vertex 311.60100600123405 78.98149900138378 1.5
      vertex 311.60100600123405 78.98149900138378 0
    endloop
  endfacet
  facet normal 0.38711031666326556 0.9220334065167413 0
    outer loop
      vertex 311.52479200065136 79.01349700242281 0
      vertex 311.52479200065136 79.01349700242281 1.5
      vertex 311.60100600123405 78.98149900138378 1.5
    endloop
  endfacet
  facet normal 0.43170764099404885 0.9020135878729064 0
    outer loop
      vertex 311.50340899825096 79.02373100072145 0
      vertex 311.52479200065136 79.01349700242281 1.5
      vertex 311.52479200065136 79.01349700242281 0
    endloop
  endfacet
  facet normal 0.43170764099404885 0.9020135878729064 0
    outer loop
      vertex 311.50340899825096 79.02373100072145 0
      vertex 311.50340899825096 79.02373100072145 1.5
      vertex 311.52479200065136 79.01349700242281 1.5
    endloop
  endfacet
  facet normal 0.998804180980044 0.04888975410843767 0
    outer loop
      vertex 311.50225000083447 79.04740899801254 0
      vertex 311.50340899825096 79.02373100072145 1.5
      vertex 311.50340899825096 79.02373100072145 0
    endloop
  endfacet
  facet normal 0.998804180980044 0.04888975410843767 0
    outer loop
      vertex 311.50225000083447 79.04740899801254 0
      vertex 311.50225000083447 79.04740899801254 1.5
      vertex 311.50340899825096 79.02373100072145 1.5
    endloop
  endfacet
  facet normal 1 0 0
    outer loop
      vertex 311.50225000083447 97.25 0
      vertex 311.50225000083447 79.04740899801254 1.5
      vertex 311.50225000083447 79.04740899801254 0
    endloop
  endfacet
  facet normal 1 0 0
    outer loop
      vertex 311.50225000083447 97.25 0
      vertex 311.50225000083447 97.25 1.5
      vertex 311.50225000083447 79.04740899801254 1.5
    endloop
  endfacet
  facet normal 0.998795590590484 0.04906493877512149 0
    outer loop
      vertex 311.49743500351906 97.34801699966192 0
      vertex 311.50225000083447 97.25 1.5
      vertex 311.50225000083447 97.25 0
    endloop
  endfacet
  facet normal 0.998795590590484 0.04906493877512149 0
    outer loop
      vertex 311.49743500351906 97.34801699966192 0
      vertex 311.49743500351906 97.34801699966192 1.5
      vertex 311.50225000083447 97.25 1.5
    endloop
  endfacet
  facet normal 0.9891756440195577 0.14673631206519097 0
    outer loop
      vertex 311.4830349981785 97.44509000331163 0
      vertex 311.49743500351906 97.34801699966192 1.5
      vertex 311.49743500351906 97.34801699966192 0
    endloop
  endfacet
  facet normal 0.9891756440195577 0.14673631206519097 0
    outer loop
      vertex 311.4830349981785 97.44509000331163 0
      vertex 311.4830349981785 97.44509000331163 1.5
      vertex 311.49743500351906 97.34801699966192 1.5
    endloop
  endfacet
  facet normal 0.9700315183940874 0.2429791211648878 0
    outer loop
      vertex 311.4591900035739 97.54028499871492 0
      vertex 311.4830349981785 97.44509000331163 1.5
      vertex 311.4830349981785 97.44509000331163 0
    endloop
  endfacet
  facet normal 0.9700315183940874 0.2429791211648878 0
    outer loop
      vertex 311.4591900035739 97.54028499871492 0
      vertex 311.4591900035739 97.54028499871492 1.5
      vertex 311.4830349981785 97.44509000331163 1.5
    endloop
  endfacet
  facet normal 0.9415457692954262 0.3368850906791277 0
    outer loop
      vertex 311.4261299967766 97.63268300145864 0
      vertex 311.4591900035739 97.54028499871492 1.5
      vertex 311.4591900035739 97.54028499871492 0
    endloop
  endfacet
  facet normal 0.9415457692954262 0.3368850906791277 0
    outer loop
      vertex 311.4261299967766 97.63268300145864 0
      vertex 311.4261299967766 97.63268300145864 1.5
      vertex 311.4591900035739 97.54028499871492 1.5
    endloop
  endfacet
  facet normal 0.9039877182330421 0.42755842324040116 0
    outer loop
      vertex 311.38417100161314 97.72139699757099 0
      vertex 311.4261299967766 97.63268300145864 1.5
      vertex 311.4261299967766 97.63268300145864 0
    endloop
  endfacet
  facet normal 0.9039877182330421 0.42755842324040116 0
    outer loop
      vertex 311.38417100161314 97.72139699757099 0
      vertex 311.38417100161314 97.72139699757099 1.5
      vertex 311.4261299967766 97.63268300145864 1.5
    endloop
  endfacet
  facet normal 0.8577301936251087 0.514100102065574 0
    outer loop
      vertex 311.3337199985981 97.80556999891996 0
      vertex 311.38417100161314 97.72139699757099 1.5
      vertex 311.38417100161314 97.72139699757099 0
    endloop
  endfacet
  facet normal 0.8577301936251087 0.514100102065574 0
    outer loop
      vertex 311.3337199985981 97.80556999891996 0
      vertex 311.3337199985981 97.80556999891996 1.5
      vertex 311.38417100161314 97.72139699757099 1.5
    endloop
  endfacet
  facet normal 0.8032032603172153 0.5957050634464975 0
    outer loop
      vertex 311.275260001421 97.8843929991126 0
      vertex 311.3337199985981 97.80556999891996 1.5
      vertex 311.3337199985981 97.80556999891996 0
    endloop
  endfacet
  facet normal 0.8032032603172153 0.5957050634464975 0
    outer loop
      vertex 311.275260001421 97.8843929991126 0
      vertex 311.275260001421 97.8843929991126 1.5
      vertex 311.3337199985981 97.80556999891996 1.5
    endloop
  endfacet
  facet normal 0.7409568466825369 0.671552642280761 0
    outer loop
      vertex 311.2093570008874 97.95710700005293 0
      vertex 311.275260001421 97.8843929991126 1.5
      vertex 311.275260001421 97.8843929991126 0
    endloop
  endfacet
  facet normal 0.7409568466825369 0.671552642280761 0
    outer loop
      vertex 311.2093570008874 97.95710700005293 0
      vertex 311.2093570008874 97.95710700005293 1.5
      vertex 311.275260001421 97.8843929991126 1.5
    endloop
  endfacet
  facet normal 0.671552642280761 0.7409568466825369 0
    outer loop
      vertex 311.13664299994707 98.02301000058651 0
      vertex 311.2093570008874 97.95710700005293 1.5
      vertex 311.2093570008874 97.95710700005293 0
    endloop
  endfacet
  facet normal 0.671552642280761 0.7409568466825369 0
    outer loop
      vertex 311.13664299994707 98.02301000058651 0
      vertex 311.13664299994707 98.02301000058651 1.5
      vertex 311.2093570008874 97.95710700005293 1.5
    endloop
  endfacet
  facet normal 0.5957050634464975 0.8032032603172153 0
    outer loop
      vertex 311.05781999975443 98.08146999776363 0
      vertex 311.13664299994707 98.02301000058651 1.5
      vertex 311.13664299994707 98.02301000058651 0
    endloop
  endfacet
  facet normal 0.5957050634464975 0.8032032603172153 0
    outer loop
      vertex 311.05781999975443 98.08146999776363 0
      vertex 311.05781999975443 98.08146999776363 1.5
      vertex 311.13664299994707 98.02301000058651 1.5
    endloop
  endfacet
  facet normal 0.514100102065574 0.8577301936251087 0
    outer loop
      vertex 310.97364699840546 98.13192100077868 0
      vertex 311.05781999975443 98.08146999776363 1.5
      vertex 311.05781999975443 98.08146999776363 0
    endloop
  endfacet
  facet normal 0.514100102065574 0.8577301936251087 0
    outer loop
      vertex 310.97364699840546 98.13192100077868 0
      vertex 310.97364699840546 98.13192100077868 1.5
      vertex 311.05781999975443 98.08146999776363 1.5
    endloop
  endfacet
  facet normal 0.42755848528236606 0.9039876888890959 0
    outer loop
      vertex 310.8849330022931 98.1738800033927 0
      vertex 310.97364699840546 98.13192100077868 1.5
      vertex 310.97364699840546 98.13192100077868 0
    endloop
  endfacet
  facet normal 0.42755848528236606 0.9039876888890959 0
    outer loop
      vertex 310.8849330022931 98.1738800033927 0
      vertex 310.8849330022931 98.1738800033927 1.5
      vertex 310.97364699840546 98.13192100077868 1.5
    endloop
  endfacet
  facet normal 0.3368850233734256 0.9415457933774047 0
    outer loop
      vertex 310.7925349995494 98.20694000273943 0
      vertex 310.8849330022931 98.1738800033927 1.5
      vertex 310.8849330022931 98.1738800033927 0
    endloop
  endfacet
  facet normal 0.3368850233734256 0.9415457933774047 0
    outer loop
      vertex 310.7925349995494 98.20694000273943 0
      vertex 310.7925349995494 98.20694000273943 1.5
      vertex 310.8849330022931 98.1738800033927 1.5
    endloop
  endfacet
  facet normal 0.2429791032705094 0.9700315228763751 0
    outer loop
      vertex 310.6973399966955 98.23078499734402 0
      vertex 310.7925349995494 98.20694000273943 1.5
      vertex 310.7925349995494 98.20694000273943 0
    endloop
  endfacet
  facet normal 0.2429791032705094 0.9700315228763751 0
    outer loop
      vertex 310.6973399966955 98.23078499734402 0
      vertex 310.6973399966955 98.23078499734402 1.5
      vertex 310.7925349995494 98.20694000273943 1.5
    endloop
  endfacet
  facet normal 0.14673632308505183 0.9891756423848493 0
    outer loop
      vertex 310.6002670004964 98.2451850026846 0
      vertex 310.6973399966955 98.23078499734402 1.5
      vertex 310.6973399966955 98.23078499734402 0
    endloop
  endfacet
  facet normal 0.14673632308505183 0.9891756423848493 0
    outer loop
      vertex 310.6002670004964 98.2451850026846 0
      vertex 310.6002670004964 98.2451850026846 1.5
      vertex 310.6973399966955 98.23078499734402 1.5
    endloop
  endfacet
  facet normal 0.04906493877512149 0.998795590590484 0
    outer loop
      vertex 310.50225000083447 98.25 0
      vertex 310.6002670004964 98.2451850026846 1.5
      vertex 310.6002670004964 98.2451850026846 0
    endloop
  endfacet
  facet normal 0.04906493877512149 0.998795590590484 0
    outer loop
      vertex 310.50225000083447 98.25 0
      vertex 310.50225000083447 98.25 1.5
      vertex 310.6002670004964 98.2451850026846 1.5
    endloop
  endfacet
  facet normal 0 1 0
    outer loop
      vertex 243.63404899835587 98.25 0
      vertex 310.50225000083447 98.25 1.5
      vertex 310.50225000083447 98.25 0
    endloop
  endfacet
  facet normal 0 1 0
    outer loop
      vertex 243.63404899835587 98.25 0
      vertex 243.63404899835587 98.25 1.5
      vertex 310.50225000083447 98.25 1.5
    endloop
  endfacet
  facet normal 0.04905870224792569 0.9987958969347789 0
    outer loop
      vertex 243.60961800068617 98.25119999796152 0
      vertex 243.63404899835587 98.25 1.5
      vertex 243.63404899835587 98.25 0
    endloop
  endfacet
  facet normal 0.04905870224792569 0.9987958969347789 0
    outer loop
      vertex 243.60961800068617 98.25119999796152 0
      vertex 243.60961800068617 98.25119999796152 1.5
      vertex 243.63404899835587 98.25 1.5
    endloop
  endfacet
  facet normal 0.1467360612498493 0.9891756812259794 0
    outer loop
      vertex 243.57060000300407 98.2569879963994 0
      vertex 243.60961800068617 98.25119999796152 1.5
      vertex 243.60961800068617 98.25119999796152 0
    endloop
  endfacet
  facet normal 0.1467360612498493 0.9891756812259794 0
    outer loop
      vertex 243.57060000300407 98.2569879963994 0
      vertex 243.57060000300407 98.2569879963994 1.5
      vertex 243.60961800068617 98.25119999796152 1.5
    endloop
  endfacet
  facet normal 0.10705767998305397 0.9942528114904408 0
    outer loop
      vertex 243.49108400195837 98.26555000245571 0
      vertex 243.57060000300407 98.2569879963994 1.5
      vertex 243.57060000300407 98.2569879963994 0
    endloop
  endfacet
  facet normal 0.10705767998305397 0.9942528114904408 0
    outer loop
      vertex 243.49108400195837 98.26555000245571 0
      vertex 243.49108400195837 98.26555000245571 1.5
      vertex 243.57060000300407 98.2569879963994 1.5
    endloop
  endfacet
  facet normal 0.02725787220032649 0.9996284351713445 0
    outer loop
      vertex 243.4111369997263 98.26772999763489 0
      vertex 243.49108400195837 98.26555000245571 1.5
      vertex 243.49108400195837 98.26555000245571 0
    endloop
  endfacet
  facet normal 0.02725787220032649 0.9996284351713445 0
    outer loop
      vertex 243.4111369997263 98.26772999763489 0
      vertex 243.4111369997263 98.26772999763489 1.5
      vertex 243.49108400195837 98.26555000245571 1.5
    endloop
  endfacet
  facet normal -0.012732683814725036 0.9999189360957588 0
    outer loop
      vertex 235.55930499732494 98.1677469983697 0
      vertex 243.4111369997263 98.26772999763489 1.5
      vertex 243.4111369997263 98.26772999763489 0
    endloop
  endfacet
  facet normal -0.012732683814725036 0.9999189360957588 0
    outer loop
      vertex 235.55930499732494 98.1677469983697 0
      vertex 235.55930499732494 98.1677469983697 1.5
      vertex 243.4111369997263 98.26772999763489 1.5
    endloop
  endfacet
  facet normal -0.06310896831917866 0.9980066423214271 0
    outer loop
      vertex 235.45871199667454 98.16138599812984 0
      vertex 235.55930499732494 98.1677469983697 1.5
      vertex 235.55930499732494 98.1677469983697 0
    endloop
  endfacet
  facet normal -0.06310896831917866 0.9980066423214271 0
    outer loop
      vertex 235.45871199667454 98.16138599812984 0
      vertex 235.45871199667454 98.16138599812984 1.5
      vertex 235.55930499732494 98.1677469983697 1.5
    endloop
  endfacet
  facet normal -0.16324420984634225 0.986585692148251 0
    outer loop
      vertex 235.38278000056744 98.14882200211287 0
      vertex 235.45871199667454 98.16138599812984 1.5
      vertex 235.45871199667454 98.16138599812984 0
    endloop
  endfacet
  facet normal -0.16324420984634225 0.986585692148251 0
    outer loop
      vertex 235.38278000056744 98.14882200211287 0
      vertex 235.38278000056744 98.14882200211287 1.5
      vertex 235.45871199667454 98.16138599812984 1.5
    endloop
  endfacet
  facet normal -0.11595698801627853 0.9932542357977602 0
    outer loop
      vertex 235.3707280009985 98.14741499722004 0
      vertex 235.38278000056744 98.14882200211287 1.5
      vertex 235.38278000056744 98.14882200211287 0
    endloop
  endfacet
  facet normal -0.11595698801627853 0.9932542357977602 0
    outer loop
      vertex 235.3707280009985 98.14741499722004 0
      vertex 235.3707280009985 98.14741499722004 1.5
      vertex 235.38278000056744 98.14882200211287 1.5
    endloop
  endfacet
  facet normal -0.018070987759659762 0.99983670636829 0
    outer loop
      vertex 235.34627299755812 98.14697299897671 0
      vertex 235.3707280009985 98.14741499722004 1.5
      vertex 235.3707280009985 98.14741499722004 0
    endloop
  endfacet
  facet normal -0.018070987759659762 0.99983670636829 0
    outer loop
      vertex 235.34627299755812 98.14697299897671 0
      vertex 235.34627299755812 98.14697299897671 1.5
      vertex 235.3707280009985 98.14741499722004 1.5
    endloop
  endfacet
  facet normal 0.03102698460271172 0.9995185472148395 -7.017145437301277e-17
    outer loop
      vertex 202.66409099847078 99.1614909991622 0
      vertex 235.34627299755812 98.14697299897671 1.5
      vertex 235.34627299755812 98.14697299897671 0
    endloop
  endfacet
  facet normal 0.03102698460271172 0.9995185472148395 0
    outer loop
      vertex 202.66409099847078 99.1614909991622 0
      vertex 202.66409099847078 99.1614909991622 1.5
      vertex 235.34627299755812 98.14697299897671 1.5
    endloop
  endfacet
  facet normal 0.06741538761844651 0.9977249949320978 0
    outer loop
      vertex 202.62774299830198 99.16394700109959 0
      vertex 202.66409099847078 99.1614909991622 1.5
      vertex 202.66409099847078 99.1614909991622 0
    endloop
  endfacet
  facet normal 0.06741538761844651 0.9977249949320978 0
    outer loop
      vertex 202.62774299830198 99.16394700109959 0
      vertex 202.62774299830198 99.16394700109959 1.5
      vertex 202.66409099847078 99.1614909991622 1.5
    endloop
  endfacet
  facet normal 0.10374734885305688 0.994603683688112 -1.688980823558499e-16
    outer loop
      vertex 157.7344420030713 103.84677799791098 0
      vertex 202.62774299830198 99.16394700109959 1.5
      vertex 202.62774299830198 99.16394700109959 0
    endloop
  endfacet
  facet normal 0.10374734885305688 0.994603683688112 0
    outer loop
      vertex 157.7344420030713 103.84677799791098 0
      vertex 157.7344420030713 103.84677799791098 1.5
      vertex 202.62774299830198 99.16394700109959 1.5
    endloop
  endfacet
  facet normal 0.056340280394774206 0.9984116249348453 0
    outer loop
      vertex 157.63950999826193 103.85213500261307 0
      vertex 157.7344420030713 103.84677799791098 1.5
      vertex 157.7344420030713 103.84677799791098 0
    endloop
  endfacet
  facet normal 0.056340280394774206 0.9984116249348453 0
    outer loop
      vertex 157.63950999826193 103.85213500261307 0
      vertex 157.63950999826193 103.85213500261307 1.5
      vertex 157.7344420030713 103.84677799791098 1.5
    endloop
  endfacet
  facet normal -0.03873444188413623 0.9992495399107895 0
    outer loop
      vertex 157.54449799656868 103.84845200181007 0
      vertex 157.63950999826193 103.85213500261307 1.5
      vertex 157.63950999826193 103.85213500261307 0
    endloop
  endfacet
  facet normal -0.03873444188413623 0.9992495399107895 0
    outer loop
      vertex 157.54449799656868 103.84845200181007 0
      vertex 157.54449799656868 103.84845200181007 1.5
      vertex 157.63950999826193 103.85213500261307 1.5
    endloop
  endfacet
  facet normal -0.13346287946295057 0.9910538127697497 0
    outer loop
      vertex 157.4502660036087 103.83576200157404 0
      vertex 157.54449799656868 103.84845200181007 1.5
      vertex 157.54449799656868 103.84845200181007 0
    endloop
  endfacet
  facet normal -0.13346287946295057 0.9910538127697497 0
    outer loop
      vertex 157.4502660036087 103.83576200157404 0
      vertex 157.4502660036087 103.83576200157404 1.5
      vertex 157.54449799656868 103.84845200181007 1.5
    endloop
  endfacet
  facet normal -0.22699120835442554 0.9738968073311451 0
    outer loop
      vertex 157.35766500234604 103.81417900323868 0
      vertex 157.4502660036087 103.83576200157404 1.5
      vertex 157.4502660036087 103.83576200157404 0
    endloop
  endfacet
  facet normal -0.22699120835442554 0.9738968073311451 0
    outer loop
      vertex 157.35766500234604 103.81417900323868 0
      vertex 157.35766500234604 103.81417900323868 1.5
      vertex 157.4502660036087 103.83576200157404 1.5
    endloop
  endfacet
  facet normal -0.3184481334446203 0.9479402862552246 0
    outer loop
      vertex 157.26753199845552 103.78390000015497 0
      vertex 157.35766500234604 103.81417900323868 1.5
      vertex 157.35766500234604 103.81417900323868 0
    endloop
  endfacet
  facet normal -0.3184481334446203 0.9479402862552246 0
    outer loop
      vertex 157.26753199845552 103.78390000015497 0
      vertex 157.26753199845552 103.78390000015497 1.5
      vertex 157.35766500234604 103.81417900323868 1.5
    endloop
  endfacet
  facet normal -0.40704678652042786 0.9134073097930591 0
    outer loop
      vertex 157.18068300187588 103.74519699811935 0
      vertex 157.26753199845552 103.78390000015497 1.5
      vertex 157.26753199845552 103.78390000015497 0
    endloop
  endfacet
  facet normal -0.40704678652042786 0.9134073097930591 0
    outer loop
      vertex 157.18068300187588 103.74519699811935 0
      vertex 157.18068300187588 103.74519699811935 1.5
      vertex 157.26753199845552 103.78390000015497 1.5
    endloop
  endfacet
  facet normal -0.4919594776443895 0.8706180978798106 0
    outer loop
      vertex 157.0979019999504 103.69842000305653 0
      vertex 157.18068300187588 103.74519699811935 1.5
      vertex 157.18068300187588 103.74519699811935 0
    endloop
  endfacet
  facet normal -0.4919594776443895 0.8706180978798106 0
    outer loop
      vertex 157.0979019999504 103.69842000305653 0
      vertex 157.0979019999504 103.69842000305653 1.5
      vertex 157.18068300187588 103.74519699811935 1.5
    endloop
  endfacet
  facet normal -0.5724257268503261 0.8199565764355304 0
    outer loop
      vertex 157.01993799954653 103.64399199932814 0
      vertex 157.0979019999504 103.69842000305653 1.5
      vertex 157.0979019999504 103.69842000305653 0
    endloop
  endfacet
  facet normal -0.5724257268503261 0.8199565764355304 0
    outer loop
      vertex 157.01993799954653 103.64399199932814 0
      vertex 157.01993799954653 103.64399199932814 1.5
      vertex 157.0979019999504 103.69842000305653 1.5
    endloop
  endfacet
  facet normal -0.6477061123856688 0.7618902755503861 0
    outer loop
      vertex 156.94749499857426 103.58240599930286 0
      vertex 157.01993799954653 103.64399199932814 1.5
      vertex 157.01993799954653 103.64399199932814 0
    endloop
  endfacet
  facet normal -0.6477061123856688 0.7618902755503861 0
    outer loop
      vertex 156.94749499857426 103.58240599930286 0
      vertex 156.94749499857426 103.58240599930286 1.5
      vertex 157.01993799954653 103.64399199932814 1.5
    endloop
  endfacet
  facet normal -0.7171414821555889 0.6969276107112452 0
    outer loop
      vertex 156.8812289983034 103.51421800255775 0
      vertex 156.94749499857426 103.58240599930286 1.5
      vertex 156.94749499857426 103.58240599930286 0
    endloop
  endfacet
  facet normal -0.7171414821555889 0.6969276107112452 0
    outer loop
      vertex 156.8812289983034 103.51421800255775 0
      vertex 156.8812289983034 103.51421800255775 1.5
      vertex 156.94749499857426 103.58240599930286 1.5
    endloop
  endfacet
  facet normal -0.7800945951807072 0.6256615878970424 0
    outer loop
      vertex 156.82173900306225 103.44004400074482 0
      vertex 156.8812289983034 103.51421800255775 1.5
      vertex 156.8812289983034 103.51421800255775 0
    endloop
  endfacet
  facet normal -0.7800945951807072 0.6256615878970424 0
    outer loop
      vertex 156.82173900306225 103.44004400074482 0
      vertex 156.82173900306225 103.44004400074482 1.5
      vertex 156.8812289983034 103.51421800255775 1.5
    endloop
  endfacet
  facet normal -0.8359899909716509 0.5487446901749659 0
    outer loop
      vertex 156.76956299692392 103.360555998981 0
      vertex 156.82173900306225 103.44004400074482 1.5
      vertex 156.82173900306225 103.44004400074482 0
    endloop
  endfacet
  facet normal -0.8359899909716509 0.5487446901749659 0
    outer loop
      vertex 156.76956299692392 103.360555998981 0
      vertex 156.76956299692392 103.360555998981 1.5
      vertex 156.82173900306225 103.44004400074482 1.5
    endloop
  endfacet
  facet normal -0.8843268580398473 0.46686829850544764 0
    outer loop
      vertex 156.7251719981432 103.27647200226784 0
      vertex 156.76956299692392 103.360555998981 1.5
      vertex 156.76956299692392 103.360555998981 0
    endloop
  endfacet
  facet normal -0.8843268580398473 0.46686829850544764 0
    outer loop
      vertex 156.7251719981432 103.27647200226784 0
      vertex 156.7251719981432 103.27647200226784 1.5
      vertex 156.76956299692392 103.360555998981 1.5
    endloop
  endfacet
  facet normal -0.9246698187206538 0.3807699126074867 0
    outer loop
      vertex 156.6889669969678 103.18855100125074 0
      vertex 156.7251719981432 103.27647200226784 1.5
      vertex 156.7251719981432 103.27647200226784 0
    endloop
  endfacet
  facet normal -0.9246698187206538 0.3807699126074867 0
    outer loop
      vertex 156.6889669969678 103.18855100125074 0
      vertex 156.6889669969678 103.18855100125074 1.5
      vertex 156.7251719981432 103.27647200226784 1.5
    endloop
  endfacet
  facet normal -0.9566556855115071 0.2912213923778754 0
    outer loop
      vertex 156.6612770035863 103.09758999943733 0
      vertex 156.6889669969678 103.18855100125074 1.5
      vertex 156.6889669969678 103.18855100125074 0
    endloop
  endfacet
  facet normal -0.9566556855115071 0.2912213923778754 0
    outer loop
      vertex 156.6612770035863 103.09758999943733 0
      vertex 156.6612770035863 103.09758999943733 1.5
      vertex 156.6889669969678 103.18855100125074 1.5
    endloop
  endfacet
  facet normal -0.9799813246331784 0.19908943560671624 0
    outer loop
      vertex 156.65678399801254 103.07547400146723 0
      vertex 156.6612770035863 103.09758999943733 1.5
      vertex 156.6612770035863 103.09758999943733 0
    endloop
  endfacet
  facet normal -0.9799813246331784 0.19908943560671624 0
    outer loop
      vertex 156.65678399801254 103.07547400146723 0
      vertex 156.65678399801254 103.07547400146723 1.5
      vertex 156.6612770035863 103.09758999943733 1.5
    endloop
  endfacet
  facet normal -0.9687648827247979 0.24798105169389187 0
    outer loop
      vertex 156.64826100319624 103.0421779975295 0
      vertex 156.65678399801254 103.07547400146723 1.5
      vertex 156.65678399801254 103.07547400146723 0
    endloop
  endfacet
  facet normal -0.9687648827247979 0.24798105169389187 0
    outer loop
      vertex 156.64826100319624 103.0421779975295 0
      vertex 156.64826100319624 103.0421779975295 1.5
      vertex 156.65678399801254 103.07547400146723 1.5
    endloop
  endfacet
  facet normal -0.048890827800625945 0.9988041284240716 0
    outer loop
      vertex 156.62474700063467 103.04102700203657 0
      vertex 156.64826100319624 103.0421779975295 1.5
      vertex 156.64826100319624 103.0421779975295 0
    endloop
  endfacet
  facet normal -0.048890827800625945 0.9988041284240716 0
    outer loop
      vertex 156.62474700063467 103.04102700203657 0
      vertex 156.62474700063467 103.04102700203657 1.5
      vertex 156.64826100319624 103.0421779975295 1.5
    endloop
  endfacet
  facet normal 0 1 0
    outer loop
      vertex 156.4589999988675 103.04102700203657 0
      vertex 156.62474700063467 103.04102700203657 1.5
      vertex 156.62474700063467 103.04102700203657 0
    endloop
  endfacet
  facet normal 0 1 0
    outer loop
      vertex 156.4589999988675 103.04102700203657 0
      vertex 156.4589999988675 103.04102700203657 1.5
      vertex 156.62474700063467 103.04102700203657 1.5
    endloop
  endfacet
  facet normal -0.04906501451394581 0.9987955868698791 0
    outer loop
      vertex 156.3609829992056 103.03621199727058 0
      vertex 156.4589999988675 103.04102700203657 1.5
      vertex 156.4589999988675 103.04102700203657 0
    endloop
  endfacet
  facet normal -0.04906501451394581 0.9987955868698791 0
    outer loop
      vertex 156.3609829992056 103.03621199727058 0
      vertex 156.3609829992056 103.03621199727058 1.5
      vertex 156.4589999988675 103.04102700203657 1.5
    endloop
  endfacet
  facet normal -0.14673624879820393 0.9891756534047083 0
    outer loop
      vertex 156.26391000300646 103.02181199938059 0
      vertex 156.3609829992056 103.03621199727058 1.5
      vertex 156.3609829992056 103.03621199727058 0
    endloop
  endfacet
  facet normal -0.14673624879820393 0.9891756534047083 0
    outer loop
      vertex 156.26391000300646 103.02181199938059 0
      vertex 156.26391000300646 103.02181199938059 1.5
      vertex 156.3609829992056 103.03621199727058 1.5
    endloop
  endfacet
  facet normal -0.24297917470920183 0.9700315049819955 0
    outer loop
      vertex 156.1687150001526 102.99796699732542 0
      vertex 156.26391000300646 103.02181199938059 1.5
      vertex 156.26391000300646 103.02181199938059 0
    endloop
  endfacet
  facet normal -0.24297917470920183 0.9700315049819955 0
    outer loop
      vertex 156.1687150001526 102.99796699732542 0
      vertex 156.1687150001526 102.99796699732542 1.5
      vertex 156.26391000300646 103.02181199938059 1.5
    endloop
  endfacet
  facet normal -0.3368850233734256 0.9415457933774047 0
    outer loop
      vertex 156.07631699740887 102.96490699797869 0
      vertex 156.1687150001526 102.99796699732542 1.5
      vertex 156.1687150001526 102.99796699732542 0
    endloop
  endfacet
  facet normal -0.3368850233734256 0.9415457933774047 0
    outer loop
      vertex 156.07631699740887 102.96490699797869 0
      vertex 156.07631699740887 102.96490699797869 1.5
      vertex 156.1687150001526 102.99796699732542 1.5
    endloop
  endfacet
  facet normal -0.42755842324040116 0.9039877182330421 0
    outer loop
      vertex 155.98760300129652 102.92294800281525 0
      vertex 156.07631699740887 102.96490699797869 1.5
      vertex 156.07631699740887 102.96490699797869 0
    endloop
  endfacet
  facet normal -0.42755842324040116 0.9039877182330421 0
    outer loop
      vertex 155.98760300129652 102.92294800281525 0
      vertex 155.98760300129652 102.92294800281525 1.5
      vertex 156.07631699740887 102.96490699797869 1.5
    endloop
  endfacet
  facet normal -0.514100102065574 0.8577301936251087 0
    outer loop
      vertex 155.90342999994755 102.8724969998002 0
      vertex 155.98760300129652 102.92294800281525 1.5
      vertex 155.98760300129652 102.92294800281525 0
    endloop
  endfacet
  facet normal -0.514100102065574 0.8577301936251087 0
    outer loop
      vertex 155.90342999994755 102.8724969998002 0
      vertex 155.90342999994755 102.8724969998002 1.5
      vertex 155.98760300129652 102.92294800281525 1.5
    endloop
  endfacet
  facet normal -0.5956985001459758 0.8032081280240103 0
    outer loop
      vertex 155.8246069997549 102.81403800100088 0
      vertex 155.90342999994755 102.8724969998002 1.5
      vertex 155.90342999994755 102.8724969998002 0
    endloop
  endfacet
  facet normal -0.5956985001459758 0.8032081280240103 0
    outer loop
      vertex 155.8246069997549 102.81403800100088 0
      vertex 155.8246069997549 102.81403800100088 1.5
      vertex 155.90342999994755 102.8724969998002 1.5
    endloop
  endfacet
  facet normal -0.6715582276407489 0.7409517844556528 0
    outer loop
      vertex 155.75189299881458 102.7481340020895 0
      vertex 155.8246069997549 102.81403800100088 1.5
      vertex 155.8246069997549 102.81403800100088 0
    endloop
  endfacet
  facet normal -0.6715582276407489 0.7409517844556528 0
    outer loop
      vertex 155.75189299881458 102.7481340020895 0
      vertex 155.75189299881458 102.7481340020895 1.5
      vertex 155.8246069997549 102.81403800100088 1.5
    endloop
  endfacet
  facet normal -0.7409568466825369 0.671552642280761 0
    outer loop
      vertex 155.685989998281 102.67542000114918 0
      vertex 155.75189299881458 102.7481340020895 1.5
      vertex 155.75189299881458 102.7481340020895 0
    endloop
  endfacet
  facet normal -0.7409568466825369 0.671552642280761 0
    outer loop
      vertex 155.685989998281 102.67542000114918 0
      vertex 155.685989998281 102.67542000114918 1.5
      vertex 155.75189299881458 102.7481340020895 1.5
    endloop
  endfacet
  facet normal -0.8032032603172153 0.5957050634464975 0
    outer loop
      vertex 155.62753000110388 102.59659700095654 0
      vertex 155.685989998281 102.67542000114918 1.5
      vertex 155.685989998281 102.67542000114918 0
    endloop
  endfacet
  facet normal -0.8032032603172153 0.5957050634464975 0
    outer loop
      vertex 155.62753000110388 102.59659700095654 0
      vertex 155.62753000110388 102.59659700095654 1.5
      vertex 155.685989998281 102.67542000114918 1.5
    endloop
  endfacet
  facet normal -0.8577301936251087 0.514100102065574 0
    outer loop
      vertex 155.57707899808884 102.51242399960756 0
      vertex 155.62753000110388 102.59659700095654 1.5
      vertex 155.62753000110388 102.59659700095654 0
    endloop
  endfacet
  facet normal -0.8577301936251087 0.514100102065574 0
    outer loop
      vertex 155.57707899808884 102.51242399960756 0
      vertex 155.57707899808884 102.51242399960756 1.5
      vertex 155.62753000110388 102.59659700095654 1.5
    endloop
  endfacet
  facet normal -0.9039858584502382 0.42756235536116355 0
    outer loop
      vertex 155.5351200029254 102.42371100187302 0
      vertex 155.57707899808884 102.51242399960756 1.5
      vertex 155.57707899808884 102.51242399960756 0
    endloop
  endfacet
  facet normal -0.9039858584502382 0.42756235536116355 0
    outer loop
      vertex 155.5351200029254 102.42371100187302 0
      vertex 155.5351200029254 102.42371100187302 1.5
      vertex 155.57707899808884 102.51242399960756 1.5
    endloop
  endfacet
  facet normal -0.9415469479757952 0.3368817964174755 0
    outer loop
      vertex 155.50206000357866 102.3313120007515 0
      vertex 155.5351200029254 102.42371100187302 1.5
      vertex 155.5351200029254 102.42371100187302 0
    endloop
  endfacet
  facet normal -0.9415469479757952 0.3368817964174755 0
    outer loop
      vertex 155.50206000357866 102.3313120007515 0
      vertex 155.50206000357866 102.3313120007515 1.5
      vertex 155.5351200029254 102.42371100187302 1.5
    endloop
  endfacet
  facet normal -0.9700315049819955 0.24297917470920183 0
    outer loop
      vertex 155.4782150015235 102.23611699789762 0
      vertex 155.50206000357866 102.3313120007515 1.5
      vertex 155.50206000357866 102.3313120007515 0
    endloop
  endfacet
  facet normal -0.9700315049819955 0.24297917470920183 0
    outer loop
      vertex 155.4782150015235 102.23611699789762 0
      vertex 155.4782150015235 102.23611699789762 1.5
      vertex 155.50206000357866 102.3313120007515 1.5
    endloop
  endfacet
  facet normal -0.9891756534047083 0.14673624879820393 0
    outer loop
      vertex 155.4638150036335 102.1390440016985 0
      vertex 155.4782150015235 102.23611699789762 1.5
      vertex 155.4782150015235 102.23611699789762 0
    endloop
  endfacet
  facet normal -0.9891756534047083 0.14673624879820393 0
    outer loop
      vertex 155.4638150036335 102.1390440016985 0
      vertex 155.4638150036335 102.1390440016985 1.5
      vertex 155.4782150015235 102.23611699789762 1.5
    endloop
  endfacet
  facet normal -0.9987955868698791 0.04906501451394581 0
    outer loop
      vertex 155.4589999988675 102.04102700203657 0
      vertex 155.4638150036335 102.1390440016985 1.5
      vertex 155.4638150036335 102.1390440016985 0
    endloop
  endfacet
  facet normal -0.9987955868698791 0.04906501451394581 0
    outer loop
      vertex 155.4589999988675 102.04102700203657 0
      vertex 155.4589999988675 102.04102700203657 1.5
      vertex 155.4638150036335 102.1390440016985 1.5
    endloop
  endfacet
  facet normal -1 0 0
    outer loop
      vertex 155.4589999988675 81.18760000169277 0
      vertex 155.4589999988675 102.04102700203657 1.5
      vertex 155.4589999988675 102.04102700203657 0
    endloop
  endfacet
  facet normal -1 0 0
    outer loop
      vertex 155.4589999988675 81.18760000169277 0
      vertex 155.4589999988675 81.18760000169277 1.5
      vertex 155.4589999988675 102.04102700203657 1.5
    endloop
  endfacet
  facet normal -0.9988042823869123 0.048887682350110005 0
    outer loop
      vertex 155.45784100145102 81.1639209985733 0
      vertex 155.4589999988675 81.18760000169277 1.5
      vertex 155.4589999988675 81.18760000169277 0
    endloop
  endfacet
  facet normal -0.9988042823869123 0.048887682350110005 0
    outer loop
      vertex 155.45784100145102 81.1639209985733 0
      vertex 155.45784100145102 81.1639209985733 1.5
      vertex 155.4589999988675 81.18760000169277 1.5
    endloop
  endfacet
  facet normal -0.43170764099404885 0.9020135878729064 0
    outer loop
      vertex 155.43645799905062 81.15368700027466 0
      vertex 155.45784100145102 81.1639209985733 1.5
      vertex 155.45784100145102 81.1639209985733 0
    endloop
  endfacet
  facet normal -0.43170764099404885 0.9020135878729064 0
    outer loop
      vertex 155.43645799905062 81.15368700027466 0
      vertex 155.43645799905062 81.15368700027466 1.5
      vertex 155.45784100145102 81.1639209985733 1.5
    endloop
  endfacet
  facet normal -0.38711031666326556 0.9220334065167413 0
    outer loop
      vertex 155.36024399846792 81.12168899923563 0
      vertex 155.43645799905062 81.15368700027466 1.5
      vertex 155.43645799905062 81.15368700027466 0
    endloop
  endfacet
  facet normal -0.38711031666326556 0.9220334065167413 0
    outer loop
      vertex 155.36024399846792 81.12168899923563 0
      vertex 155.36024399846792 81.12168899923563 1.5
      vertex 155.43645799905062 81.15368700027466 1.5
    endloop
  endfacet
  facet normal -0.3467895682623536 0.9379429595366715 0
    outer loop
      vertex 155.3196040019393 81.10666300356388 0
      vertex 155.36024399846792 81.12168899923563 1.5
      vertex 155.36024399846792 81.12168899923563 0
    endloop
  endfacet
  facet normal -0.3467895682623536 0.9379429595366715 0
    outer loop
      vertex 155.3196040019393 81.10666300356388 0
      vertex 155.3196040019393 81.10666300356388 1.5
      vertex 155.36024399846792 81.12168899923563 1.5
    endloop
  endfacet
  facet normal -0.30579358277358765 0.9520978335940551 0
    outer loop
      vertex 155.00438699871302 81.00542200356722 0
      vertex 155.3196040019393 81.10666300356388 1.5
      vertex 155.3196040019393 81.10666300356388 0
    endloop
  endfacet
  facet normal -0.30579358277358765 0.9520978335940551 0
    outer loop
      vertex 155.00438699871302 81.00542200356722 0
      vertex 155.00438699871302 81.00542200356722 1.5
      vertex 155.3196040019393 81.10666300356388 1.5
    endloop
  endfacet
  facet normal -0.2811166292106405 0.9596736115895066 0
    outer loop
      vertex 154.97963699698448 80.99817200005054 0
      vertex 155.00438699871302 81.00542200356722 1.5
      vertex 155.00438699871302 81.00542200356722 0
    endloop
  endfacet
  facet normal -0.2811166292106405 0.9596736115895066 0
    outer loop
      vertex 154.97963699698448 80.99817200005054 0
      vertex 154.97963699698448 80.99817200005054 1.5
      vertex 155.00438699871302 81.00542200356722 1.5
    endloop
  endfacet
  facet normal -0.25628725479238085 0.9666006636822598 0
    outer loop
      vertex 154.6106510013342 80.90033800154924 0
      vertex 154.97963699698448 80.99817200005054 1.5
      vertex 154.97963699698448 80.99817200005054 0
    endloop
  endfacet
  facet normal -0.25628725479238085 0.9666006636822598 0
    outer loop
      vertex 154.6106510013342 80.90033800154924 0
      vertex 154.6106510013342 80.90033800154924 1.5
      vertex 154.97963699698448 80.99817200005054 1.5
    endloop
  endfacet
  facet normal -0.2420243039574549 0.970270187264305 0
    outer loop
      vertex 154.59635899960995 80.89677300304174 0
      vertex 154.6106510013342 80.90033800154924 1.5
      vertex 154.6106510013342 80.90033800154924 0
    endloop
  endfacet
  facet normal -0.2420243039574549 0.970270187264305 0
    outer loop
      vertex 154.59635899960995 80.89677300304174 0
      vertex 154.59635899960995 80.89677300304174 1.5
      vertex 154.6106510013342 80.90033800154924 1.5
    endloop
  endfacet
  facet normal -0.2275953530491046 0.9737557985811707 0
    outer loop
      vertex 154.1847120001912 80.8005589991808 0
      vertex 154.59635899960995 80.89677300304174 1.5
      vertex 154.59635899960995 80.89677300304174 0
    endloop
  endfacet
  facet normal -0.2275953530491046 0.9737557985811707 0
    outer loop
      vertex 154.1847120001912 80.8005589991808 0
      vertex 154.1847120001912 80.8005589991808 1.5
      vertex 154.59635899960995 80.89677300304174 1.5
    endloop
  endfacet
  facet normal -0.21465236805212973 0.9766905143849883 0
    outer loop
      vertex 153.3234319984913 80.61127100139856 0
      vertex 154.1847120001912 80.8005589991808 1.5
      vertex 154.1847120001912 80.8005589991808 0
    endloop
  endfacet
  facet normal -0.21465236805212973 0.9766905143849883 0
    outer loop
      vertex 153.3234319984913 80.61127100139856 0
      vertex 153.3234319984913 80.61127100139856 1.5
      vertex 154.1847120001912 80.8005589991808 1.5
    endloop
  endfacet
  facet normal -0.2276992623289798 0.973731506081034 0
    outer loop
      vertex 152.9288149997592 80.51899299770594 0
      vertex 153.3234319984913 80.61127100139856 1.5
      vertex 153.3234319984913 80.61127100139856 0
    endloop
  endfacet
  facet normal -0.2276992623289798 0.973731506081034 0
    outer loop
      vertex 152.9288149997592 80.51899299770594 0
      vertex 152.9288149997592 80.51899299770594 1.5
      vertex 153.3234319984913 80.61127100139856 1.5
    endloop
  endfacet
  facet normal -0.24203233276780373 0.9702681845216687 0
    outer loop
      vertex 152.9002280011773 80.51186200231314 0
      vertex 152.9288149997592 80.51899299770594 1.5
      vertex 152.9288149997592 80.51899299770594 0
    endloop
  endfacet
  facet normal -0.24203233276780373 0.9702681845216687 0
    outer loop
      vertex 152.9002280011773 80.51186200231314 0
      vertex 152.9002280011773 80.51186200231314 1.5
      vertex 152.9288149997592 80.51899299770594 1.5
    endloop
  endfacet
  facet normal -0.25628710672584826 0.9666007029410303 0
    outer loop
      vertex 152.55083499848843 80.41922300308943 0
      vertex 152.9002280011773 80.51186200231314 1.5
      vertex 152.9002280011773 80.51186200231314 0
    endloop
  endfacet
  facet normal -0.25628710672584826 0.9666007029410303 0
    outer loop
      vertex 152.55083499848843 80.41922300308943 0
      vertex 152.55083499848843 80.41922300308943 1.5
      vertex 152.9002280011773 80.51186200231314 1.5
    endloop
  endfacet
  facet normal -0.28111569004247516 0.9596738866989885 0
    outer loop
      vertex 152.50132799893618 80.40472099930048 0
      vertex 152.55083499848843 80.41922300308943 1.5
      vertex 152.55083499848843 80.41922300308943 0
    endloop
  endfacet
  facet normal -0.28111569004247516 0.9596738866989885 0
    outer loop
      vertex 152.50132799893618 80.40472099930048 0
      vertex 152.50132799893618 80.40472099930048 1.5
      vertex 152.55083499848843 80.41922300308943 1.5
    endloop
  endfacet
  facet normal -0.3057940836671932 0.9520976727175325 0
    outer loop
      vertex 152.21906200051308 80.31406299769878 0
      vertex 152.50132799893618 80.40472099930048 1.5
      vertex 152.50132799893618 80.40472099930048 0
    endloop
  endfacet
  facet normal -0.3057940836671932 0.9520976727175325 0
    outer loop
      vertex 152.21906200051308 80.31406299769878 0
      vertex 152.21906200051308 80.31406299769878 1.5
      vertex 152.50132799893618 80.40472099930048 1.5
    endloop
  endfacet
  facet normal -0.3467815944973813 0.9379459076715745 0
    outer loop
      vertex 152.13774199783802 80.28399699926376 0
      vertex 152.21906200051308 80.31406299769878 1.5
      vertex 152.21906200051308 80.31406299769878 0
    endloop
  endfacet
  facet normal -0.3467815944973813 0.9379459076715745 0
    outer loop
      vertex 152.13774199783802 80.28399699926376 0
      vertex 152.13774199783802 80.28399699926376 1.5
      vertex 152.21906200051308 80.31406299769878 1.5
    endloop
  endfacet
  facet normal -0.38711229688647086 0.9220325751291442 0
    outer loop
      vertex 152.07188700139523 80.25634799897671 0
      vertex 152.13774199783802 80.28399699926376 1.5
      vertex 152.13774199783802 80.28399699926376 0
    endloop
  endfacet
  facet normal -0.38711229688647086 0.9220325751291442 0
    outer loop
      vertex 152.07188700139523 80.25634799897671 0
      vertex 152.07188700139523 80.25634799897671 1.5
      vertex 152.13774199783802 80.28399699926376 1.5
    endloop
  endfacet
  facet normal -0.4317052446968828 0.9020147347472792 0
    outer loop
      vertex 151.98372799903154 80.21415500342846 0
      vertex 152.07188700139523 80.25634799897671 1.5
      vertex 152.07188700139523 80.25634799897671 0
    endloop
  endfacet
  facet normal -0.4317052446968828 0.9020147347472792 0
    outer loop
      vertex 151.98372799903154 80.21415500342846 0
      vertex 151.98372799903154 80.21415500342846 1.5
      vertex 152.07188700139523 80.25634799897671 1.5
    endloop
  endfacet
  facet normal -0.5177016119569556 0.85556124326501 0
    outer loop
      vertex 151.90010900050402 80.16355700045824 0
      vertex 151.98372799903154 80.21415500342846 1.5
      vertex 151.98372799903154 80.21415500342846 0
    endloop
  endfacet
  facet normal -0.5177016119569556 0.85556124326501 0
    outer loop
      vertex 151.90010900050402 80.16355700045824 0
      vertex 151.90010900050402 80.16355700045824 1.5
      vertex 151.98372799903154 80.21415500342846 1.5
    endloop
  endfacet
  facet normal -0.5987485241527936 0.8009370791921496 0
    outer loop
      vertex 151.82182899862528 80.10503800213337 0
      vertex 151.90010900050402 80.16355700045824 1.5
      vertex 151.90010900050402 80.16355700045824 0
    endloop
  endfacet
  facet normal -0.5987485241527936 0.8009370791921496 0
    outer loop
      vertex 151.82182899862528 80.10503800213337 0
      vertex 151.82182899862528 80.10503800213337 1.5
      vertex 151.90010900050402 80.16355700045824 1.5
    endloop
  endfacet
  facet normal -0.6740726052650364 0.7386650951758897 0
    outer loop
      vertex 151.74963500350714 80.03915700316429 0
      vertex 151.82182899862528 80.10503800213337 1.5
      vertex 151.82182899862528 80.10503800213337 0
    endloop
  endfacet
  facet normal -0.6740726052650364 0.7386650951758897 0
    outer loop
      vertex 151.74963500350714 80.03915700316429 0
      vertex 151.74963500350714 80.03915700316429 1.5
      vertex 151.82182899862528 80.10503800213337 1.5
    endloop
  endfacet
  facet normal -0.7429659093965199 0.6693292593892801 0
    outer loop
      vertex 151.6842169985175 79.96654199808836 0
      vertex 151.74963500350714 80.03915700316429 1.5
      vertex 151.74963500350714 80.03915700316429 0
    endloop
  endfacet
  facet normal -0.7429659093965199 0.6693292593892801 0
    outer loop
      vertex 151.6842169985175 79.96654199808836 0
      vertex 151.6842169985175 79.96654199808836 1.5
      vertex 151.74963500350714 80.03915700316429 1.5
    endloop
  endfacet
  facet normal -0.8047520128885064 0.593611150292763 0
    outer loop
      vertex 151.62619999796152 79.8878889977932 0
      vertex 151.6842169985175 79.96654199808836 1.5
      vertex 151.6842169985175 79.96654199808836 0
    endloop
  endfacet
  facet normal -0.8047520128885064 0.593611150292763 0
    outer loop
      vertex 151.62619999796152 79.8878889977932 0
      vertex 151.62619999796152 79.8878889977932 1.5
      vertex 151.6842169985175 79.96654199808836 1.5
    endloop
  endfacet
  facet normal -0.8588558209251765 0.5122174136662486 0
    outer loop
      vertex 151.57613799721003 79.80394800007343 0
      vertex 151.62619999796152 79.8878889977932 1.5
      vertex 151.62619999796152 79.8878889977932 0
    endloop
  endfacet
  facet normal -0.8588558209251765 0.5122174136662486 0
    outer loop
      vertex 151.57613799721003 79.80394800007343 0
      vertex 151.57613799721003 79.80394800007343 1.5
      vertex 151.62619999796152 79.8878889977932 1.5
    endloop
  endfacet
  facet normal -0.9047544844685369 0.42593347231002165 0
    outer loop
      vertex 151.53450900316238 79.71552100032568 0
      vertex 151.57613799721003 79.80394800007343 1.5
      vertex 151.57613799721003 79.80394800007343 0
    endloop
  endfacet
  facet normal -0.9047544844685369 0.42593347231002165 0
    outer loop
      vertex 151.53450900316238 79.71552100032568 0
      vertex 151.53450900316238 79.71552100032568 1.5
      vertex 151.57613799721003 79.80394800007343 1.5
    endloop
  endfacet
  facet normal -0.9420163657525287 0.3355669331957455 0
    outer loop
      vertex 151.50171200186014 79.62345200031996 0
      vertex 151.53450900316238 79.71552100032568 1.5
      vertex 151.53450900316238 79.71552100032568 0
    endloop
  endfacet
  facet normal -0.9420163657525287 0.3355669331957455 0
    outer loop
      vertex 151.50171200186014 79.62345200031996 0
      vertex 151.50171200186014 79.62345200031996 1.5
      vertex 151.53450900316238 79.71552100032568 1.5
    endloop
  endfacet
  facet normal -0.9702741610920306 0.24200837241127943 0
    outer loop
      vertex 151.47805900126696 79.52862100303173 0
      vertex 151.50171200186014 79.62345200031996 1.5
      vertex 151.50171200186014 79.62345200031996 0
    endloop
  endfacet
  facet normal -0.9702741610920306 0.24200837241127943 0
    outer loop
      vertex 151.47805900126696 79.52862100303173 0
      vertex 151.47805900126696 79.52862100303173 1.5
      vertex 151.50171200186014 79.62345200031996 1.5
    endloop
  endfacet
  facet normal -0.9892639706644637 0.14613964672592739 0
    outer loop
      vertex 151.46377599984407 79.43193499743938 0
      vertex 151.47805900126696 79.52862100303173 1.5
      vertex 151.47805900126696 79.52862100303173 0
    endloop
  endfacet
  facet normal -0.9892639706644637 0.14613964672592739 0
    outer loop
      vertex 151.46377599984407 79.43193499743938 0
      vertex 151.46377599984407 79.43193499743938 1.5
      vertex 151.47805900126696 79.52862100303173 1.5
    endloop
  endfacet
  facet normal -0.9988053207288798 0.04886646379347816 0
    outer loop
      vertex 151.4589999988675 79.33431600034237 0
      vertex 151.46377599984407 79.43193499743938 1.5
      vertex 151.46377599984407 79.43193499743938 0
    endloop
  endfacet
  facet normal -0.9988053207288798 0.04886646379347816 0
    outer loop
      vertex 151.4589999988675 79.33431600034237 0
      vertex 151.4589999988675 79.33431600034237 1.5
      vertex 151.46377599984407 79.43193499743938 1.5
    endloop
  endfacet
  facet normal -1 0 0
    outer loop
      vertex 151.4589999988675 60.079773001372814 0
      vertex 151.4589999988675 79.33431600034237 1.5
      vertex 151.4589999988675 79.33431600034237 0
    endloop
  endfacet
  facet normal -1 0 0
    outer loop
      vertex 151.4589999988675 60.079773001372814 0
      vertex 151.4589999988675 60.079773001372814 1.5
      vertex 151.4589999988675 79.33431600034237 1.5
    endloop
  endfacet
  facet normal -0.9988053209109164 -0.048866460072746504 0
    outer loop
      vertex 151.46377599984407 59.98215399682522 0
      vertex 151.4589999988675 60.079773001372814 1.5
      vertex 151.4589999988675 60.079773001372814 0
    endloop
  endfacet
  facet normal -0.9988053209109164 -0.048866460072746504 0
    outer loop
      vertex 151.46377599984407 59.98215399682522 0
      vertex 151.46377599984407 59.98215399682522 1.5
      vertex 151.4589999988675 60.079773001372814 1.5
    endloop
  endfacet
  facet normal -0.9892641871953753 -0.14613818095444253 0
    outer loop
      vertex 151.47805900126696 59.88546700030565 0
      vertex 151.46377599984407 59.98215399682522 1.5
      vertex 151.46377599984407 59.98215399682522 0
    endloop
  endfacet
  facet normal -0.9892641871953753 -0.14613818095444253 0
    outer loop
      vertex 151.47805900126696 59.88546700030565 0
      vertex 151.47805900126696 59.88546700030565 1.5
      vertex 151.46377599984407 59.98215399682522 1.5
    endloop
  endfacet
  facet normal -0.9702735628095271 -0.24201077106795593 0
    outer loop
      vertex 151.50171200186014 59.790637001395226 0
      vertex 151.47805900126696 59.88546700030565 1.5
      vertex 151.47805900126696 59.88546700030565 0
    endloop
  endfacet
  facet normal -0.9702735628095271 -0.24201077106795593 0
    outer loop
      vertex 151.50171200186014 59.790637001395226 0
      vertex 151.50171200186014 59.790637001395226 1.5
      vertex 151.47805900126696 59.88546700030565 1.5
    endloop
  endfacet
  facet normal -0.9420163657525287 -0.3355669331957455 0
    outer loop
      vertex 151.53450900316238 59.6985680013895 0
      vertex 151.50171200186014 59.790637001395226 1.5
      vertex 151.50171200186014 59.790637001395226 0
    endloop
  endfacet
  facet normal -0.9420163657525287 -0.3355669331957455 0
    outer loop
      vertex 151.53450900316238 59.6985680013895 0
      vertex 151.53450900316238 59.6985680013895 1.5
      vertex 151.50171200186014 59.790637001395226 1.5
    endloop
  endfacet
  facet normal -0.9047544844685369 -0.42593347231002165 0
    outer loop
      vertex 151.57613799721003 59.61014100164175 0
      vertex 151.53450900316238 59.6985680013895 1.5
      vertex 151.53450900316238 59.6985680013895 0
    endloop
  endfacet
  facet normal -0.9047544844685369 -0.42593347231002165 0
    outer loop
      vertex 151.57613799721003 59.61014100164175 0
      vertex 151.57613799721003 59.61014100164175 1.5
      vertex 151.53450900316238 59.6985680013895 1.5
    endloop
  endfacet
  facet normal -0.858858520982236 -0.5122128863433698 0
    outer loop
      vertex 151.62619999796152 59.526198998093605 0
      vertex 151.57613799721003 59.61014100164175 1.5
      vertex 151.57613799721003 59.61014100164175 0
    endloop
  endfacet
  facet normal -0.858858520982236 -0.5122128863433698 0
    outer loop
      vertex 151.62619999796152 59.526198998093605 0
      vertex 151.62619999796152 59.526198998093605 1.5
      vertex 151.57613799721003 59.61014100164175 1.5
    endloop
  endfacet
  facet normal -0.8047520128885064 -0.593611150292763 0
    outer loop
      vertex 151.6842169985175 59.44754599779844 0
      vertex 151.62619999796152 59.526198998093605 1.5
      vertex 151.62619999796152 59.526198998093605 0
    endloop
  endfacet
  facet normal -0.8047520128885064 -0.593611150292763 0
    outer loop
      vertex 151.6842169985175 59.44754599779844 0
      vertex 151.6842169985175 59.44754599779844 1.5
      vertex 151.62619999796152 59.526198998093605 1.5
    endloop
  endfacet
  facet normal -0.7429612988649293 -0.6693343771157559 0
    outer loop
      vertex 151.74963500350714 59.37493199855089 0
      vertex 151.6842169985175 59.44754599779844 1.5
      vertex 151.6842169985175 59.44754599779844 0
    endloop
  endfacet
  facet normal -0.7429612988649293 -0.6693343771157559 0
    outer loop
      vertex 151.74963500350714 59.37493199855089 0
      vertex 151.74963500350714 59.37493199855089 1.5
      vertex 151.6842169985175 59.44754599779844 1.5
    endloop
  endfacet
  facet normal -0.6740726052650364 -0.7386650951758897 0
    outer loop
      vertex 151.82182899862528 59.309050999581814 0
      vertex 151.74963500350714 59.37493199855089 1.5
      vertex 151.74963500350714 59.37493199855089 0
    endloop
  endfacet
  facet normal -0.6740726052650364 -0.7386650951758897 0
    outer loop
      vertex 151.82182899862528 59.309050999581814 0
      vertex 151.82182899862528 59.309050999581814 1.5
      vertex 151.74963500350714 59.37493199855089 1.5
    endloop
  endfacet
  facet normal -0.5987485241527936 -0.8009370791921496 0
    outer loop
      vertex 151.90010900050402 59.25053200125694 0
      vertex 151.82182899862528 59.309050999581814 1.5
      vertex 151.82182899862528 59.309050999581814 0
    endloop
  endfacet
  facet normal -0.5987485241527936 -0.8009370791921496 0
    outer loop
      vertex 151.90010900050402 59.25053200125694 0
      vertex 151.90010900050402 59.25053200125694 1.5
      vertex 151.82182899862528 59.309050999581814 1.5
    endloop
  endfacet
  facet normal -0.5177016119569556 -0.85556124326501 0
    outer loop
      vertex 151.98372799903154 59.199933998286724 0
      vertex 151.90010900050402 59.25053200125694 1.5
      vertex 151.90010900050402 59.25053200125694 0
    endloop
  endfacet
  facet normal -0.5177016119569556 -0.85556124326501 0
    outer loop
      vertex 151.98372799903154 59.199933998286724 0
      vertex 151.98372799903154 59.199933998286724 1.5
      vertex 151.90010900050402 59.25053200125694 1.5
    endloop
  endfacet
  facet normal -0.4317052446968828 -0.9020147347472792 0
    outer loop
      vertex 152.07188700139523 59.157741002738476 0
      vertex 151.98372799903154 59.199933998286724 1.5
      vertex 151.98372799903154 59.199933998286724 0
    endloop
  endfacet
  facet normal -0.4317052446968828 -0.9020147347472792 0
    outer loop
      vertex 152.07188700139523 59.157741002738476 0
      vertex 152.07188700139523 59.157741002738476 1.5
      vertex 151.98372799903154 59.199933998286724 1.5
    endloop
  endfacet
  facet normal -0.38712426898818736 -0.9220275485908007 0
    outer loop
      vertex 152.13774199783802 59.13009099662304 0
      vertex 152.07188700139523 59.157741002738476 1.5
      vertex 152.07188700139523 59.157741002738476 0
    endloop
  endfacet
  facet normal -0.38712426898818736 -0.9220275485908007 0
    outer loop
      vertex 152.13774199783802 59.13009099662304 0
      vertex 152.13774199783802 59.13009099662304 1.5
      vertex 152.07188700139523 59.157741002738476 1.5
    endloop
  endfacet
  facet normal -0.3467714639360254 -0.9379496531262571 0
    outer loop
      vertex 152.21906200051308 59.10002599656582 0
      vertex 152.13774199783802 59.13009099662304 1.5
      vertex 152.13774199783802 59.13009099662304 0
    endloop
  endfacet
  facet normal -0.3467714639360254 -0.9379496531262571 0
    outer loop
      vertex 152.21906200051308 59.10002599656582 0
      vertex 152.21906200051308 59.10002599656582 1.5
      vertex 152.13774199783802 59.13009099662304 1.5
    endloop
  endfacet
  facet normal -0.305794060886021 -0.9520976800343737 0
    outer loop
      vertex 152.50132799893618 59.0093680024147 0
      vertex 152.21906200051308 59.10002599656582 1.5
      vertex 152.21906200051308 59.10002599656582 0
    endloop
  endfacet
  facet normal -0.305794060886021 -0.9520976800343737 0
    outer loop
      vertex 152.50132799893618 59.0093680024147 0
      vertex 152.50132799893618 59.0093680024147 1.5
      vertex 152.21906200051308 59.10002599656582 1.5
    endloop
  endfacet
  facet normal -0.28113351365769007 -0.9596686654770392 0
    outer loop
      vertex 152.55083499848843 58.994865000247955 0
      vertex 152.50132799893618 59.0093680024147 1.5
      vertex 152.50132799893618 59.0093680024147 0
    endloop
  endfacet
  facet normal -0.28113351365769007 -0.9596686654770392 0
    outer loop
      vertex 152.55083499848843 58.994865000247955 0
      vertex 152.55083499848843 58.994865000247955 1.5
      vertex 152.50132799893618 59.0093680024147 1.5
    endloop
  endfacet
  facet normal -0.25628710672584826 -0.9666007029410303 0
    outer loop
      vertex 152.9002280011773 58.902226001024246 0
      vertex 152.55083499848843 58.994865000247955 1.5
      vertex 152.55083499848843 58.994865000247955 0
    endloop
  endfacet
  facet normal -0.25628710672584826 -0.9666007029410303 0
    outer loop
      vertex 152.9002280011773 58.902226001024246 0
      vertex 152.9002280011773 58.902226001024246 1.5
      vertex 152.55083499848843 58.994865000247955 1.5
    endloop
  endfacet
  facet normal -0.24200066963566247 -0.970276082306418 0
    outer loop
      vertex 152.9288149997592 58.895095996558666 0
      vertex 152.9002280011773 58.902226001024246 1.5
      vertex 152.9002280011773 58.902226001024246 0
    endloop
  endfacet
  facet normal -0.24200066963566247 -0.970276082306418 0
    outer loop
      vertex 152.9288149997592 58.895095996558666 0
      vertex 152.9288149997592 58.895095996558666 1.5
      vertex 152.9002280011773 58.902226001024246 1.5
    endloop
  endfacet
  facet normal -0.22770158070178032 -0.9737309639453346 0
    outer loop
      vertex 153.3234319984913 58.80281700193882 0
      vertex 152.9288149997592 58.895095996558666 1.5
      vertex 152.9288149997592 58.895095996558666 0
    endloop
  endfacet
  facet normal -0.22770158070178032 -0.9737309639453346 0
    outer loop
      vertex 153.3234319984913 58.80281700193882 0
      vertex 153.3234319984913 58.80281700193882 1.5
      vertex 152.9288149997592 58.895095996558666 1.5
    endloop
  endfacet
  facet normal -0.21465237611178864 -0.9766905126136749 0
    outer loop
      vertex 154.1847120001912 58.61352899670601 0
      vertex 153.3234319984913 58.80281700193882 1.5
      vertex 153.3234319984913 58.80281700193882 0
    endloop
  endfacet
  facet normal -0.21465237611178864 -0.9766905126136749 0
    outer loop
      vertex 154.1847120001912 58.61352899670601 0
      vertex 154.1847120001912 58.61352899670601 1.5
      vertex 153.3234319984913 58.80281700193882 1.5
    endloop
  endfacet
  facet normal -0.22759533633760837 -0.9737558024871384 0
    outer loop
      vertex 154.59635899960995 58.51731500029564 0
      vertex 154.1847120001912 58.61352899670601 1.5
      vertex 154.1847120001912 58.61352899670601 0
    endloop
  endfacet
  facet normal -0.22759533633760837 -0.9737558024871384 0
    outer loop
      vertex 154.59635899960995 58.51731500029564 0
      vertex 154.59635899960995 58.51731500029564 1.5
      vertex 154.1847120001912 58.61352899670601 1.5
    endloop
  endfacet
  facet normal -0.2420243039574549 -0.970270187264305 0
    outer loop
      vertex 154.6106510013342 58.51375000178814 0
      vertex 154.59635899960995 58.51731500029564 1.5
      vertex 154.59635899960995 58.51731500029564 0
    endloop
  endfacet
  facet normal -0.2420243039574549 -0.970270187264305 0
    outer loop
      vertex 154.6106510013342 58.51375000178814 0
      vertex 154.6106510013342 58.51375000178814 1.5
      vertex 154.59635899960995 58.51731500029564 1.5
    endloop
  endfacet
  facet normal -0.2562848112114033 -0.9666013115769788 0
    outer loop
      vertex 154.97963699698448 58.41591700166464 0
      vertex 154.6106510013342 58.51375000178814 1.5
      vertex 154.6106510013342 58.51375000178814 0
    endloop
  endfacet
  facet normal -0.2562848112114033 -0.9666013115769788 0
    outer loop
      vertex 154.97963699698448 58.41591700166464 0
      vertex 154.97963699698448 58.41591700166464 1.5
      vertex 154.6106510013342 58.51375000178814 1.5
    endloop
  endfacet
  facet normal -0.28115228115757285 -0.9596631673664948 0
    outer loop
      vertex 155.00438699871302 58.408665999770164 0
      vertex 154.97963699698448 58.41591700166464 1.5
      vertex 154.97963699698448 58.41591700166464 0
    endloop
  endfacet
  facet normal -0.28115228115757285 -0.9596631673664948 0
    outer loop
      vertex 155.00438699871302 58.408665999770164 0
      vertex 155.00438699871302 58.408665999770164 1.5
      vertex 154.97963699698448 58.41591700166464 1.5
    endloop
  endfacet
  facet normal -0.30579358277358765 -0.9520978335940551 0
    outer loop
      vertex 155.3196040019393 58.3074249997735 0
      vertex 155.00438699871302 58.408665999770164 1.5
      vertex 155.00438699871302 58.408665999770164 0
    endloop
  endfacet
  facet normal -0.30579358277358765 -0.9520978335940551 0
    outer loop
      vertex 155.3196040019393 58.3074249997735 0
      vertex 155.3196040019393 58.3074249997735 1.5
      vertex 155.00438699871302 58.408665999770164 1.5
    endloop
  endfacet
  facet normal -0.34676929723582156 -0.9379504541789905 0
    outer loop
      vertex 155.36024399846792 58.29240000247955 0
      vertex 155.3196040019393 58.3074249997735 1.5
      vertex 155.3196040019393 58.3074249997735 0
    endloop
  endfacet
  facet normal -0.34676929723582156 -0.9379504541789905 0
    outer loop
      vertex 155.36024399846792 58.29240000247955 0
      vertex 155.36024399846792 58.29240000247955 1.5
      vertex 155.3196040019393 58.3074249997735 1.5
    endloop
  endfacet
  facet normal -0.38711031666326556 -0.9220334065167413 0
    outer loop
      vertex 155.43645799905062 58.260402001440525 0
      vertex 155.36024399846792 58.29240000247955 1.5
      vertex 155.36024399846792 58.29240000247955 0
    endloop
  endfacet
  facet normal -0.38711031666326556 -0.9220334065167413 0
    outer loop
      vertex 155.43645799905062 58.260402001440525 0
      vertex 155.43645799905062 58.260402001440525 1.5
      vertex 155.36024399846792 58.29240000247955 1.5
    endloop
  endfacet
  facet normal -0.4317421619256595 -0.9019970651924305 0
    outer loop
      vertex 155.45784100145102 58.2501669973135 0
      vertex 155.43645799905062 58.260402001440525 1.5
      vertex 155.43645799905062 58.260402001440525 0
    endloop
  endfacet
  facet normal -0.4317421619256595 -0.9019970651924305 0
    outer loop
      vertex 155.45784100145102 58.2501669973135 0
      vertex 155.45784100145102 58.2501669973135 1.5
      vertex 155.43645799905062 58.260402001440525 1.5
    endloop
  endfacet
  facet normal -0.998804180980044 -0.04888975410843767 0
    outer loop
      vertex 155.4589999988675 58.22648900002241 0
      vertex 155.45784100145102 58.2501669973135 1.5
      vertex 155.45784100145102 58.2501669973135 0
    endloop
  endfacet
  facet normal -0.998804180980044 -0.04888975410843767 0
    outer loop
      vertex 155.4589999988675 58.22648900002241 0
      vertex 155.4589999988675 58.22648900002241 1.5
      vertex 155.45784100145102 58.2501669973135 1.5
    endloop
  endfacet
  facet normal -1 0 0
    outer loop
      vertex 155.4589999988675 42.66417499631643 0
      vertex 155.4589999988675 58.22648900002241 1.5
      vertex 155.4589999988675 58.22648900002241 0
    endloop
  endfacet
  facet normal -1 0 0
    outer loop
      vertex 155.4589999988675 42.66417499631643 0
      vertex 155.4589999988675 42.66417499631643 1.5
      vertex 155.4589999988675 58.22648900002241 1.5
    endloop
  endfacet
  facet normal -0.998804180980044 0.04888975410843767 0
    outer loop
      vertex 155.45784100145102 42.640496999025345 0
      vertex 155.4589999988675 42.66417499631643 1.5
      vertex 155.4589999988675 42.66417499631643 0
    endloop
  endfacet
  facet normal -0.998804180980044 0.04888975410843767 0
    outer loop
      vertex 155.45784100145102 42.640496999025345 0
      vertex 155.45784100145102 42.640496999025345 1.5
      vertex 155.4589999988675 42.66417499631643 1.5
    endloop
  endfacet
  facet normal -0.43174190622202896 0.9019971875852877 0
    outer loop
      vertex 155.43645799905062 42.6302620023489 0
      vertex 155.45784100145102 42.640496999025345 1.5
      vertex 155.45784100145102 42.640496999025345 0
    endloop
  endfacet
  facet normal -0.43174190622202896 0.9019971875852877 0
    outer loop
      vertex 155.43645799905062 42.6302620023489 0
      vertex 155.43645799905062 42.6302620023489 1.5
      vertex 155.45784100145102 42.640496999025345 1.5
    endloop
  endfacet
  facet normal -0.38711031666326556 0.9220334065167413 0
    outer loop
      vertex 155.36024399846792 42.59826400130987 0
      vertex 155.43645799905062 42.6302620023489 1.5
      vertex 155.43645799905062 42.6302620023489 0
    endloop
  endfacet
  facet normal -0.38711031666326556 0.9220334065167413 0
    outer loop
      vertex 155.36024399846792 42.59826400130987 0
      vertex 155.36024399846792 42.59826400130987 1.5
      vertex 155.43645799905062 42.6302620023489 1.5
    endloop
  endfacet
  facet normal -0.3467694485139386 0.9379503982500029 0
    outer loop
      vertex 155.3196040019393 42.58323899656534 0
      vertex 155.36024399846792 42.59826400130987 1.5
      vertex 155.36024399846792 42.59826400130987 0
    endloop
  endfacet
  facet normal -0.3467694485139386 0.9379503982500029 0
    outer loop
      vertex 155.3196040019393 42.58323899656534 0
      vertex 155.3196040019393 42.58323899656534 1.5
      vertex 155.36024399846792 42.59826400130987 1.5
    endloop
  endfacet
  facet normal -0.30579358277358765 0.9520978335940551 0
    outer loop
      vertex 155.00438699871302 42.48199799656868 0
      vertex 155.3196040019393 42.58323899656534 1.5
      vertex 155.3196040019393 42.58323899656534 0
    endloop
  endfacet
  facet normal -0.30579358277358765 0.9520978335940551 0
    outer loop
      vertex 155.00438699871302 42.48199799656868 0
      vertex 155.00438699871302 42.48199799656868 1.5
      vertex 155.3196040019393 42.58323899656534 1.5
    endloop
  endfacet
  facet normal -0.2811163631469594 0.959673689527345 0
    outer loop
      vertex 154.97963699698448 42.474748000502586 0
      vertex 155.00438699871302 42.48199799656868 1.5
      vertex 155.00438699871302 42.48199799656868 0
    endloop
  endfacet
  facet normal -0.2811163631469594 0.959673689527345 0
    outer loop
      vertex 154.97963699698448 42.474748000502586 0
      vertex 154.97963699698448 42.474748000502586 1.5
      vertex 155.00438699871302 42.48199799656868 1.5
    endloop
  endfacet
  facet normal -0.25628725479238085 0.9666006636822598 0
    outer loop
      vertex 154.6106510013342 42.376914002001286 0
      vertex 154.97963699698448 42.474748000502586 1.5
      vertex 154.97963699698448 42.474748000502586 0
    endloop
  endfacet
  facet normal -0.25628725479238085 0.9666006636822598 0
    outer loop
      vertex 154.6106510013342 42.376914002001286 0
      vertex 154.6106510013342 42.376914002001286 1.5
      vertex 154.97963699698448 42.474748000502586 1.5
    endloop
  endfacet
  facet normal -0.2420243039574549 0.970270187264305 0
    outer loop
      vertex 154.59635899960995 42.373349003493786 0
      vertex 154.6106510013342 42.376914002001286 1.5
      vertex 154.6106510013342 42.376914002001286 0
    endloop
  endfacet
  facet normal -0.2420243039574549 0.970270187264305 0
    outer loop
      vertex 154.59635899960995 42.373349003493786 0
      vertex 154.59635899960995 42.373349003493786 1.5
      vertex 154.6106510013342 42.376914002001286 1.5
    endloop
  endfacet
  facet normal -0.2275953530491046 0.9737557985811707 0
    outer loop
      vertex 154.1847120001912 42.277134999632835 0
      vertex 154.59635899960995 42.373349003493786 1.5
      vertex 154.59635899960995 42.373349003493786 0
    endloop
  endfacet
  facet normal -0.2275953530491046 0.9737557985811707 0
    outer loop
      vertex 154.1847120001912 42.277134999632835 0
      vertex 154.1847120001912 42.277134999632835 1.5
      vertex 154.59635899960995 42.373349003493786 1.5
    endloop
  endfacet
  facet normal -0.21465236805212973 0.9766905143849883 0
    outer loop
      vertex 153.3234319984913 42.087847001850605 0
      vertex 154.1847120001912 42.277134999632835 1.5
      vertex 154.1847120001912 42.277134999632835 0
    endloop
  endfacet
  facet normal -0.21465236805212973 0.9766905143849883 0
    outer loop
      vertex 153.3234319984913 42.087847001850605 0
      vertex 153.3234319984913 42.087847001850605 1.5
      vertex 154.1847120001912 42.277134999632835 1.5
    endloop
  endfacet
  facet normal -0.2277015981331401 0.9737309598691077 0
    outer loop
      vertex 152.9288149997592 41.99556799978018 0
      vertex 153.3234319984913 42.087847001850605 1.5
      vertex 153.3234319984913 42.087847001850605 0
    endloop
  endfacet
  facet normal -0.2277015981331401 0.9737309598691077 0
    outer loop
      vertex 152.9288149997592 41.99556799978018 0
      vertex 152.9288149997592 41.99556799978018 1.5
      vertex 153.3234319984913 42.087847001850605 1.5
    endloop
  endfacet
  facet normal -0.2420004315640712 0.9702761416848316 0
    outer loop
      vertex 152.9002280011773 41.98843800276518 0
      vertex 152.9288149997592 41.99556799978018 1.5
      vertex 152.9288149997592 41.99556799978018 0
    endloop
  endfacet
  facet normal -0.2420004315640712 0.9702761416848316 0
    outer loop
      vertex 152.9002280011773 41.98843800276518 0
      vertex 152.9002280011773 41.98843800276518 1.5
      vertex 152.9288149997592 41.99556799978018 1.5
    endloop
  endfacet
  facet normal -0.25628710672584826 0.9666007029410303 0
    outer loop
      vertex 152.55083499848843 41.89579900354147 0
      vertex 152.9002280011773 41.98843800276518 1.5
      vertex 152.9002280011773 41.98843800276518 0
    endloop
  endfacet
  facet normal -0.25628710672584826 0.9666007029410303 0
    outer loop
      vertex 152.55083499848843 41.89579900354147 0
      vertex 152.55083499848843 41.89579900354147 1.5
      vertex 152.9002280011773 41.98843800276518 1.5
    endloop
  endfacet
  facet normal -0.28113351365769007 0.9596686654770392 0
    outer loop
      vertex 152.50132799893618 41.88129600137472 0
      vertex 152.55083499848843 41.89579900354147 1.5
      vertex 152.55083499848843 41.89579900354147 0
    endloop
  endfacet
  facet normal -0.28113351365769007 0.9596686654770392 0
    outer loop
      vertex 152.50132799893618 41.88129600137472 0
      vertex 152.50132799893618 41.88129600137472 1.5
      vertex 152.55083499848843 41.89579900354147 1.5
    endloop
  endfacet
  facet normal -0.3057940836671932 0.9520976727175325 0
    outer loop
      vertex 152.21906200051308 41.790637999773026 0
      vertex 152.50132799893618 41.88129600137472 1.5
      vertex 152.50132799893618 41.88129600137472 0
    endloop
  endfacet
  facet normal -0.3057940836671932 0.9520976727175325 0
    outer loop
      vertex 152.21906200051308 41.790637999773026 0
      vertex 152.21906200051308 41.790637999773026 1.5
      vertex 152.50132799893618 41.88129600137472 1.5
    endloop
  endfacet
  facet normal -0.3467714639360254 0.9379496531262571 0
    outer loop
      vertex 152.13774199783802 41.760572999715805 0
      vertex 152.21906200051308 41.790637999773026 1.5
      vertex 152.21906200051308 41.790637999773026 0
    endloop
  endfacet
  facet normal -0.3467714639360254 0.9379496531262571 0
    outer loop
      vertex 152.13774199783802 41.760572999715805 0
      vertex 152.13774199783802 41.760572999715805 1.5
      vertex 152.21906200051308 41.790637999773026 1.5
    endloop
  endfacet
  facet normal -0.38711229688647086 0.9220325751291442 0
    outer loop
      vertex 152.07188700139523 41.73292399942875 0
      vertex 152.13774199783802 41.760572999715805 1.5
      vertex 152.13774199783802 41.760572999715805 0
    endloop
  endfacet
  facet normal -0.38711229688647086 0.9220325751291442 0
    outer loop
      vertex 152.07188700139523 41.73292399942875 0
      vertex 152.07188700139523 41.73292399942875 1.5
      vertex 152.13774199783802 41.760572999715805 1.5
    endloop
  endfacet
  facet normal -0.4317136179692895 0.9020107272421244 0
    outer loop
      vertex 151.98372799903154 41.69072999805212 0
      vertex 152.07188700139523 41.73292399942875 1.5
      vertex 152.07188700139523 41.73292399942875 0
    endloop
  endfacet
  facet normal -0.4317136179692895 0.9020107272421244 0
    outer loop
      vertex 151.98372799903154 41.69072999805212 0
      vertex 151.98372799903154 41.69072999805212 1.5
      vertex 152.07188700139523 41.73292399942875 1.5
    endloop
  endfacet
  facet normal -0.5177015561564042 0.8555612770300193 0
    outer loop
      vertex 151.90010900050402 41.64013200253248 0
      vertex 151.98372799903154 41.69072999805212 1.5
      vertex 151.98372799903154 41.69072999805212 0
    endloop
  endfacet
  facet normal -0.5177015561564042 0.8555612770300193 0
    outer loop
      vertex 151.90010900050402 41.64013200253248 0
      vertex 151.90010900050402 41.64013200253248 1.5
      vertex 151.98372799903154 41.69072999805212 1.5
    endloop
  endfacet
  facet normal -0.598748573055676 0.8009370426343082 0
    outer loop
      vertex 151.82182899862528 41.58161299675703 0
      vertex 151.90010900050402 41.64013200253248 1.5
      vertex 151.90010900050402 41.64013200253248 0
    endloop
  endfacet
  facet normal -0.598748573055676 0.8009370426343082 0
    outer loop
      vertex 151.82182899862528 41.58161299675703 0
      vertex 151.82182899862528 41.58161299675703 1.5
      vertex 151.90010900050402 41.64013200253248 1.5
    endloop
  endfacet
  facet normal -0.6740726052650364 0.7386650951758897 0
    outer loop
      vertex 151.74963500350714 41.51573199778795 0
      vertex 151.82182899862528 41.58161299675703 1.5
      vertex 151.82182899862528 41.58161299675703 0
    endloop
  endfacet
  facet normal -0.6740726052650364 0.7386650951758897 0
    outer loop
      vertex 151.74963500350714 41.51573199778795 0
      vertex 151.74963500350714 41.51573199778795 1.5
      vertex 151.82182899862528 41.58161299675703 1.5
    endloop
  endfacet
  facet normal -0.7429612988649293 0.6693343771157559 0
    outer loop
      vertex 151.6842169985175 41.4431179985404 0
      vertex 151.74963500350714 41.51573199778795 1.5
      vertex 151.74963500350714 41.51573199778795 0
    endloop
  endfacet
  facet normal -0.7429612988649293 0.6693343771157559 0
    outer loop
      vertex 151.6842169985175 41.4431179985404 0
      vertex 151.6842169985175 41.4431179985404 1.5
      vertex 151.74963500350714 41.51573199778795 1.5
    endloop
  endfacet
  facet normal -0.8047520128885064 0.593611150292763 0
    outer loop
      vertex 151.62619999796152 41.36446499824524 0
      vertex 151.6842169985175 41.4431179985404 1.5
      vertex 151.6842169985175 41.4431179985404 0
    endloop
  endfacet
  facet normal -0.8047520128885064 0.593611150292763 0
    outer loop
      vertex 151.62619999796152 41.36446499824524 0
      vertex 151.62619999796152 41.36446499824524 1.5
      vertex 151.6842169985175 41.4431179985404 1.5
    endloop
  endfacet
  facet normal -0.8588558209251765 0.5122174136662486 0
    outer loop
      vertex 151.57613799721003 41.280524000525475 0
      vertex 151.62619999796152 41.36446499824524 1.5
      vertex 151.62619999796152 41.36446499824524 0
    endloop
  endfacet
  facet normal -0.8588558209251765 0.5122174136662486 0
    outer loop
      vertex 151.57613799721003 41.280524000525475 0
      vertex 151.57613799721003 41.280524000525475 1.5
      vertex 151.62619999796152 41.36446499824524 1.5
    endloop
  endfacet
  facet normal -0.9047563376514648 0.42592953581491455 0
    outer loop
      vertex 151.53450900316238 41.19209600239992 0
      vertex 151.57613799721003 41.280524000525475 1.5
      vertex 151.57613799721003 41.280524000525475 0
    endloop
  endfacet
  facet normal -0.9047563376514648 0.42592953581491455 0
    outer loop
      vertex 151.53450900316238 41.19209600239992 0
      vertex 151.53450900316238 41.19209600239992 1.5
      vertex 151.57613799721003 41.280524000525475 1.5
    endloop
  endfacet
  facet normal -0.9420152154699998 0.33557016229547243 0
    outer loop
      vertex 151.50171200186014 41.100028000772 0
      vertex 151.53450900316238 41.19209600239992 1.5
      vertex 151.53450900316238 41.19209600239992 0
    endloop
  endfacet
  facet normal -0.9420152154699998 0.33557016229547243 0
    outer loop
      vertex 151.50171200186014 41.100028000772 0
      vertex 151.50171200186014 41.100028000772 1.5
      vertex 151.53450900316238 41.19209600239992 1.5
    endloop
  endfacet
  facet normal -0.9702741610920306 0.24200837241127943 0
    outer loop
      vertex 151.47805900126696 41.00519700348377 0
      vertex 151.50171200186014 41.100028000772 1.5
      vertex 151.50171200186014 41.100028000772 0
    endloop
  endfacet
  facet normal -0.9702741610920306 0.24200837241127943 0
    outer loop
      vertex 151.47805900126696 41.00519700348377 0
      vertex 151.47805900126696 41.00519700348377 1.5
      vertex 151.50171200186014 41.100028000772 1.5
    endloop
  endfacet
  facet normal -0.9892641888234026 0.14613816993371445 0
    outer loop
      vertex 151.46377599984407 40.908509999513626 0
      vertex 151.47805900126696 41.00519700348377 1.5
      vertex 151.47805900126696 41.00519700348377 0
    endloop
  endfacet
  facet normal -0.9892641888234026 0.14613816993371445 0
    outer loop
      vertex 151.46377599984407 40.908509999513626 0
      vertex 151.46377599984407 40.908509999513626 1.5
      vertex 151.47805900126696 41.00519700348377 1.5
    endloop
  endfacet
  facet normal -0.9988053207288798 0.04886646379347816 0
    outer loop
      vertex 151.4589999988675 40.81089100241661 0
      vertex 151.46377599984407 40.908509999513626 1.5
      vertex 151.46377599984407 40.908509999513626 0
    endloop
  endfacet
  facet normal -0.9988053207288798 0.04886646379347816 0
    outer loop
      vertex 151.4589999988675 40.81089100241661 0
      vertex 151.4589999988675 40.81089100241661 1.5
      vertex 151.46377599984407 40.908509999513626 1.5
    endloop
  endfacet
  facet normal -1 0 0
    outer loop
      vertex 151.4589999988675 21.556348003447056 0
      vertex 151.4589999988675 40.81089100241661 1.5
      vertex 151.4589999988675 40.81089100241661 0
    endloop
  endfacet
  facet normal -1 0 0
    outer loop
      vertex 151.4589999988675 21.556348003447056 0
      vertex 151.4589999988675 21.556348003447056 1.5
      vertex 151.4589999988675 40.81089100241661 1.5
    endloop
  endfacet
  facet normal -0.9988053209109164 -0.048866460072746504 0
    outer loop
      vertex 151.46377599984407 21.45872899889946 0
      vertex 151.4589999988675 21.556348003447056 1.5
      vertex 151.4589999988675 21.556348003447056 0
    endloop
  endfacet
  facet normal -0.9988053209109164 -0.048866460072746504 0
    outer loop
      vertex 151.46377599984407 21.45872899889946 0
      vertex 151.46377599984407 21.45872899889946 1.5
      vertex 151.4589999988675 21.556348003447056 1.5
    endloop
  endfacet
  facet normal -0.9892639690363872 -0.1461396577468758 0
    outer loop
      vertex 151.47805900126696 21.362043000757694 0
      vertex 151.46377599984407 21.45872899889946 1.5
      vertex 151.46377599984407 21.45872899889946 0
    endloop
  endfacet
  facet normal -0.9892639690363872 -0.1461396577468758 0
    outer loop
      vertex 151.47805900126696 21.362043000757694 0
      vertex 151.47805900126696 21.362043000757694 1.5
      vertex 151.46377599984407 21.45872899889946 1.5
    endloop
  endfacet
  facet normal -0.9702741610920306 -0.24200837241127943 0
    outer loop
      vertex 151.50171200186014 21.267212003469467 0
      vertex 151.47805900126696 21.362043000757694 1.5
      vertex 151.47805900126696 21.362043000757694 0
    endloop
  endfacet
  facet normal -0.9702741610920306 -0.24200837241127943 0
    outer loop
      vertex 151.50171200186014 21.267212003469467 0
      vertex 151.50171200186014 21.267212003469467 1.5
      vertex 151.47805900126696 21.362043000757694 1.5
    endloop
  endfacet
  facet normal -0.9420163657525287 -0.3355669331957455 0
    outer loop
      vertex 151.53450900316238 21.175143003463745 0
      vertex 151.50171200186014 21.267212003469467 1.5
      vertex 151.50171200186014 21.267212003469467 0
    endloop
  endfacet
  facet normal -0.9420163657525287 -0.3355669331957455 0
    outer loop
      vertex 151.53450900316238 21.175143003463745 0
      vertex 151.53450900316238 21.175143003463745 1.5
      vertex 151.50171200186014 21.267212003469467 1.5
    endloop
  endfacet
  facet normal -0.9047544844685369 -0.42593347231002165 0
    outer loop
      vertex 151.57613799721003 21.086716003715992 0
      vertex 151.53450900316238 21.175143003463745 1.5
      vertex 151.53450900316238 21.175143003463745 0
    endloop
  endfacet
  facet normal -0.9047544844685369 -0.42593347231002165 0
    outer loop
      vertex 151.57613799721003 21.086716003715992 0
      vertex 151.57613799721003 21.086716003715992 1.5
      vertex 151.53450900316238 21.175143003463745 1.5
    endloop
  endfacet
  facet normal -0.8588558409258624 -0.5122173801302817 0
    outer loop
      vertex 151.62619999796152 21.002774998545647 0
      vertex 151.57613799721003 21.086716003715992 1.5
      vertex 151.57613799721003 21.086716003715992 0
    endloop
  endfacet
  facet normal -0.8588558409258624 -0.5122173801302817 0
    outer loop
      vertex 151.62619999796152 21.002774998545647 0
      vertex 151.62619999796152 21.002774998545647 1.5
      vertex 151.57613799721003 21.086716003715992 1.5
    endloop
  endfacet
  facet normal -0.8047520128885064 -0.593611150292763 0
    outer loop
      vertex 151.6842169985175 20.924121998250484 0
      vertex 151.62619999796152 21.002774998545647 1.5
      vertex 151.62619999796152 21.002774998545647 0
    endloop
  endfacet
  facet normal -0.8047520128885064 -0.593611150292763 0
    outer loop
      vertex 151.6842169985175 20.924121998250484 0
      vertex 151.6842169985175 20.924121998250484 1.5
      vertex 151.62619999796152 21.002774998545647 1.5
    endloop
  endfacet
  facet normal -0.7429612988649293 -0.6693343771157559 0
    outer loop
      vertex 151.74963500350714 20.851507999002934 0
      vertex 151.6842169985175 20.924121998250484 1.5
      vertex 151.6842169985175 20.924121998250484 0
    endloop
  endfacet
  facet normal -0.7429612988649293 -0.6693343771157559 0
    outer loop
      vertex 151.74963500350714 20.851507999002934 0
      vertex 151.74963500350714 20.851507999002934 1.5
      vertex 151.6842169985175 20.924121998250484 1.5
    endloop
  endfacet
  facet normal -0.674078178817407 -0.7386600089636691 0
    outer loop
      vertex 151.82182899862528 20.785626001656055 0
      vertex 151.74963500350714 20.851507999002934 1.5
      vertex 151.74963500350714 20.851507999002934 0
    endloop
  endfacet
  facet normal -0.674078178817407 -0.7386600089636691 0
    outer loop
      vertex 151.82182899862528 20.785626001656055 0
      vertex 151.82182899862528 20.785626001656055 1.5
      vertex 151.74963500350714 20.851507999002934 1.5
    endloop
  endfacet
  facet normal -0.5987485241527936 -0.8009370791921496 0
    outer loop
      vertex 151.90010900050402 20.727107003331184 0
      vertex 151.82182899862528 20.785626001656055 1.5
      vertex 151.82182899862528 20.785626001656055 0
    endloop
  endfacet
  facet normal -0.5987485241527936 -0.8009370791921496 0
    outer loop
      vertex 151.90010900050402 20.727107003331184 0
      vertex 151.90010900050402 20.727107003331184 1.5
      vertex 151.82182899862528 20.785626001656055 1.5
    endloop
  endfacet
  facet normal -0.5177016119569556 -0.85556124326501 0
    outer loop
      vertex 151.98372799903154 20.676509000360966 0
      vertex 151.90010900050402 20.727107003331184 1.5
      vertex 151.90010900050402 20.727107003331184 0
    endloop
  endfacet
  facet normal -0.5177016119569556 -0.85556124326501 0
    outer loop
      vertex 151.98372799903154 20.676509000360966 0
      vertex 151.98372799903154 20.676509000360966 1.5
      vertex 151.90010900050402 20.727107003331184 1.5
    endloop
  endfacet
  facet normal -0.4317053067215331 -0.9020147050622107 0
    outer loop
      vertex 152.07188700139523 20.634315997362137 0
      vertex 151.98372799903154 20.676509000360966 1.5
      vertex 151.98372799903154 20.676509000360966 0
    endloop
  endfacet
  facet normal -0.4317053067215331 -0.9020147050622107 0
    outer loop
      vertex 152.07188700139523 20.634315997362137 0
      vertex 152.07188700139523 20.634315997362137 1.5
      vertex 151.98372799903154 20.676509000360966 1.5
    endloop
  endfacet
  facet normal -0.38711229688647086 -0.9220325751291442 0
    outer loop
      vertex 152.13774199783802 20.60666699707508 0
      vertex 152.07188700139523 20.634315997362137 1.5
      vertex 152.07188700139523 20.634315997362137 0
    endloop
  endfacet
  facet normal -0.38711229688647086 -0.9220325751291442 0
    outer loop
      vertex 152.13774199783802 20.60666699707508 0
      vertex 152.13774199783802 20.60666699707508 1.5
      vertex 152.07188700139523 20.634315997362137 1.5
    endloop
  endfacet
  facet normal -0.3467815944973813 -0.9379459076715745 0
    outer loop
      vertex 152.21906200051308 20.57660099864006 0
      vertex 152.13774199783802 20.60666699707508 1.5
      vertex 152.13774199783802 20.60666699707508 0
    endloop
  endfacet
  facet normal -0.3467815944973813 -0.9379459076715745 0
    outer loop
      vertex 152.21906200051308 20.57660099864006 0
      vertex 152.21906200051308 20.57660099864006 1.5
      vertex 152.13774199783802 20.60666699707508 1.5
    endloop
  endfacet
  facet normal -0.3057910082041991 -0.952098660487168 0
    outer loop
      vertex 152.50132799893618 20.485944002866745 0
      vertex 152.21906200051308 20.57660099864006 1.5
      vertex 152.21906200051308 20.57660099864006 0
    endloop
  endfacet
  facet normal -0.3057910082041991 -0.952098660487168 0
    outer loop
      vertex 152.50132799893618 20.485944002866745 0
      vertex 152.50132799893618 20.485944002866745 1.5
      vertex 152.21906200051308 20.57660099864006 1.5
    endloop
  endfacet
  facet normal -0.28113351365769007 -0.9596686654770392 0
    outer loop
      vertex 152.55083499848843 20.471441000699997 0
      vertex 152.50132799893618 20.485944002866745 1.5
      vertex 152.50132799893618 20.485944002866745 0
    endloop
  endfacet
  facet normal -0.28113351365769007 -0.9596686654770392 0
    outer loop
      vertex 152.55083499848843 20.471441000699997 0
      vertex 152.55083499848843 20.471441000699997 1.5
      vertex 152.50132799893618 20.485944002866745 1.5
    endloop
  endfacet
  facet normal -0.25628710672584826 -0.9666007029410303 0
    outer loop
      vertex 152.9002280011773 20.378802001476288 0
      vertex 152.55083499848843 20.471441000699997 1.5
      vertex 152.55083499848843 20.471441000699997 0
    endloop
  endfacet
  facet normal -0.25628710672584826 -0.9666007029410303 0
    outer loop
      vertex 152.9002280011773 20.378802001476288 0
      vertex 152.9002280011773 20.378802001476288 1.5
      vertex 152.55083499848843 20.471441000699997 1.5
    endloop
  endfacet
  facet normal -0.24203257083353782 -0.9702681251364019 0
    outer loop
      vertex 152.9288149997592 20.371670998632908 0
      vertex 152.9002280011773 20.378802001476288 1.5
      vertex 152.9002280011773 20.378802001476288 0
    endloop
  endfacet
  facet normal -0.24203257083353782 -0.9702681251364019 0
    outer loop
      vertex 152.9288149997592 20.371670998632908 0
      vertex 152.9288149997592 20.371670998632908 1.5
      vertex 152.9002280011773 20.378802001476288 1.5
    endloop
  endfacet
  facet normal -0.2276992448975907 -0.9737315101572235 0
    outer loop
      vertex 153.3234319984913 20.27939300239086 0
      vertex 152.9288149997592 20.371670998632908 1.5
      vertex 152.9288149997592 20.371670998632908 0
    endloop
  endfacet
  facet normal -0.2276992448975907 -0.9737315101572235 0
    outer loop
      vertex 153.3234319984913 20.27939300239086 0
      vertex 153.3234319984913 20.27939300239086 1.5
      vertex 152.9288149997592 20.371670998632908 1.5
    endloop
  endfacet
  facet normal -0.21465237611178864 -0.9766905126136749 0
    outer loop
      vertex 154.1847120001912 20.09010499715805 0
      vertex 153.3234319984913 20.27939300239086 1.5
      vertex 153.3234319984913 20.27939300239086 0
    endloop
  endfacet
  facet normal -0.21465237611178864 -0.9766905126136749 0
    outer loop
      vertex 154.1847120001912 20.09010499715805 0
      vertex 154.1847120001912 20.09010499715805 1.5
      vertex 153.3234319984913 20.27939300239086 1.5
    endloop
  endfacet
  facet normal -0.22759533633760837 -0.9737558024871384 0
    outer loop
      vertex 154.59635899960995 19.99389100074768 0
      vertex 154.1847120001912 20.09010499715805 1.5
      vertex 154.1847120001912 20.09010499715805 0
    endloop
  endfacet
  facet normal -0.22759533633760837 -0.9737558024871384 0
    outer loop
      vertex 154.59635899960995 19.99389100074768 0
      vertex 154.59635899960995 19.99389100074768 1.5
      vertex 154.1847120001912 20.09010499715805 1.5
    endloop
  endfacet
  facet normal -0.2420243039574549 -0.970270187264305 0
    outer loop
      vertex 154.6106510013342 19.99032600224018 0
      vertex 154.59635899960995 19.99389100074768 1.5
      vertex 154.59635899960995 19.99389100074768 0
    endloop
  endfacet
  facet normal -0.2420243039574549 -0.970270187264305 0
    outer loop
      vertex 154.6106510013342 19.99032600224018 0
      vertex 154.6106510013342 19.99032600224018 1.5
      vertex 154.59635899960995 19.99389100074768 1.5
    endloop
  endfacet
  facet normal -0.25628727302804133 -0.9666006588472046 0
    outer loop
      vertex 154.97963699698448 19.8924919962883 0
      vertex 154.6106510013342 19.99032600224018 1.5
      vertex 154.6106510013342 19.99032600224018 0
    endloop
  endfacet
  facet normal -0.25628727302804133 -0.9666006588472046 0
    outer loop
      vertex 154.97963699698448 19.8924919962883 0
      vertex 154.97963699698448 19.8924919962883 1.5
      vertex 154.6106510013342 19.99032600224018 1.5
    endloop
  endfacet
  facet normal -0.2811163631469594 -0.959673689527345 0
    outer loop
      vertex 155.00438699871302 19.885242000222206 0
      vertex 154.97963699698448 19.8924919962883 1.5
      vertex 154.97963699698448 19.8924919962883 0
    endloop
  endfacet
  facet normal -0.2811163631469594 -0.959673689527345 0
    outer loop
      vertex 155.00438699871302 19.885242000222206 0
      vertex 155.00438699871302 19.885242000222206 1.5
      vertex 154.97963699698448 19.8924919962883 1.5
    endloop
  endfacet
  facet normal -0.30579358277358765 -0.9520978335940551 0
    outer loop
      vertex 155.3196040019393 19.784001000225544 0
      vertex 155.00438699871302 19.885242000222206 1.5
      vertex 155.00438699871302 19.885242000222206 0
    endloop
  endfacet
  facet normal -0.30579358277358765 -0.9520978335940551 0
    outer loop
      vertex 155.3196040019393 19.784001000225544 0
      vertex 155.3196040019393 19.784001000225544 1.5
      vertex 155.00438699871302 19.885242000222206 1.5
    endloop
  endfacet
  facet normal -0.34678971953684434 -0.9379429036053084 0
    outer loop
      vertex 155.36024399846792 19.768974997103214 0
      vertex 155.3196040019393 19.784001000225544 1.5
      vertex 155.3196040019393 19.784001000225544 0
    endloop
  endfacet
  facet normal -0.34678971953684434 -0.9379429036053084 0
    outer loop
      vertex 155.36024399846792 19.768974997103214 0
      vertex 155.36024399846792 19.768974997103214 1.5
      vertex 155.3196040019393 19.784001000225544 1.5
    endloop
  endfacet
  facet normal -0.3871102400338788 -0.922033438689136 0
    outer loop
      vertex 155.43645799905062 19.736977003514767 0
      vertex 155.36024399846792 19.768974997103214 1.5
      vertex 155.36024399846792 19.768974997103214 0
    endloop
  endfacet
  facet normal -0.3871102400338788 -0.922033438689136 0
    outer loop
      vertex 155.43645799905062 19.736977003514767 0
      vertex 155.43645799905062 19.736977003514767 1.5
      vertex 155.36024399846792 19.768974997103214 1.5
    endloop
  endfacet
  facet normal -0.43170789671162735 -0.9020134654853124 0
    outer loop
      vertex 155.45784100145102 19.72674299776554 0
      vertex 155.43645799905062 19.736977003514767 1.5
      vertex 155.43645799905062 19.736977003514767 0
    endloop
  endfacet
  facet normal -0.43170789671162735 -0.9020134654853124 0
    outer loop
      vertex 155.45784100145102 19.72674299776554 0
      vertex 155.45784100145102 19.72674299776554 1.5
      vertex 155.43645799905062 19.736977003514767 1.5
    endloop
  endfacet
  facet normal -0.9988042816357976 -0.048887697695823254 0
    outer loop
      vertex 155.4589999988675 19.703064002096653 0
      vertex 155.45784100145102 19.72674299776554 1.5
      vertex 155.45784100145102 19.72674299776554 0
    endloop
  endfacet
  facet normal -0.9988042816357976 -0.048887697695823254 0
    outer loop
      vertex 155.4589999988675 19.703064002096653 0
      vertex 155.4589999988675 19.703064002096653 1.5
      vertex 155.45784100145102 19.72674299776554 1.5
    endloop
  endfacet
  facet normal -1 0 0
    outer loop
      vertex 155.4589999988675 2.5664680004119873 0
      vertex 155.4589999988675 19.703064002096653 1.5
      vertex 155.4589999988675 19.703064002096653 0
    endloop
  endfacet
  facet normal -1 0 0
    outer loop
      vertex 155.4589999988675 2.5664680004119873 0
      vertex 155.4589999988675 2.5664680004119873 1.5
      vertex 155.4589999988675 19.703064002096653 1.5
    endloop
  endfacet
  facet normal -0.9987955868698791 -0.04906501451394581 0
    outer loop
      vertex 155.4638150036335 2.468451000750065 0
      vertex 155.4589999988675 2.5664680004119873 1.5
      vertex 155.4589999988675 2.5664680004119873 0
    endloop
  endfacet
  facet normal -0.9987955868698791 -0.04906501451394581 0
    outer loop
      vertex 155.4638150036335 2.468451000750065 0
      vertex 155.4638150036335 2.468451000750065 1.5
      vertex 155.4589999988675 2.5664680004119873 1.5
    endloop
  endfacet
  facet normal -0.9891758740867991 -0.14673476113251752 0
    outer loop
      vertex 155.4782150015235 2.3713769987225533 0
      vertex 155.4638150036335 2.468451000750065 1.5
      vertex 155.4638150036335 2.468451000750065 0
    endloop
  endfacet
  facet normal -0.9891758740867991 -0.14673476113251752 0
    outer loop
      vertex 155.4782150015235 2.3713769987225533 0
      vertex 155.4782150015235 2.3713769987225533 1.5
      vertex 155.4638150036335 2.468451000750065 1.5
    endloop
  endfacet
  facet normal -0.9700308998638782 -0.2429815904740005 0
    outer loop
      vertex 155.50206000357866 2.2761830016970634 0
      vertex 155.4782150015235 2.3713769987225533 1.5
      vertex 155.4782150015235 2.3713769987225533 0
    endloop
  endfacet
  facet normal -0.9700308998638782 -0.2429815904740005 0
    outer loop
      vertex 155.50206000357866 2.2761830016970634 0
      vertex 155.50206000357866 2.2761830016970634 1.5
      vertex 155.4782150015235 2.3713769987225533 1.5
    endloop
  endfacet
  facet normal -0.9415469479757952 -0.3368817964174755 0
    outer loop
      vertex 155.5351200029254 2.1837840005755424 0
      vertex 155.50206000357866 2.2761830016970634 1.5
      vertex 155.50206000357866 2.2761830016970634 0
    endloop
  endfacet
  facet normal -0.9415469479757952 -0.3368817964174755 0
    outer loop
      vertex 155.5351200029254 2.1837840005755424 0
      vertex 155.5351200029254 2.1837840005755424 1.5
      vertex 155.50206000357866 2.2761830016970634 1.5
    endloop
  endfacet
  facet normal -0.9039858584502382 -0.42756235536116355 0
    outer loop
      vertex 155.57707899808884 2.095071002840996 0
      vertex 155.5351200029254 2.1837840005755424 1.5
      vertex 155.5351200029254 2.1837840005755424 0
    endloop
  endfacet
  facet normal -0.9039858584502382 -0.42756235536116355 0
    outer loop
      vertex 155.57707899808884 2.095071002840996 0
      vertex 155.57707899808884 2.095071002840996 1.5
      vertex 155.5351200029254 2.1837840005755424 1.5
    endloop
  endfacet
  facet normal -0.8577301936251087 -0.514100102065574 0
    outer loop
      vertex 155.62753000110388 2.0108980014920235 0
      vertex 155.57707899808884 2.095071002840996 1.5
      vertex 155.57707899808884 2.095071002840996 0
    endloop
  endfacet
  facet normal -0.8577301936251087 -0.514100102065574 0
    outer loop
      vertex 155.62753000110388 2.0108980014920235 0
      vertex 155.62753000110388 2.0108980014920235 1.5
      vertex 155.57707899808884 2.095071002840996 1.5
    endloop
  endfacet
  facet normal -0.803206870462477 -0.5957001957712231 0
    outer loop
      vertex 155.685989998281 1.9320740029215813 0
      vertex 155.62753000110388 2.0108980014920235 1.5
      vertex 155.62753000110388 2.0108980014920235 0
    endloop
  endfacet
  facet normal -0.803206870462477 -0.5957001957712231 0
    outer loop
      vertex 155.685989998281 1.9320740029215813 0
      vertex 155.685989998281 1.9320740029215813 1.5
      vertex 155.62753000110388 2.0108980014920235 1.5
    endloop
  endfacet
  facet normal -0.7409522585619419 -0.6715577045436656 0
    outer loop
      vertex 155.75189299881458 1.8593610003590584 0
      vertex 155.685989998281 1.9320740029215813 1.5
      vertex 155.685989998281 1.9320740029215813 0
    endloop
  endfacet
  facet normal -0.7409522585619419 -0.6715577045436656 0
    outer loop
      vertex 155.75189299881458 1.8593610003590584 0
      vertex 155.75189299881458 1.8593610003590584 1.5
      vertex 155.685989998281 1.9320740029215813 1.5
    endloop
  endfacet
  facet normal -0.6715582276407489 -0.7409517844556528 0
    outer loop
      vertex 155.8246069997549 1.7934570014476776 0
      vertex 155.75189299881458 1.8593610003590584 1.5
      vertex 155.75189299881458 1.8593610003590584 0
    endloop
  endfacet
  facet normal -0.6715582276407489 -0.7409517844556528 0
    outer loop
      vertex 155.8246069997549 1.7934570014476776 0
      vertex 155.8246069997549 1.7934570014476776 1.5
      vertex 155.75189299881458 1.8593610003590584 1.5
    endloop
  endfacet
  facet normal -0.5956985001459758 -0.8032081280240103 0
    outer loop
      vertex 155.90342999994755 1.7349980026483536 0
      vertex 155.8246069997549 1.7934570014476776 1.5
      vertex 155.8246069997549 1.7934570014476776 0
    endloop
  endfacet
  facet normal -0.5956985001459758 -0.8032081280240103 0
    outer loop
      vertex 155.90342999994755 1.7349980026483536 0
      vertex 155.90342999994755 1.7349980026483536 1.5
      vertex 155.8246069997549 1.7934570014476776 1.5
    endloop
  endfacet
  facet normal -0.5141075867033986 -0.8577257074927903 0
    outer loop
      vertex 155.98760300129652 1.6845460012555122 0
      vertex 155.90342999994755 1.7349980026483536 1.5
      vertex 155.90342999994755 1.7349980026483536 0
    endloop
  endfacet
  facet normal -0.5141075867033986 -0.8577257074927903 0
    outer loop
      vertex 155.98760300129652 1.6845460012555122 0
      vertex 155.98760300129652 1.6845460012555122 1.5
      vertex 155.90342999994755 1.7349980026483536 1.5
    endloop
  endfacet
  facet normal -0.42755017160522946 -0.9039916209569306 0
    outer loop
      vertex 156.07631699740887 1.642587997019291 0
      vertex 155.98760300129652 1.6845460012555122 1.5
      vertex 155.98760300129652 1.6845460012555122 0
    endloop
  endfacet
  facet normal -0.42755017160522946 -0.9039916209569306 0
    outer loop
      vertex 156.07631699740887 1.642587997019291 0
      vertex 156.07631699740887 1.642587997019291 1.5
      vertex 155.98760300129652 1.6845460012555122 1.5
    endloop
  endfacet
  facet normal -0.3368940422914839 -0.941542566360387 0
    outer loop
      vertex 156.1687150001526 1.6095269992947578 0
      vertex 156.07631699740887 1.642587997019291 1.5
      vertex 156.07631699740887 1.642587997019291 0
    endloop
  endfacet
  facet normal -0.3368940422914839 -0.941542566360387 0
    outer loop
      vertex 156.1687150001526 1.6095269992947578 0
      vertex 156.1687150001526 1.6095269992947578 1.5
      vertex 156.07631699740887 1.642587997019291 1.5
    endloop
  endfacet
  facet normal -0.24297917470920183 -0.9700315049819955 0
    outer loop
      vertex 156.26391000300646 1.5856819972395897 0
      vertex 156.1687150001526 1.6095269992947578 1.5
      vertex 156.1687150001526 1.6095269992947578 0
    endloop
  endfacet
  facet normal -0.24297917470920183 -0.9700315049819955 0
    outer loop
      vertex 156.26391000300646 1.5856819972395897 0
      vertex 156.26391000300646 1.5856819972395897 1.5
      vertex 156.1687150001526 1.6095269992947578 1.5
    endloop
  endfacet
  facet normal -0.14672629433813178 -0.9891771300175717 0
    outer loop
      vertex 156.3609829992056 1.571282997727394 0
      vertex 156.26391000300646 1.5856819972395897 1.5
      vertex 156.26391000300646 1.5856819972395897 0
    endloop
  endfacet
  facet normal -0.14672629433813178 -0.9891771300175717 0
    outer loop
      vertex 156.3609829992056 1.571282997727394 0
      vertex 156.3609829992056 1.571282997727394 1.5
      vertex 156.26391000300646 1.5856819972395897 1.5
    endloop
  endfacet
  facet normal -0.04906493877512149 -0.998795590590484 0
    outer loop
      vertex 156.4589999988675 1.5664680004119873 0
      vertex 156.3609829992056 1.571282997727394 1.5
      vertex 156.3609829992056 1.571282997727394 0
    endloop
  endfacet
  facet normal -0.04906493877512149 -0.998795590590484 0
    outer loop
      vertex 156.4589999988675 1.5664680004119873 0
      vertex 156.4589999988675 1.5664680004119873 1.5
      vertex 156.3609829992056 1.571282997727394 1.5
    endloop
  endfacet
  facet normal 0 -1 0
    outer loop
      vertex 165.4306309968233 1.5664680004119873 0
      vertex 156.4589999988675 1.5664680004119873 1.5
      vertex 156.4589999988675 1.5664680004119873 0
    endloop
  endfacet
  facet normal 0 -1 0
    outer loop
      vertex 165.4306309968233 1.5664680004119873 0
      vertex 165.4306309968233 1.5664680004119873 1.5
      vertex 156.4589999988675 1.5664680004119873 1.5
    endloop
  endfacet
  facet normal -0.05670184900715195 -0.9983911559700287 0
    outer loop
      vertex 165.4871869981289 1.5632560029625893 0
      vertex 165.4306309968233 1.5664680004119873 1.5
      vertex 165.4306309968233 1.5664680004119873 0
    endloop
  endfacet
  facet normal -0.05670184900715195 -0.9983911559700287 0
    outer loop
      vertex 165.4871869981289 1.5632560029625893 0
      vertex 165.4871869981289 1.5632560029625893 1.5
      vertex 165.4306309968233 1.5664680004119873 1.5
    endloop
  endfacet
  facet normal -0.11320320350983272 -0.9935718568453474 -1.0129019903076241e-17
    outer loop
      vertex 180.00766199827194 -0.09114299714565277 0
      vertex 165.4871869981289 1.5632560029625893 1.5
      vertex 165.4871869981289 1.5632560029625893 0
    endloop
  endfacet
  facet normal -0.11320320350983272 -0.9935718568453474 0
    outer loop
      vertex 180.00766199827194 -0.09114299714565277 0
      vertex 180.00766199827194 -0.09114299714565277 1.5
      vertex 165.4871869981289 1.5632560029625893 1.5
    endloop
  endfacet
  facet normal -0.16102685204602313 -0.9869500255434154 0
    outer loop
      vertex 180.03135100007057 -0.0950080007314682 0
      vertex 180.00766199827194 -0.09114299714565277 1.5
      vertex 180.00766199827194 -0.09114299714565277 0
    endloop
  endfacet
  facet normal -0.16102685204602313 -0.9869500255434154 0
    outer loop
      vertex 180.03135100007057 -0.0950080007314682 0
      vertex 180.03135100007057 -0.0950080007314682 1.5
      vertex 180.00766199827194 -0.09114299714565277 1.5
    endloop
  endfacet
  facet normal -0.34743444443245786 -0.9377042747166664 0
    outer loop
      vertex 180.05320700258017 -0.10310599952936172 0
      vertex 180.03135100007057 -0.0950080007314682 1.5
      vertex 180.03135100007057 -0.0950080007314682 0
    endloop
  endfacet
  facet normal -0.34743444443245786 -0.9377042747166664 0
    outer loop
      vertex 180.05320700258017 -0.10310599952936172 0
      vertex 180.05320700258017 -0.10310599952936172 1.5
      vertex 180.03135100007057 -0.0950080007314682 1.5
    endloop
  endfacet
  facet normal -0.39481908760075657 -0.9187588846188678 0
    outer loop
      vertex 180.09103299677372 -0.11936099827289581 0
      vertex 180.05320700258017 -0.10310599952936172 1.5
      vertex 180.05320700258017 -0.10310599952936172 0
    endloop
  endfacet
  facet normal -0.39481908760075657 -0.9187588846188678 0
    outer loop
      vertex 180.09103299677372 -0.11936099827289581 0
      vertex 180.09103299677372 -0.11936099827289581 1.5
      vertex 180.05320700258017 -0.10310599952936172 1.5
    endloop
  endfacet
  facet normal -0.309738379727696 -0.9508218214385182 0
    outer loop
      vertex 180.17750500142574 -0.1475299969315529 0
      vertex 180.09103299677372 -0.11936099827289581 1.5
      vertex 180.09103299677372 -0.11936099827289581 0
    endloop
  endfacet
  facet normal -0.309738379727696 -0.9508218214385182 0
    outer loop
      vertex 180.17750500142574 -0.1475299969315529 0
      vertex 180.17750500142574 -0.1475299969315529 1.5
      vertex 180.09103299677372 -0.11936099827289581 1.5
    endloop
  endfacet
  facet normal -0.2220712217959172 -0.9750304469348989 0
    outer loop
      vertex 180.26617799699306 -0.16772600263357162 0
      vertex 180.17750500142574 -0.1475299969315529 1.5
      vertex 180.17750500142574 -0.1475299969315529 0
    endloop
  endfacet
  facet normal -0.2220712217959172 -0.9750304469348989 0
    outer loop
      vertex 180.26617799699306 -0.16772600263357162 0
      vertex 180.26617799699306 -0.16772600263357162 1.5
      vertex 180.17750500142574 -0.1475299969315529 1.5
    endloop
  endfacet
  facet normal -0.13257639122666715 -0.9911727904302629 0
    outer loop
      vertex 180.35631900280714 -0.17978300154209137 0
      vertex 180.26617799699306 -0.16772600263357162 1.5
      vertex 180.26617799699306 -0.16772600263357162 0
    endloop
  endfacet
  facet normal -0.13257639122666715 -0.9911727904302629 0
    outer loop
      vertex 180.35631900280714 -0.17978300154209137 0
      vertex 180.35631900280714 -0.17978300154209137 1.5
      vertex 180.26617799699306 -0.16772600263357162 1.5
    endloop
  endfacet
  facet normal -0.08736415348814541 -0.9961764425468511 0
    outer loop
      vertex 182.2142890021205 -0.3427259996533394 0
      vertex 180.35631900280714 -0.17978300154209137 1.5
      vertex 180.35631900280714 -0.17978300154209137 0
    endloop
  endfacet
  facet normal -0.08736415348814541 -0.9961764425468511 0
    outer loop
      vertex 182.2142890021205 -0.3427259996533394 0
      vertex 182.2142890021205 -0.3427259996533394 1.5
      vertex 180.35631900280714 -0.17978300154209137 1.5
    endloop
  endfacet
  facet normal -0.10028185517850281 -0.9949590692696648 0
    outer loop
      vertex 182.22720699757338 -0.344028003513813 0
      vertex 182.2142890021205 -0.3427259996533394 1.5
      vertex 182.2142890021205 -0.3427259996533394 0
    endloop
  endfacet
  facet normal -0.10028185517850281 -0.9949590692696648 0
    outer loop
      vertex 182.22720699757338 -0.344028003513813 0
      vertex 182.22720699757338 -0.344028003513813 1.5
      vertex 182.2142890021205 -0.3427259996533394 1.5
    endloop
  endfacet
  facet normal -0.11320302211431761 -0.9935718775127371 0
    outer loop
      vertex 183.43466299772263 -0.48160000145435333 0
      vertex 182.22720699757338 -0.344028003513813 1.5
      vertex 182.22720699757338 -0.344028003513813 0
    endloop
  endfacet
  facet normal -0.11320302211431761 -0.9935718775127371 0
    outer loop
      vertex 183.43466299772263 -0.48160000145435333 0
      vertex 183.43466299772263 -0.48160000145435333 1.5
      vertex 182.22720699757338 -0.344028003513813 1.5
    endloop
  endfacet
  facet normal -0.06883212880526596 -0.9976282564383064 0
    outer loop
      vertex 183.52353800088167 -0.4877320006489754 0
      vertex 183.43466299772263 -0.48160000145435333 1.5
      vertex 183.43466299772263 -0.48160000145435333 0
    endloop
  endfacet
  facet normal -0.06883212880526596 -0.9976282564383064 0
    outer loop
      vertex 183.52353800088167 -0.4877320006489754 0
      vertex 183.52353800088167 -0.4877320006489754 1.5
      vertex 183.43466299772263 -0.48160000145435333 1.5
    endloop
  endfacet
  facet normal 0.02021613527566093 -0.9997956330543338 0
    outer loop
      vertex 183.6126070022583 -0.48593100160360336 0
      vertex 183.52353800088167 -0.4877320006489754 1.5
      vertex 183.52353800088167 -0.4877320006489754 0
    endloop
  endfacet
  facet normal 0.02021613527566093 -0.9997956330543338 0
    outer loop
      vertex 183.6126070022583 -0.48593100160360336 0
      vertex 183.6126070022583 -0.48593100160360336 1.5
      vertex 183.52353800088167 -0.4877320006489754 1.5
    endloop
  endfacet
  facet normal 0.10912921705309225 -0.9940275720448499 0
    outer loop
      vertex 183.7011620029807 -0.47620899975299835 0
      vertex 183.6126070022583 -0.48593100160360336 1.5
      vertex 183.6126070022583 -0.48593100160360336 0
    endloop
  endfacet
  facet normal 0.10912921705309225 -0.9940275720448499 0
    outer loop
      vertex 183.7011620029807 -0.47620899975299835 0
      vertex 183.7011620029807 -0.47620899975299835 1.5
      vertex 183.6126070022583 -0.48593100160360336 1.5
    endloop
  endfacet
  facet normal 0.15333280331032795 -0.9881746057397935 0
    outer loop
      vertex 183.70907600224018 -0.47498100250959396 0
      vertex 183.7011620029807 -0.47620899975299835 1.5
      vertex 183.7011620029807 -0.47620899975299835 0
    endloop
  endfacet
  facet normal 0.15333280331032795 -0.9881746057397935 0
    outer loop
      vertex 183.70907600224018 -0.47498100250959396 0
      vertex 183.70907600224018 -0.47498100250959396 1.5
      vertex 183.7011620029807 -0.47620899975299835 1.5
    endloop
  endfacet
  facet normal -0.0392060048564995 -0.9992311490256857 0
    outer loop
      vertex 183.73305899649858 -0.47592200338840485 0
      vertex 183.70907600224018 -0.47498100250959396 1.5
      vertex 183.70907600224018 -0.47498100250959396 0
    endloop
  endfacet
  facet normal -0.0392060048564995 -0.9992311490256857 0
    outer loop
      vertex 183.73305899649858 -0.47592200338840485 0
      vertex 183.73305899649858 -0.47592200338840485 1.5
      vertex 183.70907600224018 -0.47498100250959396 1.5
    endloop
  endfacet
  facet normal -0.087364385449088 -0.9961764222039705 0
    outer loop
      vertex 201.51087100058794 -2.035030998289585 0
      vertex 183.73305899649858 -0.47592200338840485 1.5
      vertex 183.73305899649858 -0.47592200338840485 0
    endloop
  endfacet
  facet normal -0.087364385449088 -0.9961764222039705 0
    outer loop
      vertex 201.51087100058794 -2.035030998289585 0
      vertex 201.51087100058794 -2.035030998289585 1.5
      vertex 183.73305899649858 -0.47592200338840485 1.5
    endloop
  endfacet
  facet normal -0.13774257342692542 -0.990468062819659 0
    outer loop
      vertex 201.5358299985528 -2.038502000272274 0
      vertex 201.51087100058794 -2.035030998289585 1.5
      vertex 201.51087100058794 -2.035030998289585 0
    endloop
  endfacet
  facet normal -0.13774257342692542 -0.990468062819659 0
    outer loop
      vertex 201.5358299985528 -2.038502000272274 0
      vertex 201.5358299985528 -2.038502000272274 1.5
      vertex 201.51087100058794 -2.035030998289585 1.5
    endloop
  endfacet
  facet normal -0.3344665253162417 -0.9424076312524639 0
    outer loop
      vertex 201.57057999819517 -2.050834998488426 0
      vertex 201.5358299985528 -2.038502000272274 1.5
      vertex 201.5358299985528 -2.038502000272274 0
    endloop
  endfacet
  facet normal -0.3344665253162417 -0.9424076312524639 0
    outer loop
      vertex 201.57057999819517 -2.050834998488426 0
      vertex 201.57057999819517 -2.050834998488426 1.5
      vertex 201.5358299985528 -2.038502000272274 1.5
    endloop
  endfacet
  facet normal -0.3820018328939434 -0.9241615657803931 0
    outer loop
      vertex 201.59529999643564 -2.0610530003905296 0
      vertex 201.57057999819517 -2.050834998488426 1.5
      vertex 201.57057999819517 -2.050834998488426 0
    endloop
  endfacet
  facet normal -0.3820018328939434 -0.9241615657803931 0
    outer loop
      vertex 201.59529999643564 -2.0610530003905296 0
      vertex 201.59529999643564 -2.0610530003905296 1.5
      vertex 201.57057999819517 -2.050834998488426 1.5
    endloop
  endfacet
  facet normal -0.2867694656857624 -0.9579996208508135 0
    outer loop
      vertex 201.69209899753332 -2.090029001235962 0
      vertex 201.59529999643564 -2.0610530003905296 1.5
      vertex 201.59529999643564 -2.0610530003905296 0
    endloop
  endfacet
  facet normal -0.2867694656857624 -0.9579996208508135 0
    outer loop
      vertex 201.69209899753332 -2.090029001235962 0
      vertex 201.69209899753332 -2.090029001235962 1.5
      vertex 201.59529999643564 -2.0610530003905296 1.5
    endloop
  endfacet
  facet normal -0.1886213000264245 -0.9820498995348157 0
    outer loop
      vertex 201.7913289964199 -2.1090880036354065 0
      vertex 201.69209899753332 -2.090029001235962 1.5
      vertex 201.69209899753332 -2.090029001235962 0
    endloop
  endfacet
  facet normal -0.1886213000264245 -0.9820498995348157 0
    outer loop
      vertex 201.7913289964199 -2.1090880036354065 0
      vertex 201.7913289964199 -2.1090880036354065 1.5
      vertex 201.69209899753332 -2.090029001235962 1.5
    endloop
  endfacet
  facet normal -0.08856528497521998 -0.9960703741690434 0
    outer loop
      vertex 201.89197599887848 -2.1180370002985 0
      vertex 201.7913289964199 -2.1090880036354065 1.5
      vertex 201.7913289964199 -2.1090880036354065 0
    endloop
  endfacet
  facet normal -0.08856528497521998 -0.9960703741690434 0
    outer loop
      vertex 201.89197599887848 -2.1180370002985 0
      vertex 201.89197599887848 -2.1180370002985 1.5
      vertex 201.7913289964199 -2.1090880036354065 1.5
    endloop
  endfacet
  facet normal -0.03812631887171003 -0.9992729275874997 0
    outer loop
      vertex 202.88041599839926 -2.155749998986721 0
      vertex 201.89197599887848 -2.1180370002985 1.5
      vertex 201.89197599887848 -2.1180370002985 0
    endloop
  endfacet
  facet normal -0.03812631887171003 -0.9992729275874997 0
    outer loop
      vertex 202.88041599839926 -2.155749998986721 0
      vertex 202.88041599839926 -2.155749998986721 1.5
      vertex 201.89197599887848 -2.1180370002985 1.5
    endloop
  endfacet
  facet normal -0.06276446479265499 -0.9980283673119174 0
    outer loop
      vertex 202.90503100305796 -2.1572979986667633 0
      vertex 202.88041599839926 -2.155749998986721 1.5
      vertex 202.88041599839926 -2.155749998986721 0
    endloop
  endfacet
  facet normal -0.06276446479265499 -0.9980283673119174 0
    outer loop
      vertex 202.90503100305796 -2.1572979986667633 0
      vertex 202.90503100305796 -2.1572979986667633 1.5
      vertex 202.88041599839926 -2.155749998986721 1.5
    endloop
  endfacet
  facet normal -0.08736471912913009 -0.9961763929402705 0
    outer loop
      vertex 204.53989899903536 -2.300676003098488 0
      vertex 202.90503100305796 -2.1572979986667633 1.5
      vertex 202.90503100305796 -2.1572979986667633 0
    endloop
  endfacet
  facet normal -0.08736471912913009 -0.9961763929402705 0
    outer loop
      vertex 204.53989899903536 -2.300676003098488 0
      vertex 204.53989899903536 -2.300676003098488 1.5
      vertex 202.90503100305796 -2.1572979986667633 1.5
    endloop
  endfacet
  facet normal -0.03688947663645536 -0.9993193516156326 0
    outer loop
      vertex 204.64094299823046 -2.304406002163887 0
      vertex 204.53989899903536 -2.300676003098488 1.5
      vertex 204.53989899903536 -2.300676003098488 0
    endloop
  endfacet
  facet normal -0.03688947663645536 -0.9993193516156326 0
    outer loop
      vertex 204.64094299823046 -2.304406002163887 0
      vertex 204.64094299823046 -2.304406002163887 1.5
      vertex 204.53989899903536 -2.300676003098488 1.5
    endloop
  endfacet
  facet normal 0.06421613260786484 -0.9979360141376244 0
    outer loop
      vertex 204.74184600263834 -2.2979129999876022 0
      vertex 204.64094299823046 -2.304406002163887 1.5
      vertex 204.64094299823046 -2.304406002163887 0
    endloop
  endfacet
  facet normal 0.06421613260786484 -0.9979360141376244 0
    outer loop
      vertex 204.74184600263834 -2.2979129999876022 0
      vertex 204.74184600263834 -2.2979129999876022 1.5
      vertex 204.64094299823046 -2.304406002163887 1.5
    endloop
  endfacet
  facet normal 0.16465719994624828 -0.9863508536549564 0
    outer loop
      vertex 204.8415789976716 -2.2812639996409416 0
      vertex 204.74184600263834 -2.2979129999876022 1.5
      vertex 204.74184600263834 -2.2979129999876022 0
    endloop
  endfacet
  facet normal 0.16465719994624828 -0.9863508536549564 0
    outer loop
      vertex 204.8415789976716 -2.2812639996409416 0
      vertex 204.8415789976716 -2.2812639996409416 1.5
      vertex 204.74184600263834 -2.2979129999876022 1.5
    endloop
  endfacet
  facet normal 0.2634294962951668 -0.9646786514076461 0
    outer loop
      vertex 204.93912000209093 -2.254628002643585 0
      vertex 204.8415789976716 -2.2812639996409416 1.5
      vertex 204.8415789976716 -2.2812639996409416 0
    endloop
  endfacet
  facet normal 0.2634294962951668 -0.9646786514076461 0
    outer loop
      vertex 204.93912000209093 -2.254628002643585 0
      vertex 204.93912000209093 -2.254628002643585 1.5
      vertex 204.8415789976716 -2.2812639996409416 1.5
    endloop
  endfacet
  facet normal 0.3594939835828822 -0.9331474030225398 0
    outer loop
      vertex 204.94580399990082 -2.2520530000329018 0
      vertex 204.93912000209093 -2.254628002643585 1.5
      vertex 204.93912000209093 -2.254628002643585 0
    endloop
  endfacet
  facet normal 0.3594939835828822 -0.9331474030225398 0
    outer loop
      vertex 204.94580399990082 -2.2520530000329018 0
      vertex 204.94580399990082 -2.2520530000329018 1.5
      vertex 204.93912000209093 -2.254628002643585 1.5
    endloop
  endfacet
  facet normal 0.3115867961781149 -0.9502176952927461 0
    outer loop
      vertex 204.99012699723244 -2.2375190034508705 0
      vertex 204.94580399990082 -2.2520530000329018 1.5
      vertex 204.94580399990082 -2.2520530000329018 0
    endloop
  endfacet
  facet normal 0.3115867961781149 -0.9502176952927461 0
    outer loop
      vertex 204.99012699723244 -2.2375190034508705 0
      vertex 204.99012699723244 -2.2375190034508705 1.5
      vertex 204.94580399990082 -2.2520530000329018 1.5
    endloop
  endfacet
  facet normal 0.012573175375309815 -0.9999209545063958 0
    outer loop
      vertex 205.01525799930096 -2.237203001976013 0
      vertex 204.99012699723244 -2.2375190034508705 1.5
      vertex 204.99012699723244 -2.2375190034508705 0
    endloop
  endfacet
  facet normal 0.012573175375309815 -0.9999209545063958 0
    outer loop
      vertex 205.01525799930096 -2.237203001976013 0
      vertex 205.01525799930096 -2.237203001976013 1.5
      vertex 204.99012699723244 -2.2375190034508705 1.5
    endloop
  endfacet
  facet normal -0.038126178534454915 -0.999272932941926 2.674047109916266e-17
    outer loop
      vertex 221.61056499928236 -2.870379000902176 0
      vertex 205.01525799930096 -2.237203001976013 1.5
      vertex 205.01525799930096 -2.237203001976013 0
    endloop
  endfacet
  facet normal -0.038126178534454915 -0.999272932941926 0
    outer loop
      vertex 221.61056499928236 -2.870379000902176 0
      vertex 221.61056499928236 -2.870379000902176 1.5
      vertex 205.01525799930096 -2.237203001976013 1.5
    endloop
  endfacet
  facet normal -0.08599465533429906 -0.9962955983311053 0
    outer loop
      vertex 221.63426899909973 -2.8724249973893166 0
      vertex 221.61056499928236 -2.870379000902176 1.5
      vertex 221.61056499928236 -2.870379000902176 0
    endloop
  endfacet
  facet normal -0.08599465533429906 -0.9962955983311053 0
    outer loop
      vertex 221.63426899909973 -2.8724249973893166 0
      vertex 221.63426899909973 -2.8724249973893166 1.5
      vertex 221.61056499928236 -2.870379000902176 1.5
    endloop
  endfacet
  facet normal -0.36523586250910034 -0.9309150147769847 0
    outer loop
      vertex 221.6664910018444 -2.8850670009851456 0
      vertex 221.63426899909973 -2.8724249973893166 1.5
      vertex 221.63426899909973 -2.8724249973893166 0
    endloop
  endfacet
  facet normal -0.36523586250910034 -0.9309150147769847 0
    outer loop
      vertex 221.6664910018444 -2.8850670009851456 0
      vertex 221.6664910018444 -2.8850670009851456 1.5
      vertex 221.63426899909973 -2.8724249973893166 1.5
    endloop
  endfacet
  facet normal -0.3215767336580152 -0.9468835220711374 0
    outer loop
      vertex 221.7544580027461 -2.9149419963359833 0
      vertex 221.6664910018444 -2.8850670009851456 1.5
      vertex 221.6664910018444 -2.8850670009851456 0
    endloop
  endfacet
  facet normal -0.3215767336580152 -0.9468835220711374 0
    outer loop
      vertex 221.7544580027461 -2.9149419963359833 0
      vertex 221.7544580027461 -2.9149419963359833 1.5
      vertex 221.6664910018444 -2.8850670009851456 1.5
    endloop
  endfacet
  facet normal -0.23233065436911648 -0.9726368628837887 0
    outer loop
      vertex 221.84481800347567 -2.9365260004997253 0
      vertex 221.7544580027461 -2.9149419963359833 1.5
      vertex 221.7544580027461 -2.9149419963359833 0
    endloop
  endfacet
  facet normal -0.23233065436911648 -0.9726368628837887 0
    outer loop
      vertex 221.84481800347567 -2.9365260004997253 0
      vertex 221.84481800347567 -2.9365260004997253 1.5
      vertex 221.7544580027461 -2.9149419963359833 1.5
    endloop
  endfacet
  facet normal -0.1410626647924673 -0.9900006689905053 0
    outer loop
      vertex 221.9367910027504 -2.9496309980750084 0
      vertex 221.84481800347567 -2.9365260004997253 1.5
      vertex 221.84481800347567 -2.9365260004997253 0
    endloop
  endfacet
  facet normal -0.1410626647924673 -0.9900006689905053 0
    outer loop
      vertex 221.9367910027504 -2.9496309980750084 0
      vertex 221.9367910027504 -2.9496309980750084 1.5
      vertex 221.84481800347567 -2.9365260004997253 1.5
    endloop
  endfacet
  facet normal -0.04857827114565977 -0.9988193788531032 0
    outer loop
      vertex 222.02958299964666 -2.95414400100708 0
      vertex 221.9367910027504 -2.9496309980750084 1.5
      vertex 221.9367910027504 -2.9496309980750084 0
    endloop
  endfacet
  facet normal -0.04857827114565977 -0.9988193788531032 0
    outer loop
      vertex 222.02958299964666 -2.95414400100708 0
      vertex 222.02958299964666 -2.95414400100708 1.5
      vertex 221.9367910027504 -2.9496309980750084 1.5
    endloop
  endfacet
  facet normal -0.002129329358478855 -0.9999977329756718 0
    outer loop
      vertex 223.90199899673462 -2.9581310003995895 0
      vertex 222.02958299964666 -2.95414400100708 1.5
      vertex 222.02958299964666 -2.95414400100708 0
    endloop
  endfacet
  facet normal -0.002129329358478855 -0.9999977329756718 0
    outer loop
      vertex 223.90199899673462 -2.9581310003995895 0
      vertex 223.90199899673462 -2.9581310003995895 1.5
      vertex 222.02958299964666 -2.95414400100708 1.5
    endloop
  endfacet
  facet normal -0.0201104666061722 -0.9997977641167648 0
    outer loop
      vertex 223.91999600082636 -2.9584930017590523 0
      vertex 223.90199899673462 -2.9581310003995895 1.5
      vertex 223.90199899673462 -2.9581310003995895 0
    endloop
  endfacet
  facet normal -0.0201104666061722 -0.9997977641167648 0
    outer loop
      vertex 223.91999600082636 -2.9584930017590523 0
      vertex 223.91999600082636 -2.9584930017590523 1.5
      vertex 223.90199899673462 -2.9581310003995895 1.5
    endloop
  endfacet
  facet normal -0.03812634165880061 -0.9992729267180797 0
    outer loop
      vertex 226.14057099819183 -3.0432170033454895 0
      vertex 223.91999600082636 -2.9584930017590523 1.5
      vertex 223.91999600082636 -2.9584930017590523 0
    endloop
  endfacet
  facet normal -0.03812634165880061 -0.9992729267180797 0
    outer loop
      vertex 226.14057099819183 -3.0432170033454895 0
      vertex 226.14057099819183 -3.0432170033454895 1.5
      vertex 223.91999600082636 -2.9584930017590523 1.5
    endloop
  endfacet
  facet normal 0.008631086973292101 -0.9999627514751035 0
    outer loop
      vertex 226.2340670004487 -3.0424100011587143 0
      vertex 226.14057099819183 -3.0432170033454895 1.5
      vertex 226.14057099819183 -3.0432170033454895 0
    endloop
  endfacet
  facet normal 0.008631086973292101 -0.9999627514751035 0
    outer loop
      vertex 226.2340670004487 -3.0424100011587143 0
      vertex 226.2340670004487 -3.0424100011587143 1.5
      vertex 226.14057099819183 -3.0432170033454895 1.5
    endloop
  endfacet
  facet normal 0.9946036809927793 -0.10374737469263391 0
    outer loop
      vertex 165.29599600285292 98.94583900272846 0
      vertex 165.29599600285292 98.94583900272846 1.5
      vertex 163.6775370016694 83.43002200126648 0
    endloop
  endfacet
  facet normal 0.9946036809927793 -0.10374737469263391 0
    outer loop
      vertex 163.6775370016694 83.43002200126648 1.5
      vertex 163.6775370016694 83.43002200126648 0
      vertex 165.29599600285292 98.94583900272846 1.5
    endloop
  endfacet
  facet normal -0.10374728348236621 -0.9946036905069423 0
    outer loop
      vertex 172.25822199881077 98.21960800141096 0
      vertex 172.25822199881077 98.21960800141096 1.5
      vertex 165.29599600285292 98.94583900272846 0
    endloop
  endfacet
  facet normal -0.10374728348236621 -0.9946036905069423 0
    outer loop
      vertex 165.29599600285292 98.94583900272846 1.5
      vertex 165.29599600285292 98.94583900272846 0
      vertex 172.25822199881077 98.21960800141096 1.5
    endloop
  endfacet
  facet normal -0.9946036809927793 0.10374737469263391 0
    outer loop
      vertex 170.63976299762726 82.70379099994898 0
      vertex 170.63976299762726 82.70379099994898 1.5
      vertex 172.25822199881077 98.21960800141096 0
    endloop
  endfacet
  facet normal -0.9946036809927793 0.10374737469263391 0
    outer loop
      vertex 172.25822199881077 98.21960800141096 1.5
      vertex 172.25822199881077 98.21960800141096 0
      vertex 170.63976299762726 82.70379099994898 1.5
    endloop
  endfacet
  facet normal 0.10374728348236621 0.9946036905069423 0
    outer loop
      vertex 163.6775370016694 83.43002200126648 0
      vertex 163.6775370016694 83.43002200126648 1.5
      vertex 170.63976299762726 82.70379099994898 0
    endloop
  endfacet
  facet normal 0.10374728348236621 0.9946036905069423 0
    outer loop
      vertex 170.63976299762726 82.70379099994898 1.5
      vertex 170.63976299762726 82.70379099994898 0
      vertex 163.6775370016694 83.43002200126648 1.5
    endloop
  endfacet
  facet normal 0.10374730347360935 0.994603688421652 0
    outer loop
      vertex 172.0701930001378 82.72047699987888 0
      vertex 172.0701930001378 82.72047699987888 1.5
      vertex 185.96534500271082 81.27107100188732 0
    endloop
  endfacet
  facet normal 0.10374730347360935 0.994603688421652 0
    outer loop
      vertex 185.96534500271082 81.27107100188732 1.5
      vertex 185.96534500271082 81.27107100188732 0
      vertex 172.0701930001378 82.72047699987888 1.5
    endloop
  endfacet
  facet normal 0.15244760328972426 0.9883115542435083 0
    outer loop
      vertex 172.05629999935627 82.7226200029254 0
      vertex 172.05629999935627 82.7226200029254 1.5
      vertex 172.0701930001378 82.72047699987888 0
    endloop
  endfacet
  facet normal 0.15244760328972426 0.9883115542435083 0
    outer loop
      vertex 172.0701930001378 82.72047699987888 1.5
      vertex 172.0701930001378 82.72047699987888 0
      vertex 172.05629999935627 82.7226200029254 1.5
    endloop
  endfacet
  facet normal 0.998494524075657 -0.054851484856175935 0
    outer loop
      vertex 172.0570710003376 82.73665499687195 0
      vertex 172.0570710003376 82.73665499687195 1.5
      vertex 172.05629999935627 82.7226200029254 0
    endloop
  endfacet
  facet normal 0.998494524075657 -0.054851484856175935 0
    outer loop
      vertex 172.05629999935627 82.7226200029254 1.5
      vertex 172.05629999935627 82.7226200029254 0
      vertex 172.0570710003376 82.73665499687195 1.5
    endloop
  endfacet
  facet normal 0.994603688421652 -0.10374730347360935 0
    outer loop
      vertex 173.50647699832916 96.63180699944496 0
      vertex 173.50647699832916 96.63180699944496 1.5
      vertex 172.0570710003376 82.73665499687195 0
    endloop
  endfacet
  facet normal 0.994603688421652 -0.10374730347360935 0
    outer loop
      vertex 172.0570710003376 82.73665499687195 1.5
      vertex 172.0570710003376 82.73665499687195 0
      vertex 173.50647699832916 96.63180699944496 1.5
    endloop
  endfacet
  facet normal 0.9883115542435083 -0.15244760328972426 0
    outer loop
      vertex 173.50862000137568 96.6457000002265 0
      vertex 173.50862000137568 96.6457000002265 1.5
      vertex 173.50647699832916 96.63180699944496 0
    endloop
  endfacet
  facet normal 0.9883115542435083 -0.15244760328972426 0
    outer loop
      vertex 173.50647699832916 96.63180699944496 1.5
      vertex 173.50647699832916 96.63180699944496 0
      vertex 173.50862000137568 96.6457000002265 1.5
    endloop
  endfacet
  facet normal -0.05485145582548171 -0.9984945256704342 0
    outer loop
      vertex 173.5226550027728 96.64492899924517 0
      vertex 173.5226550027728 96.64492899924517 1.5
      vertex 173.50862000137568 96.6457000002265 0
    endloop
  endfacet
  facet normal -0.05485145582548171 -0.9984945256704342 0
    outer loop
      vertex 173.50862000137568 96.6457000002265 1.5
      vertex 173.50862000137568 96.6457000002265 0
      vertex 173.5226550027728 96.64492899924517 1.5
    endloop
  endfacet
  facet normal -0.1037473035286399 -0.9946036884159118 0
    outer loop
      vertex 187.41780699789524 95.1955230012536 0
      vertex 187.41780699789524 95.1955230012536 1.5
      vertex 173.5226550027728 96.64492899924517 0
    endloop
  endfacet
  facet normal -0.1037473035286399 -0.9946036884159118 0
    outer loop
      vertex 173.5226550027728 96.64492899924517 1.5
      vertex 173.5226550027728 96.64492899924517 0
      vertex 187.41780699789524 95.1955230012536 1.5
    endloop
  endfacet
  facet normal -0.15244760328972426 -0.9883115542435083 0
    outer loop
      vertex 187.43169999867678 95.19337999820709 0
      vertex 187.43169999867678 95.19337999820709 1.5
      vertex 187.41780699789524 95.1955230012536 0
    endloop
  endfacet
  facet normal -0.15244760328972426 -0.9883115542435083 0
    outer loop
      vertex 187.41780699789524 95.1955230012536 1.5
      vertex 187.41780699789524 95.1955230012536 0
      vertex 187.43169999867678 95.19337999820709 1.5
    endloop
  endfacet
  facet normal -0.9984945256704342 0.05485145582548171 0
    outer loop
      vertex 187.43092899769545 95.17934499680996 0
      vertex 187.43092899769545 95.17934499680996 1.5
      vertex 187.43169999867678 95.19337999820709 0
    endloop
  endfacet
  facet normal -0.9984945256704342 0.05485145582548171 0
    outer loop
      vertex 187.43169999867678 95.19337999820709 1.5
      vertex 187.43169999867678 95.19337999820709 0
      vertex 187.43092899769545 95.17934499680996 1.5
    endloop
  endfacet
  facet normal -0.9946036884159118 0.1037473035286399 0
    outer loop
      vertex 185.98152299970388 81.28419300168753 0
      vertex 185.98152299970388 81.28419300168753 1.5
      vertex 187.43092899769545 95.17934499680996 0
    endloop
  endfacet
  facet normal -0.9946036884159118 0.1037473035286399 0
    outer loop
      vertex 187.43092899769545 95.17934499680996 1.5
      vertex 187.43092899769545 95.17934499680996 0
      vertex 185.98152299970388 81.28419300168753 1.5
    endloop
  endfacet
  facet normal -0.9883115542435083 0.15244760328972426 0
    outer loop
      vertex 185.97937999665737 81.27030000090599 0
      vertex 185.97937999665737 81.27030000090599 1.5
      vertex 185.98152299970388 81.28419300168753 0
    endloop
  endfacet
  facet normal -0.9883115542435083 0.15244760328972426 0
    outer loop
      vertex 185.98152299970388 81.28419300168753 1.5
      vertex 185.98152299970388 81.28419300168753 0
      vertex 185.97937999665737 81.27030000090599 1.5
    endloop
  endfacet
  facet normal 0.054851484856175935 0.998494524075657 0
    outer loop
      vertex 185.96534500271082 81.27107100188732 0
      vertex 185.96534500271082 81.27107100188732 1.5
      vertex 185.97937999665737 81.27030000090599 0
    endloop
  endfacet
  facet normal 0.054851484856175935 0.998494524075657 0
    outer loop
      vertex 185.97937999665737 81.27030000090599 1.5
      vertex 185.97937999665737 81.27030000090599 0
      vertex 185.96534500271082 81.27107100188732 1.5
    endloop
  endfacet
  facet normal 0.9946036875914913 -0.10374731143218692 0
    outer loop
      vertex 188.97999600321054 96.47535599768162 0
      vertex 188.97999600321054 96.47535599768162 1.5
      vertex 187.36153800040483 80.95953900367022 0
    endloop
  endfacet
  facet normal 0.9946036875914913 -0.10374731143218692 0
    outer loop
      vertex 187.36153800040483 80.95953900367022 1.5
      vertex 187.36153800040483 80.95953900367022 0
      vertex 188.97999600321054 96.47535599768162 1.5
    endloop
  endfacet
  facet normal -0.10374728348236621 -0.9946036905069423 0
    outer loop
      vertex 195.9422219991684 95.74912499636412 0
      vertex 195.9422219991684 95.74912499636412 1.5
      vertex 188.97999600321054 96.47535599768162 0
    endloop
  endfacet
  facet normal -0.10374728348236621 -0.9946036905069423 0
    outer loop
      vertex 188.97999600321054 96.47535599768162 1.5
      vertex 188.97999600321054 96.47535599768162 0
      vertex 195.9422219991684 95.74912499636412 1.5
    endloop
  endfacet
  facet normal -0.9946036816816289 0.10374736808877964 0
    outer loop
      vertex 194.3237629979849 80.23330699652433 0
      vertex 194.3237629979849 80.23330699652433 1.5
      vertex 195.9422219991684 95.74912499636412 0
    endloop
  endfacet
  facet normal -0.9946036816816289 0.10374736808877964 0
    outer loop
      vertex 195.9422219991684 95.74912499636412 1.5
      vertex 195.9422219991684 95.74912499636412 0
      vertex 194.3237629979849 80.23330699652433 1.5
    endloop
  endfacet
  facet normal 0.1037474403426938 0.9946036741448019 0
    outer loop
      vertex 187.36153800040483 80.95953900367022 0
      vertex 187.36153800040483 80.95953900367022 1.5
      vertex 194.3237629979849 80.23330699652433 0
    endloop
  endfacet
  facet normal 0.1037474403426938 0.9946036741448019 0
    outer loop
      vertex 194.3237629979849 80.23330699652433 1.5
      vertex 194.3237629979849 80.23330699652433 0
      vertex 187.36153800040483 80.95953900367022 1.5
    endloop
  endfacet
  facet normal 0.08003652053794287 0.9967919318394284 0
    outer loop
      vertex 210.50989200174809 79.3842270001769 0
      vertex 210.50989200174809 79.3842270001769 1.5
      vertex 210.52390299737453 79.38310199975967 0
    endloop
  endfacet
  facet normal 0.08003652053794287 0.9967919318394284 0
    outer loop
      vertex 210.52390299737453 79.38310199975967 1.5
      vertex 210.52390299737453 79.38310199975967 0
      vertex 210.50989200174809 79.3842270001769 1.5
    endloop
  endfacet
  facet normal 0.9998367140208496 0.018070564351723592 0
    outer loop
      vertex 210.50963799655437 79.39828100055456 0
      vertex 210.50963799655437 79.39828100055456 1.5
      vertex 210.50989200174809 79.3842270001769 0
    endloop
  endfacet
  facet normal 0.9998367140208496 0.018070564351723592 0
    outer loop
      vertex 210.50989200174809 79.3842270001769 1.5
      vertex 210.50989200174809 79.3842270001769 0
      vertex 210.50963799655437 79.39828100055456 1.5
    endloop
  endfacet
  facet normal 0.9995185467505693 -0.03102699955893706 0
    outer loop
      vertex 210.94310200214386 93.36209700256586 0
      vertex 210.94310200214386 93.36209700256586 1.5
      vertex 210.50963799655437 79.39828100055456 0
    endloop
  endfacet
  facet normal 0.9995185467505693 -0.03102699955893706 0
    outer loop
      vertex 210.50963799655437 79.39828100055456 1.5
      vertex 210.50963799655437 79.39828100055456 0
      vertex 210.94310200214386 93.36209700256586 1.5
    endloop
  endfacet
  facet normal 0.9967919318394284 -0.08003652053794287 0
    outer loop
      vertex 210.9442270025611 93.37610799819231 0
      vertex 210.9442270025611 93.37610799819231 1.5
      vertex 210.94310200214386 93.36209700256586 0
    endloop
  endfacet
  facet normal 0.9967919318394284 -0.08003652053794287 0
    outer loop
      vertex 210.94310200214386 93.36209700256586 1.5
      vertex 210.94310200214386 93.36209700256586 0
      vertex 210.9442270025611 93.37610799819231 1.5
    endloop
  endfacet
  facet normal 0.018070564351723592 -0.9998367140208496 0
    outer loop
      vertex 210.95828100293875 93.37636200338602 0
      vertex 210.95828100293875 93.37636200338602 1.5
      vertex 210.9442270025611 93.37610799819231 0
    endloop
  endfacet
  facet normal 0.018070564351723592 -0.9998367140208496 0
    outer loop
      vertex 210.9442270025611 93.37610799819231 1.5
      vertex 210.9442270025611 93.37610799819231 0
      vertex 210.95828100293875 93.37636200338602 1.5
    endloop
  endfacet
  facet normal -0.03102699957547599 -0.9995185467500558 0
    outer loop
      vertex 224.92209699749947 92.94289799779654 0
      vertex 224.92209699749947 92.94289799779654 1.5
      vertex 210.95828100293875 93.37636200338602 0
    endloop
  endfacet
  facet normal -0.03102699957547599 -0.9995185467500558 0
    outer loop
      vertex 210.95828100293875 93.37636200338602 1.5
      vertex 210.95828100293875 93.37636200338602 0
      vertex 224.92209699749947 92.94289799779654 1.5
    endloop
  endfacet
  facet normal -0.0800364782498481 -0.9967919352349123 0
    outer loop
      vertex 224.9361080005765 92.9417729973793 0
      vertex 224.9361080005765 92.9417729973793 1.5
      vertex 224.92209699749947 92.94289799779654 0
    endloop
  endfacet
  facet normal -0.0800364782498481 -0.9967919352349123 0
    outer loop
      vertex 224.92209699749947 92.94289799779654 1.5
      vertex 224.92209699749947 92.94289799779654 0
      vertex 224.9361080005765 92.9417729973793 1.5
    endloop
  endfacet
  facet normal -0.9998367235975008 -0.01807003447187631 0
    outer loop
      vertex 224.93636199831963 92.92771899700165 0
      vertex 224.93636199831963 92.92771899700165 1.5
      vertex 224.9361080005765 92.9417729973793 0
    endloop
  endfacet
  facet normal -0.9998367235975008 -0.01807003447187631 0
    outer loop
      vertex 224.9361080005765 92.9417729973793 1.5
      vertex 224.9361080005765 92.9417729973793 0
      vertex 224.93636199831963 92.92771899700165 1.5
    endloop
  endfacet
  facet normal -0.9995185467665946 0.031026999042682912 0
    outer loop
      vertex 224.50289800018072 78.96390300244093 0
      vertex 224.50289800018072 78.96390300244093 1.5
      vertex 224.93636199831963 92.92771899700165 0
    endloop
  endfacet
  facet normal -0.9995185467665946 0.031026999042682912 0
    outer loop
      vertex 224.93636199831963 92.92771899700165 1.5
      vertex 224.93636199831963 92.92771899700165 0
      vertex 224.50289800018072 78.96390300244093 1.5
    endloop
  endfacet
  facet normal -0.9967919352349123 0.0800364782498481 0
    outer loop
      vertex 224.5017729997635 78.9498919993639 0
      vertex 224.5017729997635 78.9498919993639 1.5
      vertex 224.50289800018072 78.96390300244093 0
    endloop
  endfacet
  facet normal -0.9967919352349123 0.0800364782498481 0
    outer loop
      vertex 224.50289800018072 78.96390300244093 1.5
      vertex 224.50289800018072 78.96390300244093 0
      vertex 224.5017729997635 78.9498919993639 1.5
    endloop
  endfacet
  facet normal -0.01807003447187631 0.9998367235975008 0
    outer loop
      vertex 224.48771899938583 78.94963800162077 0
      vertex 224.48771899938583 78.94963800162077 1.5
      vertex 224.5017729997635 78.9498919993639 0
    endloop
  endfacet
  facet normal -0.01807003447187631 0.9998367235975008 0
    outer loop
      vertex 224.5017729997635 78.9498919993639 1.5
      vertex 224.5017729997635 78.9498919993639 0
      vertex 224.48771899938583 78.94963800162077 1.5
    endloop
  endfacet
  facet normal 0.031026999026143982 0.999518546767108 0
    outer loop
      vertex 210.52390299737453 79.38310199975967 0
      vertex 210.52390299737453 79.38310199975967 1.5
      vertex 224.48771899938583 78.94963800162077 0
    endloop
  endfacet
  facet normal 0.031026999026143982 0.999518546767108 0
    outer loop
      vertex 224.48771899938583 78.94963800162077 1.5
      vertex 224.48771899938583 78.94963800162077 0
      vertex 210.52390299737453 79.38310199975967 1.5
    endloop
  endfacet
  facet normal 0.04908941399439046 0.9987943879666562 0
    outer loop
      vertex 249.11569000035524 78.7256899997592 0
      vertex 249.11569000035524 78.7256899997592 1.5
      vertex 249.12972900271416 78.72500000149012 0
    endloop
  endfacet
  facet normal 0.04908941399439046 0.9987943879666562 0
    outer loop
      vertex 249.12972900271416 78.72500000149012 1.5
      vertex 249.12972900271416 78.72500000149012 0
      vertex 249.11569000035524 78.7256899997592 1.5
    endloop
  endfacet
  facet normal 0.9987943879666562 0.04908941399439046 0
    outer loop
      vertex 249.11500000208616 78.73972900211811 0
      vertex 249.11500000208616 78.73972900211811 1.5
      vertex 249.11569000035524 78.7256899997592 0
    endloop
  endfacet
  facet normal 0.9987943879666562 0.04908941399439046 0
    outer loop
      vertex 249.11569000035524 78.7256899997592 1.5
      vertex 249.11569000035524 78.7256899997592 0
      vertex 249.11500000208616 78.73972900211811 1.5
    endloop
  endfacet
  facet normal 1 0 0
    outer loop
      vertex 249.11500000208616 92.71027100086212 0
      vertex 249.11500000208616 92.71027100086212 1.5
      vertex 249.11500000208616 78.73972900211811 0
    endloop
  endfacet
  facet normal 1 0 0
    outer loop
      vertex 249.11500000208616 78.73972900211811 1.5
      vertex 249.11500000208616 78.73972900211811 0
      vertex 249.11500000208616 92.71027100086212 1.5
    endloop
  endfacet
  facet normal 0.9987943879666562 -0.04908941399439046 0
    outer loop
      vertex 249.11569000035524 92.72431000322104 0
      vertex 249.11569000035524 92.72431000322104 1.5
      vertex 249.11500000208616 92.71027100086212 0
    endloop
  endfacet
  facet normal 0.9987943879666562 -0.04908941399439046 0
    outer loop
      vertex 249.11500000208616 92.71027100086212 1.5
      vertex 249.11500000208616 92.71027100086212 0
      vertex 249.11569000035524 92.72431000322104 1.5
    endloop
  endfacet
  facet normal 0.04908941399439046 -0.9987943879666562 0
    outer loop
      vertex 249.12972900271416 92.72500000149012 0
      vertex 249.12972900271416 92.72500000149012 1.5
      vertex 249.11569000035524 92.72431000322104 0
    endloop
  endfacet
  facet normal 0.04908941399439046 -0.9987943879666562 0
    outer loop
      vertex 249.11569000035524 92.72431000322104 1.5
      vertex 249.11569000035524 92.72431000322104 0
      vertex 249.12972900271416 92.72500000149012 1.5
    endloop
  endfacet
  facet normal 0 -1 0
    outer loop
      vertex 267.8622710034251 92.72500000149012 0
      vertex 267.8622710034251 92.72500000149012 1.5
      vertex 249.12972900271416 92.72500000149012 0
    endloop
  endfacet
  facet normal 0 -1 0
    outer loop
      vertex 249.12972900271416 92.72500000149012 1.5
      vertex 249.12972900271416 92.72500000149012 0
      vertex 267.8622710034251 92.72500000149012 1.5
    endloop
  endfacet
  facet normal -0.04906091483350426 -0.9987957882548864 0
    outer loop
      vertex 267.87692900002 92.72427999973297 0
      vertex 267.87692900002 92.72427999973297 1.5
      vertex 267.8622710034251 92.72500000149012 0
    endloop
  endfacet
  facet normal -0.04906091483350426 -0.9987957882548864 0
    outer loop
      vertex 267.8622710034251 92.72500000149012 1.5
      vertex 267.8622710034251 92.72500000149012 0
      vertex 267.87692900002 92.72427999973297 1.5
    endloop
  endfacet
  facet normal -0.1469274580574471 -0.9891472701619194 0
    outer loop
      vertex 267.8785379976034 92.72404100000858 0
      vertex 267.8785379976034 92.72404100000858 1.5
      vertex 267.87692900002 92.72427999973297 0
    endloop
  endfacet
  facet normal -0.1469274580574471 -0.9891472701619194 0
    outer loop
      vertex 267.87692900002 92.72427999973297 1.5
      vertex 267.87692900002 92.72427999973297 0
      vertex 267.8785379976034 92.72404100000858 1.5
    endloop
  endfacet
  facet normal -0.19507980761659321 -0.9807873717887445 0
    outer loop
      vertex 267.93296200037 92.71321599930525 0
      vertex 267.93296200037 92.71321599930525 1.5
      vertex 267.8785379976034 92.72404100000858 0
    endloop
  endfacet
  facet normal -0.19507980761659321 -0.9807873717887445 0
    outer loop
      vertex 267.8785379976034 92.72404100000858 1.5
      vertex 267.8785379976034 92.72404100000858 0
      vertex 267.93296200037 92.71321599930525 1.5
    endloop
  endfacet
  facet normal -0.09802893864594224 -0.9951835645688438 0
    outer loop
      vertex 267.99155899882317 92.70744399726391 0
      vertex 267.99155899882317 92.70744399726391 1.5
      vertex 267.93296200037 92.71321599930525 0
    endloop
  endfacet
  facet normal -0.09802893864594224 -0.9951835645688438 0
    outer loop
      vertex 267.93296200037 92.71321599930525 1.5
      vertex 267.93296200037 92.71321599930525 0
      vertex 267.99155899882317 92.70744399726391 1.5
    endloop
  endfacet
  facet normal 0 -1 0
    outer loop
      vertex 268.0504409968853 92.70744399726391 0
      vertex 268.0504409968853 92.70744399726391 1.5
      vertex 267.99155899882317 92.70744399726391 0
    endloop
  endfacet
  facet normal 0 -1 0
    outer loop
      vertex 267.99155899882317 92.70744399726391 1.5
      vertex 267.99155899882317 92.70744399726391 0
      vertex 268.0504409968853 92.70744399726391 1.5
    endloop
  endfacet
  facet normal 0.09802892630138885 -0.9951835657848239 0
    outer loop
      vertex 268.109038002789 92.71321599930525 0
      vertex 268.109038002789 92.71321599930525 1.5
      vertex 268.0504409968853 92.70744399726391 0
    endloop
  endfacet
  facet normal 0.09802892630138885 -0.9951835657848239 0
    outer loop
      vertex 268.0504409968853 92.70744399726391 1.5
      vertex 268.0504409968853 92.70744399726391 0
      vertex 268.109038002789 92.71321599930525 1.5
    endloop
  endfacet
  facet normal 0.1950798333064535 -0.9807873666789995 0
    outer loop
      vertex 268.16346199810505 92.72404100000858 0
      vertex 268.16346199810505 92.72404100000858 1.5
      vertex 268.109038002789 92.71321599930525 0
    endloop
  endfacet
  facet normal 0.1950798333064535 -0.9807873666789995 0
    outer loop
      vertex 268.109038002789 92.71321599930525 1.5
      vertex 268.109038002789 92.71321599930525 0
      vertex 268.16346199810505 92.72404100000858 1.5
    endloop
  endfacet
  facet normal 0.14692679238948095 -0.9891473690396888 0
    outer loop
      vertex 268.165071003139 92.72427999973297 0
      vertex 268.165071003139 92.72427999973297 1.5
      vertex 268.16346199810505 92.72404100000858 0
    endloop
  endfacet
  facet normal 0.14692679238948095 -0.9891473690396888 0
    outer loop
      vertex 268.16346199810505 92.72404100000858 1.5
      vertex 268.16346199810505 92.72404100000858 0
      vertex 268.165071003139 92.72427999973297 1.5
    endloop
  endfacet
  facet normal 0.04906091483350426 -0.9987957882548864 0
    outer loop
      vertex 268.1797289997339 92.72500000149012 0
      vertex 268.1797289997339 92.72500000149012 1.5
      vertex 268.165071003139 92.72427999973297 0
    endloop
  endfacet
  facet normal 0.04906091483350426 -0.9987957882548864 0
    outer loop
      vertex 268.165071003139 92.72427999973297 1.5
      vertex 268.165071003139 92.72427999973297 0
      vertex 268.1797289997339 92.72500000149012 1.5
    endloop
  endfacet
  facet normal 0 -1 0
    outer loop
      vertex 282.15027099847794 92.72500000149012 0
      vertex 282.15027099847794 92.72500000149012 1.5
      vertex 268.1797289997339 92.72500000149012 0
    endloop
  endfacet
  facet normal 0 -1 0
    outer loop
      vertex 268.1797289997339 92.72500000149012 1.5
      vertex 268.1797289997339 92.72500000149012 0
      vertex 282.15027099847794 92.72500000149012 1.5
    endloop
  endfacet
  facet normal -0.04906088995614216 -0.9987957894768636 0
    outer loop
      vertex 282.1649290025234 92.72427999973297 0
      vertex 282.1649290025234 92.72427999973297 1.5
      vertex 282.15027099847794 92.72500000149012 0
    endloop
  endfacet
  facet normal -0.04906088995614216 -0.9987957894768636 0
    outer loop
      vertex 282.15027099847794 92.72500000149012 1.5
      vertex 282.15027099847794 92.72500000149012 0
      vertex 282.1649290025234 92.72427999973297 1.5
    endloop
  endfacet
  facet normal -0.1469274580574471 -0.9891472701619194 0
    outer loop
      vertex 282.1665380001068 92.72404100000858 0
      vertex 282.1665380001068 92.72404100000858 1.5
      vertex 282.1649290025234 92.72427999973297 0
    endloop
  endfacet
  facet normal -0.1469274580574471 -0.9891472701619194 0
    outer loop
      vertex 282.1649290025234 92.72427999973297 1.5
      vertex 282.1649290025234 92.72427999973297 0
      vertex 282.1665380001068 92.72404100000858 1.5
    endloop
  endfacet
  facet normal -0.19507980761659321 -0.9807873717887445 0
    outer loop
      vertex 282.2209620028734 92.71321599930525 0
      vertex 282.2209620028734 92.71321599930525 1.5
      vertex 282.1665380001068 92.72404100000858 0
    endloop
  endfacet
  facet normal -0.19507980761659321 -0.9807873717887445 0
    outer loop
      vertex 282.1665380001068 92.72404100000858 1.5
      vertex 282.1665380001068 92.72404100000858 0
      vertex 282.2209620028734 92.71321599930525 1.5
    endloop
  endfacet
  facet normal -0.09802893864594224 -0.9951835645688438 0
    outer loop
      vertex 282.27955900132656 92.70744399726391 0
      vertex 282.27955900132656 92.70744399726391 1.5
      vertex 282.2209620028734 92.71321599930525 0
    endloop
  endfacet
  facet normal -0.09802893864594224 -0.9951835645688438 0
    outer loop
      vertex 282.2209620028734 92.71321599930525 1.5
      vertex 282.2209620028734 92.71321599930525 0
      vertex 282.27955900132656 92.70744399726391 1.5
    endloop
  endfacet
  facet normal 0 -1 0
    outer loop
      vertex 282.3384409993887 92.70744399726391 0
      vertex 282.3384409993887 92.70744399726391 1.5
      vertex 282.27955900132656 92.70744399726391 0
    endloop
  endfacet
  facet normal 0 -1 0
    outer loop
      vertex 282.27955900132656 92.70744399726391 1.5
      vertex 282.27955900132656 92.70744399726391 0
      vertex 282.3384409993887 92.70744399726391 1.5
    endloop
  endfacet
  facet normal 0.09802893864594224 -0.9951835645688438 0
    outer loop
      vertex 282.39703799784184 92.71321599930525 0
      vertex 282.39703799784184 92.71321599930525 1.5
      vertex 282.3384409993887 92.70744399726391 0
    endloop
  endfacet
  facet normal 0.09802893864594224 -0.9951835645688438 0
    outer loop
      vertex 282.3384409993887 92.70744399726391 1.5
      vertex 282.3384409993887 92.70744399726391 0
      vertex 282.39703799784184 92.71321599930525 1.5
    endloop
  endfacet
  facet normal 0.19507980761659321 -0.9807873717887445 0
    outer loop
      vertex 282.45146200060844 92.72404100000858 0
      vertex 282.45146200060844 92.72404100000858 1.5
      vertex 282.39703799784184 92.71321599930525 0
    endloop
  endfacet
  facet normal 0.19507980761659321 -0.9807873717887445 0
    outer loop
      vertex 282.39703799784184 92.71321599930525 1.5
      vertex 282.39703799784184 92.71321599930525 0
      vertex 282.45146200060844 92.72404100000858 1.5
    endloop
  endfacet
  facet normal 0.1469274580574471 -0.9891472701619194 0
    outer loop
      vertex 282.45307099819183 92.72427999973297 0
      vertex 282.45307099819183 92.72427999973297 1.5
      vertex 282.45146200060844 92.72404100000858 0
    endloop
  endfacet
  facet normal 0.1469274580574471 -0.9891472701619194 0
    outer loop
      vertex 282.45146200060844 92.72404100000858 1.5
      vertex 282.45146200060844 92.72404100000858 0
      vertex 282.45307099819183 92.72427999973297 1.5
    endloop
  endfacet
  facet normal 0.04906088995614216 -0.9987957894768636 0
    outer loop
      vertex 282.4677290022373 92.72500000149012 0
      vertex 282.4677290022373 92.72500000149012 1.5
      vertex 282.45307099819183 92.72427999973297 0
    endloop
  endfacet
  facet normal 0.04906088995614216 -0.9987957894768636 0
    outer loop
      vertex 282.45307099819183 92.72427999973297 1.5
      vertex 282.45307099819183 92.72427999973297 0
      vertex 282.4677290022373 92.72500000149012 1.5
    endloop
  endfacet
  facet normal 0 -1 0
    outer loop
      vertex 301.2002710029483 92.72500000149012 0
      vertex 301.2002710029483 92.72500000149012 1.5
      vertex 282.4677290022373 92.72500000149012 0
    endloop
  endfacet
  facet normal 0 -1 0
    outer loop
      vertex 282.4677290022373 92.72500000149012 1.5
      vertex 282.4677290022373 92.72500000149012 0
      vertex 301.2002710029483 92.72500000149012 1.5
    endloop
  endfacet
  facet normal -0.04908943998366365 -0.9987943866893177 0
    outer loop
      vertex 301.2143099978566 92.72431000322104 0
      vertex 301.2143099978566 92.72431000322104 1.5
      vertex 301.2002710029483 92.72500000149012 0
    endloop
  endfacet
  facet normal -0.04908943998366365 -0.9987943866893177 0
    outer loop
      vertex 301.2002710029483 92.72500000149012 1.5
      vertex 301.2002710029483 92.72500000149012 0
      vertex 301.2143099978566 92.72431000322104 1.5
    endloop
  endfacet
  facet normal -0.9987943619772575 -0.04908994278305106 0
    outer loop
      vertex 301.2150000035763 92.71027100086212 0
      vertex 301.2150000035763 92.71027100086212 1.5
      vertex 301.2143099978566 92.72431000322104 0
    endloop
  endfacet
  facet normal -0.9987943619772575 -0.04908994278305106 0
    outer loop
      vertex 301.2143099978566 92.72431000322104 1.5
      vertex 301.2143099978566 92.72431000322104 0
      vertex 301.2150000035763 92.71027100086212 1.5
    endloop
  endfacet
  facet normal -1 0 0
    outer loop
      vertex 301.2150000035763 78.73972900211811 0
      vertex 301.2150000035763 78.73972900211811 1.5
      vertex 301.2150000035763 92.71027100086212 0
    endloop
  endfacet
  facet normal -1 0 0
    outer loop
      vertex 301.2150000035763 92.71027100086212 1.5
      vertex 301.2150000035763 92.71027100086212 0
      vertex 301.2150000035763 78.73972900211811 1.5
    endloop
  endfacet
  facet normal -0.9987943619772575 0.04908994278305106 0
    outer loop
      vertex 301.2143099978566 78.7256899997592 0
      vertex 301.2143099978566 78.7256899997592 1.5
      vertex 301.2150000035763 78.73972900211811 0
    endloop
  endfacet
  facet normal -0.9987943619772575 0.04908994278305106 0
    outer loop
      vertex 301.2150000035763 78.73972900211811 1.5
      vertex 301.2150000035763 78.73972900211811 0
      vertex 301.2143099978566 78.7256899997592 1.5
    endloop
  endfacet
  facet normal -0.04908943998366365 0.9987943866893177 0
    outer loop
      vertex 301.2002710029483 78.72500000149012 0
      vertex 301.2002710029483 78.72500000149012 1.5
      vertex 301.2143099978566 78.7256899997592 0
    endloop
  endfacet
  facet normal -0.04908943998366365 0.9987943866893177 0
    outer loop
      vertex 301.2143099978566 78.7256899997592 1.5
      vertex 301.2143099978566 78.7256899997592 0
      vertex 301.2002710029483 78.72500000149012 1.5
    endloop
  endfacet
  facet normal 0 1 0
    outer loop
      vertex 282.4677290022373 78.72500000149012 0
      vertex 282.4677290022373 78.72500000149012 1.5
      vertex 301.2002710029483 78.72500000149012 0
    endloop
  endfacet
  facet normal 0 1 0
    outer loop
      vertex 301.2002710029483 78.72500000149012 1.5
      vertex 301.2002710029483 78.72500000149012 0
      vertex 282.4677290022373 78.72500000149012 1.5
    endloop
  endfacet
  facet normal 0.04906088995614216 0.9987957894768636 0
    outer loop
      vertex 282.45307099819183 78.72572000324726 0
      vertex 282.45307099819183 78.72572000324726 1.5
      vertex 282.4677290022373 78.72500000149012 0
    endloop
  endfacet
  facet normal 0.04906088995614216 0.9987957894768636 0
    outer loop
      vertex 282.4677290022373 78.72500000149012 1.5
      vertex 282.4677290022373 78.72500000149012 0
      vertex 282.45307099819183 78.72572000324726 1.5
    endloop
  endfacet
  facet normal 0.1469274580574471 0.9891472701619194 0
    outer loop
      vertex 282.45146200060844 78.72595900297165 0
      vertex 282.45146200060844 78.72595900297165 1.5
      vertex 282.45307099819183 78.72572000324726 0
    endloop
  endfacet
  facet normal 0.1469274580574471 0.9891472701619194 0
    outer loop
      vertex 282.45307099819183 78.72572000324726 1.5
      vertex 282.45307099819183 78.72572000324726 0
      vertex 282.45146200060844 78.72595900297165 1.5
    endloop
  endfacet
  facet normal 0.19507980761659321 0.9807873717887445 0
    outer loop
      vertex 282.39703799784184 78.73678400367498 0
      vertex 282.39703799784184 78.73678400367498 1.5
      vertex 282.45146200060844 78.72595900297165 0
    endloop
  endfacet
  facet normal 0.19507980761659321 0.9807873717887445 0
    outer loop
      vertex 282.45146200060844 78.72595900297165 1.5
      vertex 282.45146200060844 78.72595900297165 0
      vertex 282.39703799784184 78.73678400367498 1.5
    endloop
  endfacet
  facet normal 0.09802881332480139 0.995183576913391 0
    outer loop
      vertex 282.3384409993887 78.74255599826574 0
      vertex 282.3384409993887 78.74255599826574 1.5
      vertex 282.39703799784184 78.73678400367498 0
    endloop
  endfacet
  facet normal 0.09802881332480139 0.995183576913391 0
    outer loop
      vertex 282.39703799784184 78.73678400367498 1.5
      vertex 282.39703799784184 78.73678400367498 0
      vertex 282.3384409993887 78.74255599826574 1.5
    endloop
  endfacet
  facet normal 0 1 0
    outer loop
      vertex 282.27955900132656 78.74255599826574 0
      vertex 282.27955900132656 78.74255599826574 1.5
      vertex 282.3384409993887 78.74255599826574 0
    endloop
  endfacet
  facet normal 0 1 0
    outer loop
      vertex 282.3384409993887 78.74255599826574 1.5
      vertex 282.3384409993887 78.74255599826574 0
      vertex 282.27955900132656 78.74255599826574 1.5
    endloop
  endfacet
  facet normal -0.09802881332480139 0.995183576913391 0
    outer loop
      vertex 282.2209620028734 78.73678400367498 0
      vertex 282.2209620028734 78.73678400367498 1.5
      vertex 282.27955900132656 78.74255599826574 0
    endloop
  endfacet
  facet normal -0.09802881332480139 0.995183576913391 0
    outer loop
      vertex 282.27955900132656 78.74255599826574 1.5
      vertex 282.27955900132656 78.74255599826574 0
      vertex 282.2209620028734 78.73678400367498 1.5
    endloop
  endfacet
  facet normal -0.19507980761659321 0.9807873717887445 0
    outer loop
      vertex 282.1665380001068 78.72595900297165 0
      vertex 282.1665380001068 78.72595900297165 1.5
      vertex 282.2209620028734 78.73678400367498 0
    endloop
  endfacet
  facet normal -0.19507980761659321 0.9807873717887445 0
    outer loop
      vertex 282.2209620028734 78.73678400367498 1.5
      vertex 282.2209620028734 78.73678400367498 0
      vertex 282.1665380001068 78.72595900297165 1.5
    endloop
  endfacet
  facet normal -0.1469274580574471 0.9891472701619194 0
    outer loop
      vertex 282.1649290025234 78.72572000324726 0
      vertex 282.1649290025234 78.72572000324726 1.5
      vertex 282.1665380001068 78.72595900297165 0
    endloop
  endfacet
  facet normal -0.1469274580574471 0.9891472701619194 0
    outer loop
      vertex 282.1665380001068 78.72595900297165 1.5
      vertex 282.1665380001068 78.72595900297165 0
      vertex 282.1649290025234 78.72572000324726 1.5
    endloop
  endfacet
  facet normal -0.04906088995614216 0.9987957894768636 0
    outer loop
      vertex 282.15027099847794 78.72500000149012 0
      vertex 282.15027099847794 78.72500000149012 1.5
      vertex 282.1649290025234 78.72572000324726 0
    endloop
  endfacet
  facet normal -0.04906088995614216 0.9987957894768636 0
    outer loop
      vertex 282.1649290025234 78.72572000324726 1.5
      vertex 282.1649290025234 78.72572000324726 0
      vertex 282.15027099847794 78.72500000149012 1.5
    endloop
  endfacet
  facet normal 0 1 0
    outer loop
      vertex 268.1797289997339 78.72500000149012 0
      vertex 268.1797289997339 78.72500000149012 1.5
      vertex 282.15027099847794 78.72500000149012 0
    endloop
  endfacet
  facet normal 0 1 0
    outer loop
      vertex 282.15027099847794 78.72500000149012 1.5
      vertex 282.15027099847794 78.72500000149012 0
      vertex 268.1797289997339 78.72500000149012 1.5
    endloop
  endfacet
  facet normal 0.04906091483350426 0.9987957882548864 0
    outer loop
      vertex 268.165071003139 78.72572000324726 0
      vertex 268.165071003139 78.72572000324726 1.5
      vertex 268.1797289997339 78.72500000149012 0
    endloop
  endfacet
  facet normal 0.04906091483350426 0.9987957882548864 0
    outer loop
      vertex 268.1797289997339 78.72500000149012 1.5
      vertex 268.1797289997339 78.72500000149012 0
      vertex 268.165071003139 78.72572000324726 1.5
    endloop
  endfacet
  facet normal 0.14692679238948095 0.9891473690396888 0
    outer loop
      vertex 268.16346199810505 78.72595900297165 0
      vertex 268.16346199810505 78.72595900297165 1.5
      vertex 268.165071003139 78.72572000324726 0
    endloop
  endfacet
  facet normal 0.14692679238948095 0.9891473690396888 0
    outer loop
      vertex 268.165071003139 78.72572000324726 1.5
      vertex 268.165071003139 78.72572000324726 0
      vertex 268.16346199810505 78.72595900297165 1.5
    endloop
  endfacet
  facet normal 0.1950798333064535 0.9807873666789995 0
    outer loop
      vertex 268.109038002789 78.73678400367498 0
      vertex 268.109038002789 78.73678400367498 1.5
      vertex 268.16346199810505 78.72595900297165 0
    endloop
  endfacet
  facet normal 0.1950798333064535 0.9807873666789995 0
    outer loop
      vertex 268.16346199810505 78.72595900297165 1.5
      vertex 268.16346199810505 78.72595900297165 0
      vertex 268.109038002789 78.73678400367498 1.5
    endloop
  endfacet
  facet normal 0.09802880098026347 0.9951835781293681 0
    outer loop
      vertex 268.0504409968853 78.74255599826574 0
      vertex 268.0504409968853 78.74255599826574 1.5
      vertex 268.109038002789 78.73678400367498 0
    endloop
  endfacet
  facet normal 0.09802880098026347 0.9951835781293681 0
    outer loop
      vertex 268.109038002789 78.73678400367498 1.5
      vertex 268.109038002789 78.73678400367498 0
      vertex 268.0504409968853 78.74255599826574 1.5
    endloop
  endfacet
  facet normal 0 1 0
    outer loop
      vertex 267.99155899882317 78.74255599826574 0
      vertex 267.99155899882317 78.74255599826574 1.5
      vertex 268.0504409968853 78.74255599826574 0
    endloop
  endfacet
  facet normal 0 1 0
    outer loop
      vertex 268.0504409968853 78.74255599826574 1.5
      vertex 268.0504409968853 78.74255599826574 0
      vertex 267.99155899882317 78.74255599826574 1.5
    endloop
  endfacet
  facet normal -0.09802881332480139 0.995183576913391 0
    outer loop
      vertex 267.93296200037 78.73678400367498 0
      vertex 267.93296200037 78.73678400367498 1.5
      vertex 267.99155899882317 78.74255599826574 0
    endloop
  endfacet
  facet normal -0.09802881332480139 0.995183576913391 0
    outer loop
      vertex 267.99155899882317 78.74255599826574 1.5
      vertex 267.99155899882317 78.74255599826574 0
      vertex 267.93296200037 78.73678400367498 1.5
    endloop
  endfacet
  facet normal -0.19507980761659321 0.9807873717887445 0
    outer loop
      vertex 267.8785379976034 78.72595900297165 0
      vertex 267.8785379976034 78.72595900297165 1.5
      vertex 267.93296200037 78.73678400367498 0
    endloop
  endfacet
  facet normal -0.19507980761659321 0.9807873717887445 0
    outer loop
      vertex 267.93296200037 78.73678400367498 1.5
      vertex 267.93296200037 78.73678400367498 0
      vertex 267.8785379976034 78.72595900297165 1.5
    endloop
  endfacet
  facet normal -0.1469274580574471 0.9891472701619194 0
    outer loop
      vertex 267.87692900002 78.72572000324726 0
      vertex 267.87692900002 78.72572000324726 1.5
      vertex 267.8785379976034 78.72595900297165 0
    endloop
  endfacet
  facet normal -0.1469274580574471 0.9891472701619194 0
    outer loop
      vertex 267.8785379976034 78.72595900297165 1.5
      vertex 267.8785379976034 78.72595900297165 0
      vertex 267.87692900002 78.72572000324726 1.5
    endloop
  endfacet
  facet normal -0.04906091483350426 0.9987957882548864 0
    outer loop
      vertex 267.8622710034251 78.72500000149012 0
      vertex 267.8622710034251 78.72500000149012 1.5
      vertex 267.87692900002 78.72572000324726 0
    endloop
  endfacet
  facet normal -0.04906091483350426 0.9987957882548864 0
    outer loop
      vertex 267.87692900002 78.72572000324726 1.5
      vertex 267.87692900002 78.72572000324726 0
      vertex 267.8622710034251 78.72500000149012 1.5
    endloop
  endfacet
  facet normal 0 1 0
    outer loop
      vertex 249.12972900271416 78.72500000149012 0
      vertex 249.12972900271416 78.72500000149012 1.5
      vertex 267.8622710034251 78.72500000149012 0
    endloop
  endfacet
  facet normal 0 1 0
    outer loop
      vertex 267.8622710034251 78.72500000149012 1.5
      vertex 267.8622710034251 78.72500000149012 0
      vertex 249.12972900271416 78.72500000149012 1.5
    endloop
  endfacet
  facet normal 0.11266563582713145 0.9936329576376118 0
    outer loop
      vertex 168.0435450002551 63.98456899821758 0
      vertex 168.0435450002551 63.98456899821758 1.5
      vertex 181.92513599991798 62.41056899726391 0
    endloop
  endfacet
  facet normal 0.11266563582713145 0.9936329576376118 0
    outer loop
      vertex 181.92513599991798 62.41056899726391 1.5
      vertex 181.92513599991798 62.41056899726391 0
      vertex 168.0435450002551 63.98456899821758 1.5
    endloop
  endfacet
  facet normal 0.1612834577247948 0.9869081245305129 0
    outer loop
      vertex 168.02967300266027 63.98683600127697 0
      vertex 168.02967300266027 63.98683600127697 1.5
      vertex 168.0435450002551 63.98456899821758 0
    endloop
  endfacet
  facet normal 0.1612834577247948 0.9869081245305129 0
    outer loop
      vertex 168.0435450002551 63.98456899821758 1.5
      vertex 168.0435450002551 63.98456899821758 0
      vertex 168.02967300266027 63.98683600127697 1.5
    endloop
  endfacet
  facet normal 0.997966389941823 -0.0637423293148703 0
    outer loop
      vertex 168.03056900203228 64.00086399912834 0
      vertex 168.03056900203228 64.00086399912834 1.5
      vertex 168.02967300266027 63.98683600127697 0
    endloop
  endfacet
  facet normal 0.997966389941823 -0.0637423293148703 0
    outer loop
      vertex 168.02967300266027 63.98683600127697 1.5
      vertex 168.02967300266027 63.98683600127697 0
      vertex 168.03056900203228 64.00086399912834 1.5
    endloop
  endfacet
  facet normal 0.9936329576376118 -0.11266563582713145 0
    outer loop
      vertex 169.60456900298595 77.88245499879122 0
      vertex 169.60456900298595 77.88245499879122 1.5
      vertex 168.03056900203228 64.00086399912834 0
    endloop
  endfacet
  facet normal 0.9936329576376118 -0.11266563582713145 0
    outer loop
      vertex 168.03056900203228 64.00086399912834 1.5
      vertex 168.03056900203228 64.00086399912834 0
      vertex 169.60456900298595 77.88245499879122 1.5
    endloop
  endfacet
  facet normal 0.9869082089016161 -0.1612829414495032 0
    outer loop
      vertex 169.60683599859476 77.89632699638605 0
      vertex 169.60683599859476 77.89632699638605 1.5
      vertex 169.60456900298595 77.88245499879122 0
    endloop
  endfacet
  facet normal 0.9869082089016161 -0.1612829414495032 0
    outer loop
      vertex 169.60456900298595 77.88245499879122 1.5
      vertex 169.60456900298595 77.88245499879122 0
      vertex 169.60683599859476 77.89632699638605 1.5
    endloop
  endfacet
  facet normal -0.0637423293148703 -0.997966389941823 0
    outer loop
      vertex 169.62086399644613 77.89543099701405 0
      vertex 169.62086399644613 77.89543099701405 1.5
      vertex 169.60683599859476 77.89632699638605 0
    endloop
  endfacet
  facet normal -0.0637423293148703 -0.997966389941823 0
    outer loop
      vertex 169.60683599859476 77.89632699638605 1.5
      vertex 169.60683599859476 77.89632699638605 0
      vertex 169.62086399644613 77.89543099701405 1.5
    endloop
  endfacet
  facet normal -0.11266563524089178 -0.9936329577040842 0
    outer loop
      vertex 183.5024550035596 76.32143100351095 0
      vertex 183.5024550035596 76.32143100351095 1.5
      vertex 169.62086399644613 77.89543099701405 0
    endloop
  endfacet
  facet normal -0.11266563524089178 -0.9936329577040842 0
    outer loop
      vertex 169.62086399644613 77.89543099701405 1.5
      vertex 169.62086399644613 77.89543099701405 0
      vertex 183.5024550035596 76.32143100351095 1.5
    endloop
  endfacet
  facet normal -0.1612834577247948 -0.9869081245305129 0
    outer loop
      vertex 183.51632700115442 76.31916400045156 0
      vertex 183.51632700115442 76.31916400045156 1.5
      vertex 183.5024550035596 76.32143100351095 0
    endloop
  endfacet
  facet normal -0.1612834577247948 -0.9869081245305129 0
    outer loop
      vertex 183.5024550035596 76.32143100351095 1.5
      vertex 183.5024550035596 76.32143100351095 0
      vertex 183.51632700115442 76.31916400045156 1.5
    endloop
  endfacet
  facet normal -0.997966389941823 0.0637423293148703 0
    outer loop
      vertex 183.51543100178242 76.3051360026002 0
      vertex 183.51543100178242 76.3051360026002 1.5
      vertex 183.51632700115442 76.31916400045156 0
    endloop
  endfacet
  facet normal -0.997966389941823 0.0637423293148703 0
    outer loop
      vertex 183.51632700115442 76.31916400045156 1.5
      vertex 183.51632700115442 76.31916400045156 0
      vertex 183.51543100178242 76.3051360026002 1.5
    endloop
  endfacet
  facet normal -0.9936329576376118 0.11266563582713145 0
    outer loop
      vertex 181.94143100082874 62.42354500293732 0
      vertex 181.94143100082874 62.42354500293732 1.5
      vertex 183.51543100178242 76.3051360026002 0
    endloop
  endfacet
  facet normal -0.9936329576376118 0.11266563582713145 0
    outer loop
      vertex 183.51543100178242 76.3051360026002 1.5
      vertex 183.51543100178242 76.3051360026002 0
      vertex 181.94143100082874 62.42354500293732 1.5
    endloop
  endfacet
  facet normal -0.9869081383186993 0.16128337335360718 0
    outer loop
      vertex 181.93916399776936 62.4096729978919 0
      vertex 181.93916399776936 62.4096729978919 1.5
      vertex 181.94143100082874 62.42354500293732 0
    endloop
  endfacet
  facet normal -0.9869081383186993 0.16128337335360718 0
    outer loop
      vertex 181.94143100082874 62.42354500293732 1.5
      vertex 181.94143100082874 62.42354500293732 0
      vertex 181.93916399776936 62.4096729978919 1.5
    endloop
  endfacet
  facet normal 0.0637423293148703 0.997966389941823 0
    outer loop
      vertex 181.92513599991798 62.41056899726391 0
      vertex 181.92513599991798 62.41056899726391 1.5
      vertex 181.93916399776936 62.4096729978919 0
    endloop
  endfacet
  facet normal 0.0637423293148703 0.997966389941823 0
    outer loop
      vertex 181.93916399776936 62.4096729978919 1.5
      vertex 181.93916399776936 62.4096729978919 0
      vertex 181.92513599991798 62.41056899726391 1.5
    endloop
  endfacet
  facet normal 0.07990319912450308 0.9968026277903113 0
    outer loop
      vertex 189.25074099749327 61.69852700084448 0
      vertex 189.25074099749327 61.69852700084448 1.5
      vertex 203.17661400139332 60.582235999405384 0
    endloop
  endfacet
  facet normal 0.07990319912450308 0.9968026277903113 0
    outer loop
      vertex 203.17661400139332 60.582235999405384 1.5
      vertex 203.17661400139332 60.582235999405384 0
      vertex 189.25074099749327 61.69852700084448 1.5
    endloop
  endfacet
  facet normal 0.12870050513370582 0.9916835079693163 0
    outer loop
      vertex 189.23680199682713 61.70033600181341 0
      vertex 189.23680199682713 61.70033600181341 1.5
      vertex 189.25074099749327 61.69852700084448 0
    endloop
  endfacet
  facet normal 0.12870050513370582 0.9916835079693163 0
    outer loop
      vertex 189.25074099749327 61.69852700084448 1.5
      vertex 189.25074099749327 61.69852700084448 0
      vertex 189.23680199682713 61.70033600181341 1.5
    endloop
  endfacet
  facet normal 0.9995232466719758 -0.0308752224658025 0
    outer loop
      vertex 189.23723600059748 61.714386001229286 0
      vertex 189.23723600059748 61.714386001229286 1.5
      vertex 189.23680199682713 61.70033600181341 0
    endloop
  endfacet
  facet normal 0.9995232466719758 -0.0308752224658025 0
    outer loop
      vertex 189.23680199682713 61.70033600181341 1.5
      vertex 189.23680199682713 61.70033600181341 0
      vertex 189.23723600059748 61.714386001229286 1.5
    endloop
  endfacet
  facet normal 0.9968026277869064 -0.07990319916697973 0
    outer loop
      vertex 190.35352700203657 75.64025899767876 0
      vertex 190.35352700203657 75.64025899767876 1.5
      vertex 189.23723600059748 61.714386001229286 0
    endloop
  endfacet
  facet normal 0.9968026277869064 -0.07990319916697973 0
    outer loop
      vertex 189.23723600059748 61.714386001229286 1.5
      vertex 189.23723600059748 61.714386001229286 0
      vertex 190.35352700203657 75.64025899767876 1.5
    endloop
  endfacet
  facet normal 0.9916835079693163 -0.12870050513370582 0
    outer loop
      vertex 190.3553360030055 75.6541979983449 0
      vertex 190.3553360030055 75.6541979983449 1.5
      vertex 190.35352700203657 75.64025899767876 0
    endloop
  endfacet
  facet normal 0.9916835079693163 -0.12870050513370582 0
    outer loop
      vertex 190.35352700203657 75.64025899767876 1.5
      vertex 190.35352700203657 75.64025899767876 0
      vertex 190.3553360030055 75.6541979983449 1.5
    endloop
  endfacet
  facet normal -0.030874692933425193 -0.9995232630290637 0
    outer loop
      vertex 190.36938600242138 75.65376400202513 0
      vertex 190.36938600242138 75.65376400202513 1.5
      vertex 190.3553360030055 75.6541979983449 0
    endloop
  endfacet
  facet normal -0.030874692933425193 -0.9995232630290637 0
    outer loop
      vertex 190.3553360030055 75.6541979983449 1.5
      vertex 190.3553360030055 75.6541979983449 0
      vertex 190.36938600242138 75.65376400202513 1.5
    endloop
  endfacet
  facet normal -0.07990319916697973 -0.9968026277869064 0
    outer loop
      vertex 204.29525899887085 74.53747300058603 0
      vertex 204.29525899887085 74.53747300058603 1.5
      vertex 190.36938600242138 75.65376400202513 0
    endloop
  endfacet
  facet normal -0.07990319916697973 -0.9968026277869064 0
    outer loop
      vertex 190.36938600242138 75.65376400202513 1.5
      vertex 190.36938600242138 75.65376400202513 0
      vertex 204.29525899887085 74.53747300058603 1.5
    endloop
  endfacet
  facet normal -0.12870050513370582 -0.9916835079693163 0
    outer loop
      vertex 204.309197999537 74.5356639996171 0
      vertex 204.309197999537 74.5356639996171 1.5
      vertex 204.29525899887085 74.53747300058603 0
    endloop
  endfacet
  facet normal -0.12870050513370582 -0.9916835079693163 0
    outer loop
      vertex 204.29525899887085 74.53747300058603 1.5
      vertex 204.29525899887085 74.53747300058603 0
      vertex 204.309197999537 74.5356639996171 1.5
    endloop
  endfacet
  facet normal -0.9995232630290637 0.030874692933425193 0
    outer loop
      vertex 204.30876400321722 74.52161400020123 0
      vertex 204.30876400321722 74.52161400020123 1.5
      vertex 204.309197999537 74.5356639996171 0
    endloop
  endfacet
  facet normal -0.9995232630290637 0.030874692933425193 0
    outer loop
      vertex 204.309197999537 74.5356639996171 1.5
      vertex 204.309197999537 74.5356639996171 0
      vertex 204.30876400321722 74.52161400020123 1.5
    endloop
  endfacet
  facet normal -0.9968026277903113 0.07990319912450308 0
    outer loop
      vertex 203.19247300177813 60.595740996301174 0
      vertex 203.19247300177813 60.595740996301174 1.5
      vertex 204.30876400321722 74.52161400020123 0
    endloop
  endfacet
  facet normal -0.9968026277903113 0.07990319912450308 0
    outer loop
      vertex 204.30876400321722 74.52161400020123 1.5
      vertex 204.30876400321722 74.52161400020123 0
      vertex 203.19247300177813 60.595740996301174 1.5
    endloop
  endfacet
  facet normal -0.9916834991893587 0.1287005727864064 0
    outer loop
      vertex 203.1906640008092 60.58180200308561 0
      vertex 203.1906640008092 60.58180200308561 1.5
      vertex 203.19247300177813 60.595740996301174 0
    endloop
  endfacet
  facet normal -0.9916834991893587 0.1287005727864064 0
    outer loop
      vertex 203.19247300177813 60.595740996301174 1.5
      vertex 203.19247300177813 60.595740996301174 0
      vertex 203.1906640008092 60.58180200308561 1.5
    endloop
  endfacet
  facet normal 0.030874692933425193 0.9995232630290637 0
    outer loop
      vertex 203.17661400139332 60.582235999405384 0
      vertex 203.17661400139332 60.582235999405384 1.5
      vertex 203.1906640008092 60.58180200308561 0
    endloop
  endfacet
  facet normal 0.030874692933425193 0.9995232630290637 0
    outer loop
      vertex 203.1906640008092 60.58180200308561 1.5
      vertex 203.1906640008092 60.58180200308561 0
      vertex 203.17661400139332 60.582235999405384 1.5
    endloop
  endfacet
  facet normal 1 0 0
    outer loop
      vertex 271.6647500023246 59.67499999701977 0
      vertex 271.6647500023246 59.67499999701977 1.5
      vertex 271.6647500023246 59.50999999791384 0
    endloop
  endfacet
  facet normal 1 0 0
    outer loop
      vertex 271.6647500023246 59.50999999791384 1.5
      vertex 271.6647500023246 59.50999999791384 0
      vertex 271.6647500023246 59.67499999701977 1.5
    endloop
  endfacet
  facet normal 0 1 0
    outer loop
      vertex 268.1797289997339 59.67499999701977 0
      vertex 268.1797289997339 59.67499999701977 1.5
      vertex 271.6647500023246 59.67499999701977 0
    endloop
  endfacet
  facet normal 0 1 0
    outer loop
      vertex 271.6647500023246 59.67499999701977 1.5
      vertex 271.6647500023246 59.67499999701977 0
      vertex 268.1797289997339 59.67499999701977 1.5
    endloop
  endfacet
  facet normal 0.04908994278305106 0.9987943619772575 0
    outer loop
      vertex 268.165689997375 59.67569000273943 0
      vertex 268.165689997375 59.67569000273943 1.5
      vertex 268.1797289997339 59.67499999701977 0
    endloop
  endfacet
  facet normal 0.04908994278305106 0.9987943619772575 0
    outer loop
      vertex 268.1797289997339 59.67499999701977 1.5
      vertex 268.1797289997339 59.67499999701977 0
      vertex 268.165689997375 59.67569000273943 1.5
    endloop
  endfacet
  facet normal 0.9987943866893177 0.04908943998366365 0
    outer loop
      vertex 268.16499999910593 59.68972899764776 0
      vertex 268.16499999910593 59.68972899764776 1.5
      vertex 268.165689997375 59.67569000273943 0
    endloop
  endfacet
  facet normal 0.9987943866893177 0.04908943998366365 0
    outer loop
      vertex 268.165689997375 59.67569000273943 1.5
      vertex 268.165689997375 59.67569000273943 0
      vertex 268.16499999910593 59.68972899764776 1.5
    endloop
  endfacet
  facet normal 1 0 0
    outer loop
      vertex 268.16499999910593 73.66027099639177 0
      vertex 268.16499999910593 73.66027099639177 1.5
      vertex 268.16499999910593 59.68972899764776 0
    endloop
  endfacet
  facet normal 1 0 0
    outer loop
      vertex 268.16499999910593 59.68972899764776 1.5
      vertex 268.16499999910593 59.68972899764776 0
      vertex 268.16499999910593 73.66027099639177 1.5
    endloop
  endfacet
  facet normal 0.9987943879666562 -0.04908941399439046 0
    outer loop
      vertex 268.165689997375 73.67430999875069 0
      vertex 268.165689997375 73.67430999875069 1.5
      vertex 268.16499999910593 73.66027099639177 0
    endloop
  endfacet
  facet normal 0.9987943879666562 -0.04908941399439046 0
    outer loop
      vertex 268.16499999910593 73.66027099639177 1.5
      vertex 268.16499999910593 73.66027099639177 0
      vertex 268.165689997375 73.67430999875069 1.5
    endloop
  endfacet
  facet normal 0.04908941399439046 -0.9987943879666562 0
    outer loop
      vertex 268.1797289997339 73.67499999701977 0
      vertex 268.1797289997339 73.67499999701977 1.5
      vertex 268.165689997375 73.67430999875069 0
    endloop
  endfacet
  facet normal 0.04908941399439046 -0.9987943879666562 0
    outer loop
      vertex 268.165689997375 73.67430999875069 1.5
      vertex 268.165689997375 73.67430999875069 0
      vertex 268.1797289997339 73.67499999701977 1.5
    endloop
  endfacet
  facet normal 0 -1 0
    outer loop
      vertex 271.6647500023246 73.67499999701977 0
      vertex 271.6647500023246 73.67499999701977 1.5
      vertex 268.1797289997339 73.67499999701977 0
    endloop
  endfacet
  facet normal 0 -1 0
    outer loop
      vertex 268.1797289997339 73.67499999701977 1.5
      vertex 268.1797289997339 73.67499999701977 0
      vertex 271.6647500023246 73.67499999701977 1.5
    endloop
  endfacet
  facet normal 1 0 0
    outer loop
      vertex 271.6647500023246 75.10999999940395 0
      vertex 271.6647500023246 75.10999999940395 1.5
      vertex 271.6647500023246 73.67499999701977 0
    endloop
  endfacet
  facet normal 1 0 0
    outer loop
      vertex 271.6647500023246 73.67499999701977 1.5
      vertex 271.6647500023246 73.67499999701977 0
      vertex 271.6647500023246 75.10999999940395 1.5
    endloop
  endfacet
  facet normal 0 -1 0
    outer loop
      vertex 278.6647500023246 75.10999999940395 0
      vertex 278.6647500023246 75.10999999940395 1.5
      vertex 271.6647500023246 75.10999999940395 0
    endloop
  endfacet
  facet normal 0 -1 0
    outer loop
      vertex 271.6647500023246 75.10999999940395 1.5
      vertex 271.6647500023246 75.10999999940395 0
      vertex 278.6647500023246 75.10999999940395 1.5
    endloop
  endfacet
  facet normal -1 0 0
    outer loop
      vertex 278.6647500023246 73.67499999701977 0
      vertex 278.6647500023246 73.67499999701977 1.5
      vertex 278.6647500023246 75.10999999940395 0
    endloop
  endfacet
  facet normal -1 0 0
    outer loop
      vertex 278.6647500023246 75.10999999940395 1.5
      vertex 278.6647500023246 75.10999999940395 0
      vertex 278.6647500023246 73.67499999701977 1.5
    endloop
  endfacet
  facet normal 0 -1 0
    outer loop
      vertex 295.4772500023246 73.67499999701977 0
      vertex 295.4772500023246 73.67499999701977 1.5
      vertex 278.6647500023246 73.67499999701977 0
    endloop
  endfacet
  facet normal 0 -1 0
    outer loop
      vertex 278.6647500023246 73.67499999701977 1.5
      vertex 278.6647500023246 73.67499999701977 0
      vertex 295.4772500023246 73.67499999701977 1.5
    endloop
  endfacet
  facet normal 1 0 0
    outer loop
      vertex 295.4772500023246 75.10999999940395 0
      vertex 295.4772500023246 75.10999999940395 1.5
      vertex 295.4772500023246 73.67499999701977 0
    endloop
  endfacet
  facet normal 1 0 0
    outer loop
      vertex 295.4772500023246 73.67499999701977 1.5
      vertex 295.4772500023246 73.67499999701977 0
      vertex 295.4772500023246 75.10999999940395 1.5
    endloop
  endfacet
  facet normal 0 -1 0
    outer loop
      vertex 302.4772500023246 75.10999999940395 0
      vertex 302.4772500023246 75.10999999940395 1.5
      vertex 295.4772500023246 75.10999999940395 0
    endloop
  endfacet
  facet normal 0 -1 0
    outer loop
      vertex 295.4772500023246 75.10999999940395 1.5
      vertex 295.4772500023246 75.10999999940395 0
      vertex 302.4772500023246 75.10999999940395 1.5
    endloop
  endfacet
  facet normal -1 0 0
    outer loop
      vertex 302.4772500023246 73.67499999701977 0
      vertex 302.4772500023246 73.67499999701977 1.5
      vertex 302.4772500023246 75.10999999940395 0
    endloop
  endfacet
  facet normal -1 0 0
    outer loop
      vertex 302.4772500023246 75.10999999940395 1.5
      vertex 302.4772500023246 75.10999999940395 0
      vertex 302.4772500023246 73.67499999701977 1.5
    endloop
  endfacet
  facet normal 0 -1 0
    outer loop
      vertex 303.58127100020647 73.67499999701977 0
      vertex 303.58127100020647 73.67499999701977 1.5
      vertex 302.4772500023246 73.67499999701977 0
    endloop
  endfacet
  facet normal 0 -1 0
    outer loop
      vertex 302.4772500023246 73.67499999701977 1.5
      vertex 302.4772500023246 73.67499999701977 0
      vertex 303.58127100020647 73.67499999701977 1.5
    endloop
  endfacet
  facet normal -0.04908941399439046 -0.9987943879666562 0
    outer loop
      vertex 303.5953100025654 73.67430999875069 0
      vertex 303.5953100025654 73.67430999875069 1.5
      vertex 303.58127100020647 73.67499999701977 0
    endloop
  endfacet
  facet normal -0.04908941399439046 -0.9987943879666562 0
    outer loop
      vertex 303.58127100020647 73.67499999701977 1.5
      vertex 303.58127100020647 73.67499999701977 0
      vertex 303.5953100025654 73.67430999875069 1.5
    endloop
  endfacet
  facet normal -0.9987943879666562 -0.04908941399439046 0
    outer loop
      vertex 303.59600000083447 73.66027099639177 0
      vertex 303.59600000083447 73.66027099639177 1.5
      vertex 303.5953100025654 73.67430999875069 0
    endloop
  endfacet
  facet normal -0.9987943879666562 -0.04908941399439046 0
    outer loop
      vertex 303.5953100025654 73.67430999875069 1.5
      vertex 303.5953100025654 73.67430999875069 0
      vertex 303.59600000083447 73.66027099639177 1.5
    endloop
  endfacet
  facet normal -1 0 0
    outer loop
      vertex 303.59600000083447 59.68972899764776 0
      vertex 303.59600000083447 59.68972899764776 1.5
      vertex 303.59600000083447 73.66027099639177 0
    endloop
  endfacet
  facet normal -1 0 0
    outer loop
      vertex 303.59600000083447 73.66027099639177 1.5
      vertex 303.59600000083447 73.66027099639177 0
      vertex 303.59600000083447 59.68972899764776 1.5
    endloop
  endfacet
  facet normal -0.9987943866893177 0.04908943998366365 0
    outer loop
      vertex 303.5953100025654 59.67569000273943 0
      vertex 303.5953100025654 59.67569000273943 1.5
      vertex 303.59600000083447 59.68972899764776 0
    endloop
  endfacet
  facet normal -0.9987943866893177 0.04908943998366365 0
    outer loop
      vertex 303.59600000083447 59.68972899764776 1.5
      vertex 303.59600000083447 59.68972899764776 0
      vertex 303.5953100025654 59.67569000273943 1.5
    endloop
  endfacet
  facet normal -0.04908994278305106 0.9987943619772575 0
    outer loop
      vertex 303.58127100020647 59.67499999701977 0
      vertex 303.58127100020647 59.67499999701977 1.5
      vertex 303.5953100025654 59.67569000273943 0
    endloop
  endfacet
  facet normal -0.04908994278305106 0.9987943619772575 0
    outer loop
      vertex 303.5953100025654 59.67569000273943 1.5
      vertex 303.5953100025654 59.67569000273943 0
      vertex 303.58127100020647 59.67499999701977 1.5
    endloop
  endfacet
  facet normal 0 1 0
    outer loop
      vertex 302.4772500023246 59.67499999701977 0
      vertex 302.4772500023246 59.67499999701977 1.5
      vertex 303.58127100020647 59.67499999701977 0
    endloop
  endfacet
  facet normal 0 1 0
    outer loop
      vertex 303.58127100020647 59.67499999701977 1.5
      vertex 303.58127100020647 59.67499999701977 0
      vertex 302.4772500023246 59.67499999701977 1.5
    endloop
  endfacet
  facet normal -1 0 0
    outer loop
      vertex 302.4772500023246 59.50999999791384 0
      vertex 302.4772500023246 59.50999999791384 1.5
      vertex 302.4772500023246 59.67499999701977 0
    endloop
  endfacet
  facet normal -1 0 0
    outer loop
      vertex 302.4772500023246 59.67499999701977 1.5
      vertex 302.4772500023246 59.67499999701977 0
      vertex 302.4772500023246 59.50999999791384 1.5
    endloop
  endfacet
  facet normal 0 1 0
    outer loop
      vertex 295.4772500023246 59.50999999791384 0
      vertex 295.4772500023246 59.50999999791384 1.5
      vertex 302.4772500023246 59.50999999791384 0
    endloop
  endfacet
  facet normal 0 1 0
    outer loop
      vertex 302.4772500023246 59.50999999791384 1.5
      vertex 302.4772500023246 59.50999999791384 0
      vertex 295.4772500023246 59.50999999791384 1.5
    endloop
  endfacet
  facet normal 1 0 0
    outer loop
      vertex 295.4772500023246 59.67499999701977 0
      vertex 295.4772500023246 59.67499999701977 1.5
      vertex 295.4772500023246 59.50999999791384 0
    endloop
  endfacet
  facet normal 1 0 0
    outer loop
      vertex 295.4772500023246 59.50999999791384 1.5
      vertex 295.4772500023246 59.50999999791384 0
      vertex 295.4772500023246 59.67499999701977 1.5
    endloop
  endfacet
  facet normal 0 1 0
    outer loop
      vertex 278.6647500023246 59.67499999701977 0
      vertex 278.6647500023246 59.67499999701977 1.5
      vertex 295.4772500023246 59.67499999701977 0
    endloop
  endfacet
  facet normal 0 1 0
    outer loop
      vertex 295.4772500023246 59.67499999701977 1.5
      vertex 295.4772500023246 59.67499999701977 0
      vertex 278.6647500023246 59.67499999701977 1.5
    endloop
  endfacet
  facet normal -1 0 0
    outer loop
      vertex 278.6647500023246 59.50999999791384 0
      vertex 278.6647500023246 59.50999999791384 1.5
      vertex 278.6647500023246 59.67499999701977 0
    endloop
  endfacet
  facet normal -1 0 0
    outer loop
      vertex 278.6647500023246 59.67499999701977 1.5
      vertex 278.6647500023246 59.67499999701977 0
      vertex 278.6647500023246 59.50999999791384 1.5
    endloop
  endfacet
  facet normal 0 1 0
    outer loop
      vertex 271.6647500023246 59.50999999791384 0
      vertex 271.6647500023246 59.50999999791384 1.5
      vertex 278.6647500023246 59.50999999791384 0
    endloop
  endfacet
  facet normal 0 1 0
    outer loop
      vertex 278.6647500023246 59.50999999791384 1.5
      vertex 278.6647500023246 59.50999999791384 0
      vertex 271.6647500023246 59.50999999791384 1.5
    endloop
  endfacet
  facet normal 0.07996537786790343 0.99679764162163 0
    outer loop
      vertex 210.37860199809074 60.20047199726105 0
      vertex 210.37860199809074 60.20047199726105 1.5
      vertex 210.39261300116777 60.199348002672195 0
    endloop
  endfacet
  facet normal 0.07996537786790343 0.99679764162163 0
    outer loop
      vertex 210.39261300116777 60.199348002672195 1.5
      vertex 210.39261300116777 60.199348002672195 0
      vertex 210.37860199809074 60.20047199726105 1.5
    endloop
  endfacet
  facet normal 0.9998354378255133 0.018141038235556982 0
    outer loop
      vertex 210.37834700196981 60.2145259976387 0
      vertex 210.37834700196981 60.2145259976387 1.5
      vertex 210.37860199809074 60.20047199726105 0
    endloop
  endfacet
  facet normal 0.9998354378255133 0.018141038235556982 0
    outer loop
      vertex 210.37860199809074 60.20047199726105 1.5
      vertex 210.37860199809074 60.20047199726105 0
      vertex 210.37834700196981 60.2145259976387 1.5
    endloop
  endfacet
  facet normal 0.9995217919837874 -0.030922279177288813 0
    outer loop
      vertex 210.81034799665213 74.1783870011568 0
      vertex 210.81034799665213 74.1783870011568 1.5
      vertex 210.37834700196981 60.2145259976387 0
    endloop
  endfacet
  facet normal 0.9995217919837874 -0.030922279177288813 0
    outer loop
      vertex 210.37834700196981 60.2145259976387 1.5
      vertex 210.37834700196981 60.2145259976387 0
      vertex 210.81034799665213 74.1783870011568 1.5
    endloop
  endfacet
  facet normal 0.996797595980985 -0.07996594679317434 0
    outer loop
      vertex 210.81147199869156 74.19239799678326 0
      vertex 210.81147199869156 74.19239799678326 1.5
      vertex 210.81034799665213 74.1783870011568 0
    endloop
  endfacet
  facet normal 0.996797595980985 -0.07996594679317434 0
    outer loop
      vertex 210.81034799665213 74.1783870011568 1.5
      vertex 210.81034799665213 74.1783870011568 0
      vertex 210.81147199869156 74.19239799678326 1.5
    endloop
  endfacet
  facet normal 0.01814156811335999 -0.9998354282112573 0
    outer loop
      vertex 210.8255259990692 74.19265300035477 0
      vertex 210.8255259990692 74.19265300035477 1.5
      vertex 210.81147199869156 74.19239799678326 0
    endloop
  endfacet
  facet normal 0.01814156811335999 -0.9998354282112573 0
    outer loop
      vertex 210.81147199869156 74.19239799678326 1.5
      vertex 210.81147199869156 74.19239799678326 0
      vertex 210.8255259990692 74.19265300035477 1.5
    endloop
  endfacet
  facet normal -0.03092227971008536 -0.9995217919673043 0
    outer loop
      vertex 224.78938700258732 73.76065199822187 0
      vertex 224.78938700258732 73.76065199822187 1.5
      vertex 210.8255259990692 74.19265300035477 0
    endloop
  endfacet
  facet normal -0.03092227971008536 -0.9995217919673043 0
    outer loop
      vertex 210.8255259990692 74.19265300035477 1.5
      vertex 210.8255259990692 74.19265300035477 0
      vertex 224.78938700258732 73.76065199822187 1.5
    endloop
  endfacet
  facet normal -0.07996542011891535 -0.9967976382321566 0
    outer loop
      vertex 224.80339799821377 73.75952800363302 0
      vertex 224.80339799821377 73.75952800363302 1.5
      vertex 224.78938700258732 73.76065199822187 0
    endloop
  endfacet
  facet normal -0.07996542011891535 -0.9967976382321566 0
    outer loop
      vertex 224.78938700258732 73.76065199822187 1.5
      vertex 224.78938700258732 73.76065199822187 0
      vertex 224.80339799821377 73.75952800363302 1.5
    endloop
  endfacet
  facet normal -0.9998354282112573 -0.01814156811335999 0
    outer loop
      vertex 224.80365300178528 73.74547400325537 0
      vertex 224.80365300178528 73.74547400325537 1.5
      vertex 224.80339799821377 73.75952800363302 0
    endloop
  endfacet
  facet normal -0.9998354282112573 -0.01814156811335999 0
    outer loop
      vertex 224.80339799821377 73.75952800363302 1.5
      vertex 224.80339799821377 73.75952800363302 0
      vertex 224.80365300178528 73.74547400325537 1.5
    endloop
  endfacet
  facet normal -0.9995217919673043 0.03092227971008536 0
    outer loop
      vertex 224.37165199965239 59.78161299973726 0
      vertex 224.37165199965239 59.78161299973726 1.5
      vertex 224.80365300178528 73.74547400325537 0
    endloop
  endfacet
  facet normal -0.9995217919673043 0.03092227971008536 0
    outer loop
      vertex 224.80365300178528 73.74547400325537 1.5
      vertex 224.80365300178528 73.74547400325537 0
      vertex 224.37165199965239 59.78161299973726 1.5
    endloop
  endfacet
  facet normal -0.9967975993705029 0.07996590454188773 0
    outer loop
      vertex 224.37052799761295 59.76760199666023 0
      vertex 224.37052799761295 59.76760199666023 1.5
      vertex 224.37165199965239 59.78161299973726 0
    endloop
  endfacet
  facet normal -0.9967975993705029 0.07996590454188773 0
    outer loop
      vertex 224.37165199965239 59.78161299973726 1.5
      vertex 224.37165199965239 59.78161299973726 0
      vertex 224.37052799761295 59.76760199666023 1.5
    endloop
  endfacet
  facet normal -0.018141038235556982 0.9998354378255133 0
    outer loop
      vertex 224.3564739972353 59.7673470005393 0
      vertex 224.3564739972353 59.7673470005393 1.5
      vertex 224.37052799761295 59.76760199666023 0
    endloop
  endfacet
  facet normal -0.018141038235556982 0.9998354378255133 0
    outer loop
      vertex 224.37052799761295 59.76760199666023 1.5
      vertex 224.37052799761295 59.76760199666023 0
      vertex 224.3564739972353 59.7673470005393 1.5
    endloop
  endfacet
  facet normal 0.030922279726568528 0.9995217919667945 0
    outer loop
      vertex 210.39261300116777 60.199348002672195 0
      vertex 210.39261300116777 60.199348002672195 1.5
      vertex 224.3564739972353 59.7673470005393 0
    endloop
  endfacet
  facet normal 0.030922279726568528 0.9995217919667945 0
    outer loop
      vertex 224.3564739972353 59.7673470005393 1.5
      vertex 224.3564739972353 59.7673470005393 0
      vertex 210.39261300116777 60.199348002672195 1.5
    endloop
  endfacet
  facet normal 0.04965730914039719 0.9987663148349242 0
    outer loop
      vertex 230.05602599680424 59.68435599654913 0
      vertex 230.05602599680424 59.68435599654913 1.5
      vertex 230.07006499916315 59.68365799635649 0
    endloop
  endfacet
  facet normal 0.04965730914039719 0.9987663148349242 0
    outer loop
      vertex 230.07006499916315 59.68365799635649 1.5
      vertex 230.07006499916315 59.68365799635649 0
      vertex 230.05602599680424 59.68435599654913 1.5
    endloop
  endfacet
  facet normal 0.9988186947749308 0.048592334458262325 0
    outer loop
      vertex 230.05534300208092 59.69839499890804 0
      vertex 230.05534300208092 59.69839499890804 1.5
      vertex 230.05602599680424 59.68435599654913 0
    endloop
  endfacet
  facet normal 0.9988186947749308 0.048592334458262325 0
    outer loop
      vertex 230.05602599680424 59.68435599654913 1.5
      vertex 230.05602599680424 59.68435599654913 0
      vertex 230.05534300208092 59.69839499890804 1.5
    endloop
  endfacet
  facet normal 0.9999998629207917 -0.0005236013731356239 0
    outer loop
      vertex 230.06265799701214 73.66893500089645 0
      vertex 230.06265799701214 73.66893500089645 1.5
      vertex 230.05534300208092 59.69839499890804 0
    endloop
  endfacet
  facet normal 0.9999998629207917 -0.0005236013731356239 0
    outer loop
      vertex 230.05534300208092 59.69839499890804 1.5
      vertex 230.05534300208092 59.69839499890804 0
      vertex 230.06265799701214 73.66893500089645 1.5
    endloop
  endfacet
  facet normal 0.9987663148349242 -0.04965730914039719 0
    outer loop
      vertex 230.06335599720478 73.68297400325537 0
      vertex 230.06335599720478 73.68297400325537 1.5
      vertex 230.06265799701214 73.66893500089645 0
    endloop
  endfacet
  facet normal 0.9987663148349242 -0.04965730914039719 0
    outer loop
      vertex 230.06265799701214 73.66893500089645 1.5
      vertex 230.06265799701214 73.66893500089645 0
      vertex 230.06335599720478 73.68297400325537 1.5
    endloop
  endfacet
  facet normal 0.048592334458262325 -0.9988186947749308 0
    outer loop
      vertex 230.0773949995637 73.68365699797869 0
      vertex 230.0773949995637 73.68365699797869 1.5
      vertex 230.06335599720478 73.68297400325537 0
    endloop
  endfacet
  facet normal 0.048592334458262325 -0.9988186947749308 0
    outer loop
      vertex 230.06335599720478 73.68297400325537 1.5
      vertex 230.06335599720478 73.68297400325537 0
      vertex 230.0773949995637 73.68365699797869 1.5
    endloop
  endfacet
  facet normal -0.0005236013731356239 -0.9999998629207917 0
    outer loop
      vertex 244.0479350015521 73.67634200304747 0
      vertex 244.0479350015521 73.67634200304747 1.5
      vertex 230.0773949995637 73.68365699797869 0
    endloop
  endfacet
  facet normal -0.0005236013731356239 -0.9999998629207917 0
    outer loop
      vertex 230.0773949995637 73.68365699797869 1.5
      vertex 230.0773949995637 73.68365699797869 0
      vertex 244.0479350015521 73.67634200304747 1.5
    endloop
  endfacet
  facet normal -0.04965733542885171 -0.9987663135278975 0
    outer loop
      vertex 244.06197399646044 73.67564400285482 0
      vertex 244.06197399646044 73.67564400285482 1.5
      vertex 244.0479350015521 73.67634200304747 0
    endloop
  endfacet
  facet normal -0.04965733542885171 -0.9987663135278975 0
    outer loop
      vertex 244.0479350015521 73.67634200304747 1.5
      vertex 244.0479350015521 73.67634200304747 0
      vertex 244.06197399646044 73.67564400285482 1.5
    endloop
  endfacet
  facet normal -0.9988186690474472 -0.048592863285530113 0
    outer loop
      vertex 244.06265699863434 73.66160500049591 0
      vertex 244.06265699863434 73.66160500049591 1.5
      vertex 244.06197399646044 73.67564400285482 0
    endloop
  endfacet
  facet normal -0.9988186690474472 -0.048592863285530113 0
    outer loop
      vertex 244.06197399646044 73.67564400285482 1.5
      vertex 244.06197399646044 73.67564400285482 0
      vertex 244.06265699863434 73.66160500049591 1.5
    endloop
  endfacet
  facet normal -0.9999998629207917 0.0005236013731356239 0
    outer loop
      vertex 244.05534200370312 59.6910649985075 0
      vertex 244.05534200370312 59.6910649985075 1.5
      vertex 244.06265699863434 73.66160500049591 0
    endloop
  endfacet
  facet normal -0.9999998629207917 0.0005236013731356239 0
    outer loop
      vertex 244.06265699863434 73.66160500049591 1.5
      vertex 244.06265699863434 73.66160500049591 0
      vertex 244.05534200370312 59.6910649985075 1.5
    endloop
  endfacet
  facet normal -0.9987663135278975 0.04965733542885171 0
    outer loop
      vertex 244.05464400351048 59.67702600359917 0
      vertex 244.05464400351048 59.67702600359917 1.5
      vertex 244.05534200370312 59.6910649985075 0
    endloop
  endfacet
  facet normal -0.9987663135278975 0.04965733542885171 0
    outer loop
      vertex 244.05534200370312 59.6910649985075 1.5
      vertex 244.05534200370312 59.6910649985075 0
      vertex 244.05464400351048 59.67702600359917 1.5
    endloop
  endfacet
  facet normal -0.048592863285530113 0.9988186690474472 0
    outer loop
      vertex 244.04060500115156 59.676343001425266 0
      vertex 244.04060500115156 59.676343001425266 1.5
      vertex 244.05464400351048 59.67702600359917 0
    endloop
  endfacet
  facet normal -0.048592863285530113 0.9988186690474472 0
    outer loop
      vertex 244.05464400351048 59.67702600359917 1.5
      vertex 244.05464400351048 59.67702600359917 0
      vertex 244.04060500115156 59.676343001425266 1.5
    endloop
  endfacet
  facet normal 0.0005236013731356239 0.9999998629207917 0
    outer loop
      vertex 230.07006499916315 59.68365799635649 0
      vertex 230.07006499916315 59.68365799635649 1.5
      vertex 244.04060500115156 59.676343001425266 0
    endloop
  endfacet
  facet normal 0.0005236013731356239 0.9999998629207917 0
    outer loop
      vertex 244.04060500115156 59.676343001425266 1.5
      vertex 244.04060500115156 59.676343001425266 0
      vertex 230.07006499916315 59.68365799635649 1.5
    endloop
  endfacet
  facet normal 0.04908994278305106 0.9987943619772575 0
    outer loop
      vertex 249.11569000035524 59.67569000273943 0
      vertex 249.11569000035524 59.67569000273943 1.5
      vertex 249.12972900271416 59.67499999701977 0
    endloop
  endfacet
  facet normal 0.04908994278305106 0.9987943619772575 0
    outer loop
      vertex 249.12972900271416 59.67499999701977 1.5
      vertex 249.12972900271416 59.67499999701977 0
      vertex 249.11569000035524 59.67569000273943 1.5
    endloop
  endfacet
  facet normal 0.9987943866893177 0.04908943998366365 0
    outer loop
      vertex 249.11500000208616 59.68972899764776 0
      vertex 249.11500000208616 59.68972899764776 1.5
      vertex 249.11569000035524 59.67569000273943 0
    endloop
  endfacet
  facet normal 0.9987943866893177 0.04908943998366365 0
    outer loop
      vertex 249.11569000035524 59.67569000273943 1.5
      vertex 249.11569000035524 59.67569000273943 0
      vertex 249.11500000208616 59.68972899764776 1.5
    endloop
  endfacet
  facet normal 1 0 0
    outer loop
      vertex 249.11500000208616 73.66027099639177 0
      vertex 249.11500000208616 73.66027099639177 1.5
      vertex 249.11500000208616 59.68972899764776 0
    endloop
  endfacet
  facet normal 1 0 0
    outer loop
      vertex 249.11500000208616 59.68972899764776 1.5
      vertex 249.11500000208616 59.68972899764776 0
      vertex 249.11500000208616 73.66027099639177 1.5
    endloop
  endfacet
  facet normal 0.9987943879666562 -0.04908941399439046 0
    outer loop
      vertex 249.11569000035524 73.67430999875069 0
      vertex 249.11569000035524 73.67430999875069 1.5
      vertex 249.11500000208616 73.66027099639177 0
    endloop
  endfacet
  facet normal 0.9987943879666562 -0.04908941399439046 0
    outer loop
      vertex 249.11500000208616 73.66027099639177 1.5
      vertex 249.11500000208616 73.66027099639177 0
      vertex 249.11569000035524 73.67430999875069 1.5
    endloop
  endfacet
  facet normal 0.04908941399439046 -0.9987943879666562 0
    outer loop
      vertex 249.12972900271416 73.67499999701977 0
      vertex 249.12972900271416 73.67499999701977 1.5
      vertex 249.11569000035524 73.67430999875069 0
    endloop
  endfacet
  facet normal 0.04908941399439046 -0.9987943879666562 0
    outer loop
      vertex 249.11569000035524 73.67430999875069 1.5
      vertex 249.11569000035524 73.67430999875069 0
      vertex 249.12972900271416 73.67499999701977 1.5
    endloop
  endfacet
  facet normal 0 -1 0
    outer loop
      vertex 263.10027100145817 73.67499999701977 0
      vertex 263.10027100145817 73.67499999701977 1.5
      vertex 249.12972900271416 73.67499999701977 0
    endloop
  endfacet
  facet normal 0 -1 0
    outer loop
      vertex 249.12972900271416 73.67499999701977 1.5
      vertex 249.12972900271416 73.67499999701977 0
      vertex 263.10027100145817 73.67499999701977 1.5
    endloop
  endfacet
  facet normal -0.04908943998366365 -0.9987943866893177 0
    outer loop
      vertex 263.1143099963665 73.67430999875069 0
      vertex 263.1143099963665 73.67430999875069 1.5
      vertex 263.10027100145817 73.67499999701977 0
    endloop
  endfacet
  facet normal -0.04908943998366365 -0.9987943866893177 0
    outer loop
      vertex 263.10027100145817 73.67499999701977 1.5
      vertex 263.10027100145817 73.67499999701977 0
      vertex 263.1143099963665 73.67430999875069 1.5
    endloop
  endfacet
  facet normal -0.9987943619772575 -0.04908994278305106 0
    outer loop
      vertex 263.11500000208616 73.66027099639177 0
      vertex 263.11500000208616 73.66027099639177 1.5
      vertex 263.1143099963665 73.67430999875069 0
    endloop
  endfacet
  facet normal -0.9987943619772575 -0.04908994278305106 0
    outer loop
      vertex 263.1143099963665 73.67430999875069 1.5
      vertex 263.1143099963665 73.67430999875069 0
      vertex 263.11500000208616 73.66027099639177 1.5
    endloop
  endfacet
  facet normal -1 0 0
    outer loop
      vertex 263.11500000208616 59.68972899764776 0
      vertex 263.11500000208616 59.68972899764776 1.5
      vertex 263.11500000208616 73.66027099639177 0
    endloop
  endfacet
  facet normal -1 0 0
    outer loop
      vertex 263.11500000208616 73.66027099639177 1.5
      vertex 263.11500000208616 73.66027099639177 0
      vertex 263.11500000208616 59.68972899764776 1.5
    endloop
  endfacet
  facet normal -0.9987943606998915 0.049089968772602854 0
    outer loop
      vertex 263.1143099963665 59.67569000273943 0
      vertex 263.1143099963665 59.67569000273943 1.5
      vertex 263.11500000208616 59.68972899764776 0
    endloop
  endfacet
  facet normal -0.9987943606998915 0.049089968772602854 0
    outer loop
      vertex 263.11500000208616 59.68972899764776 1.5
      vertex 263.11500000208616 59.68972899764776 0
      vertex 263.1143099963665 59.67569000273943 1.5
    endloop
  endfacet
  facet normal -0.049089968772602854 0.9987943606998915 0
    outer loop
      vertex 263.10027100145817 59.67499999701977 0
      vertex 263.10027100145817 59.67499999701977 1.5
      vertex 263.1143099963665 59.67569000273943 0
    endloop
  endfacet
  facet normal -0.049089968772602854 0.9987943606998915 0
    outer loop
      vertex 263.1143099963665 59.67569000273943 1.5
      vertex 263.1143099963665 59.67569000273943 0
      vertex 263.10027100145817 59.67499999701977 1.5
    endloop
  endfacet
  facet normal 0 1 0
    outer loop
      vertex 249.12972900271416 59.67499999701977 0
      vertex 249.12972900271416 59.67499999701977 1.5
      vertex 263.10027100145817 59.67499999701977 0
    endloop
  endfacet
  facet normal 0 1 0
    outer loop
      vertex 263.10027100145817 59.67499999701977 1.5
      vertex 263.10027100145817 59.67499999701977 0
      vertex 249.12972900271416 59.67499999701977 1.5
    endloop
  endfacet
  facet normal 0.10917915978077565 0.9940220878177526 0
    outer loop
      vertex 173.26223199814558 44.350491002202034 0
      vertex 173.26223199814558 44.350491002202034 1.5
      vertex 187.14925900101662 42.825199000537395 0
    endloop
  endfacet
  facet normal 0.10917915978077565 0.9940220878177526 0
    outer loop
      vertex 187.14925900101662 42.825199000537395 1.5
      vertex 187.14925900101662 42.825199000537395 0
      vertex 173.26223199814558 44.350491002202034 1.5
    endloop
  endfacet
  facet normal 0.1578655732133245 0.9874606122747522 0
    outer loop
      vertex 173.2483519986272 44.352710001170635 0
      vertex 173.2483519986272 44.352710001170635 1.5
      vertex 173.26223199814558 44.350491002202034 0
    endloop
  endfacet
  facet normal 0.1578655732133245 0.9874606122747522 0
    outer loop
      vertex 173.26223199814558 44.350491002202034 1.5
      vertex 173.26223199814558 44.350491002202034 0
      vertex 173.2483519986272 44.352710001170635 1.5
    endloop
  endfacet
  facet normal 0.9981828991894266 -0.06025694786322261 0
    outer loop
      vertex 173.2491990029812 44.36674100160599 0
      vertex 173.2491990029812 44.36674100160599 1.5
      vertex 173.2483519986272 44.352710001170635 0
    endloop
  endfacet
  facet normal 0.9981828991894266 -0.06025694786322261 0
    outer loop
      vertex 173.2483519986272 44.352710001170635 1.5
      vertex 173.2483519986272 44.352710001170635 0
      vertex 173.2491990029812 44.36674100160599 1.5
    endloop
  endfacet
  facet normal 0.9940220878692734 -0.1091791593117041 0
    outer loop
      vertex 174.77449099719524 58.25376799702644 0
      vertex 174.77449099719524 58.25376799702644 1.5
      vertex 173.2491990029812 44.36674100160599 0
    endloop
  endfacet
  facet normal 0.9940220878692734 -0.1091791593117041 0
    outer loop
      vertex 173.2491990029812 44.36674100160599 1.5
      vertex 173.2491990029812 44.36674100160599 0
      vertex 174.77449099719524 58.25376799702644 1.5
    endloop
  endfacet
  facet normal 0.9874605296465442 -0.15786609005789243 0
    outer loop
      vertex 174.77671000361443 58.26764799654484 0
      vertex 174.77671000361443 58.26764799654484 1.5
      vertex 174.77449099719524 58.25376799702644 0
    endloop
  endfacet
  facet normal 0.9874605296465442 -0.15786609005789243 0
    outer loop
      vertex 174.77449099719524 58.25376799702644 1.5
      vertex 174.77449099719524 58.25376799702644 0
      vertex 174.77671000361443 58.26764799654484 1.5
    endloop
  endfacet
  facet normal -0.0602564516246349 -0.9981829291455591 0
    outer loop
      vertex 174.7907409965992 58.26680099964142 0
      vertex 174.7907409965992 58.26680099964142 1.5
      vertex 174.77671000361443 58.26764799654484 0
    endloop
  endfacet
  facet normal -0.0602564516246349 -0.9981829291455591 0
    outer loop
      vertex 174.77671000361443 58.26764799654484 1.5
      vertex 174.77671000361443 58.26764799654484 0
      vertex 174.7907409965992 58.26680099964142 1.5
    endloop
  endfacet
  facet normal -0.10917915978077565 -0.9940220878177526 0
    outer loop
      vertex 188.67776799947023 56.74150899797678 0
      vertex 188.67776799947023 56.74150899797678 1.5
      vertex 174.7907409965992 58.26680099964142 0
    endloop
  endfacet
  facet normal -0.10917915978077565 -0.9940220878177526 0
    outer loop
      vertex 174.7907409965992 58.26680099964142 1.5
      vertex 174.7907409965992 58.26680099964142 0
      vertex 188.67776799947023 56.74150899797678 1.5
    endloop
  endfacet
  facet normal -0.1578655732133245 -0.9874606122747522 0
    outer loop
      vertex 188.69164799898863 56.73928999900818 0
      vertex 188.69164799898863 56.73928999900818 1.5
      vertex 188.67776799947023 56.74150899797678 0
    endloop
  endfacet
  facet normal -0.1578655732133245 -0.9874606122747522 0
    outer loop
      vertex 188.67776799947023 56.74150899797678 1.5
      vertex 188.67776799947023 56.74150899797678 0
      vertex 188.69164799898863 56.73928999900818 1.5
    endloop
  endfacet
  facet normal -0.9981829310700622 0.060256419744121235 0
    outer loop
      vertex 188.6908010020852 56.725258998572826 0
      vertex 188.6908010020852 56.725258998572826 1.5
      vertex 188.69164799898863 56.73928999900818 0
    endloop
  endfacet
  facet normal -0.9981829310700622 0.060256419744121235 0
    outer loop
      vertex 188.69164799898863 56.73928999900818 1.5
      vertex 188.69164799898863 56.73928999900818 0
      vertex 188.6908010020852 56.725258998572826 1.5
    endloop
  endfacet
  facet normal -0.9940220878113956 0.10917915983865353 0
    outer loop
      vertex 187.16550900042057 42.83823200315237 0
      vertex 187.16550900042057 42.83823200315237 1.5
      vertex 188.6908010020852 56.725258998572826 0
    endloop
  endfacet
  facet normal -0.9940220878113956 0.10917915983865353 0
    outer loop
      vertex 188.6908010020852 56.725258998572826 1.5
      vertex 188.6908010020852 56.725258998572826 0
      vertex 187.16550900042057 42.83823200315237 1.5
    endloop
  endfacet
  facet normal -0.9874606122747522 0.1578655732133245 0
    outer loop
      vertex 187.16329000145197 42.824352003633976 0
      vertex 187.16329000145197 42.824352003633976 1.5
      vertex 187.16550900042057 42.83823200315237 0
    endloop
  endfacet
  facet normal -0.9874606122747522 0.1578655732133245 0
    outer loop
      vertex 187.16550900042057 42.83823200315237 1.5
      vertex 187.16550900042057 42.83823200315237 0
      vertex 187.16329000145197 42.824352003633976 1.5
    endloop
  endfacet
  facet normal 0.060256419744121235 0.9981829310700622 0
    outer loop
      vertex 187.14925900101662 42.825199000537395 0
      vertex 187.14925900101662 42.825199000537395 1.5
      vertex 187.16329000145197 42.824352003633976 0
    endloop
  endfacet
  facet normal 0.060256419744121235 0.9981829310700622 0
    outer loop
      vertex 187.16329000145197 42.824352003633976 1.5
      vertex 187.16329000145197 42.824352003633976 0
      vertex 187.14925900101662 42.825199000537395 1.5
    endloop
  endfacet
  facet normal 0.06747547878733345 0.9977209328075763 0
    outer loop
      vertex 194.6153210029006 42.17028799653053 0
      vertex 194.6153210029006 42.17028799653053 1.5
      vertex 208.55402299761772 41.227618999779224 0
    endloop
  endfacet
  facet normal 0.06747547878733345 0.9977209328075763 0
    outer loop
      vertex 208.55402299761772 41.227618999779224 1.5
      vertex 208.55402299761772 41.227618999779224 0
      vertex 194.6153210029006 42.17028799653053 1.5
    endloop
  endfacet
  facet normal 0.11631700436327422 0.9932121397244166 0
    outer loop
      vertex 194.60136000066996 42.171922996640205 0
      vertex 194.60136000066996 42.171922996640205 1.5
      vertex 194.6153210029006 42.17028799653053 0
    endloop
  endfacet
  facet normal 0.11631700436327422 0.9932121397244166 0
    outer loop
      vertex 194.6153210029006 42.17028799653053 1.5
      vertex 194.6153210029006 42.17028799653053 0
      vertex 194.60136000066996 42.171922996640205 1.5
    endloop
  endfacet
  facet normal 0.9998302345832313 -0.018425580404444628 0
    outer loop
      vertex 194.60161899775267 42.18597699701786 0
      vertex 194.60161899775267 42.18597699701786 1.5
      vertex 194.60136000066996 42.171922996640205 0
    endloop
  endfacet
  facet normal 0.9998302345832313 -0.018425580404444628 0
    outer loop
      vertex 194.60136000066996 42.171922996640205 1.5
      vertex 194.60136000066996 42.171922996640205 0
      vertex 194.60161899775267 42.18597699701786 1.5
    endloop
  endfacet
  facet normal 0.9977209327741013 -0.06747547928230874 0
    outer loop
      vertex 195.54428800195456 56.12467899918556 0
      vertex 195.54428800195456 56.12467899918556 1.5
      vertex 194.60161899775267 42.18597699701786 0
    endloop
  endfacet
  facet normal 0.9977209327741013 -0.06747547928230874 0
    outer loop
      vertex 194.60161899775267 42.18597699701786 1.5
      vertex 194.60161899775267 42.18597699701786 0
      vertex 195.54428800195456 56.12467899918556 1.5
    endloop
  endfacet
  facet normal 0.9932121397244166 -0.11631700436327422 0
    outer loop
      vertex 195.54592300206423 56.138640001416206 0
      vertex 195.54592300206423 56.138640001416206 1.5
      vertex 195.54428800195456 56.12467899918556 0
    endloop
  endfacet
  facet normal 0.9932121397244166 -0.11631700436327422 0
    outer loop
      vertex 195.54428800195456 56.12467899918556 1.5
      vertex 195.54428800195456 56.12467899918556 0
      vertex 195.54592300206423 56.138640001416206 1.5
    endloop
  endfacet
  facet normal -0.01842611027397495 -0.9998302248182795 0
    outer loop
      vertex 195.55997700244188 56.138380996882915 0
      vertex 195.55997700244188 56.138380996882915 1.5
      vertex 195.54592300206423 56.138640001416206 0
    endloop
  endfacet
  facet normal -0.01842611027397495 -0.9998302248182795 0
    outer loop
      vertex 195.54592300206423 56.138640001416206 1.5
      vertex 195.54592300206423 56.138640001416206 0
      vertex 195.55997700244188 56.138380996882915 1.5
    endloop
  endfacet
  facet normal -0.06747547878733345 -0.9977209328075763 0
    outer loop
      vertex 209.498678997159 55.19571200013161 0
      vertex 209.498678997159 55.19571200013161 1.5
      vertex 195.55997700244188 56.138380996882915 0
    endloop
  endfacet
  facet normal -0.06747547878733345 -0.9977209328075763 0
    outer loop
      vertex 195.55997700244188 56.138380996882915 1.5
      vertex 195.55997700244188 56.138380996882915 0
      vertex 209.498678997159 55.19571200013161 1.5
    endloop
  endfacet
  facet normal -0.11631700436327422 -0.9932121397244166 0
    outer loop
      vertex 209.51263999938965 55.194077000021935 0
      vertex 209.51263999938965 55.194077000021935 1.5
      vertex 209.498678997159 55.19571200013161 0
    endloop
  endfacet
  facet normal -0.11631700436327422 -0.9932121397244166 0
    outer loop
      vertex 209.498678997159 55.19571200013161 1.5
      vertex 209.498678997159 55.19571200013161 0
      vertex 209.51263999938965 55.194077000021935 1.5
    endloop
  endfacet
  facet normal -0.9998302345832313 0.018425580404444628 0
    outer loop
      vertex 209.51238100230694 55.18002299964428 0
      vertex 209.51238100230694 55.18002299964428 1.5
      vertex 209.51263999938965 55.194077000021935 0
    endloop
  endfacet
  facet normal -0.9998302345832313 0.018425580404444628 0
    outer loop
      vertex 209.51263999938965 55.194077000021935 1.5
      vertex 209.51263999938965 55.194077000021935 0
      vertex 209.51238100230694 55.18002299964428 1.5
    endloop
  endfacet
  facet normal -0.9977209327741013 0.06747547928230874 0
    outer loop
      vertex 208.56971199810505 41.24132099747658 0
      vertex 208.56971199810505 41.24132099747658 1.5
      vertex 209.51238100230694 55.18002299964428 0
    endloop
  endfacet
  facet normal -0.9977209327741013 0.06747547928230874 0
    outer loop
      vertex 209.51238100230694 55.18002299964428 1.5
      vertex 209.51238100230694 55.18002299964428 0
      vertex 208.56971199810505 41.24132099747658 1.5
    endloop
  endfacet
  facet normal -0.9932121325530437 0.11631706559845366 0
    outer loop
      vertex 208.56807699799538 41.227360002696514 0
      vertex 208.56807699799538 41.227360002696514 1.5
      vertex 208.56971199810505 41.24132099747658 0
    endloop
  endfacet
  facet normal -0.9932121325530437 0.11631706559845366 0
    outer loop
      vertex 208.56971199810505 41.24132099747658 1.5
      vertex 208.56971199810505 41.24132099747658 0
      vertex 208.56807699799538 41.227360002696514 1.5
    endloop
  endfacet
  facet normal 0.018425580404444628 0.9998302345832313 0
    outer loop
      vertex 208.55402299761772 41.227618999779224 0
      vertex 208.55402299761772 41.227618999779224 1.5
      vertex 208.56807699799538 41.227360002696514 0
    endloop
  endfacet
  facet normal 0.018425580404444628 0.9998302345832313 0
    outer loop
      vertex 208.56807699799538 41.227360002696514 1.5
      vertex 208.56807699799538 41.227360002696514 0
      vertex 208.55402299761772 41.227618999779224 1.5
    endloop
  endfacet
  facet normal 0.06822356504330757 0.9976700582721633 0
    outer loop
      vertex 215.4603710025549 40.942597001791 0
      vertex 215.4603710025549 40.942597001791 1.5
      vertex 215.47439499944448 40.94163800030947 0
    endloop
  endfacet
  facet normal 0.06822356504330757 0.9976700582721633 0
    outer loop
      vertex 215.47439499944448 40.94163800030947 1.5
      vertex 215.47439499944448 40.94163800030947 0
      vertex 215.4603710025549 40.942597001791 1.5
    endloop
  endfacet
  facet normal 0.9995556695140201 0.02980710556862423 0
    outer loop
      vertex 215.45995199680328 40.956647999584675 0
      vertex 215.45995199680328 40.956647999584675 1.5
      vertex 215.4603710025549 40.942597001791 0
    endloop
  endfacet
  facet normal 0.9995556695140201 0.02980710556862423 0
    outer loop
      vertex 215.4603710025549 40.942597001791 1.5
      vertex 215.4603710025549 40.942597001791 0
      vertex 215.45995199680328 40.956647999584675 1.5
    endloop
  endfacet
  facet normal 0.9998150417056139 -0.01923232641158338 0
    outer loop
      vertex 215.7286380007863 54.92460499703884 0
      vertex 215.7286380007863 54.92460499703884 1.5
      vertex 215.45995199680328 40.956647999584675 0
    endloop
  endfacet
  facet normal 0.9998150417056139 -0.01923232641158338 0
    outer loop
      vertex 215.45995199680328 40.956647999584675 1.5
      vertex 215.45995199680328 40.956647999584675 0
      vertex 215.7286380007863 54.92460499703884 1.5
    endloop
  endfacet
  facet normal 0.9976700607391893 -0.06822352896664387 0
    outer loop
      vertex 215.72959700226784 54.93862900137901 0
      vertex 215.72959700226784 54.93862900137901 1.5
      vertex 215.7286380007863 54.92460499703884 0
    endloop
  endfacet
  facet normal 0.9976700607391893 -0.06822352896664387 0
    outer loop
      vertex 215.7286380007863 54.92460499703884 1.5
      vertex 215.7286380007863 54.92460499703884 0
      vertex 215.72959700226784 54.93862900137901 1.5
    endloop
  endfacet
  facet normal 0.029806576022343288 -0.9995556853051382 0
    outer loop
      vertex 215.7436480000615 54.93904799968004 0
      vertex 215.7436480000615 54.93904799968004 1.5
      vertex 215.72959700226784 54.93862900137901 0
    endloop
  endfacet
  facet normal 0.029806576022343288 -0.9995556853051382 0
    outer loop
      vertex 215.72959700226784 54.93862900137901 1.5
      vertex 215.72959700226784 54.93862900137901 0
      vertex 215.7436480000615 54.93904799968004 1.5
    endloop
  endfacet
  facet normal -0.019232325878474118 -0.9998150417158685 0
    outer loop
      vertex 229.71160499751568 54.6703620031476 0
      vertex 229.71160499751568 54.6703620031476 1.5
      vertex 215.7436480000615 54.93904799968004 0
    endloop
  endfacet
  facet normal -0.019232325878474118 -0.9998150417158685 0
    outer loop
      vertex 215.7436480000615 54.93904799968004 1.5
      vertex 215.7436480000615 54.93904799968004 0
      vertex 229.71160499751568 54.6703620031476 1.5
    endloop
  endfacet
  facet normal -0.06822352896664387 -0.9976700607391893 0
    outer loop
      vertex 229.72562900185585 54.66940300166607 0
      vertex 229.72562900185585 54.66940300166607 1.5
      vertex 229.71160499751568 54.6703620031476 0
    endloop
  endfacet
  facet normal -0.06822352896664387 -0.9976700607391893 0
    outer loop
      vertex 229.71160499751568 54.6703620031476 1.5
      vertex 229.71160499751568 54.6703620031476 0
      vertex 229.72562900185585 54.66940300166607 1.5
    endloop
  endfacet
  facet normal -0.9995556857760219 -0.029806560231373635 0
    outer loop
      vertex 229.72604800015688 54.655351996421814 0
      vertex 229.72604800015688 54.655351996421814 1.5
      vertex 229.72562900185585 54.66940300166607 0
    endloop
  endfacet
  facet normal -0.9995556857760219 -0.029806560231373635 0
    outer loop
      vertex 229.72562900185585 54.66940300166607 1.5
      vertex 229.72562900185585 54.66940300166607 0
      vertex 229.72604800015688 54.655351996421814 1.5
    endloop
  endfacet
  facet normal -0.9998150417158685 0.019232325878474118 0
    outer loop
      vertex 229.45736200362444 40.68739499896765 0
      vertex 229.45736200362444 40.68739499896765 1.5
      vertex 229.72604800015688 54.655351996421814 0
    endloop
  endfacet
  facet normal -0.9998150417158685 0.019232325878474118 0
    outer loop
      vertex 229.72604800015688 54.655351996421814 1.5
      vertex 229.72604800015688 54.655351996421814 0
      vertex 229.45736200362444 40.68739499896765 1.5
    endloop
  endfacet
  facet normal -0.9976700582721633 0.06822356504330757 0
    outer loop
      vertex 229.4564030021429 40.673371002078056 0
      vertex 229.4564030021429 40.673371002078056 1.5
      vertex 229.45736200362444 40.68739499896765 0
    endloop
  endfacet
  facet normal -0.9976700582721633 0.06822356504330757 0
    outer loop
      vertex 229.45736200362444 40.68739499896765 1.5
      vertex 229.45736200362444 40.68739499896765 0
      vertex 229.4564030021429 40.673371002078056 1.5
    endloop
  endfacet
  facet normal -0.02980708977737453 0.9995556699849206 0
    outer loop
      vertex 229.44235199689865 40.67295199632645 0
      vertex 229.44235199689865 40.67295199632645 1.5
      vertex 229.4564030021429 40.673371002078056 0
    endloop
  endfacet
  facet normal -0.02980708977737453 0.9995556699849206 0
    outer loop
      vertex 229.4564030021429 40.673371002078056 1.5
      vertex 229.4564030021429 40.673371002078056 0
      vertex 229.44235199689865 40.67295199632645 1.5
    endloop
  endfacet
  facet normal 0.01923232641158338 0.9998150417056139 0
    outer loop
      vertex 215.47439499944448 40.94163800030947 0
      vertex 215.47439499944448 40.94163800030947 1.5
      vertex 229.44235199689865 40.67295199632645 0
    endloop
  endfacet
  facet normal 0.01923232641158338 0.9998150417056139 0
    outer loop
      vertex 229.44235199689865 40.67295199632645 1.5
      vertex 229.44235199689865 40.67295199632645 0
      vertex 215.47439499944448 40.94163800030947 1.5
    endloop
  endfacet
  facet normal 0.04908941399439046 0.9987943879666562 0
    outer loop
      vertex 234.8286899998784 40.62568999826908 0
      vertex 234.8286899998784 40.62568999826908 1.5
      vertex 234.84272900223732 40.625 0
    endloop
  endfacet
  facet normal 0.04908941399439046 0.9987943879666562 0
    outer loop
      vertex 234.84272900223732 40.625 1.5
      vertex 234.84272900223732 40.625 0
      vertex 234.8286899998784 40.62568999826908 1.5
    endloop
  endfacet
  facet normal 0.9987943879666562 0.04908941399439046 0
    outer loop
      vertex 234.82800000160933 40.639729000627995 0
      vertex 234.82800000160933 40.639729000627995 1.5
      vertex 234.8286899998784 40.62568999826908 0
    endloop
  endfacet
  facet normal 0.9987943879666562 0.04908941399439046 0
    outer loop
      vertex 234.8286899998784 40.62568999826908 1.5
      vertex 234.8286899998784 40.62568999826908 0
      vertex 234.82800000160933 40.639729000627995 1.5
    endloop
  endfacet
  facet normal 1 0 0
    outer loop
      vertex 234.82800000160933 54.610270999372005 0
      vertex 234.82800000160933 54.610270999372005 1.5
      vertex 234.82800000160933 40.639729000627995 0
    endloop
  endfacet
  facet normal 1 0 0
    outer loop
      vertex 234.82800000160933 40.639729000627995 1.5
      vertex 234.82800000160933 40.639729000627995 0
      vertex 234.82800000160933 54.610270999372005 1.5
    endloop
  endfacet
  facet normal 0.9987943879666562 -0.04908941399439046 0
    outer loop
      vertex 234.8286899998784 54.62431000173092 0
      vertex 234.8286899998784 54.62431000173092 1.5
      vertex 234.82800000160933 54.610270999372005 0
    endloop
  endfacet
  facet normal 0.9987943879666562 -0.04908941399439046 0
    outer loop
      vertex 234.82800000160933 54.610270999372005 1.5
      vertex 234.82800000160933 54.610270999372005 0
      vertex 234.8286899998784 54.62431000173092 1.5
    endloop
  endfacet
  facet normal 0.04908941399439046 -0.9987943879666562 0
    outer loop
      vertex 234.84272900223732 54.625 0
      vertex 234.84272900223732 54.625 1.5
      vertex 234.8286899998784 54.62431000173092 0
    endloop
  endfacet
  facet normal 0.04908941399439046 -0.9987943879666562 0
    outer loop
      vertex 234.8286899998784 54.62431000173092 1.5
      vertex 234.8286899998784 54.62431000173092 0
      vertex 234.84272900223732 54.625 1.5
    endloop
  endfacet
  facet normal 0 -1 0
    outer loop
      vertex 248.81327100098133 54.625 0
      vertex 248.81327100098133 54.625 1.5
      vertex 234.84272900223732 54.625 0
    endloop
  endfacet
  facet normal 0 -1 0
    outer loop
      vertex 234.84272900223732 54.625 1.5
      vertex 234.84272900223732 54.625 0
      vertex 248.81327100098133 54.625 1.5
    endloop
  endfacet
  facet normal -0.04908941399439046 -0.9987943879666562 0
    outer loop
      vertex 248.82731000334024 54.62431000173092 0
      vertex 248.82731000334024 54.62431000173092 1.5
      vertex 248.81327100098133 54.625 0
    endloop
  endfacet
  facet normal -0.04908941399439046 -0.9987943879666562 0
    outer loop
      vertex 248.81327100098133 54.625 1.5
      vertex 248.81327100098133 54.625 0
      vertex 248.82731000334024 54.62431000173092 1.5
    endloop
  endfacet
  facet normal -0.9987943879666562 -0.04908941399439046 0
    outer loop
      vertex 248.82800000160933 54.610270999372005 0
      vertex 248.82800000160933 54.610270999372005 1.5
      vertex 248.82731000334024 54.62431000173092 0
    endloop
  endfacet
  facet normal -0.9987943879666562 -0.04908941399439046 0
    outer loop
      vertex 248.82731000334024 54.62431000173092 1.5
      vertex 248.82731000334024 54.62431000173092 0
      vertex 248.82800000160933 54.610270999372005 1.5
    endloop
  endfacet
  facet normal -1 0 0
    outer loop
      vertex 248.82800000160933 40.639729000627995 0
      vertex 248.82800000160933 40.639729000627995 1.5
      vertex 248.82800000160933 54.610270999372005 0
    endloop
  endfacet
  facet normal -1 0 0
    outer loop
      vertex 248.82800000160933 54.610270999372005 1.5
      vertex 248.82800000160933 54.610270999372005 0
      vertex 248.82800000160933 40.639729000627995 1.5
    endloop
  endfacet
  facet normal -0.9987943879666562 0.04908941399439046 0
    outer loop
      vertex 248.82731000334024 40.62568999826908 0
      vertex 248.82731000334024 40.62568999826908 1.5
      vertex 248.82800000160933 40.639729000627995 0
    endloop
  endfacet
  facet normal -0.9987943879666562 0.04908941399439046 0
    outer loop
      vertex 248.82800000160933 40.639729000627995 1.5
      vertex 248.82800000160933 40.639729000627995 0
      vertex 248.82731000334024 40.62568999826908 1.5
    endloop
  endfacet
  facet normal -0.04908941399439046 0.9987943879666562 0
    outer loop
      vertex 248.81327100098133 40.625 0
      vertex 248.81327100098133 40.625 1.5
      vertex 248.82731000334024 40.62568999826908 0
    endloop
  endfacet
  facet normal -0.04908941399439046 0.9987943879666562 0
    outer loop
      vertex 248.82731000334024 40.62568999826908 1.5
      vertex 248.82731000334024 40.62568999826908 0
      vertex 248.81327100098133 40.625 1.5
    endloop
  endfacet
  facet normal 0 1 0
    outer loop
      vertex 234.84272900223732 40.625 0
      vertex 234.84272900223732 40.625 1.5
      vertex 248.81327100098133 40.625 0
    endloop
  endfacet
  facet normal 0 1 0
    outer loop
      vertex 248.81327100098133 40.625 1.5
      vertex 248.81327100098133 40.625 0
      vertex 234.84272900223732 40.625 1.5
    endloop
  endfacet
  facet normal 0.04908943998366365 0.9987943866893177 0
    outer loop
      vertex 253.8776900023222 40.62568999826908 0
      vertex 253.8776900023222 40.62568999826908 1.5
      vertex 253.89172899723053 40.625 0
    endloop
  endfacet
  facet normal 0.04908943998366365 0.9987943866893177 0
    outer loop
      vertex 253.89172899723053 40.625 1.5
      vertex 253.89172899723053 40.625 0
      vertex 253.8776900023222 40.62568999826908 1.5
    endloop
  endfacet
  facet normal 0.9987943619772575 0.04908994278305106 0
    outer loop
      vertex 253.87699999660254 40.639729000627995 0
      vertex 253.87699999660254 40.639729000627995 1.5
      vertex 253.8776900023222 40.62568999826908 0
    endloop
  endfacet
  facet normal 0.9987943619772575 0.04908994278305106 0
    outer loop
      vertex 253.8776900023222 40.62568999826908 1.5
      vertex 253.8776900023222 40.62568999826908 0
      vertex 253.87699999660254 40.639729000627995 1.5
    endloop
  endfacet
  facet normal 1 0 0
    outer loop
      vertex 253.87699999660254 54.610270999372005 0
      vertex 253.87699999660254 54.610270999372005 1.5
      vertex 253.87699999660254 40.639729000627995 0
    endloop
  endfacet
  facet normal 1 0 0
    outer loop
      vertex 253.87699999660254 40.639729000627995 1.5
      vertex 253.87699999660254 40.639729000627995 0
      vertex 253.87699999660254 54.610270999372005 1.5
    endloop
  endfacet
  facet normal 0.9987943619772575 -0.04908994278305106 0
    outer loop
      vertex 253.8776900023222 54.62431000173092 0
      vertex 253.8776900023222 54.62431000173092 1.5
      vertex 253.87699999660254 54.610270999372005 0
    endloop
  endfacet
  facet normal 0.9987943619772575 -0.04908994278305106 0
    outer loop
      vertex 253.87699999660254 54.610270999372005 1.5
      vertex 253.87699999660254 54.610270999372005 0
      vertex 253.8776900023222 54.62431000173092 1.5
    endloop
  endfacet
  facet normal 0.04908943998366365 -0.9987943866893177 0
    outer loop
      vertex 253.89172899723053 54.625 0
      vertex 253.89172899723053 54.625 1.5
      vertex 253.8776900023222 54.62431000173092 0
    endloop
  endfacet
  facet normal 0.04908943998366365 -0.9987943866893177 0
    outer loop
      vertex 253.8776900023222 54.62431000173092 1.5
      vertex 253.8776900023222 54.62431000173092 0
      vertex 253.89172899723053 54.625 1.5
    endloop
  endfacet
  facet normal 0 -1 0
    outer loop
      vertex 267.8622710034251 54.625 0
      vertex 267.8622710034251 54.625 1.5
      vertex 253.89172899723053 54.625 0
    endloop
  endfacet
  facet normal 0 -1 0
    outer loop
      vertex 253.89172899723053 54.625 1.5
      vertex 253.89172899723053 54.625 0
      vertex 267.8622710034251 54.625 1.5
    endloop
  endfacet
  facet normal -0.04908943998366365 -0.9987943866893177 0
    outer loop
      vertex 267.87630999833345 54.62431000173092 0
      vertex 267.87630999833345 54.62431000173092 1.5
      vertex 267.8622710034251 54.625 0
    endloop
  endfacet
  facet normal -0.04908943998366365 -0.9987943866893177 0
    outer loop
      vertex 267.8622710034251 54.625 1.5
      vertex 267.8622710034251 54.625 0
      vertex 267.87630999833345 54.62431000173092 1.5
    endloop
  endfacet
  facet normal -0.9987943879666562 -0.04908941399439046 0
    outer loop
      vertex 267.87699999660254 54.610270999372005 0
      vertex 267.87699999660254 54.610270999372005 1.5
      vertex 267.87630999833345 54.62431000173092 0
    endloop
  endfacet
  facet normal -0.9987943879666562 -0.04908941399439046 0
    outer loop
      vertex 267.87630999833345 54.62431000173092 1.5
      vertex 267.87630999833345 54.62431000173092 0
      vertex 267.87699999660254 54.610270999372005 1.5
    endloop
  endfacet
  facet normal -1 0 0
    outer loop
      vertex 267.87699999660254 40.639729000627995 0
      vertex 267.87699999660254 40.639729000627995 1.5
      vertex 267.87699999660254 54.610270999372005 0
    endloop
  endfacet
  facet normal -1 0 0
    outer loop
      vertex 267.87699999660254 54.610270999372005 1.5
      vertex 267.87699999660254 54.610270999372005 0
      vertex 267.87699999660254 40.639729000627995 1.5
    endloop
  endfacet
  facet normal -0.9987943879666562 0.04908941399439046 0
    outer loop
      vertex 267.87630999833345 40.62568999826908 0
      vertex 267.87630999833345 40.62568999826908 1.5
      vertex 267.87699999660254 40.639729000627995 0
    endloop
  endfacet
  facet normal -0.9987943879666562 0.04908941399439046 0
    outer loop
      vertex 267.87699999660254 40.639729000627995 1.5
      vertex 267.87699999660254 40.639729000627995 0
      vertex 267.87630999833345 40.62568999826908 1.5
    endloop
  endfacet
  facet normal -0.04908943998366365 0.9987943866893177 0
    outer loop
      vertex 267.8622710034251 40.625 0
      vertex 267.8622710034251 40.625 1.5
      vertex 267.87630999833345 40.62568999826908 0
    endloop
  endfacet
  facet normal -0.04908943998366365 0.9987943866893177 0
    outer loop
      vertex 267.87630999833345 40.62568999826908 1.5
      vertex 267.87630999833345 40.62568999826908 0
      vertex 267.8622710034251 40.625 1.5
    endloop
  endfacet
  facet normal 0 1 0
    outer loop
      vertex 253.89172899723053 40.625 0
      vertex 253.89172899723053 40.625 1.5
      vertex 267.8622710034251 40.625 0
    endloop
  endfacet
  facet normal 0 1 0
    outer loop
      vertex 267.8622710034251 40.625 1.5
      vertex 267.8622710034251 40.625 0
      vertex 253.89172899723053 40.625 1.5
    endloop
  endfacet
  facet normal 0.04908941399439046 0.9987943879666562 0
    outer loop
      vertex 280.07169000059366 40.62568999826908 0
      vertex 280.07169000059366 40.62568999826908 1.5
      vertex 280.0857290029526 40.625 0
    endloop
  endfacet
  facet normal 0.04908941399439046 0.9987943879666562 0
    outer loop
      vertex 280.0857290029526 40.625 1.5
      vertex 280.0857290029526 40.625 0
      vertex 280.07169000059366 40.62568999826908 1.5
    endloop
  endfacet
  facet normal 0.9987943879666562 0.04908941399439046 0
    outer loop
      vertex 280.0710000023246 40.639729000627995 0
      vertex 280.0710000023246 40.639729000627995 1.5
      vertex 280.07169000059366 40.62568999826908 0
    endloop
  endfacet
  facet normal 0.9987943879666562 0.04908941399439046 0
    outer loop
      vertex 280.07169000059366 40.62568999826908 1.5
      vertex 280.07169000059366 40.62568999826908 0
      vertex 280.0710000023246 40.639729000627995 1.5
    endloop
  endfacet
  facet normal 1 0 0
    outer loop
      vertex 280.0710000023246 54.610270999372005 0
      vertex 280.0710000023246 54.610270999372005 1.5
      vertex 280.0710000023246 40.639729000627995 0
    endloop
  endfacet
  facet normal 1 0 0
    outer loop
      vertex 280.0710000023246 40.639729000627995 1.5
      vertex 280.0710000023246 40.639729000627995 0
      vertex 280.0710000023246 54.610270999372005 1.5
    endloop
  endfacet
  facet normal 0.9987943879666562 -0.04908941399439046 0
    outer loop
      vertex 280.07169000059366 54.62431000173092 0
      vertex 280.07169000059366 54.62431000173092 1.5
      vertex 280.0710000023246 54.610270999372005 0
    endloop
  endfacet
  facet normal 0.9987943879666562 -0.04908941399439046 0
    outer loop
      vertex 280.0710000023246 54.610270999372005 1.5
      vertex 280.0710000023246 54.610270999372005 0
      vertex 280.07169000059366 54.62431000173092 1.5
    endloop
  endfacet
  facet normal 0.04908941399439046 -0.9987943879666562 0
    outer loop
      vertex 280.0857290029526 54.625 0
      vertex 280.0857290029526 54.625 1.5
      vertex 280.07169000059366 54.62431000173092 0
    endloop
  endfacet
  facet normal 0.04908941399439046 -0.9987943879666562 0
    outer loop
      vertex 280.07169000059366 54.62431000173092 1.5
      vertex 280.07169000059366 54.62431000173092 0
      vertex 280.0857290029526 54.625 1.5
    endloop
  endfacet
  facet normal 0 -1 0
    outer loop
      vertex 294.0562710016966 54.625 0
      vertex 294.0562710016966 54.625 1.5
      vertex 280.0857290029526 54.625 0
    endloop
  endfacet
  facet normal 0 -1 0
    outer loop
      vertex 280.0857290029526 54.625 1.5
      vertex 280.0857290029526 54.625 0
      vertex 294.0562710016966 54.625 1.5
    endloop
  endfacet
  facet normal -0.04908943998366365 -0.9987943866893177 0
    outer loop
      vertex 294.0703099966049 54.62431000173092 0
      vertex 294.0703099966049 54.62431000173092 1.5
      vertex 294.0562710016966 54.625 0
    endloop
  endfacet
  facet normal -0.04908943998366365 -0.9987943866893177 0
    outer loop
      vertex 294.0562710016966 54.625 1.5
      vertex 294.0562710016966 54.625 0
      vertex 294.0703099966049 54.62431000173092 1.5
    endloop
  endfacet
  facet normal -0.9987943619772575 -0.04908994278305106 0
    outer loop
      vertex 294.0710000023246 54.610270999372005 0
      vertex 294.0710000023246 54.610270999372005 1.5
      vertex 294.0703099966049 54.62431000173092 0
    endloop
  endfacet
  facet normal -0.9987943619772575 -0.04908994278305106 0
    outer loop
      vertex 294.0703099966049 54.62431000173092 1.5
      vertex 294.0703099966049 54.62431000173092 0
      vertex 294.0710000023246 54.610270999372005 1.5
    endloop
  endfacet
  facet normal -1 0 0
    outer loop
      vertex 294.0710000023246 40.639729000627995 0
      vertex 294.0710000023246 40.639729000627995 1.5
      vertex 294.0710000023246 54.610270999372005 0
    endloop
  endfacet
  facet normal -1 0 0
    outer loop
      vertex 294.0710000023246 54.610270999372005 1.5
      vertex 294.0710000023246 54.610270999372005 0
      vertex 294.0710000023246 40.639729000627995 1.5
    endloop
  endfacet
  facet normal -0.9987943619772575 0.04908994278305106 0
    outer loop
      vertex 294.0703099966049 40.62568999826908 0
      vertex 294.0703099966049 40.62568999826908 1.5
      vertex 294.0710000023246 40.639729000627995 0
    endloop
  endfacet
  facet normal -0.9987943619772575 0.04908994278305106 0
    outer loop
      vertex 294.0710000023246 40.639729000627995 1.5
      vertex 294.0710000023246 40.639729000627995 0
      vertex 294.0703099966049 40.62568999826908 1.5
    endloop
  endfacet
  facet normal -0.04908943998366365 0.9987943866893177 0
    outer loop
      vertex 294.0562710016966 40.625 0
      vertex 294.0562710016966 40.625 1.5
      vertex 294.0703099966049 40.62568999826908 0
    endloop
  endfacet
  facet normal -0.04908943998366365 0.9987943866893177 0
    outer loop
      vertex 294.0703099966049 40.62568999826908 1.5
      vertex 294.0703099966049 40.62568999826908 0
      vertex 294.0562710016966 40.625 1.5
    endloop
  endfacet
  facet normal 0 1 0
    outer loop
      vertex 280.0857290029526 40.625 0
      vertex 280.0857290029526 40.625 1.5
      vertex 294.0562710016966 40.625 0
    endloop
  endfacet
  facet normal 0 1 0
    outer loop
      vertex 294.0562710016966 40.625 1.5
      vertex 294.0562710016966 40.625 0
      vertex 280.0857290029526 40.625 1.5
    endloop
  endfacet
  facet normal 0.11320319866394575 0.9935718573974665 0
    outer loop
      vertex 157.0412089973688 27.136752001941204 0
      vertex 157.0412089973688 27.136752001941204 1.5
      vertex 170.9219459965825 25.555242002010345 0
    endloop
  endfacet
  facet normal 0.11320319866394575 0.9935718573974665 0
    outer loop
      vertex 170.9219459965825 25.555242002010345 1.5
      vertex 170.9219459965825 25.555242002010345 0
      vertex 157.0412089973688 27.136752001941204 1.5
    endloop
  endfacet
  facet normal 0.1618486880114517 0.9868155867176865 0
    outer loop
      vertex 157.02733799815178 27.139026999473572 0
      vertex 157.02733799815178 27.139026999473572 1.5
      vertex 157.0412089973688 27.136752001941204 0
    endloop
  endfacet
  facet normal 0.1618486880114517 0.9868155867176865 0
    outer loop
      vertex 157.0412089973688 27.136752001941204 1.5
      vertex 157.0412089973688 27.136752001941204 0
      vertex 157.02733799815178 27.139026999473572 1.5
    endloop
  endfacet
  facet normal 0.9979297239720193 -0.064313808883702 0
    outer loop
      vertex 157.02824199944735 27.153053998947144 0
      vertex 157.02824199944735 27.153053998947144 1.5
      vertex 157.02733799815178 27.139026999473572 0
    endloop
  endfacet
  facet normal 0.9979297239720193 -0.064313808883702 0
    outer loop
      vertex 157.02733799815178 27.139026999473572 1.5
      vertex 157.02733799815178 27.139026999473572 0
      vertex 157.02824199944735 27.153053998947144 1.5
    endloop
  endfacet
  facet normal 0.9935718573974665 -0.11320319866394575 0
    outer loop
      vertex 158.6097519993782 41.03379099816084 0
      vertex 158.6097519993782 41.03379099816084 1.5
      vertex 157.02824199944735 27.153053998947144 0
    endloop
  endfacet
  facet normal 0.9935718573974665 -0.11320319866394575 0
    outer loop
      vertex 157.02824199944735 27.153053998947144 1.5
      vertex 157.02824199944735 27.153053998947144 0
      vertex 158.6097519993782 41.03379099816084 1.5
    endloop
  endfacet
  facet normal 0.9868155867176865 -0.1618486880114517 0
    outer loop
      vertex 158.61202699691057 41.04766199737787 0
      vertex 158.61202699691057 41.04766199737787 1.5
      vertex 158.6097519993782 41.03379099816084 0
    endloop
  endfacet
  facet normal 0.9868155867176865 -0.1618486880114517 0
    outer loop
      vertex 158.6097519993782 41.03379099816084 1.5
      vertex 158.6097519993782 41.03379099816084 0
      vertex 158.61202699691057 41.04766199737787 1.5
    endloop
  endfacet
  facet normal -0.06431328101582487 -0.9979297579915029 0
    outer loop
      vertex 158.62605399638414 41.04675800353289 0
      vertex 158.62605399638414 41.04675800353289 1.5
      vertex 158.61202699691057 41.04766199737787 0
    endloop
  endfacet
  facet normal -0.06431328101582487 -0.9979297579915029 0
    outer loop
      vertex 158.61202699691057 41.04766199737787 1.5
      vertex 158.61202699691057 41.04766199737787 0
      vertex 158.62605399638414 41.04675800353289 1.5
    endloop
  endfacet
  facet normal -0.11320319860396183 -0.9935718574043007 0
    outer loop
      vertex 172.50679100304842 39.46524800360203 0
      vertex 172.50679100304842 39.46524800360203 1.5
      vertex 158.62605399638414 41.04675800353289 0
    endloop
  endfacet
  facet normal -0.11320319860396183 -0.9935718574043007 0
    outer loop
      vertex 158.62605399638414 41.04675800353289 1.5
      vertex 158.62605399638414 41.04675800353289 0
      vertex 172.50679100304842 39.46524800360203 1.5
    endloop
  endfacet
  facet normal -0.16184920417854695 -0.9868155020604262 0
    outer loop
      vertex 172.52066200226545 39.46297299861908 0
      vertex 172.52066200226545 39.46297299861908 1.5
      vertex 172.50679100304842 39.46524800360203 0
    endloop
  endfacet
  facet normal -0.16184920417854695 -0.9868155020604262 0
    outer loop
      vertex 172.50679100304842 39.46524800360203 1.5
      vertex 172.50679100304842 39.46524800360203 0
      vertex 172.52066200226545 39.46297299861908 1.5
    endloop
  endfacet
  facet normal -0.9979297239720193 0.064313808883702 0
    outer loop
      vertex 172.5197580009699 39.44894599914551 0
      vertex 172.5197580009699 39.44894599914551 1.5
      vertex 172.52066200226545 39.46297299861908 0
    endloop
  endfacet
  facet normal -0.9979297239720193 0.064313808883702 0
    outer loop
      vertex 172.52066200226545 39.46297299861908 1.5
      vertex 172.52066200226545 39.46297299861908 0
      vertex 172.5197580009699 39.44894599914551 1.5
    endloop
  endfacet
  facet normal -0.9935718573974665 0.11320319866394575 0
    outer loop
      vertex 170.93824800103903 25.568208999931812 0
      vertex 170.93824800103903 25.568208999931812 1.5
      vertex 172.5197580009699 39.44894599914551 0
    endloop
  endfacet
  facet normal -0.9935718573974665 0.11320319866394575 0
    outer loop
      vertex 172.5197580009699 39.44894599914551 1.5
      vertex 172.5197580009699 39.44894599914551 0
      vertex 170.93824800103903 25.568208999931812 1.5
    endloop
  endfacet
  facet normal -0.9868155867176865 0.1618486880114517 0
    outer loop
      vertex 170.93597300350666 25.55433800071478 0
      vertex 170.93597300350666 25.55433800071478 1.5
      vertex 170.93824800103903 25.568208999931812 0
    endloop
  endfacet
  facet normal -0.9868155867176865 0.1618486880114517 0
    outer loop
      vertex 170.93824800103903 25.568208999931812 1.5
      vertex 170.93824800103903 25.568208999931812 0
      vertex 170.93597300350666 25.55433800071478 1.5
    endloop
  endfacet
  facet normal 0.06431377486409792 0.997929726164488 0
    outer loop
      vertex 170.9219459965825 25.555242002010345 0
      vertex 170.9219459965825 25.555242002010345 1.5
      vertex 170.93597300350666 25.55433800071478 0
    endloop
  endfacet
  facet normal 0.06431377486409792 0.997929726164488 0
    outer loop
      vertex 170.93597300350666 25.55433800071478 1.5
      vertex 170.93597300350666 25.55433800071478 0
      vertex 170.9219459965825 25.555242002010345 1.5
    endloop
  endfacet
  facet normal 0.10402509956090587 0.9945746722400203 0
    outer loop
      vertex 177.48045100271702 24.8366210013628 0
      vertex 177.48045100271702 24.8366210013628 1.5
      vertex 191.37519799917936 23.38333400338888 0
    endloop
  endfacet
  facet normal 0.10402509956090587 0.9945746722400203 0
    outer loop
      vertex 191.37519799917936 23.38333400338888 1.5
      vertex 191.37519799917936 23.38333400338888 0
      vertex 177.48045100271702 24.8366210013628 1.5
    endloop
  endfacet
  facet normal 0.15266642258348295 0.988277776445247 0
    outer loop
      vertex 177.46655900031328 24.838766999542713 0
      vertex 177.46655900031328 24.838766999542713 1.5
      vertex 177.48045100271702 24.8366210013628 0
    endloop
  endfacet
  facet normal 0.15266642258348295 0.988277776445247 0
    outer loop
      vertex 177.48045100271702 24.8366210013628 1.5
      vertex 177.48045100271702 24.8366210013628 0
      vertex 177.46655900031328 24.838766999542713 1.5
    endloop
  endfacet
  facet normal 0.998478896113563 -0.05513523388760306 0
    outer loop
      vertex 177.4673340022564 24.852802000939846 0
      vertex 177.4673340022564 24.852802000939846 1.5
      vertex 177.46655900031328 24.838766999542713 0
    endloop
  endfacet
  facet normal 0.998478896113563 -0.05513523388760306 0
    outer loop
      vertex 177.46655900031328 24.838766999542713 1.5
      vertex 177.46655900031328 24.838766999542713 0
      vertex 177.4673340022564 24.852802000939846 1.5
    endloop
  endfacet
  facet normal 0.9945746722400203 -0.10402509956090587 0
    outer loop
      vertex 178.9206210002303 38.74754899740219 0
      vertex 178.9206210002303 38.74754899740219 1.5
      vertex 177.4673340022564 24.852802000939846 0
    endloop
  endfacet
  facet normal 0.9945746722400203 -0.10402509956090587 0
    outer loop
      vertex 177.4673340022564 24.852802000939846 1.5
      vertex 177.4673340022564 24.852802000939846 0
      vertex 178.9206210002303 38.74754899740219 1.5
    endloop
  endfacet
  facet normal 0.988277776445247 -0.15266642258348295 0
    outer loop
      vertex 178.92276699841022 38.76144099980593 0
      vertex 178.92276699841022 38.76144099980593 1.5
      vertex 178.9206210002303 38.74754899740219 0
    endloop
  endfacet
  facet normal 0.988277776445247 -0.15266642258348295 0
    outer loop
      vertex 178.9206210002303 38.74754899740219 1.5
      vertex 178.9206210002303 38.74754899740219 0
      vertex 178.92276699841022 38.76144099980593 1.5
    endloop
  endfacet
  facet normal -0.05513523388760306 -0.998478896113563 0
    outer loop
      vertex 178.93680199980736 38.760665997862816 0
      vertex 178.93680199980736 38.760665997862816 1.5
      vertex 178.92276699841022 38.76144099980593 0
    endloop
  endfacet
  facet normal -0.05513523388760306 -0.998478896113563 0
    outer loop
      vertex 178.92276699841022 38.76144099980593 1.5
      vertex 178.92276699841022 38.76144099980593 0
      vertex 178.93680199980736 38.760665997862816 1.5
    endloop
  endfacet
  facet normal -0.10402509950572959 -0.9945746722457911 0
    outer loop
      vertex 192.83154900372028 37.3073789998889 0
      vertex 192.83154900372028 37.3073789998889 1.5
      vertex 178.93680199980736 38.760665997862816 0
    endloop
  endfacet
  facet normal -0.10402509950572959 -0.9945746722457911 0
    outer loop
      vertex 178.93680199980736 38.760665997862816 1.5
      vertex 178.93680199980736 38.760665997862816 0
      vertex 192.83154900372028 37.3073789998889 1.5
    endloop
  endfacet
  facet normal -0.15266650255348 -0.9882777640916992 0
    outer loop
      vertex 192.84544099867344 37.305233001708984 0
      vertex 192.84544099867344 37.305233001708984 1.5
      vertex 192.83154900372028 37.3073789998889 0
    endloop
  endfacet
  facet normal -0.15266650255348 -0.9882777640916992 0
    outer loop
      vertex 192.83154900372028 37.3073789998889 1.5
      vertex 192.83154900372028 37.3073789998889 0
      vertex 192.84544099867344 37.305233001708984 1.5
    endloop
  endfacet
  facet normal -0.998478896113563 0.05513523388760306 0
    outer loop
      vertex 192.84466599673033 37.29119800031185 0
      vertex 192.84466599673033 37.29119800031185 1.5
      vertex 192.84544099867344 37.305233001708984 0
    endloop
  endfacet
  facet normal -0.998478896113563 0.05513523388760306 0
    outer loop
      vertex 192.84544099867344 37.305233001708984 1.5
      vertex 192.84544099867344 37.305233001708984 0
      vertex 192.84466599673033 37.29119800031185 1.5
    endloop
  endfacet
  facet normal -0.9945746722457911 0.10402509950572959 0
    outer loop
      vertex 191.3913789987564 23.396450996398926 0
      vertex 191.3913789987564 23.396450996398926 1.5
      vertex 192.84466599673033 37.29119800031185 0
    endloop
  endfacet
  facet normal -0.9945746722457911 0.10402509950572959 0
    outer loop
      vertex 192.84466599673033 37.29119800031185 1.5
      vertex 192.84466599673033 37.29119800031185 0
      vertex 191.3913789987564 23.396450996398926 1.5
    endloop
  endfacet
  facet normal -0.9882777640916992 0.15266650255348 0
    outer loop
      vertex 191.3892330005765 23.38255900144577 0
      vertex 191.3892330005765 23.38255900144577 1.5
      vertex 191.3913789987564 23.396450996398926 0
    endloop
  endfacet
  facet normal -0.9882777640916992 0.15266650255348 0
    outer loop
      vertex 191.3913789987564 23.396450996398926 1.5
      vertex 191.3913789987564 23.396450996398926 0
      vertex 191.3892330005765 23.38255900144577 1.5
    endloop
  endfacet
  facet normal 0.05513523388760306 0.998478896113563 0
    outer loop
      vertex 191.37519799917936 23.38333400338888 0
      vertex 191.37519799917936 23.38333400338888 1.5
      vertex 191.3892330005765 23.38255900144577 0
    endloop
  endfacet
  facet normal 0.05513523388760306 0.998478896113563 0
    outer loop
      vertex 191.3892330005765 23.38255900144577 1.5
      vertex 191.3892330005765 23.38255900144577 0
      vertex 191.37519799917936 23.38333400338888 1.5
    endloop
  endfacet
  facet normal 0.0575988400161066 0.9983398086968179 0
    outer loop
      vertex 198.87413399666548 22.786964997649193 0
      vertex 198.87413399666548 22.786964997649193 1.5
      vertex 212.82148200273514 21.982277996838093 0
    endloop
  endfacet
  facet normal 0.0575988400161066 0.9983398086968179 0
    outer loop
      vertex 212.82148200273514 21.982277996838093 1.5
      vertex 212.82148200273514 21.982277996838093 0
      vertex 198.87413399666548 22.786964997649193 1.5
    endloop
  endfacet
  facet normal 0.10650300941162696 0.9943123799824012 0
    outer loop
      vertex 198.8601579964161 22.78846199810505 0
      vertex 198.8601579964161 22.78846199810505 1.5
      vertex 198.87413399666548 22.786964997649193 0
    endloop
  endfacet
  facet normal 0.10650300941162696 0.9943123799824012 0
    outer loop
      vertex 198.87413399666548 22.786964997649193 1.5
      vertex 198.87413399666548 22.786964997649193 0
      vertex 198.8601579964161 22.78846199810505 1.5
    endloop
  endfacet
  facet normal 0.999963555496867 -0.008537428070799595 0
    outer loop
      vertex 198.86027800291777 22.802518002688885 0
      vertex 198.86027800291777 22.802518002688885 1.5
      vertex 198.8601579964161 22.78846199810505 0
    endloop
  endfacet
  facet normal 0.999963555496867 -0.008537428070799595 0
    outer loop
      vertex 198.8601579964161 22.78846199810505 1.5
      vertex 198.8601579964161 22.78846199810505 0
      vertex 198.86027800291777 22.802518002688885 1.5
    endloop
  endfacet
  facet normal 0.9983398087257155 -0.05759883951523626 0
    outer loop
      vertex 199.6649649962783 36.749866001307964 0
      vertex 199.6649649962783 36.749866001307964 1.5
      vertex 198.86027800291777 22.802518002688885 0
    endloop
  endfacet
  facet normal 0.9983398087257155 -0.05759883951523626 0
    outer loop
      vertex 198.86027800291777 22.802518002688885 1.5
      vertex 198.86027800291777 22.802518002688885 0
      vertex 199.6649649962783 36.749866001307964 1.5
    endloop
  endfacet
  facet normal 0.9943123799824012 -0.10650300941162696 0
    outer loop
      vertex 199.66646199673414 36.76384200155735 0
      vertex 199.66646199673414 36.76384200155735 1.5
      vertex 199.6649649962783 36.749866001307964 0
    endloop
  endfacet
  facet normal 0.9943123799824012 -0.10650300941162696 0
    outer loop
      vertex 199.6649649962783 36.749866001307964 1.5
      vertex 199.6649649962783 36.749866001307964 0
      vertex 199.66646199673414 36.76384200155735 1.5
    endloop
  endfacet
  facet normal -0.00853689806484843 -0.9999635600217792 0
    outer loop
      vertex 199.68051800131798 36.763722002506256 0
      vertex 199.68051800131798 36.763722002506256 1.5
      vertex 199.66646199673414 36.76384200155735 0
    endloop
  endfacet
  facet normal -0.00853689806484843 -0.9999635600217792 0
    outer loop
      vertex 199.66646199673414 36.76384200155735 1.5
      vertex 199.66646199673414 36.76384200155735 0
      vertex 199.68051800131798 36.763722002506256 1.5
    endloop
  endfacet
  facet normal -0.05759884004677343 -0.9983398086950486 0
    outer loop
      vertex 213.62786599993706 35.959035001695156 0
      vertex 213.62786599993706 35.959035001695156 1.5
      vertex 199.68051800131798 36.763722002506256 0
    endloop
  endfacet
  facet normal -0.05759884004677343 -0.9983398086950486 0
    outer loop
      vertex 199.68051800131798 36.763722002506256 1.5
      vertex 199.68051800131798 36.763722002506256 0
      vertex 213.62786599993706 35.959035001695156 1.5
    endloop
  endfacet
  facet normal -0.10650300941162696 -0.9943123799824012 0
    outer loop
      vertex 213.64184200018644 35.9575380012393 0
      vertex 213.64184200018644 35.9575380012393 1.5
      vertex 213.62786599993706 35.959035001695156 0
    endloop
  endfacet
  facet normal -0.10650300941162696 -0.9943123799824012 0
    outer loop
      vertex 213.62786599993706 35.959035001695156 1.5
      vertex 213.62786599993706 35.959035001695156 0
      vertex 213.64184200018644 35.9575380012393 1.5
    endloop
  endfacet
  facet normal -0.9999635600217792 0.00853689806484843 0
    outer loop
      vertex 213.64172200113535 35.943481996655464 0
      vertex 213.64172200113535 35.943481996655464 1.5
      vertex 213.64184200018644 35.9575380012393 0
    endloop
  endfacet
  facet normal -0.9999635600217792 0.00853689806484843 0
    outer loop
      vertex 213.64184200018644 35.9575380012393 1.5
      vertex 213.64184200018644 35.9575380012393 0
      vertex 213.64172200113535 35.943481996655464 1.5
    endloop
  endfacet
  facet normal -0.9983398086950486 0.05759884004677343 0
    outer loop
      vertex 212.83703500032425 21.996133998036385 0
      vertex 212.83703500032425 21.996133998036385 1.5
      vertex 213.64172200113535 35.943481996655464 0
    endloop
  endfacet
  facet normal -0.9983398086950486 0.05759884004677343 0
    outer loop
      vertex 213.64172200113535 35.943481996655464 1.5
      vertex 213.64172200113535 35.943481996655464 0
      vertex 212.83703500032425 21.996133998036385 1.5
    endloop
  endfacet
  facet normal -0.9943123799824012 0.10650300941162696 0
    outer loop
      vertex 212.8355379998684 21.982157997787 0
      vertex 212.8355379998684 21.982157997787 1.5
      vertex 212.83703500032425 21.996133998036385 0
    endloop
  endfacet
  facet normal -0.9943123799824012 0.10650300941162696 0
    outer loop
      vertex 212.83703500032425 21.996133998036385 1.5
      vertex 212.83703500032425 21.996133998036385 0
      vertex 212.8355379998684 21.982157997787 1.5
    endloop
  endfacet
  facet normal 0.008536902589622518 0.9999635599831502 0
    outer loop
      vertex 212.82148200273514 21.982277996838093 0
      vertex 212.82148200273514 21.982277996838093 1.5
      vertex 212.8355379998684 21.982157997787 0
    endloop
  endfacet
  facet normal 0.008536902589622518 0.9999635599831502 0
    outer loop
      vertex 212.8355379998684 21.982157997787 1.5
      vertex 212.8355379998684 21.982157997787 0
      vertex 212.82148200273514 21.982277996838093 1.5
    endloop
  endfacet
  facet normal 0.060615601615455254 0.9981611837978855 0
    outer loop
      vertex 219.3949259966612 21.76739600300789 0
      vertex 219.3949259966612 21.76739600300789 1.5
      vertex 219.40895599871874 21.766543999314308 0
    endloop
  endfacet
  facet normal 0.060615601615455254 0.9981611837978855 0
    outer loop
      vertex 219.40895599871874 21.766543999314308 1.5
      vertex 219.40895599871874 21.766543999314308 0
      vertex 219.3949259966612 21.76739600300789 1.5
    endloop
  endfacet
  facet normal 0.9992969973002342 0.0374901478622818 0
    outer loop
      vertex 219.3943990021944 21.781442999839783 0
      vertex 219.3943990021944 21.781442999839783 1.5
      vertex 219.3949259966612 21.76739600300789 0
    endloop
  endfacet
  facet normal 0.9992969973002342 0.0374901478622818 0
    outer loop
      vertex 219.3949259966612 21.76739600300789 1.5
      vertex 219.3949259966612 21.76739600300789 0
      vertex 219.3943990021944 21.781442999839783 1.5
    endloop
  endfacet
  facet normal 0.9999326457160747 -0.011606206583172844 0
    outer loop
      vertex 219.55654399842024 35.75104399770498 0
      vertex 219.55654399842024 35.75104399770498 1.5
      vertex 219.3943990021944 21.781442999839783 0
    endloop
  endfacet
  facet normal 0.9999326457160747 -0.011606206583172844 0
    outer loop
      vertex 219.3943990021944 21.781442999839783 1.5
      vertex 219.3943990021944 21.781442999839783 0
      vertex 219.55654399842024 35.75104399770498 1.5
    endloop
  endfacet
  facet normal 0.9981611837978855 -0.060615601615455254 0
    outer loop
      vertex 219.55739600211382 35.765073999762535 0
      vertex 219.55739600211382 35.765073999762535 1.5
      vertex 219.55654399842024 35.75104399770498 0
    endloop
  endfacet
  facet normal 0.9981611837978855 -0.060615601615455254 0
    outer loop
      vertex 219.55654399842024 35.75104399770498 1.5
      vertex 219.55654399842024 35.75104399770498 0
      vertex 219.55739600211382 35.765073999762535 1.5
    endloop
  endfacet
  facet normal 0.037490677148233335 -0.9992969774431257 0
    outer loop
      vertex 219.5714429989457 35.7656010016799 0
      vertex 219.5714429989457 35.7656010016799 1.5
      vertex 219.55739600211382 35.765073999762535 0
    endloop
  endfacet
  facet normal 0.037490677148233335 -0.9992969774431257 0
    outer loop
      vertex 219.55739600211382 35.765073999762535 1.5
      vertex 219.55739600211382 35.765073999762535 0
      vertex 219.5714429989457 35.7656010016799 1.5
    endloop
  endfacet
  facet normal -0.011606207116407488 -0.9999326457098854 0
    outer loop
      vertex 233.5410439968109 35.60345599800348 0
      vertex 233.5410439968109 35.60345599800348 1.5
      vertex 219.5714429989457 35.7656010016799 0
    endloop
  endfacet
  facet normal -0.011606207116407488 -0.9999326457098854 0
    outer loop
      vertex 219.5714429989457 35.7656010016799 1.5
      vertex 219.5714429989457 35.7656010016799 0
      vertex 233.5410439968109 35.60345599800348 1.5
    endloop
  endfacet
  facet normal -0.060615073493241946 -0.9981612158691646 0
    outer loop
      vertex 233.55507399886847 35.60260400176048 0
      vertex 233.55507399886847 35.60260400176048 1.5
      vertex 233.5410439968109 35.60345599800348 0
    endloop
  endfacet
  facet normal -0.060615073493241946 -0.9981612158691646 0
    outer loop
      vertex 233.5410439968109 35.60345599800348 1.5
      vertex 233.5410439968109 35.60345599800348 0
      vertex 233.55507399886847 35.60260400176048 1.5
    endloop
  endfacet
  facet normal -0.9992969781881106 -0.03749065729099562 0
    outer loop
      vertex 233.55560100078583 35.58855699747801 0
      vertex 233.55560100078583 35.58855699747801 1.5
      vertex 233.55507399886847 35.60260400176048 0
    endloop
  endfacet
  facet normal -0.9992969781881106 -0.03749065729099562 0
    outer loop
      vertex 233.55507399886847 35.60260400176048 1.5
      vertex 233.55507399886847 35.60260400176048 0
      vertex 233.55560100078583 35.58855699747801 1.5
    endloop
  endfacet
  facet normal -0.9999326457098854 0.011606207116407488 0
    outer loop
      vertex 233.3934559971094 21.61895599961281 0
      vertex 233.3934559971094 21.61895599961281 1.5
      vertex 233.55560100078583 35.58855699747801 0
    endloop
  endfacet
  facet normal -0.9999326457098854 0.011606207116407488 0
    outer loop
      vertex 233.55560100078583 35.58855699747801 1.5
      vertex 233.55560100078583 35.58855699747801 0
      vertex 233.3934559971094 21.61895599961281 1.5
    endloop
  endfacet
  facet normal -0.9981612158691646 0.060615073493241946 0
    outer loop
      vertex 233.3926040008664 21.604925997555256 0
      vertex 233.3926040008664 21.604925997555256 1.5
      vertex 233.3934559971094 21.61895599961281 0
    endloop
  endfacet
  facet normal -0.9981612158691646 0.060615073493241946 0
    outer loop
      vertex 233.3934559971094 21.61895599961281 1.5
      vertex 233.3934559971094 21.61895599961281 0
      vertex 233.3926040008664 21.604925997555256 1.5
    endloop
  endfacet
  facet normal -0.037490128005323635 0.999296998045198 0
    outer loop
      vertex 233.37855699658394 21.604399003088474 0
      vertex 233.37855699658394 21.604399003088474 1.5
      vertex 233.3926040008664 21.604925997555256 0
    endloop
  endfacet
  facet normal -0.037490128005323635 0.999296998045198 0
    outer loop
      vertex 233.3926040008664 21.604925997555256 1.5
      vertex 233.3926040008664 21.604925997555256 0
      vertex 233.37855699658394 21.604399003088474 1.5
    endloop
  endfacet
  facet normal 0.011606206583172844 0.9999326457160747 0
    outer loop
      vertex 219.40895599871874 21.766543999314308 0
      vertex 219.40895599871874 21.766543999314308 1.5
      vertex 233.37855699658394 21.604399003088474 0
    endloop
  endfacet
  facet normal 0.011606206583172844 0.9999326457160747 0
    outer loop
      vertex 233.37855699658394 21.604399003088474 1.5
      vertex 233.37855699658394 21.604399003088474 0
      vertex 219.40895599871874 21.766543999314308 1.5
    endloop
  endfacet
  facet normal 0.04908943998366365 0.9987943866893177 0
    outer loop
      vertex 238.6386900022626 21.575690001249313 0
      vertex 238.6386900022626 21.575690001249313 1.5
      vertex 238.65272899717093 21.575000002980232 0
    endloop
  endfacet
  facet normal 0.04908943998366365 0.9987943866893177 0
    outer loop
      vertex 238.65272899717093 21.575000002980232 1.5
      vertex 238.65272899717093 21.575000002980232 0
      vertex 238.6386900022626 21.575690001249313 1.5
    endloop
  endfacet
  facet normal 0.9987943619772575 0.04908994278305106 0
    outer loop
      vertex 238.63799999654293 21.589729003608227 0
      vertex 238.63799999654293 21.589729003608227 1.5
      vertex 238.6386900022626 21.575690001249313 0
    endloop
  endfacet
  facet normal 0.9987943619772575 0.04908994278305106 0
    outer loop
      vertex 238.6386900022626 21.575690001249313 1.5
      vertex 238.6386900022626 21.575690001249313 0
      vertex 238.63799999654293 21.589729003608227 1.5
    endloop
  endfacet
  facet normal 1 0 0
    outer loop
      vertex 238.63799999654293 35.56027100235224 0
      vertex 238.63799999654293 35.56027100235224 1.5
      vertex 238.63799999654293 21.589729003608227 0
    endloop
  endfacet
  facet normal 1 0 0
    outer loop
      vertex 238.63799999654293 21.589729003608227 1.5
      vertex 238.63799999654293 21.589729003608227 0
      vertex 238.63799999654293 35.56027100235224 1.5
    endloop
  endfacet
  facet normal 0.9987943606998915 -0.049089968772602854 0
    outer loop
      vertex 238.6386900022626 35.57430999726057 0
      vertex 238.6386900022626 35.57430999726057 1.5
      vertex 238.63799999654293 35.56027100235224 0
    endloop
  endfacet
  facet normal 0.9987943606998915 -0.049089968772602854 0
    outer loop
      vertex 238.63799999654293 35.56027100235224 1.5
      vertex 238.63799999654293 35.56027100235224 0
      vertex 238.6386900022626 35.57430999726057 1.5
    endloop
  endfacet
  facet normal 0.049089968772602854 -0.9987943606998915 0
    outer loop
      vertex 238.65272899717093 35.57500000298023 0
      vertex 238.65272899717093 35.57500000298023 1.5
      vertex 238.6386900022626 35.57430999726057 0
    endloop
  endfacet
  facet normal 0.049089968772602854 -0.9987943606998915 0
    outer loop
      vertex 238.6386900022626 35.57430999726057 1.5
      vertex 238.6386900022626 35.57430999726057 0
      vertex 238.65272899717093 35.57500000298023 1.5
    endloop
  endfacet
  facet normal 0 -1 0
    outer loop
      vertex 252.62327100336552 35.57500000298023 0
      vertex 252.62327100336552 35.57500000298023 1.5
      vertex 238.65272899717093 35.57500000298023 0
    endloop
  endfacet
  facet normal 0 -1 0
    outer loop
      vertex 238.65272899717093 35.57500000298023 1.5
      vertex 238.65272899717093 35.57500000298023 0
      vertex 252.62327100336552 35.57500000298023 1.5
    endloop
  endfacet
  facet normal -0.049089968772602854 -0.9987943606998915 0
    outer loop
      vertex 252.63730999827385 35.57430999726057 0
      vertex 252.63730999827385 35.57430999726057 1.5
      vertex 252.62327100336552 35.57500000298023 0
    endloop
  endfacet
  facet normal -0.049089968772602854 -0.9987943606998915 0
    outer loop
      vertex 252.62327100336552 35.57500000298023 1.5
      vertex 252.62327100336552 35.57500000298023 0
      vertex 252.63730999827385 35.57430999726057 1.5
    endloop
  endfacet
  facet normal -0.9987943866893177 -0.04908943998366365 0
    outer loop
      vertex 252.63799999654293 35.56027100235224 0
      vertex 252.63799999654293 35.56027100235224 1.5
      vertex 252.63730999827385 35.57430999726057 0
    endloop
  endfacet
  facet normal -0.9987943866893177 -0.04908943998366365 0
    outer loop
      vertex 252.63730999827385 35.57430999726057 1.5
      vertex 252.63730999827385 35.57430999726057 0
      vertex 252.63799999654293 35.56027100235224 1.5
    endloop
  endfacet
  facet normal -1 0 0
    outer loop
      vertex 252.63799999654293 21.589729003608227 0
      vertex 252.63799999654293 21.589729003608227 1.5
      vertex 252.63799999654293 35.56027100235224 0
    endloop
  endfacet
  facet normal -1 0 0
    outer loop
      vertex 252.63799999654293 35.56027100235224 1.5
      vertex 252.63799999654293 35.56027100235224 0
      vertex 252.63799999654293 21.589729003608227 1.5
    endloop
  endfacet
  facet normal -0.9987943879666562 0.04908941399439046 0
    outer loop
      vertex 252.63730999827385 21.575690001249313 0
      vertex 252.63730999827385 21.575690001249313 1.5
      vertex 252.63799999654293 21.589729003608227 0
    endloop
  endfacet
  facet normal -0.9987943879666562 0.04908941399439046 0
    outer loop
      vertex 252.63799999654293 21.589729003608227 1.5
      vertex 252.63799999654293 21.589729003608227 0
      vertex 252.63730999827385 21.575690001249313 1.5
    endloop
  endfacet
  facet normal -0.04908943998366365 0.9987943866893177 0
    outer loop
      vertex 252.62327100336552 21.575000002980232 0
      vertex 252.62327100336552 21.575000002980232 1.5
      vertex 252.63730999827385 21.575690001249313 0
    endloop
  endfacet
  facet normal -0.04908943998366365 0.9987943866893177 0
    outer loop
      vertex 252.63730999827385 21.575690001249313 1.5
      vertex 252.63730999827385 21.575690001249313 0
      vertex 252.62327100336552 21.575000002980232 1.5
    endloop
  endfacet
  facet normal 0 1 0
    outer loop
      vertex 238.65272899717093 21.575000002980232 0
      vertex 238.65272899717093 21.575000002980232 1.5
      vertex 252.62327100336552 21.575000002980232 0
    endloop
  endfacet
  facet normal 0 1 0
    outer loop
      vertex 252.62327100336552 21.575000002980232 1.5
      vertex 252.62327100336552 21.575000002980232 0
      vertex 238.65272899717093 21.575000002980232 1.5
    endloop
  endfacet
  facet normal 0.04908941399439046 0.9987943879666562 0
    outer loop
      vertex 257.68868999928236 21.575690001249313 0
      vertex 257.68868999928236 21.575690001249313 1.5
      vertex 257.7027290016413 21.575000002980232 0
    endloop
  endfacet
  facet normal 0.04908941399439046 0.9987943879666562 0
    outer loop
      vertex 257.7027290016413 21.575000002980232 1.5
      vertex 257.7027290016413 21.575000002980232 0
      vertex 257.68868999928236 21.575690001249313 1.5
    endloop
  endfacet
  facet normal 0.9987943879666562 0.04908941399439046 0
    outer loop
      vertex 257.6880000010133 21.589729003608227 0
      vertex 257.6880000010133 21.589729003608227 1.5
      vertex 257.68868999928236 21.575690001249313 0
    endloop
  endfacet
  facet normal 0.9987943879666562 0.04908941399439046 0
    outer loop
      vertex 257.68868999928236 21.575690001249313 1.5
      vertex 257.68868999928236 21.575690001249313 0
      vertex 257.6880000010133 21.589729003608227 1.5
    endloop
  endfacet
  facet normal 1 0 0
    outer loop
      vertex 257.6880000010133 35.56027100235224 0
      vertex 257.6880000010133 35.56027100235224 1.5
      vertex 257.6880000010133 21.589729003608227 0
    endloop
  endfacet
  facet normal 1 0 0
    outer loop
      vertex 257.6880000010133 21.589729003608227 1.5
      vertex 257.6880000010133 21.589729003608227 0
      vertex 257.6880000010133 35.56027100235224 1.5
    endloop
  endfacet
  facet normal 0.9987943866893177 -0.04908943998366365 0
    outer loop
      vertex 257.68868999928236 35.57430999726057 0
      vertex 257.68868999928236 35.57430999726057 1.5
      vertex 257.6880000010133 35.56027100235224 0
    endloop
  endfacet
  facet normal 0.9987943866893177 -0.04908943998366365 0
    outer loop
      vertex 257.6880000010133 35.56027100235224 1.5
      vertex 257.6880000010133 35.56027100235224 0
      vertex 257.68868999928236 35.57430999726057 1.5
    endloop
  endfacet
  facet normal 0.04908994278305106 -0.9987943619772575 0
    outer loop
      vertex 257.7027290016413 35.57500000298023 0
      vertex 257.7027290016413 35.57500000298023 1.5
      vertex 257.68868999928236 35.57430999726057 0
    endloop
  endfacet
  facet normal 0.04908994278305106 -0.9987943619772575 0
    outer loop
      vertex 257.68868999928236 35.57430999726057 1.5
      vertex 257.68868999928236 35.57430999726057 0
      vertex 257.7027290016413 35.57500000298023 1.5
    endloop
  endfacet
  facet normal 0 -1 0
    outer loop
      vertex 271.6732710003853 35.57500000298023 0
      vertex 271.6732710003853 35.57500000298023 1.5
      vertex 257.7027290016413 35.57500000298023 0
    endloop
  endfacet
  facet normal 0 -1 0
    outer loop
      vertex 257.7027290016413 35.57500000298023 1.5
      vertex 257.7027290016413 35.57500000298023 0
      vertex 271.6732710003853 35.57500000298023 1.5
    endloop
  endfacet
  facet normal -0.04908994278305106 -0.9987943619772575 0
    outer loop
      vertex 271.6873100027442 35.57430999726057 0
      vertex 271.6873100027442 35.57430999726057 1.5
      vertex 271.6732710003853 35.57500000298023 0
    endloop
  endfacet
  facet normal -0.04908994278305106 -0.9987943619772575 0
    outer loop
      vertex 271.6732710003853 35.57500000298023 1.5
      vertex 271.6732710003853 35.57500000298023 0
      vertex 271.6873100027442 35.57430999726057 1.5
    endloop
  endfacet
  facet normal -0.9987943866893177 -0.04908943998366365 0
    outer loop
      vertex 271.6880000010133 35.56027100235224 0
      vertex 271.6880000010133 35.56027100235224 1.5
      vertex 271.6873100027442 35.57430999726057 0
    endloop
  endfacet
  facet normal -0.9987943866893177 -0.04908943998366365 0
    outer loop
      vertex 271.6873100027442 35.57430999726057 1.5
      vertex 271.6873100027442 35.57430999726057 0
      vertex 271.6880000010133 35.56027100235224 1.5
    endloop
  endfacet
  facet normal -1 0 0
    outer loop
      vertex 271.6880000010133 21.589729003608227 0
      vertex 271.6880000010133 21.589729003608227 1.5
      vertex 271.6880000010133 35.56027100235224 0
    endloop
  endfacet
  facet normal -1 0 0
    outer loop
      vertex 271.6880000010133 35.56027100235224 1.5
      vertex 271.6880000010133 35.56027100235224 0
      vertex 271.6880000010133 21.589729003608227 1.5
    endloop
  endfacet
  facet normal -0.9987943879666562 0.04908941399439046 0
    outer loop
      vertex 271.6873100027442 21.575690001249313 0
      vertex 271.6873100027442 21.575690001249313 1.5
      vertex 271.6880000010133 21.589729003608227 0
    endloop
  endfacet
  facet normal -0.9987943879666562 0.04908941399439046 0
    outer loop
      vertex 271.6880000010133 21.589729003608227 1.5
      vertex 271.6880000010133 21.589729003608227 0
      vertex 271.6873100027442 21.575690001249313 1.5
    endloop
  endfacet
  facet normal -0.04908941399439046 0.9987943879666562 0
    outer loop
      vertex 271.6732710003853 21.575000002980232 0
      vertex 271.6732710003853 21.575000002980232 1.5
      vertex 271.6873100027442 21.575690001249313 0
    endloop
  endfacet
  facet normal -0.04908941399439046 0.9987943879666562 0
    outer loop
      vertex 271.6873100027442 21.575690001249313 1.5
      vertex 271.6873100027442 21.575690001249313 0
      vertex 271.6732710003853 21.575000002980232 1.5
    endloop
  endfacet
  facet normal 0 1 0
    outer loop
      vertex 257.7027290016413 21.575000002980232 0
      vertex 257.7027290016413 21.575000002980232 1.5
      vertex 271.6732710003853 21.575000002980232 0
    endloop
  endfacet
  facet normal 0 1 0
    outer loop
      vertex 271.6732710003853 21.575000002980232 1.5
      vertex 271.6732710003853 21.575000002980232 0
      vertex 257.7027290016413 21.575000002980232 1.5
    endloop
  endfacet
  facet normal 0.04908941399439046 0.9987943879666562 0
    outer loop
      vertex 281.5006899982691 21.575690001249313 0
      vertex 281.5006899982691 21.575690001249313 1.5
      vertex 281.514729000628 21.575000002980232 0
    endloop
  endfacet
  facet normal 0.04908941399439046 0.9987943879666562 0
    outer loop
      vertex 281.514729000628 21.575000002980232 1.5
      vertex 281.514729000628 21.575000002980232 0
      vertex 281.5006899982691 21.575690001249313 1.5
    endloop
  endfacet
  facet normal 0.9987943879666562 0.04908941399439046 0
    outer loop
      vertex 281.5 21.589729003608227 0
      vertex 281.5 21.589729003608227 1.5
      vertex 281.5006899982691 21.575690001249313 0
    endloop
  endfacet
  facet normal 0.9987943879666562 0.04908941399439046 0
    outer loop
      vertex 281.5006899982691 21.575690001249313 1.5
      vertex 281.5006899982691 21.575690001249313 0
      vertex 281.5 21.589729003608227 1.5
    endloop
  endfacet
  facet normal 1 0 0
    outer loop
      vertex 281.5 35.56027100235224 0
      vertex 281.5 35.56027100235224 1.5
      vertex 281.5 21.589729003608227 0
    endloop
  endfacet
  facet normal 1 0 0
    outer loop
      vertex 281.5 21.589729003608227 1.5
      vertex 281.5 21.589729003608227 0
      vertex 281.5 35.56027100235224 1.5
    endloop
  endfacet
  facet normal 0.9987943866893177 -0.04908943998366365 0
    outer loop
      vertex 281.5006899982691 35.57430999726057 0
      vertex 281.5006899982691 35.57430999726057 1.5
      vertex 281.5 35.56027100235224 0
    endloop
  endfacet
  facet normal 0.9987943866893177 -0.04908943998366365 0
    outer loop
      vertex 281.5 35.56027100235224 1.5
      vertex 281.5 35.56027100235224 0
      vertex 281.5006899982691 35.57430999726057 1.5
    endloop
  endfacet
  facet normal 0.04908994278305106 -0.9987943619772575 0
    outer loop
      vertex 281.514729000628 35.57500000298023 0
      vertex 281.514729000628 35.57500000298023 1.5
      vertex 281.5006899982691 35.57430999726057 0
    endloop
  endfacet
  facet normal 0.04908994278305106 -0.9987943619772575 0
    outer loop
      vertex 281.5006899982691 35.57430999726057 1.5
      vertex 281.5006899982691 35.57430999726057 0
      vertex 281.514729000628 35.57500000298023 1.5
    endloop
  endfacet
  facet normal 0 -1 0
    outer loop
      vertex 295.485270999372 35.57500000298023 0
      vertex 295.485270999372 35.57500000298023 1.5
      vertex 281.514729000628 35.57500000298023 0
    endloop
  endfacet
  facet normal 0 -1 0
    outer loop
      vertex 281.514729000628 35.57500000298023 1.5
      vertex 281.514729000628 35.57500000298023 0
      vertex 295.485270999372 35.57500000298023 1.5
    endloop
  endfacet
  facet normal -0.04908994278305106 -0.9987943619772575 0
    outer loop
      vertex 295.4993100017309 35.57430999726057 0
      vertex 295.4993100017309 35.57430999726057 1.5
      vertex 295.485270999372 35.57500000298023 0
    endloop
  endfacet
  facet normal -0.04908994278305106 -0.9987943619772575 0
    outer loop
      vertex 295.485270999372 35.57500000298023 1.5
      vertex 295.485270999372 35.57500000298023 0
      vertex 295.4993100017309 35.57430999726057 1.5
    endloop
  endfacet
  facet normal -0.9987943866893177 -0.04908943998366365 0
    outer loop
      vertex 295.5 35.56027100235224 0
      vertex 295.5 35.56027100235224 1.5
      vertex 295.4993100017309 35.57430999726057 0
    endloop
  endfacet
  facet normal -0.9987943866893177 -0.04908943998366365 0
    outer loop
      vertex 295.4993100017309 35.57430999726057 1.5
      vertex 295.4993100017309 35.57430999726057 0
      vertex 295.5 35.56027100235224 1.5
    endloop
  endfacet
  facet normal -1 0 0
    outer loop
      vertex 295.5 21.589729003608227 0
      vertex 295.5 21.589729003608227 1.5
      vertex 295.5 35.56027100235224 0
    endloop
  endfacet
  facet normal -1 0 0
    outer loop
      vertex 295.5 35.56027100235224 1.5
      vertex 295.5 35.56027100235224 0
      vertex 295.5 21.589729003608227 1.5
    endloop
  endfacet
  facet normal -0.9987943879666562 0.04908941399439046 0
    outer loop
      vertex 295.4993100017309 21.575690001249313 0
      vertex 295.4993100017309 21.575690001249313 1.5
      vertex 295.5 21.589729003608227 0
    endloop
  endfacet
  facet normal -0.9987943879666562 0.04908941399439046 0
    outer loop
      vertex 295.5 21.589729003608227 1.5
      vertex 295.5 21.589729003608227 0
      vertex 295.4993100017309 21.575690001249313 1.5
    endloop
  endfacet
  facet normal -0.04908941399439046 0.9987943879666562 0
    outer loop
      vertex 295.485270999372 21.575000002980232 0
      vertex 295.485270999372 21.575000002980232 1.5
      vertex 295.4993100017309 21.575690001249313 0
    endloop
  endfacet
  facet normal -0.04908941399439046 0.9987943879666562 0
    outer loop
      vertex 295.4993100017309 21.575690001249313 1.5
      vertex 295.4993100017309 21.575690001249313 0
      vertex 295.485270999372 21.575000002980232 1.5
    endloop
  endfacet
  facet normal 0 1 0
    outer loop
      vertex 281.514729000628 21.575000002980232 0
      vertex 281.514729000628 21.575000002980232 1.5
      vertex 295.485270999372 21.575000002980232 0
    endloop
  endfacet
  facet normal 0 1 0
    outer loop
      vertex 295.485270999372 21.575000002980232 1.5
      vertex 295.485270999372 21.575000002980232 0
      vertex 281.514729000628 21.575000002980232 1.5
    endloop
  endfacet
  facet normal 0.11320319860396183 0.9935718574043007 0
    outer loop
      vertex 164.94520899653435 7.185751996934414 0
      vertex 164.94520899653435 7.185751996934414 1.5
      vertex 178.82594600319862 5.604241997003555 0
    endloop
  endfacet
  facet normal 0.11320319860396183 0.9935718574043007 0
    outer loop
      vertex 178.82594600319862 5.604241997003555 1.5
      vertex 178.82594600319862 5.604241997003555 0
      vertex 164.94520899653435 7.185751996934414 1.5
    endloop
  endfacet
  facet normal 0.16184920417854695 0.9868155020604262 0
    outer loop
      vertex 164.9313379973173 7.188027001917362 0
      vertex 164.9313379973173 7.188027001917362 1.5
      vertex 164.94520899653435 7.185751996934414 0
    endloop
  endfacet
  facet normal 0.16184920417854695 0.9868155020604262 0
    outer loop
      vertex 164.94520899653435 7.185751996934414 1.5
      vertex 164.94520899653435 7.185751996934414 0
      vertex 164.9313379973173 7.188027001917362 1.5
    endloop
  endfacet
  facet normal 0.9979297239720193 -0.064313808883702 0
    outer loop
      vertex 164.93224199861288 7.202054001390934 0
      vertex 164.93224199861288 7.202054001390934 1.5
      vertex 164.9313379973173 7.188027001917362 0
    endloop
  endfacet
  facet normal 0.9979297239720193 -0.064313808883702 0
    outer loop
      vertex 164.9313379973173 7.188027001917362 1.5
      vertex 164.9313379973173 7.188027001917362 0
      vertex 164.93224199861288 7.202054001390934 1.5
    endloop
  endfacet
  facet normal 0.9935718573974665 -0.11320319866394575 0
    outer loop
      vertex 166.51375199854374 21.08279100060463 0
      vertex 166.51375199854374 21.08279100060463 1.5
      vertex 164.93224199861288 7.202054001390934 0
    endloop
  endfacet
  facet normal 0.9935718573974665 -0.11320319866394575 0
    outer loop
      vertex 164.93224199861288 7.202054001390934 1.5
      vertex 164.93224199861288 7.202054001390934 0
      vertex 166.51375199854374 21.08279100060463 1.5
    endloop
  endfacet
  facet normal 0.9868155020604262 -0.16184920417854695 0
    outer loop
      vertex 166.5160270035267 21.096661999821663 0
      vertex 166.5160270035267 21.096661999821663 1.5
      vertex 166.51375199854374 21.08279100060463 0
    endloop
  endfacet
  facet normal 0.9868155020604262 -0.16184920417854695 0
    outer loop
      vertex 166.51375199854374 21.08279100060463 1.5
      vertex 166.51375199854374 21.08279100060463 0
      vertex 166.5160270035267 21.096661999821663 1.5
    endloop
  endfacet
  facet normal -0.064313808883702 -0.9979297239720193 0
    outer loop
      vertex 166.53005400300026 21.095757998526096 0
      vertex 166.53005400300026 21.095757998526096 1.5
      vertex 166.5160270035267 21.096661999821663 0
    endloop
  endfacet
  facet normal -0.064313808883702 -0.9979297239720193 0
    outer loop
      vertex 166.5160270035267 21.096661999821663 1.5
      vertex 166.5160270035267 21.096661999821663 0
      vertex 166.53005400300026 21.095757998526096 1.5
    endloop
  endfacet
  facet normal -0.11320319866394575 -0.9935718573974665 0
    outer loop
      vertex 180.41079100221395 19.514247998595238 0
      vertex 180.41079100221395 19.514247998595238 1.5
      vertex 166.53005400300026 21.095757998526096 0
    endloop
  endfacet
  facet normal -0.11320319866394575 -0.9935718573974665 0
    outer loop
      vertex 166.53005400300026 21.095757998526096 1.5
      vertex 166.53005400300026 21.095757998526096 0
      vertex 180.41079100221395 19.514247998595238 1.5
    endloop
  endfacet
  facet normal -0.1618486880114517 -0.9868155867176865 0
    outer loop
      vertex 180.424662001431 19.51197300106287 0
      vertex 180.424662001431 19.51197300106287 1.5
      vertex 180.41079100221395 19.514247998595238 0
    endloop
  endfacet
  facet normal -0.1618486880114517 -0.9868155867176865 0
    outer loop
      vertex 180.41079100221395 19.514247998595238 1.5
      vertex 180.41079100221395 19.514247998595238 0
      vertex 180.424662001431 19.51197300106287 1.5
    endloop
  endfacet
  facet normal -0.9979297239720193 0.064313808883702 0
    outer loop
      vertex 180.42375800013542 19.4979460015893 0
      vertex 180.42375800013542 19.4979460015893 1.5
      vertex 180.424662001431 19.51197300106287 0
    endloop
  endfacet
  facet normal -0.9979297239720193 0.064313808883702 0
    outer loop
      vertex 180.424662001431 19.51197300106287 1.5
      vertex 180.424662001431 19.51197300106287 0
      vertex 180.42375800013542 19.4979460015893 1.5
    endloop
  endfacet
  facet normal -0.9935718573974665 0.11320319866394575 0
    outer loop
      vertex 178.84224800020456 5.617209002375603 0
      vertex 178.84224800020456 5.617209002375603 1.5
      vertex 180.42375800013542 19.4979460015893 0
    endloop
  endfacet
  facet normal -0.9935718573974665 0.11320319866394575 0
    outer loop
      vertex 180.42375800013542 19.4979460015893 1.5
      vertex 180.42375800013542 19.4979460015893 0
      vertex 178.84224800020456 5.617209002375603 1.5
    endloop
  endfacet
  facet normal -0.9868155867176865 0.1618486880114517 0
    outer loop
      vertex 178.8399730026722 5.603338003158569 0
      vertex 178.8399730026722 5.603338003158569 1.5
      vertex 178.84224800020456 5.617209002375603 0
    endloop
  endfacet
  facet normal -0.9868155867176865 0.1618486880114517 0
    outer loop
      vertex 178.84224800020456 5.617209002375603 1.5
      vertex 178.84224800020456 5.617209002375603 0
      vertex 178.8399730026722 5.603338003158569 1.5
    endloop
  endfacet
  facet normal 0.06431328101582487 0.9979297579915029 0
    outer loop
      vertex 178.82594600319862 5.604241997003555 0
      vertex 178.82594600319862 5.604241997003555 1.5
      vertex 178.8399730026722 5.603338003158569 0
    endloop
  endfacet
  facet normal 0.06431328101582487 0.9979297579915029 0
    outer loop
      vertex 178.8399730026722 5.603338003158569 1.5
      vertex 178.8399730026722 5.603338003158569 0
      vertex 178.82594600319862 5.604241997003555 1.5
    endloop
  endfacet
  facet normal 0.08736440186655975 0.9961764207641628 0
    outer loop
      vertex 186.02788700163364 4.869029000401497 0
      vertex 186.02788700163364 4.869029000401497 1.5
      vertex 199.94501099735498 3.6485010012984276 0
    endloop
  endfacet
  facet normal 0.08736440186655975 0.9961764207641628 0
    outer loop
      vertex 199.94501099735498 3.6485010012984276 1.5
      vertex 199.94501099735498 3.6485010012984276 0
      vertex 186.02788700163364 4.869029000401497 1.5
    endloop
  endfacet
  facet normal 0.13617046603992206 0.9906854214020062 0
    outer loop
      vertex 186.01396200060844 4.870943002402782 0
      vertex 186.01396200060844 4.870943002402782 1.5
      vertex 186.02788700163364 4.869029000401497 0
    endloop
  endfacet
  facet normal 0.13617046603992206 0.9906854214020062 0
    outer loop
      vertex 186.02788700163364 4.869029000401497 1.5
      vertex 186.02788700163364 4.869029000401497 0
      vertex 186.01396200060844 4.870943002402782 1.5
    endloop
  endfacet
  facet normal 0.9992645405705227 -0.038345507668854556 0
    outer loop
      vertex 186.01450099796057 4.884989000856876 0
      vertex 186.01450099796057 4.884989000856876 1.5
      vertex 186.01396200060844 4.870943002402782 0
    endloop
  endfacet
  facet normal 0.9992645405705227 -0.038345507668854556 0
    outer loop
      vertex 186.01396200060844 4.870943002402782 1.5
      vertex 186.01396200060844 4.870943002402782 0
      vertex 186.01450099796057 4.884989000856876 1.5
    endloop
  endfacet
  facet normal 0.9961764207641628 -0.08736440186655975 0
    outer loop
      vertex 187.23502899706364 18.802112996578217 0
      vertex 187.23502899706364 18.802112996578217 1.5
      vertex 186.01450099796057 4.884989000856876 0
    endloop
  endfacet
  facet normal 0.9961764207641628 -0.08736440186655975 0
    outer loop
      vertex 186.01450099796057 4.884989000856876 1.5
      vertex 186.01450099796057 4.884989000856876 0
      vertex 187.23502899706364 18.802112996578217 1.5
    endloop
  endfacet
  facet normal 0.9906854214020062 -0.13617046603992206 0
    outer loop
      vertex 187.23694299906492 18.816037997603416 0
      vertex 187.23694299906492 18.816037997603416 1.5
      vertex 187.23502899706364 18.802112996578217 0
    endloop
  endfacet
  facet normal 0.9906854214020062 -0.13617046603992206 0
    outer loop
      vertex 187.23502899706364 18.802112996578217 1.5
      vertex 187.23502899706364 18.802112996578217 0
      vertex 187.23694299906492 18.816037997603416 1.5
    endloop
  endfacet
  facet normal -0.038345507668854556 -0.9992645405705227 0
    outer loop
      vertex 187.25098899751902 18.815499000251293 0
      vertex 187.25098899751902 18.815499000251293 1.5
      vertex 187.23694299906492 18.816037997603416 0
    endloop
  endfacet
  facet normal -0.038345507668854556 -0.9992645405705227 0
    outer loop
      vertex 187.23694299906492 18.816037997603416 1.5
      vertex 187.23694299906492 18.816037997603416 0
      vertex 187.25098899751902 18.815499000251293 1.5
    endloop
  endfacet
  facet normal -0.08736440182014589 -0.9961764207682333 0
    outer loop
      vertex 201.16811300069094 17.594971001148224 0
      vertex 201.16811300069094 17.594971001148224 1.5
      vertex 187.25098899751902 18.815499000251293 0
    endloop
  endfacet
  facet normal -0.08736440182014589 -0.9961764207682333 0
    outer loop
      vertex 187.25098899751902 18.815499000251293 1.5
      vertex 187.25098899751902 18.815499000251293 0
      vertex 201.16811300069094 17.594971001148224 1.5
    endloop
  endfacet
  facet normal -0.13617046603992206 -0.9906854214020062 0
    outer loop
      vertex 201.18203800171614 17.59305699914694 0
      vertex 201.18203800171614 17.59305699914694 1.5
      vertex 201.16811300069094 17.594971001148224 0
    endloop
  endfacet
  facet normal -0.13617046603992206 -0.9906854214020062 0
    outer loop
      vertex 201.16811300069094 17.594971001148224 1.5
      vertex 201.16811300069094 17.594971001148224 0
      vertex 201.18203800171614 17.59305699914694 1.5
    endloop
  endfacet
  facet normal -0.9992645202602416 0.038346036940852014 0
    outer loop
      vertex 201.18149899691343 17.579011000692844 0
      vertex 201.18149899691343 17.579011000692844 1.5
      vertex 201.18203800171614 17.59305699914694 0
    endloop
  endfacet
  facet normal -0.9992645202602416 0.038346036940852014 0
    outer loop
      vertex 201.18203800171614 17.59305699914694 1.5
      vertex 201.18203800171614 17.59305699914694 0
      vertex 201.18149899691343 17.579011000692844 1.5
    endloop
  endfacet
  facet normal -0.9961764207682333 0.08736440182014589 0
    outer loop
      vertex 199.96097099781036 3.6618869975209236 0
      vertex 199.96097099781036 3.6618869975209236 1.5
      vertex 201.18149899691343 17.579011000692844 0
    endloop
  endfacet
  facet normal -0.9961764207682333 0.08736440182014589 0
    outer loop
      vertex 201.18149899691343 17.579011000692844 1.5
      vertex 201.18149899691343 17.579011000692844 0
      vertex 199.96097099781036 3.6618869975209236 1.5
    endloop
  endfacet
  facet normal -0.9906854929090049 0.13616994580171457 0
    outer loop
      vertex 199.95905700325966 3.6479619964957237 0
      vertex 199.95905700325966 3.6479619964957237 1.5
      vertex 199.96097099781036 3.6618869975209236 0
    endloop
  endfacet
  facet normal -0.9906854929090049 0.13616994580171457 0
    outer loop
      vertex 199.96097099781036 3.6618869975209236 1.5
      vertex 199.96097099781036 3.6618869975209236 0
      vertex 199.95905700325966 3.6479619964957237 1.5
    endloop
  endfacet
  facet normal 0.03834601663044192 0.9992645210396385 0
    outer loop
      vertex 199.94501099735498 3.6485010012984276 0
      vertex 199.94501099735498 3.6485010012984276 1.5
      vertex 199.95905700325966 3.6479619964957237 0
    endloop
  endfacet
  facet normal 0.03834601663044192 0.9992645210396385 0
    outer loop
      vertex 199.95905700325966 3.6479619964957237 1.5
      vertex 199.95905700325966 3.6479619964957237 0
      vertex 199.94501099735498 3.6485010012984276 1.5
    endloop
  endfacet
  facet normal 1 0 0
    outer loop
      vertex 266.42674999684095 2.524999998509884 0
      vertex 266.42674999684095 2.524999998509884 1.5
      vertex 266.42674999684095 2.3599999994039536 0
    endloop
  endfacet
  facet normal 1 0 0
    outer loop
      vertex 266.42674999684095 2.3599999994039536 1.5
      vertex 266.42674999684095 2.3599999994039536 0
      vertex 266.42674999684095 2.524999998509884 1.5
    endloop
  endfacet
  facet normal 0 1 0
    outer loop
      vertex 265.32272899895906 2.524999998509884 0
      vertex 265.32272899895906 2.524999998509884 1.5
      vertex 266.42674999684095 2.524999998509884 0
    endloop
  endfacet
  facet normal 0 1 0
    outer loop
      vertex 266.42674999684095 2.524999998509884 1.5
      vertex 266.42674999684095 2.524999998509884 0
      vertex 265.32272899895906 2.524999998509884 1.5
    endloop
  endfacet
  facet normal 0.04908941399439046 0.9987943879666562 0
    outer loop
      vertex 265.30868999660015 2.525689996778965 0
      vertex 265.30868999660015 2.525689996778965 1.5
      vertex 265.32272899895906 2.524999998509884 0
    endloop
  endfacet
  facet normal 0.04908941399439046 0.9987943879666562 0
    outer loop
      vertex 265.32272899895906 2.524999998509884 1.5
      vertex 265.32272899895906 2.524999998509884 0
      vertex 265.30868999660015 2.525689996778965 1.5
    endloop
  endfacet
  facet normal 0.9987943879666562 0.04908941399439046 0
    outer loop
      vertex 265.30799999833107 2.5397289991378784 0
      vertex 265.30799999833107 2.5397289991378784 1.5
      vertex 265.30868999660015 2.525689996778965 0
    endloop
  endfacet
  facet normal 0.9987943879666562 0.04908941399439046 0
    outer loop
      vertex 265.30868999660015 2.525689996778965 1.5
      vertex 265.30868999660015 2.525689996778965 0
      vertex 265.30799999833107 2.5397289991378784 1.5
    endloop
  endfacet
  facet normal 1 0 0
    outer loop
      vertex 265.30799999833107 16.51027099788189 0
      vertex 265.30799999833107 16.51027099788189 1.5
      vertex 265.30799999833107 2.5397289991378784 0
    endloop
  endfacet
  facet normal 1 0 0
    outer loop
      vertex 265.30799999833107 2.5397289991378784 1.5
      vertex 265.30799999833107 2.5397289991378784 0
      vertex 265.30799999833107 16.51027099788189 1.5
    endloop
  endfacet
  facet normal 0.9987943879666562 -0.04908941399439046 0
    outer loop
      vertex 265.30868999660015 16.524310000240803 0
      vertex 265.30868999660015 16.524310000240803 1.5
      vertex 265.30799999833107 16.51027099788189 0
    endloop
  endfacet
  facet normal 0.9987943879666562 -0.04908941399439046 0
    outer loop
      vertex 265.30799999833107 16.51027099788189 1.5
      vertex 265.30799999833107 16.51027099788189 0
      vertex 265.30868999660015 16.524310000240803 1.5
    endloop
  endfacet
  facet normal 0.04908941399439046 -0.9987943879666562 0
    outer loop
      vertex 265.32272899895906 16.524999998509884 0
      vertex 265.32272899895906 16.524999998509884 1.5
      vertex 265.30868999660015 16.524310000240803 0
    endloop
  endfacet
  facet normal 0.04908941399439046 -0.9987943879666562 0
    outer loop
      vertex 265.30868999660015 16.524310000240803 1.5
      vertex 265.30868999660015 16.524310000240803 0
      vertex 265.32272899895906 16.524999998509884 1.5
    endloop
  endfacet
  facet normal 0 -1 0
    outer loop
      vertex 266.42674999684095 16.524999998509884 0
      vertex 266.42674999684095 16.524999998509884 1.5
      vertex 265.32272899895906 16.524999998509884 0
    endloop
  endfacet
  facet normal 0 -1 0
    outer loop
      vertex 265.32272899895906 16.524999998509884 1.5
      vertex 265.32272899895906 16.524999998509884 0
      vertex 266.42674999684095 16.524999998509884 1.5
    endloop
  endfacet
  facet normal 1 0 0
    outer loop
      vertex 266.42674999684095 17.96000000089407 0
      vertex 266.42674999684095 17.96000000089407 1.5
      vertex 266.42674999684095 16.524999998509884 0
    endloop
  endfacet
  facet normal 1 0 0
    outer loop
      vertex 266.42674999684095 16.524999998509884 1.5
      vertex 266.42674999684095 16.524999998509884 0
      vertex 266.42674999684095 17.96000000089407 1.5
    endloop
  endfacet
  facet normal 0 -1 0
    outer loop
      vertex 273.42674999684095 17.96000000089407 0
      vertex 273.42674999684095 17.96000000089407 1.5
      vertex 266.42674999684095 17.96000000089407 0
    endloop
  endfacet
  facet normal 0 -1 0
    outer loop
      vertex 266.42674999684095 17.96000000089407 1.5
      vertex 266.42674999684095 17.96000000089407 0
      vertex 273.42674999684095 17.96000000089407 1.5
    endloop
  endfacet
  facet normal -1 0 0
    outer loop
      vertex 273.42674999684095 16.524999998509884 0
      vertex 273.42674999684095 16.524999998509884 1.5
      vertex 273.42674999684095 17.96000000089407 0
    endloop
  endfacet
  facet normal -1 0 0
    outer loop
      vertex 273.42674999684095 17.96000000089407 1.5
      vertex 273.42674999684095 17.96000000089407 0
      vertex 273.42674999684095 16.524999998509884 1.5
    endloop
  endfacet
  facet normal 0 -1 0
    outer loop
      vertex 290.23924999684095 16.524999998509884 0
      vertex 290.23924999684095 16.524999998509884 1.5
      vertex 273.42674999684095 16.524999998509884 0
    endloop
  endfacet
  facet normal 0 -1 0
    outer loop
      vertex 273.42674999684095 16.524999998509884 1.5
      vertex 273.42674999684095 16.524999998509884 0
      vertex 290.23924999684095 16.524999998509884 1.5
    endloop
  endfacet
  facet normal 1 0 0
    outer loop
      vertex 290.23924999684095 17.96000000089407 0
      vertex 290.23924999684095 17.96000000089407 1.5
      vertex 290.23924999684095 16.524999998509884 0
    endloop
  endfacet
  facet normal 1 0 0
    outer loop
      vertex 290.23924999684095 16.524999998509884 1.5
      vertex 290.23924999684095 16.524999998509884 0
      vertex 290.23924999684095 17.96000000089407 1.5
    endloop
  endfacet
  facet normal 0 -1 0
    outer loop
      vertex 297.23924999684095 17.96000000089407 0
      vertex 297.23924999684095 17.96000000089407 1.5
      vertex 290.23924999684095 17.96000000089407 0
    endloop
  endfacet
  facet normal 0 -1 0
    outer loop
      vertex 290.23924999684095 17.96000000089407 1.5
      vertex 290.23924999684095 17.96000000089407 0
      vertex 297.23924999684095 17.96000000089407 1.5
    endloop
  endfacet
  facet normal -1 0 0
    outer loop
      vertex 297.23924999684095 16.524999998509884 0
      vertex 297.23924999684095 16.524999998509884 1.5
      vertex 297.23924999684095 17.96000000089407 0
    endloop
  endfacet
  facet normal -1 0 0
    outer loop
      vertex 297.23924999684095 17.96000000089407 1.5
      vertex 297.23924999684095 17.96000000089407 0
      vertex 297.23924999684095 16.524999998509884 1.5
    endloop
  endfacet
  facet normal 0 -1 0
    outer loop
      vertex 298.3432710021734 16.524999998509884 0
      vertex 298.3432710021734 16.524999998509884 1.5
      vertex 297.23924999684095 16.524999998509884 0
    endloop
  endfacet
  facet normal 0 -1 0
    outer loop
      vertex 297.23924999684095 16.524999998509884 1.5
      vertex 297.23924999684095 16.524999998509884 0
      vertex 298.3432710021734 16.524999998509884 1.5
    endloop
  endfacet
  facet normal -0.04908943998366365 -0.9987943866893177 0
    outer loop
      vertex 298.35730999708176 16.524310000240803 0
      vertex 298.35730999708176 16.524310000240803 1.5
      vertex 298.3432710021734 16.524999998509884 0
    endloop
  endfacet
  facet normal -0.04908943998366365 -0.9987943866893177 0
    outer loop
      vertex 298.3432710021734 16.524999998509884 1.5
      vertex 298.3432710021734 16.524999998509884 0
      vertex 298.35730999708176 16.524310000240803 1.5
    endloop
  endfacet
  facet normal -0.9987943619772575 -0.04908994278305106 0
    outer loop
      vertex 298.3580000028014 16.51027099788189 0
      vertex 298.3580000028014 16.51027099788189 1.5
      vertex 298.35730999708176 16.524310000240803 0
    endloop
  endfacet
  facet normal -0.9987943619772575 -0.04908994278305106 0
    outer loop
      vertex 298.35730999708176 16.524310000240803 1.5
      vertex 298.35730999708176 16.524310000240803 0
      vertex 298.3580000028014 16.51027099788189 1.5
    endloop
  endfacet
  facet normal -1 0 0
    outer loop
      vertex 298.3580000028014 2.5397289991378784 0
      vertex 298.3580000028014 2.5397289991378784 1.5
      vertex 298.3580000028014 16.51027099788189 0
    endloop
  endfacet
  facet normal -1 0 0
    outer loop
      vertex 298.3580000028014 16.51027099788189 1.5
      vertex 298.3580000028014 16.51027099788189 0
      vertex 298.3580000028014 2.5397289991378784 1.5
    endloop
  endfacet
  facet normal -0.9987943619772575 0.04908994278305106 0
    outer loop
      vertex 298.35730999708176 2.525689996778965 0
      vertex 298.35730999708176 2.525689996778965 1.5
      vertex 298.3580000028014 2.5397289991378784 0
    endloop
  endfacet
  facet normal -0.9987943619772575 0.04908994278305106 0
    outer loop
      vertex 298.3580000028014 2.5397289991378784 1.5
      vertex 298.3580000028014 2.5397289991378784 0
      vertex 298.35730999708176 2.525689996778965 1.5
    endloop
  endfacet
  facet normal -0.04908943998366365 0.9987943866893177 0
    outer loop
      vertex 298.3432710021734 2.524999998509884 0
      vertex 298.3432710021734 2.524999998509884 1.5
      vertex 298.35730999708176 2.525689996778965 0
    endloop
  endfacet
  facet normal -0.04908943998366365 0.9987943866893177 0
    outer loop
      vertex 298.35730999708176 2.525689996778965 1.5
      vertex 298.35730999708176 2.525689996778965 0
      vertex 298.3432710021734 2.524999998509884 1.5
    endloop
  endfacet
  facet normal 0 1 0
    outer loop
      vertex 297.23924999684095 2.524999998509884 0
      vertex 297.23924999684095 2.524999998509884 1.5
      vertex 298.3432710021734 2.524999998509884 0
    endloop
  endfacet
  facet normal 0 1 0
    outer loop
      vertex 298.3432710021734 2.524999998509884 1.5
      vertex 298.3432710021734 2.524999998509884 0
      vertex 297.23924999684095 2.524999998509884 1.5
    endloop
  endfacet
  facet normal -1 0 0
    outer loop
      vertex 297.23924999684095 2.3599999994039536 0
      vertex 297.23924999684095 2.3599999994039536 1.5
      vertex 297.23924999684095 2.524999998509884 0
    endloop
  endfacet
  facet normal -1 0 0
    outer loop
      vertex 297.23924999684095 2.524999998509884 1.5
      vertex 297.23924999684095 2.524999998509884 0
      vertex 297.23924999684095 2.3599999994039536 1.5
    endloop
  endfacet
  facet normal 0 1 0
    outer loop
      vertex 290.23924999684095 2.3599999994039536 0
      vertex 290.23924999684095 2.3599999994039536 1.5
      vertex 297.23924999684095 2.3599999994039536 0
    endloop
  endfacet
  facet normal 0 1 0
    outer loop
      vertex 297.23924999684095 2.3599999994039536 1.5
      vertex 297.23924999684095 2.3599999994039536 0
      vertex 290.23924999684095 2.3599999994039536 1.5
    endloop
  endfacet
  facet normal 1 0 0
    outer loop
      vertex 290.23924999684095 2.524999998509884 0
      vertex 290.23924999684095 2.524999998509884 1.5
      vertex 290.23924999684095 2.3599999994039536 0
    endloop
  endfacet
  facet normal 1 0 0
    outer loop
      vertex 290.23924999684095 2.3599999994039536 1.5
      vertex 290.23924999684095 2.3599999994039536 0
      vertex 290.23924999684095 2.524999998509884 1.5
    endloop
  endfacet
  facet normal 0 1 0
    outer loop
      vertex 273.42674999684095 2.524999998509884 0
      vertex 273.42674999684095 2.524999998509884 1.5
      vertex 290.23924999684095 2.524999998509884 0
    endloop
  endfacet
  facet normal 0 1 0
    outer loop
      vertex 290.23924999684095 2.524999998509884 1.5
      vertex 290.23924999684095 2.524999998509884 0
      vertex 273.42674999684095 2.524999998509884 1.5
    endloop
  endfacet
  facet normal -1 0 0
    outer loop
      vertex 273.42674999684095 2.3599999994039536 0
      vertex 273.42674999684095 2.3599999994039536 1.5
      vertex 273.42674999684095 2.524999998509884 0
    endloop
  endfacet
  facet normal -1 0 0
    outer loop
      vertex 273.42674999684095 2.524999998509884 1.5
      vertex 273.42674999684095 2.524999998509884 0
      vertex 273.42674999684095 2.3599999994039536 1.5
    endloop
  endfacet
  facet normal 0 1 0
    outer loop
      vertex 266.42674999684095 2.3599999994039536 0
      vertex 266.42674999684095 2.3599999994039536 1.5
      vertex 273.42674999684095 2.3599999994039536 0
    endloop
  endfacet
  facet normal 0 1 0
    outer loop
      vertex 273.42674999684095 2.3599999994039536 1.5
      vertex 273.42674999684095 2.3599999994039536 0
      vertex 266.42674999684095 2.3599999994039536 1.5
    endloop
  endfacet
  facet normal 0.08714803332092054 0.9961953725491279 0
    outer loop
      vertex 207.26592200249434 3.206635996699333 0
      vertex 207.26592200249434 3.206635996699333 1.5
      vertex 207.2799250036478 3.2054110020399094 0
    endloop
  endfacet
  facet normal 0.08714803332092054 0.9961953725491279 0
    outer loop
      vertex 207.2799250036478 3.2054110020399094 1.5
      vertex 207.2799250036478 3.2054110020399094 0
      vertex 207.26592200249434 3.206635996699333 1.5
    endloop
  endfacet
  facet normal 0.999939975299143 0.010956541368029515 0
    outer loop
      vertex 207.2657679989934 3.220691002905369 0
      vertex 207.2657679989934 3.220691002905369 1.5
      vertex 207.26592200249434 3.206635996699333 0
    endloop
  endfacet
  facet normal 0.999939975299143 0.010956541368029515 0
    outer loop
      vertex 207.26592200249434 3.206635996699333 1.5
      vertex 207.26592200249434 3.206635996699333 0
      vertex 207.2657679989934 3.220691002905369 1.5
    endloop
  endfacet
  facet normal 0.9992729339299234 -0.038126152639399724 0
    outer loop
      vertex 207.7984109967947 17.181074999272823 0
      vertex 207.7984109967947 17.181074999272823 1.5
      vertex 207.2657679989934 3.220691002905369 0
    endloop
  endfacet
  facet normal 0.9992729339299234 -0.038126152639399724 0
    outer loop
      vertex 207.2657679989934 3.220691002905369 1.5
      vertex 207.2657679989934 3.220691002905369 0
      vertex 207.7984109967947 17.181074999272823 1.5
    endloop
  endfacet
  facet normal 0.996195326532275 -0.08714855934124224 0
    outer loop
      vertex 207.7996359989047 17.195078000426292 0
      vertex 207.7996359989047 17.195078000426292 1.5
      vertex 207.7984109967947 17.181074999272823 0
    endloop
  endfacet
  facet normal 0.996195326532275 -0.08714855934124224 0
    outer loop
      vertex 207.7984109967947 17.181074999272823 1.5
      vertex 207.7984109967947 17.181074999272823 0
      vertex 207.7996359989047 17.195078000426292 1.5
    endloop
  endfacet
  facet normal 0.01095601716902974 -0.9999399810427584 0
    outer loop
      vertex 207.81369099766016 17.19523199647665 0
      vertex 207.81369099766016 17.19523199647665 1.5
      vertex 207.7996359989047 17.195078000426292 0
    endloop
  endfacet
  facet normal 0.01095601716902974 -0.9999399810427584 0
    outer loop
      vertex 207.7996359989047 17.195078000426292 1.5
      vertex 207.7996359989047 17.195078000426292 0
      vertex 207.81369099766016 17.19523199647665 1.5
    endloop
  endfacet
  facet normal -0.03812615261908158 -0.9992729339306987 0
    outer loop
      vertex 221.7740750014782 16.662588998675346 0
      vertex 221.7740750014782 16.662588998675346 1.5
      vertex 207.81369099766016 17.19523199647665 0
    endloop
  endfacet
  facet normal -0.03812615261908158 -0.9992729339306987 0
    outer loop
      vertex 207.81369099766016 17.19523199647665 1.5
      vertex 207.81369099766016 17.19523199647665 0
      vertex 221.7740750014782 16.662588998675346 1.5
    endloop
  endfacet
  facet normal -0.08714855934124224 -0.996195326532275 0
    outer loop
      vertex 221.78807800263166 16.661363996565342 0
      vertex 221.78807800263166 16.661363996565342 1.5
      vertex 221.7740750014782 16.662588998675346 0
    endloop
  endfacet
  facet normal -0.08714855934124224 -0.996195326532275 0
    outer loop
      vertex 221.7740750014782 16.662588998675346 1.5
      vertex 221.7740750014782 16.662588998675346 0
      vertex 221.78807800263166 16.661363996565342 1.5
    endloop
  endfacet
  facet normal -0.9999399810427584 -0.01095601716902974 0
    outer loop
      vertex 221.78823199868202 16.647308997809887 0
      vertex 221.78823199868202 16.647308997809887 1.5
      vertex 221.78807800263166 16.661363996565342 0
    endloop
  endfacet
  facet normal -0.9999399810427584 -0.01095601716902974 0
    outer loop
      vertex 221.78807800263166 16.661363996565342 1.5
      vertex 221.78807800263166 16.661363996565342 0
      vertex 221.78823199868202 16.647308997809887 1.5
    endloop
  endfacet
  facet normal -0.9992729339299234 0.038126152639399724 0
    outer loop
      vertex 221.25558900088072 2.6869250014424324 0
      vertex 221.25558900088072 2.6869250014424324 1.5
      vertex 221.78823199868202 16.647308997809887 0
    endloop
  endfacet
  facet normal -0.9992729339299234 0.038126152639399724 0
    outer loop
      vertex 221.78823199868202 16.647308997809887 1.5
      vertex 221.78823199868202 16.647308997809887 0
      vertex 221.25558900088072 2.6869250014424324 1.5
    endloop
  endfacet
  facet normal -0.996195326532275 0.08714855934124224 0
    outer loop
      vertex 221.2543639987707 2.6729220002889633 0
      vertex 221.2543639987707 2.6729220002889633 1.5
      vertex 221.25558900088072 2.6869250014424324 0
    endloop
  endfacet
  facet normal -0.996195326532275 0.08714855934124224 0
    outer loop
      vertex 221.25558900088072 2.6869250014424324 1.5
      vertex 221.25558900088072 2.6869250014424324 0
      vertex 221.2543639987707 2.6729220002889633 1.5
    endloop
  endfacet
  facet normal -0.010956547175414937 0.9999399752355104 0
    outer loop
      vertex 221.24030900001526 2.672767996788025 0
      vertex 221.24030900001526 2.672767996788025 1.5
      vertex 221.2543639987707 2.6729220002889633 0
    endloop
  endfacet
  facet normal -0.010956547175414937 0.9999399752355104 0
    outer loop
      vertex 221.2543639987707 2.6729220002889633 1.5
      vertex 221.2543639987707 2.6729220002889633 0
      vertex 221.24030900001526 2.672767996788025 1.5
    endloop
  endfacet
  facet normal 0.03812615317193101 0.9992729339096053 0
    outer loop
      vertex 207.2799250036478 3.2054110020399094 0
      vertex 207.2799250036478 3.2054110020399094 1.5
      vertex 221.24030900001526 2.672767996788025 0
    endloop
  endfacet
  facet normal 0.03812615317193101 0.9992729339096053 0
    outer loop
      vertex 221.24030900001526 2.672767996788025 1.5
      vertex 221.24030900001526 2.672767996788025 0
      vertex 207.2799250036478 3.2054110020399094 1.5
    endloop
  endfacet
  facet normal 0.05115077063156553 0.9986909425161504 0
    outer loop
      vertex 227.1718019992113 2.560608997941017 0
      vertex 227.1718019992113 2.560608997941017 1.5
      vertex 227.18584000319242 2.559890002012253 0
    endloop
  endfacet
  facet normal 0.05115077063156553 0.9986909425161504 0
    outer loop
      vertex 227.18584000319242 2.559890002012253 1.5
      vertex 227.18584000319242 2.559890002012253 0
      vertex 227.1718019992113 2.560608997941017 1.5
    endloop
  endfacet
  facet normal 0.9988970753716704 0.04695351758839323 0
    outer loop
      vertex 227.1711419969797 2.5746499970555305 0
      vertex 227.1711419969797 2.5746499970555305 1.5
      vertex 227.1718019992113 2.560608997941017 0
    endloop
  endfacet
  facet normal 0.9988970753716704 0.04695351758839323 0
    outer loop
      vertex 227.1718019992113 2.560608997941017 1.5
      vertex 227.1718019992113 2.560608997941017 0
      vertex 227.1711419969797 2.5746499970555305 1.5
    endloop
  endfacet
  facet normal 0.999997732958044 -0.0021293376370602815 0
    outer loop
      vertex 227.20088999718428 16.54516000300646 0
      vertex 227.20088999718428 16.54516000300646 1.5
      vertex 227.1711419969797 2.5746499970555305 0
    endloop
  endfacet
  facet normal 0.999997732958044 -0.0021293376370602815 0
    outer loop
      vertex 227.1711419969797 2.5746499970555305 1.5
      vertex 227.1711419969797 2.5746499970555305 0
      vertex 227.20088999718428 16.54516000300646 1.5
    endloop
  endfacet
  facet normal 0.9986909140522476 -0.051151326370743724 0
    outer loop
      vertex 227.20160900056362 16.55919799953699 0
      vertex 227.20160900056362 16.55919799953699 1.5
      vertex 227.20088999718428 16.54516000300646 0
    endloop
  endfacet
  facet normal 0.9986909140522476 -0.051151326370743724 0
    outer loop
      vertex 227.20088999718428 16.54516000300646 1.5
      vertex 227.20088999718428 16.54516000300646 0
      vertex 227.20160900056362 16.55919799953699 1.5
    endloop
  endfacet
  facet normal 0.04695351758839323 -0.9988970753716704 0
    outer loop
      vertex 227.21564999967813 16.55985800176859 0
      vertex 227.21564999967813 16.55985800176859 1.5
      vertex 227.20160900056362 16.55919799953699 0
    endloop
  endfacet
  facet normal 0.04695351758839323 -0.9988970753716704 0
    outer loop
      vertex 227.20160900056362 16.55919799953699 1.5
      vertex 227.20160900056362 16.55919799953699 0
      vertex 227.21564999967813 16.55985800176859 1.5
    endloop
  endfacet
  facet normal -0.0021293376381958684 -0.9999977329580415 0
    outer loop
      vertex 241.18615999817848 16.530110001564026 0
      vertex 241.18615999817848 16.530110001564026 1.5
      vertex 227.21564999967813 16.55985800176859 0
    endloop
  endfacet
  facet normal -0.0021293376381958684 -0.9999977329580415 0
    outer loop
      vertex 227.21564999967813 16.55985800176859 1.5
      vertex 227.21564999967813 16.55985800176859 0
      vertex 241.18615999817848 16.530110001564026 1.5
    endloop
  endfacet
  facet normal -0.05115129929353742 -0.9986909154390976 0
    outer loop
      vertex 241.2001980021596 16.52939099818468 0
      vertex 241.2001980021596 16.52939099818468 1.5
      vertex 241.18615999817848 16.530110001564026 0
    endloop
  endfacet
  facet normal -0.05115129929353742 -0.9986909154390976 0
    outer loop
      vertex 241.18615999817848 16.530110001564026 1.5
      vertex 241.18615999817848 16.530110001564026 0
      vertex 241.2001980021596 16.52939099818468 1.5
    endloop
  endfacet
  facet normal -0.9988971002315652 -0.04695298871180071 0
    outer loop
      vertex 241.2008579969406 16.515349999070168 0
      vertex 241.2008579969406 16.515349999070168 1.5
      vertex 241.2001980021596 16.52939099818468 0
    endloop
  endfacet
  facet normal -0.9988971002315652 -0.04695298871180071 0
    outer loop
      vertex 241.2001980021596 16.52939099818468 1.5
      vertex 241.2001980021596 16.52939099818468 0
      vertex 241.2008579969406 16.515349999070168 1.5
    endloop
  endfacet
  facet normal -0.9999977329580415 0.0021293376381958684 0
    outer loop
      vertex 241.17110999673605 2.5448400005698204 0
      vertex 241.17110999673605 2.5448400005698204 1.5
      vertex 241.2008579969406 16.515349999070168 0
    endloop
  endfacet
  facet normal -0.9999977329580415 0.0021293376381958684 0
    outer loop
      vertex 241.2008579969406 16.515349999070168 1.5
      vertex 241.2008579969406 16.515349999070168 0
      vertex 241.17110999673605 2.5448400005698204 1.5
    endloop
  endfacet
  facet normal -0.9986909425161504 0.05115077063156553 0
    outer loop
      vertex 241.17039100080729 2.530801996588707 0
      vertex 241.17039100080729 2.530801996588707 1.5
      vertex 241.17110999673605 2.5448400005698204 0
    endloop
  endfacet
  facet normal -0.9986909425161504 0.05115077063156553 0
    outer loop
      vertex 241.17110999673605 2.5448400005698204 1.5
      vertex 241.17110999673605 2.5448400005698204 0
      vertex 241.17039100080729 2.530801996588707 1.5
    endloop
  endfacet
  facet normal -0.04695298871180071 0.9988971002315652 0
    outer loop
      vertex 241.15635000169277 2.5301420018076897 0
      vertex 241.15635000169277 2.5301420018076897 1.5
      vertex 241.17039100080729 2.530801996588707 0
    endloop
  endfacet
  facet normal -0.04695298871180071 0.9988971002315652 0
    outer loop
      vertex 241.17039100080729 2.530801996588707 1.5
      vertex 241.17039100080729 2.530801996588707 0
      vertex 241.15635000169277 2.5301420018076897 1.5
    endloop
  endfacet
  facet normal 0.0021293376381958684 0.9999977329580415 0
    outer loop
      vertex 227.18584000319242 2.559890002012253 0
      vertex 227.18584000319242 2.559890002012253 1.5
      vertex 241.15635000169277 2.5301420018076897 0
    endloop
  endfacet
  facet normal 0.0021293376381958684 0.9999977329580415 0
    outer loop
      vertex 241.15635000169277 2.5301420018076897 1.5
      vertex 241.15635000169277 2.5301420018076897 0
      vertex 227.18584000319242 2.559890002012253 1.5
    endloop
  endfacet
  facet normal 0.04908941399439046 0.9987943879666562 0
    outer loop
      vertex 246.25868999958038 2.525689996778965 0
      vertex 246.25868999958038 2.525689996778965 1.5
      vertex 246.2727290019393 2.524999998509884 0
    endloop
  endfacet
  facet normal 0.04908941399439046 0.9987943879666562 0
    outer loop
      vertex 246.2727290019393 2.524999998509884 1.5
      vertex 246.2727290019393 2.524999998509884 0
      vertex 246.25868999958038 2.525689996778965 1.5
    endloop
  endfacet
  facet normal 0.9987943879666562 0.04908941399439046 0
    outer loop
      vertex 246.2580000013113 2.5397289991378784 0
      vertex 246.2580000013113 2.5397289991378784 1.5
      vertex 246.25868999958038 2.525689996778965 0
    endloop
  endfacet
  facet normal 0.9987943879666562 0.04908941399439046 0
    outer loop
      vertex 246.25868999958038 2.525689996778965 1.5
      vertex 246.25868999958038 2.525689996778965 0
      vertex 246.2580000013113 2.5397289991378784 1.5
    endloop
  endfacet
  facet normal 1 0 0
    outer loop
      vertex 246.2580000013113 16.51027099788189 0
      vertex 246.2580000013113 16.51027099788189 1.5
      vertex 246.2580000013113 2.5397289991378784 0
    endloop
  endfacet
  facet normal 1 0 0
    outer loop
      vertex 246.2580000013113 2.5397289991378784 1.5
      vertex 246.2580000013113 2.5397289991378784 0
      vertex 246.2580000013113 16.51027099788189 1.5
    endloop
  endfacet
  facet normal 0.9987943879666562 -0.04908941399439046 0
    outer loop
      vertex 246.25868999958038 16.524310000240803 0
      vertex 246.25868999958038 16.524310000240803 1.5
      vertex 246.2580000013113 16.51027099788189 0
    endloop
  endfacet
  facet normal 0.9987943879666562 -0.04908941399439046 0
    outer loop
      vertex 246.2580000013113 16.51027099788189 1.5
      vertex 246.2580000013113 16.51027099788189 0
      vertex 246.25868999958038 16.524310000240803 1.5
    endloop
  endfacet
  facet normal 0.04908941399439046 -0.9987943879666562 0
    outer loop
      vertex 246.2727290019393 16.524999998509884 0
      vertex 246.2727290019393 16.524999998509884 1.5
      vertex 246.25868999958038 16.524310000240803 0
    endloop
  endfacet
  facet normal 0.04908941399439046 -0.9987943879666562 0
    outer loop
      vertex 246.25868999958038 16.524310000240803 1.5
      vertex 246.25868999958038 16.524310000240803 0
      vertex 246.2727290019393 16.524999998509884 1.5
    endloop
  endfacet
  facet normal 0 -1 0
    outer loop
      vertex 260.2432710006833 16.524999998509884 0
      vertex 260.2432710006833 16.524999998509884 1.5
      vertex 246.2727290019393 16.524999998509884 0
    endloop
  endfacet
  facet normal 0 -1 0
    outer loop
      vertex 246.2727290019393 16.524999998509884 1.5
      vertex 246.2727290019393 16.524999998509884 0
      vertex 260.2432710006833 16.524999998509884 1.5
    endloop
  endfacet
  facet normal -0.04908941399439046 -0.9987943879666562 0
    outer loop
      vertex 260.2573100030422 16.524310000240803 0
      vertex 260.2573100030422 16.524310000240803 1.5
      vertex 260.2432710006833 16.524999998509884 0
    endloop
  endfacet
  facet normal -0.04908941399439046 -0.9987943879666562 0
    outer loop
      vertex 260.2432710006833 16.524999998509884 1.5
      vertex 260.2432710006833 16.524999998509884 0
      vertex 260.2573100030422 16.524310000240803 1.5
    endloop
  endfacet
  facet normal -0.9987943879666562 -0.04908941399439046 0
    outer loop
      vertex 260.2580000013113 16.51027099788189 0
      vertex 260.2580000013113 16.51027099788189 1.5
      vertex 260.2573100030422 16.524310000240803 0
    endloop
  endfacet
  facet normal -0.9987943879666562 -0.04908941399439046 0
    outer loop
      vertex 260.2573100030422 16.524310000240803 1.5
      vertex 260.2573100030422 16.524310000240803 0
      vertex 260.2580000013113 16.51027099788189 1.5
    endloop
  endfacet
  facet normal -1 0 0
    outer loop
      vertex 260.2580000013113 2.5397289991378784 0
      vertex 260.2580000013113 2.5397289991378784 1.5
      vertex 260.2580000013113 16.51027099788189 0
    endloop
  endfacet
  facet normal -1 0 0
    outer loop
      vertex 260.2580000013113 16.51027099788189 1.5
      vertex 260.2580000013113 16.51027099788189 0
      vertex 260.2580000013113 2.5397289991378784 1.5
    endloop
  endfacet
  facet normal -0.9987943879666562 0.04908941399439046 0
    outer loop
      vertex 260.2573100030422 2.525689996778965 0
      vertex 260.2573100030422 2.525689996778965 1.5
      vertex 260.2580000013113 2.5397289991378784 0
    endloop
  endfacet
  facet normal -0.9987943879666562 0.04908941399439046 0
    outer loop
      vertex 260.2580000013113 2.5397289991378784 1.5
      vertex 260.2580000013113 2.5397289991378784 0
      vertex 260.2573100030422 2.525689996778965 1.5
    endloop
  endfacet
  facet normal -0.04908941399439046 0.9987943879666562 0
    outer loop
      vertex 260.2432710006833 2.524999998509884 0
      vertex 260.2432710006833 2.524999998509884 1.5
      vertex 260.2573100030422 2.525689996778965 0
    endloop
  endfacet
  facet normal -0.04908941399439046 0.9987943879666562 0
    outer loop
      vertex 260.2573100030422 2.525689996778965 1.5
      vertex 260.2573100030422 2.525689996778965 0
      vertex 260.2432710006833 2.524999998509884 1.5
    endloop
  endfacet
  facet normal 0 1 0
    outer loop
      vertex 246.2727290019393 2.524999998509884 0
      vertex 246.2727290019393 2.524999998509884 1.5
      vertex 260.2432710006833 2.524999998509884 0
    endloop
  endfacet
  facet normal 0 1 0
    outer loop
      vertex 260.2432710006833 2.524999998509884 1.5
      vertex 260.2432710006833 2.524999998509884 0
      vertex 246.2727290019393 2.524999998509884 1.5
    endloop
  endfacet
  facet normal 0 0 1
    outer loop
      vertex 311.50225000083447 79.04740899801254 1.5
      vertex 311.50225000083447 97.25 1.5
      vertex 301.2150000035763 92.71027100086212 1.5
    endloop
  endfacet
  facet normal 0 0 1
    outer loop
      vertex 311.50225000083447 79.04740899801254 1.5
      vertex 301.2150000035763 92.71027100086212 1.5
      vertex 301.2150000035763 78.73972900211811 1.5
    endloop
  endfacet
  facet normal 0 0 1
    outer loop
      vertex 298.3432710021734 2.524999998509884 1.5
      vertex 297.23924999684095 2.524999998509884 1.5
      vertex 297.23924999684095 2.3599999994039536 1.5
    endloop
  endfacet
  facet normal 0 0 1
    outer loop
      vertex 290.23924999684095 2.3599999994039536 1.5
      vertex 290.23924999684095 2.524999998509884 1.5
      vertex 273.42674999684095 2.524999998509884 1.5
    endloop
  endfacet
  facet normal 0 0 1
    outer loop
      vertex 290.23924999684095 2.3599999994039536 1.5
      vertex 273.42674999684095 2.524999998509884 1.5
      vertex 273.42674999684095 2.3599999994039536 1.5
    endloop
  endfacet
  facet normal 0 0 1
    outer loop
      vertex 266.42674999684095 2.3599999994039536 1.5
      vertex 266.42674999684095 2.524999998509884 1.5
      vertex 265.32272899895906 2.524999998509884 1.5
    endloop
  endfacet
  facet normal 0 0 1
    outer loop
      vertex 297.23924999684095 17.96000000089407 1.5
      vertex 297.23924999684095 16.524999998509884 1.5
      vertex 298.3432710021734 16.524999998509884 1.5
    endloop
  endfacet
  facet normal 0 0 1
    outer loop
      vertex 281.5 21.589729003608227 1.5
      vertex 281.5 35.56027100235224 1.5
      vertex 271.6880000010133 35.56027100235224 1.5
    endloop
  endfacet
  facet normal 0 0 1
    outer loop
      vertex 257.6880000010133 21.589729003608227 1.5
      vertex 257.6880000010133 35.56027100235224 1.5
      vertex 252.63799999654293 35.56027100235224 1.5
    endloop
  endfacet
  facet normal 0 0 1
    outer loop
      vertex 257.6880000010133 21.589729003608227 1.5
      vertex 252.63799999654293 35.56027100235224 1.5
      vertex 252.63799999654293 21.589729003608227 1.5
    endloop
  endfacet
  facet normal 0 0 1
    outer loop
      vertex 280.0710000023246 40.639729000627995 1.5
      vertex 280.0710000023246 54.610270999372005 1.5
      vertex 267.87699999660254 54.610270999372005 1.5
    endloop
  endfacet
  facet normal 0 0 1
    outer loop
      vertex 253.87699999660254 40.639729000627995 1.5
      vertex 253.87699999660254 54.610270999372005 1.5
      vertex 248.82800000160933 54.610270999372005 1.5
    endloop
  endfacet
  facet normal 0 0 1
    outer loop
      vertex 253.87699999660254 40.639729000627995 1.5
      vertex 248.82800000160933 54.610270999372005 1.5
      vertex 248.82800000160933 40.639729000627995 1.5
    endloop
  endfacet
  facet normal 0 0 1
    outer loop
      vertex 303.58127100020647 59.67499999701977 1.5
      vertex 302.4772500023246 59.67499999701977 1.5
      vertex 302.4772500023246 59.50999999791384 1.5
    endloop
  endfacet
  facet normal 0 0 1
    outer loop
      vertex 295.4772500023246 59.50999999791384 1.5
      vertex 295.4772500023246 59.67499999701977 1.5
      vertex 278.6647500023246 59.67499999701977 1.5
    endloop
  endfacet
  facet normal 0 0 1
    outer loop
      vertex 295.4772500023246 59.50999999791384 1.5
      vertex 278.6647500023246 59.67499999701977 1.5
      vertex 278.6647500023246 59.50999999791384 1.5
    endloop
  endfacet
  facet normal 0 0 1
    outer loop
      vertex 271.6647500023246 59.50999999791384 1.5
      vertex 271.6647500023246 59.67499999701977 1.5
      vertex 268.1797289997339 59.67499999701977 1.5
    endloop
  endfacet
  facet normal 0 0 1
    outer loop
      vertex 302.4772500023246 75.10999999940395 1.5
      vertex 302.4772500023246 73.67499999701977 1.5
      vertex 303.58127100020647 73.67499999701977 1.5
    endloop
  endfacet
  facet normal 0 0 1
    outer loop
      vertex 265.30799999833107 2.5397289991378784 1.5
      vertex 265.30799999833107 16.51027099788189 1.5
      vertex 260.2580000013113 16.51027099788189 1.5
    endloop
  endfacet
  facet normal 0 0 1
    outer loop
      vertex 265.30799999833107 2.5397289991378784 1.5
      vertex 260.2580000013113 16.51027099788189 1.5
      vertex 260.2580000013113 2.5397289991378784 1.5
    endloop
  endfacet
  facet normal 0 0 1
    outer loop
      vertex 268.16499999910593 59.68972899764776 1.5
      vertex 268.16499999910593 73.66027099639177 1.5
      vertex 263.11500000208616 73.66027099639177 1.5
    endloop
  endfacet
  facet normal 0 0 1
    outer loop
      vertex 268.16499999910593 59.68972899764776 1.5
      vertex 263.11500000208616 73.66027099639177 1.5
      vertex 263.11500000208616 59.68972899764776 1.5
    endloop
  endfacet
  facet normal 0 0 1
    outer loop
      vertex 249.11500000208616 73.66027099639177 1.5
      vertex 244.06265699863434 73.66160500049591 1.5
      vertex 244.05534200370312 59.6910649985075 1.5
    endloop
  endfacet
  facet normal 0 0 1
    outer loop
      vertex 249.11500000208616 59.68972899764776 1.5
      vertex 249.11500000208616 73.66027099639177 1.5
      vertex 244.05534200370312 59.6910649985075 1.5
    endloop
  endfacet
  facet normal 0 0 1
    outer loop
      vertex 246.2580000013113 2.5397289991378784 1.5
      vertex 246.2580000013113 16.51027099788189 1.5
      vertex 241.2008579969406 16.515349999070168 1.5
    endloop
  endfacet
  facet normal 0 0 1
    outer loop
      vertex 246.2580000013113 2.5397289991378784 1.5
      vertex 241.2008579969406 16.515349999070168 1.5
      vertex 241.17110999673605 2.5448400005698204 1.5
    endloop
  endfacet
  facet normal 0 0 1
    outer loop
      vertex 311.50340899825096 79.02373100072145 1.5
      vertex 311.50225000083447 79.04740899801254 1.5
      vertex 301.2150000035763 78.73972900211811 1.5
    endloop
  endfacet
  facet normal 0 0 1
    outer loop
      vertex 281.5 21.589729003608227 1.5
      vertex 271.6880000010133 35.56027100235224 1.5
      vertex 271.6880000010133 21.589729003608227 1.5
    endloop
  endfacet
  facet normal 0 0 1
    outer loop
      vertex 241.2001980021596 16.52939099818468 1.5
      vertex 241.2008579969406 16.515349999070168 1.5
      vertex 246.2580000013113 16.51027099788189 1.5
    endloop
  endfacet
  facet normal 0 0 1
    outer loop
      vertex 241.2001980021596 16.52939099818468 1.5
      vertex 246.2580000013113 16.51027099788189 1.5
      vertex 246.25868999958038 16.524310000240803 1.5
    endloop
  endfacet
  facet normal 0 0 1
    outer loop
      vertex 244.06265699863434 73.66160500049591 1.5
      vertex 249.11500000208616 73.66027099639177 1.5
      vertex 249.11569000035524 73.67430999875069 1.5
    endloop
  endfacet
  facet normal 0 0 1
    outer loop
      vertex 244.06197399646044 73.67564400285482 1.5
      vertex 244.06265699863434 73.66160500049591 1.5
      vertex 249.11569000035524 73.67430999875069 1.5
    endloop
  endfacet
  facet normal 0 0 1
    outer loop
      vertex 260.2573100030422 16.524310000240803 1.5
      vertex 260.2580000013113 16.51027099788189 1.5
      vertex 265.30799999833107 16.51027099788189 1.5
    endloop
  endfacet
  facet normal 0 0 1
    outer loop
      vertex 260.2573100030422 16.524310000240803 1.5
      vertex 265.30799999833107 16.51027099788189 1.5
      vertex 265.30868999660015 16.524310000240803 1.5
    endloop
  endfacet
  facet normal 0 0 1
    outer loop
      vertex 248.82731000334024 54.62431000173092 1.5
      vertex 248.82800000160933 54.610270999372005 1.5
      vertex 253.87699999660254 54.610270999372005 1.5
    endloop
  endfacet
  facet normal 0 0 1
    outer loop
      vertex 248.82731000334024 54.62431000173092 1.5
      vertex 253.87699999660254 54.610270999372005 1.5
      vertex 253.8776900023222 54.62431000173092 1.5
    endloop
  endfacet
  facet normal 0 0 1
    outer loop
      vertex 263.11500000208616 73.66027099639177 1.5
      vertex 268.16499999910593 73.66027099639177 1.5
      vertex 268.165689997375 73.67430999875069 1.5
    endloop
  endfacet
  facet normal 0 0 1
    outer loop
      vertex 263.1143099963665 73.67430999875069 1.5
      vertex 263.11500000208616 73.66027099639177 1.5
      vertex 268.165689997375 73.67430999875069 1.5
    endloop
  endfacet
  facet normal 0 0 1
    outer loop
      vertex 257.68868999928236 21.575690001249313 1.5
      vertex 257.6880000010133 21.589729003608227 1.5
      vertex 252.63799999654293 21.589729003608227 1.5
    endloop
  endfacet
  facet normal 0 0 1
    outer loop
      vertex 257.68868999928236 21.575690001249313 1.5
      vertex 252.63799999654293 21.589729003608227 1.5
      vertex 252.63730999827385 21.575690001249313 1.5
    endloop
  endfacet
  facet normal 0 0 1
    outer loop
      vertex 253.87699999660254 40.639729000627995 1.5
      vertex 248.82800000160933 40.639729000627995 1.5
      vertex 248.82731000334024 40.62568999826908 1.5
    endloop
  endfacet
  facet normal 0 0 1
    outer loop
      vertex 253.8776900023222 40.62568999826908 1.5
      vertex 253.87699999660254 40.639729000627995 1.5
      vertex 248.82731000334024 40.62568999826908 1.5
    endloop
  endfacet
  facet normal 0 0 1
    outer loop
      vertex 265.30868999660015 2.525689996778965 1.5
      vertex 265.30799999833107 2.5397289991378784 1.5
      vertex 260.2580000013113 2.5397289991378784 1.5
    endloop
  endfacet
  facet normal 0 0 1
    outer loop
      vertex 265.30868999660015 2.525689996778965 1.5
      vertex 260.2580000013113 2.5397289991378784 1.5
      vertex 260.2573100030422 2.525689996778965 1.5
    endloop
  endfacet
  facet normal 0 0 1
    outer loop
      vertex 281.5006899982691 21.575690001249313 1.5
      vertex 281.5 21.589729003608227 1.5
      vertex 271.6880000010133 21.589729003608227 1.5
    endloop
  endfacet
  facet normal 0 0 1
    outer loop
      vertex 281.5006899982691 21.575690001249313 1.5
      vertex 271.6880000010133 21.589729003608227 1.5
      vertex 271.6873100027442 21.575690001249313 1.5
    endloop
  endfacet
  facet normal 0 0 1
    outer loop
      vertex 252.63730999827385 35.57430999726057 1.5
      vertex 252.63799999654293 35.56027100235224 1.5
      vertex 257.6880000010133 35.56027100235224 1.5
    endloop
  endfacet
  facet normal 0 0 1
    outer loop
      vertex 252.63730999827385 35.57430999726057 1.5
      vertex 257.6880000010133 35.56027100235224 1.5
      vertex 257.68868999928236 35.57430999726057 1.5
    endloop
  endfacet
  facet normal 0 0 1
    outer loop
      vertex 271.6873100027442 35.57430999726057 1.5
      vertex 271.6880000010133 35.56027100235224 1.5
      vertex 281.5 35.56027100235224 1.5
    endloop
  endfacet
  facet normal 0 0 1
    outer loop
      vertex 271.6873100027442 35.57430999726057 1.5
      vertex 281.5 35.56027100235224 1.5
      vertex 281.5006899982691 35.57430999726057 1.5
    endloop
  endfacet
  facet normal 0 0 1
    outer loop
      vertex 268.165689997375 59.67569000273943 1.5
      vertex 268.16499999910593 59.68972899764776 1.5
      vertex 263.11500000208616 59.68972899764776 1.5
    endloop
  endfacet
  facet normal 0 0 1
    outer loop
      vertex 268.165689997375 59.67569000273943 1.5
      vertex 263.11500000208616 59.68972899764776 1.5
      vertex 263.1143099963665 59.67569000273943 1.5
    endloop
  endfacet
  facet normal 0 0 1
    outer loop
      vertex 249.11569000035524 59.67569000273943 1.5
      vertex 249.11500000208616 59.68972899764776 1.5
      vertex 244.05534200370312 59.6910649985075 1.5
    endloop
  endfacet
  facet normal 0 0 1
    outer loop
      vertex 249.11569000035524 59.67569000273943 1.5
      vertex 244.05534200370312 59.6910649985075 1.5
      vertex 244.05464400351048 59.67702600359917 1.5
    endloop
  endfacet
  facet normal 0 0 1
    outer loop
      vertex 187.36153800040483 80.95953900367022 1.5
      vertex 188.97999600321054 96.47535599768162 1.5
      vertex 187.43169999867678 95.19337999820709 1.5
    endloop
  endfacet
  facet normal 0 0 1
    outer loop
      vertex 187.36153800040483 80.95953900367022 1.5
      vertex 187.43169999867678 95.19337999820709 1.5
      vertex 187.43092899769545 95.17934499680996 1.5
    endloop
  endfacet
  facet normal 0 0 1
    outer loop
      vertex 187.36153800040483 80.95953900367022 1.5
      vertex 187.43092899769545 95.17934499680996 1.5
      vertex 185.98152299970388 81.28419300168753 1.5
    endloop
  endfacet
  facet normal 0 0 1
    outer loop
      vertex 187.36153800040483 80.95953900367022 1.5
      vertex 185.98152299970388 81.28419300168753 1.5
      vertex 185.97937999665737 81.27030000090599 1.5
    endloop
  endfacet
  facet normal 0 0 1
    outer loop
      vertex 246.25868999958038 2.525689996778965 1.5
      vertex 246.2580000013113 2.5397289991378784 1.5
      vertex 241.17110999673605 2.5448400005698204 1.5
    endloop
  endfacet
  facet normal 0 0 1
    outer loop
      vertex 246.25868999958038 2.525689996778965 1.5
      vertex 241.17110999673605 2.5448400005698204 1.5
      vertex 241.17039100080729 2.530801996588707 1.5
    endloop
  endfacet
  facet normal 0 0 1
    outer loop
      vertex 311.50340899825096 79.02373100072145 1.5
      vertex 301.2150000035763 78.73972900211811 1.5
      vertex 301.2143099978566 78.7256899997592 1.5
    endloop
  endfacet
  facet normal 0 0 1
    outer loop
      vertex 298.3580000028014 16.51027099788189 1.5
      vertex 315.50225000083447 16.205872997641563 1.5
      vertex 315.50225000083447 35.46041599661112 1.5
    endloop
  endfacet
  facet normal 0 0 1
    outer loop
      vertex 298.35730999708176 16.524310000240803 1.5
      vertex 298.3580000028014 16.51027099788189 1.5
      vertex 315.50225000083447 35.46041599661112 1.5
    endloop
  endfacet
  facet normal 0 0 1
    outer loop
      vertex 301.2143099978566 92.72431000322104 1.5
      vertex 301.2150000035763 92.71027100086212 1.5
      vertex 311.50225000083447 97.25 1.5
    endloop
  endfacet
  facet normal 0 0 1
    outer loop
      vertex 311.50225000083447 56.08629900217056 1.5
      vertex 294.0710000023246 54.610270999372005 1.5
      vertex 294.0710000023246 40.639729000627995 1.5
    endloop
  endfacet
  facet normal 0 0 1
    outer loop
      vertex 280.0710000023246 40.639729000627995 1.5
      vertex 267.87699999660254 54.610270999372005 1.5
      vertex 267.87699999660254 40.639729000627995 1.5
    endloop
  endfacet
  facet normal 0 0 1
    outer loop
      vertex 280.07169000059366 40.62568999826908 1.5
      vertex 280.0710000023246 40.639729000627995 1.5
      vertex 267.87699999660254 40.639729000627995 1.5
    endloop
  endfacet
  facet normal 0 0 1
    outer loop
      vertex 280.07169000059366 40.62568999826908 1.5
      vertex 267.87699999660254 40.639729000627995 1.5
      vertex 267.87630999833345 40.62568999826908 1.5
    endloop
  endfacet
  facet normal 0 0 1
    outer loop
      vertex 311.50225000083447 37.31369999796152 1.5
      vertex 311.50225000083447 56.08629900217056 1.5
      vertex 294.0710000023246 40.639729000627995 1.5
    endloop
  endfacet
  facet normal 0 0 1
    outer loop
      vertex 311.50225000083447 37.31369999796152 1.5
      vertex 294.0710000023246 40.639729000627995 1.5
      vertex 294.0703099966049 40.62568999826908 1.5
    endloop
  endfacet
  facet normal 0 0 1
    outer loop
      vertex 267.87699999660254 54.610270999372005 1.5
      vertex 280.0710000023246 54.610270999372005 1.5
      vertex 280.07169000059366 54.62431000173092 1.5
    endloop
  endfacet
  facet normal 0 0 1
    outer loop
      vertex 267.87630999833345 54.62431000173092 1.5
      vertex 267.87699999660254 54.610270999372005 1.5
      vertex 280.07169000059366 54.62431000173092 1.5
    endloop
  endfacet
  facet normal 0 0 1
    outer loop
      vertex 315.4974739998579 35.558035001158714 1.5
      vertex 295.5 35.56027100235224 1.5
      vertex 295.5 21.589729003608227 1.5
    endloop
  endfacet
  facet normal 0 0 1
    outer loop
      vertex 315.50225000083447 35.46041599661112 1.5
      vertex 315.4974739998579 35.558035001158714 1.5
      vertex 295.5 21.589729003608227 1.5
    endloop
  endfacet
  facet normal 0 0 1
    outer loop
      vertex 315.50225000083447 57.939583003520966 1.5
      vertex 315.50225000083447 77.19412499666214 1.5
      vertex 303.59600000083447 73.66027099639177 1.5
    endloop
  endfacet
  facet normal 0 0 1
    outer loop
      vertex 278.6647500023246 75.10999999940395 1.5
      vertex 278.6647500023246 73.67499999701977 1.5
      vertex 295.4772500023246 73.67499999701977 1.5
    endloop
  endfacet
  facet normal 0 0 1
    outer loop
      vertex 278.6647500023246 75.10999999940395 1.5
      vertex 295.4772500023246 73.67499999701977 1.5
      vertex 295.4772500023246 75.10999999940395 1.5
    endloop
  endfacet
  facet normal 0 0 1
    outer loop
      vertex 303.5953100025654 73.67430999875069 1.5
      vertex 303.59600000083447 73.66027099639177 1.5
      vertex 315.50225000083447 77.19412499666214 1.5
    endloop
  endfacet
  facet normal 0 0 1
    outer loop
      vertex 315.50225000083447 35.46041599661112 1.5
      vertex 295.5 21.589729003608227 1.5
      vertex 295.4993100017309 21.575690001249313 1.5
    endloop
  endfacet
  facet normal 0 0 1
    outer loop
      vertex 295.4993100017309 35.57430999726057 1.5
      vertex 295.5 35.56027100235224 1.5
      vertex 315.4974739998579 35.558035001158714 1.5
    endloop
  endfacet
  facet normal 0 0 1
    outer loop
      vertex 295.4993100017309 35.57430999726057 1.5
      vertex 315.4974739998579 35.558035001158714 1.5
      vertex 315.483190998435 35.65472099930048 1.5
    endloop
  endfacet
  facet normal 0 0 1
    outer loop
      vertex 295.4993100017309 35.57430999726057 1.5
      vertex 315.483190998435 35.65472099930048 1.5
      vertex 315.45953799784184 35.74955199658871 1.5
    endloop
  endfacet
  facet normal 0 0 1
    outer loop
      vertex 295.4993100017309 35.57430999726057 1.5
      vertex 315.45953799784184 35.74955199658871 1.5
      vertex 315.4267409965396 35.84162099659443 1.5
    endloop
  endfacet
  facet normal 0 0 1
    outer loop
      vertex 295.4993100017309 35.57430999726057 1.5
      vertex 315.4267409965396 35.84162099659443 1.5
      vertex 315.38511200249195 35.93004799634218 1.5
    endloop
  endfacet
  facet normal 0 0 1
    outer loop
      vertex 298.3432710021734 16.524999998509884 1.5
      vertex 298.35730999708176 16.524310000240803 1.5
      vertex 315.50225000083447 35.46041599661112 1.5
    endloop
  endfacet
  facet normal 0 0 1
    outer loop
      vertex 297.23924999684095 17.96000000089407 1.5
      vertex 298.3432710021734 16.524999998509884 1.5
      vertex 315.50225000083447 35.46041599661112 1.5
    endloop
  endfacet
  facet normal 0 0 1
    outer loop
      vertex 297.23924999684095 17.96000000089407 1.5
      vertex 315.50225000083447 35.46041599661112 1.5
      vertex 295.4993100017309 21.575690001249313 1.5
    endloop
  endfacet
  facet normal 0 0 1
    outer loop
      vertex 297.23924999684095 17.96000000089407 1.5
      vertex 295.4993100017309 21.575690001249313 1.5
      vertex 295.485270999372 21.575000002980232 1.5
    endloop
  endfacet
  facet normal 0 0 1
    outer loop
      vertex 302.4772500023246 75.10999999940395 1.5
      vertex 303.58127100020647 73.67499999701977 1.5
      vertex 303.5953100025654 73.67430999875069 1.5
    endloop
  endfacet
  facet normal 0 0 1
    outer loop
      vertex 187.41780699789524 95.1955230012536 1.5
      vertex 187.43169999867678 95.19337999820709 1.5
      vertex 188.97999600321054 96.47535599768162 1.5
    endloop
  endfacet
  facet normal 0 0 1
    outer loop
      vertex 315.4974739998579 16.108254000544548 1.5
      vertex 315.50225000083447 16.205872997641563 1.5
      vertex 298.3580000028014 16.51027099788189 1.5
    endloop
  endfacet
  facet normal 0 0 1
    outer loop
      vertex 302.4772500023246 75.10999999940395 1.5
      vertex 303.5953100025654 73.67430999875069 1.5
      vertex 315.50225000083447 77.19412499666214 1.5
    endloop
  endfacet
  facet normal 0 0 1
    outer loop
      vertex 315.483190998435 16.011566996574402 1.5
      vertex 315.4974739998579 16.108254000544548 1.5
      vertex 298.3580000028014 16.51027099788189 1.5
    endloop
  endfacet
  facet normal 0 0 1
    outer loop
      vertex 315.45953799784184 15.916735999286175 1.5
      vertex 315.483190998435 16.011566996574402 1.5
      vertex 298.3580000028014 16.51027099788189 1.5
    endloop
  endfacet
  facet normal 0 0 1
    outer loop
      vertex 315.4267409965396 15.824667997658253 1.5
      vertex 315.45953799784184 15.916735999286175 1.5
      vertex 298.3580000028014 16.51027099788189 1.5
    endloop
  endfacet
  facet normal 0 0 1
    outer loop
      vertex 315.38511200249195 15.7362409979105 1.5
      vertex 315.4267409965396 15.824667997658253 1.5
      vertex 298.3580000028014 16.51027099788189 1.5
    endloop
  endfacet
  facet normal 0 0 1
    outer loop
      vertex 315.33505000174046 15.652299001812935 1.5
      vertex 315.38511200249195 15.7362409979105 1.5
      vertex 298.3580000028014 16.51027099788189 1.5
    endloop
  endfacet
  facet normal 0 0 1
    outer loop
      vertex 315.27703300118446 15.573646001517773 1.5
      vertex 315.33505000174046 15.652299001812935 1.5
      vertex 298.3580000028014 16.51027099788189 1.5
    endloop
  endfacet
  facet normal 0 0 1
    outer loop
      vertex 315.2116150036454 15.501032002270222 1.5
      vertex 315.27703300118446 15.573646001517773 1.5
      vertex 298.3580000028014 16.51027099788189 1.5
    endloop
  endfacet
  facet normal 0 0 1
    outer loop
      vertex 315.1394210010767 15.435151003301144 1.5
      vertex 315.2116150036454 15.501032002270222 1.5
      vertex 298.3580000028014 16.51027099788189 1.5
    endloop
  endfacet
  facet normal 0 0 1
    outer loop
      vertex 315.06114099919796 15.376631997525692 1.5
      vertex 315.1394210010767 15.435151003301144 1.5
      vertex 298.3580000028014 16.51027099788189 1.5
    endloop
  endfacet
  facet normal 0 0 1
    outer loop
      vertex 314.97752200067043 15.326034002006054 1.5
      vertex 315.06114099919796 15.376631997525692 1.5
      vertex 298.3580000028014 16.51027099788189 1.5
    endloop
  endfacet
  facet normal 0 0 1
    outer loop
      vertex 314.88936299830675 15.283840000629425 1.5
      vertex 314.97752200067043 15.326034002006054 1.5
      vertex 298.3580000028014 16.51027099788189 1.5
    endloop
  endfacet
  facet normal 0 0 1
    outer loop
      vertex 314.82350800186396 15.256191000342369 1.5
      vertex 314.88936299830675 15.283840000629425 1.5
      vertex 298.3580000028014 16.51027099788189 1.5
    endloop
  endfacet
  facet normal 0 0 1
    outer loop
      vertex 314.7421879991889 15.226126000285149 1.5
      vertex 314.82350800186396 15.256191000342369 1.5
      vertex 298.3580000028014 16.51027099788189 1.5
    endloop
  endfacet
  facet normal 0 0 1
    outer loop
      vertex 314.4599220007658 15.135467998683453 1.5
      vertex 314.7421879991889 15.226126000285149 1.5
      vertex 298.3580000028014 16.51027099788189 1.5
    endloop
  endfacet
  facet normal 0 0 1
    outer loop
      vertex 314.41041500121355 15.120964996516705 1.5
      vertex 314.4599220007658 15.135467998683453 1.5
      vertex 298.3580000028014 16.51027099788189 1.5
    endloop
  endfacet
  facet normal 0 0 1
    outer loop
      vertex 314.06102199852467 15.028325997292995 1.5
      vertex 314.41041500121355 15.120964996516705 1.5
      vertex 298.3580000028014 16.51027099788189 1.5
    endloop
  endfacet
  facet normal 0 0 1
    outer loop
      vertex 314.0324349999428 15.021196000277996 1.5
      vertex 314.06102199852467 15.028325997292995 1.5
      vertex 298.3580000028014 16.51027099788189 1.5
    endloop
  endfacet
  facet normal 0 0 1
    outer loop
      vertex 313.6378180012107 14.92891699820757 1.5
      vertex 314.0324349999428 15.021196000277996 1.5
      vertex 298.3580000028014 16.51027099788189 1.5
    endloop
  endfacet
  facet normal 0 0 1
    outer loop
      vertex 312.77653799951077 14.739629000425339 1.5
      vertex 313.6378180012107 14.92891699820757 1.5
      vertex 298.3580000028014 16.51027099788189 1.5
    endloop
  endfacet
  facet normal 0 0 1
    outer loop
      vertex 312.36489100009203 14.643414996564388 1.5
      vertex 312.77653799951077 14.739629000425339 1.5
      vertex 298.3580000028014 16.51027099788189 1.5
    endloop
  endfacet
  facet normal 0 0 1
    outer loop
      vertex 312.3505989983678 14.639849998056889 1.5
      vertex 312.36489100009203 14.643414996564388 1.5
      vertex 298.3580000028014 16.51027099788189 1.5
    endloop
  endfacet
  facet normal 0 0 1
    outer loop
      vertex 311.9816130027175 14.542015999555588 1.5
      vertex 312.3505989983678 14.639849998056889 1.5
      vertex 298.3580000028014 16.51027099788189 1.5
    endloop
  endfacet
  facet normal 0 0 1
    outer loop
      vertex 311.95686300098896 14.534766003489494 1.5
      vertex 311.9816130027175 14.542015999555588 1.5
      vertex 298.3580000028014 16.51027099788189 1.5
    endloop
  endfacet
  facet normal 0 0 1
    outer loop
      vertex 311.6416459977627 14.433525003492832 1.5
      vertex 311.95686300098896 14.534766003489494 1.5
      vertex 298.3580000028014 16.51027099788189 1.5
    endloop
  endfacet
  facet normal 0 0 1
    outer loop
      vertex 311.60100600123405 14.418499998748302 1.5
      vertex 311.6416459977627 14.433525003492832 1.5
      vertex 298.3580000028014 16.51027099788189 1.5
    endloop
  endfacet
  facet normal 0 0 1
    outer loop
      vertex 311.52479200065136 14.386501997709274 1.5
      vertex 311.60100600123405 14.418499998748302 1.5
      vertex 298.3580000028014 16.51027099788189 1.5
    endloop
  endfacet
  facet normal 0 0 1
    outer loop
      vertex 311.50340899825096 14.37626700103283 1.5
      vertex 311.52479200065136 14.386501997709274 1.5
      vertex 298.3580000028014 16.51027099788189 1.5
    endloop
  endfacet
  facet normal 0 0 1
    outer loop
      vertex 311.50340899825096 14.37626700103283 1.5
      vertex 298.3580000028014 16.51027099788189 1.5
      vertex 298.3580000028014 2.5397289991378784 1.5
    endloop
  endfacet
  facet normal 0 0 1
    outer loop
      vertex 311.50225000083447 14.35258899629116 1.5
      vertex 311.50340899825096 14.37626700103283 1.5
      vertex 298.3580000028014 2.5397289991378784 1.5
    endloop
  endfacet
  facet normal 0 0 1
    outer loop
      vertex 311.50225000083447 -2 1.5
      vertex 311.50225000083447 14.35258899629116 1.5
      vertex 298.3580000028014 2.5397289991378784 1.5
    endloop
  endfacet
  facet normal 0 0 1
    outer loop
      vertex 311.50225000083447 -2 1.5
      vertex 298.3580000028014 2.5397289991378784 1.5
      vertex 298.35730999708176 2.525689996778965 1.5
    endloop
  endfacet
  facet normal 0 0 1
    outer loop
      vertex 311.49743500351906 -2.0980169996619225 1.5
      vertex 311.50225000083447 -2 1.5
      vertex 298.35730999708176 2.525689996778965 1.5
    endloop
  endfacet
  facet normal 0 0 1
    outer loop
      vertex 311.4830349981785 -2.195090003311634 1.5
      vertex 311.49743500351906 -2.0980169996619225 1.5
      vertex 298.35730999708176 2.525689996778965 1.5
    endloop
  endfacet
  facet normal 0 0 1
    outer loop
      vertex 311.4591900035739 -2.290284998714924 1.5
      vertex 311.4830349981785 -2.195090003311634 1.5
      vertex 298.35730999708176 2.525689996778965 1.5
    endloop
  endfacet
  facet normal 0 0 1
    outer loop
      vertex 311.4261299967766 -2.382683001458645 1.5
      vertex 311.4591900035739 -2.290284998714924 1.5
      vertex 298.35730999708176 2.525689996778965 1.5
    endloop
  endfacet
  facet normal 0 0 1
    outer loop
      vertex 311.38417100161314 -2.4713969975709915 1.5
      vertex 311.4261299967766 -2.382683001458645 1.5
      vertex 298.35730999708176 2.525689996778965 1.5
    endloop
  endfacet
  facet normal 0 0 1
    outer loop
      vertex 311.3337199985981 -2.555569998919964 1.5
      vertex 311.38417100161314 -2.4713969975709915 1.5
      vertex 298.35730999708176 2.525689996778965 1.5
    endloop
  endfacet
  facet normal 0 0 1
    outer loop
      vertex 311.275260001421 -2.634392999112606 1.5
      vertex 311.3337199985981 -2.555569998919964 1.5
      vertex 298.35730999708176 2.525689996778965 1.5
    endloop
  endfacet
  facet normal 0 0 1
    outer loop
      vertex 311.2093570008874 -2.707107000052929 1.5
      vertex 311.275260001421 -2.634392999112606 1.5
      vertex 298.35730999708176 2.525689996778965 1.5
    endloop
  endfacet
  facet normal 0 0 1
    outer loop
      vertex 311.13664299994707 -2.7730100005865097 1.5
      vertex 311.2093570008874 -2.707107000052929 1.5
      vertex 298.35730999708176 2.525689996778965 1.5
    endloop
  endfacet
  facet normal 0 0 1
    outer loop
      vertex 311.05781999975443 -2.8314699977636337 1.5
      vertex 311.13664299994707 -2.7730100005865097 1.5
      vertex 298.35730999708176 2.525689996778965 1.5
    endloop
  endfacet
  facet normal 0 0 1
    outer loop
      vertex 310.97364699840546 -2.881921000778675 1.5
      vertex 311.05781999975443 -2.8314699977636337 1.5
      vertex 298.35730999708176 2.525689996778965 1.5
    endloop
  endfacet
  facet normal 0 0 1
    outer loop
      vertex 310.8849330022931 -2.9238800033926964 1.5
      vertex 310.97364699840546 -2.881921000778675 1.5
      vertex 298.35730999708176 2.525689996778965 1.5
    endloop
  endfacet
  facet normal 0 0 1
    outer loop
      vertex 310.7925349995494 -2.9569400027394295 1.5
      vertex 310.8849330022931 -2.9238800033926964 1.5
      vertex 298.35730999708176 2.525689996778965 1.5
    endloop
  endfacet
  facet normal 0 0 1
    outer loop
      vertex 310.6973399966955 -2.980784997344017 1.5
      vertex 310.7925349995494 -2.9569400027394295 1.5
      vertex 298.35730999708176 2.525689996778965 1.5
    endloop
  endfacet
  facet normal 0 0 1
    outer loop
      vertex 310.6002670004964 -2.995185002684593 1.5
      vertex 310.6973399966955 -2.980784997344017 1.5
      vertex 298.35730999708176 2.525689996778965 1.5
    endloop
  endfacet
  facet normal 0 0 1
    outer loop
      vertex 310.50225000083447 -3 1.5
      vertex 310.6002670004964 -2.995185002684593 1.5
      vertex 298.35730999708176 2.525689996778965 1.5
    endloop
  endfacet
  facet normal 0 0 1
    outer loop
      vertex 315.50225000083447 57.939583003520966 1.5
      vertex 303.59600000083447 73.66027099639177 1.5
      vertex 303.59600000083447 59.68972899764776 1.5
    endloop
  endfacet
  facet normal 0 0 1
    outer loop
      vertex 315.50225000083447 57.939583003520966 1.5
      vertex 303.59600000083447 59.68972899764776 1.5
      vertex 303.5953100025654 59.67569000273943 1.5
    endloop
  endfacet
  facet normal 0 0 1
    outer loop
      vertex 315.4974739998579 57.84196300059557 1.5
      vertex 315.50225000083447 57.939583003520966 1.5
      vertex 303.5953100025654 59.67569000273943 1.5
    endloop
  endfacet
  facet normal 0 0 1
    outer loop
      vertex 173.5226550027728 96.64492899924517 1.5
      vertex 187.41780699789524 95.1955230012536 1.5
      vertex 188.97999600321054 96.47535599768162 1.5
    endloop
  endfacet
  facet normal 0 0 1
    outer loop
      vertex 315.483190998435 57.745277002453804 1.5
      vertex 315.4974739998579 57.84196300059557 1.5
      vertex 303.5953100025654 59.67569000273943 1.5
    endloop
  endfacet
  facet normal 0 0 1
    outer loop
      vertex 315.45953799784184 57.650445997714996 1.5
      vertex 315.483190998435 57.745277002453804 1.5
      vertex 303.5953100025654 59.67569000273943 1.5
    endloop
  endfacet
  facet normal 0 0 1
    outer loop
      vertex 315.4267409965396 57.558378003537655 1.5
      vertex 315.45953799784184 57.650445997714996 1.5
      vertex 303.5953100025654 59.67569000273943 1.5
    endloop
  endfacet
  facet normal 0 0 1
    outer loop
      vertex 315.38511200249195 57.46994999796152 1.5
      vertex 315.4267409965396 57.558378003537655 1.5
      vertex 303.5953100025654 59.67569000273943 1.5
    endloop
  endfacet
  facet normal 0 0 1
    outer loop
      vertex 315.33505000174046 57.386009000241756 1.5
      vertex 315.38511200249195 57.46994999796152 1.5
      vertex 303.5953100025654 59.67569000273943 1.5
    endloop
  endfacet
  facet normal 0 0 1
    outer loop
      vertex 315.27703300118446 57.307355999946594 1.5
      vertex 315.33505000174046 57.386009000241756 1.5
      vertex 303.5953100025654 59.67569000273943 1.5
    endloop
  endfacet
  facet normal 0 0 1
    outer loop
      vertex 315.2116150036454 57.23474200069904 1.5
      vertex 315.27703300118446 57.307355999946594 1.5
      vertex 303.5953100025654 59.67569000273943 1.5
    endloop
  endfacet
  facet normal 0 0 1
    outer loop
      vertex 315.1394210010767 57.168861001729965 1.5
      vertex 315.2116150036454 57.23474200069904 1.5
      vertex 303.5953100025654 59.67569000273943 1.5
    endloop
  endfacet
  facet normal 0 0 1
    outer loop
      vertex 315.06114099919796 57.110342003405094 1.5
      vertex 315.1394210010767 57.168861001729965 1.5
      vertex 303.5953100025654 59.67569000273943 1.5
    endloop
  endfacet
  facet normal 0 0 1
    outer loop
      vertex 314.97752200067043 57.059744000434875 1.5
      vertex 315.06114099919796 57.110342003405094 1.5
      vertex 303.5953100025654 59.67569000273943 1.5
    endloop
  endfacet
  facet normal 0 0 1
    outer loop
      vertex 314.88936299830675 57.01754999905825 1.5
      vertex 314.97752200067043 57.059744000434875 1.5
      vertex 303.5953100025654 59.67569000273943 1.5
    endloop
  endfacet
  facet normal 0 0 1
    outer loop
      vertex 314.82350800186396 56.98990099877119 1.5
      vertex 314.88936299830675 57.01754999905825 1.5
      vertex 303.5953100025654 59.67569000273943 1.5
    endloop
  endfacet
  facet normal 0 0 1
    outer loop
      vertex 314.7421879991889 56.95983500033617 1.5
      vertex 314.82350800186396 56.98990099877119 1.5
      vertex 303.5953100025654 59.67569000273943 1.5
    endloop
  endfacet
  facet normal 0 0 1
    outer loop
      vertex 314.4599220007658 56.869177997112274 1.5
      vertex 314.7421879991889 56.95983500033617 1.5
      vertex 303.5953100025654 59.67569000273943 1.5
    endloop
  endfacet
  facet normal 0 0 1
    outer loop
      vertex 314.41041500121355 56.85467500239611 1.5
      vertex 314.4599220007658 56.869177997112274 1.5
      vertex 303.5953100025654 59.67569000273943 1.5
    endloop
  endfacet
  facet normal 0 0 1
    outer loop
      vertex 314.06102199852467 56.7620360031724 1.5
      vertex 314.41041500121355 56.85467500239611 1.5
      vertex 303.5953100025654 59.67569000273943 1.5
    endloop
  endfacet
  facet normal 0 0 1
    outer loop
      vertex 314.0324349999428 56.75490599870682 1.5
      vertex 314.06102199852467 56.7620360031724 1.5
      vertex 303.5953100025654 59.67569000273943 1.5
    endloop
  endfacet
  facet normal 0 0 1
    outer loop
      vertex 273.42674999684095 17.96000000089407 1.5
      vertex 273.42674999684095 16.524999998509884 1.5
      vertex 290.23924999684095 16.524999998509884 1.5
    endloop
  endfacet
  facet normal 0 0 1
    outer loop
      vertex 294.0703099966049 54.62431000173092 1.5
      vertex 294.0710000023246 54.610270999372005 1.5
      vertex 311.50225000083447 56.08629900217056 1.5
    endloop
  endfacet
  facet normal 0 0 1
    outer loop
      vertex 294.0703099966049 54.62431000173092 1.5
      vertex 311.50225000083447 56.08629900217056 1.5
      vertex 311.50340899825096 56.10997699946165 1.5
    endloop
  endfacet
  facet normal 0 0 1
    outer loop
      vertex 273.42674999684095 17.96000000089407 1.5
      vertex 290.23924999684095 16.524999998509884 1.5
      vertex 290.23924999684095 17.96000000089407 1.5
    endloop
  endfacet
  facet normal 0 0 1
    outer loop
      vertex 310.50225000083447 -3 1.5
      vertex 298.35730999708176 2.525689996778965 1.5
      vertex 298.3432710021734 2.524999998509884 1.5
    endloop
  endfacet
  facet normal 0 0 1
    outer loop
      vertex 310.50225000083447 -3 1.5
      vertex 298.3432710021734 2.524999998509884 1.5
      vertex 297.23924999684095 2.3599999994039536 1.5
    endloop
  endfacet
  facet normal 0 0 1
    outer loop
      vertex 311.52479200065136 79.01349700242281 1.5
      vertex 311.50340899825096 79.02373100072145 1.5
      vertex 301.2143099978566 78.7256899997592 1.5
    endloop
  endfacet
  facet normal 0 0 1
    outer loop
      vertex 301.2002710029483 92.72500000149012 1.5
      vertex 301.2143099978566 92.72431000322104 1.5
      vertex 311.50225000083447 97.25 1.5
    endloop
  endfacet
  facet normal 0 0 1
    outer loop
      vertex 311.60100600123405 78.98149900138378 1.5
      vertex 311.52479200065136 79.01349700242281 1.5
      vertex 301.2143099978566 78.7256899997592 1.5
    endloop
  endfacet
  facet normal 0 0 1
    outer loop
      vertex 310.50225000083447 -3 1.5
      vertex 297.23924999684095 2.3599999994039536 1.5
      vertex 290.23924999684095 2.3599999994039536 1.5
    endloop
  endfacet
  facet normal 0 0 1
    outer loop
      vertex 311.6416459977627 78.96647299826145 1.5
      vertex 311.60100600123405 78.98149900138378 1.5
      vertex 301.2143099978566 78.7256899997592 1.5
    endloop
  endfacet
  facet normal 0 0 1
    outer loop
      vertex 294.0703099966049 54.62431000173092 1.5
      vertex 311.50340899825096 56.10997699946165 1.5
      vertex 311.52479200065136 56.12021200358868 1.5
    endloop
  endfacet
  facet normal 0 0 1
    outer loop
      vertex 297.23924999684095 17.96000000089407 1.5
      vertex 295.485270999372 21.575000002980232 1.5
      vertex 281.514729000628 21.575000002980232 1.5
    endloop
  endfacet
  facet normal 0 0 1
    outer loop
      vertex 311.95686300098896 78.86523199826479 1.5
      vertex 311.6416459977627 78.96647299826145 1.5
      vertex 301.2143099978566 78.7256899997592 1.5
    endloop
  endfacet
  facet normal 0 0 1
    outer loop
      vertex 314.0324349999428 56.75490599870682 1.5
      vertex 303.5953100025654 59.67569000273943 1.5
      vertex 303.58127100020647 59.67499999701977 1.5
    endloop
  endfacet
  facet normal 0 0 1
    outer loop
      vertex 314.0324349999428 56.75490599870682 1.5
      vertex 303.58127100020647 59.67499999701977 1.5
      vertex 302.4772500023246 59.50999999791384 1.5
    endloop
  endfacet
  facet normal 0 0 1
    outer loop
      vertex 294.0703099966049 54.62431000173092 1.5
      vertex 311.52479200065136 56.12021200358868 1.5
      vertex 311.60100600123405 56.152208998799324 1.5
    endloop
  endfacet
  facet normal 0 0 1
    outer loop
      vertex 311.9816130027175 78.8579820021987 1.5
      vertex 311.95686300098896 78.86523199826479 1.5
      vertex 301.2143099978566 78.7256899997592 1.5
    endloop
  endfacet
  facet normal 0 0 1
    outer loop
      vertex 233.55507399886847 35.60260400176048 1.5
      vertex 233.55560100078583 35.58855699747801 1.5
      vertex 295.485270999372 35.57500000298023 1.5
    endloop
  endfacet
  facet normal 0 0 1
    outer loop
      vertex 312.3505989983678 78.7601480036974 1.5
      vertex 311.9816130027175 78.8579820021987 1.5
      vertex 301.2143099978566 78.7256899997592 1.5
    endloop
  endfacet
  facet normal 0 0 1
    outer loop
      vertex 294.0703099966049 54.62431000173092 1.5
      vertex 311.60100600123405 56.152208998799324 1.5
      vertex 311.6416459977627 56.167235001921654 1.5
    endloop
  endfacet
  facet normal 0 0 1
    outer loop
      vertex 271.6647500023246 75.10999999940395 1.5
      vertex 204.309197999537 74.5356639996171 1.5
      vertex 204.30876400321722 74.52161400020123 1.5
    endloop
  endfacet
  facet normal 0 0 1
    outer loop
      vertex 310.50225000083447 -3 1.5
      vertex 290.23924999684095 2.3599999994039536 1.5
      vertex 273.42674999684095 2.3599999994039536 1.5
    endloop
  endfacet
  facet normal 0 0 1
    outer loop
      vertex 240.83977700024843 -3 1.5
      vertex 310.50225000083447 -3 1.5
      vertex 273.42674999684095 2.3599999994039536 1.5
    endloop
  endfacet
  facet normal 0 0 1
    outer loop
      vertex 240.83977700024843 -3 1.5
      vertex 273.42674999684095 2.3599999994039536 1.5
      vertex 266.42674999684095 2.3599999994039536 1.5
    endloop
  endfacet
  facet normal 0 0 1
    outer loop
      vertex 240.83977700024843 -3 1.5
      vertex 266.42674999684095 2.3599999994039536 1.5
      vertex 265.32272899895906 2.524999998509884 1.5
    endloop
  endfacet
  facet normal 0 0 1
    outer loop
      vertex 240.83977700024843 -3 1.5
      vertex 265.32272899895906 2.524999998509884 1.5
      vertex 265.30868999660015 2.525689996778965 1.5
    endloop
  endfacet
  facet normal 0 0 1
    outer loop
      vertex 240.83977700024843 -3 1.5
      vertex 265.30868999660015 2.525689996778965 1.5
      vertex 260.2573100030422 2.525689996778965 1.5
    endloop
  endfacet
  facet normal 0 0 1
    outer loop
      vertex 240.83977700024843 -3 1.5
      vertex 260.2573100030422 2.525689996778965 1.5
      vertex 260.2432710006833 2.524999998509884 1.5
    endloop
  endfacet
  facet normal 0 0 1
    outer loop
      vertex 240.83977700024843 -3 1.5
      vertex 260.2432710006833 2.524999998509884 1.5
      vertex 246.2727290019393 2.524999998509884 1.5
    endloop
  endfacet
  facet normal 0 0 1
    outer loop
      vertex 240.83977700024843 -3 1.5
      vertex 246.2727290019393 2.524999998509884 1.5
      vertex 246.25868999958038 2.525689996778965 1.5
    endloop
  endfacet
  facet normal 0 0 1
    outer loop
      vertex 240.83977700024843 -3 1.5
      vertex 246.25868999958038 2.525689996778965 1.5
      vertex 241.17039100080729 2.530801996588707 1.5
    endloop
  endfacet
  facet normal 0 0 1
    outer loop
      vertex 240.83977700024843 -3 1.5
      vertex 241.17039100080729 2.530801996588707 1.5
      vertex 241.15635000169277 2.5301420018076897 1.5
    endloop
  endfacet
  facet normal 0 0 1
    outer loop
      vertex 240.78226199746132 -2.9983450025320053 1.5
      vertex 240.83977700024843 -3 1.5
      vertex 241.15635000169277 2.5301420018076897 1.5
    endloop
  endfacet
  facet normal 0 0 1
    outer loop
      vertex 240.70528399944305 -2.993909999728203 1.5
      vertex 240.78226199746132 -2.9983450025320053 1.5
      vertex 241.15635000169277 2.5301420018076897 1.5
    endloop
  endfacet
  facet normal 0 0 1
    outer loop
      vertex 240.70528399944305 -2.993909999728203 1.5
      vertex 241.15635000169277 2.5301420018076897 1.5
      vertex 227.18584000319242 2.559890002012253 1.5
    endloop
  endfacet
  facet normal 0 0 1
    outer loop
      vertex 226.5929969996214 -2.9638610035181046 1.5
      vertex 240.70528399944305 -2.993909999728203 1.5
      vertex 227.18584000319242 2.559890002012253 1.5
    endloop
  endfacet
  facet normal 0 0 1
    outer loop
      vertex 226.5929969996214 -2.9638610035181046 1.5
      vertex 227.18584000319242 2.559890002012253 1.5
      vertex 227.1718019992113 2.560608997941017 1.5
    endloop
  endfacet
  facet normal 0 0 1
    outer loop
      vertex 226.5692299976945 -2.9649510011076927 1.5
      vertex 226.5929969996214 -2.9638610035181046 1.5
      vertex 227.1718019992113 2.560608997941017 1.5
    endloop
  endfacet
  facet normal 0 0 1
    outer loop
      vertex 226.54402700066566 -2.973684996366501 1.5
      vertex 226.5692299976945 -2.9649510011076927 1.5
      vertex 227.1718019992113 2.560608997941017 1.5
    endloop
  endfacet
  facet normal 0 0 1
    outer loop
      vertex 226.50840800255537 -2.98802600055933 1.5
      vertex 226.54402700066566 -2.973684996366501 1.5
      vertex 227.1718019992113 2.560608997941017 1.5
    endloop
  endfacet
  facet normal 0 0 1
    outer loop
      vertex 226.41879300028086 -3.01469299942255 1.5
      vertex 226.50840800255537 -2.98802600055933 1.5
      vertex 227.1718019992113 2.560608997941017 1.5
    endloop
  endfacet
  facet normal 0 0 1
    outer loop
      vertex 226.32707899808884 -3.0328740030527115 1.5
      vertex 226.41879300028086 -3.01469299942255 1.5
      vertex 227.1718019992113 2.560608997941017 1.5
    endloop
  endfacet
  facet normal 0 0 1
    outer loop
      vertex 226.2340670004487 -3.0424100011587143 1.5
      vertex 226.32707899808884 -3.0328740030527115 1.5
      vertex 227.1718019992113 2.560608997941017 1.5
    endloop
  endfacet
  facet normal 0 0 1
    outer loop
      vertex 226.14057099819183 -3.0432170033454895 1.5
      vertex 226.2340670004487 -3.0424100011587143 1.5
      vertex 227.1718019992113 2.560608997941017 1.5
    endloop
  endfacet
  facet normal 0 0 1
    outer loop
      vertex 223.91999600082636 -2.9584930017590523 1.5
      vertex 226.14057099819183 -3.0432170033454895 1.5
      vertex 227.1718019992113 2.560608997941017 1.5
    endloop
  endfacet
  facet normal 0 0 1
    outer loop
      vertex 223.90199899673462 -2.9581310003995895 1.5
      vertex 223.91999600082636 -2.9584930017590523 1.5
      vertex 227.1718019992113 2.560608997941017 1.5
    endloop
  endfacet
  facet normal 0 0 1
    outer loop
      vertex 222.02958299964666 -2.95414400100708 1.5
      vertex 223.90199899673462 -2.9581310003995895 1.5
      vertex 227.1718019992113 2.560608997941017 1.5
    endloop
  endfacet
  facet normal 0 0 1
    outer loop
      vertex 221.9367910027504 -2.9496309980750084 1.5
      vertex 222.02958299964666 -2.95414400100708 1.5
      vertex 227.1718019992113 2.560608997941017 1.5
    endloop
  endfacet
  facet normal 0 0 1
    outer loop
      vertex 221.84481800347567 -2.9365260004997253 1.5
      vertex 221.9367910027504 -2.9496309980750084 1.5
      vertex 227.1718019992113 2.560608997941017 1.5
    endloop
  endfacet
  facet normal 0 0 1
    outer loop
      vertex 221.7544580027461 -2.9149419963359833 1.5
      vertex 221.84481800347567 -2.9365260004997253 1.5
      vertex 227.1718019992113 2.560608997941017 1.5
    endloop
  endfacet
  facet normal 0 0 1
    outer loop
      vertex 221.6664910018444 -2.8850670009851456 1.5
      vertex 221.7544580027461 -2.9149419963359833 1.5
      vertex 227.1718019992113 2.560608997941017 1.5
    endloop
  endfacet
  facet normal 0 0 1
    outer loop
      vertex 221.63426899909973 -2.8724249973893166 1.5
      vertex 221.6664910018444 -2.8850670009851456 1.5
      vertex 227.1718019992113 2.560608997941017 1.5
    endloop
  endfacet
  facet normal 0 0 1
    outer loop
      vertex 221.61056499928236 -2.870379000902176 1.5
      vertex 221.63426899909973 -2.8724249973893166 1.5
      vertex 227.1718019992113 2.560608997941017 1.5
    endloop
  endfacet
  facet normal 0 0 1
    outer loop
      vertex 221.61056499928236 -2.870379000902176 1.5
      vertex 227.1718019992113 2.560608997941017 1.5
      vertex 227.1711419969797 2.5746499970555305 1.5
    endloop
  endfacet
  facet normal 0 0 1
    outer loop
      vertex 221.61056499928236 -2.870379000902176 1.5
      vertex 227.1711419969797 2.5746499970555305 1.5
      vertex 227.20088999718428 16.54516000300646 1.5
    endloop
  endfacet
  facet normal 0 0 1
    outer loop
      vertex 271.6647500023246 73.67499999701977 1.5
      vertex 271.6647500023246 75.10999999940395 1.5
      vertex 204.30876400321722 74.52161400020123 1.5
    endloop
  endfacet
  facet normal 0 0 1
    outer loop
      vertex 172.25822199881077 98.21960800141096 1.5
      vertex 235.34627299755812 98.14697299897671 1.5
      vertex 202.66409099847078 99.1614909991622 1.5
    endloop
  endfacet
  facet normal 0 0 1
    outer loop
      vertex 172.25822199881077 98.21960800141096 1.5
      vertex 202.66409099847078 99.1614909991622 1.5
      vertex 202.62774299830198 99.16394700109959 1.5
    endloop
  endfacet
  facet normal 0 0 1
    outer loop
      vertex 172.25822199881077 98.21960800141096 1.5
      vertex 202.62774299830198 99.16394700109959 1.5
      vertex 157.7344420030713 103.84677799791098 1.5
    endloop
  endfacet
  facet normal 0 0 1
    outer loop
      vertex 165.29599600285292 98.94583900272846 1.5
      vertex 172.25822199881077 98.21960800141096 1.5
      vertex 157.7344420030713 103.84677799791098 1.5
    endloop
  endfacet
  facet normal 0 0 1
    outer loop
      vertex 163.6775370016694 83.43002200126648 1.5
      vertex 165.29599600285292 98.94583900272846 1.5
      vertex 157.7344420030713 103.84677799791098 1.5
    endloop
  endfacet
  facet normal 0 0 1
    outer loop
      vertex 163.6775370016694 83.43002200126648 1.5
      vertex 157.7344420030713 103.84677799791098 1.5
      vertex 157.63950999826193 103.85213500261307 1.5
    endloop
  endfacet
  facet normal 0 0 1
    outer loop
      vertex 163.6775370016694 83.43002200126648 1.5
      vertex 157.63950999826193 103.85213500261307 1.5
      vertex 157.54449799656868 103.84845200181007 1.5
    endloop
  endfacet
  facet normal 0 0 1
    outer loop
      vertex 163.6775370016694 83.43002200126648 1.5
      vertex 157.54449799656868 103.84845200181007 1.5
      vertex 157.4502660036087 103.83576200157404 1.5
    endloop
  endfacet
  facet normal 0 0 1
    outer loop
      vertex 163.6775370016694 83.43002200126648 1.5
      vertex 157.4502660036087 103.83576200157404 1.5
      vertex 157.35766500234604 103.81417900323868 1.5
    endloop
  endfacet
  facet normal 0 0 1
    outer loop
      vertex 163.6775370016694 83.43002200126648 1.5
      vertex 157.35766500234604 103.81417900323868 1.5
      vertex 157.26753199845552 103.78390000015497 1.5
    endloop
  endfacet
  facet normal 0 0 1
    outer loop
      vertex 163.6775370016694 83.43002200126648 1.5
      vertex 157.26753199845552 103.78390000015497 1.5
      vertex 157.18068300187588 103.74519699811935 1.5
    endloop
  endfacet
  facet normal 0 0 1
    outer loop
      vertex 163.6775370016694 83.43002200126648 1.5
      vertex 157.18068300187588 103.74519699811935 1.5
      vertex 157.0979019999504 103.69842000305653 1.5
    endloop
  endfacet
  facet normal 0 0 1
    outer loop
      vertex 163.6775370016694 83.43002200126648 1.5
      vertex 157.0979019999504 103.69842000305653 1.5
      vertex 157.01993799954653 103.64399199932814 1.5
    endloop
  endfacet
  facet normal 0 0 1
    outer loop
      vertex 163.6775370016694 83.43002200126648 1.5
      vertex 157.01993799954653 103.64399199932814 1.5
      vertex 156.94749499857426 103.58240599930286 1.5
    endloop
  endfacet
  facet normal 0 0 1
    outer loop
      vertex 163.6775370016694 83.43002200126648 1.5
      vertex 156.94749499857426 103.58240599930286 1.5
      vertex 156.8812289983034 103.51421800255775 1.5
    endloop
  endfacet
  facet normal 0 0 1
    outer loop
      vertex 163.6775370016694 83.43002200126648 1.5
      vertex 156.8812289983034 103.51421800255775 1.5
      vertex 156.82173900306225 103.44004400074482 1.5
    endloop
  endfacet
  facet normal 0 0 1
    outer loop
      vertex 163.6775370016694 83.43002200126648 1.5
      vertex 156.82173900306225 103.44004400074482 1.5
      vertex 156.76956299692392 103.360555998981 1.5
    endloop
  endfacet
  facet normal 0 0 1
    outer loop
      vertex 163.6775370016694 83.43002200126648 1.5
      vertex 156.76956299692392 103.360555998981 1.5
      vertex 156.7251719981432 103.27647200226784 1.5
    endloop
  endfacet
  facet normal 0 0 1
    outer loop
      vertex 163.6775370016694 83.43002200126648 1.5
      vertex 156.7251719981432 103.27647200226784 1.5
      vertex 156.6889669969678 103.18855100125074 1.5
    endloop
  endfacet
  facet normal 0 0 1
    outer loop
      vertex 163.6775370016694 83.43002200126648 1.5
      vertex 156.6889669969678 103.18855100125074 1.5
      vertex 156.6612770035863 103.09758999943733 1.5
    endloop
  endfacet
  facet normal 0 0 1
    outer loop
      vertex 163.6775370016694 83.43002200126648 1.5
      vertex 156.6612770035863 103.09758999943733 1.5
      vertex 156.65678399801254 103.07547400146723 1.5
    endloop
  endfacet
  facet normal 0 0 1
    outer loop
      vertex 163.6775370016694 83.43002200126648 1.5
      vertex 156.65678399801254 103.07547400146723 1.5
      vertex 156.64826100319624 103.0421779975295 1.5
    endloop
  endfacet
  facet normal 0 0 1
    outer loop
      vertex 163.6775370016694 83.43002200126648 1.5
      vertex 156.64826100319624 103.0421779975295 1.5
      vertex 156.62474700063467 103.04102700203657 1.5
    endloop
  endfacet
  facet normal 0 0 1
    outer loop
      vertex 163.6775370016694 83.43002200126648 1.5
      vertex 156.62474700063467 103.04102700203657 1.5
      vertex 156.4589999988675 103.04102700203657 1.5
    endloop
  endfacet
  facet normal 0 0 1
    outer loop
      vertex 163.6775370016694 83.43002200126648 1.5
      vertex 156.4589999988675 103.04102700203657 1.5
      vertex 156.3609829992056 103.03621199727058 1.5
    endloop
  endfacet
  facet normal 0 0 1
    outer loop
      vertex 163.6775370016694 83.43002200126648 1.5
      vertex 156.3609829992056 103.03621199727058 1.5
      vertex 156.26391000300646 103.02181199938059 1.5
    endloop
  endfacet
  facet normal 0 0 1
    outer loop
      vertex 163.6775370016694 83.43002200126648 1.5
      vertex 156.26391000300646 103.02181199938059 1.5
      vertex 156.1687150001526 102.99796699732542 1.5
    endloop
  endfacet
  facet normal 0 0 1
    outer loop
      vertex 163.6775370016694 83.43002200126648 1.5
      vertex 156.1687150001526 102.99796699732542 1.5
      vertex 156.07631699740887 102.96490699797869 1.5
    endloop
  endfacet
  facet normal 0 0 1
    outer loop
      vertex 163.6775370016694 83.43002200126648 1.5
      vertex 156.07631699740887 102.96490699797869 1.5
      vertex 155.98760300129652 102.92294800281525 1.5
    endloop
  endfacet
  facet normal 0 0 1
    outer loop
      vertex 163.6775370016694 83.43002200126648 1.5
      vertex 155.98760300129652 102.92294800281525 1.5
      vertex 155.90342999994755 102.8724969998002 1.5
    endloop
  endfacet
  facet normal 0 0 1
    outer loop
      vertex 163.6775370016694 83.43002200126648 1.5
      vertex 155.90342999994755 102.8724969998002 1.5
      vertex 155.8246069997549 102.81403800100088 1.5
    endloop
  endfacet
  facet normal 0 0 1
    outer loop
      vertex 163.6775370016694 83.43002200126648 1.5
      vertex 155.8246069997549 102.81403800100088 1.5
      vertex 155.75189299881458 102.7481340020895 1.5
    endloop
  endfacet
  facet normal 0 0 1
    outer loop
      vertex 163.6775370016694 83.43002200126648 1.5
      vertex 155.75189299881458 102.7481340020895 1.5
      vertex 155.685989998281 102.67542000114918 1.5
    endloop
  endfacet
  facet normal 0 0 1
    outer loop
      vertex 163.6775370016694 83.43002200126648 1.5
      vertex 155.685989998281 102.67542000114918 1.5
      vertex 155.62753000110388 102.59659700095654 1.5
    endloop
  endfacet
  facet normal 0 0 1
    outer loop
      vertex 163.6775370016694 83.43002200126648 1.5
      vertex 155.62753000110388 102.59659700095654 1.5
      vertex 155.57707899808884 102.51242399960756 1.5
    endloop
  endfacet
  facet normal 0 0 1
    outer loop
      vertex 163.6775370016694 83.43002200126648 1.5
      vertex 155.57707899808884 102.51242399960756 1.5
      vertex 155.5351200029254 102.42371100187302 1.5
    endloop
  endfacet
  facet normal 0 0 1
    outer loop
      vertex 163.6775370016694 83.43002200126648 1.5
      vertex 155.5351200029254 102.42371100187302 1.5
      vertex 155.50206000357866 102.3313120007515 1.5
    endloop
  endfacet
  facet normal 0 0 1
    outer loop
      vertex 163.6775370016694 83.43002200126648 1.5
      vertex 155.50206000357866 102.3313120007515 1.5
      vertex 155.4782150015235 102.23611699789762 1.5
    endloop
  endfacet
  facet normal 0 0 1
    outer loop
      vertex 163.6775370016694 83.43002200126648 1.5
      vertex 155.4782150015235 102.23611699789762 1.5
      vertex 155.4638150036335 102.1390440016985 1.5
    endloop
  endfacet
  facet normal 0 0 1
    outer loop
      vertex 163.6775370016694 83.43002200126648 1.5
      vertex 155.4638150036335 102.1390440016985 1.5
      vertex 155.4589999988675 102.04102700203657 1.5
    endloop
  endfacet
  facet normal 0 0 1
    outer loop
      vertex 163.6775370016694 83.43002200126648 1.5
      vertex 155.4589999988675 102.04102700203657 1.5
      vertex 155.4589999988675 81.18760000169277 1.5
    endloop
  endfacet
  facet normal 0 0 1
    outer loop
      vertex 163.6775370016694 83.43002200126648 1.5
      vertex 155.4589999988675 81.18760000169277 1.5
      vertex 155.45784100145102 81.1639209985733 1.5
    endloop
  endfacet
  facet normal 0 0 1
    outer loop
      vertex 170.63976299762726 82.70379099994898 1.5
      vertex 163.6775370016694 83.43002200126648 1.5
      vertex 155.45784100145102 81.1639209985733 1.5
    endloop
  endfacet
  facet normal 0 0 1
    outer loop
      vertex 170.63976299762726 82.70379099994898 1.5
      vertex 155.45784100145102 81.1639209985733 1.5
      vertex 155.43645799905062 81.15368700027466 1.5
    endloop
  endfacet
  facet normal 0 0 1
    outer loop
      vertex 170.63976299762726 82.70379099994898 1.5
      vertex 155.43645799905062 81.15368700027466 1.5
      vertex 155.36024399846792 81.12168899923563 1.5
    endloop
  endfacet
  facet normal 0 0 1
    outer loop
      vertex 170.63976299762726 82.70379099994898 1.5
      vertex 155.36024399846792 81.12168899923563 1.5
      vertex 155.3196040019393 81.10666300356388 1.5
    endloop
  endfacet
  facet normal 0 0 1
    outer loop
      vertex 312.36489100009203 78.75658299773932 1.5
      vertex 312.3505989983678 78.7601480036974 1.5
      vertex 301.2143099978566 78.7256899997592 1.5
    endloop
  endfacet
  facet normal 0 0 1
    outer loop
      vertex 311.50225000083447 37.31369999796152 1.5
      vertex 294.0703099966049 40.62568999826908 1.5
      vertex 294.0562710016966 40.625 1.5
    endloop
  endfacet
  facet normal 0 0 1
    outer loop
      vertex 314.0324349999428 56.75490599870682 1.5
      vertex 302.4772500023246 59.50999999791384 1.5
      vertex 295.4772500023246 59.50999999791384 1.5
    endloop
  endfacet
  facet normal 0 0 1
    outer loop
      vertex 312.77653799951077 78.66036900132895 1.5
      vertex 312.36489100009203 78.75658299773932 1.5
      vertex 301.2143099978566 78.7256899997592 1.5
    endloop
  endfacet
  facet normal 0 0 1
    outer loop
      vertex 221.61056499928236 -2.870379000902176 1.5
      vertex 227.20088999718428 16.54516000300646 1.5
      vertex 227.20160900056362 16.55919799953699 1.5
    endloop
  endfacet
  facet normal 0 0 1
    outer loop
      vertex 229.72562900185585 54.66940300166607 1.5
      vertex 229.72604800015688 54.655351996421814 1.5
      vertex 294.0562710016966 54.625 1.5
    endloop
  endfacet
  facet normal 0 0 1
    outer loop
      vertex 282.4677290022373 92.72500000149012 1.5
      vertex 301.2002710029483 92.72500000149012 1.5
      vertex 224.93636199831963 92.92771899700165 1.5
    endloop
  endfacet
  facet normal 0 0 1
    outer loop
      vertex 282.45307099819183 92.72427999973297 1.5
      vertex 282.4677290022373 92.72500000149012 1.5
      vertex 224.93636199831963 92.92771899700165 1.5
    endloop
  endfacet
  facet normal 0 0 1
    outer loop
      vertex 282.45146200060844 92.72404100000858 1.5
      vertex 282.45307099819183 92.72427999973297 1.5
      vertex 224.93636199831963 92.92771899700165 1.5
    endloop
  endfacet
  facet normal 0 0 1
    outer loop
      vertex 294.0703099966049 54.62431000173092 1.5
      vertex 311.6416459977627 56.167235001921654 1.5
      vertex 311.95686300098896 56.268476001918316 1.5
    endloop
  endfacet
  facet normal 0 0 1
    outer loop
      vertex 313.6378180012107 78.47108100354671 1.5
      vertex 312.77653799951077 78.66036900132895 1.5
      vertex 301.2143099978566 78.7256899997592 1.5
    endloop
  endfacet
  facet normal 0 0 1
    outer loop
      vertex 314.0324349999428 78.37880200147629 1.5
      vertex 313.6378180012107 78.47108100354671 1.5
      vertex 301.2143099978566 78.7256899997592 1.5
    endloop
  endfacet
  facet normal 0 0 1
    outer loop
      vertex 314.06102199852467 78.37167199701071 1.5
      vertex 314.0324349999428 78.37880200147629 1.5
      vertex 301.2143099978566 78.7256899997592 1.5
    endloop
  endfacet
  facet normal 0 0 1
    outer loop
      vertex 314.41041500121355 78.279032997787 1.5
      vertex 314.06102199852467 78.37167199701071 1.5
      vertex 301.2143099978566 78.7256899997592 1.5
    endloop
  endfacet
  facet normal 0 0 1
    outer loop
      vertex 314.4599220007658 78.26453000307083 1.5
      vertex 314.41041500121355 78.279032997787 1.5
      vertex 301.2143099978566 78.7256899997592 1.5
    endloop
  endfacet
  facet normal 0 0 1
    outer loop
      vertex 314.7421879991889 78.17387299984694 1.5
      vertex 314.4599220007658 78.26453000307083 1.5
      vertex 301.2143099978566 78.7256899997592 1.5
    endloop
  endfacet
  facet normal 0 0 1
    outer loop
      vertex 314.82350800186396 78.14380700141191 1.5
      vertex 314.7421879991889 78.17387299984694 1.5
      vertex 301.2143099978566 78.7256899997592 1.5
    endloop
  endfacet
  facet normal 0 0 1
    outer loop
      vertex 314.88936299830675 78.11615800112486 1.5
      vertex 314.82350800186396 78.14380700141191 1.5
      vertex 301.2143099978566 78.7256899997592 1.5
    endloop
  endfacet
  facet normal 0 0 1
    outer loop
      vertex 314.97752200067043 78.07396399974823 1.5
      vertex 314.88936299830675 78.11615800112486 1.5
      vertex 301.2143099978566 78.7256899997592 1.5
    endloop
  endfacet
  facet normal 0 0 1
    outer loop
      vertex 315.06114099919796 78.02336700260639 1.5
      vertex 314.97752200067043 78.07396399974823 1.5
      vertex 301.2143099978566 78.7256899997592 1.5
    endloop
  endfacet
  facet normal 0 0 1
    outer loop
      vertex 315.1394210010767 77.96484799683094 1.5
      vertex 315.06114099919796 78.02336700260639 1.5
      vertex 301.2143099978566 78.7256899997592 1.5
    endloop
  endfacet
  facet normal 0 0 1
    outer loop
      vertex 315.2116150036454 77.89896599948406 1.5
      vertex 315.1394210010767 77.96484799683094 1.5
      vertex 301.2143099978566 78.7256899997592 1.5
    endloop
  endfacet
  facet normal 0 0 1
    outer loop
      vertex 315.27703300118446 77.82635200023651 1.5
      vertex 315.2116150036454 77.89896599948406 1.5
      vertex 301.2143099978566 78.7256899997592 1.5
    endloop
  endfacet
  facet normal 0 0 1
    outer loop
      vertex 315.33505000174046 77.74769899994135 1.5
      vertex 315.27703300118446 77.82635200023651 1.5
      vertex 301.2143099978566 78.7256899997592 1.5
    endloop
  endfacet
  facet normal 0 0 1
    outer loop
      vertex 315.38511200249195 77.66375800222158 1.5
      vertex 315.33505000174046 77.74769899994135 1.5
      vertex 301.2143099978566 78.7256899997592 1.5
    endloop
  endfacet
  facet normal 0 0 1
    outer loop
      vertex 315.4267409965396 77.57532999664545 1.5
      vertex 315.38511200249195 77.66375800222158 1.5
      vertex 301.2143099978566 78.7256899997592 1.5
    endloop
  endfacet
  facet normal 0 0 1
    outer loop
      vertex 315.45953799784184 77.48326200246811 1.5
      vertex 315.4267409965396 77.57532999664545 1.5
      vertex 301.2143099978566 78.7256899997592 1.5
    endloop
  endfacet
  facet normal 0 0 1
    outer loop
      vertex 315.483190998435 77.3884309977293 1.5
      vertex 315.45953799784184 77.48326200246811 1.5
      vertex 301.2143099978566 78.7256899997592 1.5
    endloop
  endfacet
  facet normal 0 0 1
    outer loop
      vertex 315.4974739998579 77.29174499958754 1.5
      vertex 315.483190998435 77.3884309977293 1.5
      vertex 301.2143099978566 78.7256899997592 1.5
    endloop
  endfacet
  facet normal 0 0 1
    outer loop
      vertex 315.50225000083447 77.19412499666214 1.5
      vertex 315.4974739998579 77.29174499958754 1.5
      vertex 301.2143099978566 78.7256899997592 1.5
    endloop
  endfacet
  facet normal 0 0 1
    outer loop
      vertex 170.63976299762726 82.70379099994898 1.5
      vertex 155.3196040019393 81.10666300356388 1.5
      vertex 155.00438699871302 81.00542200356722 1.5
    endloop
  endfacet
  facet normal 0 0 1
    outer loop
      vertex 266.42674999684095 16.524999998509884 1.5
      vertex 266.42674999684095 17.96000000089407 1.5
      vertex 201.18203800171614 17.59305699914694 1.5
    endloop
  endfacet
  facet normal 0 0 1
    outer loop
      vertex 266.42674999684095 16.524999998509884 1.5
      vertex 201.18203800171614 17.59305699914694 1.5
      vertex 201.18149899691343 17.579011000692844 1.5
    endloop
  endfacet
  facet normal 0 0 1
    outer loop
      vertex 294.0703099966049 54.62431000173092 1.5
      vertex 311.95686300098896 56.268476001918316 1.5
      vertex 311.9816130027175 56.27572599798441 1.5
    endloop
  endfacet
  facet normal 0 0 1
    outer loop
      vertex 311.50225000083447 37.31369999796152 1.5
      vertex 294.0562710016966 40.625 1.5
      vertex 280.0857290029526 40.625 1.5
    endloop
  endfacet
  facet normal 0 0 1
    outer loop
      vertex 224.9361080005765 92.9417729973793 1.5
      vertex 224.93636199831963 92.92771899700165 1.5
      vertex 301.2002710029483 92.72500000149012 1.5
    endloop
  endfacet
  facet normal 0 0 1
    outer loop
      vertex 297.23924999684095 17.96000000089407 1.5
      vertex 281.514729000628 21.575000002980232 1.5
      vertex 281.5006899982691 21.575690001249313 1.5
    endloop
  endfacet
  facet normal 0 0 1
    outer loop
      vertex 297.23924999684095 17.96000000089407 1.5
      vertex 281.5006899982691 21.575690001249313 1.5
      vertex 271.6873100027442 21.575690001249313 1.5
    endloop
  endfacet
  facet normal 0 0 1
    outer loop
      vertex 297.23924999684095 17.96000000089407 1.5
      vertex 271.6873100027442 21.575690001249313 1.5
      vertex 271.6732710003853 21.575000002980232 1.5
    endloop
  endfacet
  facet normal 0 0 1
    outer loop
      vertex 170.63976299762726 82.70379099994898 1.5
      vertex 155.00438699871302 81.00542200356722 1.5
      vertex 154.97963699698448 80.99817200005054 1.5
    endloop
  endfacet
  facet normal 0 0 1
    outer loop
      vertex 294.0703099966049 54.62431000173092 1.5
      vertex 311.9816130027175 56.27572599798441 1.5
      vertex 312.3505989983678 56.37355999648571 1.5
    endloop
  endfacet
  facet normal 0 0 1
    outer loop
      vertex 187.36153800040483 80.95953900367022 1.5
      vertex 185.97937999665737 81.27030000090599 1.5
      vertex 185.96534500271082 81.27107100188732 1.5
    endloop
  endfacet
  facet normal 0 0 1
    outer loop
      vertex 315.38511200249195 35.93004799634218 1.5
      vertex 213.64184200018644 35.9575380012393 1.5
      vertex 213.64172200113535 35.943481996655464 1.5
    endloop
  endfacet
  facet normal 0 0 1
    outer loop
      vertex 213.64184200018644 35.9575380012393 1.5
      vertex 315.38511200249195 35.93004799634218 1.5
      vertex 315.33505000174046 36.01398900151253 1.5
    endloop
  endfacet
  facet normal 0 0 1
    outer loop
      vertex 213.64184200018644 35.9575380012393 1.5
      vertex 315.33505000174046 36.01398900151253 1.5
      vertex 315.27703300118446 36.09264200180769 1.5
    endloop
  endfacet
  facet normal 0 0 1
    outer loop
      vertex 213.64184200018644 35.9575380012393 1.5
      vertex 315.27703300118446 36.09264200180769 1.5
      vertex 315.2116150036454 36.16525600105524 1.5
    endloop
  endfacet
  facet normal 0 0 1
    outer loop
      vertex 213.64184200018644 35.9575380012393 1.5
      vertex 315.2116150036454 36.16525600105524 1.5
      vertex 315.1394210010767 36.23113799840212 1.5
    endloop
  endfacet
  facet normal 0 0 1
    outer loop
      vertex 213.64184200018644 35.9575380012393 1.5
      vertex 315.1394210010767 36.23113799840212 1.5
      vertex 315.06114099919796 36.28965699672699 1.5
    endloop
  endfacet
  facet normal 0 0 1
    outer loop
      vertex 213.64184200018644 35.9575380012393 1.5
      vertex 315.06114099919796 36.28965699672699 1.5
      vertex 314.97752200067043 36.34025499969721 1.5
    endloop
  endfacet
  facet normal 0 0 1
    outer loop
      vertex 213.64184200018644 35.9575380012393 1.5
      vertex 314.97752200067043 36.34025499969721 1.5
      vertex 314.88936299830675 36.38244800269604 1.5
    endloop
  endfacet
  facet normal 0 0 1
    outer loop
      vertex 213.64184200018644 35.9575380012393 1.5
      vertex 314.88936299830675 36.38244800269604 1.5
      vertex 314.82350800186396 36.41009700298309 1.5
    endloop
  endfacet
  facet normal 0 0 1
    outer loop
      vertex 213.64184200018644 35.9575380012393 1.5
      vertex 314.82350800186396 36.41009700298309 1.5
      vertex 314.7421879991889 36.440163001418114 1.5
    endloop
  endfacet
  facet normal 0 0 1
    outer loop
      vertex 213.64184200018644 35.9575380012393 1.5
      vertex 314.7421879991889 36.440163001418114 1.5
      vertex 314.4599220007658 36.53081999719143 1.5
    endloop
  endfacet
  facet normal 0 0 1
    outer loop
      vertex 213.64184200018644 35.9575380012393 1.5
      vertex 314.4599220007658 36.53081999719143 1.5
      vertex 314.41041500121355 36.54532299935818 1.5
    endloop
  endfacet
  facet normal 0 0 1
    outer loop
      vertex 213.64184200018644 35.9575380012393 1.5
      vertex 314.41041500121355 36.54532299935818 1.5
      vertex 314.06102199852467 36.637961998581886 1.5
    endloop
  endfacet
  facet normal 0 0 1
    outer loop
      vertex 213.64184200018644 35.9575380012393 1.5
      vertex 314.06102199852467 36.637961998581886 1.5
      vertex 314.0324349999428 36.645093001425266 1.5
    endloop
  endfacet
  facet normal 0 0 1
    outer loop
      vertex 213.64184200018644 35.9575380012393 1.5
      vertex 314.0324349999428 36.645093001425266 1.5
      vertex 313.6378180012107 36.73737099766731 1.5
    endloop
  endfacet
  facet normal 0 0 1
    outer loop
      vertex 213.64184200018644 35.9575380012393 1.5
      vertex 313.6378180012107 36.73737099766731 1.5
      vertex 312.77653799951077 36.926659002900124 1.5
    endloop
  endfacet
  facet normal 0 0 1
    outer loop
      vertex 295.4772500023246 75.10999999940395 1.5
      vertex 302.4772500023246 75.10999999940395 1.5
      vertex 315.50225000083447 77.19412499666214 1.5
    endloop
  endfacet
  facet normal 0 0 1
    outer loop
      vertex 268.1797289997339 73.67499999701977 1.5
      vertex 271.6647500023246 73.67499999701977 1.5
      vertex 224.80365300178528 73.74547400325537 1.5
    endloop
  endfacet
  facet normal 0 0 1
    outer loop
      vertex 268.165689997375 73.67430999875069 1.5
      vertex 268.1797289997339 73.67499999701977 1.5
      vertex 224.80365300178528 73.74547400325537 1.5
    endloop
  endfacet
  facet normal 0 0 1
    outer loop
      vertex 315.50225000083447 77.19412499666214 1.5
      vertex 301.2143099978566 78.7256899997592 1.5
      vertex 301.2002710029483 78.72500000149012 1.5
    endloop
  endfacet
  facet normal 0 0 1
    outer loop
      vertex 213.64184200018644 35.9575380012393 1.5
      vertex 312.77653799951077 36.926659002900124 1.5
      vertex 312.36489100009203 37.02287299931049 1.5
    endloop
  endfacet
  facet normal 0 0 1
    outer loop
      vertex 213.64184200018644 35.9575380012393 1.5
      vertex 312.36489100009203 37.02287299931049 1.5
      vertex 312.3505989983678 37.02643799781799 1.5
    endloop
  endfacet
  facet normal 0 0 1
    outer loop
      vertex 265.32272899895906 16.524999998509884 1.5
      vertex 266.42674999684095 16.524999998509884 1.5
      vertex 221.78823199868202 16.647308997809887 1.5
    endloop
  endfacet
  facet normal 0 0 1
    outer loop
      vertex 265.30868999660015 16.524310000240803 1.5
      vertex 265.32272899895906 16.524999998509884 1.5
      vertex 221.78823199868202 16.647308997809887 1.5
    endloop
  endfacet
  facet normal 0 0 1
    outer loop
      vertex 170.63976299762726 82.70379099994898 1.5
      vertex 154.97963699698448 80.99817200005054 1.5
      vertex 154.6106510013342 80.90033800154924 1.5
    endloop
  endfacet
  facet normal 0 0 1
    outer loop
      vertex 213.64184200018644 35.9575380012393 1.5
      vertex 312.3505989983678 37.02643799781799 1.5
      vertex 311.9816130027175 37.124271996319294 1.5
    endloop
  endfacet
  facet normal 0 0 1
    outer loop
      vertex 213.64184200018644 35.9575380012393 1.5
      vertex 311.9816130027175 37.124271996319294 1.5
      vertex 311.95686300098896 37.13152199983597 1.5
    endloop
  endfacet
  facet normal 0 0 1
    outer loop
      vertex 294.0703099966049 54.62431000173092 1.5
      vertex 312.3505989983678 56.37355999648571 1.5
      vertex 312.36489100009203 56.37712500244379 1.5
    endloop
  endfacet
  facet normal 0 0 1
    outer loop
      vertex 314.0324349999428 56.75490599870682 1.5
      vertex 295.4772500023246 59.50999999791384 1.5
      vertex 278.6647500023246 59.50999999791384 1.5
    endloop
  endfacet
  facet normal 0 0 1
    outer loop
      vertex 195.9422219991684 95.74912499636412 1.5
      vertex 311.50225000083447 97.25 1.5
      vertex 311.49743500351906 97.34801699966192 1.5
    endloop
  endfacet
  facet normal 0 0 1
    outer loop
      vertex 195.9422219991684 95.74912499636412 1.5
      vertex 311.49743500351906 97.34801699966192 1.5
      vertex 311.4830349981785 97.44509000331163 1.5
    endloop
  endfacet
  facet normal 0 0 1
    outer loop
      vertex 195.9422219991684 95.74912499636412 1.5
      vertex 311.4830349981785 97.44509000331163 1.5
      vertex 311.4591900035739 97.54028499871492 1.5
    endloop
  endfacet
  facet normal 0 0 1
    outer loop
      vertex 195.9422219991684 95.74912499636412 1.5
      vertex 311.4591900035739 97.54028499871492 1.5
      vertex 311.4261299967766 97.63268300145864 1.5
    endloop
  endfacet
  facet normal 0 0 1
    outer loop
      vertex 195.9422219991684 95.74912499636412 1.5
      vertex 311.4261299967766 97.63268300145864 1.5
      vertex 311.38417100161314 97.72139699757099 1.5
    endloop
  endfacet
  facet normal 0 0 1
    outer loop
      vertex 195.9422219991684 95.74912499636412 1.5
      vertex 311.38417100161314 97.72139699757099 1.5
      vertex 311.3337199985981 97.80556999891996 1.5
    endloop
  endfacet
  facet normal 0 0 1
    outer loop
      vertex 195.9422219991684 95.74912499636412 1.5
      vertex 311.3337199985981 97.80556999891996 1.5
      vertex 311.275260001421 97.8843929991126 1.5
    endloop
  endfacet
  facet normal 0 0 1
    outer loop
      vertex 195.9422219991684 95.74912499636412 1.5
      vertex 311.275260001421 97.8843929991126 1.5
      vertex 311.2093570008874 97.95710700005293 1.5
    endloop
  endfacet
  facet normal 0 0 1
    outer loop
      vertex 195.9422219991684 95.74912499636412 1.5
      vertex 311.2093570008874 97.95710700005293 1.5
      vertex 311.13664299994707 98.02301000058651 1.5
    endloop
  endfacet
  facet normal 0 0 1
    outer loop
      vertex 195.9422219991684 95.74912499636412 1.5
      vertex 311.13664299994707 98.02301000058651 1.5
      vertex 311.05781999975443 98.08146999776363 1.5
    endloop
  endfacet
  facet normal 0 0 1
    outer loop
      vertex 195.9422219991684 95.74912499636412 1.5
      vertex 311.05781999975443 98.08146999776363 1.5
      vertex 310.97364699840546 98.13192100077868 1.5
    endloop
  endfacet
  facet normal 0 0 1
    outer loop
      vertex 195.9422219991684 95.74912499636412 1.5
      vertex 310.97364699840546 98.13192100077868 1.5
      vertex 310.8849330022931 98.1738800033927 1.5
    endloop
  endfacet
  facet normal 0 0 1
    outer loop
      vertex 195.9422219991684 95.74912499636412 1.5
      vertex 310.8849330022931 98.1738800033927 1.5
      vertex 310.7925349995494 98.20694000273943 1.5
    endloop
  endfacet
  facet normal 0 0 1
    outer loop
      vertex 195.9422219991684 95.74912499636412 1.5
      vertex 310.7925349995494 98.20694000273943 1.5
      vertex 310.6973399966955 98.23078499734402 1.5
    endloop
  endfacet
  facet normal 0 0 1
    outer loop
      vertex 195.9422219991684 95.74912499636412 1.5
      vertex 310.6973399966955 98.23078499734402 1.5
      vertex 310.6002670004964 98.2451850026846 1.5
    endloop
  endfacet
  facet normal 0 0 1
    outer loop
      vertex 195.9422219991684 95.74912499636412 1.5
      vertex 310.6002670004964 98.2451850026846 1.5
      vertex 310.50225000083447 98.25 1.5
    endloop
  endfacet
  facet normal 0 0 1
    outer loop
      vertex 195.9422219991684 95.74912499636412 1.5
      vertex 310.50225000083447 98.25 1.5
      vertex 243.63404899835587 98.25 1.5
    endloop
  endfacet
  facet normal 0 0 1
    outer loop
      vertex 195.9422219991684 95.74912499636412 1.5
      vertex 243.63404899835587 98.25 1.5
      vertex 243.60961800068617 98.25119999796152 1.5
    endloop
  endfacet
  facet normal 0 0 1
    outer loop
      vertex 195.9422219991684 95.74912499636412 1.5
      vertex 243.60961800068617 98.25119999796152 1.5
      vertex 243.57060000300407 98.2569879963994 1.5
    endloop
  endfacet
  facet normal 0 0 1
    outer loop
      vertex 195.9422219991684 95.74912499636412 1.5
      vertex 243.57060000300407 98.2569879963994 1.5
      vertex 243.49108400195837 98.26555000245571 1.5
    endloop
  endfacet
  facet normal 0 0 1
    outer loop
      vertex 195.9422219991684 95.74912499636412 1.5
      vertex 243.49108400195837 98.26555000245571 1.5
      vertex 243.4111369997263 98.26772999763489 1.5
    endloop
  endfacet
  facet normal 0 0 1
    outer loop
      vertex 188.97999600321054 96.47535599768162 1.5
      vertex 195.9422219991684 95.74912499636412 1.5
      vertex 243.4111369997263 98.26772999763489 1.5
    endloop
  endfacet
  facet normal 0 0 1
    outer loop
      vertex 213.64184200018644 35.9575380012393 1.5
      vertex 311.95686300098896 37.13152199983597 1.5
      vertex 311.6416459977627 37.23276299983263 1.5
    endloop
  endfacet
  facet normal 0 0 1
    outer loop
      vertex 213.64184200018644 35.9575380012393 1.5
      vertex 311.6416459977627 37.23276299983263 1.5
      vertex 311.60100600123405 37.24778900295496 1.5
    endloop
  endfacet
  facet normal 0 0 1
    outer loop
      vertex 294.0562710016966 54.625 1.5
      vertex 294.0703099966049 54.62431000173092 1.5
      vertex 312.36489100009203 56.37712500244379 1.5
    endloop
  endfacet
  facet normal 0 0 1
    outer loop
      vertex 213.64184200018644 35.9575380012393 1.5
      vertex 311.60100600123405 37.24778900295496 1.5
      vertex 311.52479200065136 37.27978699654341 1.5
    endloop
  endfacet
  facet normal 0 0 1
    outer loop
      vertex 213.64184200018644 35.9575380012393 1.5
      vertex 311.52479200065136 37.27978699654341 1.5
      vertex 311.50340899825096 37.29002100229263 1.5
    endloop
  endfacet
  facet normal 0 0 1
    outer loop
      vertex 213.64184200018644 35.9575380012393 1.5
      vertex 311.50340899825096 37.29002100229263 1.5
      vertex 311.50225000083447 37.31369999796152 1.5
    endloop
  endfacet
  facet normal 0 0 1
    outer loop
      vertex 201.16811300069094 17.594971001148224 1.5
      vertex 201.18203800171614 17.59305699914694 1.5
      vertex 266.42674999684095 17.96000000089407 1.5
    endloop
  endfacet
  facet normal 0 0 1
    outer loop
      vertex 297.23924999684095 17.96000000089407 1.5
      vertex 271.6732710003853 21.575000002980232 1.5
      vertex 257.7027290016413 21.575000002980232 1.5
    endloop
  endfacet
  facet normal 0 0 1
    outer loop
      vertex 204.29525899887085 74.53747300058603 1.5
      vertex 204.309197999537 74.5356639996171 1.5
      vertex 271.6647500023246 75.10999999940395 1.5
    endloop
  endfacet
  facet normal 0 0 1
    outer loop
      vertex 221.78807800263166 16.661363996565342 1.5
      vertex 221.78823199868202 16.647308997809887 1.5
      vertex 266.42674999684095 16.524999998509884 1.5
    endloop
  endfacet
  facet normal 0 0 1
    outer loop
      vertex 294.0562710016966 54.625 1.5
      vertex 312.36489100009203 56.37712500244379 1.5
      vertex 312.77653799951077 56.47333899885416 1.5
    endloop
  endfacet
  facet normal 0 0 1
    outer loop
      vertex 170.63976299762726 82.70379099994898 1.5
      vertex 154.6106510013342 80.90033800154924 1.5
      vertex 154.59635899960995 80.89677300304174 1.5
    endloop
  endfacet
  facet normal 0 0 1
    outer loop
      vertex 295.4772500023246 75.10999999940395 1.5
      vertex 315.50225000083447 77.19412499666214 1.5
      vertex 183.51632700115442 76.31916400045156 1.5
    endloop
  endfacet
  facet normal 0 0 1
    outer loop
      vertex 295.4772500023246 75.10999999940395 1.5
      vertex 183.51632700115442 76.31916400045156 1.5
      vertex 183.51543100178242 76.3051360026002 1.5
    endloop
  endfacet
  facet normal 0 0 1
    outer loop
      vertex 213.62786599993706 35.959035001695156 1.5
      vertex 213.64184200018644 35.9575380012393 1.5
      vertex 311.50225000083447 37.31369999796152 1.5
    endloop
  endfacet
  facet normal 0 0 1
    outer loop
      vertex 213.62786599993706 35.959035001695156 1.5
      vertex 311.50225000083447 37.31369999796152 1.5
      vertex 192.84544099867344 37.305233001708984 1.5
    endloop
  endfacet
  facet normal 0 0 1
    outer loop
      vertex 199.68051800131798 36.763722002506256 1.5
      vertex 213.62786599993706 35.959035001695156 1.5
      vertex 192.84544099867344 37.305233001708984 1.5
    endloop
  endfacet
  facet normal 0 0 1
    outer loop
      vertex 199.66646199673414 36.76384200155735 1.5
      vertex 199.68051800131798 36.763722002506256 1.5
      vertex 192.84544099867344 37.305233001708984 1.5
    endloop
  endfacet
  facet normal 0 0 1
    outer loop
      vertex 199.6649649962783 36.749866001307964 1.5
      vertex 199.66646199673414 36.76384200155735 1.5
      vertex 192.84544099867344 37.305233001708984 1.5
    endloop
  endfacet
  facet normal 0 0 1
    outer loop
      vertex 199.6649649962783 36.749866001307964 1.5
      vertex 192.84544099867344 37.305233001708984 1.5
      vertex 192.84466599673033 37.29119800031185 1.5
    endloop
  endfacet
  facet normal 0 0 1
    outer loop
      vertex 198.86027800291777 22.802518002688885 1.5
      vertex 199.6649649962783 36.749866001307964 1.5
      vertex 192.84466599673033 37.29119800031185 1.5
    endloop
  endfacet
  facet normal 0 0 1
    outer loop
      vertex 198.86027800291777 22.802518002688885 1.5
      vertex 192.84466599673033 37.29119800031185 1.5
      vertex 191.3913789987564 23.396450996398926 1.5
    endloop
  endfacet
  facet normal 0 0 1
    outer loop
      vertex 198.8601579964161 22.78846199810505 1.5
      vertex 198.86027800291777 22.802518002688885 1.5
      vertex 191.3913789987564 23.396450996398926 1.5
    endloop
  endfacet
  facet normal 0 0 1
    outer loop
      vertex 198.8601579964161 22.78846199810505 1.5
      vertex 191.3913789987564 23.396450996398926 1.5
      vertex 191.3892330005765 23.38255900144577 1.5
    endloop
  endfacet
  facet normal 0 0 1
    outer loop
      vertex 294.0562710016966 54.625 1.5
      vertex 312.77653799951077 56.47333899885416 1.5
      vertex 313.6378180012107 56.66262699663639 1.5
    endloop
  endfacet
  facet normal 0 0 1
    outer loop
      vertex 294.0562710016966 54.625 1.5
      vertex 313.6378180012107 56.66262699663639 1.5
      vertex 314.0324349999428 56.75490599870682 1.5
    endloop
  endfacet
  facet normal 0 0 1
    outer loop
      vertex 294.0562710016966 54.625 1.5
      vertex 314.0324349999428 56.75490599870682 1.5
      vertex 188.69164799898863 56.73928999900818 1.5
    endloop
  endfacet
  facet normal 0 0 1
    outer loop
      vertex 294.0562710016966 54.625 1.5
      vertex 188.69164799898863 56.73928999900818 1.5
      vertex 188.6908010020852 56.725258998572826 1.5
    endloop
  endfacet
  facet normal 0 0 1
    outer loop
      vertex 170.63976299762726 82.70379099994898 1.5
      vertex 154.59635899960995 80.89677300304174 1.5
      vertex 154.1847120001912 80.8005589991808 1.5
    endloop
  endfacet
  facet normal 0 0 1
    outer loop
      vertex 188.69164799898863 56.73928999900818 1.5
      vertex 314.0324349999428 56.75490599870682 1.5
      vertex 278.6647500023246 59.50999999791384 1.5
    endloop
  endfacet
  facet normal 0 0 1
    outer loop
      vertex 188.67776799947023 56.74150899797678 1.5
      vertex 188.69164799898863 56.73928999900818 1.5
      vertex 278.6647500023246 59.50999999791384 1.5
    endloop
  endfacet
  facet normal 0 0 1
    outer loop
      vertex 187.36153800040483 80.95953900367022 1.5
      vertex 185.96534500271082 81.27107100188732 1.5
      vertex 172.0701930001378 82.72047699987888 1.5
    endloop
  endfacet
  facet normal 0 0 1
    outer loop
      vertex 315.50225000083447 77.19412499666214 1.5
      vertex 301.2002710029483 78.72500000149012 1.5
      vertex 282.4677290022373 78.72500000149012 1.5
    endloop
  endfacet
  facet normal 0 0 1
    outer loop
      vertex 183.51632700115442 76.31916400045156 1.5
      vertex 315.50225000083447 77.19412499666214 1.5
      vertex 282.4677290022373 78.72500000149012 1.5
    endloop
  endfacet
  facet normal 0 0 1
    outer loop
      vertex 183.51632700115442 76.31916400045156 1.5
      vertex 282.4677290022373 78.72500000149012 1.5
      vertex 282.45307099819183 78.72572000324726 1.5
    endloop
  endfacet
  facet normal 0 0 1
    outer loop
      vertex 183.51632700115442 76.31916400045156 1.5
      vertex 282.45307099819183 78.72572000324726 1.5
      vertex 282.45146200060844 78.72595900297165 1.5
    endloop
  endfacet
  facet normal 0 0 1
    outer loop
      vertex 183.5024550035596 76.32143100351095 1.5
      vertex 183.51632700115442 76.31916400045156 1.5
      vertex 282.45146200060844 78.72595900297165 1.5
    endloop
  endfacet
  facet normal 0 0 1
    outer loop
      vertex 170.63976299762726 82.70379099994898 1.5
      vertex 154.1847120001912 80.8005589991808 1.5
      vertex 153.3234319984913 80.61127100139856 1.5
    endloop
  endfacet
  facet normal 0 0 1
    outer loop
      vertex 170.63976299762726 82.70379099994898 1.5
      vertex 153.3234319984913 80.61127100139856 1.5
      vertex 152.9288149997592 80.51899299770594 1.5
    endloop
  endfacet
  facet normal 0 0 1
    outer loop
      vertex 170.63976299762726 82.70379099994898 1.5
      vertex 152.9288149997592 80.51899299770594 1.5
      vertex 152.9002280011773 80.51186200231314 1.5
    endloop
  endfacet
  facet normal 0 0 1
    outer loop
      vertex 170.63976299762726 82.70379099994898 1.5
      vertex 152.9002280011773 80.51186200231314 1.5
      vertex 152.55083499848843 80.41922300308943 1.5
    endloop
  endfacet
  facet normal 0 0 1
    outer loop
      vertex 170.63976299762726 82.70379099994898 1.5
      vertex 152.55083499848843 80.41922300308943 1.5
      vertex 152.50132799893618 80.40472099930048 1.5
    endloop
  endfacet
  facet normal 0 0 1
    outer loop
      vertex 170.63976299762726 82.70379099994898 1.5
      vertex 152.50132799893618 80.40472099930048 1.5
      vertex 152.21906200051308 80.31406299769878 1.5
    endloop
  endfacet
  facet normal 0 0 1
    outer loop
      vertex 170.63976299762726 82.70379099994898 1.5
      vertex 152.21906200051308 80.31406299769878 1.5
      vertex 152.13774199783802 80.28399699926376 1.5
    endloop
  endfacet
  facet normal 0 0 1
    outer loop
      vertex 170.63976299762726 82.70379099994898 1.5
      vertex 152.13774199783802 80.28399699926376 1.5
      vertex 152.07188700139523 80.25634799897671 1.5
    endloop
  endfacet
  facet normal 0 0 1
    outer loop
      vertex 170.63976299762726 82.70379099994898 1.5
      vertex 152.07188700139523 80.25634799897671 1.5
      vertex 151.98372799903154 80.21415500342846 1.5
    endloop
  endfacet
  facet normal 0 0 1
    outer loop
      vertex 170.63976299762726 82.70379099994898 1.5
      vertex 151.98372799903154 80.21415500342846 1.5
      vertex 151.90010900050402 80.16355700045824 1.5
    endloop
  endfacet
  facet normal 0 0 1
    outer loop
      vertex 170.63976299762726 82.70379099994898 1.5
      vertex 151.90010900050402 80.16355700045824 1.5
      vertex 151.82182899862528 80.10503800213337 1.5
    endloop
  endfacet
  facet normal 0 0 1
    outer loop
      vertex 170.63976299762726 82.70379099994898 1.5
      vertex 151.82182899862528 80.10503800213337 1.5
      vertex 151.74963500350714 80.03915700316429 1.5
    endloop
  endfacet
  facet normal 0 0 1
    outer loop
      vertex 170.63976299762726 82.70379099994898 1.5
      vertex 151.74963500350714 80.03915700316429 1.5
      vertex 151.6842169985175 79.96654199808836 1.5
    endloop
  endfacet
  facet normal 0 0 1
    outer loop
      vertex 170.63976299762726 82.70379099994898 1.5
      vertex 151.6842169985175 79.96654199808836 1.5
      vertex 151.62619999796152 79.8878889977932 1.5
    endloop
  endfacet
  facet normal 0 0 1
    outer loop
      vertex 170.63976299762726 82.70379099994898 1.5
      vertex 151.62619999796152 79.8878889977932 1.5
      vertex 151.57613799721003 79.80394800007343 1.5
    endloop
  endfacet
  facet normal 0 0 1
    outer loop
      vertex 170.63976299762726 82.70379099994898 1.5
      vertex 151.57613799721003 79.80394800007343 1.5
      vertex 151.53450900316238 79.71552100032568 1.5
    endloop
  endfacet
  facet normal 0 0 1
    outer loop
      vertex 170.63976299762726 82.70379099994898 1.5
      vertex 151.53450900316238 79.71552100032568 1.5
      vertex 151.50171200186014 79.62345200031996 1.5
    endloop
  endfacet
  facet normal 0 0 1
    outer loop
      vertex 170.63976299762726 82.70379099994898 1.5
      vertex 151.50171200186014 79.62345200031996 1.5
      vertex 151.47805900126696 79.52862100303173 1.5
    endloop
  endfacet
  facet normal 0 0 1
    outer loop
      vertex 170.63976299762726 82.70379099994898 1.5
      vertex 151.47805900126696 79.52862100303173 1.5
      vertex 151.46377599984407 79.43193499743938 1.5
    endloop
  endfacet
  facet normal 0 0 1
    outer loop
      vertex 170.63976299762726 82.70379099994898 1.5
      vertex 151.46377599984407 79.43193499743938 1.5
      vertex 151.4589999988675 79.33431600034237 1.5
    endloop
  endfacet
  facet normal 0 0 1
    outer loop
      vertex 170.63976299762726 82.70379099994898 1.5
      vertex 151.4589999988675 79.33431600034237 1.5
      vertex 151.4589999988675 60.079773001372814 1.5
    endloop
  endfacet
  facet normal 0 0 1
    outer loop
      vertex 170.63976299762726 82.70379099994898 1.5
      vertex 151.4589999988675 60.079773001372814 1.5
      vertex 151.46377599984407 59.98215399682522 1.5
    endloop
  endfacet
  facet normal 0 0 1
    outer loop
      vertex 170.63976299762726 82.70379099994898 1.5
      vertex 151.46377599984407 59.98215399682522 1.5
      vertex 151.47805900126696 59.88546700030565 1.5
    endloop
  endfacet
  facet normal 0 0 1
    outer loop
      vertex 170.63976299762726 82.70379099994898 1.5
      vertex 151.47805900126696 59.88546700030565 1.5
      vertex 151.50171200186014 59.790637001395226 1.5
    endloop
  endfacet
  facet normal 0 0 1
    outer loop
      vertex 170.63976299762726 82.70379099994898 1.5
      vertex 151.50171200186014 59.790637001395226 1.5
      vertex 151.53450900316238 59.6985680013895 1.5
    endloop
  endfacet
  facet normal 0 0 1
    outer loop
      vertex 170.63976299762726 82.70379099994898 1.5
      vertex 151.53450900316238 59.6985680013895 1.5
      vertex 151.57613799721003 59.61014100164175 1.5
    endloop
  endfacet
  facet normal 0 0 1
    outer loop
      vertex 170.63976299762726 82.70379099994898 1.5
      vertex 151.57613799721003 59.61014100164175 1.5
      vertex 151.62619999796152 59.526198998093605 1.5
    endloop
  endfacet
  facet normal 0 0 1
    outer loop
      vertex 170.63976299762726 82.70379099994898 1.5
      vertex 151.62619999796152 59.526198998093605 1.5
      vertex 151.6842169985175 59.44754599779844 1.5
    endloop
  endfacet
  facet normal 0 0 1
    outer loop
      vertex 170.63976299762726 82.70379099994898 1.5
      vertex 151.6842169985175 59.44754599779844 1.5
      vertex 151.74963500350714 59.37493199855089 1.5
    endloop
  endfacet
  facet normal 0 0 1
    outer loop
      vertex 170.63976299762726 82.70379099994898 1.5
      vertex 151.74963500350714 59.37493199855089 1.5
      vertex 151.82182899862528 59.309050999581814 1.5
    endloop
  endfacet
  facet normal 0 0 1
    outer loop
      vertex 170.63976299762726 82.70379099994898 1.5
      vertex 151.82182899862528 59.309050999581814 1.5
      vertex 151.90010900050402 59.25053200125694 1.5
    endloop
  endfacet
  facet normal 0 0 1
    outer loop
      vertex 170.63976299762726 82.70379099994898 1.5
      vertex 151.90010900050402 59.25053200125694 1.5
      vertex 151.98372799903154 59.199933998286724 1.5
    endloop
  endfacet
  facet normal 0 0 1
    outer loop
      vertex 170.63976299762726 82.70379099994898 1.5
      vertex 151.98372799903154 59.199933998286724 1.5
      vertex 152.07188700139523 59.157741002738476 1.5
    endloop
  endfacet
  facet normal 0 0 1
    outer loop
      vertex 170.63976299762726 82.70379099994898 1.5
      vertex 152.07188700139523 59.157741002738476 1.5
      vertex 152.13774199783802 59.13009099662304 1.5
    endloop
  endfacet
  facet normal 0 0 1
    outer loop
      vertex 170.63976299762726 82.70379099994898 1.5
      vertex 152.13774199783802 59.13009099662304 1.5
      vertex 152.21906200051308 59.10002599656582 1.5
    endloop
  endfacet
  facet normal 0 0 1
    outer loop
      vertex 170.63976299762726 82.70379099994898 1.5
      vertex 152.21906200051308 59.10002599656582 1.5
      vertex 152.50132799893618 59.0093680024147 1.5
    endloop
  endfacet
  facet normal 0 0 1
    outer loop
      vertex 170.63976299762726 82.70379099994898 1.5
      vertex 152.50132799893618 59.0093680024147 1.5
      vertex 152.55083499848843 58.994865000247955 1.5
    endloop
  endfacet
  facet normal 0 0 1
    outer loop
      vertex 170.63976299762726 82.70379099994898 1.5
      vertex 152.55083499848843 58.994865000247955 1.5
      vertex 152.9002280011773 58.902226001024246 1.5
    endloop
  endfacet
  facet normal 0 0 1
    outer loop
      vertex 170.63976299762726 82.70379099994898 1.5
      vertex 152.9002280011773 58.902226001024246 1.5
      vertex 152.9288149997592 58.895095996558666 1.5
    endloop
  endfacet
  facet normal 0 0 1
    outer loop
      vertex 170.63976299762726 82.70379099994898 1.5
      vertex 152.9288149997592 58.895095996558666 1.5
      vertex 153.3234319984913 58.80281700193882 1.5
    endloop
  endfacet
  facet normal 0 0 1
    outer loop
      vertex 170.63976299762726 82.70379099994898 1.5
      vertex 153.3234319984913 58.80281700193882 1.5
      vertex 154.1847120001912 58.61352899670601 1.5
    endloop
  endfacet
  facet normal 0 0 1
    outer loop
      vertex 170.63976299762726 82.70379099994898 1.5
      vertex 154.1847120001912 58.61352899670601 1.5
      vertex 154.59635899960995 58.51731500029564 1.5
    endloop
  endfacet
  facet normal 0 0 1
    outer loop
      vertex 170.63976299762726 82.70379099994898 1.5
      vertex 154.59635899960995 58.51731500029564 1.5
      vertex 154.6106510013342 58.51375000178814 1.5
    endloop
  endfacet
  facet normal 0 0 1
    outer loop
      vertex 170.63976299762726 82.70379099994898 1.5
      vertex 154.6106510013342 58.51375000178814 1.5
      vertex 154.97963699698448 58.41591700166464 1.5
    endloop
  endfacet
  facet normal 0 0 1
    outer loop
      vertex 170.63976299762726 82.70379099994898 1.5
      vertex 154.97963699698448 58.41591700166464 1.5
      vertex 155.00438699871302 58.408665999770164 1.5
    endloop
  endfacet
  facet normal 0 0 1
    outer loop
      vertex 170.63976299762726 82.70379099994898 1.5
      vertex 155.00438699871302 58.408665999770164 1.5
      vertex 155.3196040019393 58.3074249997735 1.5
    endloop
  endfacet
  facet normal 0 0 1
    outer loop
      vertex 170.63976299762726 82.70379099994898 1.5
      vertex 155.3196040019393 58.3074249997735 1.5
      vertex 155.36024399846792 58.29240000247955 1.5
    endloop
  endfacet
  facet normal 0 0 1
    outer loop
      vertex 170.63976299762726 82.70379099994898 1.5
      vertex 155.36024399846792 58.29240000247955 1.5
      vertex 155.43645799905062 58.260402001440525 1.5
    endloop
  endfacet
  facet normal 0 0 1
    outer loop
      vertex 170.63976299762726 82.70379099994898 1.5
      vertex 155.43645799905062 58.260402001440525 1.5
      vertex 155.45784100145102 58.2501669973135 1.5
    endloop
  endfacet
  facet normal 0 0 1
    outer loop
      vertex 170.63976299762726 82.70379099994898 1.5
      vertex 155.45784100145102 58.2501669973135 1.5
      vertex 155.4589999988675 58.22648900002241 1.5
    endloop
  endfacet
  facet normal 0 0 1
    outer loop
      vertex 170.63976299762726 82.70379099994898 1.5
      vertex 155.4589999988675 58.22648900002241 1.5
      vertex 155.4589999988675 42.66417499631643 1.5
    endloop
  endfacet
  facet normal 0 0 1
    outer loop
      vertex 170.63976299762726 82.70379099994898 1.5
      vertex 155.4589999988675 42.66417499631643 1.5
      vertex 155.45784100145102 42.640496999025345 1.5
    endloop
  endfacet
  facet normal 0 0 1
    outer loop
      vertex 204.74184600263834 -2.2979129999876022 1.5
      vertex 204.8415789976716 -2.2812639996409416 1.5
      vertex 204.93912000209093 -2.254628002643585 1.5
    endloop
  endfacet
  facet normal 0 0 1
    outer loop
      vertex 204.74184600263834 -2.2979129999876022 1.5
      vertex 204.93912000209093 -2.254628002643585 1.5
      vertex 204.94580399990082 -2.2520530000329018 1.5
    endloop
  endfacet
  facet normal 0 0 1
    outer loop
      vertex 204.64094299823046 -2.304406002163887 1.5
      vertex 204.74184600263834 -2.2979129999876022 1.5
      vertex 204.94580399990082 -2.2520530000329018 1.5
    endloop
  endfacet
  facet normal 0 0 1
    outer loop
      vertex 204.53989899903536 -2.300676003098488 1.5
      vertex 204.64094299823046 -2.304406002163887 1.5
      vertex 204.94580399990082 -2.2520530000329018 1.5
    endloop
  endfacet
  facet normal 0 0 1
    outer loop
      vertex 202.90503100305796 -2.1572979986667633 1.5
      vertex 204.53989899903536 -2.300676003098488 1.5
      vertex 204.94580399990082 -2.2520530000329018 1.5
    endloop
  endfacet
  facet normal 0 0 1
    outer loop
      vertex 202.90503100305796 -2.1572979986667633 1.5
      vertex 204.94580399990082 -2.2520530000329018 1.5
      vertex 204.99012699723244 -2.2375190034508705 1.5
    endloop
  endfacet
  facet normal 0 0 1
    outer loop
      vertex 201.57057999819517 -2.050834998488426 1.5
      vertex 201.59529999643564 -2.0610530003905296 1.5
      vertex 201.69209899753332 -2.090029001235962 1.5
    endloop
  endfacet
  facet normal 0 0 1
    outer loop
      vertex 201.57057999819517 -2.050834998488426 1.5
      vertex 201.69209899753332 -2.090029001235962 1.5
      vertex 201.7913289964199 -2.1090880036354065 1.5
    endloop
  endfacet
  facet normal 0 0 1
    outer loop
      vertex 201.57057999819517 -2.050834998488426 1.5
      vertex 201.7913289964199 -2.1090880036354065 1.5
      vertex 201.89197599887848 -2.1180370002985 1.5
    endloop
  endfacet
  facet normal 0 0 1
    outer loop
      vertex 201.57057999819517 -2.050834998488426 1.5
      vertex 201.89197599887848 -2.1180370002985 1.5
      vertex 202.88041599839926 -2.155749998986721 1.5
    endloop
  endfacet
  facet normal 0 0 1
    outer loop
      vertex 201.5358299985528 -2.038502000272274 1.5
      vertex 201.57057999819517 -2.050834998488426 1.5
      vertex 202.88041599839926 -2.155749998986721 1.5
    endloop
  endfacet
  facet normal 0 0 1
    outer loop
      vertex 235.55930499732494 98.1677469983697 1.5
      vertex 235.45871199667454 98.16138599812984 1.5
      vertex 235.38278000056744 98.14882200211287 1.5
    endloop
  endfacet
  facet normal 0 0 1
    outer loop
      vertex 155.50206000357866 2.2761830016970634 1.5
      vertex 155.5351200029254 2.1837840005755424 1.5
      vertex 155.57707899808884 2.095071002840996 1.5
    endloop
  endfacet
  facet normal 0 0 1
    outer loop
      vertex 155.4782150015235 2.3713769987225533 1.5
      vertex 155.50206000357866 2.2761830016970634 1.5
      vertex 155.57707899808884 2.095071002840996 1.5
    endloop
  endfacet
  facet normal 0 0 1
    outer loop
      vertex 155.4782150015235 2.3713769987225533 1.5
      vertex 155.57707899808884 2.095071002840996 1.5
      vertex 155.62753000110388 2.0108980014920235 1.5
    endloop
  endfacet
  facet normal 0 0 1
    outer loop
      vertex 155.4782150015235 2.3713769987225533 1.5
      vertex 155.62753000110388 2.0108980014920235 1.5
      vertex 155.685989998281 1.9320740029215813 1.5
    endloop
  endfacet
  facet normal 0 0 1
    outer loop
      vertex 155.4782150015235 2.3713769987225533 1.5
      vertex 155.685989998281 1.9320740029215813 1.5
      vertex 155.75189299881458 1.8593610003590584 1.5
    endloop
  endfacet
  facet normal 0 0 1
    outer loop
      vertex 155.4782150015235 2.3713769987225533 1.5
      vertex 155.75189299881458 1.8593610003590584 1.5
      vertex 155.8246069997549 1.7934570014476776 1.5
    endloop
  endfacet
  facet normal 0 0 1
    outer loop
      vertex 155.4782150015235 2.3713769987225533 1.5
      vertex 155.8246069997549 1.7934570014476776 1.5
      vertex 155.90342999994755 1.7349980026483536 1.5
    endloop
  endfacet
  facet normal 0 0 1
    outer loop
      vertex 155.4638150036335 2.468451000750065 1.5
      vertex 155.4782150015235 2.3713769987225533 1.5
      vertex 155.90342999994755 1.7349980026483536 1.5
    endloop
  endfacet
  facet normal 0 0 1
    outer loop
      vertex 155.4589999988675 2.5664680004119873 1.5
      vertex 155.4638150036335 2.468451000750065 1.5
      vertex 155.90342999994755 1.7349980026483536 1.5
    endloop
  endfacet
  facet normal 0 0 1
    outer loop
      vertex 155.4589999988675 2.5664680004119873 1.5
      vertex 155.90342999994755 1.7349980026483536 1.5
      vertex 155.98760300129652 1.6845460012555122 1.5
    endloop
  endfacet
  facet normal 0 0 1
    outer loop
      vertex 155.4589999988675 2.5664680004119873 1.5
      vertex 155.98760300129652 1.6845460012555122 1.5
      vertex 156.07631699740887 1.642587997019291 1.5
    endloop
  endfacet
  facet normal 0 0 1
    outer loop
      vertex 155.4589999988675 2.5664680004119873 1.5
      vertex 156.07631699740887 1.642587997019291 1.5
      vertex 156.1687150001526 1.6095269992947578 1.5
    endloop
  endfacet
  facet normal 0 0 1
    outer loop
      vertex 155.4589999988675 2.5664680004119873 1.5
      vertex 156.1687150001526 1.6095269992947578 1.5
      vertex 156.26391000300646 1.5856819972395897 1.5
    endloop
  endfacet
  facet normal 0 0 1
    outer loop
      vertex 155.4589999988675 2.5664680004119873 1.5
      vertex 156.26391000300646 1.5856819972395897 1.5
      vertex 156.3609829992056 1.571282997727394 1.5
    endloop
  endfacet
  facet normal 0 0 1
    outer loop
      vertex 155.4589999988675 2.5664680004119873 1.5
      vertex 156.3609829992056 1.571282997727394 1.5
      vertex 156.4589999988675 1.5664680004119873 1.5
    endloop
  endfacet
  facet normal 0 0 1
    outer loop
      vertex 155.4589999988675 19.703064002096653 1.5
      vertex 155.4589999988675 2.5664680004119873 1.5
      vertex 156.4589999988675 1.5664680004119873 1.5
    endloop
  endfacet
  facet normal 0 0 1
    outer loop
      vertex 155.4589999988675 19.703064002096653 1.5
      vertex 156.4589999988675 1.5664680004119873 1.5
      vertex 165.4306309968233 1.5664680004119873 1.5
    endloop
  endfacet
  facet normal 0 0 1
    outer loop
      vertex 155.4589999988675 19.703064002096653 1.5
      vertex 165.4306309968233 1.5664680004119873 1.5
      vertex 165.4871869981289 1.5632560029625893 1.5
    endloop
  endfacet
  facet normal 0 0 1
    outer loop
      vertex 155.45784100145102 19.72674299776554 1.5
      vertex 155.4589999988675 19.703064002096653 1.5
      vertex 165.4871869981289 1.5632560029625893 1.5
    endloop
  endfacet
  facet normal 0 0 1
    outer loop
      vertex 267.93296200037 92.71321599930525 1.5
      vertex 267.99155899882317 92.70744399726391 1.5
      vertex 268.0504409968853 92.70744399726391 1.5
    endloop
  endfacet
  facet normal 0 0 1
    outer loop
      vertex 267.93296200037 92.71321599930525 1.5
      vertex 268.0504409968853 92.70744399726391 1.5
      vertex 268.109038002789 92.71321599930525 1.5
    endloop
  endfacet
  facet normal 0 0 1
    outer loop
      vertex 267.93296200037 92.71321599930525 1.5
      vertex 268.109038002789 92.71321599930525 1.5
      vertex 268.16346199810505 92.72404100000858 1.5
    endloop
  endfacet
  facet normal 0 0 1
    outer loop
      vertex 267.8785379976034 92.72404100000858 1.5
      vertex 267.93296200037 92.71321599930525 1.5
      vertex 268.16346199810505 92.72404100000858 1.5
    endloop
  endfacet
  facet normal 0 0 1
    outer loop
      vertex 267.87692900002 92.72427999973297 1.5
      vertex 267.8785379976034 92.72404100000858 1.5
      vertex 268.16346199810505 92.72404100000858 1.5
    endloop
  endfacet
  facet normal 0 0 1
    outer loop
      vertex 267.87692900002 92.72427999973297 1.5
      vertex 268.16346199810505 92.72404100000858 1.5
      vertex 268.165071003139 92.72427999973297 1.5
    endloop
  endfacet
  facet normal 0 0 1
    outer loop
      vertex 282.2209620028734 92.71321599930525 1.5
      vertex 282.27955900132656 92.70744399726391 1.5
      vertex 282.3384409993887 92.70744399726391 1.5
    endloop
  endfacet
  facet normal 0 0 1
    outer loop
      vertex 282.2209620028734 92.71321599930525 1.5
      vertex 282.3384409993887 92.70744399726391 1.5
      vertex 282.39703799784184 92.71321599930525 1.5
    endloop
  endfacet
  facet normal 0 0 1
    outer loop
      vertex 282.1665380001068 92.72404100000858 1.5
      vertex 282.2209620028734 92.71321599930525 1.5
      vertex 282.39703799784184 92.71321599930525 1.5
    endloop
  endfacet
  facet normal 0 0 1
    outer loop
      vertex 282.1665380001068 92.72404100000858 1.5
      vertex 282.39703799784184 92.71321599930525 1.5
      vertex 282.45146200060844 92.72404100000858 1.5
    endloop
  endfacet
  facet normal 0 0 1
    outer loop
      vertex 282.1649290025234 92.72427999973297 1.5
      vertex 282.1665380001068 92.72404100000858 1.5
      vertex 282.45146200060844 92.72404100000858 1.5
    endloop
  endfacet
  facet normal 0 0 1
    outer loop
      vertex 282.39703799784184 78.73678400367498 1.5
      vertex 282.3384409993887 78.74255599826574 1.5
      vertex 282.27955900132656 78.74255599826574 1.5
    endloop
  endfacet
  facet normal 0 0 1
    outer loop
      vertex 282.39703799784184 78.73678400367498 1.5
      vertex 282.27955900132656 78.74255599826574 1.5
      vertex 282.2209620028734 78.73678400367498 1.5
    endloop
  endfacet
  facet normal 0 0 1
    outer loop
      vertex 282.45146200060844 78.72595900297165 1.5
      vertex 282.39703799784184 78.73678400367498 1.5
      vertex 282.2209620028734 78.73678400367498 1.5
    endloop
  endfacet
  facet normal 0 0 1
    outer loop
      vertex 282.45146200060844 78.72595900297165 1.5
      vertex 282.2209620028734 78.73678400367498 1.5
      vertex 282.1665380001068 78.72595900297165 1.5
    endloop
  endfacet
  facet normal 0 0 1
    outer loop
      vertex 282.45146200060844 78.72595900297165 1.5
      vertex 282.1665380001068 78.72595900297165 1.5
      vertex 282.1649290025234 78.72572000324726 1.5
    endloop
  endfacet
  facet normal 0 0 1
    outer loop
      vertex 268.0504409968853 78.74255599826574 1.5
      vertex 267.99155899882317 78.74255599826574 1.5
      vertex 267.93296200037 78.73678400367498 1.5
    endloop
  endfacet
  facet normal 0 0 1
    outer loop
      vertex 268.109038002789 78.73678400367498 1.5
      vertex 268.0504409968853 78.74255599826574 1.5
      vertex 267.93296200037 78.73678400367498 1.5
    endloop
  endfacet
  facet normal 0 0 1
    outer loop
      vertex 268.16346199810505 78.72595900297165 1.5
      vertex 268.109038002789 78.73678400367498 1.5
      vertex 267.93296200037 78.73678400367498 1.5
    endloop
  endfacet
  facet normal 0 0 1
    outer loop
      vertex 268.16346199810505 78.72595900297165 1.5
      vertex 267.93296200037 78.73678400367498 1.5
      vertex 267.8785379976034 78.72595900297165 1.5
    endloop
  endfacet
  facet normal 0 0 1
    outer loop
      vertex 268.16346199810505 78.72595900297165 1.5
      vertex 267.8785379976034 78.72595900297165 1.5
      vertex 267.87692900002 78.72572000324726 1.5
    endloop
  endfacet
  facet normal 0 0 1
    outer loop
      vertex 268.165071003139 78.72572000324726 1.5
      vertex 268.16346199810505 78.72595900297165 1.5
      vertex 267.87692900002 78.72572000324726 1.5
    endloop
  endfacet
  facet normal 0 0 1
    outer loop
      vertex 151.50171200186014 21.267212003469467 1.5
      vertex 151.53450900316238 21.175143003463745 1.5
      vertex 151.57613799721003 21.086716003715992 1.5
    endloop
  endfacet
  facet normal 0 0 1
    outer loop
      vertex 151.47805900126696 21.362043000757694 1.5
      vertex 151.50171200186014 21.267212003469467 1.5
      vertex 151.57613799721003 21.086716003715992 1.5
    endloop
  endfacet
  facet normal 0 0 1
    outer loop
      vertex 151.47805900126696 21.362043000757694 1.5
      vertex 151.57613799721003 21.086716003715992 1.5
      vertex 151.62619999796152 21.002774998545647 1.5
    endloop
  endfacet
  facet normal 0 0 1
    outer loop
      vertex 151.47805900126696 21.362043000757694 1.5
      vertex 151.62619999796152 21.002774998545647 1.5
      vertex 151.6842169985175 20.924121998250484 1.5
    endloop
  endfacet
  facet normal 0 0 1
    outer loop
      vertex 151.47805900126696 21.362043000757694 1.5
      vertex 151.6842169985175 20.924121998250484 1.5
      vertex 151.74963500350714 20.851507999002934 1.5
    endloop
  endfacet
  facet normal 0 0 1
    outer loop
      vertex 151.46377599984407 21.45872899889946 1.5
      vertex 151.47805900126696 21.362043000757694 1.5
      vertex 151.74963500350714 20.851507999002934 1.5
    endloop
  endfacet
  facet normal 0 0 1
    outer loop
      vertex 151.4589999988675 21.556348003447056 1.5
      vertex 151.46377599984407 21.45872899889946 1.5
      vertex 151.74963500350714 20.851507999002934 1.5
    endloop
  endfacet
  facet normal 0 0 1
    outer loop
      vertex 151.4589999988675 21.556348003447056 1.5
      vertex 151.74963500350714 20.851507999002934 1.5
      vertex 151.82182899862528 20.785626001656055 1.5
    endloop
  endfacet
  facet normal 0 0 1
    outer loop
      vertex 151.4589999988675 21.556348003447056 1.5
      vertex 151.82182899862528 20.785626001656055 1.5
      vertex 151.90010900050402 20.727107003331184 1.5
    endloop
  endfacet
  facet normal 0 0 1
    outer loop
      vertex 151.4589999988675 21.556348003447056 1.5
      vertex 151.90010900050402 20.727107003331184 1.5
      vertex 151.98372799903154 20.676509000360966 1.5
    endloop
  endfacet
  facet normal 0 0 1
    outer loop
      vertex 151.4589999988675 21.556348003447056 1.5
      vertex 151.98372799903154 20.676509000360966 1.5
      vertex 152.07188700139523 20.634315997362137 1.5
    endloop
  endfacet
  facet normal 0 0 1
    outer loop
      vertex 151.4589999988675 21.556348003447056 1.5
      vertex 152.07188700139523 20.634315997362137 1.5
      vertex 152.13774199783802 20.60666699707508 1.5
    endloop
  endfacet
  facet normal 0 0 1
    outer loop
      vertex 151.4589999988675 40.81089100241661 1.5
      vertex 151.4589999988675 21.556348003447056 1.5
      vertex 152.13774199783802 20.60666699707508 1.5
    endloop
  endfacet
  facet normal 0 0 1
    outer loop
      vertex 151.4589999988675 40.81089100241661 1.5
      vertex 152.13774199783802 20.60666699707508 1.5
      vertex 152.21906200051308 20.57660099864006 1.5
    endloop
  endfacet
  facet normal 0 0 1
    outer loop
      vertex 151.4589999988675 40.81089100241661 1.5
      vertex 152.21906200051308 20.57660099864006 1.5
      vertex 152.50132799893618 20.485944002866745 1.5
    endloop
  endfacet
  facet normal 0 0 1
    outer loop
      vertex 151.4589999988675 40.81089100241661 1.5
      vertex 152.50132799893618 20.485944002866745 1.5
      vertex 152.55083499848843 20.471441000699997 1.5
    endloop
  endfacet
  facet normal 0 0 1
    outer loop
      vertex 151.4589999988675 40.81089100241661 1.5
      vertex 152.55083499848843 20.471441000699997 1.5
      vertex 152.9002280011773 20.378802001476288 1.5
    endloop
  endfacet
  facet normal 0 0 1
    outer loop
      vertex 151.4589999988675 40.81089100241661 1.5
      vertex 152.9002280011773 20.378802001476288 1.5
      vertex 152.9288149997592 20.371670998632908 1.5
    endloop
  endfacet
  facet normal 0 0 1
    outer loop
      vertex 151.4589999988675 40.81089100241661 1.5
      vertex 152.9288149997592 20.371670998632908 1.5
      vertex 153.3234319984913 20.27939300239086 1.5
    endloop
  endfacet
  facet normal 0 0 1
    outer loop
      vertex 151.4589999988675 40.81089100241661 1.5
      vertex 153.3234319984913 20.27939300239086 1.5
      vertex 154.1847120001912 20.09010499715805 1.5
    endloop
  endfacet
  facet normal 0 0 1
    outer loop
      vertex 151.4589999988675 40.81089100241661 1.5
      vertex 154.1847120001912 20.09010499715805 1.5
      vertex 154.59635899960995 19.99389100074768 1.5
    endloop
  endfacet
  facet normal 0 0 1
    outer loop
      vertex 151.4589999988675 40.81089100241661 1.5
      vertex 154.59635899960995 19.99389100074768 1.5
      vertex 154.6106510013342 19.99032600224018 1.5
    endloop
  endfacet
  facet normal 0 0 1
    outer loop
      vertex 151.4589999988675 40.81089100241661 1.5
      vertex 154.6106510013342 19.99032600224018 1.5
      vertex 154.97963699698448 19.8924919962883 1.5
    endloop
  endfacet
  facet normal 0 0 1
    outer loop
      vertex 151.4589999988675 40.81089100241661 1.5
      vertex 154.97963699698448 19.8924919962883 1.5
      vertex 155.00438699871302 19.885242000222206 1.5
    endloop
  endfacet
  facet normal 0 0 1
    outer loop
      vertex 151.4589999988675 40.81089100241661 1.5
      vertex 155.00438699871302 19.885242000222206 1.5
      vertex 155.3196040019393 19.784001000225544 1.5
    endloop
  endfacet
  facet normal 0 0 1
    outer loop
      vertex 151.4589999988675 40.81089100241661 1.5
      vertex 155.3196040019393 19.784001000225544 1.5
      vertex 155.36024399846792 19.768974997103214 1.5
    endloop
  endfacet
  facet normal 0 0 1
    outer loop
      vertex 151.4589999988675 40.81089100241661 1.5
      vertex 155.36024399846792 19.768974997103214 1.5
      vertex 155.43645799905062 19.736977003514767 1.5
    endloop
  endfacet
  facet normal 0 0 1
    outer loop
      vertex 151.4589999988675 40.81089100241661 1.5
      vertex 155.43645799905062 19.736977003514767 1.5
      vertex 155.45784100145102 19.72674299776554 1.5
    endloop
  endfacet
  facet normal 0 0 1
    outer loop
      vertex 151.4589999988675 40.81089100241661 1.5
      vertex 155.45784100145102 19.72674299776554 1.5
      vertex 165.4871869981289 1.5632560029625893 1.5
    endloop
  endfacet
  facet normal 0 0 1
    outer loop
      vertex 151.46377599984407 40.908509999513626 1.5
      vertex 151.4589999988675 40.81089100241661 1.5
      vertex 165.4871869981289 1.5632560029625893 1.5
    endloop
  endfacet
  facet normal 0 0 1
    outer loop
      vertex 151.47805900126696 41.00519700348377 1.5
      vertex 151.46377599984407 40.908509999513626 1.5
      vertex 165.4871869981289 1.5632560029625893 1.5
    endloop
  endfacet
  facet normal 0 0 1
    outer loop
      vertex 151.50171200186014 41.100028000772 1.5
      vertex 151.47805900126696 41.00519700348377 1.5
      vertex 165.4871869981289 1.5632560029625893 1.5
    endloop
  endfacet
  facet normal 0 0 1
    outer loop
      vertex 151.53450900316238 41.19209600239992 1.5
      vertex 151.50171200186014 41.100028000772 1.5
      vertex 165.4871869981289 1.5632560029625893 1.5
    endloop
  endfacet
  facet normal 0 0 1
    outer loop
      vertex 151.57613799721003 41.280524000525475 1.5
      vertex 151.53450900316238 41.19209600239992 1.5
      vertex 165.4871869981289 1.5632560029625893 1.5
    endloop
  endfacet
  facet normal 0 0 1
    outer loop
      vertex 151.62619999796152 41.36446499824524 1.5
      vertex 151.57613799721003 41.280524000525475 1.5
      vertex 165.4871869981289 1.5632560029625893 1.5
    endloop
  endfacet
  facet normal 0 0 1
    outer loop
      vertex 151.6842169985175 41.4431179985404 1.5
      vertex 151.62619999796152 41.36446499824524 1.5
      vertex 165.4871869981289 1.5632560029625893 1.5
    endloop
  endfacet
  facet normal 0 0 1
    outer loop
      vertex 151.74963500350714 41.51573199778795 1.5
      vertex 151.6842169985175 41.4431179985404 1.5
      vertex 165.4871869981289 1.5632560029625893 1.5
    endloop
  endfacet
  facet normal 0 0 1
    outer loop
      vertex 151.82182899862528 41.58161299675703 1.5
      vertex 151.74963500350714 41.51573199778795 1.5
      vertex 165.4871869981289 1.5632560029625893 1.5
    endloop
  endfacet
  facet normal 0 0 1
    outer loop
      vertex 151.90010900050402 41.64013200253248 1.5
      vertex 151.82182899862528 41.58161299675703 1.5
      vertex 165.4871869981289 1.5632560029625893 1.5
    endloop
  endfacet
  facet normal 0 0 1
    outer loop
      vertex 151.98372799903154 41.69072999805212 1.5
      vertex 151.90010900050402 41.64013200253248 1.5
      vertex 165.4871869981289 1.5632560029625893 1.5
    endloop
  endfacet
  facet normal 0 0 1
    outer loop
      vertex 152.07188700139523 41.73292399942875 1.5
      vertex 151.98372799903154 41.69072999805212 1.5
      vertex 165.4871869981289 1.5632560029625893 1.5
    endloop
  endfacet
  facet normal 0 0 1
    outer loop
      vertex 152.13774199783802 41.760572999715805 1.5
      vertex 152.07188700139523 41.73292399942875 1.5
      vertex 165.4871869981289 1.5632560029625893 1.5
    endloop
  endfacet
  facet normal 0 0 1
    outer loop
      vertex 243.4111369997263 98.26772999763489 1.5
      vertex 235.55930499732494 98.1677469983697 1.5
      vertex 235.38278000056744 98.14882200211287 1.5
    endloop
  endfacet
  facet normal 0 0 1
    outer loop
      vertex 243.4111369997263 98.26772999763489 1.5
      vertex 235.38278000056744 98.14882200211287 1.5
      vertex 235.3707280009985 98.14741499722004 1.5
    endloop
  endfacet
  facet normal 0 0 1
    outer loop
      vertex 188.97999600321054 96.47535599768162 1.5
      vertex 243.4111369997263 98.26772999763489 1.5
      vertex 235.3707280009985 98.14741499722004 1.5
    endloop
  endfacet
  facet normal 0 0 1
    outer loop
      vertex 188.97999600321054 96.47535599768162 1.5
      vertex 235.3707280009985 98.14741499722004 1.5
      vertex 235.34627299755812 98.14697299897671 1.5
    endloop
  endfacet
  facet normal 0 0 1
    outer loop
      vertex 188.97999600321054 96.47535599768162 1.5
      vertex 235.34627299755812 98.14697299897671 1.5
      vertex 172.25822199881077 98.21960800141096 1.5
    endloop
  endfacet
  facet normal 0 0 1
    outer loop
      vertex 173.5226550027728 96.64492899924517 1.5
      vertex 188.97999600321054 96.47535599768162 1.5
      vertex 172.25822199881077 98.21960800141096 1.5
    endloop
  endfacet
  facet normal 0 0 1
    outer loop
      vertex 173.50862000137568 96.6457000002265 1.5
      vertex 173.5226550027728 96.64492899924517 1.5
      vertex 172.25822199881077 98.21960800141096 1.5
    endloop
  endfacet
  facet normal 0 0 1
    outer loop
      vertex 173.50862000137568 96.6457000002265 1.5
      vertex 172.25822199881077 98.21960800141096 1.5
      vertex 170.63976299762726 82.70379099994898 1.5
    endloop
  endfacet
  facet normal 0 0 1
    outer loop
      vertex 173.50647699832916 96.63180699944496 1.5
      vertex 173.50862000137568 96.6457000002265 1.5
      vertex 170.63976299762726 82.70379099994898 1.5
    endloop
  endfacet
  facet normal 0 0 1
    outer loop
      vertex 172.0570710003376 82.73665499687195 1.5
      vertex 173.50647699832916 96.63180699944496 1.5
      vertex 170.63976299762726 82.70379099994898 1.5
    endloop
  endfacet
  facet normal 0 0 1
    outer loop
      vertex 172.05629999935627 82.7226200029254 1.5
      vertex 172.0570710003376 82.73665499687195 1.5
      vertex 170.63976299762726 82.70379099994898 1.5
    endloop
  endfacet
  facet normal 0 0 1
    outer loop
      vertex 172.0701930001378 82.72047699987888 1.5
      vertex 172.05629999935627 82.7226200029254 1.5
      vertex 170.63976299762726 82.70379099994898 1.5
    endloop
  endfacet
  facet normal 0 0 1
    outer loop
      vertex 187.36153800040483 80.95953900367022 1.5
      vertex 172.0701930001378 82.72047699987888 1.5
      vertex 170.63976299762726 82.70379099994898 1.5
    endloop
  endfacet
  facet normal 0 0 1
    outer loop
      vertex 180.09103299677372 -0.11936099827289581 1.5
      vertex 180.17750500142574 -0.1475299969315529 1.5
      vertex 180.26617799699306 -0.16772600263357162 1.5
    endloop
  endfacet
  facet normal 0 0 1
    outer loop
      vertex 180.09103299677372 -0.11936099827289581 1.5
      vertex 180.26617799699306 -0.16772600263357162 1.5
      vertex 180.35631900280714 -0.17978300154209137 1.5
    endloop
  endfacet
  facet normal 0 0 1
    outer loop
      vertex 180.05320700258017 -0.10310599952936172 1.5
      vertex 180.09103299677372 -0.11936099827289581 1.5
      vertex 180.35631900280714 -0.17978300154209137 1.5
    endloop
  endfacet
  facet normal 0 0 1
    outer loop
      vertex 180.05320700258017 -0.10310599952936172 1.5
      vertex 180.35631900280714 -0.17978300154209137 1.5
      vertex 182.2142890021205 -0.3427259996533394 1.5
    endloop
  endfacet
  facet normal 0 0 1
    outer loop
      vertex 180.03135100007057 -0.0950080007314682 1.5
      vertex 180.05320700258017 -0.10310599952936172 1.5
      vertex 182.2142890021205 -0.3427259996533394 1.5
    endloop
  endfacet
  facet normal 0 0 1
    outer loop
      vertex 290.23924999684095 17.96000000089407 1.5
      vertex 297.23924999684095 17.96000000089407 1.5
      vertex 180.424662001431 19.51197300106287 1.5
    endloop
  endfacet
  facet normal 0 0 1
    outer loop
      vertex 290.23924999684095 17.96000000089407 1.5
      vertex 180.424662001431 19.51197300106287 1.5
      vertex 180.42375800013542 19.4979460015893 1.5
    endloop
  endfacet
  facet normal 0 0 1
    outer loop
      vertex 183.52353800088167 -0.4877320006489754 1.5
      vertex 183.6126070022583 -0.48593100160360336 1.5
      vertex 183.7011620029807 -0.47620899975299835 1.5
    endloop
  endfacet
  facet normal 0 0 1
    outer loop
      vertex 183.43466299772263 -0.48160000145435333 1.5
      vertex 183.52353800088167 -0.4877320006489754 1.5
      vertex 183.7011620029807 -0.47620899975299835 1.5
    endloop
  endfacet
  facet normal 0 0 1
    outer loop
      vertex 183.43466299772263 -0.48160000145435333 1.5
      vertex 183.7011620029807 -0.47620899975299835 1.5
      vertex 183.70907600224018 -0.47498100250959396 1.5
    endloop
  endfacet
  facet normal 0 0 1
    outer loop
      vertex 182.22720699757338 -0.344028003513813 1.5
      vertex 183.43466299772263 -0.48160000145435333 1.5
      vertex 183.70907600224018 -0.47498100250959396 1.5
    endloop
  endfacet
  facet normal 0 0 1
    outer loop
      vertex 311.50225000083447 37.31369999796152 1.5
      vertex 172.52066200226545 39.46297299861908 1.5
      vertex 172.5197580009699 39.44894599914551 1.5
    endloop
  endfacet
  facet normal 0 0 1
    outer loop
      vertex 172.50679100304842 39.46524800360203 1.5
      vertex 172.52066200226545 39.46297299861908 1.5
      vertex 311.50225000083447 37.31369999796152 1.5
    endloop
  endfacet
  facet normal 0 0 1
    outer loop
      vertex 172.50679100304842 39.46524800360203 1.5
      vertex 311.50225000083447 37.31369999796152 1.5
      vertex 280.0857290029526 40.625 1.5
    endloop
  endfacet
  facet normal 0 0 1
    outer loop
      vertex 172.50679100304842 39.46524800360203 1.5
      vertex 280.0857290029526 40.625 1.5
      vertex 280.07169000059366 40.62568999826908 1.5
    endloop
  endfacet
  facet normal 0 0 1
    outer loop
      vertex 221.7740750014782 16.662588998675346 1.5
      vertex 221.78807800263166 16.661363996565342 1.5
      vertex 266.42674999684095 16.524999998509884 1.5
    endloop
  endfacet
  facet normal 0 0 1
    outer loop
      vertex 221.7740750014782 16.662588998675346 1.5
      vertex 266.42674999684095 16.524999998509884 1.5
      vertex 201.18149899691343 17.579011000692844 1.5
    endloop
  endfacet
  facet normal 0 0 1
    outer loop
      vertex 207.81369099766016 17.19523199647665 1.5
      vertex 221.7740750014782 16.662588998675346 1.5
      vertex 201.18149899691343 17.579011000692844 1.5
    endloop
  endfacet
  facet normal 0 0 1
    outer loop
      vertex 207.7996359989047 17.195078000426292 1.5
      vertex 207.81369099766016 17.19523199647665 1.5
      vertex 201.18149899691343 17.579011000692844 1.5
    endloop
  endfacet
  facet normal 0 0 1
    outer loop
      vertex 207.7984109967947 17.181074999272823 1.5
      vertex 207.7996359989047 17.195078000426292 1.5
      vertex 201.18149899691343 17.579011000692844 1.5
    endloop
  endfacet
  facet normal 0 0 1
    outer loop
      vertex 207.2657679989934 3.220691002905369 1.5
      vertex 207.7984109967947 17.181074999272823 1.5
      vertex 201.18149899691343 17.579011000692844 1.5
    endloop
  endfacet
  facet normal 0 0 1
    outer loop
      vertex 207.2657679989934 3.220691002905369 1.5
      vertex 201.18149899691343 17.579011000692844 1.5
      vertex 199.96097099781036 3.6618869975209236 1.5
    endloop
  endfacet
  facet normal 0 0 1
    outer loop
      vertex 207.26592200249434 3.206635996699333 1.5
      vertex 207.2657679989934 3.220691002905369 1.5
      vertex 199.96097099781036 3.6618869975209236 1.5
    endloop
  endfacet
  facet normal 0 0 1
    outer loop
      vertex 207.26592200249434 3.206635996699333 1.5
      vertex 199.96097099781036 3.6618869975209236 1.5
      vertex 199.95905700325966 3.6479619964957237 1.5
    endloop
  endfacet
  facet normal 0 0 1
    outer loop
      vertex 224.9361080005765 92.9417729973793 1.5
      vertex 301.2002710029483 92.72500000149012 1.5
      vertex 311.50225000083447 97.25 1.5
    endloop
  endfacet
  facet normal 0 0 1
    outer loop
      vertex 224.9361080005765 92.9417729973793 1.5
      vertex 311.50225000083447 97.25 1.5
      vertex 195.9422219991684 95.74912499636412 1.5
    endloop
  endfacet
  facet normal 0 0 1
    outer loop
      vertex 224.92209699749947 92.94289799779654 1.5
      vertex 224.9361080005765 92.9417729973793 1.5
      vertex 195.9422219991684 95.74912499636412 1.5
    endloop
  endfacet
  facet normal 0 0 1
    outer loop
      vertex 210.95828100293875 93.37636200338602 1.5
      vertex 224.92209699749947 92.94289799779654 1.5
      vertex 195.9422219991684 95.74912499636412 1.5
    endloop
  endfacet
  facet normal 0 0 1
    outer loop
      vertex 210.9442270025611 93.37610799819231 1.5
      vertex 210.95828100293875 93.37636200338602 1.5
      vertex 195.9422219991684 95.74912499636412 1.5
    endloop
  endfacet
  facet normal 0 0 1
    outer loop
      vertex 210.9442270025611 93.37610799819231 1.5
      vertex 195.9422219991684 95.74912499636412 1.5
      vertex 194.3237629979849 80.23330699652433 1.5
    endloop
  endfacet
  facet normal 0 0 1
    outer loop
      vertex 210.94310200214386 93.36209700256586 1.5
      vertex 210.9442270025611 93.37610799819231 1.5
      vertex 194.3237629979849 80.23330699652433 1.5
    endloop
  endfacet
  facet normal 0 0 1
    outer loop
      vertex 210.50963799655437 79.39828100055456 1.5
      vertex 210.94310200214386 93.36209700256586 1.5
      vertex 194.3237629979849 80.23330699652433 1.5
    endloop
  endfacet
  facet normal 0 0 1
    outer loop
      vertex 210.50989200174809 79.3842270001769 1.5
      vertex 210.50963799655437 79.39828100055456 1.5
      vertex 194.3237629979849 80.23330699652433 1.5
    endloop
  endfacet
  facet normal 0 0 1
    outer loop
      vertex 209.498678997159 55.19571200013161 1.5
      vertex 209.51263999938965 55.194077000021935 1.5
      vertex 294.0562710016966 54.625 1.5
    endloop
  endfacet
  facet normal 0 0 1
    outer loop
      vertex 209.498678997159 55.19571200013161 1.5
      vertex 294.0562710016966 54.625 1.5
      vertex 188.6908010020852 56.725258998572826 1.5
    endloop
  endfacet
  facet normal 0 0 1
    outer loop
      vertex 195.55997700244188 56.138380996882915 1.5
      vertex 209.498678997159 55.19571200013161 1.5
      vertex 188.6908010020852 56.725258998572826 1.5
    endloop
  endfacet
  facet normal 0 0 1
    outer loop
      vertex 195.54592300206423 56.138640001416206 1.5
      vertex 195.55997700244188 56.138380996882915 1.5
      vertex 188.6908010020852 56.725258998572826 1.5
    endloop
  endfacet
  facet normal 0 0 1
    outer loop
      vertex 195.54428800195456 56.12467899918556 1.5
      vertex 195.54592300206423 56.138640001416206 1.5
      vertex 188.6908010020852 56.725258998572826 1.5
    endloop
  endfacet
  facet normal 0 0 1
    outer loop
      vertex 194.60161899775267 42.18597699701786 1.5
      vertex 195.54428800195456 56.12467899918556 1.5
      vertex 188.6908010020852 56.725258998572826 1.5
    endloop
  endfacet
  facet normal 0 0 1
    outer loop
      vertex 194.60161899775267 42.18597699701786 1.5
      vertex 188.6908010020852 56.725258998572826 1.5
      vertex 187.16550900042057 42.83823200315237 1.5
    endloop
  endfacet
  facet normal 0 0 1
    outer loop
      vertex 194.60136000066996 42.171922996640205 1.5
      vertex 194.60161899775267 42.18597699701786 1.5
      vertex 187.16550900042057 42.83823200315237 1.5
    endloop
  endfacet
  facet normal 0 0 1
    outer loop
      vertex 194.60136000066996 42.171922996640205 1.5
      vertex 187.16550900042057 42.83823200315237 1.5
      vertex 187.16329000145197 42.824352003633976 1.5
    endloop
  endfacet
  facet normal 0 0 1
    outer loop
      vertex 294.0562710016966 54.625 1.5
      vertex 209.51263999938965 55.194077000021935 1.5
      vertex 209.51238100230694 55.18002299964428 1.5
    endloop
  endfacet
  facet normal 0 0 1
    outer loop
      vertex 180.41079100221395 19.514247998595238 1.5
      vertex 180.424662001431 19.51197300106287 1.5
      vertex 297.23924999684095 17.96000000089407 1.5
    endloop
  endfacet
  facet normal 0 0 1
    outer loop
      vertex 174.7907409965992 58.26680099964142 1.5
      vertex 188.67776799947023 56.74150899797678 1.5
      vertex 278.6647500023246 59.50999999791384 1.5
    endloop
  endfacet
  facet normal 0 0 1
    outer loop
      vertex 174.77671000361443 58.26764799654484 1.5
      vertex 174.7907409965992 58.26680099964142 1.5
      vertex 278.6647500023246 59.50999999791384 1.5
    endloop
  endfacet
  facet normal 0 0 1
    outer loop
      vertex 229.71160499751568 54.6703620031476 1.5
      vertex 229.72562900185585 54.66940300166607 1.5
      vertex 294.0562710016966 54.625 1.5
    endloop
  endfacet
  facet normal 0 0 1
    outer loop
      vertex 229.71160499751568 54.6703620031476 1.5
      vertex 294.0562710016966 54.625 1.5
      vertex 209.51238100230694 55.18002299964428 1.5
    endloop
  endfacet
  facet normal 0 0 1
    outer loop
      vertex 215.7436480000615 54.93904799968004 1.5
      vertex 229.71160499751568 54.6703620031476 1.5
      vertex 209.51238100230694 55.18002299964428 1.5
    endloop
  endfacet
  facet normal 0 0 1
    outer loop
      vertex 215.72959700226784 54.93862900137901 1.5
      vertex 215.7436480000615 54.93904799968004 1.5
      vertex 209.51238100230694 55.18002299964428 1.5
    endloop
  endfacet
  facet normal 0 0 1
    outer loop
      vertex 215.7286380007863 54.92460499703884 1.5
      vertex 215.72959700226784 54.93862900137901 1.5
      vertex 209.51238100230694 55.18002299964428 1.5
    endloop
  endfacet
  facet normal 0 0 1
    outer loop
      vertex 215.45995199680328 40.956647999584675 1.5
      vertex 215.7286380007863 54.92460499703884 1.5
      vertex 209.51238100230694 55.18002299964428 1.5
    endloop
  endfacet
  facet normal 0 0 1
    outer loop
      vertex 215.45995199680328 40.956647999584675 1.5
      vertex 209.51238100230694 55.18002299964428 1.5
      vertex 208.56971199810505 41.24132099747658 1.5
    endloop
  endfacet
  facet normal 0 0 1
    outer loop
      vertex 215.4603710025549 40.942597001791 1.5
      vertex 215.45995199680328 40.956647999584675 1.5
      vertex 208.56971199810505 41.24132099747658 1.5
    endloop
  endfacet
  facet normal 0 0 1
    outer loop
      vertex 215.4603710025549 40.942597001791 1.5
      vertex 208.56971199810505 41.24132099747658 1.5
      vertex 208.56807699799538 41.227360002696514 1.5
    endloop
  endfacet
  facet normal 0 0 1
    outer loop
      vertex 190.36938600242138 75.65376400202513 1.5
      vertex 204.29525899887085 74.53747300058603 1.5
      vertex 271.6647500023246 75.10999999940395 1.5
    endloop
  endfacet
  facet normal 0 0 1
    outer loop
      vertex 278.6647500023246 75.10999999940395 1.5
      vertex 295.4772500023246 75.10999999940395 1.5
      vertex 183.51543100178242 76.3051360026002 1.5
    endloop
  endfacet
  facet normal 0 0 1
    outer loop
      vertex 271.6647500023246 75.10999999940395 1.5
      vertex 278.6647500023246 75.10999999940395 1.5
      vertex 183.51543100178242 76.3051360026002 1.5
    endloop
  endfacet
  facet normal 0 0 1
    outer loop
      vertex 190.36938600242138 75.65376400202513 1.5
      vertex 271.6647500023246 75.10999999940395 1.5
      vertex 183.51543100178242 76.3051360026002 1.5
    endloop
  endfacet
  facet normal 0 0 1
    outer loop
      vertex 190.3553360030055 75.6541979983449 1.5
      vertex 190.36938600242138 75.65376400202513 1.5
      vertex 183.51543100178242 76.3051360026002 1.5
    endloop
  endfacet
  facet normal 0 0 1
    outer loop
      vertex 190.35352700203657 75.64025899767876 1.5
      vertex 190.3553360030055 75.6541979983449 1.5
      vertex 183.51543100178242 76.3051360026002 1.5
    endloop
  endfacet
  facet normal 0 0 1
    outer loop
      vertex 189.23723600059748 61.714386001229286 1.5
      vertex 190.35352700203657 75.64025899767876 1.5
      vertex 183.51543100178242 76.3051360026002 1.5
    endloop
  endfacet
  facet normal 0 0 1
    outer loop
      vertex 189.23723600059748 61.714386001229286 1.5
      vertex 183.51543100178242 76.3051360026002 1.5
      vertex 181.94143100082874 62.42354500293732 1.5
    endloop
  endfacet
  facet normal 0 0 1
    outer loop
      vertex 189.23723600059748 61.714386001229286 1.5
      vertex 181.94143100082874 62.42354500293732 1.5
      vertex 181.93916399776936 62.4096729978919 1.5
    endloop
  endfacet
  facet normal 0 0 1
    outer loop
      vertex 189.23680199682713 61.70033600181341 1.5
      vertex 189.23723600059748 61.714386001229286 1.5
      vertex 181.93916399776936 62.4096729978919 1.5
    endloop
  endfacet
  facet normal 0 0 1
    outer loop
      vertex 295.485270999372 35.57500000298023 1.5
      vertex 295.4993100017309 35.57430999726057 1.5
      vertex 315.38511200249195 35.93004799634218 1.5
    endloop
  endfacet
  facet normal 0 0 1
    outer loop
      vertex 295.485270999372 35.57500000298023 1.5
      vertex 315.38511200249195 35.93004799634218 1.5
      vertex 213.64172200113535 35.943481996655464 1.5
    endloop
  endfacet
  facet normal 0 0 1
    outer loop
      vertex 187.25098899751902 18.815499000251293 1.5
      vertex 201.16811300069094 17.594971001148224 1.5
      vertex 266.42674999684095 17.96000000089407 1.5
    endloop
  endfacet
  facet normal 0 0 1
    outer loop
      vertex 273.42674999684095 17.96000000089407 1.5
      vertex 290.23924999684095 17.96000000089407 1.5
      vertex 180.42375800013542 19.4979460015893 1.5
    endloop
  endfacet
  facet normal 0 0 1
    outer loop
      vertex 266.42674999684095 17.96000000089407 1.5
      vertex 273.42674999684095 17.96000000089407 1.5
      vertex 180.42375800013542 19.4979460015893 1.5
    endloop
  endfacet
  facet normal 0 0 1
    outer loop
      vertex 187.25098899751902 18.815499000251293 1.5
      vertex 266.42674999684095 17.96000000089407 1.5
      vertex 180.42375800013542 19.4979460015893 1.5
    endloop
  endfacet
  facet normal 0 0 1
    outer loop
      vertex 187.23694299906492 18.816037997603416 1.5
      vertex 187.25098899751902 18.815499000251293 1.5
      vertex 180.42375800013542 19.4979460015893 1.5
    endloop
  endfacet
  facet normal 0 0 1
    outer loop
      vertex 187.23502899706364 18.802112996578217 1.5
      vertex 187.23694299906492 18.816037997603416 1.5
      vertex 180.42375800013542 19.4979460015893 1.5
    endloop
  endfacet
  facet normal 0 0 1
    outer loop
      vertex 187.23502899706364 18.802112996578217 1.5
      vertex 180.42375800013542 19.4979460015893 1.5
      vertex 178.84224800020456 5.617209002375603 1.5
    endloop
  endfacet
  facet normal 0 0 1
    outer loop
      vertex 186.01450099796057 4.884989000856876 1.5
      vertex 187.23502899706364 18.802112996578217 1.5
      vertex 178.84224800020456 5.617209002375603 1.5
    endloop
  endfacet
  facet normal 0 0 1
    outer loop
      vertex 186.01450099796057 4.884989000856876 1.5
      vertex 178.84224800020456 5.617209002375603 1.5
      vertex 178.8399730026722 5.603338003158569 1.5
    endloop
  endfacet
  facet normal 0 0 1
    outer loop
      vertex 186.01396200060844 4.870943002402782 1.5
      vertex 186.01450099796057 4.884989000856876 1.5
      vertex 178.8399730026722 5.603338003158569 1.5
    endloop
  endfacet
  facet normal 0 0 1
    outer loop
      vertex 233.5410439968109 35.60345599800348 1.5
      vertex 233.55507399886847 35.60260400176048 1.5
      vertex 295.485270999372 35.57500000298023 1.5
    endloop
  endfacet
  facet normal 0 0 1
    outer loop
      vertex 233.5410439968109 35.60345599800348 1.5
      vertex 295.485270999372 35.57500000298023 1.5
      vertex 213.64172200113535 35.943481996655464 1.5
    endloop
  endfacet
  facet normal 0 0 1
    outer loop
      vertex 219.5714429989457 35.7656010016799 1.5
      vertex 233.5410439968109 35.60345599800348 1.5
      vertex 213.64172200113535 35.943481996655464 1.5
    endloop
  endfacet
  facet normal 0 0 1
    outer loop
      vertex 219.55739600211382 35.765073999762535 1.5
      vertex 219.5714429989457 35.7656010016799 1.5
      vertex 213.64172200113535 35.943481996655464 1.5
    endloop
  endfacet
  facet normal 0 0 1
    outer loop
      vertex 219.55654399842024 35.75104399770498 1.5
      vertex 219.55739600211382 35.765073999762535 1.5
      vertex 213.64172200113535 35.943481996655464 1.5
    endloop
  endfacet
  facet normal 0 0 1
    outer loop
      vertex 219.3943990021944 21.781442999839783 1.5
      vertex 219.55654399842024 35.75104399770498 1.5
      vertex 213.64172200113535 35.943481996655464 1.5
    endloop
  endfacet
  facet normal 0 0 1
    outer loop
      vertex 219.3943990021944 21.781442999839783 1.5
      vertex 213.64172200113535 35.943481996655464 1.5
      vertex 212.83703500032425 21.996133998036385 1.5
    endloop
  endfacet
  facet normal 0 0 1
    outer loop
      vertex 219.3949259966612 21.76739600300789 1.5
      vertex 219.3943990021944 21.781442999839783 1.5
      vertex 212.83703500032425 21.996133998036385 1.5
    endloop
  endfacet
  facet normal 0 0 1
    outer loop
      vertex 219.3949259966612 21.76739600300789 1.5
      vertex 212.83703500032425 21.996133998036385 1.5
      vertex 212.8355379998684 21.982157997787 1.5
    endloop
  endfacet
  facet normal 0 0 1
    outer loop
      vertex 280.0857290029526 54.625 1.5
      vertex 294.0562710016966 54.625 1.5
      vertex 229.72604800015688 54.655351996421814 1.5
    endloop
  endfacet
  facet normal 0 0 1
    outer loop
      vertex 280.07169000059366 54.62431000173092 1.5
      vertex 280.0857290029526 54.625 1.5
      vertex 229.72604800015688 54.655351996421814 1.5
    endloop
  endfacet
  facet normal 0 0 1
    outer loop
      vertex 166.53005400300026 21.095757998526096 1.5
      vertex 180.41079100221395 19.514247998595238 1.5
      vertex 297.23924999684095 17.96000000089407 1.5
    endloop
  endfacet
  facet normal 0 0 1
    outer loop
      vertex 224.80339799821377 73.75952800363302 1.5
      vertex 224.80365300178528 73.74547400325537 1.5
      vertex 271.6647500023246 73.67499999701977 1.5
    endloop
  endfacet
  facet normal 0 0 1
    outer loop
      vertex 224.78938700258732 73.76065199822187 1.5
      vertex 224.80339799821377 73.75952800363302 1.5
      vertex 271.6647500023246 73.67499999701977 1.5
    endloop
  endfacet
  facet normal 0 0 1
    outer loop
      vertex 224.78938700258732 73.76065199822187 1.5
      vertex 271.6647500023246 73.67499999701977 1.5
      vertex 204.30876400321722 74.52161400020123 1.5
    endloop
  endfacet
  facet normal 0 0 1
    outer loop
      vertex 210.8255259990692 74.19265300035477 1.5
      vertex 224.78938700258732 73.76065199822187 1.5
      vertex 204.30876400321722 74.52161400020123 1.5
    endloop
  endfacet
  facet normal 0 0 1
    outer loop
      vertex 210.81147199869156 74.19239799678326 1.5
      vertex 210.8255259990692 74.19265300035477 1.5
      vertex 204.30876400321722 74.52161400020123 1.5
    endloop
  endfacet
  facet normal 0 0 1
    outer loop
      vertex 210.81034799665213 74.1783870011568 1.5
      vertex 210.81147199869156 74.19239799678326 1.5
      vertex 204.30876400321722 74.52161400020123 1.5
    endloop
  endfacet
  facet normal 0 0 1
    outer loop
      vertex 210.37834700196981 60.2145259976387 1.5
      vertex 210.81034799665213 74.1783870011568 1.5
      vertex 204.30876400321722 74.52161400020123 1.5
    endloop
  endfacet
  facet normal 0 0 1
    outer loop
      vertex 210.37834700196981 60.2145259976387 1.5
      vertex 204.30876400321722 74.52161400020123 1.5
      vertex 203.19247300177813 60.595740996301174 1.5
    endloop
  endfacet
  facet normal 0 0 1
    outer loop
      vertex 210.37860199809074 60.20047199726105 1.5
      vertex 210.37834700196981 60.2145259976387 1.5
      vertex 203.19247300177813 60.595740996301174 1.5
    endloop
  endfacet
  facet normal 0 0 1
    outer loop
      vertex 210.37860199809074 60.20047199726105 1.5
      vertex 203.19247300177813 60.595740996301174 1.5
      vertex 203.1906640008092 60.58180200308561 1.5
    endloop
  endfacet
  facet normal 0 0 1
    outer loop
      vertex 201.51087100058794 -2.035030998289585 1.5
      vertex 201.5358299985528 -2.038502000272274 1.5
      vertex 202.88041599839926 -2.155749998986721 1.5
    endloop
  endfacet
  facet normal 0 0 1
    outer loop
      vertex 202.90503100305796 -2.1572979986667633 1.5
      vertex 204.99012699723244 -2.2375190034508705 1.5
      vertex 205.01525799930096 -2.237203001976013 1.5
    endloop
  endfacet
  facet normal 0 0 1
    outer loop
      vertex 241.18615999817848 16.530110001564026 1.5
      vertex 241.2001980021596 16.52939099818468 1.5
      vertex 246.25868999958038 16.524310000240803 1.5
    endloop
  endfacet
  facet normal 0 0 1
    outer loop
      vertex 241.18615999817848 16.530110001564026 1.5
      vertex 246.25868999958038 16.524310000240803 1.5
      vertex 246.2727290019393 16.524999998509884 1.5
    endloop
  endfacet
  facet normal 0 0 1
    outer loop
      vertex 244.0479350015521 73.67634200304747 1.5
      vertex 244.06197399646044 73.67564400285482 1.5
      vertex 249.11569000035524 73.67430999875069 1.5
    endloop
  endfacet
  facet normal 0 0 1
    outer loop
      vertex 244.0479350015521 73.67634200304747 1.5
      vertex 249.11569000035524 73.67430999875069 1.5
      vertex 249.12972900271416 73.67499999701977 1.5
    endloop
  endfacet
  facet normal 0 0 1
    outer loop
      vertex 252.62327100336552 35.57500000298023 1.5
      vertex 252.63730999827385 35.57430999726057 1.5
      vertex 257.68868999928236 35.57430999726057 1.5
    endloop
  endfacet
  facet normal 0 0 1
    outer loop
      vertex 252.62327100336552 35.57500000298023 1.5
      vertex 257.68868999928236 35.57430999726057 1.5
      vertex 257.7027290016413 35.57500000298023 1.5
    endloop
  endfacet
  facet normal 0 0 1
    outer loop
      vertex 268.165689997375 59.67569000273943 1.5
      vertex 263.1143099963665 59.67569000273943 1.5
      vertex 263.10027100145817 59.67499999701977 1.5
    endloop
  endfacet
  facet normal 0 0 1
    outer loop
      vertex 268.1797289997339 59.67499999701977 1.5
      vertex 268.165689997375 59.67569000273943 1.5
      vertex 263.10027100145817 59.67499999701977 1.5
    endloop
  endfacet
  facet normal 0 0 1
    outer loop
      vertex 271.6732710003853 35.57500000298023 1.5
      vertex 271.6873100027442 35.57430999726057 1.5
      vertex 281.5006899982691 35.57430999726057 1.5
    endloop
  endfacet
  facet normal 0 0 1
    outer loop
      vertex 271.6732710003853 35.57500000298023 1.5
      vertex 281.5006899982691 35.57430999726057 1.5
      vertex 281.514729000628 35.57500000298023 1.5
    endloop
  endfacet
  facet normal 0 0 1
    outer loop
      vertex 248.82731000334024 54.62431000173092 1.5
      vertex 253.8776900023222 54.62431000173092 1.5
      vertex 253.89172899723053 54.625 1.5
    endloop
  endfacet
  facet normal 0 0 1
    outer loop
      vertex 248.81327100098133 54.625 1.5
      vertex 248.82731000334024 54.62431000173092 1.5
      vertex 253.89172899723053 54.625 1.5
    endloop
  endfacet
  facet normal 0 0 1
    outer loop
      vertex 263.10027100145817 73.67499999701977 1.5
      vertex 263.1143099963665 73.67430999875069 1.5
      vertex 268.165689997375 73.67430999875069 1.5
    endloop
  endfacet
  facet normal 0 0 1
    outer loop
      vertex 257.68868999928236 21.575690001249313 1.5
      vertex 252.63730999827385 21.575690001249313 1.5
      vertex 252.62327100336552 21.575000002980232 1.5
    endloop
  endfacet
  facet normal 0 0 1
    outer loop
      vertex 257.7027290016413 21.575000002980232 1.5
      vertex 257.68868999928236 21.575690001249313 1.5
      vertex 252.62327100336552 21.575000002980232 1.5
    endloop
  endfacet
  facet normal 0 0 1
    outer loop
      vertex 297.23924999684095 17.96000000089407 1.5
      vertex 257.7027290016413 21.575000002980232 1.5
      vertex 252.62327100336552 21.575000002980232 1.5
    endloop
  endfacet
  facet normal 0 0 1
    outer loop
      vertex 166.53005400300026 21.095757998526096 1.5
      vertex 297.23924999684095 17.96000000089407 1.5
      vertex 252.62327100336552 21.575000002980232 1.5
    endloop
  endfacet
  facet normal 0 0 1
    outer loop
      vertex 166.53005400300026 21.095757998526096 1.5
      vertex 252.62327100336552 21.575000002980232 1.5
      vertex 238.65272899717093 21.575000002980232 1.5
    endloop
  endfacet
  facet normal 0 0 1
    outer loop
      vertex 166.53005400300026 21.095757998526096 1.5
      vertex 238.65272899717093 21.575000002980232 1.5
      vertex 238.6386900022626 21.575690001249313 1.5
    endloop
  endfacet
  facet normal 0 0 1
    outer loop
      vertex 166.53005400300026 21.095757998526096 1.5
      vertex 238.6386900022626 21.575690001249313 1.5
      vertex 238.63799999654293 21.589729003608227 1.5
    endloop
  endfacet
  facet normal 0 0 1
    outer loop
      vertex 166.5160270035267 21.096661999821663 1.5
      vertex 166.53005400300026 21.095757998526096 1.5
      vertex 238.63799999654293 21.589729003608227 1.5
    endloop
  endfacet
  facet normal 0 0 1
    outer loop
      vertex 253.89172899723053 40.625 1.5
      vertex 253.8776900023222 40.62568999826908 1.5
      vertex 248.82731000334024 40.62568999826908 1.5
    endloop
  endfacet
  facet normal 0 0 1
    outer loop
      vertex 253.89172899723053 40.625 1.5
      vertex 248.82731000334024 40.62568999826908 1.5
      vertex 248.81327100098133 40.625 1.5
    endloop
  endfacet
  facet normal 0 0 1
    outer loop
      vertex 280.07169000059366 40.62568999826908 1.5
      vertex 267.87630999833345 40.62568999826908 1.5
      vertex 267.8622710034251 40.625 1.5
    endloop
  endfacet
  facet normal 0 0 1
    outer loop
      vertex 172.50679100304842 39.46524800360203 1.5
      vertex 280.07169000059366 40.62568999826908 1.5
      vertex 267.8622710034251 40.625 1.5
    endloop
  endfacet
  facet normal 0 0 1
    outer loop
      vertex 172.50679100304842 39.46524800360203 1.5
      vertex 267.8622710034251 40.625 1.5
      vertex 253.89172899723053 40.625 1.5
    endloop
  endfacet
  facet normal 0 0 1
    outer loop
      vertex 172.50679100304842 39.46524800360203 1.5
      vertex 253.89172899723053 40.625 1.5
      vertex 248.81327100098133 40.625 1.5
    endloop
  endfacet
  facet normal 0 0 1
    outer loop
      vertex 172.50679100304842 39.46524800360203 1.5
      vertex 248.81327100098133 40.625 1.5
      vertex 234.84272900223732 40.625 1.5
    endloop
  endfacet
  facet normal 0 0 1
    outer loop
      vertex 172.50679100304842 39.46524800360203 1.5
      vertex 234.84272900223732 40.625 1.5
      vertex 234.8286899998784 40.62568999826908 1.5
    endloop
  endfacet
  facet normal 0 0 1
    outer loop
      vertex 172.50679100304842 39.46524800360203 1.5
      vertex 234.8286899998784 40.62568999826908 1.5
      vertex 234.82800000160933 40.639729000627995 1.5
    endloop
  endfacet
  facet normal 0 0 1
    outer loop
      vertex 158.62605399638414 41.04675800353289 1.5
      vertex 172.50679100304842 39.46524800360203 1.5
      vertex 234.82800000160933 40.639729000627995 1.5
    endloop
  endfacet
  facet normal 0 0 1
    outer loop
      vertex 158.61202699691057 41.04766199737787 1.5
      vertex 158.62605399638414 41.04675800353289 1.5
      vertex 234.82800000160933 40.639729000627995 1.5
    endloop
  endfacet
  facet normal 0 0 1
    outer loop
      vertex 267.8622710034251 54.625 1.5
      vertex 267.87630999833345 54.62431000173092 1.5
      vertex 280.07169000059366 54.62431000173092 1.5
    endloop
  endfacet
  facet normal 0 0 1
    outer loop
      vertex 260.2432710006833 16.524999998509884 1.5
      vertex 260.2573100030422 16.524310000240803 1.5
      vertex 265.30868999660015 16.524310000240803 1.5
    endloop
  endfacet
  facet normal 0 0 1
    outer loop
      vertex 267.8622710034251 92.72500000149012 1.5
      vertex 267.87692900002 92.72427999973297 1.5
      vertex 268.165071003139 92.72427999973297 1.5
    endloop
  endfacet
  facet normal 0 0 1
    outer loop
      vertex 267.8622710034251 92.72500000149012 1.5
      vertex 268.165071003139 92.72427999973297 1.5
      vertex 268.1797289997339 92.72500000149012 1.5
    endloop
  endfacet
  facet normal 0 0 1
    outer loop
      vertex 268.1797289997339 78.72500000149012 1.5
      vertex 268.165071003139 78.72572000324726 1.5
      vertex 267.87692900002 78.72572000324726 1.5
    endloop
  endfacet
  facet normal 0 0 1
    outer loop
      vertex 268.1797289997339 78.72500000149012 1.5
      vertex 267.87692900002 78.72572000324726 1.5
      vertex 267.8622710034251 78.72500000149012 1.5
    endloop
  endfacet
  facet normal 0 0 1
    outer loop
      vertex 182.22720699757338 -0.344028003513813 1.5
      vertex 183.70907600224018 -0.47498100250959396 1.5
      vertex 183.73305899649858 -0.47592200338840485 1.5
    endloop
  endfacet
  facet normal 0 0 1
    outer loop
      vertex 249.11569000035524 59.67569000273943 1.5
      vertex 244.05464400351048 59.67702600359917 1.5
      vertex 244.04060500115156 59.676343001425266 1.5
    endloop
  endfacet
  facet normal 0 0 1
    outer loop
      vertex 249.12972900271416 59.67499999701977 1.5
      vertex 249.11569000035524 59.67569000273943 1.5
      vertex 244.04060500115156 59.676343001425266 1.5
    endloop
  endfacet
  facet normal 0 0 1
    outer loop
      vertex 180.00766199827194 -0.09114299714565277 1.5
      vertex 180.03135100007057 -0.0950080007314682 1.5
      vertex 182.2142890021205 -0.3427259996533394 1.5
    endloop
  endfacet
  facet normal 0 0 1
    outer loop
      vertex 282.15027099847794 92.72500000149012 1.5
      vertex 282.1649290025234 92.72427999973297 1.5
      vertex 282.45146200060844 92.72404100000858 1.5
    endloop
  endfacet
  facet normal 0 0 1
    outer loop
      vertex 282.15027099847794 92.72500000149012 1.5
      vertex 282.45146200060844 92.72404100000858 1.5
      vertex 224.93636199831963 92.92771899700165 1.5
    endloop
  endfacet
  facet normal 0 0 1
    outer loop
      vertex 268.1797289997339 92.72500000149012 1.5
      vertex 282.15027099847794 92.72500000149012 1.5
      vertex 224.93636199831963 92.92771899700165 1.5
    endloop
  endfacet
  facet normal 0 0 1
    outer loop
      vertex 267.8622710034251 92.72500000149012 1.5
      vertex 268.1797289997339 92.72500000149012 1.5
      vertex 224.93636199831963 92.92771899700165 1.5
    endloop
  endfacet
  facet normal 0 0 1
    outer loop
      vertex 249.12972900271416 92.72500000149012 1.5
      vertex 267.8622710034251 92.72500000149012 1.5
      vertex 224.93636199831963 92.92771899700165 1.5
    endloop
  endfacet
  facet normal 0 0 1
    outer loop
      vertex 249.11569000035524 92.72431000322104 1.5
      vertex 249.12972900271416 92.72500000149012 1.5
      vertex 224.93636199831963 92.92771899700165 1.5
    endloop
  endfacet
  facet normal 0 0 1
    outer loop
      vertex 249.11500000208616 92.71027100086212 1.5
      vertex 249.11569000035524 92.72431000322104 1.5
      vertex 224.93636199831963 92.92771899700165 1.5
    endloop
  endfacet
  facet normal 0 0 1
    outer loop
      vertex 249.11500000208616 78.73972900211811 1.5
      vertex 249.11500000208616 92.71027100086212 1.5
      vertex 224.93636199831963 92.92771899700165 1.5
    endloop
  endfacet
  facet normal 0 0 1
    outer loop
      vertex 249.11500000208616 78.73972900211811 1.5
      vertex 224.93636199831963 92.92771899700165 1.5
      vertex 224.50289800018072 78.96390300244093 1.5
    endloop
  endfacet
  facet normal 0 0 1
    outer loop
      vertex 249.11569000035524 78.7256899997592 1.5
      vertex 249.11500000208616 78.73972900211811 1.5
      vertex 224.50289800018072 78.96390300244093 1.5
    endloop
  endfacet
  facet normal 0 0 1
    outer loop
      vertex 249.11569000035524 78.7256899997592 1.5
      vertex 224.50289800018072 78.96390300244093 1.5
      vertex 224.5017729997635 78.9498919993639 1.5
    endloop
  endfacet
  facet normal 0 0 1
    outer loop
      vertex 282.45146200060844 78.72595900297165 1.5
      vertex 282.1649290025234 78.72572000324726 1.5
      vertex 282.15027099847794 78.72500000149012 1.5
    endloop
  endfacet
  facet normal 0 0 1
    outer loop
      vertex 183.5024550035596 76.32143100351095 1.5
      vertex 282.45146200060844 78.72595900297165 1.5
      vertex 282.15027099847794 78.72500000149012 1.5
    endloop
  endfacet
  facet normal 0 0 1
    outer loop
      vertex 183.5024550035596 76.32143100351095 1.5
      vertex 282.15027099847794 78.72500000149012 1.5
      vertex 268.1797289997339 78.72500000149012 1.5
    endloop
  endfacet
  facet normal 0 0 1
    outer loop
      vertex 169.62086399644613 77.89543099701405 1.5
      vertex 183.5024550035596 76.32143100351095 1.5
      vertex 268.1797289997339 78.72500000149012 1.5
    endloop
  endfacet
  facet normal 0 0 1
    outer loop
      vertex 169.62086399644613 77.89543099701405 1.5
      vertex 268.1797289997339 78.72500000149012 1.5
      vertex 267.8622710034251 78.72500000149012 1.5
    endloop
  endfacet
  facet normal 0 0 1
    outer loop
      vertex 169.60683599859476 77.89632699638605 1.5
      vertex 169.62086399644613 77.89543099701405 1.5
      vertex 267.8622710034251 78.72500000149012 1.5
    endloop
  endfacet
  facet normal 0 0 1
    outer loop
      vertex 169.60683599859476 77.89632699638605 1.5
      vertex 267.8622710034251 78.72500000149012 1.5
      vertex 249.12972900271416 78.72500000149012 1.5
    endloop
  endfacet
  facet normal 0 0 1
    outer loop
      vertex 169.60683599859476 77.89632699638605 1.5
      vertex 249.12972900271416 78.72500000149012 1.5
      vertex 249.11569000035524 78.7256899997592 1.5
    endloop
  endfacet
  facet normal 0 0 1
    outer loop
      vertex 169.60683599859476 77.89632699638605 1.5
      vertex 249.11569000035524 78.7256899997592 1.5
      vertex 224.5017729997635 78.9498919993639 1.5
    endloop
  endfacet
  facet normal 0 0 1
    outer loop
      vertex 169.60683599859476 77.89632699638605 1.5
      vertex 224.5017729997635 78.9498919993639 1.5
      vertex 224.48771899938583 78.94963800162077 1.5
    endloop
  endfacet
  facet normal 0 0 1
    outer loop
      vertex 169.60683599859476 77.89632699638605 1.5
      vertex 224.48771899938583 78.94963800162077 1.5
      vertex 210.52390299737453 79.38310199975967 1.5
    endloop
  endfacet
  facet normal 0 0 1
    outer loop
      vertex 169.60683599859476 77.89632699638605 1.5
      vertex 210.52390299737453 79.38310199975967 1.5
      vertex 210.50989200174809 79.3842270001769 1.5
    endloop
  endfacet
  facet normal 0 0 1
    outer loop
      vertex 169.60683599859476 77.89632699638605 1.5
      vertex 210.50989200174809 79.3842270001769 1.5
      vertex 194.3237629979849 80.23330699652433 1.5
    endloop
  endfacet
  facet normal 0 0 1
    outer loop
      vertex 169.60683599859476 77.89632699638605 1.5
      vertex 194.3237629979849 80.23330699652433 1.5
      vertex 187.36153800040483 80.95953900367022 1.5
    endloop
  endfacet
  facet normal 0 0 1
    outer loop
      vertex 169.60683599859476 77.89632699638605 1.5
      vertex 187.36153800040483 80.95953900367022 1.5
      vertex 170.63976299762726 82.70379099994898 1.5
    endloop
  endfacet
  facet normal 0 0 1
    outer loop
      vertex 169.60683599859476 77.89632699638605 1.5
      vertex 170.63976299762726 82.70379099994898 1.5
      vertex 155.45784100145102 42.640496999025345 1.5
    endloop
  endfacet
  facet normal 0 0 1
    outer loop
      vertex 169.60456900298595 77.88245499879122 1.5
      vertex 169.60683599859476 77.89632699638605 1.5
      vertex 155.45784100145102 42.640496999025345 1.5
    endloop
  endfacet
  facet normal 0 0 1
    outer loop
      vertex 168.03056900203228 64.00086399912834 1.5
      vertex 169.60456900298595 77.88245499879122 1.5
      vertex 155.45784100145102 42.640496999025345 1.5
    endloop
  endfacet
  facet normal 0 0 1
    outer loop
      vertex 168.02967300266027 63.98683600127697 1.5
      vertex 168.03056900203228 64.00086399912834 1.5
      vertex 155.45784100145102 42.640496999025345 1.5
    endloop
  endfacet
  facet normal 0 0 1
    outer loop
      vertex 168.0435450002551 63.98456899821758 1.5
      vertex 168.02967300266027 63.98683600127697 1.5
      vertex 155.45784100145102 42.640496999025345 1.5
    endloop
  endfacet
  facet normal 0 0 1
    outer loop
      vertex 271.6647500023246 59.50999999791384 1.5
      vertex 268.1797289997339 59.67499999701977 1.5
      vertex 263.10027100145817 59.67499999701977 1.5
    endloop
  endfacet
  facet normal 0 0 1
    outer loop
      vertex 152.50132799893618 41.88129600137472 1.5
      vertex 152.21906200051308 41.790637999773026 1.5
      vertex 152.13774199783802 41.760572999715805 1.5
    endloop
  endfacet
  facet normal 0 0 1
    outer loop
      vertex 192.83154900372028 37.3073789998889 1.5
      vertex 192.84544099867344 37.305233001708984 1.5
      vertex 311.50225000083447 37.31369999796152 1.5
    endloop
  endfacet
  facet normal 0 0 1
    outer loop
      vertex 192.83154900372028 37.3073789998889 1.5
      vertex 311.50225000083447 37.31369999796152 1.5
      vertex 172.5197580009699 39.44894599914551 1.5
    endloop
  endfacet
  facet normal 0 0 1
    outer loop
      vertex 178.93680199980736 38.760665997862816 1.5
      vertex 192.83154900372028 37.3073789998889 1.5
      vertex 172.5197580009699 39.44894599914551 1.5
    endloop
  endfacet
  facet normal 0 0 1
    outer loop
      vertex 178.92276699841022 38.76144099980593 1.5
      vertex 178.93680199980736 38.760665997862816 1.5
      vertex 172.5197580009699 39.44894599914551 1.5
    endloop
  endfacet
  facet normal 0 0 1
    outer loop
      vertex 178.9206210002303 38.74754899740219 1.5
      vertex 178.92276699841022 38.76144099980593 1.5
      vertex 172.5197580009699 39.44894599914551 1.5
    endloop
  endfacet
  facet normal 0 0 1
    outer loop
      vertex 178.9206210002303 38.74754899740219 1.5
      vertex 172.5197580009699 39.44894599914551 1.5
      vertex 170.93824800103903 25.568208999931812 1.5
    endloop
  endfacet
  facet normal 0 0 1
    outer loop
      vertex 177.4673340022564 24.852802000939846 1.5
      vertex 178.9206210002303 38.74754899740219 1.5
      vertex 170.93824800103903 25.568208999931812 1.5
    endloop
  endfacet
  facet normal 0 0 1
    outer loop
      vertex 177.4673340022564 24.852802000939846 1.5
      vertex 170.93824800103903 25.568208999931812 1.5
      vertex 170.93597300350666 25.55433800071478 1.5
    endloop
  endfacet
  facet normal 0 0 1
    outer loop
      vertex 177.46655900031328 24.838766999542713 1.5
      vertex 177.4673340022564 24.852802000939846 1.5
      vertex 170.93597300350666 25.55433800071478 1.5
    endloop
  endfacet
  facet normal 0 0 1
    outer loop
      vertex 177.46655900031328 24.838766999542713 1.5
      vertex 170.93597300350666 25.55433800071478 1.5
      vertex 170.9219459965825 25.555242002010345 1.5
    endloop
  endfacet
  facet normal 0 0 1
    outer loop
      vertex 177.48045100271702 24.8366210013628 1.5
      vertex 177.46655900031328 24.838766999542713 1.5
      vertex 170.9219459965825 25.555242002010345 1.5
    endloop
  endfacet
  facet normal 0 0 1
    outer loop
      vertex 174.77671000361443 58.26764799654484 1.5
      vertex 278.6647500023246 59.50999999791384 1.5
      vertex 271.6647500023246 59.50999999791384 1.5
    endloop
  endfacet
  facet normal 0 0 1
    outer loop
      vertex 174.77671000361443 58.26764799654484 1.5
      vertex 271.6647500023246 59.50999999791384 1.5
      vertex 263.10027100145817 59.67499999701977 1.5
    endloop
  endfacet
  facet normal 0 0 1
    outer loop
      vertex 174.77671000361443 58.26764799654484 1.5
      vertex 263.10027100145817 59.67499999701977 1.5
      vertex 249.12972900271416 59.67499999701977 1.5
    endloop
  endfacet
  facet normal 0 0 1
    outer loop
      vertex 174.77671000361443 58.26764799654484 1.5
      vertex 249.12972900271416 59.67499999701977 1.5
      vertex 244.04060500115156 59.676343001425266 1.5
    endloop
  endfacet
  facet normal 0 0 1
    outer loop
      vertex 174.77671000361443 58.26764799654484 1.5
      vertex 244.04060500115156 59.676343001425266 1.5
      vertex 230.07006499916315 59.68365799635649 1.5
    endloop
  endfacet
  facet normal 0 0 1
    outer loop
      vertex 174.77671000361443 58.26764799654484 1.5
      vertex 230.07006499916315 59.68365799635649 1.5
      vertex 230.05602599680424 59.68435599654913 1.5
    endloop
  endfacet
  facet normal 0 0 1
    outer loop
      vertex 174.77671000361443 58.26764799654484 1.5
      vertex 230.05602599680424 59.68435599654913 1.5
      vertex 230.05534300208092 59.69839499890804 1.5
    endloop
  endfacet
  facet normal 0 0 1
    outer loop
      vertex 186.01396200060844 4.870943002402782 1.5
      vertex 178.8399730026722 5.603338003158569 1.5
      vertex 178.82594600319862 5.604241997003555 1.5
    endloop
  endfacet
  facet normal 0 0 1
    outer loop
      vertex 152.55083499848843 41.89579900354147 1.5
      vertex 152.50132799893618 41.88129600137472 1.5
      vertex 152.13774199783802 41.760572999715805 1.5
    endloop
  endfacet
  facet normal 0 0 1
    outer loop
      vertex 152.9002280011773 41.98843800276518 1.5
      vertex 152.55083499848843 41.89579900354147 1.5
      vertex 152.13774199783802 41.760572999715805 1.5
    endloop
  endfacet
  facet normal 0 0 1
    outer loop
      vertex 152.9288149997592 41.99556799978018 1.5
      vertex 152.9002280011773 41.98843800276518 1.5
      vertex 152.13774199783802 41.760572999715805 1.5
    endloop
  endfacet
  facet normal 0 0 1
    outer loop
      vertex 153.3234319984913 42.087847001850605 1.5
      vertex 152.9288149997592 41.99556799978018 1.5
      vertex 152.13774199783802 41.760572999715805 1.5
    endloop
  endfacet
  facet normal 0 0 1
    outer loop
      vertex 154.1847120001912 42.277134999632835 1.5
      vertex 153.3234319984913 42.087847001850605 1.5
      vertex 152.13774199783802 41.760572999715805 1.5
    endloop
  endfacet
  facet normal 0 0 1
    outer loop
      vertex 186.02788700163364 4.869029000401497 1.5
      vertex 186.01396200060844 4.870943002402782 1.5
      vertex 178.82594600319862 5.604241997003555 1.5
    endloop
  endfacet
  facet normal 0 0 1
    outer loop
      vertex 189.23680199682713 61.70033600181341 1.5
      vertex 181.93916399776936 62.4096729978919 1.5
      vertex 181.92513599991798 62.41056899726391 1.5
    endloop
  endfacet
  facet normal 0 0 1
    outer loop
      vertex 189.25074099749327 61.69852700084448 1.5
      vertex 189.23680199682713 61.70033600181341 1.5
      vertex 181.92513599991798 62.41056899726391 1.5
    endloop
  endfacet
  facet normal 0 0 1
    outer loop
      vertex 194.6153210029006 42.17028799653053 1.5
      vertex 194.60136000066996 42.171922996640205 1.5
      vertex 187.16329000145197 42.824352003633976 1.5
    endloop
  endfacet
  facet normal 0 0 1
    outer loop
      vertex 219.40895599871874 21.766543999314308 1.5
      vertex 219.3949259966612 21.76739600300789 1.5
      vertex 212.8355379998684 21.982157997787 1.5
    endloop
  endfacet
  facet normal 0 0 1
    outer loop
      vertex 198.87413399666548 22.786964997649193 1.5
      vertex 198.8601579964161 22.78846199810505 1.5
      vertex 191.3892330005765 23.38255900144577 1.5
    endloop
  endfacet
  facet normal 0 0 1
    outer loop
      vertex 194.6153210029006 42.17028799653053 1.5
      vertex 187.16329000145197 42.824352003633976 1.5
      vertex 187.14925900101662 42.825199000537395 1.5
    endloop
  endfacet
  facet normal 0 0 1
    outer loop
      vertex 210.39261300116777 60.199348002672195 1.5
      vertex 210.37860199809074 60.20047199726105 1.5
      vertex 203.1906640008092 60.58180200308561 1.5
    endloop
  endfacet
  facet normal 0 0 1
    outer loop
      vertex 215.47439499944448 40.94163800030947 1.5
      vertex 215.4603710025549 40.942597001791 1.5
      vertex 208.56807699799538 41.227360002696514 1.5
    endloop
  endfacet
  facet normal 0 0 1
    outer loop
      vertex 207.2799250036478 3.2054110020399094 1.5
      vertex 207.26592200249434 3.206635996699333 1.5
      vertex 199.95905700325966 3.6479619964957237 1.5
    endloop
  endfacet
  facet normal 0 0 1
    outer loop
      vertex 201.51087100058794 -2.035030998289585 1.5
      vertex 202.88041599839926 -2.155749998986721 1.5
      vertex 202.90503100305796 -2.1572979986667633 1.5
    endloop
  endfacet
  facet normal 0 0 1
    outer loop
      vertex 201.51087100058794 -2.035030998289585 1.5
      vertex 202.90503100305796 -2.1572979986667633 1.5
      vertex 205.01525799930096 -2.237203001976013 1.5
    endloop
  endfacet
  facet normal 0 0 1
    outer loop
      vertex 183.73305899649858 -0.47592200338840485 1.5
      vertex 201.51087100058794 -2.035030998289585 1.5
      vertex 205.01525799930096 -2.237203001976013 1.5
    endloop
  endfacet
  facet normal 0 0 1
    outer loop
      vertex 183.73305899649858 -0.47592200338840485 1.5
      vertex 205.01525799930096 -2.237203001976013 1.5
      vertex 221.61056499928236 -2.870379000902176 1.5
    endloop
  endfacet
  facet normal 0 0 1
    outer loop
      vertex 219.40895599871874 21.766543999314308 1.5
      vertex 212.8355379998684 21.982157997787 1.5
      vertex 212.82148200273514 21.982277996838093 1.5
    endloop
  endfacet
  facet normal 0 0 1
    outer loop
      vertex 198.87413399666548 22.786964997649193 1.5
      vertex 191.3892330005765 23.38255900144577 1.5
      vertex 191.37519799917936 23.38333400338888 1.5
    endloop
  endfacet
  facet normal 0 0 1
    outer loop
      vertex 182.22720699757338 -0.344028003513813 1.5
      vertex 183.73305899649858 -0.47592200338840485 1.5
      vertex 221.61056499928236 -2.870379000902176 1.5
    endloop
  endfacet
  facet normal 0 0 1
    outer loop
      vertex 182.2142890021205 -0.3427259996533394 1.5
      vertex 182.22720699757338 -0.344028003513813 1.5
      vertex 221.61056499928236 -2.870379000902176 1.5
    endloop
  endfacet
  facet normal 0 0 1
    outer loop
      vertex 180.00766199827194 -0.09114299714565277 1.5
      vertex 182.2142890021205 -0.3427259996533394 1.5
      vertex 221.61056499928236 -2.870379000902176 1.5
    endloop
  endfacet
  facet normal 0 0 1
    outer loop
      vertex 165.4871869981289 1.5632560029625893 1.5
      vertex 180.00766199827194 -0.09114299714565277 1.5
      vertex 221.61056499928236 -2.870379000902176 1.5
    endloop
  endfacet
  facet normal 0 0 1
    outer loop
      vertex 215.47439499944448 40.94163800030947 1.5
      vertex 208.56807699799538 41.227360002696514 1.5
      vertex 208.55402299761772 41.227618999779224 1.5
    endloop
  endfacet
  facet normal 0 0 1
    outer loop
      vertex 210.39261300116777 60.199348002672195 1.5
      vertex 203.1906640008092 60.58180200308561 1.5
      vertex 203.17661400139332 60.582235999405384 1.5
    endloop
  endfacet
  facet normal 0 0 1
    outer loop
      vertex 207.2799250036478 3.2054110020399094 1.5
      vertex 199.95905700325966 3.6479619964957237 1.5
      vertex 199.94501099735498 3.6485010012984276 1.5
    endloop
  endfacet
  facet normal 0 0 1
    outer loop
      vertex 154.59635899960995 42.373349003493786 1.5
      vertex 154.1847120001912 42.277134999632835 1.5
      vertex 152.13774199783802 41.760572999715805 1.5
    endloop
  endfacet
  facet normal 0 0 1
    outer loop
      vertex 260.2432710006833 16.524999998509884 1.5
      vertex 265.30868999660015 16.524310000240803 1.5
      vertex 221.78823199868202 16.647308997809887 1.5
    endloop
  endfacet
  facet normal 0 0 1
    outer loop
      vertex 246.2727290019393 16.524999998509884 1.5
      vertex 260.2432710006833 16.524999998509884 1.5
      vertex 221.78823199868202 16.647308997809887 1.5
    endloop
  endfacet
  facet normal 0 0 1
    outer loop
      vertex 241.18615999817848 16.530110001564026 1.5
      vertex 246.2727290019393 16.524999998509884 1.5
      vertex 221.78823199868202 16.647308997809887 1.5
    endloop
  endfacet
  facet normal 0 0 1
    outer loop
      vertex 227.21564999967813 16.55985800176859 1.5
      vertex 241.18615999817848 16.530110001564026 1.5
      vertex 221.78823199868202 16.647308997809887 1.5
    endloop
  endfacet
  facet normal 0 0 1
    outer loop
      vertex 227.20160900056362 16.55919799953699 1.5
      vertex 227.21564999967813 16.55985800176859 1.5
      vertex 221.78823199868202 16.647308997809887 1.5
    endloop
  endfacet
  facet normal 0 0 1
    outer loop
      vertex 227.20160900056362 16.55919799953699 1.5
      vertex 221.78823199868202 16.647308997809887 1.5
      vertex 221.25558900088072 2.6869250014424324 1.5
    endloop
  endfacet
  facet normal 0 0 1
    outer loop
      vertex 221.61056499928236 -2.870379000902176 1.5
      vertex 227.20160900056362 16.55919799953699 1.5
      vertex 221.25558900088072 2.6869250014424324 1.5
    endloop
  endfacet
  facet normal 0 0 1
    outer loop
      vertex 221.61056499928236 -2.870379000902176 1.5
      vertex 221.25558900088072 2.6869250014424324 1.5
      vertex 221.2543639987707 2.6729220002889633 1.5
    endloop
  endfacet
  facet normal 0 0 1
    outer loop
      vertex 221.61056499928236 -2.870379000902176 1.5
      vertex 221.2543639987707 2.6729220002889633 1.5
      vertex 221.24030900001526 2.672767996788025 1.5
    endloop
  endfacet
  facet normal 0 0 1
    outer loop
      vertex 221.61056499928236 -2.870379000902176 1.5
      vertex 221.24030900001526 2.672767996788025 1.5
      vertex 207.2799250036478 3.2054110020399094 1.5
    endloop
  endfacet
  facet normal 0 0 1
    outer loop
      vertex 221.61056499928236 -2.870379000902176 1.5
      vertex 207.2799250036478 3.2054110020399094 1.5
      vertex 199.94501099735498 3.6485010012984276 1.5
    endloop
  endfacet
  facet normal 0 0 1
    outer loop
      vertex 165.4871869981289 1.5632560029625893 1.5
      vertex 221.61056499928236 -2.870379000902176 1.5
      vertex 199.94501099735498 3.6485010012984276 1.5
    endloop
  endfacet
  facet normal 0 0 1
    outer loop
      vertex 165.4871869981289 1.5632560029625893 1.5
      vertex 199.94501099735498 3.6485010012984276 1.5
      vertex 186.02788700163364 4.869029000401497 1.5
    endloop
  endfacet
  facet normal 0 0 1
    outer loop
      vertex 165.4871869981289 1.5632560029625893 1.5
      vertex 186.02788700163364 4.869029000401497 1.5
      vertex 178.82594600319862 5.604241997003555 1.5
    endloop
  endfacet
  facet normal 0 0 1
    outer loop
      vertex 165.4871869981289 1.5632560029625893 1.5
      vertex 178.82594600319862 5.604241997003555 1.5
      vertex 164.94520899653435 7.185751996934414 1.5
    endloop
  endfacet
  facet normal 0 0 1
    outer loop
      vertex 165.4871869981289 1.5632560029625893 1.5
      vertex 164.94520899653435 7.185751996934414 1.5
      vertex 164.9313379973173 7.188027001917362 1.5
    endloop
  endfacet
  facet normal 0 0 1
    outer loop
      vertex 281.514729000628 35.57500000298023 1.5
      vertex 295.485270999372 35.57500000298023 1.5
      vertex 233.55560100078583 35.58855699747801 1.5
    endloop
  endfacet
  facet normal 0 0 1
    outer loop
      vertex 263.10027100145817 73.67499999701977 1.5
      vertex 268.165689997375 73.67430999875069 1.5
      vertex 224.80365300178528 73.74547400325537 1.5
    endloop
  endfacet
  facet normal 0 0 1
    outer loop
      vertex 249.12972900271416 73.67499999701977 1.5
      vertex 263.10027100145817 73.67499999701977 1.5
      vertex 224.80365300178528 73.74547400325537 1.5
    endloop
  endfacet
  facet normal 0 0 1
    outer loop
      vertex 244.0479350015521 73.67634200304747 1.5
      vertex 249.12972900271416 73.67499999701977 1.5
      vertex 224.80365300178528 73.74547400325537 1.5
    endloop
  endfacet
  facet normal 0 0 1
    outer loop
      vertex 230.0773949995637 73.68365699797869 1.5
      vertex 244.0479350015521 73.67634200304747 1.5
      vertex 224.80365300178528 73.74547400325537 1.5
    endloop
  endfacet
  facet normal 0 0 1
    outer loop
      vertex 230.06335599720478 73.68297400325537 1.5
      vertex 230.0773949995637 73.68365699797869 1.5
      vertex 224.80365300178528 73.74547400325537 1.5
    endloop
  endfacet
  facet normal 0 0 1
    outer loop
      vertex 230.06265799701214 73.66893500089645 1.5
      vertex 230.06335599720478 73.68297400325537 1.5
      vertex 224.80365300178528 73.74547400325537 1.5
    endloop
  endfacet
  facet normal 0 0 1
    outer loop
      vertex 230.05534300208092 59.69839499890804 1.5
      vertex 230.06265799701214 73.66893500089645 1.5
      vertex 224.80365300178528 73.74547400325537 1.5
    endloop
  endfacet
  facet normal 0 0 1
    outer loop
      vertex 230.05534300208092 59.69839499890804 1.5
      vertex 224.80365300178528 73.74547400325537 1.5
      vertex 224.37165199965239 59.78161299973726 1.5
    endloop
  endfacet
  facet normal 0 0 1
    outer loop
      vertex 230.05534300208092 59.69839499890804 1.5
      vertex 224.37165199965239 59.78161299973726 1.5
      vertex 224.37052799761295 59.76760199666023 1.5
    endloop
  endfacet
  facet normal 0 0 1
    outer loop
      vertex 174.77671000361443 58.26764799654484 1.5
      vertex 230.05534300208092 59.69839499890804 1.5
      vertex 224.37052799761295 59.76760199666023 1.5
    endloop
  endfacet
  facet normal 0 0 1
    outer loop
      vertex 174.77671000361443 58.26764799654484 1.5
      vertex 224.37052799761295 59.76760199666023 1.5
      vertex 224.3564739972353 59.7673470005393 1.5
    endloop
  endfacet
  facet normal 0 0 1
    outer loop
      vertex 174.77671000361443 58.26764799654484 1.5
      vertex 224.3564739972353 59.7673470005393 1.5
      vertex 210.39261300116777 60.199348002672195 1.5
    endloop
  endfacet
  facet normal 0 0 1
    outer loop
      vertex 174.77671000361443 58.26764799654484 1.5
      vertex 210.39261300116777 60.199348002672195 1.5
      vertex 203.17661400139332 60.582235999405384 1.5
    endloop
  endfacet
  facet normal 0 0 1
    outer loop
      vertex 174.77671000361443 58.26764799654484 1.5
      vertex 203.17661400139332 60.582235999405384 1.5
      vertex 189.25074099749327 61.69852700084448 1.5
    endloop
  endfacet
  facet normal 0 0 1
    outer loop
      vertex 174.77671000361443 58.26764799654484 1.5
      vertex 189.25074099749327 61.69852700084448 1.5
      vertex 181.92513599991798 62.41056899726391 1.5
    endloop
  endfacet
  facet normal 0 0 1
    outer loop
      vertex 174.77671000361443 58.26764799654484 1.5
      vertex 181.92513599991798 62.41056899726391 1.5
      vertex 168.0435450002551 63.98456899821758 1.5
    endloop
  endfacet
  facet normal 0 0 1
    outer loop
      vertex 174.77671000361443 58.26764799654484 1.5
      vertex 168.0435450002551 63.98456899821758 1.5
      vertex 155.45784100145102 42.640496999025345 1.5
    endloop
  endfacet
  facet normal 0 0 1
    outer loop
      vertex 174.77449099719524 58.25376799702644 1.5
      vertex 174.77671000361443 58.26764799654484 1.5
      vertex 155.45784100145102 42.640496999025345 1.5
    endloop
  endfacet
  facet normal 0 0 1
    outer loop
      vertex 173.2491990029812 44.36674100160599 1.5
      vertex 174.77449099719524 58.25376799702644 1.5
      vertex 155.45784100145102 42.640496999025345 1.5
    endloop
  endfacet
  facet normal 0 0 1
    outer loop
      vertex 173.2483519986272 44.352710001170635 1.5
      vertex 173.2491990029812 44.36674100160599 1.5
      vertex 155.45784100145102 42.640496999025345 1.5
    endloop
  endfacet
  facet normal 0 0 1
    outer loop
      vertex 173.2483519986272 44.352710001170635 1.5
      vertex 155.45784100145102 42.640496999025345 1.5
      vertex 155.43645799905062 42.6302620023489 1.5
    endloop
  endfacet
  facet normal 0 0 1
    outer loop
      vertex 173.2483519986272 44.352710001170635 1.5
      vertex 155.43645799905062 42.6302620023489 1.5
      vertex 155.36024399846792 42.59826400130987 1.5
    endloop
  endfacet
  facet normal 0 0 1
    outer loop
      vertex 173.2483519986272 44.352710001170635 1.5
      vertex 155.36024399846792 42.59826400130987 1.5
      vertex 155.3196040019393 42.58323899656534 1.5
    endloop
  endfacet
  facet normal 0 0 1
    outer loop
      vertex 173.26223199814558 44.350491002202034 1.5
      vertex 173.2483519986272 44.352710001170635 1.5
      vertex 155.3196040019393 42.58323899656534 1.5
    endloop
  endfacet
  facet normal 0 0 1
    outer loop
      vertex 173.26223199814558 44.350491002202034 1.5
      vertex 155.3196040019393 42.58323899656534 1.5
      vertex 155.00438699871302 42.48199799656868 1.5
    endloop
  endfacet
  facet normal 0 0 1
    outer loop
      vertex 187.14925900101662 42.825199000537395 1.5
      vertex 173.26223199814558 44.350491002202034 1.5
      vertex 155.00438699871302 42.48199799656868 1.5
    endloop
  endfacet
  facet normal 0 0 1
    outer loop
      vertex 187.14925900101662 42.825199000537395 1.5
      vertex 155.00438699871302 42.48199799656868 1.5
      vertex 154.97963699698448 42.474748000502586 1.5
    endloop
  endfacet
  facet normal 0 0 1
    outer loop
      vertex 187.14925900101662 42.825199000537395 1.5
      vertex 154.97963699698448 42.474748000502586 1.5
      vertex 154.6106510013342 42.376914002001286 1.5
    endloop
  endfacet
  facet normal 0 0 1
    outer loop
      vertex 187.14925900101662 42.825199000537395 1.5
      vertex 154.6106510013342 42.376914002001286 1.5
      vertex 154.59635899960995 42.373349003493786 1.5
    endloop
  endfacet
  facet normal 0 0 1
    outer loop
      vertex 187.14925900101662 42.825199000537395 1.5
      vertex 154.59635899960995 42.373349003493786 1.5
      vertex 152.13774199783802 41.760572999715805 1.5
    endloop
  endfacet
  facet normal 0 0 1
    outer loop
      vertex 194.6153210029006 42.17028799653053 1.5
      vertex 187.14925900101662 42.825199000537395 1.5
      vertex 152.13774199783802 41.760572999715805 1.5
    endloop
  endfacet
  facet normal 0 0 1
    outer loop
      vertex 208.55402299761772 41.227618999779224 1.5
      vertex 194.6153210029006 42.17028799653053 1.5
      vertex 152.13774199783802 41.760572999715805 1.5
    endloop
  endfacet
  facet normal 0 0 1
    outer loop
      vertex 215.47439499944448 40.94163800030947 1.5
      vertex 208.55402299761772 41.227618999779224 1.5
      vertex 152.13774199783802 41.760572999715805 1.5
    endloop
  endfacet
  facet normal 0 0 1
    outer loop
      vertex 229.44235199689865 40.67295199632645 1.5
      vertex 215.47439499944448 40.94163800030947 1.5
      vertex 152.13774199783802 41.760572999715805 1.5
    endloop
  endfacet
  facet normal 0 0 1
    outer loop
      vertex 267.8622710034251 54.625 1.5
      vertex 280.07169000059366 54.62431000173092 1.5
      vertex 229.72604800015688 54.655351996421814 1.5
    endloop
  endfacet
  facet normal 0 0 1
    outer loop
      vertex 253.89172899723053 54.625 1.5
      vertex 267.8622710034251 54.625 1.5
      vertex 229.72604800015688 54.655351996421814 1.5
    endloop
  endfacet
  facet normal 0 0 1
    outer loop
      vertex 248.81327100098133 54.625 1.5
      vertex 253.89172899723053 54.625 1.5
      vertex 229.72604800015688 54.655351996421814 1.5
    endloop
  endfacet
  facet normal 0 0 1
    outer loop
      vertex 234.84272900223732 54.625 1.5
      vertex 248.81327100098133 54.625 1.5
      vertex 229.72604800015688 54.655351996421814 1.5
    endloop
  endfacet
  facet normal 0 0 1
    outer loop
      vertex 234.8286899998784 54.62431000173092 1.5
      vertex 234.84272900223732 54.625 1.5
      vertex 229.72604800015688 54.655351996421814 1.5
    endloop
  endfacet
  facet normal 0 0 1
    outer loop
      vertex 234.82800000160933 54.610270999372005 1.5
      vertex 234.8286899998784 54.62431000173092 1.5
      vertex 229.72604800015688 54.655351996421814 1.5
    endloop
  endfacet
  facet normal 0 0 1
    outer loop
      vertex 234.82800000160933 40.639729000627995 1.5
      vertex 234.82800000160933 54.610270999372005 1.5
      vertex 229.72604800015688 54.655351996421814 1.5
    endloop
  endfacet
  facet normal 0 0 1
    outer loop
      vertex 234.82800000160933 40.639729000627995 1.5
      vertex 229.72604800015688 54.655351996421814 1.5
      vertex 229.45736200362444 40.68739499896765 1.5
    endloop
  endfacet
  facet normal 0 0 1
    outer loop
      vertex 234.82800000160933 40.639729000627995 1.5
      vertex 229.45736200362444 40.68739499896765 1.5
      vertex 229.4564030021429 40.673371002078056 1.5
    endloop
  endfacet
  facet normal 0 0 1
    outer loop
      vertex 234.82800000160933 40.639729000627995 1.5
      vertex 229.4564030021429 40.673371002078056 1.5
      vertex 229.44235199689865 40.67295199632645 1.5
    endloop
  endfacet
  facet normal 0 0 1
    outer loop
      vertex 158.61202699691057 41.04766199737787 1.5
      vertex 234.82800000160933 40.639729000627995 1.5
      vertex 229.44235199689865 40.67295199632645 1.5
    endloop
  endfacet
  facet normal 0 0 1
    outer loop
      vertex 158.61202699691057 41.04766199737787 1.5
      vertex 229.44235199689865 40.67295199632645 1.5
      vertex 152.13774199783802 41.760572999715805 1.5
    endloop
  endfacet
  facet normal 0 0 1
    outer loop
      vertex 158.6097519993782 41.03379099816084 1.5
      vertex 158.61202699691057 41.04766199737787 1.5
      vertex 152.13774199783802 41.760572999715805 1.5
    endloop
  endfacet
  facet normal 0 0 1
    outer loop
      vertex 157.02824199944735 27.153053998947144 1.5
      vertex 158.6097519993782 41.03379099816084 1.5
      vertex 152.13774199783802 41.760572999715805 1.5
    endloop
  endfacet
  facet normal 0 0 1
    outer loop
      vertex 157.02733799815178 27.139026999473572 1.5
      vertex 157.02824199944735 27.153053998947144 1.5
      vertex 152.13774199783802 41.760572999715805 1.5
    endloop
  endfacet
  facet normal 0 0 1
    outer loop
      vertex 157.02733799815178 27.139026999473572 1.5
      vertex 152.13774199783802 41.760572999715805 1.5
      vertex 165.4871869981289 1.5632560029625893 1.5
    endloop
  endfacet
  facet normal 0 0 1
    outer loop
      vertex 157.02733799815178 27.139026999473572 1.5
      vertex 165.4871869981289 1.5632560029625893 1.5
      vertex 164.9313379973173 7.188027001917362 1.5
    endloop
  endfacet
  facet normal 0 0 1
    outer loop
      vertex 157.02733799815178 27.139026999473572 1.5
      vertex 164.9313379973173 7.188027001917362 1.5
      vertex 164.93224199861288 7.202054001390934 1.5
    endloop
  endfacet
  facet normal 0 0 1
    outer loop
      vertex 157.02733799815178 27.139026999473572 1.5
      vertex 164.93224199861288 7.202054001390934 1.5
      vertex 166.51375199854374 21.08279100060463 1.5
    endloop
  endfacet
  facet normal 0 0 1
    outer loop
      vertex 157.0412089973688 27.136752001941204 1.5
      vertex 157.02733799815178 27.139026999473572 1.5
      vertex 166.51375199854374 21.08279100060463 1.5
    endloop
  endfacet
  facet normal 0 0 1
    outer loop
      vertex 157.0412089973688 27.136752001941204 1.5
      vertex 166.51375199854374 21.08279100060463 1.5
      vertex 166.5160270035267 21.096661999821663 1.5
    endloop
  endfacet
  facet normal 0 0 1
    outer loop
      vertex 170.9219459965825 25.555242002010345 1.5
      vertex 157.0412089973688 27.136752001941204 1.5
      vertex 166.5160270035267 21.096661999821663 1.5
    endloop
  endfacet
  facet normal 0 0 1
    outer loop
      vertex 177.48045100271702 24.8366210013628 1.5
      vertex 170.9219459965825 25.555242002010345 1.5
      vertex 166.5160270035267 21.096661999821663 1.5
    endloop
  endfacet
  facet normal 0 0 1
    outer loop
      vertex 191.37519799917936 23.38333400338888 1.5
      vertex 177.48045100271702 24.8366210013628 1.5
      vertex 166.5160270035267 21.096661999821663 1.5
    endloop
  endfacet
  facet normal 0 0 1
    outer loop
      vertex 198.87413399666548 22.786964997649193 1.5
      vertex 191.37519799917936 23.38333400338888 1.5
      vertex 166.5160270035267 21.096661999821663 1.5
    endloop
  endfacet
  facet normal 0 0 1
    outer loop
      vertex 212.82148200273514 21.982277996838093 1.5
      vertex 198.87413399666548 22.786964997649193 1.5
      vertex 166.5160270035267 21.096661999821663 1.5
    endloop
  endfacet
  facet normal 0 0 1
    outer loop
      vertex 219.40895599871874 21.766543999314308 1.5
      vertex 212.82148200273514 21.982277996838093 1.5
      vertex 166.5160270035267 21.096661999821663 1.5
    endloop
  endfacet
  facet normal 0 0 1
    outer loop
      vertex 233.37855699658394 21.604399003088474 1.5
      vertex 219.40895599871874 21.766543999314308 1.5
      vertex 166.5160270035267 21.096661999821663 1.5
    endloop
  endfacet
  facet normal 0 0 1
    outer loop
      vertex 233.37855699658394 21.604399003088474 1.5
      vertex 166.5160270035267 21.096661999821663 1.5
      vertex 238.63799999654293 21.589729003608227 1.5
    endloop
  endfacet
  facet normal 0 0 1
    outer loop
      vertex 233.3926040008664 21.604925997555256 1.5
      vertex 233.37855699658394 21.604399003088474 1.5
      vertex 238.63799999654293 21.589729003608227 1.5
    endloop
  endfacet
  facet normal 0 0 1
    outer loop
      vertex 233.3934559971094 21.61895599961281 1.5
      vertex 233.3926040008664 21.604925997555256 1.5
      vertex 238.63799999654293 21.589729003608227 1.5
    endloop
  endfacet
  facet normal 0 0 1
    outer loop
      vertex 233.55560100078583 35.58855699747801 1.5
      vertex 233.3934559971094 21.61895599961281 1.5
      vertex 238.63799999654293 21.589729003608227 1.5
    endloop
  endfacet
  facet normal 0 0 1
    outer loop
      vertex 233.55560100078583 35.58855699747801 1.5
      vertex 238.63799999654293 21.589729003608227 1.5
      vertex 238.63799999654293 35.56027100235224 1.5
    endloop
  endfacet
  facet normal 0 0 1
    outer loop
      vertex 233.55560100078583 35.58855699747801 1.5
      vertex 238.63799999654293 35.56027100235224 1.5
      vertex 238.6386900022626 35.57430999726057 1.5
    endloop
  endfacet
  facet normal 0 0 1
    outer loop
      vertex 233.55560100078583 35.58855699747801 1.5
      vertex 238.6386900022626 35.57430999726057 1.5
      vertex 238.65272899717093 35.57500000298023 1.5
    endloop
  endfacet
  facet normal 0 0 1
    outer loop
      vertex 233.55560100078583 35.58855699747801 1.5
      vertex 238.65272899717093 35.57500000298023 1.5
      vertex 252.62327100336552 35.57500000298023 1.5
    endloop
  endfacet
  facet normal 0 0 1
    outer loop
      vertex 271.6732710003853 35.57500000298023 1.5
      vertex 281.514729000628 35.57500000298023 1.5
      vertex 233.55560100078583 35.58855699747801 1.5
    endloop
  endfacet
  facet normal 0 0 1
    outer loop
      vertex 257.7027290016413 35.57500000298023 1.5
      vertex 271.6732710003853 35.57500000298023 1.5
      vertex 233.55560100078583 35.58855699747801 1.5
    endloop
  endfacet
  facet normal 0 0 1
    outer loop
      vertex 257.7027290016413 35.57500000298023 1.5
      vertex 233.55560100078583 35.58855699747801 1.5
      vertex 252.62327100336552 35.57500000298023 1.5
    endloop
  endfacet
  facet normal 0 0 -1
    outer loop
      vertex 301.2150000035763 92.71027100086212 0
      vertex 311.50225000083447 97.25 0
      vertex 311.50225000083447 79.04740899801254 0
    endloop
  endfacet
  facet normal 0 0 -1
    outer loop
      vertex 301.2150000035763 78.73972900211811 0
      vertex 301.2150000035763 92.71027100086212 0
      vertex 311.50225000083447 79.04740899801254 0
    endloop
  endfacet
  facet normal 0 0 -1
    outer loop
      vertex 297.23924999684095 2.3599999994039536 0
      vertex 297.23924999684095 2.524999998509884 0
      vertex 298.3432710021734 2.524999998509884 0
    endloop
  endfacet
  facet normal 0 0 -1
    outer loop
      vertex 273.42674999684095 2.524999998509884 0
      vertex 290.23924999684095 2.524999998509884 0
      vertex 290.23924999684095 2.3599999994039536 0
    endloop
  endfacet
  facet normal 0 0 -1
    outer loop
      vertex 273.42674999684095 2.3599999994039536 0
      vertex 273.42674999684095 2.524999998509884 0
      vertex 290.23924999684095 2.3599999994039536 0
    endloop
  endfacet
  facet normal 0 0 -1
    outer loop
      vertex 265.32272899895906 2.524999998509884 0
      vertex 266.42674999684095 2.524999998509884 0
      vertex 266.42674999684095 2.3599999994039536 0
    endloop
  endfacet
  facet normal 0 0 -1
    outer loop
      vertex 298.3432710021734 16.524999998509884 0
      vertex 297.23924999684095 16.524999998509884 0
      vertex 297.23924999684095 17.96000000089407 0
    endloop
  endfacet
  facet normal 0 0 -1
    outer loop
      vertex 271.6880000010133 35.56027100235224 0
      vertex 281.5 35.56027100235224 0
      vertex 281.5 21.589729003608227 0
    endloop
  endfacet
  facet normal 0 0 -1
    outer loop
      vertex 252.63799999654293 35.56027100235224 0
      vertex 257.6880000010133 35.56027100235224 0
      vertex 257.6880000010133 21.589729003608227 0
    endloop
  endfacet
  facet normal 0 0 -1
    outer loop
      vertex 252.63799999654293 21.589729003608227 0
      vertex 252.63799999654293 35.56027100235224 0
      vertex 257.6880000010133 21.589729003608227 0
    endloop
  endfacet
  facet normal 0 0 -1
    outer loop
      vertex 267.87699999660254 54.610270999372005 0
      vertex 280.0710000023246 54.610270999372005 0
      vertex 280.0710000023246 40.639729000627995 0
    endloop
  endfacet
  facet normal 0 0 -1
    outer loop
      vertex 248.82800000160933 54.610270999372005 0
      vertex 253.87699999660254 54.610270999372005 0
      vertex 253.87699999660254 40.639729000627995 0
    endloop
  endfacet
  facet normal 0 0 -1
    outer loop
      vertex 248.82800000160933 40.639729000627995 0
      vertex 248.82800000160933 54.610270999372005 0
      vertex 253.87699999660254 40.639729000627995 0
    endloop
  endfacet
  facet normal 0 0 -1
    outer loop
      vertex 302.4772500023246 59.50999999791384 0
      vertex 302.4772500023246 59.67499999701977 0
      vertex 303.58127100020647 59.67499999701977 0
    endloop
  endfacet
  facet normal 0 0 -1
    outer loop
      vertex 278.6647500023246 59.67499999701977 0
      vertex 295.4772500023246 59.67499999701977 0
      vertex 295.4772500023246 59.50999999791384 0
    endloop
  endfacet
  facet normal 0 0 -1
    outer loop
      vertex 278.6647500023246 59.50999999791384 0
      vertex 278.6647500023246 59.67499999701977 0
      vertex 295.4772500023246 59.50999999791384 0
    endloop
  endfacet
  facet normal 0 0 -1
    outer loop
      vertex 268.1797289997339 59.67499999701977 0
      vertex 271.6647500023246 59.67499999701977 0
      vertex 271.6647500023246 59.50999999791384 0
    endloop
  endfacet
  facet normal 0 0 -1
    outer loop
      vertex 303.58127100020647 73.67499999701977 0
      vertex 302.4772500023246 73.67499999701977 0
      vertex 302.4772500023246 75.10999999940395 0
    endloop
  endfacet
  facet normal 0 0 -1
    outer loop
      vertex 260.2580000013113 16.51027099788189 0
      vertex 265.30799999833107 16.51027099788189 0
      vertex 265.30799999833107 2.5397289991378784 0
    endloop
  endfacet
  facet normal 0 0 -1
    outer loop
      vertex 260.2580000013113 2.5397289991378784 0
      vertex 260.2580000013113 16.51027099788189 0
      vertex 265.30799999833107 2.5397289991378784 0
    endloop
  endfacet
  facet normal 0 0 -1
    outer loop
      vertex 263.11500000208616 73.66027099639177 0
      vertex 268.16499999910593 73.66027099639177 0
      vertex 268.16499999910593 59.68972899764776 0
    endloop
  endfacet
  facet normal 0 0 -1
    outer loop
      vertex 263.11500000208616 59.68972899764776 0
      vertex 263.11500000208616 73.66027099639177 0
      vertex 268.16499999910593 59.68972899764776 0
    endloop
  endfacet
  facet normal 0 0 -1
    outer loop
      vertex 244.05534200370312 59.6910649985075 0
      vertex 244.06265699863434 73.66160500049591 0
      vertex 249.11500000208616 73.66027099639177 0
    endloop
  endfacet
  facet normal 0 0 -1
    outer loop
      vertex 244.05534200370312 59.6910649985075 0
      vertex 249.11500000208616 73.66027099639177 0
      vertex 249.11500000208616 59.68972899764776 0
    endloop
  endfacet
  facet normal 0 0 -1
    outer loop
      vertex 241.2008579969406 16.515349999070168 0
      vertex 246.2580000013113 16.51027099788189 0
      vertex 246.2580000013113 2.5397289991378784 0
    endloop
  endfacet
  facet normal 0 0 -1
    outer loop
      vertex 241.17110999673605 2.5448400005698204 0
      vertex 241.2008579969406 16.515349999070168 0
      vertex 246.2580000013113 2.5397289991378784 0
    endloop
  endfacet
  facet normal 0 0 -1
    outer loop
      vertex 301.2150000035763 78.73972900211811 0
      vertex 311.50225000083447 79.04740899801254 0
      vertex 311.50340899825096 79.02373100072145 0
    endloop
  endfacet
  facet normal 0 0 -1
    outer loop
      vertex 271.6880000010133 21.589729003608227 0
      vertex 271.6880000010133 35.56027100235224 0
      vertex 281.5 21.589729003608227 0
    endloop
  endfacet
  facet normal 0 0 -1
    outer loop
      vertex 246.2580000013113 16.51027099788189 0
      vertex 241.2008579969406 16.515349999070168 0
      vertex 241.2001980021596 16.52939099818468 0
    endloop
  endfacet
  facet normal 0 0 -1
    outer loop
      vertex 246.25868999958038 16.524310000240803 0
      vertex 246.2580000013113 16.51027099788189 0
      vertex 241.2001980021596 16.52939099818468 0
    endloop
  endfacet
  facet normal 0 0 -1
    outer loop
      vertex 249.11569000035524 73.67430999875069 0
      vertex 249.11500000208616 73.66027099639177 0
      vertex 244.06265699863434 73.66160500049591 0
    endloop
  endfacet
  facet normal 0 0 -1
    outer loop
      vertex 249.11569000035524 73.67430999875069 0
      vertex 244.06265699863434 73.66160500049591 0
      vertex 244.06197399646044 73.67564400285482 0
    endloop
  endfacet
  facet normal 0 0 -1
    outer loop
      vertex 265.30799999833107 16.51027099788189 0
      vertex 260.2580000013113 16.51027099788189 0
      vertex 260.2573100030422 16.524310000240803 0
    endloop
  endfacet
  facet normal 0 0 -1
    outer loop
      vertex 265.30868999660015 16.524310000240803 0
      vertex 265.30799999833107 16.51027099788189 0
      vertex 260.2573100030422 16.524310000240803 0
    endloop
  endfacet
  facet normal 0 0 -1
    outer loop
      vertex 253.87699999660254 54.610270999372005 0
      vertex 248.82800000160933 54.610270999372005 0
      vertex 248.82731000334024 54.62431000173092 0
    endloop
  endfacet
  facet normal 0 0 -1
    outer loop
      vertex 253.8776900023222 54.62431000173092 0
      vertex 253.87699999660254 54.610270999372005 0
      vertex 248.82731000334024 54.62431000173092 0
    endloop
  endfacet
  facet normal 0 0 -1
    outer loop
      vertex 268.165689997375 73.67430999875069 0
      vertex 268.16499999910593 73.66027099639177 0
      vertex 263.11500000208616 73.66027099639177 0
    endloop
  endfacet
  facet normal 0 0 -1
    outer loop
      vertex 268.165689997375 73.67430999875069 0
      vertex 263.11500000208616 73.66027099639177 0
      vertex 263.1143099963665 73.67430999875069 0
    endloop
  endfacet
  facet normal 0 0 -1
    outer loop
      vertex 252.63799999654293 21.589729003608227 0
      vertex 257.6880000010133 21.589729003608227 0
      vertex 257.68868999928236 21.575690001249313 0
    endloop
  endfacet
  facet normal 0 0 -1
    outer loop
      vertex 252.63730999827385 21.575690001249313 0
      vertex 252.63799999654293 21.589729003608227 0
      vertex 257.68868999928236 21.575690001249313 0
    endloop
  endfacet
  facet normal 0 0 -1
    outer loop
      vertex 248.82731000334024 40.62568999826908 0
      vertex 248.82800000160933 40.639729000627995 0
      vertex 253.87699999660254 40.639729000627995 0
    endloop
  endfacet
  facet normal 0 0 -1
    outer loop
      vertex 248.82731000334024 40.62568999826908 0
      vertex 253.87699999660254 40.639729000627995 0
      vertex 253.8776900023222 40.62568999826908 0
    endloop
  endfacet
  facet normal 0 0 -1
    outer loop
      vertex 260.2580000013113 2.5397289991378784 0
      vertex 265.30799999833107 2.5397289991378784 0
      vertex 265.30868999660015 2.525689996778965 0
    endloop
  endfacet
  facet normal 0 0 -1
    outer loop
      vertex 260.2573100030422 2.525689996778965 0
      vertex 260.2580000013113 2.5397289991378784 0
      vertex 265.30868999660015 2.525689996778965 0
    endloop
  endfacet
  facet normal 0 0 -1
    outer loop
      vertex 271.6880000010133 21.589729003608227 0
      vertex 281.5 21.589729003608227 0
      vertex 281.5006899982691 21.575690001249313 0
    endloop
  endfacet
  facet normal 0 0 -1
    outer loop
      vertex 271.6873100027442 21.575690001249313 0
      vertex 271.6880000010133 21.589729003608227 0
      vertex 281.5006899982691 21.575690001249313 0
    endloop
  endfacet
  facet normal 0 0 -1
    outer loop
      vertex 257.6880000010133 35.56027100235224 0
      vertex 252.63799999654293 35.56027100235224 0
      vertex 252.63730999827385 35.57430999726057 0
    endloop
  endfacet
  facet normal 0 0 -1
    outer loop
      vertex 257.68868999928236 35.57430999726057 0
      vertex 257.6880000010133 35.56027100235224 0
      vertex 252.63730999827385 35.57430999726057 0
    endloop
  endfacet
  facet normal 0 0 -1
    outer loop
      vertex 281.5 35.56027100235224 0
      vertex 271.6880000010133 35.56027100235224 0
      vertex 271.6873100027442 35.57430999726057 0
    endloop
  endfacet
  facet normal 0 0 -1
    outer loop
      vertex 281.5006899982691 35.57430999726057 0
      vertex 281.5 35.56027100235224 0
      vertex 271.6873100027442 35.57430999726057 0
    endloop
  endfacet
  facet normal 0 0 -1
    outer loop
      vertex 263.11500000208616 59.68972899764776 0
      vertex 268.16499999910593 59.68972899764776 0
      vertex 268.165689997375 59.67569000273943 0
    endloop
  endfacet
  facet normal 0 0 -1
    outer loop
      vertex 263.1143099963665 59.67569000273943 0
      vertex 263.11500000208616 59.68972899764776 0
      vertex 268.165689997375 59.67569000273943 0
    endloop
  endfacet
  facet normal 0 0 -1
    outer loop
      vertex 244.05534200370312 59.6910649985075 0
      vertex 249.11500000208616 59.68972899764776 0
      vertex 249.11569000035524 59.67569000273943 0
    endloop
  endfacet
  facet normal 0 0 -1
    outer loop
      vertex 244.05464400351048 59.67702600359917 0
      vertex 244.05534200370312 59.6910649985075 0
      vertex 249.11569000035524 59.67569000273943 0
    endloop
  endfacet
  facet normal 0 0 -1
    outer loop
      vertex 187.43169999867678 95.19337999820709 0
      vertex 188.97999600321054 96.47535599768162 0
      vertex 187.36153800040483 80.95953900367022 0
    endloop
  endfacet
  facet normal 0 0 -1
    outer loop
      vertex 187.43092899769545 95.17934499680996 0
      vertex 187.43169999867678 95.19337999820709 0
      vertex 187.36153800040483 80.95953900367022 0
    endloop
  endfacet
  facet normal 0 0 -1
    outer loop
      vertex 185.98152299970388 81.28419300168753 0
      vertex 187.43092899769545 95.17934499680996 0
      vertex 187.36153800040483 80.95953900367022 0
    endloop
  endfacet
  facet normal 0 0 -1
    outer loop
      vertex 185.97937999665737 81.27030000090599 0
      vertex 185.98152299970388 81.28419300168753 0
      vertex 187.36153800040483 80.95953900367022 0
    endloop
  endfacet
  facet normal 0 0 -1
    outer loop
      vertex 241.17110999673605 2.5448400005698204 0
      vertex 246.2580000013113 2.5397289991378784 0
      vertex 246.25868999958038 2.525689996778965 0
    endloop
  endfacet
  facet normal 0 0 -1
    outer loop
      vertex 241.17039100080729 2.530801996588707 0
      vertex 241.17110999673605 2.5448400005698204 0
      vertex 246.25868999958038 2.525689996778965 0
    endloop
  endfacet
  facet normal 0 0 -1
    outer loop
      vertex 301.2143099978566 78.7256899997592 0
      vertex 301.2150000035763 78.73972900211811 0
      vertex 311.50340899825096 79.02373100072145 0
    endloop
  endfacet
  facet normal 0 0 -1
    outer loop
      vertex 315.50225000083447 35.46041599661112 0
      vertex 315.50225000083447 16.205872997641563 0
      vertex 298.3580000028014 16.51027099788189 0
    endloop
  endfacet
  facet normal 0 0 -1
    outer loop
      vertex 315.50225000083447 35.46041599661112 0
      vertex 298.3580000028014 16.51027099788189 0
      vertex 298.35730999708176 16.524310000240803 0
    endloop
  endfacet
  facet normal 0 0 -1
    outer loop
      vertex 311.50225000083447 97.25 0
      vertex 301.2150000035763 92.71027100086212 0
      vertex 301.2143099978566 92.72431000322104 0
    endloop
  endfacet
  facet normal 0 0 -1
    outer loop
      vertex 294.0710000023246 40.639729000627995 0
      vertex 294.0710000023246 54.610270999372005 0
      vertex 311.50225000083447 56.08629900217056 0
    endloop
  endfacet
  facet normal 0 0 -1
    outer loop
      vertex 267.87699999660254 40.639729000627995 0
      vertex 267.87699999660254 54.610270999372005 0
      vertex 280.0710000023246 40.639729000627995 0
    endloop
  endfacet
  facet normal 0 0 -1
    outer loop
      vertex 267.87699999660254 40.639729000627995 0
      vertex 280.0710000023246 40.639729000627995 0
      vertex 280.07169000059366 40.62568999826908 0
    endloop
  endfacet
  facet normal 0 0 -1
    outer loop
      vertex 267.87630999833345 40.62568999826908 0
      vertex 267.87699999660254 40.639729000627995 0
      vertex 280.07169000059366 40.62568999826908 0
    endloop
  endfacet
  facet normal 0 0 -1
    outer loop
      vertex 294.0710000023246 40.639729000627995 0
      vertex 311.50225000083447 56.08629900217056 0
      vertex 311.50225000083447 37.31369999796152 0
    endloop
  endfacet
  facet normal 0 0 -1
    outer loop
      vertex 294.0703099966049 40.62568999826908 0
      vertex 294.0710000023246 40.639729000627995 0
      vertex 311.50225000083447 37.31369999796152 0
    endloop
  endfacet
  facet normal 0 0 -1
    outer loop
      vertex 280.07169000059366 54.62431000173092 0
      vertex 280.0710000023246 54.610270999372005 0
      vertex 267.87699999660254 54.610270999372005 0
    endloop
  endfacet
  facet normal 0 0 -1
    outer loop
      vertex 280.07169000059366 54.62431000173092 0
      vertex 267.87699999660254 54.610270999372005 0
      vertex 267.87630999833345 54.62431000173092 0
    endloop
  endfacet
  facet normal 0 0 -1
    outer loop
      vertex 295.5 21.589729003608227 0
      vertex 295.5 35.56027100235224 0
      vertex 315.4974739998579 35.558035001158714 0
    endloop
  endfacet
  facet normal 0 0 -1
    outer loop
      vertex 295.5 21.589729003608227 0
      vertex 315.4974739998579 35.558035001158714 0
      vertex 315.50225000083447 35.46041599661112 0
    endloop
  endfacet
  facet normal 0 0 -1
    outer loop
      vertex 303.59600000083447 73.66027099639177 0
      vertex 315.50225000083447 77.19412499666214 0
      vertex 315.50225000083447 57.939583003520966 0
    endloop
  endfacet
  facet normal 0 0 -1
    outer loop
      vertex 295.4772500023246 73.67499999701977 0
      vertex 278.6647500023246 73.67499999701977 0
      vertex 278.6647500023246 75.10999999940395 0
    endloop
  endfacet
  facet normal 0 0 -1
    outer loop
      vertex 295.4772500023246 75.10999999940395 0
      vertex 295.4772500023246 73.67499999701977 0
      vertex 278.6647500023246 75.10999999940395 0
    endloop
  endfacet
  facet normal 0 0 -1
    outer loop
      vertex 315.50225000083447 77.19412499666214 0
      vertex 303.59600000083447 73.66027099639177 0
      vertex 303.5953100025654 73.67430999875069 0
    endloop
  endfacet
  facet normal 0 0 -1
    outer loop
      vertex 295.4993100017309 21.575690001249313 0
      vertex 295.5 21.589729003608227 0
      vertex 315.50225000083447 35.46041599661112 0
    endloop
  endfacet
  facet normal 0 0 -1
    outer loop
      vertex 315.4974739998579 35.558035001158714 0
      vertex 295.5 35.56027100235224 0
      vertex 295.4993100017309 35.57430999726057 0
    endloop
  endfacet
  facet normal 0 0 -1
    outer loop
      vertex 315.483190998435 35.65472099930048 0
      vertex 315.4974739998579 35.558035001158714 0
      vertex 295.4993100017309 35.57430999726057 0
    endloop
  endfacet
  facet normal 0 0 -1
    outer loop
      vertex 315.45953799784184 35.74955199658871 0
      vertex 315.483190998435 35.65472099930048 0
      vertex 295.4993100017309 35.57430999726057 0
    endloop
  endfacet
  facet normal 0 0 -1
    outer loop
      vertex 315.4267409965396 35.84162099659443 0
      vertex 315.45953799784184 35.74955199658871 0
      vertex 295.4993100017309 35.57430999726057 0
    endloop
  endfacet
  facet normal 0 0 -1
    outer loop
      vertex 315.38511200249195 35.93004799634218 0
      vertex 315.4267409965396 35.84162099659443 0
      vertex 295.4993100017309 35.57430999726057 0
    endloop
  endfacet
  facet normal 0 0 -1
    outer loop
      vertex 315.50225000083447 35.46041599661112 0
      vertex 298.35730999708176 16.524310000240803 0
      vertex 298.3432710021734 16.524999998509884 0
    endloop
  endfacet
  facet normal 0 0 -1
    outer loop
      vertex 315.50225000083447 35.46041599661112 0
      vertex 298.3432710021734 16.524999998509884 0
      vertex 297.23924999684095 17.96000000089407 0
    endloop
  endfacet
  facet normal 0 0 -1
    outer loop
      vertex 295.4993100017309 21.575690001249313 0
      vertex 315.50225000083447 35.46041599661112 0
      vertex 297.23924999684095 17.96000000089407 0
    endloop
  endfacet
  facet normal 0 0 -1
    outer loop
      vertex 295.485270999372 21.575000002980232 0
      vertex 295.4993100017309 21.575690001249313 0
      vertex 297.23924999684095 17.96000000089407 0
    endloop
  endfacet
  facet normal 0 0 -1
    outer loop
      vertex 303.5953100025654 73.67430999875069 0
      vertex 303.58127100020647 73.67499999701977 0
      vertex 302.4772500023246 75.10999999940395 0
    endloop
  endfacet
  facet normal 0 0 -1
    outer loop
      vertex 188.97999600321054 96.47535599768162 0
      vertex 187.43169999867678 95.19337999820709 0
      vertex 187.41780699789524 95.1955230012536 0
    endloop
  endfacet
  facet normal 0 0 -1
    outer loop
      vertex 298.3580000028014 16.51027099788189 0
      vertex 315.50225000083447 16.205872997641563 0
      vertex 315.4974739998579 16.108254000544548 0
    endloop
  endfacet
  facet normal 0 0 -1
    outer loop
      vertex 315.50225000083447 77.19412499666214 0
      vertex 303.5953100025654 73.67430999875069 0
      vertex 302.4772500023246 75.10999999940395 0
    endloop
  endfacet
  facet normal 0 0 -1
    outer loop
      vertex 298.3580000028014 16.51027099788189 0
      vertex 315.4974739998579 16.108254000544548 0
      vertex 315.483190998435 16.011566996574402 0
    endloop
  endfacet
  facet normal 0 0 -1
    outer loop
      vertex 298.3580000028014 16.51027099788189 0
      vertex 315.483190998435 16.011566996574402 0
      vertex 315.45953799784184 15.916735999286175 0
    endloop
  endfacet
  facet normal 0 0 -1
    outer loop
      vertex 298.3580000028014 16.51027099788189 0
      vertex 315.45953799784184 15.916735999286175 0
      vertex 315.4267409965396 15.824667997658253 0
    endloop
  endfacet
  facet normal 0 0 -1
    outer loop
      vertex 298.3580000028014 16.51027099788189 0
      vertex 315.4267409965396 15.824667997658253 0
      vertex 315.38511200249195 15.7362409979105 0
    endloop
  endfacet
  facet normal 0 0 -1
    outer loop
      vertex 298.3580000028014 16.51027099788189 0
      vertex 315.38511200249195 15.7362409979105 0
      vertex 315.33505000174046 15.652299001812935 0
    endloop
  endfacet
  facet normal 0 0 -1
    outer loop
      vertex 298.3580000028014 16.51027099788189 0
      vertex 315.33505000174046 15.652299001812935 0
      vertex 315.27703300118446 15.573646001517773 0
    endloop
  endfacet
  facet normal 0 0 -1
    outer loop
      vertex 298.3580000028014 16.51027099788189 0
      vertex 315.27703300118446 15.573646001517773 0
      vertex 315.2116150036454 15.501032002270222 0
    endloop
  endfacet
  facet normal 0 0 -1
    outer loop
      vertex 298.3580000028014 16.51027099788189 0
      vertex 315.2116150036454 15.501032002270222 0
      vertex 315.1394210010767 15.435151003301144 0
    endloop
  endfacet
  facet normal 0 0 -1
    outer loop
      vertex 298.3580000028014 16.51027099788189 0
      vertex 315.1394210010767 15.435151003301144 0
      vertex 315.06114099919796 15.376631997525692 0
    endloop
  endfacet
  facet normal 0 0 -1
    outer loop
      vertex 298.3580000028014 16.51027099788189 0
      vertex 315.06114099919796 15.376631997525692 0
      vertex 314.97752200067043 15.326034002006054 0
    endloop
  endfacet
  facet normal 0 0 -1
    outer loop
      vertex 298.3580000028014 16.51027099788189 0
      vertex 314.97752200067043 15.326034002006054 0
      vertex 314.88936299830675 15.283840000629425 0
    endloop
  endfacet
  facet normal 0 0 -1
    outer loop
      vertex 298.3580000028014 16.51027099788189 0
      vertex 314.88936299830675 15.283840000629425 0
      vertex 314.82350800186396 15.256191000342369 0
    endloop
  endfacet
  facet normal 0 0 -1
    outer loop
      vertex 298.3580000028014 16.51027099788189 0
      vertex 314.82350800186396 15.256191000342369 0
      vertex 314.7421879991889 15.226126000285149 0
    endloop
  endfacet
  facet normal 0 0 -1
    outer loop
      vertex 298.3580000028014 16.51027099788189 0
      vertex 314.7421879991889 15.226126000285149 0
      vertex 314.4599220007658 15.135467998683453 0
    endloop
  endfacet
  facet normal 0 0 -1
    outer loop
      vertex 298.3580000028014 16.51027099788189 0
      vertex 314.4599220007658 15.135467998683453 0
      vertex 314.41041500121355 15.120964996516705 0
    endloop
  endfacet
  facet normal 0 0 -1
    outer loop
      vertex 298.3580000028014 16.51027099788189 0
      vertex 314.41041500121355 15.120964996516705 0
      vertex 314.06102199852467 15.028325997292995 0
    endloop
  endfacet
  facet normal 0 0 -1
    outer loop
      vertex 298.3580000028014 16.51027099788189 0
      vertex 314.06102199852467 15.028325997292995 0
      vertex 314.0324349999428 15.021196000277996 0
    endloop
  endfacet
  facet normal 0 0 -1
    outer loop
      vertex 298.3580000028014 16.51027099788189 0
      vertex 314.0324349999428 15.021196000277996 0
      vertex 313.6378180012107 14.92891699820757 0
    endloop
  endfacet
  facet normal 0 0 -1
    outer loop
      vertex 298.3580000028014 16.51027099788189 0
      vertex 313.6378180012107 14.92891699820757 0
      vertex 312.77653799951077 14.739629000425339 0
    endloop
  endfacet
  facet normal 0 0 -1
    outer loop
      vertex 298.3580000028014 16.51027099788189 0
      vertex 312.77653799951077 14.739629000425339 0
      vertex 312.36489100009203 14.643414996564388 0
    endloop
  endfacet
  facet normal 0 0 -1
    outer loop
      vertex 298.3580000028014 16.51027099788189 0
      vertex 312.36489100009203 14.643414996564388 0
      vertex 312.3505989983678 14.639849998056889 0
    endloop
  endfacet
  facet normal 0 0 -1
    outer loop
      vertex 298.3580000028014 16.51027099788189 0
      vertex 312.3505989983678 14.639849998056889 0
      vertex 311.9816130027175 14.542015999555588 0
    endloop
  endfacet
  facet normal 0 0 -1
    outer loop
      vertex 298.3580000028014 16.51027099788189 0
      vertex 311.9816130027175 14.542015999555588 0
      vertex 311.95686300098896 14.534766003489494 0
    endloop
  endfacet
  facet normal 0 0 -1
    outer loop
      vertex 298.3580000028014 16.51027099788189 0
      vertex 311.95686300098896 14.534766003489494 0
      vertex 311.6416459977627 14.433525003492832 0
    endloop
  endfacet
  facet normal 0 0 -1
    outer loop
      vertex 298.3580000028014 16.51027099788189 0
      vertex 311.6416459977627 14.433525003492832 0
      vertex 311.60100600123405 14.418499998748302 0
    endloop
  endfacet
  facet normal 0 0 -1
    outer loop
      vertex 298.3580000028014 16.51027099788189 0
      vertex 311.60100600123405 14.418499998748302 0
      vertex 311.52479200065136 14.386501997709274 0
    endloop
  endfacet
  facet normal 0 0 -1
    outer loop
      vertex 298.3580000028014 16.51027099788189 0
      vertex 311.52479200065136 14.386501997709274 0
      vertex 311.50340899825096 14.37626700103283 0
    endloop
  endfacet
  facet normal 0 0 -1
    outer loop
      vertex 298.3580000028014 2.5397289991378784 0
      vertex 298.3580000028014 16.51027099788189 0
      vertex 311.50340899825096 14.37626700103283 0
    endloop
  endfacet
  facet normal 0 0 -1
    outer loop
      vertex 298.3580000028014 2.5397289991378784 0
      vertex 311.50340899825096 14.37626700103283 0
      vertex 311.50225000083447 14.35258899629116 0
    endloop
  endfacet
  facet normal 0 0 -1
    outer loop
      vertex 298.3580000028014 2.5397289991378784 0
      vertex 311.50225000083447 14.35258899629116 0
      vertex 311.50225000083447 -2 0
    endloop
  endfacet
  facet normal 0 0 -1
    outer loop
      vertex 298.35730999708176 2.525689996778965 0
      vertex 298.3580000028014 2.5397289991378784 0
      vertex 311.50225000083447 -2 0
    endloop
  endfacet
  facet normal 0 0 -1
    outer loop
      vertex 298.35730999708176 2.525689996778965 0
      vertex 311.50225000083447 -2 0
      vertex 311.49743500351906 -2.0980169996619225 0
    endloop
  endfacet
  facet normal 0 0 -1
    outer loop
      vertex 298.35730999708176 2.525689996778965 0
      vertex 311.49743500351906 -2.0980169996619225 0
      vertex 311.4830349981785 -2.195090003311634 0
    endloop
  endfacet
  facet normal 0 0 -1
    outer loop
      vertex 298.35730999708176 2.525689996778965 0
      vertex 311.4830349981785 -2.195090003311634 0
      vertex 311.4591900035739 -2.290284998714924 0
    endloop
  endfacet
  facet normal 0 0 -1
    outer loop
      vertex 298.35730999708176 2.525689996778965 0
      vertex 311.4591900035739 -2.290284998714924 0
      vertex 311.4261299967766 -2.382683001458645 0
    endloop
  endfacet
  facet normal 0 0 -1
    outer loop
      vertex 298.35730999708176 2.525689996778965 0
      vertex 311.4261299967766 -2.382683001458645 0
      vertex 311.38417100161314 -2.4713969975709915 0
    endloop
  endfacet
  facet normal 0 0 -1
    outer loop
      vertex 298.35730999708176 2.525689996778965 0
      vertex 311.38417100161314 -2.4713969975709915 0
      vertex 311.3337199985981 -2.555569998919964 0
    endloop
  endfacet
  facet normal 0 0 -1
    outer loop
      vertex 298.35730999708176 2.525689996778965 0
      vertex 311.3337199985981 -2.555569998919964 0
      vertex 311.275260001421 -2.634392999112606 0
    endloop
  endfacet
  facet normal 0 0 -1
    outer loop
      vertex 298.35730999708176 2.525689996778965 0
      vertex 311.275260001421 -2.634392999112606 0
      vertex 311.2093570008874 -2.707107000052929 0
    endloop
  endfacet
  facet normal 0 0 -1
    outer loop
      vertex 298.35730999708176 2.525689996778965 0
      vertex 311.2093570008874 -2.707107000052929 0
      vertex 311.13664299994707 -2.7730100005865097 0
    endloop
  endfacet
  facet normal 0 0 -1
    outer loop
      vertex 298.35730999708176 2.525689996778965 0
      vertex 311.13664299994707 -2.7730100005865097 0
      vertex 311.05781999975443 -2.8314699977636337 0
    endloop
  endfacet
  facet normal 0 0 -1
    outer loop
      vertex 298.35730999708176 2.525689996778965 0
      vertex 311.05781999975443 -2.8314699977636337 0
      vertex 310.97364699840546 -2.881921000778675 0
    endloop
  endfacet
  facet normal 0 0 -1
    outer loop
      vertex 298.35730999708176 2.525689996778965 0
      vertex 310.97364699840546 -2.881921000778675 0
      vertex 310.8849330022931 -2.9238800033926964 0
    endloop
  endfacet
  facet normal 0 0 -1
    outer loop
      vertex 298.35730999708176 2.525689996778965 0
      vertex 310.8849330022931 -2.9238800033926964 0
      vertex 310.7925349995494 -2.9569400027394295 0
    endloop
  endfacet
  facet normal 0 0 -1
    outer loop
      vertex 298.35730999708176 2.525689996778965 0
      vertex 310.7925349995494 -2.9569400027394295 0
      vertex 310.6973399966955 -2.980784997344017 0
    endloop
  endfacet
  facet normal 0 0 -1
    outer loop
      vertex 298.35730999708176 2.525689996778965 0
      vertex 310.6973399966955 -2.980784997344017 0
      vertex 310.6002670004964 -2.995185002684593 0
    endloop
  endfacet
  facet normal 0 0 -1
    outer loop
      vertex 298.35730999708176 2.525689996778965 0
      vertex 310.6002670004964 -2.995185002684593 0
      vertex 310.50225000083447 -3 0
    endloop
  endfacet
  facet normal 0 0 -1
    outer loop
      vertex 303.59600000083447 59.68972899764776 0
      vertex 303.59600000083447 73.66027099639177 0
      vertex 315.50225000083447 57.939583003520966 0
    endloop
  endfacet
  facet normal 0 0 -1
    outer loop
      vertex 303.5953100025654 59.67569000273943 0
      vertex 303.59600000083447 59.68972899764776 0
      vertex 315.50225000083447 57.939583003520966 0
    endloop
  endfacet
  facet normal 0 0 -1
    outer loop
      vertex 303.5953100025654 59.67569000273943 0
      vertex 315.50225000083447 57.939583003520966 0
      vertex 315.4974739998579 57.84196300059557 0
    endloop
  endfacet
  facet normal 0 0 -1
    outer loop
      vertex 188.97999600321054 96.47535599768162 0
      vertex 187.41780699789524 95.1955230012536 0
      vertex 173.5226550027728 96.64492899924517 0
    endloop
  endfacet
  facet normal 0 0 -1
    outer loop
      vertex 303.5953100025654 59.67569000273943 0
      vertex 315.4974739998579 57.84196300059557 0
      vertex 315.483190998435 57.745277002453804 0
    endloop
  endfacet
  facet normal 0 0 -1
    outer loop
      vertex 303.5953100025654 59.67569000273943 0
      vertex 315.483190998435 57.745277002453804 0
      vertex 315.45953799784184 57.650445997714996 0
    endloop
  endfacet
  facet normal 0 0 -1
    outer loop
      vertex 303.5953100025654 59.67569000273943 0
      vertex 315.45953799784184 57.650445997714996 0
      vertex 315.4267409965396 57.558378003537655 0
    endloop
  endfacet
  facet normal 0 0 -1
    outer loop
      vertex 303.5953100025654 59.67569000273943 0
      vertex 315.4267409965396 57.558378003537655 0
      vertex 315.38511200249195 57.46994999796152 0
    endloop
  endfacet
  facet normal 0 0 -1
    outer loop
      vertex 303.5953100025654 59.67569000273943 0
      vertex 315.38511200249195 57.46994999796152 0
      vertex 315.33505000174046 57.386009000241756 0
    endloop
  endfacet
  facet normal 0 0 -1
    outer loop
      vertex 303.5953100025654 59.67569000273943 0
      vertex 315.33505000174046 57.386009000241756 0
      vertex 315.27703300118446 57.307355999946594 0
    endloop
  endfacet
  facet normal 0 0 -1
    outer loop
      vertex 303.5953100025654 59.67569000273943 0
      vertex 315.27703300118446 57.307355999946594 0
      vertex 315.2116150036454 57.23474200069904 0
    endloop
  endfacet
  facet normal 0 0 -1
    outer loop
      vertex 303.5953100025654 59.67569000273943 0
      vertex 315.2116150036454 57.23474200069904 0
      vertex 315.1394210010767 57.168861001729965 0
    endloop
  endfacet
  facet normal 0 0 -1
    outer loop
      vertex 303.5953100025654 59.67569000273943 0
      vertex 315.1394210010767 57.168861001729965 0
      vertex 315.06114099919796 57.110342003405094 0
    endloop
  endfacet
  facet normal 0 0 -1
    outer loop
      vertex 303.5953100025654 59.67569000273943 0
      vertex 315.06114099919796 57.110342003405094 0
      vertex 314.97752200067043 57.059744000434875 0
    endloop
  endfacet
  facet normal 0 0 -1
    outer loop
      vertex 303.5953100025654 59.67569000273943 0
      vertex 314.97752200067043 57.059744000434875 0
      vertex 314.88936299830675 57.01754999905825 0
    endloop
  endfacet
  facet normal 0 0 -1
    outer loop
      vertex 303.5953100025654 59.67569000273943 0
      vertex 314.88936299830675 57.01754999905825 0
      vertex 314.82350800186396 56.98990099877119 0
    endloop
  endfacet
  facet normal 0 0 -1
    outer loop
      vertex 303.5953100025654 59.67569000273943 0
      vertex 314.82350800186396 56.98990099877119 0
      vertex 314.7421879991889 56.95983500033617 0
    endloop
  endfacet
  facet normal 0 0 -1
    outer loop
      vertex 303.5953100025654 59.67569000273943 0
      vertex 314.7421879991889 56.95983500033617 0
      vertex 314.4599220007658 56.869177997112274 0
    endloop
  endfacet
  facet normal 0 0 -1
    outer loop
      vertex 303.5953100025654 59.67569000273943 0
      vertex 314.4599220007658 56.869177997112274 0
      vertex 314.41041500121355 56.85467500239611 0
    endloop
  endfacet
  facet normal 0 0 -1
    outer loop
      vertex 303.5953100025654 59.67569000273943 0
      vertex 314.41041500121355 56.85467500239611 0
      vertex 314.06102199852467 56.7620360031724 0
    endloop
  endfacet
  facet normal 0 0 -1
    outer loop
      vertex 303.5953100025654 59.67569000273943 0
      vertex 314.06102199852467 56.7620360031724 0
      vertex 314.0324349999428 56.75490599870682 0
    endloop
  endfacet
  facet normal 0 0 -1
    outer loop
      vertex 290.23924999684095 16.524999998509884 0
      vertex 273.42674999684095 16.524999998509884 0
      vertex 273.42674999684095 17.96000000089407 0
    endloop
  endfacet
  facet normal 0 0 -1
    outer loop
      vertex 311.50225000083447 56.08629900217056 0
      vertex 294.0710000023246 54.610270999372005 0
      vertex 294.0703099966049 54.62431000173092 0
    endloop
  endfacet
  facet normal 0 0 -1
    outer loop
      vertex 311.50340899825096 56.10997699946165 0
      vertex 311.50225000083447 56.08629900217056 0
      vertex 294.0703099966049 54.62431000173092 0
    endloop
  endfacet
  facet normal 0 0 -1
    outer loop
      vertex 290.23924999684095 17.96000000089407 0
      vertex 290.23924999684095 16.524999998509884 0
      vertex 273.42674999684095 17.96000000089407 0
    endloop
  endfacet
  facet normal 0 0 -1
    outer loop
      vertex 298.3432710021734 2.524999998509884 0
      vertex 298.35730999708176 2.525689996778965 0
      vertex 310.50225000083447 -3 0
    endloop
  endfacet
  facet normal 0 0 -1
    outer loop
      vertex 297.23924999684095 2.3599999994039536 0
      vertex 298.3432710021734 2.524999998509884 0
      vertex 310.50225000083447 -3 0
    endloop
  endfacet
  facet normal 0 0 -1
    outer loop
      vertex 301.2143099978566 78.7256899997592 0
      vertex 311.50340899825096 79.02373100072145 0
      vertex 311.52479200065136 79.01349700242281 0
    endloop
  endfacet
  facet normal 0 0 -1
    outer loop
      vertex 311.50225000083447 97.25 0
      vertex 301.2143099978566 92.72431000322104 0
      vertex 301.2002710029483 92.72500000149012 0
    endloop
  endfacet
  facet normal 0 0 -1
    outer loop
      vertex 301.2143099978566 78.7256899997592 0
      vertex 311.52479200065136 79.01349700242281 0
      vertex 311.60100600123405 78.98149900138378 0
    endloop
  endfacet
  facet normal 0 0 -1
    outer loop
      vertex 290.23924999684095 2.3599999994039536 0
      vertex 297.23924999684095 2.3599999994039536 0
      vertex 310.50225000083447 -3 0
    endloop
  endfacet
  facet normal 0 0 -1
    outer loop
      vertex 301.2143099978566 78.7256899997592 0
      vertex 311.60100600123405 78.98149900138378 0
      vertex 311.6416459977627 78.96647299826145 0
    endloop
  endfacet
  facet normal 0 0 -1
    outer loop
      vertex 311.52479200065136 56.12021200358868 0
      vertex 311.50340899825096 56.10997699946165 0
      vertex 294.0703099966049 54.62431000173092 0
    endloop
  endfacet
  facet normal 0 0 -1
    outer loop
      vertex 281.514729000628 21.575000002980232 0
      vertex 295.485270999372 21.575000002980232 0
      vertex 297.23924999684095 17.96000000089407 0
    endloop
  endfacet
  facet normal 0 0 -1
    outer loop
      vertex 301.2143099978566 78.7256899997592 0
      vertex 311.6416459977627 78.96647299826145 0
      vertex 311.95686300098896 78.86523199826479 0
    endloop
  endfacet
  facet normal 0 0 -1
    outer loop
      vertex 303.58127100020647 59.67499999701977 0
      vertex 303.5953100025654 59.67569000273943 0
      vertex 314.0324349999428 56.75490599870682 0
    endloop
  endfacet
  facet normal 0 0 -1
    outer loop
      vertex 302.4772500023246 59.50999999791384 0
      vertex 303.58127100020647 59.67499999701977 0
      vertex 314.0324349999428 56.75490599870682 0
    endloop
  endfacet
  facet normal 0 0 -1
    outer loop
      vertex 311.60100600123405 56.152208998799324 0
      vertex 311.52479200065136 56.12021200358868 0
      vertex 294.0703099966049 54.62431000173092 0
    endloop
  endfacet
  facet normal 0 0 -1
    outer loop
      vertex 301.2143099978566 78.7256899997592 0
      vertex 311.95686300098896 78.86523199826479 0
      vertex 311.9816130027175 78.8579820021987 0
    endloop
  endfacet
  facet normal 0 0 -1
    outer loop
      vertex 295.485270999372 35.57500000298023 0
      vertex 233.55560100078583 35.58855699747801 0
      vertex 233.55507399886847 35.60260400176048 0
    endloop
  endfacet
  facet normal 0 0 -1
    outer loop
      vertex 301.2143099978566 78.7256899997592 0
      vertex 311.9816130027175 78.8579820021987 0
      vertex 312.3505989983678 78.7601480036974 0
    endloop
  endfacet
  facet normal 0 0 -1
    outer loop
      vertex 311.6416459977627 56.167235001921654 0
      vertex 311.60100600123405 56.152208998799324 0
      vertex 294.0703099966049 54.62431000173092 0
    endloop
  endfacet
  facet normal 0 0 -1
    outer loop
      vertex 204.30876400321722 74.52161400020123 0
      vertex 204.309197999537 74.5356639996171 0
      vertex 271.6647500023246 75.10999999940395 0
    endloop
  endfacet
  facet normal 0 0 -1
    outer loop
      vertex 273.42674999684095 2.3599999994039536 0
      vertex 290.23924999684095 2.3599999994039536 0
      vertex 310.50225000083447 -3 0
    endloop
  endfacet
  facet normal 0 0 -1
    outer loop
      vertex 273.42674999684095 2.3599999994039536 0
      vertex 310.50225000083447 -3 0
      vertex 240.83977700024843 -3 0
    endloop
  endfacet
  facet normal 0 0 -1
    outer loop
      vertex 266.42674999684095 2.3599999994039536 0
      vertex 273.42674999684095 2.3599999994039536 0
      vertex 240.83977700024843 -3 0
    endloop
  endfacet
  facet normal 0 0 -1
    outer loop
      vertex 265.32272899895906 2.524999998509884 0
      vertex 266.42674999684095 2.3599999994039536 0
      vertex 240.83977700024843 -3 0
    endloop
  endfacet
  facet normal 0 0 -1
    outer loop
      vertex 265.30868999660015 2.525689996778965 0
      vertex 265.32272899895906 2.524999998509884 0
      vertex 240.83977700024843 -3 0
    endloop
  endfacet
  facet normal 0 0 -1
    outer loop
      vertex 260.2573100030422 2.525689996778965 0
      vertex 265.30868999660015 2.525689996778965 0
      vertex 240.83977700024843 -3 0
    endloop
  endfacet
  facet normal 0 0 -1
    outer loop
      vertex 260.2432710006833 2.524999998509884 0
      vertex 260.2573100030422 2.525689996778965 0
      vertex 240.83977700024843 -3 0
    endloop
  endfacet
  facet normal 0 0 -1
    outer loop
      vertex 246.2727290019393 2.524999998509884 0
      vertex 260.2432710006833 2.524999998509884 0
      vertex 240.83977700024843 -3 0
    endloop
  endfacet
  facet normal 0 0 -1
    outer loop
      vertex 246.25868999958038 2.525689996778965 0
      vertex 246.2727290019393 2.524999998509884 0
      vertex 240.83977700024843 -3 0
    endloop
  endfacet
  facet normal 0 0 -1
    outer loop
      vertex 241.17039100080729 2.530801996588707 0
      vertex 246.25868999958038 2.525689996778965 0
      vertex 240.83977700024843 -3 0
    endloop
  endfacet
  facet normal 0 0 -1
    outer loop
      vertex 241.15635000169277 2.5301420018076897 0
      vertex 241.17039100080729 2.530801996588707 0
      vertex 240.83977700024843 -3 0
    endloop
  endfacet
  facet normal 0 0 -1
    outer loop
      vertex 241.15635000169277 2.5301420018076897 0
      vertex 240.83977700024843 -3 0
      vertex 240.78226199746132 -2.9983450025320053 0
    endloop
  endfacet
  facet normal 0 0 -1
    outer loop
      vertex 241.15635000169277 2.5301420018076897 0
      vertex 240.78226199746132 -2.9983450025320053 0
      vertex 240.70528399944305 -2.993909999728203 0
    endloop
  endfacet
  facet normal 0 0 -1
    outer loop
      vertex 227.18584000319242 2.559890002012253 0
      vertex 241.15635000169277 2.5301420018076897 0
      vertex 240.70528399944305 -2.993909999728203 0
    endloop
  endfacet
  facet normal 0 0 -1
    outer loop
      vertex 227.18584000319242 2.559890002012253 0
      vertex 240.70528399944305 -2.993909999728203 0
      vertex 226.5929969996214 -2.9638610035181046 0
    endloop
  endfacet
  facet normal 0 0 -1
    outer loop
      vertex 227.1718019992113 2.560608997941017 0
      vertex 227.18584000319242 2.559890002012253 0
      vertex 226.5929969996214 -2.9638610035181046 0
    endloop
  endfacet
  facet normal 0 0 -1
    outer loop
      vertex 227.1718019992113 2.560608997941017 0
      vertex 226.5929969996214 -2.9638610035181046 0
      vertex 226.5692299976945 -2.9649510011076927 0
    endloop
  endfacet
  facet normal 0 0 -1
    outer loop
      vertex 227.1718019992113 2.560608997941017 0
      vertex 226.5692299976945 -2.9649510011076927 0
      vertex 226.54402700066566 -2.973684996366501 0
    endloop
  endfacet
  facet normal 0 0 -1
    outer loop
      vertex 227.1718019992113 2.560608997941017 0
      vertex 226.54402700066566 -2.973684996366501 0
      vertex 226.50840800255537 -2.98802600055933 0
    endloop
  endfacet
  facet normal 0 0 -1
    outer loop
      vertex 227.1718019992113 2.560608997941017 0
      vertex 226.50840800255537 -2.98802600055933 0
      vertex 226.41879300028086 -3.01469299942255 0
    endloop
  endfacet
  facet normal 0 0 -1
    outer loop
      vertex 227.1718019992113 2.560608997941017 0
      vertex 226.41879300028086 -3.01469299942255 0
      vertex 226.32707899808884 -3.0328740030527115 0
    endloop
  endfacet
  facet normal 0 0 -1
    outer loop
      vertex 227.1718019992113 2.560608997941017 0
      vertex 226.32707899808884 -3.0328740030527115 0
      vertex 226.2340670004487 -3.0424100011587143 0
    endloop
  endfacet
  facet normal 0 0 -1
    outer loop
      vertex 227.1718019992113 2.560608997941017 0
      vertex 226.2340670004487 -3.0424100011587143 0
      vertex 226.14057099819183 -3.0432170033454895 0
    endloop
  endfacet
  facet normal 0 0 -1
    outer loop
      vertex 227.1718019992113 2.560608997941017 0
      vertex 226.14057099819183 -3.0432170033454895 0
      vertex 223.91999600082636 -2.9584930017590523 0
    endloop
  endfacet
  facet normal 0 0 -1
    outer loop
      vertex 227.1718019992113 2.560608997941017 0
      vertex 223.91999600082636 -2.9584930017590523 0
      vertex 223.90199899673462 -2.9581310003995895 0
    endloop
  endfacet
  facet normal 0 0 -1
    outer loop
      vertex 227.1718019992113 2.560608997941017 0
      vertex 223.90199899673462 -2.9581310003995895 0
      vertex 222.02958299964666 -2.95414400100708 0
    endloop
  endfacet
  facet normal 0 0 -1
    outer loop
      vertex 227.1718019992113 2.560608997941017 0
      vertex 222.02958299964666 -2.95414400100708 0
      vertex 221.9367910027504 -2.9496309980750084 0
    endloop
  endfacet
  facet normal 0 0 -1
    outer loop
      vertex 227.1718019992113 2.560608997941017 0
      vertex 221.9367910027504 -2.9496309980750084 0
      vertex 221.84481800347567 -2.9365260004997253 0
    endloop
  endfacet
  facet normal 0 0 -1
    outer loop
      vertex 227.1718019992113 2.560608997941017 0
      vertex 221.84481800347567 -2.9365260004997253 0
      vertex 221.7544580027461 -2.9149419963359833 0
    endloop
  endfacet
  facet normal 0 0 -1
    outer loop
      vertex 227.1718019992113 2.560608997941017 0
      vertex 221.7544580027461 -2.9149419963359833 0
      vertex 221.6664910018444 -2.8850670009851456 0
    endloop
  endfacet
  facet normal 0 0 -1
    outer loop
      vertex 227.1718019992113 2.560608997941017 0
      vertex 221.6664910018444 -2.8850670009851456 0
      vertex 221.63426899909973 -2.8724249973893166 0
    endloop
  endfacet
  facet normal 0 0 -1
    outer loop
      vertex 227.1718019992113 2.560608997941017 0
      vertex 221.63426899909973 -2.8724249973893166 0
      vertex 221.61056499928236 -2.870379000902176 0
    endloop
  endfacet
  facet normal 0 0 -1
    outer loop
      vertex 227.1711419969797 2.5746499970555305 0
      vertex 227.1718019992113 2.560608997941017 0
      vertex 221.61056499928236 -2.870379000902176 0
    endloop
  endfacet
  facet normal 0 0 -1
    outer loop
      vertex 227.20088999718428 16.54516000300646 0
      vertex 227.1711419969797 2.5746499970555305 0
      vertex 221.61056499928236 -2.870379000902176 0
    endloop
  endfacet
  facet normal 0 0 -1
    outer loop
      vertex 204.30876400321722 74.52161400020123 0
      vertex 271.6647500023246 75.10999999940395 0
      vertex 271.6647500023246 73.67499999701977 0
    endloop
  endfacet
  facet normal 0 0 -1
    outer loop
      vertex 202.66409099847078 99.1614909991622 0
      vertex 235.34627299755812 98.14697299897671 0
      vertex 172.25822199881077 98.21960800141096 0
    endloop
  endfacet
  facet normal 0 0 -1
    outer loop
      vertex 202.62774299830198 99.16394700109959 0
      vertex 202.66409099847078 99.1614909991622 0
      vertex 172.25822199881077 98.21960800141096 0
    endloop
  endfacet
  facet normal 0 0 -1
    outer loop
      vertex 157.7344420030713 103.84677799791098 0
      vertex 202.62774299830198 99.16394700109959 0
      vertex 172.25822199881077 98.21960800141096 0
    endloop
  endfacet
  facet normal 0 0 -1
    outer loop
      vertex 157.7344420030713 103.84677799791098 0
      vertex 172.25822199881077 98.21960800141096 0
      vertex 165.29599600285292 98.94583900272846 0
    endloop
  endfacet
  facet normal 0 0 -1
    outer loop
      vertex 157.7344420030713 103.84677799791098 0
      vertex 165.29599600285292 98.94583900272846 0
      vertex 163.6775370016694 83.43002200126648 0
    endloop
  endfacet
  facet normal 0 0 -1
    outer loop
      vertex 157.63950999826193 103.85213500261307 0
      vertex 157.7344420030713 103.84677799791098 0
      vertex 163.6775370016694 83.43002200126648 0
    endloop
  endfacet
  facet normal 0 0 -1
    outer loop
      vertex 157.54449799656868 103.84845200181007 0
      vertex 157.63950999826193 103.85213500261307 0
      vertex 163.6775370016694 83.43002200126648 0
    endloop
  endfacet
  facet normal 0 0 -1
    outer loop
      vertex 157.4502660036087 103.83576200157404 0
      vertex 157.54449799656868 103.84845200181007 0
      vertex 163.6775370016694 83.43002200126648 0
    endloop
  endfacet
  facet normal 0 0 -1
    outer loop
      vertex 157.35766500234604 103.81417900323868 0
      vertex 157.4502660036087 103.83576200157404 0
      vertex 163.6775370016694 83.43002200126648 0
    endloop
  endfacet
  facet normal 0 0 -1
    outer loop
      vertex 157.26753199845552 103.78390000015497 0
      vertex 157.35766500234604 103.81417900323868 0
      vertex 163.6775370016694 83.43002200126648 0
    endloop
  endfacet
  facet normal 0 0 -1
    outer loop
      vertex 157.18068300187588 103.74519699811935 0
      vertex 157.26753199845552 103.78390000015497 0
      vertex 163.6775370016694 83.43002200126648 0
    endloop
  endfacet
  facet normal 0 0 -1
    outer loop
      vertex 157.0979019999504 103.69842000305653 0
      vertex 157.18068300187588 103.74519699811935 0
      vertex 163.6775370016694 83.43002200126648 0
    endloop
  endfacet
  facet normal 0 0 -1
    outer loop
      vertex 157.01993799954653 103.64399199932814 0
      vertex 157.0979019999504 103.69842000305653 0
      vertex 163.6775370016694 83.43002200126648 0
    endloop
  endfacet
  facet normal 0 0 -1
    outer loop
      vertex 156.94749499857426 103.58240599930286 0
      vertex 157.01993799954653 103.64399199932814 0
      vertex 163.6775370016694 83.43002200126648 0
    endloop
  endfacet
  facet normal 0 0 -1
    outer loop
      vertex 156.8812289983034 103.51421800255775 0
      vertex 156.94749499857426 103.58240599930286 0
      vertex 163.6775370016694 83.43002200126648 0
    endloop
  endfacet
  facet normal 0 0 -1
    outer loop
      vertex 156.82173900306225 103.44004400074482 0
      vertex 156.8812289983034 103.51421800255775 0
      vertex 163.6775370016694 83.43002200126648 0
    endloop
  endfacet
  facet normal 0 0 -1
    outer loop
      vertex 156.76956299692392 103.360555998981 0
      vertex 156.82173900306225 103.44004400074482 0
      vertex 163.6775370016694 83.43002200126648 0
    endloop
  endfacet
  facet normal 0 0 -1
    outer loop
      vertex 156.7251719981432 103.27647200226784 0
      vertex 156.76956299692392 103.360555998981 0
      vertex 163.6775370016694 83.43002200126648 0
    endloop
  endfacet
  facet normal 0 0 -1
    outer loop
      vertex 156.6889669969678 103.18855100125074 0
      vertex 156.7251719981432 103.27647200226784 0
      vertex 163.6775370016694 83.43002200126648 0
    endloop
  endfacet
  facet normal 0 0 -1
    outer loop
      vertex 156.6612770035863 103.09758999943733 0
      vertex 156.6889669969678 103.18855100125074 0
      vertex 163.6775370016694 83.43002200126648 0
    endloop
  endfacet
  facet normal 0 0 -1
    outer loop
      vertex 156.65678399801254 103.07547400146723 0
      vertex 156.6612770035863 103.09758999943733 0
      vertex 163.6775370016694 83.43002200126648 0
    endloop
  endfacet
  facet normal 0 0 -1
    outer loop
      vertex 156.64826100319624 103.0421779975295 0
      vertex 156.65678399801254 103.07547400146723 0
      vertex 163.6775370016694 83.43002200126648 0
    endloop
  endfacet
  facet normal 0 0 -1
    outer loop
      vertex 156.62474700063467 103.04102700203657 0
      vertex 156.64826100319624 103.0421779975295 0
      vertex 163.6775370016694 83.43002200126648 0
    endloop
  endfacet
  facet normal 0 0 -1
    outer loop
      vertex 156.4589999988675 103.04102700203657 0
      vertex 156.62474700063467 103.04102700203657 0
      vertex 163.6775370016694 83.43002200126648 0
    endloop
  endfacet
  facet normal 0 0 -1
    outer loop
      vertex 156.3609829992056 103.03621199727058 0
      vertex 156.4589999988675 103.04102700203657 0
      vertex 163.6775370016694 83.43002200126648 0
    endloop
  endfacet
  facet normal 0 0 -1
    outer loop
      vertex 156.26391000300646 103.02181199938059 0
      vertex 156.3609829992056 103.03621199727058 0
      vertex 163.6775370016694 83.43002200126648 0
    endloop
  endfacet
  facet normal 0 0 -1
    outer loop
      vertex 156.1687150001526 102.99796699732542 0
      vertex 156.26391000300646 103.02181199938059 0
      vertex 163.6775370016694 83.43002200126648 0
    endloop
  endfacet
  facet normal 0 0 -1
    outer loop
      vertex 156.07631699740887 102.96490699797869 0
      vertex 156.1687150001526 102.99796699732542 0
      vertex 163.6775370016694 83.43002200126648 0
    endloop
  endfacet
  facet normal 0 0 -1
    outer loop
      vertex 155.98760300129652 102.92294800281525 0
      vertex 156.07631699740887 102.96490699797869 0
      vertex 163.6775370016694 83.43002200126648 0
    endloop
  endfacet
  facet normal 0 0 -1
    outer loop
      vertex 155.90342999994755 102.8724969998002 0
      vertex 155.98760300129652 102.92294800281525 0
      vertex 163.6775370016694 83.43002200126648 0
    endloop
  endfacet
  facet normal 0 0 -1
    outer loop
      vertex 155.8246069997549 102.81403800100088 0
      vertex 155.90342999994755 102.8724969998002 0
      vertex 163.6775370016694 83.43002200126648 0
    endloop
  endfacet
  facet normal 0 0 -1
    outer loop
      vertex 155.75189299881458 102.7481340020895 0
      vertex 155.8246069997549 102.81403800100088 0
      vertex 163.6775370016694 83.43002200126648 0
    endloop
  endfacet
  facet normal 0 0 -1
    outer loop
      vertex 155.685989998281 102.67542000114918 0
      vertex 155.75189299881458 102.7481340020895 0
      vertex 163.6775370016694 83.43002200126648 0
    endloop
  endfacet
  facet normal 0 0 -1
    outer loop
      vertex 155.62753000110388 102.59659700095654 0
      vertex 155.685989998281 102.67542000114918 0
      vertex 163.6775370016694 83.43002200126648 0
    endloop
  endfacet
  facet normal 0 0 -1
    outer loop
      vertex 155.57707899808884 102.51242399960756 0
      vertex 155.62753000110388 102.59659700095654 0
      vertex 163.6775370016694 83.43002200126648 0
    endloop
  endfacet
  facet normal 0 0 -1
    outer loop
      vertex 155.5351200029254 102.42371100187302 0
      vertex 155.57707899808884 102.51242399960756 0
      vertex 163.6775370016694 83.43002200126648 0
    endloop
  endfacet
  facet normal 0 0 -1
    outer loop
      vertex 155.50206000357866 102.3313120007515 0
      vertex 155.5351200029254 102.42371100187302 0
      vertex 163.6775370016694 83.43002200126648 0
    endloop
  endfacet
  facet normal 0 0 -1
    outer loop
      vertex 155.4782150015235 102.23611699789762 0
      vertex 155.50206000357866 102.3313120007515 0
      vertex 163.6775370016694 83.43002200126648 0
    endloop
  endfacet
  facet normal 0 0 -1
    outer loop
      vertex 155.4638150036335 102.1390440016985 0
      vertex 155.4782150015235 102.23611699789762 0
      vertex 163.6775370016694 83.43002200126648 0
    endloop
  endfacet
  facet normal 0 0 -1
    outer loop
      vertex 155.4589999988675 102.04102700203657 0
      vertex 155.4638150036335 102.1390440016985 0
      vertex 163.6775370016694 83.43002200126648 0
    endloop
  endfacet
  facet normal 0 0 -1
    outer loop
      vertex 155.4589999988675 81.18760000169277 0
      vertex 155.4589999988675 102.04102700203657 0
      vertex 163.6775370016694 83.43002200126648 0
    endloop
  endfacet
  facet normal 0 0 -1
    outer loop
      vertex 155.45784100145102 81.1639209985733 0
      vertex 155.4589999988675 81.18760000169277 0
      vertex 163.6775370016694 83.43002200126648 0
    endloop
  endfacet
  facet normal 0 0 -1
    outer loop
      vertex 155.45784100145102 81.1639209985733 0
      vertex 163.6775370016694 83.43002200126648 0
      vertex 170.63976299762726 82.70379099994898 0
    endloop
  endfacet
  facet normal 0 0 -1
    outer loop
      vertex 155.43645799905062 81.15368700027466 0
      vertex 155.45784100145102 81.1639209985733 0
      vertex 170.63976299762726 82.70379099994898 0
    endloop
  endfacet
  facet normal 0 0 -1
    outer loop
      vertex 155.36024399846792 81.12168899923563 0
      vertex 155.43645799905062 81.15368700027466 0
      vertex 170.63976299762726 82.70379099994898 0
    endloop
  endfacet
  facet normal 0 0 -1
    outer loop
      vertex 155.3196040019393 81.10666300356388 0
      vertex 155.36024399846792 81.12168899923563 0
      vertex 170.63976299762726 82.70379099994898 0
    endloop
  endfacet
  facet normal 0 0 -1
    outer loop
      vertex 301.2143099978566 78.7256899997592 0
      vertex 312.3505989983678 78.7601480036974 0
      vertex 312.36489100009203 78.75658299773932 0
    endloop
  endfacet
  facet normal 0 0 -1
    outer loop
      vertex 294.0562710016966 40.625 0
      vertex 294.0703099966049 40.62568999826908 0
      vertex 311.50225000083447 37.31369999796152 0
    endloop
  endfacet
  facet normal 0 0 -1
    outer loop
      vertex 295.4772500023246 59.50999999791384 0
      vertex 302.4772500023246 59.50999999791384 0
      vertex 314.0324349999428 56.75490599870682 0
    endloop
  endfacet
  facet normal 0 0 -1
    outer loop
      vertex 301.2143099978566 78.7256899997592 0
      vertex 312.36489100009203 78.75658299773932 0
      vertex 312.77653799951077 78.66036900132895 0
    endloop
  endfacet
  facet normal 0 0 -1
    outer loop
      vertex 227.20160900056362 16.55919799953699 0
      vertex 227.20088999718428 16.54516000300646 0
      vertex 221.61056499928236 -2.870379000902176 0
    endloop
  endfacet
  facet normal 0 0 -1
    outer loop
      vertex 294.0562710016966 54.625 0
      vertex 229.72604800015688 54.655351996421814 0
      vertex 229.72562900185585 54.66940300166607 0
    endloop
  endfacet
  facet normal 0 0 -1
    outer loop
      vertex 224.93636199831963 92.92771899700165 0
      vertex 301.2002710029483 92.72500000149012 0
      vertex 282.4677290022373 92.72500000149012 0
    endloop
  endfacet
  facet normal 0 0 -1
    outer loop
      vertex 224.93636199831963 92.92771899700165 0
      vertex 282.4677290022373 92.72500000149012 0
      vertex 282.45307099819183 92.72427999973297 0
    endloop
  endfacet
  facet normal 0 0 -1
    outer loop
      vertex 224.93636199831963 92.92771899700165 0
      vertex 282.45307099819183 92.72427999973297 0
      vertex 282.45146200060844 92.72404100000858 0
    endloop
  endfacet
  facet normal 0 0 -1
    outer loop
      vertex 311.95686300098896 56.268476001918316 0
      vertex 311.6416459977627 56.167235001921654 0
      vertex 294.0703099966049 54.62431000173092 0
    endloop
  endfacet
  facet normal 0 0 -1
    outer loop
      vertex 301.2143099978566 78.7256899997592 0
      vertex 312.77653799951077 78.66036900132895 0
      vertex 313.6378180012107 78.47108100354671 0
    endloop
  endfacet
  facet normal 0 0 -1
    outer loop
      vertex 301.2143099978566 78.7256899997592 0
      vertex 313.6378180012107 78.47108100354671 0
      vertex 314.0324349999428 78.37880200147629 0
    endloop
  endfacet
  facet normal 0 0 -1
    outer loop
      vertex 301.2143099978566 78.7256899997592 0
      vertex 314.0324349999428 78.37880200147629 0
      vertex 314.06102199852467 78.37167199701071 0
    endloop
  endfacet
  facet normal 0 0 -1
    outer loop
      vertex 301.2143099978566 78.7256899997592 0
      vertex 314.06102199852467 78.37167199701071 0
      vertex 314.41041500121355 78.279032997787 0
    endloop
  endfacet
  facet normal 0 0 -1
    outer loop
      vertex 301.2143099978566 78.7256899997592 0
      vertex 314.41041500121355 78.279032997787 0
      vertex 314.4599220007658 78.26453000307083 0
    endloop
  endfacet
  facet normal 0 0 -1
    outer loop
      vertex 301.2143099978566 78.7256899997592 0
      vertex 314.4599220007658 78.26453000307083 0
      vertex 314.7421879991889 78.17387299984694 0
    endloop
  endfacet
  facet normal 0 0 -1
    outer loop
      vertex 301.2143099978566 78.7256899997592 0
      vertex 314.7421879991889 78.17387299984694 0
      vertex 314.82350800186396 78.14380700141191 0
    endloop
  endfacet
  facet normal 0 0 -1
    outer loop
      vertex 301.2143099978566 78.7256899997592 0
      vertex 314.82350800186396 78.14380700141191 0
      vertex 314.88936299830675 78.11615800112486 0
    endloop
  endfacet
  facet normal 0 0 -1
    outer loop
      vertex 301.2143099978566 78.7256899997592 0
      vertex 314.88936299830675 78.11615800112486 0
      vertex 314.97752200067043 78.07396399974823 0
    endloop
  endfacet
  facet normal 0 0 -1
    outer loop
      vertex 301.2143099978566 78.7256899997592 0
      vertex 314.97752200067043 78.07396399974823 0
      vertex 315.06114099919796 78.02336700260639 0
    endloop
  endfacet
  facet normal 0 0 -1
    outer loop
      vertex 301.2143099978566 78.7256899997592 0
      vertex 315.06114099919796 78.02336700260639 0
      vertex 315.1394210010767 77.96484799683094 0
    endloop
  endfacet
  facet normal 0 0 -1
    outer loop
      vertex 301.2143099978566 78.7256899997592 0
      vertex 315.1394210010767 77.96484799683094 0
      vertex 315.2116150036454 77.89896599948406 0
    endloop
  endfacet
  facet normal 0 0 -1
    outer loop
      vertex 301.2143099978566 78.7256899997592 0
      vertex 315.2116150036454 77.89896599948406 0
      vertex 315.27703300118446 77.82635200023651 0
    endloop
  endfacet
  facet normal 0 0 -1
    outer loop
      vertex 301.2143099978566 78.7256899997592 0
      vertex 315.27703300118446 77.82635200023651 0
      vertex 315.33505000174046 77.74769899994135 0
    endloop
  endfacet
  facet normal 0 0 -1
    outer loop
      vertex 301.2143099978566 78.7256899997592 0
      vertex 315.33505000174046 77.74769899994135 0
      vertex 315.38511200249195 77.66375800222158 0
    endloop
  endfacet
  facet normal 0 0 -1
    outer loop
      vertex 301.2143099978566 78.7256899997592 0
      vertex 315.38511200249195 77.66375800222158 0
      vertex 315.4267409965396 77.57532999664545 0
    endloop
  endfacet
  facet normal 0 0 -1
    outer loop
      vertex 301.2143099978566 78.7256899997592 0
      vertex 315.4267409965396 77.57532999664545 0
      vertex 315.45953799784184 77.48326200246811 0
    endloop
  endfacet
  facet normal 0 0 -1
    outer loop
      vertex 301.2143099978566 78.7256899997592 0
      vertex 315.45953799784184 77.48326200246811 0
      vertex 315.483190998435 77.3884309977293 0
    endloop
  endfacet
  facet normal 0 0 -1
    outer loop
      vertex 301.2143099978566 78.7256899997592 0
      vertex 315.483190998435 77.3884309977293 0
      vertex 315.4974739998579 77.29174499958754 0
    endloop
  endfacet
  facet normal 0 0 -1
    outer loop
      vertex 301.2143099978566 78.7256899997592 0
      vertex 315.4974739998579 77.29174499958754 0
      vertex 315.50225000083447 77.19412499666214 0
    endloop
  endfacet
  facet normal 0 0 -1
    outer loop
      vertex 155.00438699871302 81.00542200356722 0
      vertex 155.3196040019393 81.10666300356388 0
      vertex 170.63976299762726 82.70379099994898 0
    endloop
  endfacet
  facet normal 0 0 -1
    outer loop
      vertex 201.18203800171614 17.59305699914694 0
      vertex 266.42674999684095 17.96000000089407 0
      vertex 266.42674999684095 16.524999998509884 0
    endloop
  endfacet
  facet normal 0 0 -1
    outer loop
      vertex 201.18149899691343 17.579011000692844 0
      vertex 201.18203800171614 17.59305699914694 0
      vertex 266.42674999684095 16.524999998509884 0
    endloop
  endfacet
  facet normal 0 0 -1
    outer loop
      vertex 311.9816130027175 56.27572599798441 0
      vertex 311.95686300098896 56.268476001918316 0
      vertex 294.0703099966049 54.62431000173092 0
    endloop
  endfacet
  facet normal 0 0 -1
    outer loop
      vertex 280.0857290029526 40.625 0
      vertex 294.0562710016966 40.625 0
      vertex 311.50225000083447 37.31369999796152 0
    endloop
  endfacet
  facet normal 0 0 -1
    outer loop
      vertex 301.2002710029483 92.72500000149012 0
      vertex 224.93636199831963 92.92771899700165 0
      vertex 224.9361080005765 92.9417729973793 0
    endloop
  endfacet
  facet normal 0 0 -1
    outer loop
      vertex 281.5006899982691 21.575690001249313 0
      vertex 281.514729000628 21.575000002980232 0
      vertex 297.23924999684095 17.96000000089407 0
    endloop
  endfacet
  facet normal 0 0 -1
    outer loop
      vertex 271.6873100027442 21.575690001249313 0
      vertex 281.5006899982691 21.575690001249313 0
      vertex 297.23924999684095 17.96000000089407 0
    endloop
  endfacet
  facet normal 0 0 -1
    outer loop
      vertex 271.6732710003853 21.575000002980232 0
      vertex 271.6873100027442 21.575690001249313 0
      vertex 297.23924999684095 17.96000000089407 0
    endloop
  endfacet
  facet normal 0 0 -1
    outer loop
      vertex 154.97963699698448 80.99817200005054 0
      vertex 155.00438699871302 81.00542200356722 0
      vertex 170.63976299762726 82.70379099994898 0
    endloop
  endfacet
  facet normal 0 0 -1
    outer loop
      vertex 312.3505989983678 56.37355999648571 0
      vertex 311.9816130027175 56.27572599798441 0
      vertex 294.0703099966049 54.62431000173092 0
    endloop
  endfacet
  facet normal 0 0 -1
    outer loop
      vertex 185.96534500271082 81.27107100188732 0
      vertex 185.97937999665737 81.27030000090599 0
      vertex 187.36153800040483 80.95953900367022 0
    endloop
  endfacet
  facet normal 0 0 -1
    outer loop
      vertex 213.64172200113535 35.943481996655464 0
      vertex 213.64184200018644 35.9575380012393 0
      vertex 315.38511200249195 35.93004799634218 0
    endloop
  endfacet
  facet normal 0 0 -1
    outer loop
      vertex 315.33505000174046 36.01398900151253 0
      vertex 315.38511200249195 35.93004799634218 0
      vertex 213.64184200018644 35.9575380012393 0
    endloop
  endfacet
  facet normal 0 0 -1
    outer loop
      vertex 315.27703300118446 36.09264200180769 0
      vertex 315.33505000174046 36.01398900151253 0
      vertex 213.64184200018644 35.9575380012393 0
    endloop
  endfacet
  facet normal 0 0 -1
    outer loop
      vertex 315.2116150036454 36.16525600105524 0
      vertex 315.27703300118446 36.09264200180769 0
      vertex 213.64184200018644 35.9575380012393 0
    endloop
  endfacet
  facet normal 0 0 -1
    outer loop
      vertex 315.1394210010767 36.23113799840212 0
      vertex 315.2116150036454 36.16525600105524 0
      vertex 213.64184200018644 35.9575380012393 0
    endloop
  endfacet
  facet normal 0 0 -1
    outer loop
      vertex 315.06114099919796 36.28965699672699 0
      vertex 315.1394210010767 36.23113799840212 0
      vertex 213.64184200018644 35.9575380012393 0
    endloop
  endfacet
  facet normal 0 0 -1
    outer loop
      vertex 314.97752200067043 36.34025499969721 0
      vertex 315.06114099919796 36.28965699672699 0
      vertex 213.64184200018644 35.9575380012393 0
    endloop
  endfacet
  facet normal 0 0 -1
    outer loop
      vertex 314.88936299830675 36.38244800269604 0
      vertex 314.97752200067043 36.34025499969721 0
      vertex 213.64184200018644 35.9575380012393 0
    endloop
  endfacet
  facet normal 0 0 -1
    outer loop
      vertex 314.82350800186396 36.41009700298309 0
      vertex 314.88936299830675 36.38244800269604 0
      vertex 213.64184200018644 35.9575380012393 0
    endloop
  endfacet
  facet normal 0 0 -1
    outer loop
      vertex 314.7421879991889 36.440163001418114 0
      vertex 314.82350800186396 36.41009700298309 0
      vertex 213.64184200018644 35.9575380012393 0
    endloop
  endfacet
  facet normal 0 0 -1
    outer loop
      vertex 314.4599220007658 36.53081999719143 0
      vertex 314.7421879991889 36.440163001418114 0
      vertex 213.64184200018644 35.9575380012393 0
    endloop
  endfacet
  facet normal 0 0 -1
    outer loop
      vertex 314.41041500121355 36.54532299935818 0
      vertex 314.4599220007658 36.53081999719143 0
      vertex 213.64184200018644 35.9575380012393 0
    endloop
  endfacet
  facet normal 0 0 -1
    outer loop
      vertex 314.06102199852467 36.637961998581886 0
      vertex 314.41041500121355 36.54532299935818 0
      vertex 213.64184200018644 35.9575380012393 0
    endloop
  endfacet
  facet normal 0 0 -1
    outer loop
      vertex 314.0324349999428 36.645093001425266 0
      vertex 314.06102199852467 36.637961998581886 0
      vertex 213.64184200018644 35.9575380012393 0
    endloop
  endfacet
  facet normal 0 0 -1
    outer loop
      vertex 313.6378180012107 36.73737099766731 0
      vertex 314.0324349999428 36.645093001425266 0
      vertex 213.64184200018644 35.9575380012393 0
    endloop
  endfacet
  facet normal 0 0 -1
    outer loop
      vertex 312.77653799951077 36.926659002900124 0
      vertex 313.6378180012107 36.73737099766731 0
      vertex 213.64184200018644 35.9575380012393 0
    endloop
  endfacet
  facet normal 0 0 -1
    outer loop
      vertex 315.50225000083447 77.19412499666214 0
      vertex 302.4772500023246 75.10999999940395 0
      vertex 295.4772500023246 75.10999999940395 0
    endloop
  endfacet
  facet normal 0 0 -1
    outer loop
      vertex 224.80365300178528 73.74547400325537 0
      vertex 271.6647500023246 73.67499999701977 0
      vertex 268.1797289997339 73.67499999701977 0
    endloop
  endfacet
  facet normal 0 0 -1
    outer loop
      vertex 224.80365300178528 73.74547400325537 0
      vertex 268.1797289997339 73.67499999701977 0
      vertex 268.165689997375 73.67430999875069 0
    endloop
  endfacet
  facet normal 0 0 -1
    outer loop
      vertex 301.2002710029483 78.72500000149012 0
      vertex 301.2143099978566 78.7256899997592 0
      vertex 315.50225000083447 77.19412499666214 0
    endloop
  endfacet
  facet normal 0 0 -1
    outer loop
      vertex 312.36489100009203 37.02287299931049 0
      vertex 312.77653799951077 36.926659002900124 0
      vertex 213.64184200018644 35.9575380012393 0
    endloop
  endfacet
  facet normal 0 0 -1
    outer loop
      vertex 312.3505989983678 37.02643799781799 0
      vertex 312.36489100009203 37.02287299931049 0
      vertex 213.64184200018644 35.9575380012393 0
    endloop
  endfacet
  facet normal 0 0 -1
    outer loop
      vertex 221.78823199868202 16.647308997809887 0
      vertex 266.42674999684095 16.524999998509884 0
      vertex 265.32272899895906 16.524999998509884 0
    endloop
  endfacet
  facet normal 0 0 -1
    outer loop
      vertex 221.78823199868202 16.647308997809887 0
      vertex 265.32272899895906 16.524999998509884 0
      vertex 265.30868999660015 16.524310000240803 0
    endloop
  endfacet
  facet normal 0 0 -1
    outer loop
      vertex 154.6106510013342 80.90033800154924 0
      vertex 154.97963699698448 80.99817200005054 0
      vertex 170.63976299762726 82.70379099994898 0
    endloop
  endfacet
  facet normal 0 0 -1
    outer loop
      vertex 311.9816130027175 37.124271996319294 0
      vertex 312.3505989983678 37.02643799781799 0
      vertex 213.64184200018644 35.9575380012393 0
    endloop
  endfacet
  facet normal 0 0 -1
    outer loop
      vertex 311.95686300098896 37.13152199983597 0
      vertex 311.9816130027175 37.124271996319294 0
      vertex 213.64184200018644 35.9575380012393 0
    endloop
  endfacet
  facet normal 0 0 -1
    outer loop
      vertex 312.36489100009203 56.37712500244379 0
      vertex 312.3505989983678 56.37355999648571 0
      vertex 294.0703099966049 54.62431000173092 0
    endloop
  endfacet
  facet normal 0 0 -1
    outer loop
      vertex 278.6647500023246 59.50999999791384 0
      vertex 295.4772500023246 59.50999999791384 0
      vertex 314.0324349999428 56.75490599870682 0
    endloop
  endfacet
  facet normal 0 0 -1
    outer loop
      vertex 311.49743500351906 97.34801699966192 0
      vertex 311.50225000083447 97.25 0
      vertex 195.9422219991684 95.74912499636412 0
    endloop
  endfacet
  facet normal 0 0 -1
    outer loop
      vertex 311.4830349981785 97.44509000331163 0
      vertex 311.49743500351906 97.34801699966192 0
      vertex 195.9422219991684 95.74912499636412 0
    endloop
  endfacet
  facet normal 0 0 -1
    outer loop
      vertex 311.4591900035739 97.54028499871492 0
      vertex 311.4830349981785 97.44509000331163 0
      vertex 195.9422219991684 95.74912499636412 0
    endloop
  endfacet
  facet normal 0 0 -1
    outer loop
      vertex 311.4261299967766 97.63268300145864 0
      vertex 311.4591900035739 97.54028499871492 0
      vertex 195.9422219991684 95.74912499636412 0
    endloop
  endfacet
  facet normal 0 0 -1
    outer loop
      vertex 311.38417100161314 97.72139699757099 0
      vertex 311.4261299967766 97.63268300145864 0
      vertex 195.9422219991684 95.74912499636412 0
    endloop
  endfacet
  facet normal 0 0 -1
    outer loop
      vertex 311.3337199985981 97.80556999891996 0
      vertex 311.38417100161314 97.72139699757099 0
      vertex 195.9422219991684 95.74912499636412 0
    endloop
  endfacet
  facet normal 0 0 -1
    outer loop
      vertex 311.275260001421 97.8843929991126 0
      vertex 311.3337199985981 97.80556999891996 0
      vertex 195.9422219991684 95.74912499636412 0
    endloop
  endfacet
  facet normal 0 0 -1
    outer loop
      vertex 311.2093570008874 97.95710700005293 0
      vertex 311.275260001421 97.8843929991126 0
      vertex 195.9422219991684 95.74912499636412 0
    endloop
  endfacet
  facet normal 0 0 -1
    outer loop
      vertex 311.13664299994707 98.02301000058651 0
      vertex 311.2093570008874 97.95710700005293 0
      vertex 195.9422219991684 95.74912499636412 0
    endloop
  endfacet
  facet normal 0 0 -1
    outer loop
      vertex 311.05781999975443 98.08146999776363 0
      vertex 311.13664299994707 98.02301000058651 0
      vertex 195.9422219991684 95.74912499636412 0
    endloop
  endfacet
  facet normal 0 0 -1
    outer loop
      vertex 310.97364699840546 98.13192100077868 0
      vertex 311.05781999975443 98.08146999776363 0
      vertex 195.9422219991684 95.74912499636412 0
    endloop
  endfacet
  facet normal 0 0 -1
    outer loop
      vertex 310.8849330022931 98.1738800033927 0
      vertex 310.97364699840546 98.13192100077868 0
      vertex 195.9422219991684 95.74912499636412 0
    endloop
  endfacet
  facet normal 0 0 -1
    outer loop
      vertex 310.7925349995494 98.20694000273943 0
      vertex 310.8849330022931 98.1738800033927 0
      vertex 195.9422219991684 95.74912499636412 0
    endloop
  endfacet
  facet normal 0 0 -1
    outer loop
      vertex 310.6973399966955 98.23078499734402 0
      vertex 310.7925349995494 98.20694000273943 0
      vertex 195.9422219991684 95.74912499636412 0
    endloop
  endfacet
  facet normal 0 0 -1
    outer loop
      vertex 310.6002670004964 98.2451850026846 0
      vertex 310.6973399966955 98.23078499734402 0
      vertex 195.9422219991684 95.74912499636412 0
    endloop
  endfacet
  facet normal 0 0 -1
    outer loop
      vertex 310.50225000083447 98.25 0
      vertex 310.6002670004964 98.2451850026846 0
      vertex 195.9422219991684 95.74912499636412 0
    endloop
  endfacet
  facet normal 0 0 -1
    outer loop
      vertex 243.63404899835587 98.25 0
      vertex 310.50225000083447 98.25 0
      vertex 195.9422219991684 95.74912499636412 0
    endloop
  endfacet
  facet normal 0 0 -1
    outer loop
      vertex 243.60961800068617 98.25119999796152 0
      vertex 243.63404899835587 98.25 0
      vertex 195.9422219991684 95.74912499636412 0
    endloop
  endfacet
  facet normal 0 0 -1
    outer loop
      vertex 243.57060000300407 98.2569879963994 0
      vertex 243.60961800068617 98.25119999796152 0
      vertex 195.9422219991684 95.74912499636412 0
    endloop
  endfacet
  facet normal 0 0 -1
    outer loop
      vertex 243.49108400195837 98.26555000245571 0
      vertex 243.57060000300407 98.2569879963994 0
      vertex 195.9422219991684 95.74912499636412 0
    endloop
  endfacet
  facet normal 0 0 -1
    outer loop
      vertex 243.4111369997263 98.26772999763489 0
      vertex 243.49108400195837 98.26555000245571 0
      vertex 195.9422219991684 95.74912499636412 0
    endloop
  endfacet
  facet normal 0 0 -1
    outer loop
      vertex 243.4111369997263 98.26772999763489 0
      vertex 195.9422219991684 95.74912499636412 0
      vertex 188.97999600321054 96.47535599768162 0
    endloop
  endfacet
  facet normal 0 0 -1
    outer loop
      vertex 311.6416459977627 37.23276299983263 0
      vertex 311.95686300098896 37.13152199983597 0
      vertex 213.64184200018644 35.9575380012393 0
    endloop
  endfacet
  facet normal 0 0 -1
    outer loop
      vertex 311.60100600123405 37.24778900295496 0
      vertex 311.6416459977627 37.23276299983263 0
      vertex 213.64184200018644 35.9575380012393 0
    endloop
  endfacet
  facet normal 0 0 -1
    outer loop
      vertex 312.36489100009203 56.37712500244379 0
      vertex 294.0703099966049 54.62431000173092 0
      vertex 294.0562710016966 54.625 0
    endloop
  endfacet
  facet normal 0 0 -1
    outer loop
      vertex 311.52479200065136 37.27978699654341 0
      vertex 311.60100600123405 37.24778900295496 0
      vertex 213.64184200018644 35.9575380012393 0
    endloop
  endfacet
  facet normal 0 0 -1
    outer loop
      vertex 311.50340899825096 37.29002100229263 0
      vertex 311.52479200065136 37.27978699654341 0
      vertex 213.64184200018644 35.9575380012393 0
    endloop
  endfacet
  facet normal 0 0 -1
    outer loop
      vertex 311.50225000083447 37.31369999796152 0
      vertex 311.50340899825096 37.29002100229263 0
      vertex 213.64184200018644 35.9575380012393 0
    endloop
  endfacet
  facet normal 0 0 -1
    outer loop
      vertex 266.42674999684095 17.96000000089407 0
      vertex 201.18203800171614 17.59305699914694 0
      vertex 201.16811300069094 17.594971001148224 0
    endloop
  endfacet
  facet normal 0 0 -1
    outer loop
      vertex 257.7027290016413 21.575000002980232 0
      vertex 271.6732710003853 21.575000002980232 0
      vertex 297.23924999684095 17.96000000089407 0
    endloop
  endfacet
  facet normal 0 0 -1
    outer loop
      vertex 271.6647500023246 75.10999999940395 0
      vertex 204.309197999537 74.5356639996171 0
      vertex 204.29525899887085 74.53747300058603 0
    endloop
  endfacet
  facet normal 0 0 -1
    outer loop
      vertex 266.42674999684095 16.524999998509884 0
      vertex 221.78823199868202 16.647308997809887 0
      vertex 221.78807800263166 16.661363996565342 0
    endloop
  endfacet
  facet normal 0 0 -1
    outer loop
      vertex 312.77653799951077 56.47333899885416 0
      vertex 312.36489100009203 56.37712500244379 0
      vertex 294.0562710016966 54.625 0
    endloop
  endfacet
  facet normal 0 0 -1
    outer loop
      vertex 154.59635899960995 80.89677300304174 0
      vertex 154.6106510013342 80.90033800154924 0
      vertex 170.63976299762726 82.70379099994898 0
    endloop
  endfacet
  facet normal 0 0 -1
    outer loop
      vertex 183.51632700115442 76.31916400045156 0
      vertex 315.50225000083447 77.19412499666214 0
      vertex 295.4772500023246 75.10999999940395 0
    endloop
  endfacet
  facet normal 0 0 -1
    outer loop
      vertex 183.51543100178242 76.3051360026002 0
      vertex 183.51632700115442 76.31916400045156 0
      vertex 295.4772500023246 75.10999999940395 0
    endloop
  endfacet
  facet normal 0 0 -1
    outer loop
      vertex 311.50225000083447 37.31369999796152 0
      vertex 213.64184200018644 35.9575380012393 0
      vertex 213.62786599993706 35.959035001695156 0
    endloop
  endfacet
  facet normal 0 0 -1
    outer loop
      vertex 192.84544099867344 37.305233001708984 0
      vertex 311.50225000083447 37.31369999796152 0
      vertex 213.62786599993706 35.959035001695156 0
    endloop
  endfacet
  facet normal 0 0 -1
    outer loop
      vertex 192.84544099867344 37.305233001708984 0
      vertex 213.62786599993706 35.959035001695156 0
      vertex 199.68051800131798 36.763722002506256 0
    endloop
  endfacet
  facet normal 0 0 -1
    outer loop
      vertex 192.84544099867344 37.305233001708984 0
      vertex 199.68051800131798 36.763722002506256 0
      vertex 199.66646199673414 36.76384200155735 0
    endloop
  endfacet
  facet normal 0 0 -1
    outer loop
      vertex 192.84544099867344 37.305233001708984 0
      vertex 199.66646199673414 36.76384200155735 0
      vertex 199.6649649962783 36.749866001307964 0
    endloop
  endfacet
  facet normal 0 0 -1
    outer loop
      vertex 192.84466599673033 37.29119800031185 0
      vertex 192.84544099867344 37.305233001708984 0
      vertex 199.6649649962783 36.749866001307964 0
    endloop
  endfacet
  facet normal 0 0 -1
    outer loop
      vertex 192.84466599673033 37.29119800031185 0
      vertex 199.6649649962783 36.749866001307964 0
      vertex 198.86027800291777 22.802518002688885 0
    endloop
  endfacet
  facet normal 0 0 -1
    outer loop
      vertex 191.3913789987564 23.396450996398926 0
      vertex 192.84466599673033 37.29119800031185 0
      vertex 198.86027800291777 22.802518002688885 0
    endloop
  endfacet
  facet normal 0 0 -1
    outer loop
      vertex 191.3913789987564 23.396450996398926 0
      vertex 198.86027800291777 22.802518002688885 0
      vertex 198.8601579964161 22.78846199810505 0
    endloop
  endfacet
  facet normal 0 0 -1
    outer loop
      vertex 191.3892330005765 23.38255900144577 0
      vertex 191.3913789987564 23.396450996398926 0
      vertex 198.8601579964161 22.78846199810505 0
    endloop
  endfacet
  facet normal 0 0 -1
    outer loop
      vertex 313.6378180012107 56.66262699663639 0
      vertex 312.77653799951077 56.47333899885416 0
      vertex 294.0562710016966 54.625 0
    endloop
  endfacet
  facet normal 0 0 -1
    outer loop
      vertex 314.0324349999428 56.75490599870682 0
      vertex 313.6378180012107 56.66262699663639 0
      vertex 294.0562710016966 54.625 0
    endloop
  endfacet
  facet normal 0 0 -1
    outer loop
      vertex 188.69164799898863 56.73928999900818 0
      vertex 314.0324349999428 56.75490599870682 0
      vertex 294.0562710016966 54.625 0
    endloop
  endfacet
  facet normal 0 0 -1
    outer loop
      vertex 188.6908010020852 56.725258998572826 0
      vertex 188.69164799898863 56.73928999900818 0
      vertex 294.0562710016966 54.625 0
    endloop
  endfacet
  facet normal 0 0 -1
    outer loop
      vertex 154.1847120001912 80.8005589991808 0
      vertex 154.59635899960995 80.89677300304174 0
      vertex 170.63976299762726 82.70379099994898 0
    endloop
  endfacet
  facet normal 0 0 -1
    outer loop
      vertex 278.6647500023246 59.50999999791384 0
      vertex 314.0324349999428 56.75490599870682 0
      vertex 188.69164799898863 56.73928999900818 0
    endloop
  endfacet
  facet normal 0 0 -1
    outer loop
      vertex 278.6647500023246 59.50999999791384 0
      vertex 188.69164799898863 56.73928999900818 0
      vertex 188.67776799947023 56.74150899797678 0
    endloop
  endfacet
  facet normal 0 0 -1
    outer loop
      vertex 172.0701930001378 82.72047699987888 0
      vertex 185.96534500271082 81.27107100188732 0
      vertex 187.36153800040483 80.95953900367022 0
    endloop
  endfacet
  facet normal 0 0 -1
    outer loop
      vertex 282.4677290022373 78.72500000149012 0
      vertex 301.2002710029483 78.72500000149012 0
      vertex 315.50225000083447 77.19412499666214 0
    endloop
  endfacet
  facet normal 0 0 -1
    outer loop
      vertex 282.4677290022373 78.72500000149012 0
      vertex 315.50225000083447 77.19412499666214 0
      vertex 183.51632700115442 76.31916400045156 0
    endloop
  endfacet
  facet normal 0 0 -1
    outer loop
      vertex 282.45307099819183 78.72572000324726 0
      vertex 282.4677290022373 78.72500000149012 0
      vertex 183.51632700115442 76.31916400045156 0
    endloop
  endfacet
  facet normal 0 0 -1
    outer loop
      vertex 282.45146200060844 78.72595900297165 0
      vertex 282.45307099819183 78.72572000324726 0
      vertex 183.51632700115442 76.31916400045156 0
    endloop
  endfacet
  facet normal 0 0 -1
    outer loop
      vertex 282.45146200060844 78.72595900297165 0
      vertex 183.51632700115442 76.31916400045156 0
      vertex 183.5024550035596 76.32143100351095 0
    endloop
  endfacet
  facet normal 0 0 -1
    outer loop
      vertex 153.3234319984913 80.61127100139856 0
      vertex 154.1847120001912 80.8005589991808 0
      vertex 170.63976299762726 82.70379099994898 0
    endloop
  endfacet
  facet normal 0 0 -1
    outer loop
      vertex 152.9288149997592 80.51899299770594 0
      vertex 153.3234319984913 80.61127100139856 0
      vertex 170.63976299762726 82.70379099994898 0
    endloop
  endfacet
  facet normal 0 0 -1
    outer loop
      vertex 152.9002280011773 80.51186200231314 0
      vertex 152.9288149997592 80.51899299770594 0
      vertex 170.63976299762726 82.70379099994898 0
    endloop
  endfacet
  facet normal 0 0 -1
    outer loop
      vertex 152.55083499848843 80.41922300308943 0
      vertex 152.9002280011773 80.51186200231314 0
      vertex 170.63976299762726 82.70379099994898 0
    endloop
  endfacet
  facet normal 0 0 -1
    outer loop
      vertex 152.50132799893618 80.40472099930048 0
      vertex 152.55083499848843 80.41922300308943 0
      vertex 170.63976299762726 82.70379099994898 0
    endloop
  endfacet
  facet normal 0 0 -1
    outer loop
      vertex 152.21906200051308 80.31406299769878 0
      vertex 152.50132799893618 80.40472099930048 0
      vertex 170.63976299762726 82.70379099994898 0
    endloop
  endfacet
  facet normal 0 0 -1
    outer loop
      vertex 152.13774199783802 80.28399699926376 0
      vertex 152.21906200051308 80.31406299769878 0
      vertex 170.63976299762726 82.70379099994898 0
    endloop
  endfacet
  facet normal 0 0 -1
    outer loop
      vertex 152.07188700139523 80.25634799897671 0
      vertex 152.13774199783802 80.28399699926376 0
      vertex 170.63976299762726 82.70379099994898 0
    endloop
  endfacet
  facet normal 0 0 -1
    outer loop
      vertex 151.98372799903154 80.21415500342846 0
      vertex 152.07188700139523 80.25634799897671 0
      vertex 170.63976299762726 82.70379099994898 0
    endloop
  endfacet
  facet normal 0 0 -1
    outer loop
      vertex 151.90010900050402 80.16355700045824 0
      vertex 151.98372799903154 80.21415500342846 0
      vertex 170.63976299762726 82.70379099994898 0
    endloop
  endfacet
  facet normal 0 0 -1
    outer loop
      vertex 151.82182899862528 80.10503800213337 0
      vertex 151.90010900050402 80.16355700045824 0
      vertex 170.63976299762726 82.70379099994898 0
    endloop
  endfacet
  facet normal 0 0 -1
    outer loop
      vertex 151.74963500350714 80.03915700316429 0
      vertex 151.82182899862528 80.10503800213337 0
      vertex 170.63976299762726 82.70379099994898 0
    endloop
  endfacet
  facet normal 0 0 -1
    outer loop
      vertex 151.6842169985175 79.96654199808836 0
      vertex 151.74963500350714 80.03915700316429 0
      vertex 170.63976299762726 82.70379099994898 0
    endloop
  endfacet
  facet normal 0 0 -1
    outer loop
      vertex 151.62619999796152 79.8878889977932 0
      vertex 151.6842169985175 79.96654199808836 0
      vertex 170.63976299762726 82.70379099994898 0
    endloop
  endfacet
  facet normal 0 0 -1
    outer loop
      vertex 151.57613799721003 79.80394800007343 0
      vertex 151.62619999796152 79.8878889977932 0
      vertex 170.63976299762726 82.70379099994898 0
    endloop
  endfacet
  facet normal 0 0 -1
    outer loop
      vertex 151.53450900316238 79.71552100032568 0
      vertex 151.57613799721003 79.80394800007343 0
      vertex 170.63976299762726 82.70379099994898 0
    endloop
  endfacet
  facet normal 0 0 -1
    outer loop
      vertex 151.50171200186014 79.62345200031996 0
      vertex 151.53450900316238 79.71552100032568 0
      vertex 170.63976299762726 82.70379099994898 0
    endloop
  endfacet
  facet normal 0 0 -1
    outer loop
      vertex 151.47805900126696 79.52862100303173 0
      vertex 151.50171200186014 79.62345200031996 0
      vertex 170.63976299762726 82.70379099994898 0
    endloop
  endfacet
  facet normal 0 0 -1
    outer loop
      vertex 151.46377599984407 79.43193499743938 0
      vertex 151.47805900126696 79.52862100303173 0
      vertex 170.63976299762726 82.70379099994898 0
    endloop
  endfacet
  facet normal 0 0 -1
    outer loop
      vertex 151.4589999988675 79.33431600034237 0
      vertex 151.46377599984407 79.43193499743938 0
      vertex 170.63976299762726 82.70379099994898 0
    endloop
  endfacet
  facet normal 0 0 -1
    outer loop
      vertex 151.4589999988675 60.079773001372814 0
      vertex 151.4589999988675 79.33431600034237 0
      vertex 170.63976299762726 82.70379099994898 0
    endloop
  endfacet
  facet normal 0 0 -1
    outer loop
      vertex 151.46377599984407 59.98215399682522 0
      vertex 151.4589999988675 60.079773001372814 0
      vertex 170.63976299762726 82.70379099994898 0
    endloop
  endfacet
  facet normal 0 0 -1
    outer loop
      vertex 151.47805900126696 59.88546700030565 0
      vertex 151.46377599984407 59.98215399682522 0
      vertex 170.63976299762726 82.70379099994898 0
    endloop
  endfacet
  facet normal 0 0 -1
    outer loop
      vertex 151.50171200186014 59.790637001395226 0
      vertex 151.47805900126696 59.88546700030565 0
      vertex 170.63976299762726 82.70379099994898 0
    endloop
  endfacet
  facet normal 0 0 -1
    outer loop
      vertex 151.53450900316238 59.6985680013895 0
      vertex 151.50171200186014 59.790637001395226 0
      vertex 170.63976299762726 82.70379099994898 0
    endloop
  endfacet
  facet normal 0 0 -1
    outer loop
      vertex 151.57613799721003 59.61014100164175 0
      vertex 151.53450900316238 59.6985680013895 0
      vertex 170.63976299762726 82.70379099994898 0
    endloop
  endfacet
  facet normal 0 0 -1
    outer loop
      vertex 151.62619999796152 59.526198998093605 0
      vertex 151.57613799721003 59.61014100164175 0
      vertex 170.63976299762726 82.70379099994898 0
    endloop
  endfacet
  facet normal 0 0 -1
    outer loop
      vertex 151.6842169985175 59.44754599779844 0
      vertex 151.62619999796152 59.526198998093605 0
      vertex 170.63976299762726 82.70379099994898 0
    endloop
  endfacet
  facet normal 0 0 -1
    outer loop
      vertex 151.74963500350714 59.37493199855089 0
      vertex 151.6842169985175 59.44754599779844 0
      vertex 170.63976299762726 82.70379099994898 0
    endloop
  endfacet
  facet normal 0 0 -1
    outer loop
      vertex 151.82182899862528 59.309050999581814 0
      vertex 151.74963500350714 59.37493199855089 0
      vertex 170.63976299762726 82.70379099994898 0
    endloop
  endfacet
  facet normal 0 0 -1
    outer loop
      vertex 151.90010900050402 59.25053200125694 0
      vertex 151.82182899862528 59.309050999581814 0
      vertex 170.63976299762726 82.70379099994898 0
    endloop
  endfacet
  facet normal 0 0 -1
    outer loop
      vertex 151.98372799903154 59.199933998286724 0
      vertex 151.90010900050402 59.25053200125694 0
      vertex 170.63976299762726 82.70379099994898 0
    endloop
  endfacet
  facet normal 0 0 -1
    outer loop
      vertex 152.07188700139523 59.157741002738476 0
      vertex 151.98372799903154 59.199933998286724 0
      vertex 170.63976299762726 82.70379099994898 0
    endloop
  endfacet
  facet normal 0 0 -1
    outer loop
      vertex 152.13774199783802 59.13009099662304 0
      vertex 152.07188700139523 59.157741002738476 0
      vertex 170.63976299762726 82.70379099994898 0
    endloop
  endfacet
  facet normal 0 0 -1
    outer loop
      vertex 152.21906200051308 59.10002599656582 0
      vertex 152.13774199783802 59.13009099662304 0
      vertex 170.63976299762726 82.70379099994898 0
    endloop
  endfacet
  facet normal 0 0 -1
    outer loop
      vertex 152.50132799893618 59.0093680024147 0
      vertex 152.21906200051308 59.10002599656582 0
      vertex 170.63976299762726 82.70379099994898 0
    endloop
  endfacet
  facet normal 0 0 -1
    outer loop
      vertex 152.55083499848843 58.994865000247955 0
      vertex 152.50132799893618 59.0093680024147 0
      vertex 170.63976299762726 82.70379099994898 0
    endloop
  endfacet
  facet normal 0 0 -1
    outer loop
      vertex 152.9002280011773 58.902226001024246 0
      vertex 152.55083499848843 58.994865000247955 0
      vertex 170.63976299762726 82.70379099994898 0
    endloop
  endfacet
  facet normal 0 0 -1
    outer loop
      vertex 152.9288149997592 58.895095996558666 0
      vertex 152.9002280011773 58.902226001024246 0
      vertex 170.63976299762726 82.70379099994898 0
    endloop
  endfacet
  facet normal 0 0 -1
    outer loop
      vertex 153.3234319984913 58.80281700193882 0
      vertex 152.9288149997592 58.895095996558666 0
      vertex 170.63976299762726 82.70379099994898 0
    endloop
  endfacet
  facet normal 0 0 -1
    outer loop
      vertex 154.1847120001912 58.61352899670601 0
      vertex 153.3234319984913 58.80281700193882 0
      vertex 170.63976299762726 82.70379099994898 0
    endloop
  endfacet
  facet normal 0 0 -1
    outer loop
      vertex 154.59635899960995 58.51731500029564 0
      vertex 154.1847120001912 58.61352899670601 0
      vertex 170.63976299762726 82.70379099994898 0
    endloop
  endfacet
  facet normal 0 0 -1
    outer loop
      vertex 154.6106510013342 58.51375000178814 0
      vertex 154.59635899960995 58.51731500029564 0
      vertex 170.63976299762726 82.70379099994898 0
    endloop
  endfacet
  facet normal 0 0 -1
    outer loop
      vertex 154.97963699698448 58.41591700166464 0
      vertex 154.6106510013342 58.51375000178814 0
      vertex 170.63976299762726 82.70379099994898 0
    endloop
  endfacet
  facet normal 0 0 -1
    outer loop
      vertex 155.00438699871302 58.408665999770164 0
      vertex 154.97963699698448 58.41591700166464 0
      vertex 170.63976299762726 82.70379099994898 0
    endloop
  endfacet
  facet normal 0 0 -1
    outer loop
      vertex 155.3196040019393 58.3074249997735 0
      vertex 155.00438699871302 58.408665999770164 0
      vertex 170.63976299762726 82.70379099994898 0
    endloop
  endfacet
  facet normal 0 0 -1
    outer loop
      vertex 155.36024399846792 58.29240000247955 0
      vertex 155.3196040019393 58.3074249997735 0
      vertex 170.63976299762726 82.70379099994898 0
    endloop
  endfacet
  facet normal 0 0 -1
    outer loop
      vertex 155.43645799905062 58.260402001440525 0
      vertex 155.36024399846792 58.29240000247955 0
      vertex 170.63976299762726 82.70379099994898 0
    endloop
  endfacet
  facet normal 0 0 -1
    outer loop
      vertex 155.45784100145102 58.2501669973135 0
      vertex 155.43645799905062 58.260402001440525 0
      vertex 170.63976299762726 82.70379099994898 0
    endloop
  endfacet
  facet normal 0 0 -1
    outer loop
      vertex 155.4589999988675 58.22648900002241 0
      vertex 155.45784100145102 58.2501669973135 0
      vertex 170.63976299762726 82.70379099994898 0
    endloop
  endfacet
  facet normal 0 0 -1
    outer loop
      vertex 155.4589999988675 42.66417499631643 0
      vertex 155.4589999988675 58.22648900002241 0
      vertex 170.63976299762726 82.70379099994898 0
    endloop
  endfacet
  facet normal 0 0 -1
    outer loop
      vertex 155.45784100145102 42.640496999025345 0
      vertex 155.4589999988675 42.66417499631643 0
      vertex 170.63976299762726 82.70379099994898 0
    endloop
  endfacet
  facet normal 0 0 -1
    outer loop
      vertex 204.93912000209093 -2.254628002643585 0
      vertex 204.8415789976716 -2.2812639996409416 0
      vertex 204.74184600263834 -2.2979129999876022 0
    endloop
  endfacet
  facet normal 0 0 -1
    outer loop
      vertex 204.94580399990082 -2.2520530000329018 0
      vertex 204.93912000209093 -2.254628002643585 0
      vertex 204.74184600263834 -2.2979129999876022 0
    endloop
  endfacet
  facet normal 0 0 -1
    outer loop
      vertex 204.94580399990082 -2.2520530000329018 0
      vertex 204.74184600263834 -2.2979129999876022 0
      vertex 204.64094299823046 -2.304406002163887 0
    endloop
  endfacet
  facet normal 0 0 -1
    outer loop
      vertex 204.94580399990082 -2.2520530000329018 0
      vertex 204.64094299823046 -2.304406002163887 0
      vertex 204.53989899903536 -2.300676003098488 0
    endloop
  endfacet
  facet normal 0 0 -1
    outer loop
      vertex 204.94580399990082 -2.2520530000329018 0
      vertex 204.53989899903536 -2.300676003098488 0
      vertex 202.90503100305796 -2.1572979986667633 0
    endloop
  endfacet
  facet normal 0 0 -1
    outer loop
      vertex 204.99012699723244 -2.2375190034508705 0
      vertex 204.94580399990082 -2.2520530000329018 0
      vertex 202.90503100305796 -2.1572979986667633 0
    endloop
  endfacet
  facet normal 0 0 -1
    outer loop
      vertex 201.69209899753332 -2.090029001235962 0
      vertex 201.59529999643564 -2.0610530003905296 0
      vertex 201.57057999819517 -2.050834998488426 0
    endloop
  endfacet
  facet normal 0 0 -1
    outer loop
      vertex 201.7913289964199 -2.1090880036354065 0
      vertex 201.69209899753332 -2.090029001235962 0
      vertex 201.57057999819517 -2.050834998488426 0
    endloop
  endfacet
  facet normal 0 0 -1
    outer loop
      vertex 201.89197599887848 -2.1180370002985 0
      vertex 201.7913289964199 -2.1090880036354065 0
      vertex 201.57057999819517 -2.050834998488426 0
    endloop
  endfacet
  facet normal 0 0 -1
    outer loop
      vertex 202.88041599839926 -2.155749998986721 0
      vertex 201.89197599887848 -2.1180370002985 0
      vertex 201.57057999819517 -2.050834998488426 0
    endloop
  endfacet
  facet normal 0 0 -1
    outer loop
      vertex 202.88041599839926 -2.155749998986721 0
      vertex 201.57057999819517 -2.050834998488426 0
      vertex 201.5358299985528 -2.038502000272274 0
    endloop
  endfacet
  facet normal 0 0 -1
    outer loop
      vertex 235.38278000056744 98.14882200211287 0
      vertex 235.45871199667454 98.16138599812984 0
      vertex 235.55930499732494 98.1677469983697 0
    endloop
  endfacet
  facet normal 0 0 -1
    outer loop
      vertex 155.57707899808884 2.095071002840996 0
      vertex 155.5351200029254 2.1837840005755424 0
      vertex 155.50206000357866 2.2761830016970634 0
    endloop
  endfacet
  facet normal 0 0 -1
    outer loop
      vertex 155.57707899808884 2.095071002840996 0
      vertex 155.50206000357866 2.2761830016970634 0
      vertex 155.4782150015235 2.3713769987225533 0
    endloop
  endfacet
  facet normal 0 0 -1
    outer loop
      vertex 155.62753000110388 2.0108980014920235 0
      vertex 155.57707899808884 2.095071002840996 0
      vertex 155.4782150015235 2.3713769987225533 0
    endloop
  endfacet
  facet normal 0 0 -1
    outer loop
      vertex 155.685989998281 1.9320740029215813 0
      vertex 155.62753000110388 2.0108980014920235 0
      vertex 155.4782150015235 2.3713769987225533 0
    endloop
  endfacet
  facet normal 0 0 -1
    outer loop
      vertex 155.75189299881458 1.8593610003590584 0
      vertex 155.685989998281 1.9320740029215813 0
      vertex 155.4782150015235 2.3713769987225533 0
    endloop
  endfacet
  facet normal 0 0 -1
    outer loop
      vertex 155.8246069997549 1.7934570014476776 0
      vertex 155.75189299881458 1.8593610003590584 0
      vertex 155.4782150015235 2.3713769987225533 0
    endloop
  endfacet
  facet normal 0 0 -1
    outer loop
      vertex 155.90342999994755 1.7349980026483536 0
      vertex 155.8246069997549 1.7934570014476776 0
      vertex 155.4782150015235 2.3713769987225533 0
    endloop
  endfacet
  facet normal 0 0 -1
    outer loop
      vertex 155.90342999994755 1.7349980026483536 0
      vertex 155.4782150015235 2.3713769987225533 0
      vertex 155.4638150036335 2.468451000750065 0
    endloop
  endfacet
  facet normal 0 0 -1
    outer loop
      vertex 155.90342999994755 1.7349980026483536 0
      vertex 155.4638150036335 2.468451000750065 0
      vertex 155.4589999988675 2.5664680004119873 0
    endloop
  endfacet
  facet normal 0 0 -1
    outer loop
      vertex 155.98760300129652 1.6845460012555122 0
      vertex 155.90342999994755 1.7349980026483536 0
      vertex 155.4589999988675 2.5664680004119873 0
    endloop
  endfacet
  facet normal 0 0 -1
    outer loop
      vertex 156.07631699740887 1.642587997019291 0
      vertex 155.98760300129652 1.6845460012555122 0
      vertex 155.4589999988675 2.5664680004119873 0
    endloop
  endfacet
  facet normal 0 0 -1
    outer loop
      vertex 156.1687150001526 1.6095269992947578 0
      vertex 156.07631699740887 1.642587997019291 0
      vertex 155.4589999988675 2.5664680004119873 0
    endloop
  endfacet
  facet normal 0 0 -1
    outer loop
      vertex 156.26391000300646 1.5856819972395897 0
      vertex 156.1687150001526 1.6095269992947578 0
      vertex 155.4589999988675 2.5664680004119873 0
    endloop
  endfacet
  facet normal 0 0 -1
    outer loop
      vertex 156.3609829992056 1.571282997727394 0
      vertex 156.26391000300646 1.5856819972395897 0
      vertex 155.4589999988675 2.5664680004119873 0
    endloop
  endfacet
  facet normal 0 0 -1
    outer loop
      vertex 156.4589999988675 1.5664680004119873 0
      vertex 156.3609829992056 1.571282997727394 0
      vertex 155.4589999988675 2.5664680004119873 0
    endloop
  endfacet
  facet normal 0 0 -1
    outer loop
      vertex 156.4589999988675 1.5664680004119873 0
      vertex 155.4589999988675 2.5664680004119873 0
      vertex 155.4589999988675 19.703064002096653 0
    endloop
  endfacet
  facet normal 0 0 -1
    outer loop
      vertex 165.4306309968233 1.5664680004119873 0
      vertex 156.4589999988675 1.5664680004119873 0
      vertex 155.4589999988675 19.703064002096653 0
    endloop
  endfacet
  facet normal 0 0 -1
    outer loop
      vertex 165.4871869981289 1.5632560029625893 0
      vertex 165.4306309968233 1.5664680004119873 0
      vertex 155.4589999988675 19.703064002096653 0
    endloop
  endfacet
  facet normal 0 0 -1
    outer loop
      vertex 165.4871869981289 1.5632560029625893 0
      vertex 155.4589999988675 19.703064002096653 0
      vertex 155.45784100145102 19.72674299776554 0
    endloop
  endfacet
  facet normal 0 0 -1
    outer loop
      vertex 268.0504409968853 92.70744399726391 0
      vertex 267.99155899882317 92.70744399726391 0
      vertex 267.93296200037 92.71321599930525 0
    endloop
  endfacet
  facet normal 0 0 -1
    outer loop
      vertex 268.109038002789 92.71321599930525 0
      vertex 268.0504409968853 92.70744399726391 0
      vertex 267.93296200037 92.71321599930525 0
    endloop
  endfacet
  facet normal 0 0 -1
    outer loop
      vertex 268.16346199810505 92.72404100000858 0
      vertex 268.109038002789 92.71321599930525 0
      vertex 267.93296200037 92.71321599930525 0
    endloop
  endfacet
  facet normal 0 0 -1
    outer loop
      vertex 268.16346199810505 92.72404100000858 0
      vertex 267.93296200037 92.71321599930525 0
      vertex 267.8785379976034 92.72404100000858 0
    endloop
  endfacet
  facet normal 0 0 -1
    outer loop
      vertex 268.16346199810505 92.72404100000858 0
      vertex 267.8785379976034 92.72404100000858 0
      vertex 267.87692900002 92.72427999973297 0
    endloop
  endfacet
  facet normal 0 0 -1
    outer loop
      vertex 268.165071003139 92.72427999973297 0
      vertex 268.16346199810505 92.72404100000858 0
      vertex 267.87692900002 92.72427999973297 0
    endloop
  endfacet
  facet normal 0 0 -1
    outer loop
      vertex 282.3384409993887 92.70744399726391 0
      vertex 282.27955900132656 92.70744399726391 0
      vertex 282.2209620028734 92.71321599930525 0
    endloop
  endfacet
  facet normal 0 0 -1
    outer loop
      vertex 282.39703799784184 92.71321599930525 0
      vertex 282.3384409993887 92.70744399726391 0
      vertex 282.2209620028734 92.71321599930525 0
    endloop
  endfacet
  facet normal 0 0 -1
    outer loop
      vertex 282.39703799784184 92.71321599930525 0
      vertex 282.2209620028734 92.71321599930525 0
      vertex 282.1665380001068 92.72404100000858 0
    endloop
  endfacet
  facet normal 0 0 -1
    outer loop
      vertex 282.45146200060844 92.72404100000858 0
      vertex 282.39703799784184 92.71321599930525 0
      vertex 282.1665380001068 92.72404100000858 0
    endloop
  endfacet
  facet normal 0 0 -1
    outer loop
      vertex 282.45146200060844 92.72404100000858 0
      vertex 282.1665380001068 92.72404100000858 0
      vertex 282.1649290025234 92.72427999973297 0
    endloop
  endfacet
  facet normal 0 0 -1
    outer loop
      vertex 282.27955900132656 78.74255599826574 0
      vertex 282.3384409993887 78.74255599826574 0
      vertex 282.39703799784184 78.73678400367498 0
    endloop
  endfacet
  facet normal 0 0 -1
    outer loop
      vertex 282.2209620028734 78.73678400367498 0
      vertex 282.27955900132656 78.74255599826574 0
      vertex 282.39703799784184 78.73678400367498 0
    endloop
  endfacet
  facet normal 0 0 -1
    outer loop
      vertex 282.2209620028734 78.73678400367498 0
      vertex 282.39703799784184 78.73678400367498 0
      vertex 282.45146200060844 78.72595900297165 0
    endloop
  endfacet
  facet normal 0 0 -1
    outer loop
      vertex 282.1665380001068 78.72595900297165 0
      vertex 282.2209620028734 78.73678400367498 0
      vertex 282.45146200060844 78.72595900297165 0
    endloop
  endfacet
  facet normal 0 0 -1
    outer loop
      vertex 282.1649290025234 78.72572000324726 0
      vertex 282.1665380001068 78.72595900297165 0
      vertex 282.45146200060844 78.72595900297165 0
    endloop
  endfacet
  facet normal 0 0 -1
    outer loop
      vertex 267.93296200037 78.73678400367498 0
      vertex 267.99155899882317 78.74255599826574 0
      vertex 268.0504409968853 78.74255599826574 0
    endloop
  endfacet
  facet normal 0 0 -1
    outer loop
      vertex 267.93296200037 78.73678400367498 0
      vertex 268.0504409968853 78.74255599826574 0
      vertex 268.109038002789 78.73678400367498 0
    endloop
  endfacet
  facet normal 0 0 -1
    outer loop
      vertex 267.93296200037 78.73678400367498 0
      vertex 268.109038002789 78.73678400367498 0
      vertex 268.16346199810505 78.72595900297165 0
    endloop
  endfacet
  facet normal 0 0 -1
    outer loop
      vertex 267.8785379976034 78.72595900297165 0
      vertex 267.93296200037 78.73678400367498 0
      vertex 268.16346199810505 78.72595900297165 0
    endloop
  endfacet
  facet normal 0 0 -1
    outer loop
      vertex 267.87692900002 78.72572000324726 0
      vertex 267.8785379976034 78.72595900297165 0
      vertex 268.16346199810505 78.72595900297165 0
    endloop
  endfacet
  facet normal 0 0 -1
    outer loop
      vertex 267.87692900002 78.72572000324726 0
      vertex 268.16346199810505 78.72595900297165 0
      vertex 268.165071003139 78.72572000324726 0
    endloop
  endfacet
  facet normal 0 0 -1
    outer loop
      vertex 151.57613799721003 21.086716003715992 0
      vertex 151.53450900316238 21.175143003463745 0
      vertex 151.50171200186014 21.267212003469467 0
    endloop
  endfacet
  facet normal 0 0 -1
    outer loop
      vertex 151.57613799721003 21.086716003715992 0
      vertex 151.50171200186014 21.267212003469467 0
      vertex 151.47805900126696 21.362043000757694 0
    endloop
  endfacet
  facet normal 0 0 -1
    outer loop
      vertex 151.62619999796152 21.002774998545647 0
      vertex 151.57613799721003 21.086716003715992 0
      vertex 151.47805900126696 21.362043000757694 0
    endloop
  endfacet
  facet normal 0 0 -1
    outer loop
      vertex 151.6842169985175 20.924121998250484 0
      vertex 151.62619999796152 21.002774998545647 0
      vertex 151.47805900126696 21.362043000757694 0
    endloop
  endfacet
  facet normal 0 0 -1
    outer loop
      vertex 151.74963500350714 20.851507999002934 0
      vertex 151.6842169985175 20.924121998250484 0
      vertex 151.47805900126696 21.362043000757694 0
    endloop
  endfacet
  facet normal 0 0 -1
    outer loop
      vertex 151.74963500350714 20.851507999002934 0
      vertex 151.47805900126696 21.362043000757694 0
      vertex 151.46377599984407 21.45872899889946 0
    endloop
  endfacet
  facet normal 0 0 -1
    outer loop
      vertex 151.74963500350714 20.851507999002934 0
      vertex 151.46377599984407 21.45872899889946 0
      vertex 151.4589999988675 21.556348003447056 0
    endloop
  endfacet
  facet normal 0 0 -1
    outer loop
      vertex 151.82182899862528 20.785626001656055 0
      vertex 151.74963500350714 20.851507999002934 0
      vertex 151.4589999988675 21.556348003447056 0
    endloop
  endfacet
  facet normal 0 0 -1
    outer loop
      vertex 151.90010900050402 20.727107003331184 0
      vertex 151.82182899862528 20.785626001656055 0
      vertex 151.4589999988675 21.556348003447056 0
    endloop
  endfacet
  facet normal 0 0 -1
    outer loop
      vertex 151.98372799903154 20.676509000360966 0
      vertex 151.90010900050402 20.727107003331184 0
      vertex 151.4589999988675 21.556348003447056 0
    endloop
  endfacet
  facet normal 0 0 -1
    outer loop
      vertex 152.07188700139523 20.634315997362137 0
      vertex 151.98372799903154 20.676509000360966 0
      vertex 151.4589999988675 21.556348003447056 0
    endloop
  endfacet
  facet normal 0 0 -1
    outer loop
      vertex 152.13774199783802 20.60666699707508 0
      vertex 152.07188700139523 20.634315997362137 0
      vertex 151.4589999988675 21.556348003447056 0
    endloop
  endfacet
  facet normal 0 0 -1
    outer loop
      vertex 152.13774199783802 20.60666699707508 0
      vertex 151.4589999988675 21.556348003447056 0
      vertex 151.4589999988675 40.81089100241661 0
    endloop
  endfacet
  facet normal 0 0 -1
    outer loop
      vertex 152.21906200051308 20.57660099864006 0
      vertex 152.13774199783802 20.60666699707508 0
      vertex 151.4589999988675 40.81089100241661 0
    endloop
  endfacet
  facet normal 0 0 -1
    outer loop
      vertex 152.50132799893618 20.485944002866745 0
      vertex 152.21906200051308 20.57660099864006 0
      vertex 151.4589999988675 40.81089100241661 0
    endloop
  endfacet
  facet normal 0 0 -1
    outer loop
      vertex 152.55083499848843 20.471441000699997 0
      vertex 152.50132799893618 20.485944002866745 0
      vertex 151.4589999988675 40.81089100241661 0
    endloop
  endfacet
  facet normal 0 0 -1
    outer loop
      vertex 152.9002280011773 20.378802001476288 0
      vertex 152.55083499848843 20.471441000699997 0
      vertex 151.4589999988675 40.81089100241661 0
    endloop
  endfacet
  facet normal 0 0 -1
    outer loop
      vertex 152.9288149997592 20.371670998632908 0
      vertex 152.9002280011773 20.378802001476288 0
      vertex 151.4589999988675 40.81089100241661 0
    endloop
  endfacet
  facet normal 0 0 -1
    outer loop
      vertex 153.3234319984913 20.27939300239086 0
      vertex 152.9288149997592 20.371670998632908 0
      vertex 151.4589999988675 40.81089100241661 0
    endloop
  endfacet
  facet normal 0 0 -1
    outer loop
      vertex 154.1847120001912 20.09010499715805 0
      vertex 153.3234319984913 20.27939300239086 0
      vertex 151.4589999988675 40.81089100241661 0
    endloop
  endfacet
  facet normal 0 0 -1
    outer loop
      vertex 154.59635899960995 19.99389100074768 0
      vertex 154.1847120001912 20.09010499715805 0
      vertex 151.4589999988675 40.81089100241661 0
    endloop
  endfacet
  facet normal 0 0 -1
    outer loop
      vertex 154.6106510013342 19.99032600224018 0
      vertex 154.59635899960995 19.99389100074768 0
      vertex 151.4589999988675 40.81089100241661 0
    endloop
  endfacet
  facet normal 0 0 -1
    outer loop
      vertex 154.97963699698448 19.8924919962883 0
      vertex 154.6106510013342 19.99032600224018 0
      vertex 151.4589999988675 40.81089100241661 0
    endloop
  endfacet
  facet normal 0 0 -1
    outer loop
      vertex 155.00438699871302 19.885242000222206 0
      vertex 154.97963699698448 19.8924919962883 0
      vertex 151.4589999988675 40.81089100241661 0
    endloop
  endfacet
  facet normal 0 0 -1
    outer loop
      vertex 155.3196040019393 19.784001000225544 0
      vertex 155.00438699871302 19.885242000222206 0
      vertex 151.4589999988675 40.81089100241661 0
    endloop
  endfacet
  facet normal 0 0 -1
    outer loop
      vertex 155.36024399846792 19.768974997103214 0
      vertex 155.3196040019393 19.784001000225544 0
      vertex 151.4589999988675 40.81089100241661 0
    endloop
  endfacet
  facet normal 0 0 -1
    outer loop
      vertex 155.43645799905062 19.736977003514767 0
      vertex 155.36024399846792 19.768974997103214 0
      vertex 151.4589999988675 40.81089100241661 0
    endloop
  endfacet
  facet normal 0 0 -1
    outer loop
      vertex 155.45784100145102 19.72674299776554 0
      vertex 155.43645799905062 19.736977003514767 0
      vertex 151.4589999988675 40.81089100241661 0
    endloop
  endfacet
  facet normal 0 0 -1
    outer loop
      vertex 165.4871869981289 1.5632560029625893 0
      vertex 155.45784100145102 19.72674299776554 0
      vertex 151.4589999988675 40.81089100241661 0
    endloop
  endfacet
  facet normal 0 0 -1
    outer loop
      vertex 165.4871869981289 1.5632560029625893 0
      vertex 151.4589999988675 40.81089100241661 0
      vertex 151.46377599984407 40.908509999513626 0
    endloop
  endfacet
  facet normal 0 0 -1
    outer loop
      vertex 165.4871869981289 1.5632560029625893 0
      vertex 151.46377599984407 40.908509999513626 0
      vertex 151.47805900126696 41.00519700348377 0
    endloop
  endfacet
  facet normal 0 0 -1
    outer loop
      vertex 165.4871869981289 1.5632560029625893 0
      vertex 151.47805900126696 41.00519700348377 0
      vertex 151.50171200186014 41.100028000772 0
    endloop
  endfacet
  facet normal 0 0 -1
    outer loop
      vertex 165.4871869981289 1.5632560029625893 0
      vertex 151.50171200186014 41.100028000772 0
      vertex 151.53450900316238 41.19209600239992 0
    endloop
  endfacet
  facet normal 0 0 -1
    outer loop
      vertex 165.4871869981289 1.5632560029625893 0
      vertex 151.53450900316238 41.19209600239992 0
      vertex 151.57613799721003 41.280524000525475 0
    endloop
  endfacet
  facet normal 0 0 -1
    outer loop
      vertex 165.4871869981289 1.5632560029625893 0
      vertex 151.57613799721003 41.280524000525475 0
      vertex 151.62619999796152 41.36446499824524 0
    endloop
  endfacet
  facet normal 0 0 -1
    outer loop
      vertex 165.4871869981289 1.5632560029625893 0
      vertex 151.62619999796152 41.36446499824524 0
      vertex 151.6842169985175 41.4431179985404 0
    endloop
  endfacet
  facet normal 0 0 -1
    outer loop
      vertex 165.4871869981289 1.5632560029625893 0
      vertex 151.6842169985175 41.4431179985404 0
      vertex 151.74963500350714 41.51573199778795 0
    endloop
  endfacet
  facet normal 0 0 -1
    outer loop
      vertex 165.4871869981289 1.5632560029625893 0
      vertex 151.74963500350714 41.51573199778795 0
      vertex 151.82182899862528 41.58161299675703 0
    endloop
  endfacet
  facet normal 0 0 -1
    outer loop
      vertex 165.4871869981289 1.5632560029625893 0
      vertex 151.82182899862528 41.58161299675703 0
      vertex 151.90010900050402 41.64013200253248 0
    endloop
  endfacet
  facet normal 0 0 -1
    outer loop
      vertex 165.4871869981289 1.5632560029625893 0
      vertex 151.90010900050402 41.64013200253248 0
      vertex 151.98372799903154 41.69072999805212 0
    endloop
  endfacet
  facet normal 0 0 -1
    outer loop
      vertex 165.4871869981289 1.5632560029625893 0
      vertex 151.98372799903154 41.69072999805212 0
      vertex 152.07188700139523 41.73292399942875 0
    endloop
  endfacet
  facet normal 0 0 -1
    outer loop
      vertex 165.4871869981289 1.5632560029625893 0
      vertex 152.07188700139523 41.73292399942875 0
      vertex 152.13774199783802 41.760572999715805 0
    endloop
  endfacet
  facet normal 0 0 -1
    outer loop
      vertex 235.38278000056744 98.14882200211287 0
      vertex 235.55930499732494 98.1677469983697 0
      vertex 243.4111369997263 98.26772999763489 0
    endloop
  endfacet
  facet normal 0 0 -1
    outer loop
      vertex 235.3707280009985 98.14741499722004 0
      vertex 235.38278000056744 98.14882200211287 0
      vertex 243.4111369997263 98.26772999763489 0
    endloop
  endfacet
  facet normal 0 0 -1
    outer loop
      vertex 235.3707280009985 98.14741499722004 0
      vertex 243.4111369997263 98.26772999763489 0
      vertex 188.97999600321054 96.47535599768162 0
    endloop
  endfacet
  facet normal 0 0 -1
    outer loop
      vertex 235.34627299755812 98.14697299897671 0
      vertex 235.3707280009985 98.14741499722004 0
      vertex 188.97999600321054 96.47535599768162 0
    endloop
  endfacet
  facet normal 0 0 -1
    outer loop
      vertex 172.25822199881077 98.21960800141096 0
      vertex 235.34627299755812 98.14697299897671 0
      vertex 188.97999600321054 96.47535599768162 0
    endloop
  endfacet
  facet normal 0 0 -1
    outer loop
      vertex 172.25822199881077 98.21960800141096 0
      vertex 188.97999600321054 96.47535599768162 0
      vertex 173.5226550027728 96.64492899924517 0
    endloop
  endfacet
  facet normal 0 0 -1
    outer loop
      vertex 172.25822199881077 98.21960800141096 0
      vertex 173.5226550027728 96.64492899924517 0
      vertex 173.50862000137568 96.6457000002265 0
    endloop
  endfacet
  facet normal 0 0 -1
    outer loop
      vertex 170.63976299762726 82.70379099994898 0
      vertex 172.25822199881077 98.21960800141096 0
      vertex 173.50862000137568 96.6457000002265 0
    endloop
  endfacet
  facet normal 0 0 -1
    outer loop
      vertex 170.63976299762726 82.70379099994898 0
      vertex 173.50862000137568 96.6457000002265 0
      vertex 173.50647699832916 96.63180699944496 0
    endloop
  endfacet
  facet normal 0 0 -1
    outer loop
      vertex 170.63976299762726 82.70379099994898 0
      vertex 173.50647699832916 96.63180699944496 0
      vertex 172.0570710003376 82.73665499687195 0
    endloop
  endfacet
  facet normal 0 0 -1
    outer loop
      vertex 170.63976299762726 82.70379099994898 0
      vertex 172.0570710003376 82.73665499687195 0
      vertex 172.05629999935627 82.7226200029254 0
    endloop
  endfacet
  facet normal 0 0 -1
    outer loop
      vertex 170.63976299762726 82.70379099994898 0
      vertex 172.05629999935627 82.7226200029254 0
      vertex 172.0701930001378 82.72047699987888 0
    endloop
  endfacet
  facet normal 0 0 -1
    outer loop
      vertex 170.63976299762726 82.70379099994898 0
      vertex 172.0701930001378 82.72047699987888 0
      vertex 187.36153800040483 80.95953900367022 0
    endloop
  endfacet
  facet normal 0 0 -1
    outer loop
      vertex 180.26617799699306 -0.16772600263357162 0
      vertex 180.17750500142574 -0.1475299969315529 0
      vertex 180.09103299677372 -0.11936099827289581 0
    endloop
  endfacet
  facet normal 0 0 -1
    outer loop
      vertex 180.35631900280714 -0.17978300154209137 0
      vertex 180.26617799699306 -0.16772600263357162 0
      vertex 180.09103299677372 -0.11936099827289581 0
    endloop
  endfacet
  facet normal 0 0 -1
    outer loop
      vertex 180.35631900280714 -0.17978300154209137 0
      vertex 180.09103299677372 -0.11936099827289581 0
      vertex 180.05320700258017 -0.10310599952936172 0
    endloop
  endfacet
  facet normal 0 0 -1
    outer loop
      vertex 182.2142890021205 -0.3427259996533394 0
      vertex 180.35631900280714 -0.17978300154209137 0
      vertex 180.05320700258017 -0.10310599952936172 0
    endloop
  endfacet
  facet normal 0 0 -1
    outer loop
      vertex 182.2142890021205 -0.3427259996533394 0
      vertex 180.05320700258017 -0.10310599952936172 0
      vertex 180.03135100007057 -0.0950080007314682 0
    endloop
  endfacet
  facet normal 0 0 -1
    outer loop
      vertex 180.424662001431 19.51197300106287 0
      vertex 297.23924999684095 17.96000000089407 0
      vertex 290.23924999684095 17.96000000089407 0
    endloop
  endfacet
  facet normal 0 0 -1
    outer loop
      vertex 180.42375800013542 19.4979460015893 0
      vertex 180.424662001431 19.51197300106287 0
      vertex 290.23924999684095 17.96000000089407 0
    endloop
  endfacet
  facet normal 0 0 -1
    outer loop
      vertex 183.7011620029807 -0.47620899975299835 0
      vertex 183.6126070022583 -0.48593100160360336 0
      vertex 183.52353800088167 -0.4877320006489754 0
    endloop
  endfacet
  facet normal 0 0 -1
    outer loop
      vertex 183.7011620029807 -0.47620899975299835 0
      vertex 183.52353800088167 -0.4877320006489754 0
      vertex 183.43466299772263 -0.48160000145435333 0
    endloop
  endfacet
  facet normal 0 0 -1
    outer loop
      vertex 183.70907600224018 -0.47498100250959396 0
      vertex 183.7011620029807 -0.47620899975299835 0
      vertex 183.43466299772263 -0.48160000145435333 0
    endloop
  endfacet
  facet normal 0 0 -1
    outer loop
      vertex 183.70907600224018 -0.47498100250959396 0
      vertex 183.43466299772263 -0.48160000145435333 0
      vertex 182.22720699757338 -0.344028003513813 0
    endloop
  endfacet
  facet normal 0 0 -1
    outer loop
      vertex 172.5197580009699 39.44894599914551 0
      vertex 172.52066200226545 39.46297299861908 0
      vertex 311.50225000083447 37.31369999796152 0
    endloop
  endfacet
  facet normal 0 0 -1
    outer loop
      vertex 311.50225000083447 37.31369999796152 0
      vertex 172.52066200226545 39.46297299861908 0
      vertex 172.50679100304842 39.46524800360203 0
    endloop
  endfacet
  facet normal 0 0 -1
    outer loop
      vertex 280.0857290029526 40.625 0
      vertex 311.50225000083447 37.31369999796152 0
      vertex 172.50679100304842 39.46524800360203 0
    endloop
  endfacet
  facet normal 0 0 -1
    outer loop
      vertex 280.07169000059366 40.62568999826908 0
      vertex 280.0857290029526 40.625 0
      vertex 172.50679100304842 39.46524800360203 0
    endloop
  endfacet
  facet normal 0 0 -1
    outer loop
      vertex 266.42674999684095 16.524999998509884 0
      vertex 221.78807800263166 16.661363996565342 0
      vertex 221.7740750014782 16.662588998675346 0
    endloop
  endfacet
  facet normal 0 0 -1
    outer loop
      vertex 201.18149899691343 17.579011000692844 0
      vertex 266.42674999684095 16.524999998509884 0
      vertex 221.7740750014782 16.662588998675346 0
    endloop
  endfacet
  facet normal 0 0 -1
    outer loop
      vertex 201.18149899691343 17.579011000692844 0
      vertex 221.7740750014782 16.662588998675346 0
      vertex 207.81369099766016 17.19523199647665 0
    endloop
  endfacet
  facet normal 0 0 -1
    outer loop
      vertex 201.18149899691343 17.579011000692844 0
      vertex 207.81369099766016 17.19523199647665 0
      vertex 207.7996359989047 17.195078000426292 0
    endloop
  endfacet
  facet normal 0 0 -1
    outer loop
      vertex 201.18149899691343 17.579011000692844 0
      vertex 207.7996359989047 17.195078000426292 0
      vertex 207.7984109967947 17.181074999272823 0
    endloop
  endfacet
  facet normal 0 0 -1
    outer loop
      vertex 201.18149899691343 17.579011000692844 0
      vertex 207.7984109967947 17.181074999272823 0
      vertex 207.2657679989934 3.220691002905369 0
    endloop
  endfacet
  facet normal 0 0 -1
    outer loop
      vertex 199.96097099781036 3.6618869975209236 0
      vertex 201.18149899691343 17.579011000692844 0
      vertex 207.2657679989934 3.220691002905369 0
    endloop
  endfacet
  facet normal 0 0 -1
    outer loop
      vertex 199.96097099781036 3.6618869975209236 0
      vertex 207.2657679989934 3.220691002905369 0
      vertex 207.26592200249434 3.206635996699333 0
    endloop
  endfacet
  facet normal 0 0 -1
    outer loop
      vertex 199.95905700325966 3.6479619964957237 0
      vertex 199.96097099781036 3.6618869975209236 0
      vertex 207.26592200249434 3.206635996699333 0
    endloop
  endfacet
  facet normal 0 0 -1
    outer loop
      vertex 311.50225000083447 97.25 0
      vertex 301.2002710029483 92.72500000149012 0
      vertex 224.9361080005765 92.9417729973793 0
    endloop
  endfacet
  facet normal 0 0 -1
    outer loop
      vertex 195.9422219991684 95.74912499636412 0
      vertex 311.50225000083447 97.25 0
      vertex 224.9361080005765 92.9417729973793 0
    endloop
  endfacet
  facet normal 0 0 -1
    outer loop
      vertex 195.9422219991684 95.74912499636412 0
      vertex 224.9361080005765 92.9417729973793 0
      vertex 224.92209699749947 92.94289799779654 0
    endloop
  endfacet
  facet normal 0 0 -1
    outer loop
      vertex 195.9422219991684 95.74912499636412 0
      vertex 224.92209699749947 92.94289799779654 0
      vertex 210.95828100293875 93.37636200338602 0
    endloop
  endfacet
  facet normal 0 0 -1
    outer loop
      vertex 195.9422219991684 95.74912499636412 0
      vertex 210.95828100293875 93.37636200338602 0
      vertex 210.9442270025611 93.37610799819231 0
    endloop
  endfacet
  facet normal 0 0 -1
    outer loop
      vertex 194.3237629979849 80.23330699652433 0
      vertex 195.9422219991684 95.74912499636412 0
      vertex 210.9442270025611 93.37610799819231 0
    endloop
  endfacet
  facet normal 0 0 -1
    outer loop
      vertex 194.3237629979849 80.23330699652433 0
      vertex 210.9442270025611 93.37610799819231 0
      vertex 210.94310200214386 93.36209700256586 0
    endloop
  endfacet
  facet normal 0 0 -1
    outer loop
      vertex 194.3237629979849 80.23330699652433 0
      vertex 210.94310200214386 93.36209700256586 0
      vertex 210.50963799655437 79.39828100055456 0
    endloop
  endfacet
  facet normal 0 0 -1
    outer loop
      vertex 194.3237629979849 80.23330699652433 0
      vertex 210.50963799655437 79.39828100055456 0
      vertex 210.50989200174809 79.3842270001769 0
    endloop
  endfacet
  facet normal 0 0 -1
    outer loop
      vertex 294.0562710016966 54.625 0
      vertex 209.51263999938965 55.194077000021935 0
      vertex 209.498678997159 55.19571200013161 0
    endloop
  endfacet
  facet normal 0 0 -1
    outer loop
      vertex 188.6908010020852 56.725258998572826 0
      vertex 294.0562710016966 54.625 0
      vertex 209.498678997159 55.19571200013161 0
    endloop
  endfacet
  facet normal 0 0 -1
    outer loop
      vertex 188.6908010020852 56.725258998572826 0
      vertex 209.498678997159 55.19571200013161 0
      vertex 195.55997700244188 56.138380996882915 0
    endloop
  endfacet
  facet normal 0 0 -1
    outer loop
      vertex 188.6908010020852 56.725258998572826 0
      vertex 195.55997700244188 56.138380996882915 0
      vertex 195.54592300206423 56.138640001416206 0
    endloop
  endfacet
  facet normal 0 0 -1
    outer loop
      vertex 188.6908010020852 56.725258998572826 0
      vertex 195.54592300206423 56.138640001416206 0
      vertex 195.54428800195456 56.12467899918556 0
    endloop
  endfacet
  facet normal 0 0 -1
    outer loop
      vertex 188.6908010020852 56.725258998572826 0
      vertex 195.54428800195456 56.12467899918556 0
      vertex 194.60161899775267 42.18597699701786 0
    endloop
  endfacet
  facet normal 0 0 -1
    outer loop
      vertex 187.16550900042057 42.83823200315237 0
      vertex 188.6908010020852 56.725258998572826 0
      vertex 194.60161899775267 42.18597699701786 0
    endloop
  endfacet
  facet normal 0 0 -1
    outer loop
      vertex 187.16550900042057 42.83823200315237 0
      vertex 194.60161899775267 42.18597699701786 0
      vertex 194.60136000066996 42.171922996640205 0
    endloop
  endfacet
  facet normal 0 0 -1
    outer loop
      vertex 187.16329000145197 42.824352003633976 0
      vertex 187.16550900042057 42.83823200315237 0
      vertex 194.60136000066996 42.171922996640205 0
    endloop
  endfacet
  facet normal 0 0 -1
    outer loop
      vertex 209.51238100230694 55.18002299964428 0
      vertex 209.51263999938965 55.194077000021935 0
      vertex 294.0562710016966 54.625 0
    endloop
  endfacet
  facet normal 0 0 -1
    outer loop
      vertex 297.23924999684095 17.96000000089407 0
      vertex 180.424662001431 19.51197300106287 0
      vertex 180.41079100221395 19.514247998595238 0
    endloop
  endfacet
  facet normal 0 0 -1
    outer loop
      vertex 278.6647500023246 59.50999999791384 0
      vertex 188.67776799947023 56.74150899797678 0
      vertex 174.7907409965992 58.26680099964142 0
    endloop
  endfacet
  facet normal 0 0 -1
    outer loop
      vertex 278.6647500023246 59.50999999791384 0
      vertex 174.7907409965992 58.26680099964142 0
      vertex 174.77671000361443 58.26764799654484 0
    endloop
  endfacet
  facet normal 0 0 -1
    outer loop
      vertex 294.0562710016966 54.625 0
      vertex 229.72562900185585 54.66940300166607 0
      vertex 229.71160499751568 54.6703620031476 0
    endloop
  endfacet
  facet normal 0 0 -1
    outer loop
      vertex 209.51238100230694 55.18002299964428 0
      vertex 294.0562710016966 54.625 0
      vertex 229.71160499751568 54.6703620031476 0
    endloop
  endfacet
  facet normal 0 0 -1
    outer loop
      vertex 209.51238100230694 55.18002299964428 0
      vertex 229.71160499751568 54.6703620031476 0
      vertex 215.7436480000615 54.93904799968004 0
    endloop
  endfacet
  facet normal 0 0 -1
    outer loop
      vertex 209.51238100230694 55.18002299964428 0
      vertex 215.7436480000615 54.93904799968004 0
      vertex 215.72959700226784 54.93862900137901 0
    endloop
  endfacet
  facet normal 0 0 -1
    outer loop
      vertex 209.51238100230694 55.18002299964428 0
      vertex 215.72959700226784 54.93862900137901 0
      vertex 215.7286380007863 54.92460499703884 0
    endloop
  endfacet
  facet normal 0 0 -1
    outer loop
      vertex 209.51238100230694 55.18002299964428 0
      vertex 215.7286380007863 54.92460499703884 0
      vertex 215.45995199680328 40.956647999584675 0
    endloop
  endfacet
  facet normal 0 0 -1
    outer loop
      vertex 208.56971199810505 41.24132099747658 0
      vertex 209.51238100230694 55.18002299964428 0
      vertex 215.45995199680328 40.956647999584675 0
    endloop
  endfacet
  facet normal 0 0 -1
    outer loop
      vertex 208.56971199810505 41.24132099747658 0
      vertex 215.45995199680328 40.956647999584675 0
      vertex 215.4603710025549 40.942597001791 0
    endloop
  endfacet
  facet normal 0 0 -1
    outer loop
      vertex 208.56807699799538 41.227360002696514 0
      vertex 208.56971199810505 41.24132099747658 0
      vertex 215.4603710025549 40.942597001791 0
    endloop
  endfacet
  facet normal 0 0 -1
    outer loop
      vertex 271.6647500023246 75.10999999940395 0
      vertex 204.29525899887085 74.53747300058603 0
      vertex 190.36938600242138 75.65376400202513 0
    endloop
  endfacet
  facet normal 0 0 -1
    outer loop
      vertex 183.51543100178242 76.3051360026002 0
      vertex 295.4772500023246 75.10999999940395 0
      vertex 278.6647500023246 75.10999999940395 0
    endloop
  endfacet
  facet normal 0 0 -1
    outer loop
      vertex 183.51543100178242 76.3051360026002 0
      vertex 278.6647500023246 75.10999999940395 0
      vertex 271.6647500023246 75.10999999940395 0
    endloop
  endfacet
  facet normal 0 0 -1
    outer loop
      vertex 183.51543100178242 76.3051360026002 0
      vertex 271.6647500023246 75.10999999940395 0
      vertex 190.36938600242138 75.65376400202513 0
    endloop
  endfacet
  facet normal 0 0 -1
    outer loop
      vertex 183.51543100178242 76.3051360026002 0
      vertex 190.36938600242138 75.65376400202513 0
      vertex 190.3553360030055 75.6541979983449 0
    endloop
  endfacet
  facet normal 0 0 -1
    outer loop
      vertex 183.51543100178242 76.3051360026002 0
      vertex 190.3553360030055 75.6541979983449 0
      vertex 190.35352700203657 75.64025899767876 0
    endloop
  endfacet
  facet normal 0 0 -1
    outer loop
      vertex 183.51543100178242 76.3051360026002 0
      vertex 190.35352700203657 75.64025899767876 0
      vertex 189.23723600059748 61.714386001229286 0
    endloop
  endfacet
  facet normal 0 0 -1
    outer loop
      vertex 181.94143100082874 62.42354500293732 0
      vertex 183.51543100178242 76.3051360026002 0
      vertex 189.23723600059748 61.714386001229286 0
    endloop
  endfacet
  facet normal 0 0 -1
    outer loop
      vertex 181.93916399776936 62.4096729978919 0
      vertex 181.94143100082874 62.42354500293732 0
      vertex 189.23723600059748 61.714386001229286 0
    endloop
  endfacet
  facet normal 0 0 -1
    outer loop
      vertex 181.93916399776936 62.4096729978919 0
      vertex 189.23723600059748 61.714386001229286 0
      vertex 189.23680199682713 61.70033600181341 0
    endloop
  endfacet
  facet normal 0 0 -1
    outer loop
      vertex 315.38511200249195 35.93004799634218 0
      vertex 295.4993100017309 35.57430999726057 0
      vertex 295.485270999372 35.57500000298023 0
    endloop
  endfacet
  facet normal 0 0 -1
    outer loop
      vertex 213.64172200113535 35.943481996655464 0
      vertex 315.38511200249195 35.93004799634218 0
      vertex 295.485270999372 35.57500000298023 0
    endloop
  endfacet
  facet normal 0 0 -1
    outer loop
      vertex 266.42674999684095 17.96000000089407 0
      vertex 201.16811300069094 17.594971001148224 0
      vertex 187.25098899751902 18.815499000251293 0
    endloop
  endfacet
  facet normal 0 0 -1
    outer loop
      vertex 180.42375800013542 19.4979460015893 0
      vertex 290.23924999684095 17.96000000089407 0
      vertex 273.42674999684095 17.96000000089407 0
    endloop
  endfacet
  facet normal 0 0 -1
    outer loop
      vertex 180.42375800013542 19.4979460015893 0
      vertex 273.42674999684095 17.96000000089407 0
      vertex 266.42674999684095 17.96000000089407 0
    endloop
  endfacet
  facet normal 0 0 -1
    outer loop
      vertex 180.42375800013542 19.4979460015893 0
      vertex 266.42674999684095 17.96000000089407 0
      vertex 187.25098899751902 18.815499000251293 0
    endloop
  endfacet
  facet normal 0 0 -1
    outer loop
      vertex 180.42375800013542 19.4979460015893 0
      vertex 187.25098899751902 18.815499000251293 0
      vertex 187.23694299906492 18.816037997603416 0
    endloop
  endfacet
  facet normal 0 0 -1
    outer loop
      vertex 180.42375800013542 19.4979460015893 0
      vertex 187.23694299906492 18.816037997603416 0
      vertex 187.23502899706364 18.802112996578217 0
    endloop
  endfacet
  facet normal 0 0 -1
    outer loop
      vertex 178.84224800020456 5.617209002375603 0
      vertex 180.42375800013542 19.4979460015893 0
      vertex 187.23502899706364 18.802112996578217 0
    endloop
  endfacet
  facet normal 0 0 -1
    outer loop
      vertex 178.84224800020456 5.617209002375603 0
      vertex 187.23502899706364 18.802112996578217 0
      vertex 186.01450099796057 4.884989000856876 0
    endloop
  endfacet
  facet normal 0 0 -1
    outer loop
      vertex 178.8399730026722 5.603338003158569 0
      vertex 178.84224800020456 5.617209002375603 0
      vertex 186.01450099796057 4.884989000856876 0
    endloop
  endfacet
  facet normal 0 0 -1
    outer loop
      vertex 178.8399730026722 5.603338003158569 0
      vertex 186.01450099796057 4.884989000856876 0
      vertex 186.01396200060844 4.870943002402782 0
    endloop
  endfacet
  facet normal 0 0 -1
    outer loop
      vertex 295.485270999372 35.57500000298023 0
      vertex 233.55507399886847 35.60260400176048 0
      vertex 233.5410439968109 35.60345599800348 0
    endloop
  endfacet
  facet normal 0 0 -1
    outer loop
      vertex 213.64172200113535 35.943481996655464 0
      vertex 295.485270999372 35.57500000298023 0
      vertex 233.5410439968109 35.60345599800348 0
    endloop
  endfacet
  facet normal 0 0 -1
    outer loop
      vertex 213.64172200113535 35.943481996655464 0
      vertex 233.5410439968109 35.60345599800348 0
      vertex 219.5714429989457 35.7656010016799 0
    endloop
  endfacet
  facet normal 0 0 -1
    outer loop
      vertex 213.64172200113535 35.943481996655464 0
      vertex 219.5714429989457 35.7656010016799 0
      vertex 219.55739600211382 35.765073999762535 0
    endloop
  endfacet
  facet normal 0 0 -1
    outer loop
      vertex 213.64172200113535 35.943481996655464 0
      vertex 219.55739600211382 35.765073999762535 0
      vertex 219.55654399842024 35.75104399770498 0
    endloop
  endfacet
  facet normal 0 0 -1
    outer loop
      vertex 213.64172200113535 35.943481996655464 0
      vertex 219.55654399842024 35.75104399770498 0
      vertex 219.3943990021944 21.781442999839783 0
    endloop
  endfacet
  facet normal 0 0 -1
    outer loop
      vertex 212.83703500032425 21.996133998036385 0
      vertex 213.64172200113535 35.943481996655464 0
      vertex 219.3943990021944 21.781442999839783 0
    endloop
  endfacet
  facet normal 0 0 -1
    outer loop
      vertex 212.83703500032425 21.996133998036385 0
      vertex 219.3943990021944 21.781442999839783 0
      vertex 219.3949259966612 21.76739600300789 0
    endloop
  endfacet
  facet normal 0 0 -1
    outer loop
      vertex 212.8355379998684 21.982157997787 0
      vertex 212.83703500032425 21.996133998036385 0
      vertex 219.3949259966612 21.76739600300789 0
    endloop
  endfacet
  facet normal 0 0 -1
    outer loop
      vertex 229.72604800015688 54.655351996421814 0
      vertex 294.0562710016966 54.625 0
      vertex 280.0857290029526 54.625 0
    endloop
  endfacet
  facet normal 0 0 -1
    outer loop
      vertex 229.72604800015688 54.655351996421814 0
      vertex 280.0857290029526 54.625 0
      vertex 280.07169000059366 54.62431000173092 0
    endloop
  endfacet
  facet normal 0 0 -1
    outer loop
      vertex 297.23924999684095 17.96000000089407 0
      vertex 180.41079100221395 19.514247998595238 0
      vertex 166.53005400300026 21.095757998526096 0
    endloop
  endfacet
  facet normal 0 0 -1
    outer loop
      vertex 271.6647500023246 73.67499999701977 0
      vertex 224.80365300178528 73.74547400325537 0
      vertex 224.80339799821377 73.75952800363302 0
    endloop
  endfacet
  facet normal 0 0 -1
    outer loop
      vertex 271.6647500023246 73.67499999701977 0
      vertex 224.80339799821377 73.75952800363302 0
      vertex 224.78938700258732 73.76065199822187 0
    endloop
  endfacet
  facet normal 0 0 -1
    outer loop
      vertex 204.30876400321722 74.52161400020123 0
      vertex 271.6647500023246 73.67499999701977 0
      vertex 224.78938700258732 73.76065199822187 0
    endloop
  endfacet
  facet normal 0 0 -1
    outer loop
      vertex 204.30876400321722 74.52161400020123 0
      vertex 224.78938700258732 73.76065199822187 0
      vertex 210.8255259990692 74.19265300035477 0
    endloop
  endfacet
  facet normal 0 0 -1
    outer loop
      vertex 204.30876400321722 74.52161400020123 0
      vertex 210.8255259990692 74.19265300035477 0
      vertex 210.81147199869156 74.19239799678326 0
    endloop
  endfacet
  facet normal 0 0 -1
    outer loop
      vertex 204.30876400321722 74.52161400020123 0
      vertex 210.81147199869156 74.19239799678326 0
      vertex 210.81034799665213 74.1783870011568 0
    endloop
  endfacet
  facet normal 0 0 -1
    outer loop
      vertex 204.30876400321722 74.52161400020123 0
      vertex 210.81034799665213 74.1783870011568 0
      vertex 210.37834700196981 60.2145259976387 0
    endloop
  endfacet
  facet normal 0 0 -1
    outer loop
      vertex 203.19247300177813 60.595740996301174 0
      vertex 204.30876400321722 74.52161400020123 0
      vertex 210.37834700196981 60.2145259976387 0
    endloop
  endfacet
  facet normal 0 0 -1
    outer loop
      vertex 203.19247300177813 60.595740996301174 0
      vertex 210.37834700196981 60.2145259976387 0
      vertex 210.37860199809074 60.20047199726105 0
    endloop
  endfacet
  facet normal 0 0 -1
    outer loop
      vertex 203.1906640008092 60.58180200308561 0
      vertex 203.19247300177813 60.595740996301174 0
      vertex 210.37860199809074 60.20047199726105 0
    endloop
  endfacet
  facet normal 0 0 -1
    outer loop
      vertex 202.88041599839926 -2.155749998986721 0
      vertex 201.5358299985528 -2.038502000272274 0
      vertex 201.51087100058794 -2.035030998289585 0
    endloop
  endfacet
  facet normal 0 0 -1
    outer loop
      vertex 205.01525799930096 -2.237203001976013 0
      vertex 204.99012699723244 -2.2375190034508705 0
      vertex 202.90503100305796 -2.1572979986667633 0
    endloop
  endfacet
  facet normal 0 0 -1
    outer loop
      vertex 246.25868999958038 16.524310000240803 0
      vertex 241.2001980021596 16.52939099818468 0
      vertex 241.18615999817848 16.530110001564026 0
    endloop
  endfacet
  facet normal 0 0 -1
    outer loop
      vertex 246.2727290019393 16.524999998509884 0
      vertex 246.25868999958038 16.524310000240803 0
      vertex 241.18615999817848 16.530110001564026 0
    endloop
  endfacet
  facet normal 0 0 -1
    outer loop
      vertex 249.11569000035524 73.67430999875069 0
      vertex 244.06197399646044 73.67564400285482 0
      vertex 244.0479350015521 73.67634200304747 0
    endloop
  endfacet
  facet normal 0 0 -1
    outer loop
      vertex 249.12972900271416 73.67499999701977 0
      vertex 249.11569000035524 73.67430999875069 0
      vertex 244.0479350015521 73.67634200304747 0
    endloop
  endfacet
  facet normal 0 0 -1
    outer loop
      vertex 257.68868999928236 35.57430999726057 0
      vertex 252.63730999827385 35.57430999726057 0
      vertex 252.62327100336552 35.57500000298023 0
    endloop
  endfacet
  facet normal 0 0 -1
    outer loop
      vertex 257.7027290016413 35.57500000298023 0
      vertex 257.68868999928236 35.57430999726057 0
      vertex 252.62327100336552 35.57500000298023 0
    endloop
  endfacet
  facet normal 0 0 -1
    outer loop
      vertex 263.10027100145817 59.67499999701977 0
      vertex 263.1143099963665 59.67569000273943 0
      vertex 268.165689997375 59.67569000273943 0
    endloop
  endfacet
  facet normal 0 0 -1
    outer loop
      vertex 263.10027100145817 59.67499999701977 0
      vertex 268.165689997375 59.67569000273943 0
      vertex 268.1797289997339 59.67499999701977 0
    endloop
  endfacet
  facet normal 0 0 -1
    outer loop
      vertex 281.5006899982691 35.57430999726057 0
      vertex 271.6873100027442 35.57430999726057 0
      vertex 271.6732710003853 35.57500000298023 0
    endloop
  endfacet
  facet normal 0 0 -1
    outer loop
      vertex 281.514729000628 35.57500000298023 0
      vertex 281.5006899982691 35.57430999726057 0
      vertex 271.6732710003853 35.57500000298023 0
    endloop
  endfacet
  facet normal 0 0 -1
    outer loop
      vertex 253.89172899723053 54.625 0
      vertex 253.8776900023222 54.62431000173092 0
      vertex 248.82731000334024 54.62431000173092 0
    endloop
  endfacet
  facet normal 0 0 -1
    outer loop
      vertex 253.89172899723053 54.625 0
      vertex 248.82731000334024 54.62431000173092 0
      vertex 248.81327100098133 54.625 0
    endloop
  endfacet
  facet normal 0 0 -1
    outer loop
      vertex 268.165689997375 73.67430999875069 0
      vertex 263.1143099963665 73.67430999875069 0
      vertex 263.10027100145817 73.67499999701977 0
    endloop
  endfacet
  facet normal 0 0 -1
    outer loop
      vertex 252.62327100336552 21.575000002980232 0
      vertex 252.63730999827385 21.575690001249313 0
      vertex 257.68868999928236 21.575690001249313 0
    endloop
  endfacet
  facet normal 0 0 -1
    outer loop
      vertex 252.62327100336552 21.575000002980232 0
      vertex 257.68868999928236 21.575690001249313 0
      vertex 257.7027290016413 21.575000002980232 0
    endloop
  endfacet
  facet normal 0 0 -1
    outer loop
      vertex 252.62327100336552 21.575000002980232 0
      vertex 257.7027290016413 21.575000002980232 0
      vertex 297.23924999684095 17.96000000089407 0
    endloop
  endfacet
  facet normal 0 0 -1
    outer loop
      vertex 252.62327100336552 21.575000002980232 0
      vertex 297.23924999684095 17.96000000089407 0
      vertex 166.53005400300026 21.095757998526096 0
    endloop
  endfacet
  facet normal 0 0 -1
    outer loop
      vertex 238.65272899717093 21.575000002980232 0
      vertex 252.62327100336552 21.575000002980232 0
      vertex 166.53005400300026 21.095757998526096 0
    endloop
  endfacet
  facet normal 0 0 -1
    outer loop
      vertex 238.6386900022626 21.575690001249313 0
      vertex 238.65272899717093 21.575000002980232 0
      vertex 166.53005400300026 21.095757998526096 0
    endloop
  endfacet
  facet normal 0 0 -1
    outer loop
      vertex 238.63799999654293 21.589729003608227 0
      vertex 238.6386900022626 21.575690001249313 0
      vertex 166.53005400300026 21.095757998526096 0
    endloop
  endfacet
  facet normal 0 0 -1
    outer loop
      vertex 238.63799999654293 21.589729003608227 0
      vertex 166.53005400300026 21.095757998526096 0
      vertex 166.5160270035267 21.096661999821663 0
    endloop
  endfacet
  facet normal 0 0 -1
    outer loop
      vertex 248.82731000334024 40.62568999826908 0
      vertex 253.8776900023222 40.62568999826908 0
      vertex 253.89172899723053 40.625 0
    endloop
  endfacet
  facet normal 0 0 -1
    outer loop
      vertex 248.81327100098133 40.625 0
      vertex 248.82731000334024 40.62568999826908 0
      vertex 253.89172899723053 40.625 0
    endloop
  endfacet
  facet normal 0 0 -1
    outer loop
      vertex 267.8622710034251 40.625 0
      vertex 267.87630999833345 40.62568999826908 0
      vertex 280.07169000059366 40.62568999826908 0
    endloop
  endfacet
  facet normal 0 0 -1
    outer loop
      vertex 267.8622710034251 40.625 0
      vertex 280.07169000059366 40.62568999826908 0
      vertex 172.50679100304842 39.46524800360203 0
    endloop
  endfacet
  facet normal 0 0 -1
    outer loop
      vertex 253.89172899723053 40.625 0
      vertex 267.8622710034251 40.625 0
      vertex 172.50679100304842 39.46524800360203 0
    endloop
  endfacet
  facet normal 0 0 -1
    outer loop
      vertex 248.81327100098133 40.625 0
      vertex 253.89172899723053 40.625 0
      vertex 172.50679100304842 39.46524800360203 0
    endloop
  endfacet
  facet normal 0 0 -1
    outer loop
      vertex 234.84272900223732 40.625 0
      vertex 248.81327100098133 40.625 0
      vertex 172.50679100304842 39.46524800360203 0
    endloop
  endfacet
  facet normal 0 0 -1
    outer loop
      vertex 234.8286899998784 40.62568999826908 0
      vertex 234.84272900223732 40.625 0
      vertex 172.50679100304842 39.46524800360203 0
    endloop
  endfacet
  facet normal 0 0 -1
    outer loop
      vertex 234.82800000160933 40.639729000627995 0
      vertex 234.8286899998784 40.62568999826908 0
      vertex 172.50679100304842 39.46524800360203 0
    endloop
  endfacet
  facet normal 0 0 -1
    outer loop
      vertex 234.82800000160933 40.639729000627995 0
      vertex 172.50679100304842 39.46524800360203 0
      vertex 158.62605399638414 41.04675800353289 0
    endloop
  endfacet
  facet normal 0 0 -1
    outer loop
      vertex 234.82800000160933 40.639729000627995 0
      vertex 158.62605399638414 41.04675800353289 0
      vertex 158.61202699691057 41.04766199737787 0
    endloop
  endfacet
  facet normal 0 0 -1
    outer loop
      vertex 280.07169000059366 54.62431000173092 0
      vertex 267.87630999833345 54.62431000173092 0
      vertex 267.8622710034251 54.625 0
    endloop
  endfacet
  facet normal 0 0 -1
    outer loop
      vertex 265.30868999660015 16.524310000240803 0
      vertex 260.2573100030422 16.524310000240803 0
      vertex 260.2432710006833 16.524999998509884 0
    endloop
  endfacet
  facet normal 0 0 -1
    outer loop
      vertex 268.165071003139 92.72427999973297 0
      vertex 267.87692900002 92.72427999973297 0
      vertex 267.8622710034251 92.72500000149012 0
    endloop
  endfacet
  facet normal 0 0 -1
    outer loop
      vertex 268.1797289997339 92.72500000149012 0
      vertex 268.165071003139 92.72427999973297 0
      vertex 267.8622710034251 92.72500000149012 0
    endloop
  endfacet
  facet normal 0 0 -1
    outer loop
      vertex 267.87692900002 78.72572000324726 0
      vertex 268.165071003139 78.72572000324726 0
      vertex 268.1797289997339 78.72500000149012 0
    endloop
  endfacet
  facet normal 0 0 -1
    outer loop
      vertex 267.8622710034251 78.72500000149012 0
      vertex 267.87692900002 78.72572000324726 0
      vertex 268.1797289997339 78.72500000149012 0
    endloop
  endfacet
  facet normal 0 0 -1
    outer loop
      vertex 183.73305899649858 -0.47592200338840485 0
      vertex 183.70907600224018 -0.47498100250959396 0
      vertex 182.22720699757338 -0.344028003513813 0
    endloop
  endfacet
  facet normal 0 0 -1
    outer loop
      vertex 244.04060500115156 59.676343001425266 0
      vertex 244.05464400351048 59.67702600359917 0
      vertex 249.11569000035524 59.67569000273943 0
    endloop
  endfacet
  facet normal 0 0 -1
    outer loop
      vertex 244.04060500115156 59.676343001425266 0
      vertex 249.11569000035524 59.67569000273943 0
      vertex 249.12972900271416 59.67499999701977 0
    endloop
  endfacet
  facet normal 0 0 -1
    outer loop
      vertex 182.2142890021205 -0.3427259996533394 0
      vertex 180.03135100007057 -0.0950080007314682 0
      vertex 180.00766199827194 -0.09114299714565277 0
    endloop
  endfacet
  facet normal 0 0 -1
    outer loop
      vertex 282.45146200060844 92.72404100000858 0
      vertex 282.1649290025234 92.72427999973297 0
      vertex 282.15027099847794 92.72500000149012 0
    endloop
  endfacet
  facet normal 0 0 -1
    outer loop
      vertex 224.93636199831963 92.92771899700165 0
      vertex 282.45146200060844 92.72404100000858 0
      vertex 282.15027099847794 92.72500000149012 0
    endloop
  endfacet
  facet normal 0 0 -1
    outer loop
      vertex 224.93636199831963 92.92771899700165 0
      vertex 282.15027099847794 92.72500000149012 0
      vertex 268.1797289997339 92.72500000149012 0
    endloop
  endfacet
  facet normal 0 0 -1
    outer loop
      vertex 224.93636199831963 92.92771899700165 0
      vertex 268.1797289997339 92.72500000149012 0
      vertex 267.8622710034251 92.72500000149012 0
    endloop
  endfacet
  facet normal 0 0 -1
    outer loop
      vertex 224.93636199831963 92.92771899700165 0
      vertex 267.8622710034251 92.72500000149012 0
      vertex 249.12972900271416 92.72500000149012 0
    endloop
  endfacet
  facet normal 0 0 -1
    outer loop
      vertex 224.93636199831963 92.92771899700165 0
      vertex 249.12972900271416 92.72500000149012 0
      vertex 249.11569000035524 92.72431000322104 0
    endloop
  endfacet
  facet normal 0 0 -1
    outer loop
      vertex 224.93636199831963 92.92771899700165 0
      vertex 249.11569000035524 92.72431000322104 0
      vertex 249.11500000208616 92.71027100086212 0
    endloop
  endfacet
  facet normal 0 0 -1
    outer loop
      vertex 224.93636199831963 92.92771899700165 0
      vertex 249.11500000208616 92.71027100086212 0
      vertex 249.11500000208616 78.73972900211811 0
    endloop
  endfacet
  facet normal 0 0 -1
    outer loop
      vertex 224.50289800018072 78.96390300244093 0
      vertex 224.93636199831963 92.92771899700165 0
      vertex 249.11500000208616 78.73972900211811 0
    endloop
  endfacet
  facet normal 0 0 -1
    outer loop
      vertex 224.50289800018072 78.96390300244093 0
      vertex 249.11500000208616 78.73972900211811 0
      vertex 249.11569000035524 78.7256899997592 0
    endloop
  endfacet
  facet normal 0 0 -1
    outer loop
      vertex 224.5017729997635 78.9498919993639 0
      vertex 224.50289800018072 78.96390300244093 0
      vertex 249.11569000035524 78.7256899997592 0
    endloop
  endfacet
  facet normal 0 0 -1
    outer loop
      vertex 282.15027099847794 78.72500000149012 0
      vertex 282.1649290025234 78.72572000324726 0
      vertex 282.45146200060844 78.72595900297165 0
    endloop
  endfacet
  facet normal 0 0 -1
    outer loop
      vertex 282.15027099847794 78.72500000149012 0
      vertex 282.45146200060844 78.72595900297165 0
      vertex 183.5024550035596 76.32143100351095 0
    endloop
  endfacet
  facet normal 0 0 -1
    outer loop
      vertex 268.1797289997339 78.72500000149012 0
      vertex 282.15027099847794 78.72500000149012 0
      vertex 183.5024550035596 76.32143100351095 0
    endloop
  endfacet
  facet normal 0 0 -1
    outer loop
      vertex 268.1797289997339 78.72500000149012 0
      vertex 183.5024550035596 76.32143100351095 0
      vertex 169.62086399644613 77.89543099701405 0
    endloop
  endfacet
  facet normal 0 0 -1
    outer loop
      vertex 267.8622710034251 78.72500000149012 0
      vertex 268.1797289997339 78.72500000149012 0
      vertex 169.62086399644613 77.89543099701405 0
    endloop
  endfacet
  facet normal 0 0 -1
    outer loop
      vertex 267.8622710034251 78.72500000149012 0
      vertex 169.62086399644613 77.89543099701405 0
      vertex 169.60683599859476 77.89632699638605 0
    endloop
  endfacet
  facet normal 0 0 -1
    outer loop
      vertex 249.12972900271416 78.72500000149012 0
      vertex 267.8622710034251 78.72500000149012 0
      vertex 169.60683599859476 77.89632699638605 0
    endloop
  endfacet
  facet normal 0 0 -1
    outer loop
      vertex 249.11569000035524 78.7256899997592 0
      vertex 249.12972900271416 78.72500000149012 0
      vertex 169.60683599859476 77.89632699638605 0
    endloop
  endfacet
  facet normal 0 0 -1
    outer loop
      vertex 224.5017729997635 78.9498919993639 0
      vertex 249.11569000035524 78.7256899997592 0
      vertex 169.60683599859476 77.89632699638605 0
    endloop
  endfacet
  facet normal 0 0 -1
    outer loop
      vertex 224.48771899938583 78.94963800162077 0
      vertex 224.5017729997635 78.9498919993639 0
      vertex 169.60683599859476 77.89632699638605 0
    endloop
  endfacet
  facet normal 0 0 -1
    outer loop
      vertex 210.52390299737453 79.38310199975967 0
      vertex 224.48771899938583 78.94963800162077 0
      vertex 169.60683599859476 77.89632699638605 0
    endloop
  endfacet
  facet normal 0 0 -1
    outer loop
      vertex 210.50989200174809 79.3842270001769 0
      vertex 210.52390299737453 79.38310199975967 0
      vertex 169.60683599859476 77.89632699638605 0
    endloop
  endfacet
  facet normal 0 0 -1
    outer loop
      vertex 194.3237629979849 80.23330699652433 0
      vertex 210.50989200174809 79.3842270001769 0
      vertex 169.60683599859476 77.89632699638605 0
    endloop
  endfacet
  facet normal 0 0 -1
    outer loop
      vertex 187.36153800040483 80.95953900367022 0
      vertex 194.3237629979849 80.23330699652433 0
      vertex 169.60683599859476 77.89632699638605 0
    endloop
  endfacet
  facet normal 0 0 -1
    outer loop
      vertex 170.63976299762726 82.70379099994898 0
      vertex 187.36153800040483 80.95953900367022 0
      vertex 169.60683599859476 77.89632699638605 0
    endloop
  endfacet
  facet normal 0 0 -1
    outer loop
      vertex 155.45784100145102 42.640496999025345 0
      vertex 170.63976299762726 82.70379099994898 0
      vertex 169.60683599859476 77.89632699638605 0
    endloop
  endfacet
  facet normal 0 0 -1
    outer loop
      vertex 155.45784100145102 42.640496999025345 0
      vertex 169.60683599859476 77.89632699638605 0
      vertex 169.60456900298595 77.88245499879122 0
    endloop
  endfacet
  facet normal 0 0 -1
    outer loop
      vertex 155.45784100145102 42.640496999025345 0
      vertex 169.60456900298595 77.88245499879122 0
      vertex 168.03056900203228 64.00086399912834 0
    endloop
  endfacet
  facet normal 0 0 -1
    outer loop
      vertex 155.45784100145102 42.640496999025345 0
      vertex 168.03056900203228 64.00086399912834 0
      vertex 168.02967300266027 63.98683600127697 0
    endloop
  endfacet
  facet normal 0 0 -1
    outer loop
      vertex 155.45784100145102 42.640496999025345 0
      vertex 168.02967300266027 63.98683600127697 0
      vertex 168.0435450002551 63.98456899821758 0
    endloop
  endfacet
  facet normal 0 0 -1
    outer loop
      vertex 263.10027100145817 59.67499999701977 0
      vertex 268.1797289997339 59.67499999701977 0
      vertex 271.6647500023246 59.50999999791384 0
    endloop
  endfacet
  facet normal 0 0 -1
    outer loop
      vertex 152.13774199783802 41.760572999715805 0
      vertex 152.21906200051308 41.790637999773026 0
      vertex 152.50132799893618 41.88129600137472 0
    endloop
  endfacet
  facet normal 0 0 -1
    outer loop
      vertex 311.50225000083447 37.31369999796152 0
      vertex 192.84544099867344 37.305233001708984 0
      vertex 192.83154900372028 37.3073789998889 0
    endloop
  endfacet
  facet normal 0 0 -1
    outer loop
      vertex 172.5197580009699 39.44894599914551 0
      vertex 311.50225000083447 37.31369999796152 0
      vertex 192.83154900372028 37.3073789998889 0
    endloop
  endfacet
  facet normal 0 0 -1
    outer loop
      vertex 172.5197580009699 39.44894599914551 0
      vertex 192.83154900372028 37.3073789998889 0
      vertex 178.93680199980736 38.760665997862816 0
    endloop
  endfacet
  facet normal 0 0 -1
    outer loop
      vertex 172.5197580009699 39.44894599914551 0
      vertex 178.93680199980736 38.760665997862816 0
      vertex 178.92276699841022 38.76144099980593 0
    endloop
  endfacet
  facet normal 0 0 -1
    outer loop
      vertex 172.5197580009699 39.44894599914551 0
      vertex 178.92276699841022 38.76144099980593 0
      vertex 178.9206210002303 38.74754899740219 0
    endloop
  endfacet
  facet normal 0 0 -1
    outer loop
      vertex 170.93824800103903 25.568208999931812 0
      vertex 172.5197580009699 39.44894599914551 0
      vertex 178.9206210002303 38.74754899740219 0
    endloop
  endfacet
  facet normal 0 0 -1
    outer loop
      vertex 170.93824800103903 25.568208999931812 0
      vertex 178.9206210002303 38.74754899740219 0
      vertex 177.4673340022564 24.852802000939846 0
    endloop
  endfacet
  facet normal 0 0 -1
    outer loop
      vertex 170.93597300350666 25.55433800071478 0
      vertex 170.93824800103903 25.568208999931812 0
      vertex 177.4673340022564 24.852802000939846 0
    endloop
  endfacet
  facet normal 0 0 -1
    outer loop
      vertex 170.93597300350666 25.55433800071478 0
      vertex 177.4673340022564 24.852802000939846 0
      vertex 177.46655900031328 24.838766999542713 0
    endloop
  endfacet
  facet normal 0 0 -1
    outer loop
      vertex 170.9219459965825 25.555242002010345 0
      vertex 170.93597300350666 25.55433800071478 0
      vertex 177.46655900031328 24.838766999542713 0
    endloop
  endfacet
  facet normal 0 0 -1
    outer loop
      vertex 170.9219459965825 25.555242002010345 0
      vertex 177.46655900031328 24.838766999542713 0
      vertex 177.48045100271702 24.8366210013628 0
    endloop
  endfacet
  facet normal 0 0 -1
    outer loop
      vertex 271.6647500023246 59.50999999791384 0
      vertex 278.6647500023246 59.50999999791384 0
      vertex 174.77671000361443 58.26764799654484 0
    endloop
  endfacet
  facet normal 0 0 -1
    outer loop
      vertex 263.10027100145817 59.67499999701977 0
      vertex 271.6647500023246 59.50999999791384 0
      vertex 174.77671000361443 58.26764799654484 0
    endloop
  endfacet
  facet normal 0 0 -1
    outer loop
      vertex 249.12972900271416 59.67499999701977 0
      vertex 263.10027100145817 59.67499999701977 0
      vertex 174.77671000361443 58.26764799654484 0
    endloop
  endfacet
  facet normal 0 0 -1
    outer loop
      vertex 244.04060500115156 59.676343001425266 0
      vertex 249.12972900271416 59.67499999701977 0
      vertex 174.77671000361443 58.26764799654484 0
    endloop
  endfacet
  facet normal 0 0 -1
    outer loop
      vertex 230.07006499916315 59.68365799635649 0
      vertex 244.04060500115156 59.676343001425266 0
      vertex 174.77671000361443 58.26764799654484 0
    endloop
  endfacet
  facet normal 0 0 -1
    outer loop
      vertex 230.05602599680424 59.68435599654913 0
      vertex 230.07006499916315 59.68365799635649 0
      vertex 174.77671000361443 58.26764799654484 0
    endloop
  endfacet
  facet normal 0 0 -1
    outer loop
      vertex 230.05534300208092 59.69839499890804 0
      vertex 230.05602599680424 59.68435599654913 0
      vertex 174.77671000361443 58.26764799654484 0
    endloop
  endfacet
  facet normal 0 0 -1
    outer loop
      vertex 178.82594600319862 5.604241997003555 0
      vertex 178.8399730026722 5.603338003158569 0
      vertex 186.01396200060844 4.870943002402782 0
    endloop
  endfacet
  facet normal 0 0 -1
    outer loop
      vertex 152.13774199783802 41.760572999715805 0
      vertex 152.50132799893618 41.88129600137472 0
      vertex 152.55083499848843 41.89579900354147 0
    endloop
  endfacet
  facet normal 0 0 -1
    outer loop
      vertex 152.13774199783802 41.760572999715805 0
      vertex 152.55083499848843 41.89579900354147 0
      vertex 152.9002280011773 41.98843800276518 0
    endloop
  endfacet
  facet normal 0 0 -1
    outer loop
      vertex 152.13774199783802 41.760572999715805 0
      vertex 152.9002280011773 41.98843800276518 0
      vertex 152.9288149997592 41.99556799978018 0
    endloop
  endfacet
  facet normal 0 0 -1
    outer loop
      vertex 152.13774199783802 41.760572999715805 0
      vertex 152.9288149997592 41.99556799978018 0
      vertex 153.3234319984913 42.087847001850605 0
    endloop
  endfacet
  facet normal 0 0 -1
    outer loop
      vertex 152.13774199783802 41.760572999715805 0
      vertex 153.3234319984913 42.087847001850605 0
      vertex 154.1847120001912 42.277134999632835 0
    endloop
  endfacet
  facet normal 0 0 -1
    outer loop
      vertex 178.82594600319862 5.604241997003555 0
      vertex 186.01396200060844 4.870943002402782 0
      vertex 186.02788700163364 4.869029000401497 0
    endloop
  endfacet
  facet normal 0 0 -1
    outer loop
      vertex 181.92513599991798 62.41056899726391 0
      vertex 181.93916399776936 62.4096729978919 0
      vertex 189.23680199682713 61.70033600181341 0
    endloop
  endfacet
  facet normal 0 0 -1
    outer loop
      vertex 181.92513599991798 62.41056899726391 0
      vertex 189.23680199682713 61.70033600181341 0
      vertex 189.25074099749327 61.69852700084448 0
    endloop
  endfacet
  facet normal 0 0 -1
    outer loop
      vertex 187.16329000145197 42.824352003633976 0
      vertex 194.60136000066996 42.171922996640205 0
      vertex 194.6153210029006 42.17028799653053 0
    endloop
  endfacet
  facet normal 0 0 -1
    outer loop
      vertex 212.8355379998684 21.982157997787 0
      vertex 219.3949259966612 21.76739600300789 0
      vertex 219.40895599871874 21.766543999314308 0
    endloop
  endfacet
  facet normal 0 0 -1
    outer loop
      vertex 191.3892330005765 23.38255900144577 0
      vertex 198.8601579964161 22.78846199810505 0
      vertex 198.87413399666548 22.786964997649193 0
    endloop
  endfacet
  facet normal 0 0 -1
    outer loop
      vertex 187.14925900101662 42.825199000537395 0
      vertex 187.16329000145197 42.824352003633976 0
      vertex 194.6153210029006 42.17028799653053 0
    endloop
  endfacet
  facet normal 0 0 -1
    outer loop
      vertex 203.1906640008092 60.58180200308561 0
      vertex 210.37860199809074 60.20047199726105 0
      vertex 210.39261300116777 60.199348002672195 0
    endloop
  endfacet
  facet normal 0 0 -1
    outer loop
      vertex 208.56807699799538 41.227360002696514 0
      vertex 215.4603710025549 40.942597001791 0
      vertex 215.47439499944448 40.94163800030947 0
    endloop
  endfacet
  facet normal 0 0 -1
    outer loop
      vertex 199.95905700325966 3.6479619964957237 0
      vertex 207.26592200249434 3.206635996699333 0
      vertex 207.2799250036478 3.2054110020399094 0
    endloop
  endfacet
  facet normal 0 0 -1
    outer loop
      vertex 202.90503100305796 -2.1572979986667633 0
      vertex 202.88041599839926 -2.155749998986721 0
      vertex 201.51087100058794 -2.035030998289585 0
    endloop
  endfacet
  facet normal 0 0 -1
    outer loop
      vertex 205.01525799930096 -2.237203001976013 0
      vertex 202.90503100305796 -2.1572979986667633 0
      vertex 201.51087100058794 -2.035030998289585 0
    endloop
  endfacet
  facet normal 0 0 -1
    outer loop
      vertex 205.01525799930096 -2.237203001976013 0
      vertex 201.51087100058794 -2.035030998289585 0
      vertex 183.73305899649858 -0.47592200338840485 0
    endloop
  endfacet
  facet normal 0 0 -1
    outer loop
      vertex 221.61056499928236 -2.870379000902176 0
      vertex 205.01525799930096 -2.237203001976013 0
      vertex 183.73305899649858 -0.47592200338840485 0
    endloop
  endfacet
  facet normal 0 0 -1
    outer loop
      vertex 212.82148200273514 21.982277996838093 0
      vertex 212.8355379998684 21.982157997787 0
      vertex 219.40895599871874 21.766543999314308 0
    endloop
  endfacet
  facet normal 0 0 -1
    outer loop
      vertex 191.37519799917936 23.38333400338888 0
      vertex 191.3892330005765 23.38255900144577 0
      vertex 198.87413399666548 22.786964997649193 0
    endloop
  endfacet
  facet normal 0 0 -1
    outer loop
      vertex 221.61056499928236 -2.870379000902176 0
      vertex 183.73305899649858 -0.47592200338840485 0
      vertex 182.22720699757338 -0.344028003513813 0
    endloop
  endfacet
  facet normal 0 0 -1
    outer loop
      vertex 221.61056499928236 -2.870379000902176 0
      vertex 182.22720699757338 -0.344028003513813 0
      vertex 182.2142890021205 -0.3427259996533394 0
    endloop
  endfacet
  facet normal 0 0 -1
    outer loop
      vertex 221.61056499928236 -2.870379000902176 0
      vertex 182.2142890021205 -0.3427259996533394 0
      vertex 180.00766199827194 -0.09114299714565277 0
    endloop
  endfacet
  facet normal 0 0 -1
    outer loop
      vertex 221.61056499928236 -2.870379000902176 0
      vertex 180.00766199827194 -0.09114299714565277 0
      vertex 165.4871869981289 1.5632560029625893 0
    endloop
  endfacet
  facet normal 0 0 -1
    outer loop
      vertex 208.55402299761772 41.227618999779224 0
      vertex 208.56807699799538 41.227360002696514 0
      vertex 215.47439499944448 40.94163800030947 0
    endloop
  endfacet
  facet normal 0 0 -1
    outer loop
      vertex 203.17661400139332 60.582235999405384 0
      vertex 203.1906640008092 60.58180200308561 0
      vertex 210.39261300116777 60.199348002672195 0
    endloop
  endfacet
  facet normal 0 0 -1
    outer loop
      vertex 199.94501099735498 3.6485010012984276 0
      vertex 199.95905700325966 3.6479619964957237 0
      vertex 207.2799250036478 3.2054110020399094 0
    endloop
  endfacet
  facet normal 0 0 -1
    outer loop
      vertex 152.13774199783802 41.760572999715805 0
      vertex 154.1847120001912 42.277134999632835 0
      vertex 154.59635899960995 42.373349003493786 0
    endloop
  endfacet
  facet normal 0 0 -1
    outer loop
      vertex 221.78823199868202 16.647308997809887 0
      vertex 265.30868999660015 16.524310000240803 0
      vertex 260.2432710006833 16.524999998509884 0
    endloop
  endfacet
  facet normal 0 0 -1
    outer loop
      vertex 221.78823199868202 16.647308997809887 0
      vertex 260.2432710006833 16.524999998509884 0
      vertex 246.2727290019393 16.524999998509884 0
    endloop
  endfacet
  facet normal 0 0 -1
    outer loop
      vertex 221.78823199868202 16.647308997809887 0
      vertex 246.2727290019393 16.524999998509884 0
      vertex 241.18615999817848 16.530110001564026 0
    endloop
  endfacet
  facet normal 0 0 -1
    outer loop
      vertex 221.78823199868202 16.647308997809887 0
      vertex 241.18615999817848 16.530110001564026 0
      vertex 227.21564999967813 16.55985800176859 0
    endloop
  endfacet
  facet normal 0 0 -1
    outer loop
      vertex 221.78823199868202 16.647308997809887 0
      vertex 227.21564999967813 16.55985800176859 0
      vertex 227.20160900056362 16.55919799953699 0
    endloop
  endfacet
  facet normal 0 0 -1
    outer loop
      vertex 221.25558900088072 2.6869250014424324 0
      vertex 221.78823199868202 16.647308997809887 0
      vertex 227.20160900056362 16.55919799953699 0
    endloop
  endfacet
  facet normal 0 0 -1
    outer loop
      vertex 221.25558900088072 2.6869250014424324 0
      vertex 227.20160900056362 16.55919799953699 0
      vertex 221.61056499928236 -2.870379000902176 0
    endloop
  endfacet
  facet normal 0 0 -1
    outer loop
      vertex 221.2543639987707 2.6729220002889633 0
      vertex 221.25558900088072 2.6869250014424324 0
      vertex 221.61056499928236 -2.870379000902176 0
    endloop
  endfacet
  facet normal 0 0 -1
    outer loop
      vertex 221.24030900001526 2.672767996788025 0
      vertex 221.2543639987707 2.6729220002889633 0
      vertex 221.61056499928236 -2.870379000902176 0
    endloop
  endfacet
  facet normal 0 0 -1
    outer loop
      vertex 207.2799250036478 3.2054110020399094 0
      vertex 221.24030900001526 2.672767996788025 0
      vertex 221.61056499928236 -2.870379000902176 0
    endloop
  endfacet
  facet normal 0 0 -1
    outer loop
      vertex 199.94501099735498 3.6485010012984276 0
      vertex 207.2799250036478 3.2054110020399094 0
      vertex 221.61056499928236 -2.870379000902176 0
    endloop
  endfacet
  facet normal 0 0 -1
    outer loop
      vertex 199.94501099735498 3.6485010012984276 0
      vertex 221.61056499928236 -2.870379000902176 0
      vertex 165.4871869981289 1.5632560029625893 0
    endloop
  endfacet
  facet normal 0 0 -1
    outer loop
      vertex 186.02788700163364 4.869029000401497 0
      vertex 199.94501099735498 3.6485010012984276 0
      vertex 165.4871869981289 1.5632560029625893 0
    endloop
  endfacet
  facet normal 0 0 -1
    outer loop
      vertex 178.82594600319862 5.604241997003555 0
      vertex 186.02788700163364 4.869029000401497 0
      vertex 165.4871869981289 1.5632560029625893 0
    endloop
  endfacet
  facet normal 0 0 -1
    outer loop
      vertex 164.94520899653435 7.185751996934414 0
      vertex 178.82594600319862 5.604241997003555 0
      vertex 165.4871869981289 1.5632560029625893 0
    endloop
  endfacet
  facet normal 0 0 -1
    outer loop
      vertex 164.9313379973173 7.188027001917362 0
      vertex 164.94520899653435 7.185751996934414 0
      vertex 165.4871869981289 1.5632560029625893 0
    endloop
  endfacet
  facet normal 0 0 -1
    outer loop
      vertex 233.55560100078583 35.58855699747801 0
      vertex 295.485270999372 35.57500000298023 0
      vertex 281.514729000628 35.57500000298023 0
    endloop
  endfacet
  facet normal 0 0 -1
    outer loop
      vertex 224.80365300178528 73.74547400325537 0
      vertex 268.165689997375 73.67430999875069 0
      vertex 263.10027100145817 73.67499999701977 0
    endloop
  endfacet
  facet normal 0 0 -1
    outer loop
      vertex 224.80365300178528 73.74547400325537 0
      vertex 263.10027100145817 73.67499999701977 0
      vertex 249.12972900271416 73.67499999701977 0
    endloop
  endfacet
  facet normal 0 0 -1
    outer loop
      vertex 224.80365300178528 73.74547400325537 0
      vertex 249.12972900271416 73.67499999701977 0
      vertex 244.0479350015521 73.67634200304747 0
    endloop
  endfacet
  facet normal 0 0 -1
    outer loop
      vertex 224.80365300178528 73.74547400325537 0
      vertex 244.0479350015521 73.67634200304747 0
      vertex 230.0773949995637 73.68365699797869 0
    endloop
  endfacet
  facet normal 0 0 -1
    outer loop
      vertex 224.80365300178528 73.74547400325537 0
      vertex 230.0773949995637 73.68365699797869 0
      vertex 230.06335599720478 73.68297400325537 0
    endloop
  endfacet
  facet normal 0 0 -1
    outer loop
      vertex 224.80365300178528 73.74547400325537 0
      vertex 230.06335599720478 73.68297400325537 0
      vertex 230.06265799701214 73.66893500089645 0
    endloop
  endfacet
  facet normal 0 0 -1
    outer loop
      vertex 224.80365300178528 73.74547400325537 0
      vertex 230.06265799701214 73.66893500089645 0
      vertex 230.05534300208092 59.69839499890804 0
    endloop
  endfacet
  facet normal 0 0 -1
    outer loop
      vertex 224.37165199965239 59.78161299973726 0
      vertex 224.80365300178528 73.74547400325537 0
      vertex 230.05534300208092 59.69839499890804 0
    endloop
  endfacet
  facet normal 0 0 -1
    outer loop
      vertex 224.37052799761295 59.76760199666023 0
      vertex 224.37165199965239 59.78161299973726 0
      vertex 230.05534300208092 59.69839499890804 0
    endloop
  endfacet
  facet normal 0 0 -1
    outer loop
      vertex 224.37052799761295 59.76760199666023 0
      vertex 230.05534300208092 59.69839499890804 0
      vertex 174.77671000361443 58.26764799654484 0
    endloop
  endfacet
  facet normal 0 0 -1
    outer loop
      vertex 224.3564739972353 59.7673470005393 0
      vertex 224.37052799761295 59.76760199666023 0
      vertex 174.77671000361443 58.26764799654484 0
    endloop
  endfacet
  facet normal 0 0 -1
    outer loop
      vertex 210.39261300116777 60.199348002672195 0
      vertex 224.3564739972353 59.7673470005393 0
      vertex 174.77671000361443 58.26764799654484 0
    endloop
  endfacet
  facet normal 0 0 -1
    outer loop
      vertex 203.17661400139332 60.582235999405384 0
      vertex 210.39261300116777 60.199348002672195 0
      vertex 174.77671000361443 58.26764799654484 0
    endloop
  endfacet
  facet normal 0 0 -1
    outer loop
      vertex 189.25074099749327 61.69852700084448 0
      vertex 203.17661400139332 60.582235999405384 0
      vertex 174.77671000361443 58.26764799654484 0
    endloop
  endfacet
  facet normal 0 0 -1
    outer loop
      vertex 181.92513599991798 62.41056899726391 0
      vertex 189.25074099749327 61.69852700084448 0
      vertex 174.77671000361443 58.26764799654484 0
    endloop
  endfacet
  facet normal 0 0 -1
    outer loop
      vertex 168.0435450002551 63.98456899821758 0
      vertex 181.92513599991798 62.41056899726391 0
      vertex 174.77671000361443 58.26764799654484 0
    endloop
  endfacet
  facet normal 0 0 -1
    outer loop
      vertex 155.45784100145102 42.640496999025345 0
      vertex 168.0435450002551 63.98456899821758 0
      vertex 174.77671000361443 58.26764799654484 0
    endloop
  endfacet
  facet normal 0 0 -1
    outer loop
      vertex 155.45784100145102 42.640496999025345 0
      vertex 174.77671000361443 58.26764799654484 0
      vertex 174.77449099719524 58.25376799702644 0
    endloop
  endfacet
  facet normal 0 0 -1
    outer loop
      vertex 155.45784100145102 42.640496999025345 0
      vertex 174.77449099719524 58.25376799702644 0
      vertex 173.2491990029812 44.36674100160599 0
    endloop
  endfacet
  facet normal 0 0 -1
    outer loop
      vertex 155.45784100145102 42.640496999025345 0
      vertex 173.2491990029812 44.36674100160599 0
      vertex 173.2483519986272 44.352710001170635 0
    endloop
  endfacet
  facet normal 0 0 -1
    outer loop
      vertex 155.43645799905062 42.6302620023489 0
      vertex 155.45784100145102 42.640496999025345 0
      vertex 173.2483519986272 44.352710001170635 0
    endloop
  endfacet
  facet normal 0 0 -1
    outer loop
      vertex 155.36024399846792 42.59826400130987 0
      vertex 155.43645799905062 42.6302620023489 0
      vertex 173.2483519986272 44.352710001170635 0
    endloop
  endfacet
  facet normal 0 0 -1
    outer loop
      vertex 155.3196040019393 42.58323899656534 0
      vertex 155.36024399846792 42.59826400130987 0
      vertex 173.2483519986272 44.352710001170635 0
    endloop
  endfacet
  facet normal 0 0 -1
    outer loop
      vertex 155.3196040019393 42.58323899656534 0
      vertex 173.2483519986272 44.352710001170635 0
      vertex 173.26223199814558 44.350491002202034 0
    endloop
  endfacet
  facet normal 0 0 -1
    outer loop
      vertex 155.00438699871302 42.48199799656868 0
      vertex 155.3196040019393 42.58323899656534 0
      vertex 173.26223199814558 44.350491002202034 0
    endloop
  endfacet
  facet normal 0 0 -1
    outer loop
      vertex 155.00438699871302 42.48199799656868 0
      vertex 173.26223199814558 44.350491002202034 0
      vertex 187.14925900101662 42.825199000537395 0
    endloop
  endfacet
  facet normal 0 0 -1
    outer loop
      vertex 154.97963699698448 42.474748000502586 0
      vertex 155.00438699871302 42.48199799656868 0
      vertex 187.14925900101662 42.825199000537395 0
    endloop
  endfacet
  facet normal 0 0 -1
    outer loop
      vertex 154.6106510013342 42.376914002001286 0
      vertex 154.97963699698448 42.474748000502586 0
      vertex 187.14925900101662 42.825199000537395 0
    endloop
  endfacet
  facet normal 0 0 -1
    outer loop
      vertex 154.59635899960995 42.373349003493786 0
      vertex 154.6106510013342 42.376914002001286 0
      vertex 187.14925900101662 42.825199000537395 0
    endloop
  endfacet
  facet normal 0 0 -1
    outer loop
      vertex 152.13774199783802 41.760572999715805 0
      vertex 154.59635899960995 42.373349003493786 0
      vertex 187.14925900101662 42.825199000537395 0
    endloop
  endfacet
  facet normal 0 0 -1
    outer loop
      vertex 152.13774199783802 41.760572999715805 0
      vertex 187.14925900101662 42.825199000537395 0
      vertex 194.6153210029006 42.17028799653053 0
    endloop
  endfacet
  facet normal 0 0 -1
    outer loop
      vertex 152.13774199783802 41.760572999715805 0
      vertex 194.6153210029006 42.17028799653053 0
      vertex 208.55402299761772 41.227618999779224 0
    endloop
  endfacet
  facet normal 0 0 -1
    outer loop
      vertex 152.13774199783802 41.760572999715805 0
      vertex 208.55402299761772 41.227618999779224 0
      vertex 215.47439499944448 40.94163800030947 0
    endloop
  endfacet
  facet normal 0 0 -1
    outer loop
      vertex 152.13774199783802 41.760572999715805 0
      vertex 215.47439499944448 40.94163800030947 0
      vertex 229.44235199689865 40.67295199632645 0
    endloop
  endfacet
  facet normal 0 0 -1
    outer loop
      vertex 229.72604800015688 54.655351996421814 0
      vertex 280.07169000059366 54.62431000173092 0
      vertex 267.8622710034251 54.625 0
    endloop
  endfacet
  facet normal 0 0 -1
    outer loop
      vertex 229.72604800015688 54.655351996421814 0
      vertex 267.8622710034251 54.625 0
      vertex 253.89172899723053 54.625 0
    endloop
  endfacet
  facet normal 0 0 -1
    outer loop
      vertex 229.72604800015688 54.655351996421814 0
      vertex 253.89172899723053 54.625 0
      vertex 248.81327100098133 54.625 0
    endloop
  endfacet
  facet normal 0 0 -1
    outer loop
      vertex 229.72604800015688 54.655351996421814 0
      vertex 248.81327100098133 54.625 0
      vertex 234.84272900223732 54.625 0
    endloop
  endfacet
  facet normal 0 0 -1
    outer loop
      vertex 229.72604800015688 54.655351996421814 0
      vertex 234.84272900223732 54.625 0
      vertex 234.8286899998784 54.62431000173092 0
    endloop
  endfacet
  facet normal 0 0 -1
    outer loop
      vertex 229.72604800015688 54.655351996421814 0
      vertex 234.8286899998784 54.62431000173092 0
      vertex 234.82800000160933 54.610270999372005 0
    endloop
  endfacet
  facet normal 0 0 -1
    outer loop
      vertex 229.72604800015688 54.655351996421814 0
      vertex 234.82800000160933 54.610270999372005 0
      vertex 234.82800000160933 40.639729000627995 0
    endloop
  endfacet
  facet normal 0 0 -1
    outer loop
      vertex 229.45736200362444 40.68739499896765 0
      vertex 229.72604800015688 54.655351996421814 0
      vertex 234.82800000160933 40.639729000627995 0
    endloop
  endfacet
  facet normal 0 0 -1
    outer loop
      vertex 229.4564030021429 40.673371002078056 0
      vertex 229.45736200362444 40.68739499896765 0
      vertex 234.82800000160933 40.639729000627995 0
    endloop
  endfacet
  facet normal 0 0 -1
    outer loop
      vertex 229.44235199689865 40.67295199632645 0
      vertex 229.4564030021429 40.673371002078056 0
      vertex 234.82800000160933 40.639729000627995 0
    endloop
  endfacet
  facet normal 0 0 -1
    outer loop
      vertex 229.44235199689865 40.67295199632645 0
      vertex 234.82800000160933 40.639729000627995 0
      vertex 158.61202699691057 41.04766199737787 0
    endloop
  endfacet
  facet normal 0 0 -1
    outer loop
      vertex 152.13774199783802 41.760572999715805 0
      vertex 229.44235199689865 40.67295199632645 0
      vertex 158.61202699691057 41.04766199737787 0
    endloop
  endfacet
  facet normal 0 0 -1
    outer loop
      vertex 152.13774199783802 41.760572999715805 0
      vertex 158.61202699691057 41.04766199737787 0
      vertex 158.6097519993782 41.03379099816084 0
    endloop
  endfacet
  facet normal 0 0 -1
    outer loop
      vertex 152.13774199783802 41.760572999715805 0
      vertex 158.6097519993782 41.03379099816084 0
      vertex 157.02824199944735 27.153053998947144 0
    endloop
  endfacet
  facet normal 0 0 -1
    outer loop
      vertex 152.13774199783802 41.760572999715805 0
      vertex 157.02824199944735 27.153053998947144 0
      vertex 157.02733799815178 27.139026999473572 0
    endloop
  endfacet
  facet normal 0 0 -1
    outer loop
      vertex 165.4871869981289 1.5632560029625893 0
      vertex 152.13774199783802 41.760572999715805 0
      vertex 157.02733799815178 27.139026999473572 0
    endloop
  endfacet
  facet normal 0 0 -1
    outer loop
      vertex 164.9313379973173 7.188027001917362 0
      vertex 165.4871869981289 1.5632560029625893 0
      vertex 157.02733799815178 27.139026999473572 0
    endloop
  endfacet
  facet normal 0 0 -1
    outer loop
      vertex 164.93224199861288 7.202054001390934 0
      vertex 164.9313379973173 7.188027001917362 0
      vertex 157.02733799815178 27.139026999473572 0
    endloop
  endfacet
  facet normal 0 0 -1
    outer loop
      vertex 166.51375199854374 21.08279100060463 0
      vertex 164.93224199861288 7.202054001390934 0
      vertex 157.02733799815178 27.139026999473572 0
    endloop
  endfacet
  facet normal 0 0 -1
    outer loop
      vertex 166.51375199854374 21.08279100060463 0
      vertex 157.02733799815178 27.139026999473572 0
      vertex 157.0412089973688 27.136752001941204 0
    endloop
  endfacet
  facet normal 0 0 -1
    outer loop
      vertex 166.5160270035267 21.096661999821663 0
      vertex 166.51375199854374 21.08279100060463 0
      vertex 157.0412089973688 27.136752001941204 0
    endloop
  endfacet
  facet normal 0 0 -1
    outer loop
      vertex 166.5160270035267 21.096661999821663 0
      vertex 157.0412089973688 27.136752001941204 0
      vertex 170.9219459965825 25.555242002010345 0
    endloop
  endfacet
  facet normal 0 0 -1
    outer loop
      vertex 166.5160270035267 21.096661999821663 0
      vertex 170.9219459965825 25.555242002010345 0
      vertex 177.48045100271702 24.8366210013628 0
    endloop
  endfacet
  facet normal 0 0 -1
    outer loop
      vertex 166.5160270035267 21.096661999821663 0
      vertex 177.48045100271702 24.8366210013628 0
      vertex 191.37519799917936 23.38333400338888 0
    endloop
  endfacet
  facet normal 0 0 -1
    outer loop
      vertex 166.5160270035267 21.096661999821663 0
      vertex 191.37519799917936 23.38333400338888 0
      vertex 198.87413399666548 22.786964997649193 0
    endloop
  endfacet
  facet normal 0 0 -1
    outer loop
      vertex 166.5160270035267 21.096661999821663 0
      vertex 198.87413399666548 22.786964997649193 0
      vertex 212.82148200273514 21.982277996838093 0
    endloop
  endfacet
  facet normal 0 0 -1
    outer loop
      vertex 166.5160270035267 21.096661999821663 0
      vertex 212.82148200273514 21.982277996838093 0
      vertex 219.40895599871874 21.766543999314308 0
    endloop
  endfacet
  facet normal 0 0 -1
    outer loop
      vertex 166.5160270035267 21.096661999821663 0
      vertex 219.40895599871874 21.766543999314308 0
      vertex 233.37855699658394 21.604399003088474 0
    endloop
  endfacet
  facet normal 0 0 -1
    outer loop
      vertex 238.63799999654293 21.589729003608227 0
      vertex 166.5160270035267 21.096661999821663 0
      vertex 233.37855699658394 21.604399003088474 0
    endloop
  endfacet
  facet normal 0 0 -1
    outer loop
      vertex 238.63799999654293 21.589729003608227 0
      vertex 233.37855699658394 21.604399003088474 0
      vertex 233.3926040008664 21.604925997555256 0
    endloop
  endfacet
  facet normal 0 0 -1
    outer loop
      vertex 238.63799999654293 21.589729003608227 0
      vertex 233.3926040008664 21.604925997555256 0
      vertex 233.3934559971094 21.61895599961281 0
    endloop
  endfacet
  facet normal 0 0 -1
    outer loop
      vertex 238.63799999654293 21.589729003608227 0
      vertex 233.3934559971094 21.61895599961281 0
      vertex 233.55560100078583 35.58855699747801 0
    endloop
  endfacet
  facet normal 0 0 -1
    outer loop
      vertex 238.63799999654293 35.56027100235224 0
      vertex 238.63799999654293 21.589729003608227 0
      vertex 233.55560100078583 35.58855699747801 0
    endloop
  endfacet
  facet normal 0 0 -1
    outer loop
      vertex 238.6386900022626 35.57430999726057 0
      vertex 238.63799999654293 35.56027100235224 0
      vertex 233.55560100078583 35.58855699747801 0
    endloop
  endfacet
  facet normal 0 0 -1
    outer loop
      vertex 238.65272899717093 35.57500000298023 0
      vertex 238.6386900022626 35.57430999726057 0
      vertex 233.55560100078583 35.58855699747801 0
    endloop
  endfacet
  facet normal 0 0 -1
    outer loop
      vertex 252.62327100336552 35.57500000298023 0
      vertex 238.65272899717093 35.57500000298023 0
      vertex 233.55560100078583 35.58855699747801 0
    endloop
  endfacet
  facet normal 0 0 -1
    outer loop
      vertex 233.55560100078583 35.58855699747801 0
      vertex 281.514729000628 35.57500000298023 0
      vertex 271.6732710003853 35.57500000298023 0
    endloop
  endfacet
  facet normal 0 0 -1
    outer loop
      vertex 233.55560100078583 35.58855699747801 0
      vertex 271.6732710003853 35.57500000298023 0
      vertex 257.7027290016413 35.57500000298023 0
    endloop
  endfacet
  facet normal 0 0 -1
    outer loop
      vertex 252.62327100336552 35.57500000298023 0
      vertex 233.55560100078583 35.58855699747801 0
      vertex 257.7027290016413 35.57500000298023 0
    endloop
  endfacet
endsolid OpenSCAD_Model
