ISO-10303-21;
HEADER;
FILE_DESCRIPTION(('FreeCAD Model'),'2;1');
FILE_NAME('Open CASCADE Shape Model','2026-09-21T10:21:45',('Author'),(
    ''),'Open CASCADE STEP processor 7.8','FreeCAD','Unknown');
FILE_SCHEMA(('AUTOMOTIVE_DESIGN { 1 0 10303 214 1 1 1 1 }'));
ENDSEC;
DATA;
#1 = APPLICATION_PROTOCOL_DEFINITION('international standard',
  'automotive_design',2000,#2);
#2 = APPLICATION_CONTEXT(
  'core data for automotive mechanical design processes');
#3 = SHAPE_DEFINITION_REPRESENTATION(#4,#10);
#4 = PRODUCT_DEFINITION_SHAPE('','',#5);
#5 = PRODUCT_DEFINITION('design','',#6,#9);
#6 = PRODUCT_DEFINITION_FORMATION('','',#7);
#7 = PRODUCT('Symm60HE_Fixed_Tent_Pogo_Module',
  'Symm60HE_Fixed_Tent_Pogo_Module','',(#8));
#8 = PRODUCT_CONTEXT('',#2,'mechanical');
#9 = PRODUCT_DEFINITION_CONTEXT('part definition',#2,'design');
#10 = SHAPE_REPRESENTATION('',(#11,#15,#19,#23,#27,#31,#35,#39,#43,#47,
    #51,#55,#59,#63,#67,#71,#75,#79,#83,#87,#91,#95,#99,#103,#107,#111,
    #115,#119),#123);
#11 = AXIS2_PLACEMENT_3D('',#12,#13,#14);
#12 = CARTESIAN_POINT('',(0.,0.,0.));
#13 = DIRECTION('',(0.,0.,1.));
#14 = DIRECTION('',(1.,0.,-0.));
#15 = AXIS2_PLACEMENT_3D('',#16,#17,#18);
#16 = CARTESIAN_POINT('',(0.,0.,0.));
#17 = DIRECTION('',(0.,0.,1.));
#18 = DIRECTION('',(1.,0.,0.));
#19 = AXIS2_PLACEMENT_3D('',#20,#21,#22);
#20 = CARTESIAN_POINT('',(0.,0.,0.));
#21 = DIRECTION('',(0.,0.,1.));
#22 = DIRECTION('',(1.,0.,0.));
#23 = AXIS2_PLACEMENT_3D('',#24,#25,#26);
#24 = CARTESIAN_POINT('',(0.,0.,0.));
#25 = DIRECTION('',(0.,0.,1.));
#26 = DIRECTION('',(1.,0.,0.));
#27 = AXIS2_PLACEMENT_3D('',#28,#29,#30);
#28 = CARTESIAN_POINT('',(0.,0.,0.));
#29 = DIRECTION('',(0.,0.,1.));
#30 = DIRECTION('',(1.,0.,0.));
#31 = AXIS2_PLACEMENT_3D('',#32,#33,#34);
#32 = CARTESIAN_POINT('',(0.,0.,0.));
#33 = DIRECTION('',(0.,0.,1.));
#34 = DIRECTION('',(1.,0.,0.));
#35 = AXIS2_PLACEMENT_3D('',#36,#37,#38);
#36 = CARTESIAN_POINT('',(0.,0.,0.));
#37 = DIRECTION('',(0.,0.,1.));
#38 = DIRECTION('',(1.,0.,0.));
#39 = AXIS2_PLACEMENT_3D('',#40,#41,#42);
#40 = CARTESIAN_POINT('',(0.,0.,0.));
#41 = DIRECTION('',(0.,0.,1.));
#42 = DIRECTION('',(1.,0.,0.));
#43 = AXIS2_PLACEMENT_3D('',#44,#45,#46);
#44 = CARTESIAN_POINT('',(0.,0.,0.));
#45 = DIRECTION('',(0.,0.,1.));
#46 = DIRECTION('',(1.,0.,0.));
#47 = AXIS2_PLACEMENT_3D('',#48,#49,#50);
#48 = CARTESIAN_POINT('',(0.,0.,0.));
#49 = DIRECTION('',(0.,0.,1.));
#50 = DIRECTION('',(1.,0.,0.));
#51 = AXIS2_PLACEMENT_3D('',#52,#53,#54);
#52 = CARTESIAN_POINT('',(0.,0.,0.));
#53 = DIRECTION('',(0.,0.,1.));
#54 = DIRECTION('',(1.,0.,0.));
#55 = AXIS2_PLACEMENT_3D('',#56,#57,#58);
#56 = CARTESIAN_POINT('',(0.,0.,0.));
#57 = DIRECTION('',(0.,0.,1.));
#58 = DIRECTION('',(1.,0.,0.));
#59 = AXIS2_PLACEMENT_3D('',#60,#61,#62);
#60 = CARTESIAN_POINT('',(0.,0.,0.));
#61 = DIRECTION('',(0.,0.,1.));
#62 = DIRECTION('',(1.,0.,0.));
#63 = AXIS2_PLACEMENT_3D('',#64,#65,#66);
#64 = CARTESIAN_POINT('',(0.,0.,0.));
#65 = DIRECTION('',(0.,0.,1.));
#66 = DIRECTION('',(1.,0.,0.));
#67 = AXIS2_PLACEMENT_3D('',#68,#69,#70);
#68 = CARTESIAN_POINT('',(0.,0.,0.));
#69 = DIRECTION('',(0.,0.,1.));
#70 = DIRECTION('',(1.,0.,0.));
#71 = AXIS2_PLACEMENT_3D('',#72,#73,#74);
#72 = CARTESIAN_POINT('',(0.,0.,0.));
#73 = DIRECTION('',(0.,0.,1.));
#74 = DIRECTION('',(1.,0.,0.));
#75 = AXIS2_PLACEMENT_3D('',#76,#77,#78);
#76 = CARTESIAN_POINT('',(0.,0.,0.));
#77 = DIRECTION('',(0.,0.,1.));
#78 = DIRECTION('',(1.,0.,0.));
#79 = AXIS2_PLACEMENT_3D('',#80,#81,#82);
#80 = CARTESIAN_POINT('',(0.,0.,0.));
#81 = DIRECTION('',(0.,0.,1.));
#82 = DIRECTION('',(1.,0.,0.));
#83 = AXIS2_PLACEMENT_3D('',#84,#85,#86);
#84 = CARTESIAN_POINT('',(0.,0.,0.));
#85 = DIRECTION('',(0.,0.,1.));
#86 = DIRECTION('',(1.,0.,0.));
#87 = AXIS2_PLACEMENT_3D('',#88,#89,#90);
#88 = CARTESIAN_POINT('',(0.,0.,0.));
#89 = DIRECTION('',(0.,0.,1.));
#90 = DIRECTION('',(1.,0.,0.));
#91 = AXIS2_PLACEMENT_3D('',#92,#93,#94);
#92 = CARTESIAN_POINT('',(0.,0.,0.));
#93 = DIRECTION('',(0.,0.,1.));
#94 = DIRECTION('',(1.,0.,0.));
#95 = AXIS2_PLACEMENT_3D('',#96,#97,#98);
#96 = CARTESIAN_POINT('',(0.,0.,0.));
#97 = DIRECTION('',(0.,0.,1.));
#98 = DIRECTION('',(1.,0.,0.));
#99 = AXIS2_PLACEMENT_3D('',#100,#101,#102);
#100 = CARTESIAN_POINT('',(0.,0.,0.));
#101 = DIRECTION('',(0.,0.,1.));
#102 = DIRECTION('',(1.,0.,0.));
#103 = AXIS2_PLACEMENT_3D('',#104,#105,#106);
#104 = CARTESIAN_POINT('',(0.,0.,0.));
#105 = DIRECTION('',(0.,0.,1.));
#106 = DIRECTION('',(1.,0.,0.));
#107 = AXIS2_PLACEMENT_3D('',#108,#109,#110);
#108 = CARTESIAN_POINT('',(0.,0.,0.));
#109 = DIRECTION('',(0.,0.,1.));
#110 = DIRECTION('',(1.,0.,0.));
#111 = AXIS2_PLACEMENT_3D('',#112,#113,#114);
#112 = CARTESIAN_POINT('',(0.,0.,0.));
#113 = DIRECTION('',(0.,0.,1.));
#114 = DIRECTION('',(1.,0.,0.));
#115 = AXIS2_PLACEMENT_3D('',#116,#117,#118);
#116 = CARTESIAN_POINT('',(0.,0.,0.));
#117 = DIRECTION('',(0.,0.,1.));
#118 = DIRECTION('',(1.,0.,0.));
#119 = AXIS2_PLACEMENT_3D('',#120,#121,#122);
#120 = CARTESIAN_POINT('',(0.,0.,0.));
#121 = DIRECTION('',(0.,0.,1.));
#122 = DIRECTION('',(1.,0.,0.));
#123 = ( GEOMETRIC_REPRESENTATION_CONTEXT(3) 
GLOBAL_UNCERTAINTY_ASSIGNED_CONTEXT((#127)) GLOBAL_UNIT_ASSIGNED_CONTEXT
((#124,#125,#126)) REPRESENTATION_CONTEXT('Context #1',
  '3D Context with UNIT and UNCERTAINTY') );
#124 = ( LENGTH_UNIT() NAMED_UNIT(*) SI_UNIT(.MILLI.,.METRE.) );
#125 = ( NAMED_UNIT(*) PLANE_ANGLE_UNIT() SI_UNIT($,.RADIAN.) );
#126 = ( NAMED_UNIT(*) SI_UNIT($,.STERADIAN.) SOLID_ANGLE_UNIT() );
#127 = UNCERTAINTY_MEASURE_WITH_UNIT(LENGTH_MEASURE(1.E-07),#124,
  'distance_accuracy_value','confusion accuracy');
#128 = PRODUCT_RELATED_PRODUCT_CATEGORY('part',$,(#7));
#129 = SHAPE_DEFINITION_REPRESENTATION(#130,#136);
#130 = PRODUCT_DEFINITION_SHAPE('','',#131);
#131 = PRODUCT_DEFINITION('design','',#132,#135);
#132 = PRODUCT_DEFINITION_FORMATION('','',#133);
#133 = PRODUCT('Central printed tray','Central printed tray','',(#134));
#134 = PRODUCT_CONTEXT('',#2,'mechanical');
#135 = PRODUCT_DEFINITION_CONTEXT('part definition',#2,'design');
#136 = ADVANCED_BREP_SHAPE_REPRESENTATION('',(#11,#137),#1203);
#137 = MANIFOLD_SOLID_BREP('',#138);
#138 = CLOSED_SHELL('',(#139,#211,#317,#357,#381,#421,#520,#544,#612,
    #629,#653,#695,#719,#743,#767,#801,#825,#865,#893,#910,#1011,#1028,
    #1059,#1076,#1102,#1119,#1136,#1153,#1174,#1191));
#139 = ADVANCED_FACE('',(#140),#206,.F.);
#140 = FACE_BOUND('',#141,.F.);
#141 = EDGE_LOOP('',(#142,#152,#160,#168,#176,#184,#192,#200));
#142 = ORIENTED_EDGE('',*,*,#143,.F.);
#143 = EDGE_CURVE('',#144,#146,#148,.T.);
#144 = VERTEX_POINT('',#145);
#145 = CARTESIAN_POINT('',(-16.,-30.5,3.2));
#146 = VERTEX_POINT('',#147);
#147 = CARTESIAN_POINT('',(-16.,-5.,3.2));
#148 = LINE('',#149,#150);
#149 = CARTESIAN_POINT('',(-16.,-30.5,3.2));
#150 = VECTOR('',#151,1.);
#151 = DIRECTION('',(-0.,1.,0.));
#152 = ORIENTED_EDGE('',*,*,#153,.F.);
#153 = EDGE_CURVE('',#154,#144,#156,.T.);
#154 = VERTEX_POINT('',#155);
#155 = CARTESIAN_POINT('',(-16.,-30.5,0.));
#156 = LINE('',#157,#158);
#157 = CARTESIAN_POINT('',(-16.,-30.5,0.));
#158 = VECTOR('',#159,1.);
#159 = DIRECTION('',(0.,0.,1.));
#160 = ORIENTED_EDGE('',*,*,#161,.T.);
#161 = EDGE_CURVE('',#154,#162,#164,.T.);
#162 = VERTEX_POINT('',#163);
#163 = CARTESIAN_POINT('',(-16.,30.5,0.));
#164 = LINE('',#165,#166);
#165 = CARTESIAN_POINT('',(-16.,-30.5,0.));
#166 = VECTOR('',#167,1.);
#167 = DIRECTION('',(-0.,1.,0.));
#168 = ORIENTED_EDGE('',*,*,#169,.T.);
#169 = EDGE_CURVE('',#162,#170,#172,.T.);
#170 = VERTEX_POINT('',#171);
#171 = CARTESIAN_POINT('',(-16.,30.5,3.2));
#172 = LINE('',#173,#174);
#173 = CARTESIAN_POINT('',(-16.,30.5,0.));
#174 = VECTOR('',#175,1.);
#175 = DIRECTION('',(0.,0.,1.));
#176 = ORIENTED_EDGE('',*,*,#177,.F.);
#177 = EDGE_CURVE('',#178,#170,#180,.T.);
#178 = VERTEX_POINT('',#179);
#179 = CARTESIAN_POINT('',(-16.,5.,3.2));
#180 = LINE('',#181,#182);
#181 = CARTESIAN_POINT('',(-16.,-30.5,3.2));
#182 = VECTOR('',#183,1.);
#183 = DIRECTION('',(-0.,1.,0.));
#184 = ORIENTED_EDGE('',*,*,#185,.F.);
#185 = EDGE_CURVE('',#186,#178,#188,.T.);
#186 = VERTEX_POINT('',#187);
#187 = CARTESIAN_POINT('',(-16.,5.,1.));
#188 = LINE('',#189,#190);
#189 = CARTESIAN_POINT('',(-16.,5.,0.5));
#190 = VECTOR('',#191,1.);
#191 = DIRECTION('',(0.,0.,1.));
#192 = ORIENTED_EDGE('',*,*,#193,.T.);
#193 = EDGE_CURVE('',#186,#194,#196,.T.);
#194 = VERTEX_POINT('',#195);
#195 = CARTESIAN_POINT('',(-16.,-5.,1.));
#196 = LINE('',#197,#198);
#197 = CARTESIAN_POINT('',(-16.,-17.75,1.));
#198 = VECTOR('',#199,1.);
#199 = DIRECTION('',(0.,-1.,0.));
#200 = ORIENTED_EDGE('',*,*,#201,.T.);
#201 = EDGE_CURVE('',#194,#146,#202,.T.);
#202 = LINE('',#203,#204);
#203 = CARTESIAN_POINT('',(-16.,-5.,0.5));
#204 = VECTOR('',#205,1.);
#205 = DIRECTION('',(0.,0.,1.));
#206 = PLANE('',#207);
#207 = AXIS2_PLACEMENT_3D('',#208,#209,#210);
#208 = CARTESIAN_POINT('',(-16.,-30.5,0.));
#209 = DIRECTION('',(1.,0.,-0.));
#210 = DIRECTION('',(0.,0.,1.));
#211 = ADVANCED_FACE('',(#212),#312,.T.);
#212 = FACE_BOUND('',#213,.T.);
#213 = EDGE_LOOP('',(#214,#215,#223,#231,#239,#247,#256,#265,#273,#281,
    #289,#298,#306));
#214 = ORIENTED_EDGE('',*,*,#143,.F.);
#215 = ORIENTED_EDGE('',*,*,#216,.T.);
#216 = EDGE_CURVE('',#144,#217,#219,.T.);
#217 = VERTEX_POINT('',#218);
#218 = CARTESIAN_POINT('',(16.,-30.5,3.2));
#219 = LINE('',#220,#221);
#220 = CARTESIAN_POINT('',(-16.,-30.5,3.2));
#221 = VECTOR('',#222,1.);
#222 = DIRECTION('',(1.,0.,-0.));
#223 = ORIENTED_EDGE('',*,*,#224,.T.);
#224 = EDGE_CURVE('',#217,#225,#227,.T.);
#225 = VERTEX_POINT('',#226);
#226 = CARTESIAN_POINT('',(16.,-5.,3.2));
#227 = LINE('',#228,#229);
#228 = CARTESIAN_POINT('',(16.,-30.5,3.2));
#229 = VECTOR('',#230,1.);
#230 = DIRECTION('',(-0.,1.,0.));
#231 = ORIENTED_EDGE('',*,*,#232,.T.);
#232 = EDGE_CURVE('',#225,#233,#235,.T.);
#233 = VERTEX_POINT('',#234);
#234 = CARTESIAN_POINT('',(14.2,-5.,3.2));
#235 = LINE('',#236,#237);
#236 = CARTESIAN_POINT('',(-1.,-5.,3.2));
#237 = VECTOR('',#238,1.);
#238 = DIRECTION('',(-1.,-0.,0.));
#239 = ORIENTED_EDGE('',*,*,#240,.F.);
#240 = EDGE_CURVE('',#241,#233,#243,.T.);
#241 = VERTEX_POINT('',#242);
#242 = CARTESIAN_POINT('',(14.2,-22.51339312526,3.2));
#243 = LINE('',#244,#245);
#244 = CARTESIAN_POINT('',(14.2,-29.6,3.2));
#245 = VECTOR('',#246,1.);
#246 = DIRECTION('',(-0.,1.,0.));
#247 = ORIENTED_EDGE('',*,*,#248,.F.);
#248 = EDGE_CURVE('',#249,#241,#251,.T.);
#249 = VERTEX_POINT('',#250);
#250 = CARTESIAN_POINT('',(15.9,-24.,3.2));
#251 = CIRCLE('',#252,1.5);
#252 = AXIS2_PLACEMENT_3D('',#253,#254,#255);
#253 = CARTESIAN_POINT('',(14.4,-24.,3.2));
#254 = DIRECTION('',(0.,0.,1.));
#255 = DIRECTION('',(1.,0.,-0.));
#256 = ORIENTED_EDGE('',*,*,#257,.F.);
#257 = EDGE_CURVE('',#258,#249,#260,.T.);
#258 = VERTEX_POINT('',#259);
#259 = CARTESIAN_POINT('',(14.2,-25.48660687473,3.2));
#260 = CIRCLE('',#261,1.5);
#261 = AXIS2_PLACEMENT_3D('',#262,#263,#264);
#262 = CARTESIAN_POINT('',(14.4,-24.,3.2));
#263 = DIRECTION('',(0.,0.,1.));
#264 = DIRECTION('',(1.,0.,-0.));
#265 = ORIENTED_EDGE('',*,*,#266,.F.);
#266 = EDGE_CURVE('',#267,#258,#269,.T.);
#267 = VERTEX_POINT('',#268);
#268 = CARTESIAN_POINT('',(14.2,-28.7,3.2));
#269 = LINE('',#270,#271);
#270 = CARTESIAN_POINT('',(14.2,-29.6,3.2));
#271 = VECTOR('',#272,1.);
#272 = DIRECTION('',(-0.,1.,0.));
#273 = ORIENTED_EDGE('',*,*,#274,.T.);
#274 = EDGE_CURVE('',#267,#275,#277,.T.);
#275 = VERTEX_POINT('',#276);
#276 = CARTESIAN_POINT('',(-14.2,-28.7,3.2));
#277 = LINE('',#278,#279);
#278 = CARTESIAN_POINT('',(-15.1,-28.7,3.2));
#279 = VECTOR('',#280,1.);
#280 = DIRECTION('',(-1.,-0.,0.));
#281 = ORIENTED_EDGE('',*,*,#282,.T.);
#282 = EDGE_CURVE('',#275,#283,#285,.T.);
#283 = VERTEX_POINT('',#284);
#284 = CARTESIAN_POINT('',(-14.2,-25.48660687473,3.2));
#285 = LINE('',#286,#287);
#286 = CARTESIAN_POINT('',(-14.2,-29.6,3.2));
#287 = VECTOR('',#288,1.);
#288 = DIRECTION('',(-0.,1.,0.));
#289 = ORIENTED_EDGE('',*,*,#290,.F.);
#290 = EDGE_CURVE('',#291,#283,#293,.T.);
#291 = VERTEX_POINT('',#292);
#292 = CARTESIAN_POINT('',(-14.2,-22.51339312526,3.2));
#293 = CIRCLE('',#294,1.5);
#294 = AXIS2_PLACEMENT_3D('',#295,#296,#297);
#295 = CARTESIAN_POINT('',(-14.4,-24.,3.2));
#296 = DIRECTION('',(0.,0.,1.));
#297 = DIRECTION('',(1.,0.,-0.));
#298 = ORIENTED_EDGE('',*,*,#299,.T.);
#299 = EDGE_CURVE('',#291,#300,#302,.T.);
#300 = VERTEX_POINT('',#301);
#301 = CARTESIAN_POINT('',(-14.2,-5.,3.2));
#302 = LINE('',#303,#304);
#303 = CARTESIAN_POINT('',(-14.2,-29.6,3.2));
#304 = VECTOR('',#305,1.);
#305 = DIRECTION('',(-0.,1.,0.));
#306 = ORIENTED_EDGE('',*,*,#307,.T.);
#307 = EDGE_CURVE('',#300,#146,#308,.T.);
#308 = LINE('',#309,#310);
#309 = CARTESIAN_POINT('',(-16.5,-5.,3.2));
#310 = VECTOR('',#311,1.);
#311 = DIRECTION('',(-1.,-0.,0.));
#312 = PLANE('',#313);
#313 = AXIS2_PLACEMENT_3D('',#314,#315,#316);
#314 = CARTESIAN_POINT('',(-16.,-30.5,3.2));
#315 = DIRECTION('',(0.,0.,1.));
#316 = DIRECTION('',(1.,0.,-0.));
#317 = ADVANCED_FACE('',(#318),#352,.T.);
#318 = FACE_BOUND('',#319,.T.);
#319 = EDGE_LOOP('',(#320,#328,#329,#330,#338,#346));
#320 = ORIENTED_EDGE('',*,*,#321,.F.);
#321 = EDGE_CURVE('',#194,#322,#324,.T.);
#322 = VERTEX_POINT('',#323);
#323 = CARTESIAN_POINT('',(-14.,-5.,1.));
#324 = LINE('',#325,#326);
#325 = CARTESIAN_POINT('',(-17.,-5.,1.));
#326 = VECTOR('',#327,1.);
#327 = DIRECTION('',(1.,0.,-0.));
#328 = ORIENTED_EDGE('',*,*,#201,.T.);
#329 = ORIENTED_EDGE('',*,*,#307,.F.);
#330 = ORIENTED_EDGE('',*,*,#331,.F.);
#331 = EDGE_CURVE('',#332,#300,#334,.T.);
#332 = VERTEX_POINT('',#333);
#333 = CARTESIAN_POINT('',(-14.2,-5.,1.2));
#334 = LINE('',#335,#336);
#335 = CARTESIAN_POINT('',(-14.2,-5.,1.1));
#336 = VECTOR('',#337,1.);
#337 = DIRECTION('',(0.,0.,1.));
#338 = ORIENTED_EDGE('',*,*,#339,.F.);
#339 = EDGE_CURVE('',#340,#332,#342,.T.);
#340 = VERTEX_POINT('',#341);
#341 = CARTESIAN_POINT('',(-14.,-5.,1.2));
#342 = LINE('',#343,#344);
#343 = CARTESIAN_POINT('',(-15.6,-5.,1.2));
#344 = VECTOR('',#345,1.);
#345 = DIRECTION('',(-1.,-0.,0.));
#346 = ORIENTED_EDGE('',*,*,#347,.F.);
#347 = EDGE_CURVE('',#322,#340,#348,.T.);
#348 = LINE('',#349,#350);
#349 = CARTESIAN_POINT('',(-14.,-5.,1.));
#350 = VECTOR('',#351,1.);
#351 = DIRECTION('',(0.,0.,1.));
#352 = PLANE('',#353);
#353 = AXIS2_PLACEMENT_3D('',#354,#355,#356);
#354 = CARTESIAN_POINT('',(-17.,-5.,1.));
#355 = DIRECTION('',(-0.,1.,0.));
#356 = DIRECTION('',(0.,0.,1.));
#357 = ADVANCED_FACE('',(#358),#376,.T.);
#358 = FACE_BOUND('',#359,.T.);
#359 = EDGE_LOOP('',(#360,#368,#369,#370));
#360 = ORIENTED_EDGE('',*,*,#361,.F.);
#361 = EDGE_CURVE('',#186,#362,#364,.T.);
#362 = VERTEX_POINT('',#363);
#363 = CARTESIAN_POINT('',(-14.,5.,1.));
#364 = LINE('',#365,#366);
#365 = CARTESIAN_POINT('',(-17.,5.,1.));
#366 = VECTOR('',#367,1.);
#367 = DIRECTION('',(1.,0.,-0.));
#368 = ORIENTED_EDGE('',*,*,#193,.T.);
#369 = ORIENTED_EDGE('',*,*,#321,.T.);
#370 = ORIENTED_EDGE('',*,*,#371,.T.);
#371 = EDGE_CURVE('',#322,#362,#372,.T.);
#372 = LINE('',#373,#374);
#373 = CARTESIAN_POINT('',(-14.,-5.,1.));
#374 = VECTOR('',#375,1.);
#375 = DIRECTION('',(-0.,1.,0.));
#376 = PLANE('',#377);
#377 = AXIS2_PLACEMENT_3D('',#378,#379,#380);
#378 = CARTESIAN_POINT('',(-17.,-5.,1.));
#379 = DIRECTION('',(0.,0.,1.));
#380 = DIRECTION('',(1.,0.,-0.));
#381 = ADVANCED_FACE('',(#382),#416,.F.);
#382 = FACE_BOUND('',#383,.F.);
#383 = EDGE_LOOP('',(#384,#385,#386,#394,#402,#410));
#384 = ORIENTED_EDGE('',*,*,#361,.F.);
#385 = ORIENTED_EDGE('',*,*,#185,.T.);
#386 = ORIENTED_EDGE('',*,*,#387,.F.);
#387 = EDGE_CURVE('',#388,#178,#390,.T.);
#388 = VERTEX_POINT('',#389);
#389 = CARTESIAN_POINT('',(-14.2,5.,3.2));
#390 = LINE('',#391,#392);
#391 = CARTESIAN_POINT('',(-16.5,5.,3.2));
#392 = VECTOR('',#393,1.);
#393 = DIRECTION('',(-1.,-0.,0.));
#394 = ORIENTED_EDGE('',*,*,#395,.F.);
#395 = EDGE_CURVE('',#396,#388,#398,.T.);
#396 = VERTEX_POINT('',#397);
#397 = CARTESIAN_POINT('',(-14.2,5.,1.2));
#398 = LINE('',#399,#400);
#399 = CARTESIAN_POINT('',(-14.2,5.,1.1));
#400 = VECTOR('',#401,1.);
#401 = DIRECTION('',(0.,0.,1.));
#402 = ORIENTED_EDGE('',*,*,#403,.F.);
#403 = EDGE_CURVE('',#404,#396,#406,.T.);
#404 = VERTEX_POINT('',#405);
#405 = CARTESIAN_POINT('',(-14.,5.,1.2));
#406 = LINE('',#407,#408);
#407 = CARTESIAN_POINT('',(-15.6,5.,1.2));
#408 = VECTOR('',#409,1.);
#409 = DIRECTION('',(-1.,-0.,0.));
#410 = ORIENTED_EDGE('',*,*,#411,.F.);
#411 = EDGE_CURVE('',#362,#404,#412,.T.);
#412 = LINE('',#413,#414);
#413 = CARTESIAN_POINT('',(-14.,5.,1.));
#414 = VECTOR('',#415,1.);
#415 = DIRECTION('',(0.,0.,1.));
#416 = PLANE('',#417);
#417 = AXIS2_PLACEMENT_3D('',#418,#419,#420);
#418 = CARTESIAN_POINT('',(-17.,5.,1.));
#419 = DIRECTION('',(-0.,1.,0.));
#420 = DIRECTION('',(0.,0.,1.));
#421 = ADVANCED_FACE('',(#422),#515,.T.);
#422 = FACE_BOUND('',#423,.T.);
#423 = EDGE_LOOP('',(#424,#434,#442,#448,#449,#450,#458,#467,#475,#483,
    #491,#500,#509));
#424 = ORIENTED_EDGE('',*,*,#425,.F.);
#425 = EDGE_CURVE('',#426,#428,#430,.T.);
#426 = VERTEX_POINT('',#427);
#427 = CARTESIAN_POINT('',(16.,5.,3.2));
#428 = VERTEX_POINT('',#429);
#429 = CARTESIAN_POINT('',(14.2,5.,3.2));
#430 = LINE('',#431,#432);
#431 = CARTESIAN_POINT('',(-1.,5.,3.2));
#432 = VECTOR('',#433,1.);
#433 = DIRECTION('',(-1.,-0.,0.));
#434 = ORIENTED_EDGE('',*,*,#435,.T.);
#435 = EDGE_CURVE('',#426,#436,#438,.T.);
#436 = VERTEX_POINT('',#437);
#437 = CARTESIAN_POINT('',(16.,30.5,3.2));
#438 = LINE('',#439,#440);
#439 = CARTESIAN_POINT('',(16.,-30.5,3.2));
#440 = VECTOR('',#441,1.);
#441 = DIRECTION('',(-0.,1.,0.));
#442 = ORIENTED_EDGE('',*,*,#443,.F.);
#443 = EDGE_CURVE('',#170,#436,#444,.T.);
#444 = LINE('',#445,#446);
#445 = CARTESIAN_POINT('',(-16.,30.5,3.2));
#446 = VECTOR('',#447,1.);
#447 = DIRECTION('',(1.,0.,-0.));
#448 = ORIENTED_EDGE('',*,*,#177,.F.);
#449 = ORIENTED_EDGE('',*,*,#387,.F.);
#450 = ORIENTED_EDGE('',*,*,#451,.T.);
#451 = EDGE_CURVE('',#388,#452,#454,.T.);
#452 = VERTEX_POINT('',#453);
#453 = CARTESIAN_POINT('',(-14.2,22.513393125268,3.2));
#454 = LINE('',#455,#456);
#455 = CARTESIAN_POINT('',(-14.2,-29.6,3.2));
#456 = VECTOR('',#457,1.);
#457 = DIRECTION('',(-0.,1.,0.));
#458 = ORIENTED_EDGE('',*,*,#459,.F.);
#459 = EDGE_CURVE('',#460,#452,#462,.T.);
#460 = VERTEX_POINT('',#461);
#461 = CARTESIAN_POINT('',(-14.2,25.486606874732,3.2));
#462 = CIRCLE('',#463,1.5);
#463 = AXIS2_PLACEMENT_3D('',#464,#465,#466);
#464 = CARTESIAN_POINT('',(-14.4,24.,3.2));
#465 = DIRECTION('',(0.,0.,1.));
#466 = DIRECTION('',(1.,0.,-0.));
#467 = ORIENTED_EDGE('',*,*,#468,.T.);
#468 = EDGE_CURVE('',#460,#469,#471,.T.);
#469 = VERTEX_POINT('',#470);
#470 = CARTESIAN_POINT('',(-14.2,28.7,3.2));
#471 = LINE('',#472,#473);
#472 = CARTESIAN_POINT('',(-14.2,-29.6,3.2));
#473 = VECTOR('',#474,1.);
#474 = DIRECTION('',(-0.,1.,0.));
#475 = ORIENTED_EDGE('',*,*,#476,.F.);
#476 = EDGE_CURVE('',#477,#469,#479,.T.);
#477 = VERTEX_POINT('',#478);
#478 = CARTESIAN_POINT('',(14.2,28.7,3.2));
#479 = LINE('',#480,#481);
#480 = CARTESIAN_POINT('',(-15.1,28.7,3.2));
#481 = VECTOR('',#482,1.);
#482 = DIRECTION('',(-1.,-0.,0.));
#483 = ORIENTED_EDGE('',*,*,#484,.F.);
#484 = EDGE_CURVE('',#485,#477,#487,.T.);
#485 = VERTEX_POINT('',#486);
#486 = CARTESIAN_POINT('',(14.2,25.486606874732,3.2));
#487 = LINE('',#488,#489);
#488 = CARTESIAN_POINT('',(14.2,-29.6,3.2));
#489 = VECTOR('',#490,1.);
#490 = DIRECTION('',(-0.,1.,0.));
#491 = ORIENTED_EDGE('',*,*,#492,.F.);
#492 = EDGE_CURVE('',#493,#485,#495,.T.);
#493 = VERTEX_POINT('',#494);
#494 = CARTESIAN_POINT('',(15.9,24.,3.2));
#495 = CIRCLE('',#496,1.5);
#496 = AXIS2_PLACEMENT_3D('',#497,#498,#499);
#497 = CARTESIAN_POINT('',(14.4,24.,3.2));
#498 = DIRECTION('',(0.,0.,1.));
#499 = DIRECTION('',(1.,0.,-0.));
#500 = ORIENTED_EDGE('',*,*,#501,.F.);
#501 = EDGE_CURVE('',#502,#493,#504,.T.);
#502 = VERTEX_POINT('',#503);
#503 = CARTESIAN_POINT('',(14.2,22.513393125268,3.2));
#504 = CIRCLE('',#505,1.5);
#505 = AXIS2_PLACEMENT_3D('',#506,#507,#508);
#506 = CARTESIAN_POINT('',(14.4,24.,3.2));
#507 = DIRECTION('',(0.,0.,1.));
#508 = DIRECTION('',(1.,0.,-0.));
#509 = ORIENTED_EDGE('',*,*,#510,.F.);
#510 = EDGE_CURVE('',#428,#502,#511,.T.);
#511 = LINE('',#512,#513);
#512 = CARTESIAN_POINT('',(14.2,-29.6,3.2));
#513 = VECTOR('',#514,1.);
#514 = DIRECTION('',(-0.,1.,0.));
#515 = PLANE('',#516);
#516 = AXIS2_PLACEMENT_3D('',#517,#518,#519);
#517 = CARTESIAN_POINT('',(-16.,-30.5,3.2));
#518 = DIRECTION('',(0.,0.,1.));
#519 = DIRECTION('',(1.,0.,-0.));
#520 = ADVANCED_FACE('',(#521),#539,.T.);
#521 = FACE_BOUND('',#522,.T.);
#522 = EDGE_LOOP('',(#523,#531,#532,#533));
#523 = ORIENTED_EDGE('',*,*,#524,.F.);
#524 = EDGE_CURVE('',#162,#525,#527,.T.);
#525 = VERTEX_POINT('',#526);
#526 = CARTESIAN_POINT('',(16.,30.5,0.));
#527 = LINE('',#528,#529);
#528 = CARTESIAN_POINT('',(-16.,30.5,0.));
#529 = VECTOR('',#530,1.);
#530 = DIRECTION('',(1.,0.,-0.));
#531 = ORIENTED_EDGE('',*,*,#169,.T.);
#532 = ORIENTED_EDGE('',*,*,#443,.T.);
#533 = ORIENTED_EDGE('',*,*,#534,.F.);
#534 = EDGE_CURVE('',#525,#436,#535,.T.);
#535 = LINE('',#536,#537);
#536 = CARTESIAN_POINT('',(16.,30.5,0.));
#537 = VECTOR('',#538,1.);
#538 = DIRECTION('',(0.,0.,1.));
#539 = PLANE('',#540);
#540 = AXIS2_PLACEMENT_3D('',#541,#542,#543);
#541 = CARTESIAN_POINT('',(-16.,30.5,0.));
#542 = DIRECTION('',(-0.,1.,0.));
#543 = DIRECTION('',(0.,0.,1.));
#544 = ADVANCED_FACE('',(#545,#563,#574,#585,#596),#607,.F.);
#545 = FACE_BOUND('',#546,.F.);
#546 = EDGE_LOOP('',(#547,#548,#556,#562));
#547 = ORIENTED_EDGE('',*,*,#161,.F.);
#548 = ORIENTED_EDGE('',*,*,#549,.T.);
#549 = EDGE_CURVE('',#154,#550,#552,.T.);
#550 = VERTEX_POINT('',#551);
#551 = CARTESIAN_POINT('',(16.,-30.5,0.));
#552 = LINE('',#553,#554);
#553 = CARTESIAN_POINT('',(-16.,-30.5,0.));
#554 = VECTOR('',#555,1.);
#555 = DIRECTION('',(1.,0.,-0.));
#556 = ORIENTED_EDGE('',*,*,#557,.T.);
#557 = EDGE_CURVE('',#550,#525,#558,.T.);
#558 = LINE('',#559,#560);
#559 = CARTESIAN_POINT('',(16.,-30.5,0.));
#560 = VECTOR('',#561,1.);
#561 = DIRECTION('',(-0.,1.,0.));
#562 = ORIENTED_EDGE('',*,*,#524,.F.);
#563 = FACE_BOUND('',#564,.F.);
#564 = EDGE_LOOP('',(#565));
#565 = ORIENTED_EDGE('',*,*,#566,.F.);
#566 = EDGE_CURVE('',#567,#567,#569,.T.);
#567 = VERTEX_POINT('',#568);
#568 = CARTESIAN_POINT('',(-12.9,-24.,0.));
#569 = CIRCLE('',#570,1.5);
#570 = AXIS2_PLACEMENT_3D('',#571,#572,#573);
#571 = CARTESIAN_POINT('',(-14.4,-24.,0.));
#572 = DIRECTION('',(0.,0.,1.));
#573 = DIRECTION('',(1.,0.,-0.));
#574 = FACE_BOUND('',#575,.F.);
#575 = EDGE_LOOP('',(#576));
#576 = ORIENTED_EDGE('',*,*,#577,.F.);
#577 = EDGE_CURVE('',#578,#578,#580,.T.);
#578 = VERTEX_POINT('',#579);
#579 = CARTESIAN_POINT('',(15.9,-24.,0.));
#580 = CIRCLE('',#581,1.5);
#581 = AXIS2_PLACEMENT_3D('',#582,#583,#584);
#582 = CARTESIAN_POINT('',(14.4,-24.,0.));
#583 = DIRECTION('',(0.,0.,1.));
#584 = DIRECTION('',(1.,0.,-0.));
#585 = FACE_BOUND('',#586,.F.);
#586 = EDGE_LOOP('',(#587));
#587 = ORIENTED_EDGE('',*,*,#588,.F.);
#588 = EDGE_CURVE('',#589,#589,#591,.T.);
#589 = VERTEX_POINT('',#590);
#590 = CARTESIAN_POINT('',(-12.9,24.,0.));
#591 = CIRCLE('',#592,1.5);
#592 = AXIS2_PLACEMENT_3D('',#593,#594,#595);
#593 = CARTESIAN_POINT('',(-14.4,24.,0.));
#594 = DIRECTION('',(0.,0.,1.));
#595 = DIRECTION('',(1.,0.,-0.));
#596 = FACE_BOUND('',#597,.F.);
#597 = EDGE_LOOP('',(#598));
#598 = ORIENTED_EDGE('',*,*,#599,.F.);
#599 = EDGE_CURVE('',#600,#600,#602,.T.);
#600 = VERTEX_POINT('',#601);
#601 = CARTESIAN_POINT('',(15.9,24.,0.));
#602 = CIRCLE('',#603,1.5);
#603 = AXIS2_PLACEMENT_3D('',#604,#605,#606);
#604 = CARTESIAN_POINT('',(14.4,24.,0.));
#605 = DIRECTION('',(0.,0.,1.));
#606 = DIRECTION('',(1.,0.,-0.));
#607 = PLANE('',#608);
#608 = AXIS2_PLACEMENT_3D('',#609,#610,#611);
#609 = CARTESIAN_POINT('',(-16.,-30.5,0.));
#610 = DIRECTION('',(0.,0.,1.));
#611 = DIRECTION('',(1.,0.,-0.));
#612 = ADVANCED_FACE('',(#613),#624,.F.);
#613 = FACE_BOUND('',#614,.F.);
#614 = EDGE_LOOP('',(#615,#616,#617,#618));
#615 = ORIENTED_EDGE('',*,*,#549,.F.);
#616 = ORIENTED_EDGE('',*,*,#153,.T.);
#617 = ORIENTED_EDGE('',*,*,#216,.T.);
#618 = ORIENTED_EDGE('',*,*,#619,.F.);
#619 = EDGE_CURVE('',#550,#217,#620,.T.);
#620 = LINE('',#621,#622);
#621 = CARTESIAN_POINT('',(16.,-30.5,0.));
#622 = VECTOR('',#623,1.);
#623 = DIRECTION('',(0.,0.,1.));
#624 = PLANE('',#625);
#625 = AXIS2_PLACEMENT_3D('',#626,#627,#628);
#626 = CARTESIAN_POINT('',(-16.,-30.5,0.));
#627 = DIRECTION('',(-0.,1.,0.));
#628 = DIRECTION('',(0.,0.,1.));
#629 = ADVANCED_FACE('',(#630),#648,.T.);
#630 = FACE_BOUND('',#631,.T.);
#631 = EDGE_LOOP('',(#632,#640,#646,#647));
#632 = ORIENTED_EDGE('',*,*,#633,.F.);
#633 = EDGE_CURVE('',#634,#291,#636,.T.);
#634 = VERTEX_POINT('',#635);
#635 = CARTESIAN_POINT('',(-14.2,-22.51339312526,1.2));
#636 = LINE('',#637,#638);
#637 = CARTESIAN_POINT('',(-14.2,-22.51339312526,-0.2));
#638 = VECTOR('',#639,1.);
#639 = DIRECTION('',(0.,0.,1.));
#640 = ORIENTED_EDGE('',*,*,#641,.T.);
#641 = EDGE_CURVE('',#634,#332,#642,.T.);
#642 = LINE('',#643,#644);
#643 = CARTESIAN_POINT('',(-14.2,-28.7,1.2));
#644 = VECTOR('',#645,1.);
#645 = DIRECTION('',(-0.,1.,0.));
#646 = ORIENTED_EDGE('',*,*,#331,.T.);
#647 = ORIENTED_EDGE('',*,*,#299,.F.);
#648 = PLANE('',#649);
#649 = AXIS2_PLACEMENT_3D('',#650,#651,#652);
#650 = CARTESIAN_POINT('',(-14.2,-28.7,1.2));
#651 = DIRECTION('',(1.,0.,-0.));
#652 = DIRECTION('',(0.,0.,1.));
#653 = ADVANCED_FACE('',(#654),#690,.F.);
#654 = FACE_BOUND('',#655,.F.);
#655 = EDGE_LOOP('',(#656,#665,#671,#672,#673,#682,#688,#689));
#656 = ORIENTED_EDGE('',*,*,#657,.F.);
#657 = EDGE_CURVE('',#658,#634,#660,.T.);
#658 = VERTEX_POINT('',#659);
#659 = CARTESIAN_POINT('',(-12.9,-24.,1.2));
#660 = CIRCLE('',#661,1.5);
#661 = AXIS2_PLACEMENT_3D('',#662,#663,#664);
#662 = CARTESIAN_POINT('',(-14.4,-24.,1.2));
#663 = DIRECTION('',(0.,0.,1.));
#664 = DIRECTION('',(1.,0.,-0.));
#665 = ORIENTED_EDGE('',*,*,#666,.F.);
#666 = EDGE_CURVE('',#567,#658,#667,.T.);
#667 = LINE('',#668,#669);
#668 = CARTESIAN_POINT('',(-12.9,-24.,-0.2));
#669 = VECTOR('',#670,1.);
#670 = DIRECTION('',(0.,0.,1.));
#671 = ORIENTED_EDGE('',*,*,#566,.T.);
#672 = ORIENTED_EDGE('',*,*,#666,.T.);
#673 = ORIENTED_EDGE('',*,*,#674,.F.);
#674 = EDGE_CURVE('',#675,#658,#677,.T.);
#675 = VERTEX_POINT('',#676);
#676 = CARTESIAN_POINT('',(-14.2,-25.48660687473,1.2));
#677 = CIRCLE('',#678,1.5);
#678 = AXIS2_PLACEMENT_3D('',#679,#680,#681);
#679 = CARTESIAN_POINT('',(-14.4,-24.,1.2));
#680 = DIRECTION('',(0.,0.,1.));
#681 = DIRECTION('',(1.,0.,-0.));
#682 = ORIENTED_EDGE('',*,*,#683,.T.);
#683 = EDGE_CURVE('',#675,#283,#684,.T.);
#684 = LINE('',#685,#686);
#685 = CARTESIAN_POINT('',(-14.2,-25.48660687473,-0.2));
#686 = VECTOR('',#687,1.);
#687 = DIRECTION('',(0.,0.,1.));
#688 = ORIENTED_EDGE('',*,*,#290,.F.);
#689 = ORIENTED_EDGE('',*,*,#633,.F.);
#690 = CYLINDRICAL_SURFACE('',#691,1.5);
#691 = AXIS2_PLACEMENT_3D('',#692,#693,#694);
#692 = CARTESIAN_POINT('',(-14.4,-24.,-0.2));
#693 = DIRECTION('',(0.,0.,1.));
#694 = DIRECTION('',(1.,0.,-0.));
#695 = ADVANCED_FACE('',(#696),#714,.T.);
#696 = FACE_BOUND('',#697,.T.);
#697 = EDGE_LOOP('',(#698,#706,#712,#713));
#698 = ORIENTED_EDGE('',*,*,#699,.F.);
#699 = EDGE_CURVE('',#700,#275,#702,.T.);
#700 = VERTEX_POINT('',#701);
#701 = CARTESIAN_POINT('',(-14.2,-28.7,1.2));
#702 = LINE('',#703,#704);
#703 = CARTESIAN_POINT('',(-14.2,-28.7,1.2));
#704 = VECTOR('',#705,1.);
#705 = DIRECTION('',(0.,0.,1.));
#706 = ORIENTED_EDGE('',*,*,#707,.T.);
#707 = EDGE_CURVE('',#700,#675,#708,.T.);
#708 = LINE('',#709,#710);
#709 = CARTESIAN_POINT('',(-14.2,-28.7,1.2));
#710 = VECTOR('',#711,1.);
#711 = DIRECTION('',(-0.,1.,0.));
#712 = ORIENTED_EDGE('',*,*,#683,.T.);
#713 = ORIENTED_EDGE('',*,*,#282,.F.);
#714 = PLANE('',#715);
#715 = AXIS2_PLACEMENT_3D('',#716,#717,#718);
#716 = CARTESIAN_POINT('',(-14.2,-28.7,1.2));
#717 = DIRECTION('',(1.,0.,-0.));
#718 = DIRECTION('',(0.,0.,1.));
#719 = ADVANCED_FACE('',(#720),#738,.T.);
#720 = FACE_BOUND('',#721,.T.);
#721 = EDGE_LOOP('',(#722,#730,#736,#737));
#722 = ORIENTED_EDGE('',*,*,#723,.F.);
#723 = EDGE_CURVE('',#724,#267,#726,.T.);
#724 = VERTEX_POINT('',#725);
#725 = CARTESIAN_POINT('',(14.2,-28.7,1.2));
#726 = LINE('',#727,#728);
#727 = CARTESIAN_POINT('',(14.2,-28.7,1.2));
#728 = VECTOR('',#729,1.);
#729 = DIRECTION('',(0.,0.,1.));
#730 = ORIENTED_EDGE('',*,*,#731,.F.);
#731 = EDGE_CURVE('',#700,#724,#732,.T.);
#732 = LINE('',#733,#734);
#733 = CARTESIAN_POINT('',(-14.2,-28.7,1.2));
#734 = VECTOR('',#735,1.);
#735 = DIRECTION('',(1.,0.,-0.));
#736 = ORIENTED_EDGE('',*,*,#699,.T.);
#737 = ORIENTED_EDGE('',*,*,#274,.F.);
#738 = PLANE('',#739);
#739 = AXIS2_PLACEMENT_3D('',#740,#741,#742);
#740 = CARTESIAN_POINT('',(-14.2,-28.7,1.2));
#741 = DIRECTION('',(-0.,1.,0.));
#742 = DIRECTION('',(0.,0.,1.));
#743 = ADVANCED_FACE('',(#744),#762,.F.);
#744 = FACE_BOUND('',#745,.F.);
#745 = EDGE_LOOP('',(#746,#747,#755,#761));
#746 = ORIENTED_EDGE('',*,*,#723,.F.);
#747 = ORIENTED_EDGE('',*,*,#748,.T.);
#748 = EDGE_CURVE('',#724,#749,#751,.T.);
#749 = VERTEX_POINT('',#750);
#750 = CARTESIAN_POINT('',(14.2,-25.48660687473,1.2));
#751 = LINE('',#752,#753);
#752 = CARTESIAN_POINT('',(14.2,-28.7,1.2));
#753 = VECTOR('',#754,1.);
#754 = DIRECTION('',(-0.,1.,0.));
#755 = ORIENTED_EDGE('',*,*,#756,.T.);
#756 = EDGE_CURVE('',#749,#258,#757,.T.);
#757 = LINE('',#758,#759);
#758 = CARTESIAN_POINT('',(14.2,-25.48660687473,-0.2));
#759 = VECTOR('',#760,1.);
#760 = DIRECTION('',(0.,0.,1.));
#761 = ORIENTED_EDGE('',*,*,#266,.F.);
#762 = PLANE('',#763);
#763 = AXIS2_PLACEMENT_3D('',#764,#765,#766);
#764 = CARTESIAN_POINT('',(14.2,-28.7,1.2));
#765 = DIRECTION('',(1.,0.,-0.));
#766 = DIRECTION('',(0.,0.,1.));
#767 = ADVANCED_FACE('',(#768),#796,.F.);
#768 = FACE_BOUND('',#769,.F.);
#769 = EDGE_LOOP('',(#770,#771,#777,#778,#779,#780,#781,#790));
#770 = ORIENTED_EDGE('',*,*,#248,.F.);
#771 = ORIENTED_EDGE('',*,*,#772,.F.);
#772 = EDGE_CURVE('',#578,#249,#773,.T.);
#773 = LINE('',#774,#775);
#774 = CARTESIAN_POINT('',(15.9,-24.,-0.2));
#775 = VECTOR('',#776,1.);
#776 = DIRECTION('',(0.,0.,1.));
#777 = ORIENTED_EDGE('',*,*,#577,.T.);
#778 = ORIENTED_EDGE('',*,*,#772,.T.);
#779 = ORIENTED_EDGE('',*,*,#257,.F.);
#780 = ORIENTED_EDGE('',*,*,#756,.F.);
#781 = ORIENTED_EDGE('',*,*,#782,.F.);
#782 = EDGE_CURVE('',#783,#749,#785,.T.);
#783 = VERTEX_POINT('',#784);
#784 = CARTESIAN_POINT('',(14.2,-22.51339312526,1.2));
#785 = CIRCLE('',#786,1.5);
#786 = AXIS2_PLACEMENT_3D('',#787,#788,#789);
#787 = CARTESIAN_POINT('',(14.4,-24.,1.2));
#788 = DIRECTION('',(0.,0.,1.));
#789 = DIRECTION('',(1.,0.,-0.));
#790 = ORIENTED_EDGE('',*,*,#791,.T.);
#791 = EDGE_CURVE('',#783,#241,#792,.T.);
#792 = LINE('',#793,#794);
#793 = CARTESIAN_POINT('',(14.2,-22.51339312526,-0.2));
#794 = VECTOR('',#795,1.);
#795 = DIRECTION('',(0.,0.,1.));
#796 = CYLINDRICAL_SURFACE('',#797,1.5);
#797 = AXIS2_PLACEMENT_3D('',#798,#799,#800);
#798 = CARTESIAN_POINT('',(14.4,-24.,-0.2));
#799 = DIRECTION('',(0.,0.,1.));
#800 = DIRECTION('',(1.,0.,-0.));
#801 = ADVANCED_FACE('',(#802),#820,.F.);
#802 = FACE_BOUND('',#803,.F.);
#803 = EDGE_LOOP('',(#804,#805,#813,#819));
#804 = ORIENTED_EDGE('',*,*,#791,.F.);
#805 = ORIENTED_EDGE('',*,*,#806,.T.);
#806 = EDGE_CURVE('',#783,#807,#809,.T.);
#807 = VERTEX_POINT('',#808);
#808 = CARTESIAN_POINT('',(14.2,-5.,1.2));
#809 = LINE('',#810,#811);
#810 = CARTESIAN_POINT('',(14.2,-28.7,1.2));
#811 = VECTOR('',#812,1.);
#812 = DIRECTION('',(-0.,1.,0.));
#813 = ORIENTED_EDGE('',*,*,#814,.T.);
#814 = EDGE_CURVE('',#807,#233,#815,.T.);
#815 = LINE('',#816,#817);
#816 = CARTESIAN_POINT('',(14.2,-5.,1.1));
#817 = VECTOR('',#818,1.);
#818 = DIRECTION('',(0.,0.,1.));
#819 = ORIENTED_EDGE('',*,*,#240,.F.);
#820 = PLANE('',#821);
#821 = AXIS2_PLACEMENT_3D('',#822,#823,#824);
#822 = CARTESIAN_POINT('',(14.2,-28.7,1.2));
#823 = DIRECTION('',(1.,0.,-0.));
#824 = DIRECTION('',(0.,0.,1.));
#825 = ADVANCED_FACE('',(#826),#860,.T.);
#826 = FACE_BOUND('',#827,.T.);
#827 = EDGE_LOOP('',(#828,#838,#846,#852,#853,#854));
#828 = ORIENTED_EDGE('',*,*,#829,.F.);
#829 = EDGE_CURVE('',#830,#832,#834,.T.);
#830 = VERTEX_POINT('',#831);
#831 = CARTESIAN_POINT('',(14.,-5.,1.));
#832 = VERTEX_POINT('',#833);
#833 = CARTESIAN_POINT('',(16.,-5.,1.));
#834 = LINE('',#835,#836);
#835 = CARTESIAN_POINT('',(14.,-5.,1.));
#836 = VECTOR('',#837,1.);
#837 = DIRECTION('',(1.,0.,-0.));
#838 = ORIENTED_EDGE('',*,*,#839,.T.);
#839 = EDGE_CURVE('',#830,#840,#842,.T.);
#840 = VERTEX_POINT('',#841);
#841 = CARTESIAN_POINT('',(14.,-5.,1.2));
#842 = LINE('',#843,#844);
#843 = CARTESIAN_POINT('',(14.,-5.,1.));
#844 = VECTOR('',#845,1.);
#845 = DIRECTION('',(0.,0.,1.));
#846 = ORIENTED_EDGE('',*,*,#847,.F.);
#847 = EDGE_CURVE('',#807,#840,#848,.T.);
#848 = LINE('',#849,#850);
#849 = CARTESIAN_POINT('',(-1.E-01,-5.,1.2));
#850 = VECTOR('',#851,1.);
#851 = DIRECTION('',(-1.,-0.,0.));
#852 = ORIENTED_EDGE('',*,*,#814,.T.);
#853 = ORIENTED_EDGE('',*,*,#232,.F.);
#854 = ORIENTED_EDGE('',*,*,#855,.F.);
#855 = EDGE_CURVE('',#832,#225,#856,.T.);
#856 = LINE('',#857,#858);
#857 = CARTESIAN_POINT('',(16.,-5.,0.5));
#858 = VECTOR('',#859,1.);
#859 = DIRECTION('',(0.,0.,1.));
#860 = PLANE('',#861);
#861 = AXIS2_PLACEMENT_3D('',#862,#863,#864);
#862 = CARTESIAN_POINT('',(14.,-5.,1.));
#863 = DIRECTION('',(-0.,1.,0.));
#864 = DIRECTION('',(0.,0.,1.));
#865 = ADVANCED_FACE('',(#866),#888,.T.);
#866 = FACE_BOUND('',#867,.T.);
#867 = EDGE_LOOP('',(#868,#869,#870,#871,#872,#873,#881,#887));
#868 = ORIENTED_EDGE('',*,*,#224,.F.);
#869 = ORIENTED_EDGE('',*,*,#619,.F.);
#870 = ORIENTED_EDGE('',*,*,#557,.T.);
#871 = ORIENTED_EDGE('',*,*,#534,.T.);
#872 = ORIENTED_EDGE('',*,*,#435,.F.);
#873 = ORIENTED_EDGE('',*,*,#874,.F.);
#874 = EDGE_CURVE('',#875,#426,#877,.T.);
#875 = VERTEX_POINT('',#876);
#876 = CARTESIAN_POINT('',(16.,5.,1.));
#877 = LINE('',#878,#879);
#878 = CARTESIAN_POINT('',(16.,5.,0.5));
#879 = VECTOR('',#880,1.);
#880 = DIRECTION('',(0.,0.,1.));
#881 = ORIENTED_EDGE('',*,*,#882,.T.);
#882 = EDGE_CURVE('',#875,#832,#883,.T.);
#883 = LINE('',#884,#885);
#884 = CARTESIAN_POINT('',(16.,-17.75,1.));
#885 = VECTOR('',#886,1.);
#886 = DIRECTION('',(0.,-1.,0.));
#887 = ORIENTED_EDGE('',*,*,#855,.T.);
#888 = PLANE('',#889);
#889 = AXIS2_PLACEMENT_3D('',#890,#891,#892);
#890 = CARTESIAN_POINT('',(16.,-30.5,0.));
#891 = DIRECTION('',(1.,0.,-0.));
#892 = DIRECTION('',(0.,0.,1.));
#893 = ADVANCED_FACE('',(#894),#905,.F.);
#894 = FACE_BOUND('',#895,.F.);
#895 = EDGE_LOOP('',(#896,#897,#898,#899));
#896 = ORIENTED_EDGE('',*,*,#347,.F.);
#897 = ORIENTED_EDGE('',*,*,#371,.T.);
#898 = ORIENTED_EDGE('',*,*,#411,.T.);
#899 = ORIENTED_EDGE('',*,*,#900,.F.);
#900 = EDGE_CURVE('',#340,#404,#901,.T.);
#901 = LINE('',#902,#903);
#902 = CARTESIAN_POINT('',(-14.,-16.85,1.2));
#903 = VECTOR('',#904,1.);
#904 = DIRECTION('',(-0.,1.,0.));
#905 = PLANE('',#906);
#906 = AXIS2_PLACEMENT_3D('',#907,#908,#909);
#907 = CARTESIAN_POINT('',(-14.,-5.,1.));
#908 = DIRECTION('',(1.,0.,-0.));
#909 = DIRECTION('',(0.,0.,1.));
#910 = ADVANCED_FACE('',(#911),#1006,.T.);
#911 = FACE_BOUND('',#912,.T.);
#912 = EDGE_LOOP('',(#913,#914,#915,#916,#917,#918,#919,#927,#935,#943,
    #952,#960,#968,#976,#985,#994,#1000,#1001,#1002,#1003,#1004,#1005));
#913 = ORIENTED_EDGE('',*,*,#707,.F.);
#914 = ORIENTED_EDGE('',*,*,#731,.T.);
#915 = ORIENTED_EDGE('',*,*,#748,.T.);
#916 = ORIENTED_EDGE('',*,*,#782,.F.);
#917 = ORIENTED_EDGE('',*,*,#806,.T.);
#918 = ORIENTED_EDGE('',*,*,#847,.T.);
#919 = ORIENTED_EDGE('',*,*,#920,.T.);
#920 = EDGE_CURVE('',#840,#921,#923,.T.);
#921 = VERTEX_POINT('',#922);
#922 = CARTESIAN_POINT('',(14.,5.,1.2));
#923 = LINE('',#924,#925);
#924 = CARTESIAN_POINT('',(14.,-16.85,1.2));
#925 = VECTOR('',#926,1.);
#926 = DIRECTION('',(-0.,1.,0.));
#927 = ORIENTED_EDGE('',*,*,#928,.F.);
#928 = EDGE_CURVE('',#929,#921,#931,.T.);
#929 = VERTEX_POINT('',#930);
#930 = CARTESIAN_POINT('',(14.2,5.,1.2));
#931 = LINE('',#932,#933);
#932 = CARTESIAN_POINT('',(-1.E-01,5.,1.2));
#933 = VECTOR('',#934,1.);
#934 = DIRECTION('',(-1.,-0.,0.));
#935 = ORIENTED_EDGE('',*,*,#936,.T.);
#936 = EDGE_CURVE('',#929,#937,#939,.T.);
#937 = VERTEX_POINT('',#938);
#938 = CARTESIAN_POINT('',(14.2,22.513393125268,1.2));
#939 = LINE('',#940,#941);
#940 = CARTESIAN_POINT('',(14.2,-28.7,1.2));
#941 = VECTOR('',#942,1.);
#942 = DIRECTION('',(-0.,1.,0.));
#943 = ORIENTED_EDGE('',*,*,#944,.F.);
#944 = EDGE_CURVE('',#945,#937,#947,.T.);
#945 = VERTEX_POINT('',#946);
#946 = CARTESIAN_POINT('',(14.2,25.486606874732,1.2));
#947 = CIRCLE('',#948,1.5);
#948 = AXIS2_PLACEMENT_3D('',#949,#950,#951);
#949 = CARTESIAN_POINT('',(14.4,24.,1.2));
#950 = DIRECTION('',(0.,0.,1.));
#951 = DIRECTION('',(1.,0.,-0.));
#952 = ORIENTED_EDGE('',*,*,#953,.T.);
#953 = EDGE_CURVE('',#945,#954,#956,.T.);
#954 = VERTEX_POINT('',#955);
#955 = CARTESIAN_POINT('',(14.2,28.7,1.2));
#956 = LINE('',#957,#958);
#957 = CARTESIAN_POINT('',(14.2,-28.7,1.2));
#958 = VECTOR('',#959,1.);
#959 = DIRECTION('',(-0.,1.,0.));
#960 = ORIENTED_EDGE('',*,*,#961,.F.);
#961 = EDGE_CURVE('',#962,#954,#964,.T.);
#962 = VERTEX_POINT('',#963);
#963 = CARTESIAN_POINT('',(-14.2,28.7,1.2));
#964 = LINE('',#965,#966);
#965 = CARTESIAN_POINT('',(-14.2,28.7,1.2));
#966 = VECTOR('',#967,1.);
#967 = DIRECTION('',(1.,0.,-0.));
#968 = ORIENTED_EDGE('',*,*,#969,.F.);
#969 = EDGE_CURVE('',#970,#962,#972,.T.);
#970 = VERTEX_POINT('',#971);
#971 = CARTESIAN_POINT('',(-14.2,25.486606874732,1.2));
#972 = LINE('',#973,#974);
#973 = CARTESIAN_POINT('',(-14.2,-28.7,1.2));
#974 = VECTOR('',#975,1.);
#975 = DIRECTION('',(-0.,1.,0.));
#976 = ORIENTED_EDGE('',*,*,#977,.F.);
#977 = EDGE_CURVE('',#978,#970,#980,.T.);
#978 = VERTEX_POINT('',#979);
#979 = CARTESIAN_POINT('',(-12.9,24.,1.2));
#980 = CIRCLE('',#981,1.5);
#981 = AXIS2_PLACEMENT_3D('',#982,#983,#984);
#982 = CARTESIAN_POINT('',(-14.4,24.,1.2));
#983 = DIRECTION('',(0.,0.,1.));
#984 = DIRECTION('',(1.,0.,-0.));
#985 = ORIENTED_EDGE('',*,*,#986,.F.);
#986 = EDGE_CURVE('',#987,#978,#989,.T.);
#987 = VERTEX_POINT('',#988);
#988 = CARTESIAN_POINT('',(-14.2,22.513393125268,1.2));
#989 = CIRCLE('',#990,1.5);
#990 = AXIS2_PLACEMENT_3D('',#991,#992,#993);
#991 = CARTESIAN_POINT('',(-14.4,24.,1.2));
#992 = DIRECTION('',(0.,0.,1.));
#993 = DIRECTION('',(1.,0.,-0.));
#994 = ORIENTED_EDGE('',*,*,#995,.F.);
#995 = EDGE_CURVE('',#396,#987,#996,.T.);
#996 = LINE('',#997,#998);
#997 = CARTESIAN_POINT('',(-14.2,-28.7,1.2));
#998 = VECTOR('',#999,1.);
#999 = DIRECTION('',(-0.,1.,0.));
#1000 = ORIENTED_EDGE('',*,*,#403,.F.);
#1001 = ORIENTED_EDGE('',*,*,#900,.F.);
#1002 = ORIENTED_EDGE('',*,*,#339,.T.);
#1003 = ORIENTED_EDGE('',*,*,#641,.F.);
#1004 = ORIENTED_EDGE('',*,*,#657,.F.);
#1005 = ORIENTED_EDGE('',*,*,#674,.F.);
#1006 = PLANE('',#1007);
#1007 = AXIS2_PLACEMENT_3D('',#1008,#1009,#1010);
#1008 = CARTESIAN_POINT('',(-14.2,-28.7,1.2));
#1009 = DIRECTION('',(0.,0.,1.));
#1010 = DIRECTION('',(1.,0.,-0.));
#1011 = ADVANCED_FACE('',(#1012),#1023,.T.);
#1012 = FACE_BOUND('',#1013,.T.);
#1013 = EDGE_LOOP('',(#1014,#1015,#1016,#1022));
#1014 = ORIENTED_EDGE('',*,*,#395,.F.);
#1015 = ORIENTED_EDGE('',*,*,#995,.T.);
#1016 = ORIENTED_EDGE('',*,*,#1017,.T.);
#1017 = EDGE_CURVE('',#987,#452,#1018,.T.);
#1018 = LINE('',#1019,#1020);
#1019 = CARTESIAN_POINT('',(-14.2,22.513393125268,-0.2));
#1020 = VECTOR('',#1021,1.);
#1021 = DIRECTION('',(0.,0.,1.));
#1022 = ORIENTED_EDGE('',*,*,#451,.F.);
#1023 = PLANE('',#1024);
#1024 = AXIS2_PLACEMENT_3D('',#1025,#1026,#1027);
#1025 = CARTESIAN_POINT('',(-14.2,-28.7,1.2));
#1026 = DIRECTION('',(1.,0.,-0.));
#1027 = DIRECTION('',(0.,0.,1.));
#1028 = ADVANCED_FACE('',(#1029),#1054,.F.);
#1029 = FACE_BOUND('',#1030,.F.);
#1030 = EDGE_LOOP('',(#1031,#1039,#1045,#1046,#1052,#1053));
#1031 = ORIENTED_EDGE('',*,*,#1032,.F.);
#1032 = EDGE_CURVE('',#1033,#875,#1035,.T.);
#1033 = VERTEX_POINT('',#1034);
#1034 = CARTESIAN_POINT('',(14.,5.,1.));
#1035 = LINE('',#1036,#1037);
#1036 = CARTESIAN_POINT('',(14.,5.,1.));
#1037 = VECTOR('',#1038,1.);
#1038 = DIRECTION('',(1.,0.,-0.));
#1039 = ORIENTED_EDGE('',*,*,#1040,.T.);
#1040 = EDGE_CURVE('',#1033,#921,#1041,.T.);
#1041 = LINE('',#1042,#1043);
#1042 = CARTESIAN_POINT('',(14.,5.,1.));
#1043 = VECTOR('',#1044,1.);
#1044 = DIRECTION('',(0.,0.,1.));
#1045 = ORIENTED_EDGE('',*,*,#928,.F.);
#1046 = ORIENTED_EDGE('',*,*,#1047,.T.);
#1047 = EDGE_CURVE('',#929,#428,#1048,.T.);
#1048 = LINE('',#1049,#1050);
#1049 = CARTESIAN_POINT('',(14.2,5.,1.1));
#1050 = VECTOR('',#1051,1.);
#1051 = DIRECTION('',(0.,0.,1.));
#1052 = ORIENTED_EDGE('',*,*,#425,.F.);
#1053 = ORIENTED_EDGE('',*,*,#874,.F.);
#1054 = PLANE('',#1055);
#1055 = AXIS2_PLACEMENT_3D('',#1056,#1057,#1058);
#1056 = CARTESIAN_POINT('',(14.,5.,1.));
#1057 = DIRECTION('',(-0.,1.,0.));
#1058 = DIRECTION('',(0.,0.,1.));
#1059 = ADVANCED_FACE('',(#1060),#1071,.F.);
#1060 = FACE_BOUND('',#1061,.F.);
#1061 = EDGE_LOOP('',(#1062,#1063,#1064,#1070));
#1062 = ORIENTED_EDGE('',*,*,#1047,.F.);
#1063 = ORIENTED_EDGE('',*,*,#936,.T.);
#1064 = ORIENTED_EDGE('',*,*,#1065,.T.);
#1065 = EDGE_CURVE('',#937,#502,#1066,.T.);
#1066 = LINE('',#1067,#1068);
#1067 = CARTESIAN_POINT('',(14.2,22.513393125268,-0.2));
#1068 = VECTOR('',#1069,1.);
#1069 = DIRECTION('',(0.,0.,1.));
#1070 = ORIENTED_EDGE('',*,*,#510,.F.);
#1071 = PLANE('',#1072);
#1072 = AXIS2_PLACEMENT_3D('',#1073,#1074,#1075);
#1073 = CARTESIAN_POINT('',(14.2,-28.7,1.2));
#1074 = DIRECTION('',(1.,0.,-0.));
#1075 = DIRECTION('',(0.,0.,1.));
#1076 = ADVANCED_FACE('',(#1077),#1097,.F.);
#1077 = FACE_BOUND('',#1078,.F.);
#1078 = EDGE_LOOP('',(#1079,#1080,#1086,#1087,#1088,#1089,#1090,#1091));
#1079 = ORIENTED_EDGE('',*,*,#492,.F.);
#1080 = ORIENTED_EDGE('',*,*,#1081,.F.);
#1081 = EDGE_CURVE('',#600,#493,#1082,.T.);
#1082 = LINE('',#1083,#1084);
#1083 = CARTESIAN_POINT('',(15.9,24.,-0.2));
#1084 = VECTOR('',#1085,1.);
#1085 = DIRECTION('',(0.,0.,1.));
#1086 = ORIENTED_EDGE('',*,*,#599,.T.);
#1087 = ORIENTED_EDGE('',*,*,#1081,.T.);
#1088 = ORIENTED_EDGE('',*,*,#501,.F.);
#1089 = ORIENTED_EDGE('',*,*,#1065,.F.);
#1090 = ORIENTED_EDGE('',*,*,#944,.F.);
#1091 = ORIENTED_EDGE('',*,*,#1092,.T.);
#1092 = EDGE_CURVE('',#945,#485,#1093,.T.);
#1093 = LINE('',#1094,#1095);
#1094 = CARTESIAN_POINT('',(14.2,25.486606874732,-0.2));
#1095 = VECTOR('',#1096,1.);
#1096 = DIRECTION('',(0.,0.,1.));
#1097 = CYLINDRICAL_SURFACE('',#1098,1.5);
#1098 = AXIS2_PLACEMENT_3D('',#1099,#1100,#1101);
#1099 = CARTESIAN_POINT('',(14.4,24.,-0.2));
#1100 = DIRECTION('',(0.,0.,1.));
#1101 = DIRECTION('',(1.,0.,-0.));
#1102 = ADVANCED_FACE('',(#1103),#1114,.F.);
#1103 = FACE_BOUND('',#1104,.F.);
#1104 = EDGE_LOOP('',(#1105,#1106,#1107,#1113));
#1105 = ORIENTED_EDGE('',*,*,#1092,.F.);
#1106 = ORIENTED_EDGE('',*,*,#953,.T.);
#1107 = ORIENTED_EDGE('',*,*,#1108,.T.);
#1108 = EDGE_CURVE('',#954,#477,#1109,.T.);
#1109 = LINE('',#1110,#1111);
#1110 = CARTESIAN_POINT('',(14.2,28.7,1.2));
#1111 = VECTOR('',#1112,1.);
#1112 = DIRECTION('',(0.,0.,1.));
#1113 = ORIENTED_EDGE('',*,*,#484,.F.);
#1114 = PLANE('',#1115);
#1115 = AXIS2_PLACEMENT_3D('',#1116,#1117,#1118);
#1116 = CARTESIAN_POINT('',(14.2,-28.7,1.2));
#1117 = DIRECTION('',(1.,0.,-0.));
#1118 = DIRECTION('',(0.,0.,1.));
#1119 = ADVANCED_FACE('',(#1120),#1131,.F.);
#1120 = FACE_BOUND('',#1121,.F.);
#1121 = EDGE_LOOP('',(#1122,#1123,#1124,#1130));
#1122 = ORIENTED_EDGE('',*,*,#1108,.F.);
#1123 = ORIENTED_EDGE('',*,*,#961,.F.);
#1124 = ORIENTED_EDGE('',*,*,#1125,.T.);
#1125 = EDGE_CURVE('',#962,#469,#1126,.T.);
#1126 = LINE('',#1127,#1128);
#1127 = CARTESIAN_POINT('',(-14.2,28.7,1.2));
#1128 = VECTOR('',#1129,1.);
#1129 = DIRECTION('',(0.,0.,1.));
#1130 = ORIENTED_EDGE('',*,*,#476,.F.);
#1131 = PLANE('',#1132);
#1132 = AXIS2_PLACEMENT_3D('',#1133,#1134,#1135);
#1133 = CARTESIAN_POINT('',(-14.2,28.7,1.2));
#1134 = DIRECTION('',(-0.,1.,0.));
#1135 = DIRECTION('',(0.,0.,1.));
#1136 = ADVANCED_FACE('',(#1137),#1148,.T.);
#1137 = FACE_BOUND('',#1138,.T.);
#1138 = EDGE_LOOP('',(#1139,#1145,#1146,#1147));
#1139 = ORIENTED_EDGE('',*,*,#1140,.F.);
#1140 = EDGE_CURVE('',#970,#460,#1141,.T.);
#1141 = LINE('',#1142,#1143);
#1142 = CARTESIAN_POINT('',(-14.2,25.486606874732,-0.2));
#1143 = VECTOR('',#1144,1.);
#1144 = DIRECTION('',(0.,0.,1.));
#1145 = ORIENTED_EDGE('',*,*,#969,.T.);
#1146 = ORIENTED_EDGE('',*,*,#1125,.T.);
#1147 = ORIENTED_EDGE('',*,*,#468,.F.);
#1148 = PLANE('',#1149);
#1149 = AXIS2_PLACEMENT_3D('',#1150,#1151,#1152);
#1150 = CARTESIAN_POINT('',(-14.2,-28.7,1.2));
#1151 = DIRECTION('',(1.,0.,-0.));
#1152 = DIRECTION('',(0.,0.,1.));
#1153 = ADVANCED_FACE('',(#1154),#1169,.F.);
#1154 = FACE_BOUND('',#1155,.F.);
#1155 = EDGE_LOOP('',(#1156,#1157,#1163,#1164,#1165,#1166,#1167,#1168));
#1156 = ORIENTED_EDGE('',*,*,#977,.F.);
#1157 = ORIENTED_EDGE('',*,*,#1158,.F.);
#1158 = EDGE_CURVE('',#589,#978,#1159,.T.);
#1159 = LINE('',#1160,#1161);
#1160 = CARTESIAN_POINT('',(-12.9,24.,-0.2));
#1161 = VECTOR('',#1162,1.);
#1162 = DIRECTION('',(0.,0.,1.));
#1163 = ORIENTED_EDGE('',*,*,#588,.T.);
#1164 = ORIENTED_EDGE('',*,*,#1158,.T.);
#1165 = ORIENTED_EDGE('',*,*,#986,.F.);
#1166 = ORIENTED_EDGE('',*,*,#1017,.T.);
#1167 = ORIENTED_EDGE('',*,*,#459,.F.);
#1168 = ORIENTED_EDGE('',*,*,#1140,.F.);
#1169 = CYLINDRICAL_SURFACE('',#1170,1.5);
#1170 = AXIS2_PLACEMENT_3D('',#1171,#1172,#1173);
#1171 = CARTESIAN_POINT('',(-14.4,24.,-0.2));
#1172 = DIRECTION('',(0.,0.,1.));
#1173 = DIRECTION('',(1.,0.,-0.));
#1174 = ADVANCED_FACE('',(#1175),#1186,.T.);
#1175 = FACE_BOUND('',#1176,.T.);
#1176 = EDGE_LOOP('',(#1177,#1178,#1184,#1185));
#1177 = ORIENTED_EDGE('',*,*,#1032,.F.);
#1178 = ORIENTED_EDGE('',*,*,#1179,.F.);
#1179 = EDGE_CURVE('',#830,#1033,#1180,.T.);
#1180 = LINE('',#1181,#1182);
#1181 = CARTESIAN_POINT('',(14.,-5.,1.));
#1182 = VECTOR('',#1183,1.);
#1183 = DIRECTION('',(-0.,1.,0.));
#1184 = ORIENTED_EDGE('',*,*,#829,.T.);
#1185 = ORIENTED_EDGE('',*,*,#882,.F.);
#1186 = PLANE('',#1187);
#1187 = AXIS2_PLACEMENT_3D('',#1188,#1189,#1190);
#1188 = CARTESIAN_POINT('',(14.,-5.,1.));
#1189 = DIRECTION('',(0.,0.,1.));
#1190 = DIRECTION('',(1.,0.,-0.));
#1191 = ADVANCED_FACE('',(#1192),#1198,.T.);
#1192 = FACE_BOUND('',#1193,.T.);
#1193 = EDGE_LOOP('',(#1194,#1195,#1196,#1197));
#1194 = ORIENTED_EDGE('',*,*,#839,.F.);
#1195 = ORIENTED_EDGE('',*,*,#1179,.T.);
#1196 = ORIENTED_EDGE('',*,*,#1040,.T.);
#1197 = ORIENTED_EDGE('',*,*,#920,.F.);
#1198 = PLANE('',#1199);
#1199 = AXIS2_PLACEMENT_3D('',#1200,#1201,#1202);
#1200 = CARTESIAN_POINT('',(14.,-5.,1.));
#1201 = DIRECTION('',(1.,0.,-0.));
#1202 = DIRECTION('',(0.,0.,1.));
#1203 = ( GEOMETRIC_REPRESENTATION_CONTEXT(3) 
GLOBAL_UNCERTAINTY_ASSIGNED_CONTEXT((#1207)) 
GLOBAL_UNIT_ASSIGNED_CONTEXT((#1204,#1205,#1206)) REPRESENTATION_CONTEXT
('Context #1','3D Context with UNIT and UNCERTAINTY') );
#1204 = ( LENGTH_UNIT() NAMED_UNIT(*) SI_UNIT(.MILLI.,.METRE.) );
#1205 = ( NAMED_UNIT(*) PLANE_ANGLE_UNIT() SI_UNIT($,.RADIAN.) );
#1206 = ( NAMED_UNIT(*) SI_UNIT($,.STERADIAN.) SOLID_ANGLE_UNIT() );
#1207 = UNCERTAINTY_MEASURE_WITH_UNIT(LENGTH_MEASURE(1.E-07),#1204,
  'distance_accuracy_value','confusion accuracy');
#1208 = CONTEXT_DEPENDENT_SHAPE_REPRESENTATION(#1209,#1211);
#1209 = ( REPRESENTATION_RELATIONSHIP('','',#136,#10) 
REPRESENTATION_RELATIONSHIP_WITH_TRANSFORMATION(#1210) 
SHAPE_REPRESENTATION_RELATIONSHIP() );
#1210 = ITEM_DEFINED_TRANSFORMATION('','',#11,#15);
#1211 = PRODUCT_DEFINITION_SHAPE('Placement','Placement of an item',
  #1212);
#1212 = NEXT_ASSEMBLY_USAGE_OCCURRENCE('1','Central printed tray','',#5,
  #131,$);
#1213 = PRODUCT_RELATED_PRODUCT_CATEGORY('part',$,(#133));
#1214 = SHAPE_DEFINITION_REPRESENTATION(#1215,#1221);
#1215 = PRODUCT_DEFINITION_SHAPE('','',#1216);
#1216 = PRODUCT_DEFINITION('design','',#1217,#1220);
#1217 = PRODUCT_DEFINITION_FORMATION('','',#1218);
#1218 = PRODUCT('Controller PCB reference','Controller PCB reference',''
  ,(#1219));
#1219 = PRODUCT_CONTEXT('',#2,'mechanical');
#1220 = PRODUCT_DEFINITION_CONTEXT('part definition',#2,'design');
#1221 = ADVANCED_BREP_SHAPE_REPRESENTATION('',(#11,#1222),#1372);
#1222 = MANIFOLD_SOLID_BREP('',#1223);
#1223 = CLOSED_SHELL('',(#1224,#1264,#1304,#1326,#1348,#1360));
#1224 = ADVANCED_FACE('',(#1225),#1259,.F.);
#1225 = FACE_BOUND('',#1226,.F.);
#1226 = EDGE_LOOP('',(#1227,#1237,#1245,#1253));
#1227 = ORIENTED_EDGE('',*,*,#1228,.F.);
#1228 = EDGE_CURVE('',#1229,#1231,#1233,.T.);
#1229 = VERTEX_POINT('',#1230);
#1230 = CARTESIAN_POINT('',(-14.,-28.5,1.4));
#1231 = VERTEX_POINT('',#1232);
#1232 = CARTESIAN_POINT('',(-14.,-28.5,2.6));
#1233 = LINE('',#1234,#1235);
#1234 = CARTESIAN_POINT('',(-14.,-28.5,1.4));
#1235 = VECTOR('',#1236,1.);
#1236 = DIRECTION('',(0.,0.,1.));
#1237 = ORIENTED_EDGE('',*,*,#1238,.T.);
#1238 = EDGE_CURVE('',#1229,#1239,#1241,.T.);
#1239 = VERTEX_POINT('',#1240);
#1240 = CARTESIAN_POINT('',(-14.,28.5,1.4));
#1241 = LINE('',#1242,#1243);
#1242 = CARTESIAN_POINT('',(-14.,-28.5,1.4));
#1243 = VECTOR('',#1244,1.);
#1244 = DIRECTION('',(-0.,1.,0.));
#1245 = ORIENTED_EDGE('',*,*,#1246,.T.);
#1246 = EDGE_CURVE('',#1239,#1247,#1249,.T.);
#1247 = VERTEX_POINT('',#1248);
#1248 = CARTESIAN_POINT('',(-14.,28.5,2.6));
#1249 = LINE('',#1250,#1251);
#1250 = CARTESIAN_POINT('',(-14.,28.5,1.4));
#1251 = VECTOR('',#1252,1.);
#1252 = DIRECTION('',(0.,0.,1.));
#1253 = ORIENTED_EDGE('',*,*,#1254,.F.);
#1254 = EDGE_CURVE('',#1231,#1247,#1255,.T.);
#1255 = LINE('',#1256,#1257);
#1256 = CARTESIAN_POINT('',(-14.,-28.5,2.6));
#1257 = VECTOR('',#1258,1.);
#1258 = DIRECTION('',(-0.,1.,0.));
#1259 = PLANE('',#1260);
#1260 = AXIS2_PLACEMENT_3D('',#1261,#1262,#1263);
#1261 = CARTESIAN_POINT('',(-14.,-28.5,1.4));
#1262 = DIRECTION('',(1.,0.,-0.));
#1263 = DIRECTION('',(0.,0.,1.));
#1264 = ADVANCED_FACE('',(#1265),#1299,.T.);
#1265 = FACE_BOUND('',#1266,.T.);
#1266 = EDGE_LOOP('',(#1267,#1277,#1285,#1293));
#1267 = ORIENTED_EDGE('',*,*,#1268,.F.);
#1268 = EDGE_CURVE('',#1269,#1271,#1273,.T.);
#1269 = VERTEX_POINT('',#1270);
#1270 = CARTESIAN_POINT('',(14.,-28.5,1.4));
#1271 = VERTEX_POINT('',#1272);
#1272 = CARTESIAN_POINT('',(14.,-28.5,2.6));
#1273 = LINE('',#1274,#1275);
#1274 = CARTESIAN_POINT('',(14.,-28.5,1.4));
#1275 = VECTOR('',#1276,1.);
#1276 = DIRECTION('',(0.,0.,1.));
#1277 = ORIENTED_EDGE('',*,*,#1278,.T.);
#1278 = EDGE_CURVE('',#1269,#1279,#1281,.T.);
#1279 = VERTEX_POINT('',#1280);
#1280 = CARTESIAN_POINT('',(14.,28.5,1.4));
#1281 = LINE('',#1282,#1283);
#1282 = CARTESIAN_POINT('',(14.,-28.5,1.4));
#1283 = VECTOR('',#1284,1.);
#1284 = DIRECTION('',(-0.,1.,0.));
#1285 = ORIENTED_EDGE('',*,*,#1286,.T.);
#1286 = EDGE_CURVE('',#1279,#1287,#1289,.T.);
#1287 = VERTEX_POINT('',#1288);
#1288 = CARTESIAN_POINT('',(14.,28.5,2.6));
#1289 = LINE('',#1290,#1291);
#1290 = CARTESIAN_POINT('',(14.,28.5,1.4));
#1291 = VECTOR('',#1292,1.);
#1292 = DIRECTION('',(0.,0.,1.));
#1293 = ORIENTED_EDGE('',*,*,#1294,.F.);
#1294 = EDGE_CURVE('',#1271,#1287,#1295,.T.);
#1295 = LINE('',#1296,#1297);
#1296 = CARTESIAN_POINT('',(14.,-28.5,2.6));
#1297 = VECTOR('',#1298,1.);
#1298 = DIRECTION('',(-0.,1.,0.));
#1299 = PLANE('',#1300);
#1300 = AXIS2_PLACEMENT_3D('',#1301,#1302,#1303);
#1301 = CARTESIAN_POINT('',(14.,-28.5,1.4));
#1302 = DIRECTION('',(1.,0.,-0.));
#1303 = DIRECTION('',(0.,0.,1.));
#1304 = ADVANCED_FACE('',(#1305),#1321,.F.);
#1305 = FACE_BOUND('',#1306,.F.);
#1306 = EDGE_LOOP('',(#1307,#1313,#1314,#1320));
#1307 = ORIENTED_EDGE('',*,*,#1308,.F.);
#1308 = EDGE_CURVE('',#1229,#1269,#1309,.T.);
#1309 = LINE('',#1310,#1311);
#1310 = CARTESIAN_POINT('',(-14.,-28.5,1.4));
#1311 = VECTOR('',#1312,1.);
#1312 = DIRECTION('',(1.,0.,-0.));
#1313 = ORIENTED_EDGE('',*,*,#1228,.T.);
#1314 = ORIENTED_EDGE('',*,*,#1315,.T.);
#1315 = EDGE_CURVE('',#1231,#1271,#1316,.T.);
#1316 = LINE('',#1317,#1318);
#1317 = CARTESIAN_POINT('',(-14.,-28.5,2.6));
#1318 = VECTOR('',#1319,1.);
#1319 = DIRECTION('',(1.,0.,-0.));
#1320 = ORIENTED_EDGE('',*,*,#1268,.F.);
#1321 = PLANE('',#1322);
#1322 = AXIS2_PLACEMENT_3D('',#1323,#1324,#1325);
#1323 = CARTESIAN_POINT('',(-14.,-28.5,1.4));
#1324 = DIRECTION('',(-0.,1.,0.));
#1325 = DIRECTION('',(0.,0.,1.));
#1326 = ADVANCED_FACE('',(#1327),#1343,.T.);
#1327 = FACE_BOUND('',#1328,.T.);
#1328 = EDGE_LOOP('',(#1329,#1335,#1336,#1342));
#1329 = ORIENTED_EDGE('',*,*,#1330,.F.);
#1330 = EDGE_CURVE('',#1239,#1279,#1331,.T.);
#1331 = LINE('',#1332,#1333);
#1332 = CARTESIAN_POINT('',(-14.,28.5,1.4));
#1333 = VECTOR('',#1334,1.);
#1334 = DIRECTION('',(1.,0.,-0.));
#1335 = ORIENTED_EDGE('',*,*,#1246,.T.);
#1336 = ORIENTED_EDGE('',*,*,#1337,.T.);
#1337 = EDGE_CURVE('',#1247,#1287,#1338,.T.);
#1338 = LINE('',#1339,#1340);
#1339 = CARTESIAN_POINT('',(-14.,28.5,2.6));
#1340 = VECTOR('',#1341,1.);
#1341 = DIRECTION('',(1.,0.,-0.));
#1342 = ORIENTED_EDGE('',*,*,#1286,.F.);
#1343 = PLANE('',#1344);
#1344 = AXIS2_PLACEMENT_3D('',#1345,#1346,#1347);
#1345 = CARTESIAN_POINT('',(-14.,28.5,1.4));
#1346 = DIRECTION('',(-0.,1.,0.));
#1347 = DIRECTION('',(0.,0.,1.));
#1348 = ADVANCED_FACE('',(#1349),#1355,.F.);
#1349 = FACE_BOUND('',#1350,.F.);
#1350 = EDGE_LOOP('',(#1351,#1352,#1353,#1354));
#1351 = ORIENTED_EDGE('',*,*,#1238,.F.);
#1352 = ORIENTED_EDGE('',*,*,#1308,.T.);
#1353 = ORIENTED_EDGE('',*,*,#1278,.T.);
#1354 = ORIENTED_EDGE('',*,*,#1330,.F.);
#1355 = PLANE('',#1356);
#1356 = AXIS2_PLACEMENT_3D('',#1357,#1358,#1359);
#1357 = CARTESIAN_POINT('',(-14.,-28.5,1.4));
#1358 = DIRECTION('',(0.,0.,1.));
#1359 = DIRECTION('',(1.,0.,-0.));
#1360 = ADVANCED_FACE('',(#1361),#1367,.T.);
#1361 = FACE_BOUND('',#1362,.T.);
#1362 = EDGE_LOOP('',(#1363,#1364,#1365,#1366));
#1363 = ORIENTED_EDGE('',*,*,#1254,.F.);
#1364 = ORIENTED_EDGE('',*,*,#1315,.T.);
#1365 = ORIENTED_EDGE('',*,*,#1294,.T.);
#1366 = ORIENTED_EDGE('',*,*,#1337,.F.);
#1367 = PLANE('',#1368);
#1368 = AXIS2_PLACEMENT_3D('',#1369,#1370,#1371);
#1369 = CARTESIAN_POINT('',(-14.,-28.5,2.6));
#1370 = DIRECTION('',(0.,0.,1.));
#1371 = DIRECTION('',(1.,0.,-0.));
#1372 = ( GEOMETRIC_REPRESENTATION_CONTEXT(3) 
GLOBAL_UNCERTAINTY_ASSIGNED_CONTEXT((#1376)) 
GLOBAL_UNIT_ASSIGNED_CONTEXT((#1373,#1374,#1375)) REPRESENTATION_CONTEXT
('Context #1','3D Context with UNIT and UNCERTAINTY') );
#1373 = ( LENGTH_UNIT() NAMED_UNIT(*) SI_UNIT(.MILLI.,.METRE.) );
#1374 = ( NAMED_UNIT(*) PLANE_ANGLE_UNIT() SI_UNIT($,.RADIAN.) );
#1375 = ( NAMED_UNIT(*) SI_UNIT($,.STERADIAN.) SOLID_ANGLE_UNIT() );
#1376 = UNCERTAINTY_MEASURE_WITH_UNIT(LENGTH_MEASURE(1.E-07),#1373,
  'distance_accuracy_value','confusion accuracy');
#1377 = CONTEXT_DEPENDENT_SHAPE_REPRESENTATION(#1378,#1380);
#1378 = ( REPRESENTATION_RELATIONSHIP('','',#1221,#10) 
REPRESENTATION_RELATIONSHIP_WITH_TRANSFORMATION(#1379) 
SHAPE_REPRESENTATION_RELATIONSHIP() );
#1379 = ITEM_DEFINED_TRANSFORMATION('','',#11,#19);
#1380 = PRODUCT_DEFINITION_SHAPE('Placement','Placement of an item',
  #1381);
#1381 = NEXT_ASSEMBLY_USAGE_OCCURRENCE('2','Controller PCB reference',''
  ,#5,#1216,$);
#1382 = PRODUCT_RELATED_PRODUCT_CATEGORY('part',$,(#1218));
#1383 = SHAPE_DEFINITION_REPRESENTATION(#1384,#1390);
#1384 = PRODUCT_DEFINITION_SHAPE('','',#1385);
#1385 = PRODUCT_DEFINITION('design','',#1386,#1389);
#1386 = PRODUCT_DEFINITION_FORMATION('','',#1387);
#1387 = PRODUCT('Controller edge clamps','Controller edge clamps','',(
    #1388));
#1388 = PRODUCT_CONTEXT('',#2,'mechanical');
#1389 = PRODUCT_DEFINITION_CONTEXT('part definition',#2,'design');
#1390 = SHAPE_REPRESENTATION('',(#11,#1391,#1580,#1769,#1958),#2147);
#1391 = MANIFOLD_SOLID_BREP('',#1392);
#1392 = CLOSED_SHELL('',(#1393,#1433,#1464,#1499,#1523,#1551,#1563));
#1393 = ADVANCED_FACE('',(#1394),#1428,.F.);
#1394 = FACE_BOUND('',#1395,.F.);
#1395 = EDGE_LOOP('',(#1396,#1406,#1414,#1422));
#1396 = ORIENTED_EDGE('',*,*,#1397,.F.);
#1397 = EDGE_CURVE('',#1398,#1400,#1402,.T.);
#1398 = VERTEX_POINT('',#1399);
#1399 = CARTESIAN_POINT('',(-18.4,-25.5,2.6));
#1400 = VERTEX_POINT('',#1401);
#1401 = CARTESIAN_POINT('',(-18.4,-25.5,4.1));
#1402 = LINE('',#1403,#1404);
#1403 = CARTESIAN_POINT('',(-18.4,-25.5,2.6));
#1404 = VECTOR('',#1405,1.);
#1405 = DIRECTION('',(0.,0.,1.));
#1406 = ORIENTED_EDGE('',*,*,#1407,.T.);
#1407 = EDGE_CURVE('',#1398,#1408,#1410,.T.);
#1408 = VERTEX_POINT('',#1409);
#1409 = CARTESIAN_POINT('',(-18.4,-22.5,2.6));
#1410 = LINE('',#1411,#1412);
#1411 = CARTESIAN_POINT('',(-18.4,-25.5,2.6));
#1412 = VECTOR('',#1413,1.);
#1413 = DIRECTION('',(-0.,1.,0.));
#1414 = ORIENTED_EDGE('',*,*,#1415,.T.);
#1415 = EDGE_CURVE('',#1408,#1416,#1418,.T.);
#1416 = VERTEX_POINT('',#1417);
#1417 = CARTESIAN_POINT('',(-18.4,-22.5,4.1));
#1418 = LINE('',#1419,#1420);
#1419 = CARTESIAN_POINT('',(-18.4,-22.5,2.6));
#1420 = VECTOR('',#1421,1.);
#1421 = DIRECTION('',(0.,0.,1.));
#1422 = ORIENTED_EDGE('',*,*,#1423,.F.);
#1423 = EDGE_CURVE('',#1400,#1416,#1424,.T.);
#1424 = LINE('',#1425,#1426);
#1425 = CARTESIAN_POINT('',(-18.4,-25.5,4.1));
#1426 = VECTOR('',#1427,1.);
#1427 = DIRECTION('',(-0.,1.,0.));
#1428 = PLANE('',#1429);
#1429 = AXIS2_PLACEMENT_3D('',#1430,#1431,#1432);
#1430 = CARTESIAN_POINT('',(-18.4,-25.5,2.6));
#1431 = DIRECTION('',(1.,0.,-0.));
#1432 = DIRECTION('',(0.,0.,1.));
#1433 = ADVANCED_FACE('',(#1434),#1459,.F.);
#1434 = FACE_BOUND('',#1435,.F.);
#1435 = EDGE_LOOP('',(#1436,#1444,#1445,#1453));
#1436 = ORIENTED_EDGE('',*,*,#1437,.F.);
#1437 = EDGE_CURVE('',#1398,#1438,#1440,.T.);
#1438 = VERTEX_POINT('',#1439);
#1439 = CARTESIAN_POINT('',(-10.4,-25.5,2.6));
#1440 = LINE('',#1441,#1442);
#1441 = CARTESIAN_POINT('',(-18.4,-25.5,2.6));
#1442 = VECTOR('',#1443,1.);
#1443 = DIRECTION('',(1.,0.,-0.));
#1444 = ORIENTED_EDGE('',*,*,#1397,.T.);
#1445 = ORIENTED_EDGE('',*,*,#1446,.T.);
#1446 = EDGE_CURVE('',#1400,#1447,#1449,.T.);
#1447 = VERTEX_POINT('',#1448);
#1448 = CARTESIAN_POINT('',(-10.4,-25.5,4.1));
#1449 = LINE('',#1450,#1451);
#1450 = CARTESIAN_POINT('',(-18.4,-25.5,4.1));
#1451 = VECTOR('',#1452,1.);
#1452 = DIRECTION('',(1.,0.,-0.));
#1453 = ORIENTED_EDGE('',*,*,#1454,.F.);
#1454 = EDGE_CURVE('',#1438,#1447,#1455,.T.);
#1455 = LINE('',#1456,#1457);
#1456 = CARTESIAN_POINT('',(-10.4,-25.5,2.6));
#1457 = VECTOR('',#1458,1.);
#1458 = DIRECTION('',(0.,0.,1.));
#1459 = PLANE('',#1460);
#1460 = AXIS2_PLACEMENT_3D('',#1461,#1462,#1463);
#1461 = CARTESIAN_POINT('',(-18.4,-25.5,2.6));
#1462 = DIRECTION('',(-0.,1.,0.));
#1463 = DIRECTION('',(0.,0.,1.));
#1464 = ADVANCED_FACE('',(#1465,#1483),#1494,.T.);
#1465 = FACE_BOUND('',#1466,.T.);
#1466 = EDGE_LOOP('',(#1467,#1468,#1469,#1477));
#1467 = ORIENTED_EDGE('',*,*,#1423,.F.);
#1468 = ORIENTED_EDGE('',*,*,#1446,.T.);
#1469 = ORIENTED_EDGE('',*,*,#1470,.T.);
#1470 = EDGE_CURVE('',#1447,#1471,#1473,.T.);
#1471 = VERTEX_POINT('',#1472);
#1472 = CARTESIAN_POINT('',(-10.4,-22.5,4.1));
#1473 = LINE('',#1474,#1475);
#1474 = CARTESIAN_POINT('',(-10.4,-25.5,4.1));
#1475 = VECTOR('',#1476,1.);
#1476 = DIRECTION('',(-0.,1.,0.));
#1477 = ORIENTED_EDGE('',*,*,#1478,.F.);
#1478 = EDGE_CURVE('',#1416,#1471,#1479,.T.);
#1479 = LINE('',#1480,#1481);
#1480 = CARTESIAN_POINT('',(-18.4,-22.5,4.1));
#1481 = VECTOR('',#1482,1.);
#1482 = DIRECTION('',(1.,0.,-0.));
#1483 = FACE_BOUND('',#1484,.T.);
#1484 = EDGE_LOOP('',(#1485));
#1485 = ORIENTED_EDGE('',*,*,#1486,.F.);
#1486 = EDGE_CURVE('',#1487,#1487,#1489,.T.);
#1487 = VERTEX_POINT('',#1488);
#1488 = CARTESIAN_POINT('',(-13.3,-24.,4.1));
#1489 = CIRCLE('',#1490,1.1);
#1490 = AXIS2_PLACEMENT_3D('',#1491,#1492,#1493);
#1491 = CARTESIAN_POINT('',(-14.4,-24.,4.1));
#1492 = DIRECTION('',(0.,0.,1.));
#1493 = DIRECTION('',(1.,0.,-0.));
#1494 = PLANE('',#1495);
#1495 = AXIS2_PLACEMENT_3D('',#1496,#1497,#1498);
#1496 = CARTESIAN_POINT('',(-18.4,-25.5,4.1));
#1497 = DIRECTION('',(0.,0.,1.));
#1498 = DIRECTION('',(1.,0.,-0.));
#1499 = ADVANCED_FACE('',(#1500),#1518,.T.);
#1500 = FACE_BOUND('',#1501,.T.);
#1501 = EDGE_LOOP('',(#1502,#1510,#1511,#1512));
#1502 = ORIENTED_EDGE('',*,*,#1503,.F.);
#1503 = EDGE_CURVE('',#1408,#1504,#1506,.T.);
#1504 = VERTEX_POINT('',#1505);
#1505 = CARTESIAN_POINT('',(-10.4,-22.5,2.6));
#1506 = LINE('',#1507,#1508);
#1507 = CARTESIAN_POINT('',(-18.4,-22.5,2.6));
#1508 = VECTOR('',#1509,1.);
#1509 = DIRECTION('',(1.,0.,-0.));
#1510 = ORIENTED_EDGE('',*,*,#1415,.T.);
#1511 = ORIENTED_EDGE('',*,*,#1478,.T.);
#1512 = ORIENTED_EDGE('',*,*,#1513,.F.);
#1513 = EDGE_CURVE('',#1504,#1471,#1514,.T.);
#1514 = LINE('',#1515,#1516);
#1515 = CARTESIAN_POINT('',(-10.4,-22.5,2.6));
#1516 = VECTOR('',#1517,1.);
#1517 = DIRECTION('',(0.,0.,1.));
#1518 = PLANE('',#1519);
#1519 = AXIS2_PLACEMENT_3D('',#1520,#1521,#1522);
#1520 = CARTESIAN_POINT('',(-18.4,-22.5,2.6));
#1521 = DIRECTION('',(-0.,1.,0.));
#1522 = DIRECTION('',(0.,0.,1.));
#1523 = ADVANCED_FACE('',(#1524,#1535),#1546,.F.);
#1524 = FACE_BOUND('',#1525,.F.);
#1525 = EDGE_LOOP('',(#1526,#1527,#1528,#1534));
#1526 = ORIENTED_EDGE('',*,*,#1407,.F.);
#1527 = ORIENTED_EDGE('',*,*,#1437,.T.);
#1528 = ORIENTED_EDGE('',*,*,#1529,.T.);
#1529 = EDGE_CURVE('',#1438,#1504,#1530,.T.);
#1530 = LINE('',#1531,#1532);
#1531 = CARTESIAN_POINT('',(-10.4,-25.5,2.6));
#1532 = VECTOR('',#1533,1.);
#1533 = DIRECTION('',(-0.,1.,0.));
#1534 = ORIENTED_EDGE('',*,*,#1503,.F.);
#1535 = FACE_BOUND('',#1536,.F.);
#1536 = EDGE_LOOP('',(#1537));
#1537 = ORIENTED_EDGE('',*,*,#1538,.F.);
#1538 = EDGE_CURVE('',#1539,#1539,#1541,.T.);
#1539 = VERTEX_POINT('',#1540);
#1540 = CARTESIAN_POINT('',(-13.3,-24.,2.6));
#1541 = CIRCLE('',#1542,1.1);
#1542 = AXIS2_PLACEMENT_3D('',#1543,#1544,#1545);
#1543 = CARTESIAN_POINT('',(-14.4,-24.,2.6));
#1544 = DIRECTION('',(0.,0.,1.));
#1545 = DIRECTION('',(1.,0.,-0.));
#1546 = PLANE('',#1547);
#1547 = AXIS2_PLACEMENT_3D('',#1548,#1549,#1550);
#1548 = CARTESIAN_POINT('',(-18.4,-25.5,2.6));
#1549 = DIRECTION('',(0.,0.,1.));
#1550 = DIRECTION('',(1.,0.,-0.));
#1551 = ADVANCED_FACE('',(#1552),#1558,.T.);
#1552 = FACE_BOUND('',#1553,.T.);
#1553 = EDGE_LOOP('',(#1554,#1555,#1556,#1557));
#1554 = ORIENTED_EDGE('',*,*,#1454,.F.);
#1555 = ORIENTED_EDGE('',*,*,#1529,.T.);
#1556 = ORIENTED_EDGE('',*,*,#1513,.T.);
#1557 = ORIENTED_EDGE('',*,*,#1470,.F.);
#1558 = PLANE('',#1559);
#1559 = AXIS2_PLACEMENT_3D('',#1560,#1561,#1562);
#1560 = CARTESIAN_POINT('',(-10.4,-25.5,2.6));
#1561 = DIRECTION('',(1.,0.,-0.));
#1562 = DIRECTION('',(0.,0.,1.));
#1563 = ADVANCED_FACE('',(#1564),#1575,.F.);
#1564 = FACE_BOUND('',#1565,.F.);
#1565 = EDGE_LOOP('',(#1566,#1567,#1573,#1574));
#1566 = ORIENTED_EDGE('',*,*,#1486,.F.);
#1567 = ORIENTED_EDGE('',*,*,#1568,.F.);
#1568 = EDGE_CURVE('',#1539,#1487,#1569,.T.);
#1569 = LINE('',#1570,#1571);
#1570 = CARTESIAN_POINT('',(-13.3,-24.,2.4));
#1571 = VECTOR('',#1572,1.);
#1572 = DIRECTION('',(0.,0.,1.));
#1573 = ORIENTED_EDGE('',*,*,#1538,.T.);
#1574 = ORIENTED_EDGE('',*,*,#1568,.T.);
#1575 = CYLINDRICAL_SURFACE('',#1576,1.1);
#1576 = AXIS2_PLACEMENT_3D('',#1577,#1578,#1579);
#1577 = CARTESIAN_POINT('',(-14.4,-24.,2.4));
#1578 = DIRECTION('',(0.,0.,1.));
#1579 = DIRECTION('',(1.,0.,-0.));
#1580 = MANIFOLD_SOLID_BREP('',#1581);
#1581 = CLOSED_SHELL('',(#1582,#1622,#1653,#1688,#1712,#1740,#1752));
#1582 = ADVANCED_FACE('',(#1583),#1617,.F.);
#1583 = FACE_BOUND('',#1584,.F.);
#1584 = EDGE_LOOP('',(#1585,#1595,#1603,#1611));
#1585 = ORIENTED_EDGE('',*,*,#1586,.F.);
#1586 = EDGE_CURVE('',#1587,#1589,#1591,.T.);
#1587 = VERTEX_POINT('',#1588);
#1588 = CARTESIAN_POINT('',(10.4,-25.5,2.6));
#1589 = VERTEX_POINT('',#1590);
#1590 = CARTESIAN_POINT('',(10.4,-25.5,4.1));
#1591 = LINE('',#1592,#1593);
#1592 = CARTESIAN_POINT('',(10.4,-25.5,2.6));
#1593 = VECTOR('',#1594,1.);
#1594 = DIRECTION('',(0.,0.,1.));
#1595 = ORIENTED_EDGE('',*,*,#1596,.T.);
#1596 = EDGE_CURVE('',#1587,#1597,#1599,.T.);
#1597 = VERTEX_POINT('',#1598);
#1598 = CARTESIAN_POINT('',(10.4,-22.5,2.6));
#1599 = LINE('',#1600,#1601);
#1600 = CARTESIAN_POINT('',(10.4,-25.5,2.6));
#1601 = VECTOR('',#1602,1.);
#1602 = DIRECTION('',(-0.,1.,0.));
#1603 = ORIENTED_EDGE('',*,*,#1604,.T.);
#1604 = EDGE_CURVE('',#1597,#1605,#1607,.T.);
#1605 = VERTEX_POINT('',#1606);
#1606 = CARTESIAN_POINT('',(10.4,-22.5,4.1));
#1607 = LINE('',#1608,#1609);
#1608 = CARTESIAN_POINT('',(10.4,-22.5,2.6));
#1609 = VECTOR('',#1610,1.);
#1610 = DIRECTION('',(0.,0.,1.));
#1611 = ORIENTED_EDGE('',*,*,#1612,.F.);
#1612 = EDGE_CURVE('',#1589,#1605,#1613,.T.);
#1613 = LINE('',#1614,#1615);
#1614 = CARTESIAN_POINT('',(10.4,-25.5,4.1));
#1615 = VECTOR('',#1616,1.);
#1616 = DIRECTION('',(-0.,1.,0.));
#1617 = PLANE('',#1618);
#1618 = AXIS2_PLACEMENT_3D('',#1619,#1620,#1621);
#1619 = CARTESIAN_POINT('',(10.4,-25.5,2.6));
#1620 = DIRECTION('',(1.,0.,-0.));
#1621 = DIRECTION('',(0.,0.,1.));
#1622 = ADVANCED_FACE('',(#1623),#1648,.F.);
#1623 = FACE_BOUND('',#1624,.F.);
#1624 = EDGE_LOOP('',(#1625,#1633,#1634,#1642));
#1625 = ORIENTED_EDGE('',*,*,#1626,.F.);
#1626 = EDGE_CURVE('',#1587,#1627,#1629,.T.);
#1627 = VERTEX_POINT('',#1628);
#1628 = CARTESIAN_POINT('',(18.4,-25.5,2.6));
#1629 = LINE('',#1630,#1631);
#1630 = CARTESIAN_POINT('',(10.4,-25.5,2.6));
#1631 = VECTOR('',#1632,1.);
#1632 = DIRECTION('',(1.,0.,-0.));
#1633 = ORIENTED_EDGE('',*,*,#1586,.T.);
#1634 = ORIENTED_EDGE('',*,*,#1635,.T.);
#1635 = EDGE_CURVE('',#1589,#1636,#1638,.T.);
#1636 = VERTEX_POINT('',#1637);
#1637 = CARTESIAN_POINT('',(18.4,-25.5,4.1));
#1638 = LINE('',#1639,#1640);
#1639 = CARTESIAN_POINT('',(10.4,-25.5,4.1));
#1640 = VECTOR('',#1641,1.);
#1641 = DIRECTION('',(1.,0.,-0.));
#1642 = ORIENTED_EDGE('',*,*,#1643,.F.);
#1643 = EDGE_CURVE('',#1627,#1636,#1644,.T.);
#1644 = LINE('',#1645,#1646);
#1645 = CARTESIAN_POINT('',(18.4,-25.5,2.6));
#1646 = VECTOR('',#1647,1.);
#1647 = DIRECTION('',(0.,0.,1.));
#1648 = PLANE('',#1649);
#1649 = AXIS2_PLACEMENT_3D('',#1650,#1651,#1652);
#1650 = CARTESIAN_POINT('',(10.4,-25.5,2.6));
#1651 = DIRECTION('',(-0.,1.,0.));
#1652 = DIRECTION('',(0.,0.,1.));
#1653 = ADVANCED_FACE('',(#1654,#1672),#1683,.T.);
#1654 = FACE_BOUND('',#1655,.T.);
#1655 = EDGE_LOOP('',(#1656,#1657,#1658,#1666));
#1656 = ORIENTED_EDGE('',*,*,#1612,.F.);
#1657 = ORIENTED_EDGE('',*,*,#1635,.T.);
#1658 = ORIENTED_EDGE('',*,*,#1659,.T.);
#1659 = EDGE_CURVE('',#1636,#1660,#1662,.T.);
#1660 = VERTEX_POINT('',#1661);
#1661 = CARTESIAN_POINT('',(18.4,-22.5,4.1));
#1662 = LINE('',#1663,#1664);
#1663 = CARTESIAN_POINT('',(18.4,-25.5,4.1));
#1664 = VECTOR('',#1665,1.);
#1665 = DIRECTION('',(-0.,1.,0.));
#1666 = ORIENTED_EDGE('',*,*,#1667,.F.);
#1667 = EDGE_CURVE('',#1605,#1660,#1668,.T.);
#1668 = LINE('',#1669,#1670);
#1669 = CARTESIAN_POINT('',(10.4,-22.5,4.1));
#1670 = VECTOR('',#1671,1.);
#1671 = DIRECTION('',(1.,0.,-0.));
#1672 = FACE_BOUND('',#1673,.T.);
#1673 = EDGE_LOOP('',(#1674));
#1674 = ORIENTED_EDGE('',*,*,#1675,.F.);
#1675 = EDGE_CURVE('',#1676,#1676,#1678,.T.);
#1676 = VERTEX_POINT('',#1677);
#1677 = CARTESIAN_POINT('',(15.5,-24.,4.1));
#1678 = CIRCLE('',#1679,1.1);
#1679 = AXIS2_PLACEMENT_3D('',#1680,#1681,#1682);
#1680 = CARTESIAN_POINT('',(14.4,-24.,4.1));
#1681 = DIRECTION('',(0.,0.,1.));
#1682 = DIRECTION('',(1.,0.,-0.));
#1683 = PLANE('',#1684);
#1684 = AXIS2_PLACEMENT_3D('',#1685,#1686,#1687);
#1685 = CARTESIAN_POINT('',(10.4,-25.5,4.1));
#1686 = DIRECTION('',(0.,0.,1.));
#1687 = DIRECTION('',(1.,0.,-0.));
#1688 = ADVANCED_FACE('',(#1689),#1707,.T.);
#1689 = FACE_BOUND('',#1690,.T.);
#1690 = EDGE_LOOP('',(#1691,#1699,#1700,#1701));
#1691 = ORIENTED_EDGE('',*,*,#1692,.F.);
#1692 = EDGE_CURVE('',#1597,#1693,#1695,.T.);
#1693 = VERTEX_POINT('',#1694);
#1694 = CARTESIAN_POINT('',(18.4,-22.5,2.6));
#1695 = LINE('',#1696,#1697);
#1696 = CARTESIAN_POINT('',(10.4,-22.5,2.6));
#1697 = VECTOR('',#1698,1.);
#1698 = DIRECTION('',(1.,0.,-0.));
#1699 = ORIENTED_EDGE('',*,*,#1604,.T.);
#1700 = ORIENTED_EDGE('',*,*,#1667,.T.);
#1701 = ORIENTED_EDGE('',*,*,#1702,.F.);
#1702 = EDGE_CURVE('',#1693,#1660,#1703,.T.);
#1703 = LINE('',#1704,#1705);
#1704 = CARTESIAN_POINT('',(18.4,-22.5,2.6));
#1705 = VECTOR('',#1706,1.);
#1706 = DIRECTION('',(0.,0.,1.));
#1707 = PLANE('',#1708);
#1708 = AXIS2_PLACEMENT_3D('',#1709,#1710,#1711);
#1709 = CARTESIAN_POINT('',(10.4,-22.5,2.6));
#1710 = DIRECTION('',(-0.,1.,0.));
#1711 = DIRECTION('',(0.,0.,1.));
#1712 = ADVANCED_FACE('',(#1713,#1724),#1735,.F.);
#1713 = FACE_BOUND('',#1714,.F.);
#1714 = EDGE_LOOP('',(#1715,#1716,#1717,#1723));
#1715 = ORIENTED_EDGE('',*,*,#1596,.F.);
#1716 = ORIENTED_EDGE('',*,*,#1626,.T.);
#1717 = ORIENTED_EDGE('',*,*,#1718,.T.);
#1718 = EDGE_CURVE('',#1627,#1693,#1719,.T.);
#1719 = LINE('',#1720,#1721);
#1720 = CARTESIAN_POINT('',(18.4,-25.5,2.6));
#1721 = VECTOR('',#1722,1.);
#1722 = DIRECTION('',(-0.,1.,0.));
#1723 = ORIENTED_EDGE('',*,*,#1692,.F.);
#1724 = FACE_BOUND('',#1725,.F.);
#1725 = EDGE_LOOP('',(#1726));
#1726 = ORIENTED_EDGE('',*,*,#1727,.F.);
#1727 = EDGE_CURVE('',#1728,#1728,#1730,.T.);
#1728 = VERTEX_POINT('',#1729);
#1729 = CARTESIAN_POINT('',(15.5,-24.,2.6));
#1730 = CIRCLE('',#1731,1.1);
#1731 = AXIS2_PLACEMENT_3D('',#1732,#1733,#1734);
#1732 = CARTESIAN_POINT('',(14.4,-24.,2.6));
#1733 = DIRECTION('',(0.,0.,1.));
#1734 = DIRECTION('',(1.,0.,-0.));
#1735 = PLANE('',#1736);
#1736 = AXIS2_PLACEMENT_3D('',#1737,#1738,#1739);
#1737 = CARTESIAN_POINT('',(10.4,-25.5,2.6));
#1738 = DIRECTION('',(0.,0.,1.));
#1739 = DIRECTION('',(1.,0.,-0.));
#1740 = ADVANCED_FACE('',(#1741),#1747,.T.);
#1741 = FACE_BOUND('',#1742,.T.);
#1742 = EDGE_LOOP('',(#1743,#1744,#1745,#1746));
#1743 = ORIENTED_EDGE('',*,*,#1643,.F.);
#1744 = ORIENTED_EDGE('',*,*,#1718,.T.);
#1745 = ORIENTED_EDGE('',*,*,#1702,.T.);
#1746 = ORIENTED_EDGE('',*,*,#1659,.F.);
#1747 = PLANE('',#1748);
#1748 = AXIS2_PLACEMENT_3D('',#1749,#1750,#1751);
#1749 = CARTESIAN_POINT('',(18.4,-25.5,2.6));
#1750 = DIRECTION('',(1.,0.,-0.));
#1751 = DIRECTION('',(0.,0.,1.));
#1752 = ADVANCED_FACE('',(#1753),#1764,.F.);
#1753 = FACE_BOUND('',#1754,.F.);
#1754 = EDGE_LOOP('',(#1755,#1756,#1762,#1763));
#1755 = ORIENTED_EDGE('',*,*,#1675,.F.);
#1756 = ORIENTED_EDGE('',*,*,#1757,.F.);
#1757 = EDGE_CURVE('',#1728,#1676,#1758,.T.);
#1758 = LINE('',#1759,#1760);
#1759 = CARTESIAN_POINT('',(15.5,-24.,2.4));
#1760 = VECTOR('',#1761,1.);
#1761 = DIRECTION('',(0.,0.,1.));
#1762 = ORIENTED_EDGE('',*,*,#1727,.T.);
#1763 = ORIENTED_EDGE('',*,*,#1757,.T.);
#1764 = CYLINDRICAL_SURFACE('',#1765,1.1);
#1765 = AXIS2_PLACEMENT_3D('',#1766,#1767,#1768);
#1766 = CARTESIAN_POINT('',(14.4,-24.,2.4));
#1767 = DIRECTION('',(0.,0.,1.));
#1768 = DIRECTION('',(1.,0.,-0.));
#1769 = MANIFOLD_SOLID_BREP('',#1770);
#1770 = CLOSED_SHELL('',(#1771,#1811,#1842,#1877,#1901,#1929,#1941));
#1771 = ADVANCED_FACE('',(#1772),#1806,.F.);
#1772 = FACE_BOUND('',#1773,.F.);
#1773 = EDGE_LOOP('',(#1774,#1784,#1792,#1800));
#1774 = ORIENTED_EDGE('',*,*,#1775,.F.);
#1775 = EDGE_CURVE('',#1776,#1778,#1780,.T.);
#1776 = VERTEX_POINT('',#1777);
#1777 = CARTESIAN_POINT('',(-18.4,22.5,2.6));
#1778 = VERTEX_POINT('',#1779);
#1779 = CARTESIAN_POINT('',(-18.4,22.5,4.1));
#1780 = LINE('',#1781,#1782);
#1781 = CARTESIAN_POINT('',(-18.4,22.5,2.6));
#1782 = VECTOR('',#1783,1.);
#1783 = DIRECTION('',(0.,0.,1.));
#1784 = ORIENTED_EDGE('',*,*,#1785,.T.);
#1785 = EDGE_CURVE('',#1776,#1786,#1788,.T.);
#1786 = VERTEX_POINT('',#1787);
#1787 = CARTESIAN_POINT('',(-18.4,25.5,2.6));
#1788 = LINE('',#1789,#1790);
#1789 = CARTESIAN_POINT('',(-18.4,22.5,2.6));
#1790 = VECTOR('',#1791,1.);
#1791 = DIRECTION('',(-0.,1.,0.));
#1792 = ORIENTED_EDGE('',*,*,#1793,.T.);
#1793 = EDGE_CURVE('',#1786,#1794,#1796,.T.);
#1794 = VERTEX_POINT('',#1795);
#1795 = CARTESIAN_POINT('',(-18.4,25.5,4.1));
#1796 = LINE('',#1797,#1798);
#1797 = CARTESIAN_POINT('',(-18.4,25.5,2.6));
#1798 = VECTOR('',#1799,1.);
#1799 = DIRECTION('',(0.,0.,1.));
#1800 = ORIENTED_EDGE('',*,*,#1801,.F.);
#1801 = EDGE_CURVE('',#1778,#1794,#1802,.T.);
#1802 = LINE('',#1803,#1804);
#1803 = CARTESIAN_POINT('',(-18.4,22.5,4.1));
#1804 = VECTOR('',#1805,1.);
#1805 = DIRECTION('',(-0.,1.,0.));
#1806 = PLANE('',#1807);
#1807 = AXIS2_PLACEMENT_3D('',#1808,#1809,#1810);
#1808 = CARTESIAN_POINT('',(-18.4,22.5,2.6));
#1809 = DIRECTION('',(1.,0.,-0.));
#1810 = DIRECTION('',(0.,0.,1.));
#1811 = ADVANCED_FACE('',(#1812),#1837,.F.);
#1812 = FACE_BOUND('',#1813,.F.);
#1813 = EDGE_LOOP('',(#1814,#1822,#1823,#1831));
#1814 = ORIENTED_EDGE('',*,*,#1815,.F.);
#1815 = EDGE_CURVE('',#1776,#1816,#1818,.T.);
#1816 = VERTEX_POINT('',#1817);
#1817 = CARTESIAN_POINT('',(-10.4,22.5,2.6));
#1818 = LINE('',#1819,#1820);
#1819 = CARTESIAN_POINT('',(-18.4,22.5,2.6));
#1820 = VECTOR('',#1821,1.);
#1821 = DIRECTION('',(1.,0.,-0.));
#1822 = ORIENTED_EDGE('',*,*,#1775,.T.);
#1823 = ORIENTED_EDGE('',*,*,#1824,.T.);
#1824 = EDGE_CURVE('',#1778,#1825,#1827,.T.);
#1825 = VERTEX_POINT('',#1826);
#1826 = CARTESIAN_POINT('',(-10.4,22.5,4.1));
#1827 = LINE('',#1828,#1829);
#1828 = CARTESIAN_POINT('',(-18.4,22.5,4.1));
#1829 = VECTOR('',#1830,1.);
#1830 = DIRECTION('',(1.,0.,-0.));
#1831 = ORIENTED_EDGE('',*,*,#1832,.F.);
#1832 = EDGE_CURVE('',#1816,#1825,#1833,.T.);
#1833 = LINE('',#1834,#1835);
#1834 = CARTESIAN_POINT('',(-10.4,22.5,2.6));
#1835 = VECTOR('',#1836,1.);
#1836 = DIRECTION('',(0.,0.,1.));
#1837 = PLANE('',#1838);
#1838 = AXIS2_PLACEMENT_3D('',#1839,#1840,#1841);
#1839 = CARTESIAN_POINT('',(-18.4,22.5,2.6));
#1840 = DIRECTION('',(-0.,1.,0.));
#1841 = DIRECTION('',(0.,0.,1.));
#1842 = ADVANCED_FACE('',(#1843,#1861),#1872,.T.);
#1843 = FACE_BOUND('',#1844,.T.);
#1844 = EDGE_LOOP('',(#1845,#1846,#1847,#1855));
#1845 = ORIENTED_EDGE('',*,*,#1801,.F.);
#1846 = ORIENTED_EDGE('',*,*,#1824,.T.);
#1847 = ORIENTED_EDGE('',*,*,#1848,.T.);
#1848 = EDGE_CURVE('',#1825,#1849,#1851,.T.);
#1849 = VERTEX_POINT('',#1850);
#1850 = CARTESIAN_POINT('',(-10.4,25.5,4.1));
#1851 = LINE('',#1852,#1853);
#1852 = CARTESIAN_POINT('',(-10.4,22.5,4.1));
#1853 = VECTOR('',#1854,1.);
#1854 = DIRECTION('',(-0.,1.,0.));
#1855 = ORIENTED_EDGE('',*,*,#1856,.F.);
#1856 = EDGE_CURVE('',#1794,#1849,#1857,.T.);
#1857 = LINE('',#1858,#1859);
#1858 = CARTESIAN_POINT('',(-18.4,25.5,4.1));
#1859 = VECTOR('',#1860,1.);
#1860 = DIRECTION('',(1.,0.,-0.));
#1861 = FACE_BOUND('',#1862,.T.);
#1862 = EDGE_LOOP('',(#1863));
#1863 = ORIENTED_EDGE('',*,*,#1864,.F.);
#1864 = EDGE_CURVE('',#1865,#1865,#1867,.T.);
#1865 = VERTEX_POINT('',#1866);
#1866 = CARTESIAN_POINT('',(-13.3,24.,4.1));
#1867 = CIRCLE('',#1868,1.1);
#1868 = AXIS2_PLACEMENT_3D('',#1869,#1870,#1871);
#1869 = CARTESIAN_POINT('',(-14.4,24.,4.1));
#1870 = DIRECTION('',(0.,0.,1.));
#1871 = DIRECTION('',(1.,0.,-0.));
#1872 = PLANE('',#1873);
#1873 = AXIS2_PLACEMENT_3D('',#1874,#1875,#1876);
#1874 = CARTESIAN_POINT('',(-18.4,22.5,4.1));
#1875 = DIRECTION('',(0.,0.,1.));
#1876 = DIRECTION('',(1.,0.,-0.));
#1877 = ADVANCED_FACE('',(#1878),#1896,.T.);
#1878 = FACE_BOUND('',#1879,.T.);
#1879 = EDGE_LOOP('',(#1880,#1888,#1889,#1890));
#1880 = ORIENTED_EDGE('',*,*,#1881,.F.);
#1881 = EDGE_CURVE('',#1786,#1882,#1884,.T.);
#1882 = VERTEX_POINT('',#1883);
#1883 = CARTESIAN_POINT('',(-10.4,25.5,2.6));
#1884 = LINE('',#1885,#1886);
#1885 = CARTESIAN_POINT('',(-18.4,25.5,2.6));
#1886 = VECTOR('',#1887,1.);
#1887 = DIRECTION('',(1.,0.,-0.));
#1888 = ORIENTED_EDGE('',*,*,#1793,.T.);
#1889 = ORIENTED_EDGE('',*,*,#1856,.T.);
#1890 = ORIENTED_EDGE('',*,*,#1891,.F.);
#1891 = EDGE_CURVE('',#1882,#1849,#1892,.T.);
#1892 = LINE('',#1893,#1894);
#1893 = CARTESIAN_POINT('',(-10.4,25.5,2.6));
#1894 = VECTOR('',#1895,1.);
#1895 = DIRECTION('',(0.,0.,1.));
#1896 = PLANE('',#1897);
#1897 = AXIS2_PLACEMENT_3D('',#1898,#1899,#1900);
#1898 = CARTESIAN_POINT('',(-18.4,25.5,2.6));
#1899 = DIRECTION('',(-0.,1.,0.));
#1900 = DIRECTION('',(0.,0.,1.));
#1901 = ADVANCED_FACE('',(#1902,#1913),#1924,.F.);
#1902 = FACE_BOUND('',#1903,.F.);
#1903 = EDGE_LOOP('',(#1904,#1905,#1906,#1912));
#1904 = ORIENTED_EDGE('',*,*,#1785,.F.);
#1905 = ORIENTED_EDGE('',*,*,#1815,.T.);
#1906 = ORIENTED_EDGE('',*,*,#1907,.T.);
#1907 = EDGE_CURVE('',#1816,#1882,#1908,.T.);
#1908 = LINE('',#1909,#1910);
#1909 = CARTESIAN_POINT('',(-10.4,22.5,2.6));
#1910 = VECTOR('',#1911,1.);
#1911 = DIRECTION('',(-0.,1.,0.));
#1912 = ORIENTED_EDGE('',*,*,#1881,.F.);
#1913 = FACE_BOUND('',#1914,.F.);
#1914 = EDGE_LOOP('',(#1915));
#1915 = ORIENTED_EDGE('',*,*,#1916,.F.);
#1916 = EDGE_CURVE('',#1917,#1917,#1919,.T.);
#1917 = VERTEX_POINT('',#1918);
#1918 = CARTESIAN_POINT('',(-13.3,24.,2.6));
#1919 = CIRCLE('',#1920,1.1);
#1920 = AXIS2_PLACEMENT_3D('',#1921,#1922,#1923);
#1921 = CARTESIAN_POINT('',(-14.4,24.,2.6));
#1922 = DIRECTION('',(0.,0.,1.));
#1923 = DIRECTION('',(1.,0.,-0.));
#1924 = PLANE('',#1925);
#1925 = AXIS2_PLACEMENT_3D('',#1926,#1927,#1928);
#1926 = CARTESIAN_POINT('',(-18.4,22.5,2.6));
#1927 = DIRECTION('',(0.,0.,1.));
#1928 = DIRECTION('',(1.,0.,-0.));
#1929 = ADVANCED_FACE('',(#1930),#1936,.T.);
#1930 = FACE_BOUND('',#1931,.T.);
#1931 = EDGE_LOOP('',(#1932,#1933,#1934,#1935));
#1932 = ORIENTED_EDGE('',*,*,#1832,.F.);
#1933 = ORIENTED_EDGE('',*,*,#1907,.T.);
#1934 = ORIENTED_EDGE('',*,*,#1891,.T.);
#1935 = ORIENTED_EDGE('',*,*,#1848,.F.);
#1936 = PLANE('',#1937);
#1937 = AXIS2_PLACEMENT_3D('',#1938,#1939,#1940);
#1938 = CARTESIAN_POINT('',(-10.4,22.5,2.6));
#1939 = DIRECTION('',(1.,0.,-0.));
#1940 = DIRECTION('',(0.,0.,1.));
#1941 = ADVANCED_FACE('',(#1942),#1953,.F.);
#1942 = FACE_BOUND('',#1943,.F.);
#1943 = EDGE_LOOP('',(#1944,#1945,#1951,#1952));
#1944 = ORIENTED_EDGE('',*,*,#1864,.F.);
#1945 = ORIENTED_EDGE('',*,*,#1946,.F.);
#1946 = EDGE_CURVE('',#1917,#1865,#1947,.T.);
#1947 = LINE('',#1948,#1949);
#1948 = CARTESIAN_POINT('',(-13.3,24.,2.4));
#1949 = VECTOR('',#1950,1.);
#1950 = DIRECTION('',(0.,0.,1.));
#1951 = ORIENTED_EDGE('',*,*,#1916,.T.);
#1952 = ORIENTED_EDGE('',*,*,#1946,.T.);
#1953 = CYLINDRICAL_SURFACE('',#1954,1.1);
#1954 = AXIS2_PLACEMENT_3D('',#1955,#1956,#1957);
#1955 = CARTESIAN_POINT('',(-14.4,24.,2.4));
#1956 = DIRECTION('',(0.,0.,1.));
#1957 = DIRECTION('',(1.,0.,-0.));
#1958 = MANIFOLD_SOLID_BREP('',#1959);
#1959 = CLOSED_SHELL('',(#1960,#2000,#2031,#2066,#2090,#2118,#2130));
#1960 = ADVANCED_FACE('',(#1961),#1995,.F.);
#1961 = FACE_BOUND('',#1962,.F.);
#1962 = EDGE_LOOP('',(#1963,#1973,#1981,#1989));
#1963 = ORIENTED_EDGE('',*,*,#1964,.F.);
#1964 = EDGE_CURVE('',#1965,#1967,#1969,.T.);
#1965 = VERTEX_POINT('',#1966);
#1966 = CARTESIAN_POINT('',(10.4,22.5,2.6));
#1967 = VERTEX_POINT('',#1968);
#1968 = CARTESIAN_POINT('',(10.4,22.5,4.1));
#1969 = LINE('',#1970,#1971);
#1970 = CARTESIAN_POINT('',(10.4,22.5,2.6));
#1971 = VECTOR('',#1972,1.);
#1972 = DIRECTION('',(0.,0.,1.));
#1973 = ORIENTED_EDGE('',*,*,#1974,.T.);
#1974 = EDGE_CURVE('',#1965,#1975,#1977,.T.);
#1975 = VERTEX_POINT('',#1976);
#1976 = CARTESIAN_POINT('',(10.4,25.5,2.6));
#1977 = LINE('',#1978,#1979);
#1978 = CARTESIAN_POINT('',(10.4,22.5,2.6));
#1979 = VECTOR('',#1980,1.);
#1980 = DIRECTION('',(-0.,1.,0.));
#1981 = ORIENTED_EDGE('',*,*,#1982,.T.);
#1982 = EDGE_CURVE('',#1975,#1983,#1985,.T.);
#1983 = VERTEX_POINT('',#1984);
#1984 = CARTESIAN_POINT('',(10.4,25.5,4.1));
#1985 = LINE('',#1986,#1987);
#1986 = CARTESIAN_POINT('',(10.4,25.5,2.6));
#1987 = VECTOR('',#1988,1.);
#1988 = DIRECTION('',(0.,0.,1.));
#1989 = ORIENTED_EDGE('',*,*,#1990,.F.);
#1990 = EDGE_CURVE('',#1967,#1983,#1991,.T.);
#1991 = LINE('',#1992,#1993);
#1992 = CARTESIAN_POINT('',(10.4,22.5,4.1));
#1993 = VECTOR('',#1994,1.);
#1994 = DIRECTION('',(-0.,1.,0.));
#1995 = PLANE('',#1996);
#1996 = AXIS2_PLACEMENT_3D('',#1997,#1998,#1999);
#1997 = CARTESIAN_POINT('',(10.4,22.5,2.6));
#1998 = DIRECTION('',(1.,0.,-0.));
#1999 = DIRECTION('',(0.,0.,1.));
#2000 = ADVANCED_FACE('',(#2001),#2026,.F.);
#2001 = FACE_BOUND('',#2002,.F.);
#2002 = EDGE_LOOP('',(#2003,#2011,#2012,#2020));
#2003 = ORIENTED_EDGE('',*,*,#2004,.F.);
#2004 = EDGE_CURVE('',#1965,#2005,#2007,.T.);
#2005 = VERTEX_POINT('',#2006);
#2006 = CARTESIAN_POINT('',(18.4,22.5,2.6));
#2007 = LINE('',#2008,#2009);
#2008 = CARTESIAN_POINT('',(10.4,22.5,2.6));
#2009 = VECTOR('',#2010,1.);
#2010 = DIRECTION('',(1.,0.,-0.));
#2011 = ORIENTED_EDGE('',*,*,#1964,.T.);
#2012 = ORIENTED_EDGE('',*,*,#2013,.T.);
#2013 = EDGE_CURVE('',#1967,#2014,#2016,.T.);
#2014 = VERTEX_POINT('',#2015);
#2015 = CARTESIAN_POINT('',(18.4,22.5,4.1));
#2016 = LINE('',#2017,#2018);
#2017 = CARTESIAN_POINT('',(10.4,22.5,4.1));
#2018 = VECTOR('',#2019,1.);
#2019 = DIRECTION('',(1.,0.,-0.));
#2020 = ORIENTED_EDGE('',*,*,#2021,.F.);
#2021 = EDGE_CURVE('',#2005,#2014,#2022,.T.);
#2022 = LINE('',#2023,#2024);
#2023 = CARTESIAN_POINT('',(18.4,22.5,2.6));
#2024 = VECTOR('',#2025,1.);
#2025 = DIRECTION('',(0.,0.,1.));
#2026 = PLANE('',#2027);
#2027 = AXIS2_PLACEMENT_3D('',#2028,#2029,#2030);
#2028 = CARTESIAN_POINT('',(10.4,22.5,2.6));
#2029 = DIRECTION('',(-0.,1.,0.));
#2030 = DIRECTION('',(0.,0.,1.));
#2031 = ADVANCED_FACE('',(#2032,#2050),#2061,.T.);
#2032 = FACE_BOUND('',#2033,.T.);
#2033 = EDGE_LOOP('',(#2034,#2035,#2036,#2044));
#2034 = ORIENTED_EDGE('',*,*,#1990,.F.);
#2035 = ORIENTED_EDGE('',*,*,#2013,.T.);
#2036 = ORIENTED_EDGE('',*,*,#2037,.T.);
#2037 = EDGE_CURVE('',#2014,#2038,#2040,.T.);
#2038 = VERTEX_POINT('',#2039);
#2039 = CARTESIAN_POINT('',(18.4,25.5,4.1));
#2040 = LINE('',#2041,#2042);
#2041 = CARTESIAN_POINT('',(18.4,22.5,4.1));
#2042 = VECTOR('',#2043,1.);
#2043 = DIRECTION('',(-0.,1.,0.));
#2044 = ORIENTED_EDGE('',*,*,#2045,.F.);
#2045 = EDGE_CURVE('',#1983,#2038,#2046,.T.);
#2046 = LINE('',#2047,#2048);
#2047 = CARTESIAN_POINT('',(10.4,25.5,4.1));
#2048 = VECTOR('',#2049,1.);
#2049 = DIRECTION('',(1.,0.,-0.));
#2050 = FACE_BOUND('',#2051,.T.);
#2051 = EDGE_LOOP('',(#2052));
#2052 = ORIENTED_EDGE('',*,*,#2053,.F.);
#2053 = EDGE_CURVE('',#2054,#2054,#2056,.T.);
#2054 = VERTEX_POINT('',#2055);
#2055 = CARTESIAN_POINT('',(15.5,24.,4.1));
#2056 = CIRCLE('',#2057,1.1);
#2057 = AXIS2_PLACEMENT_3D('',#2058,#2059,#2060);
#2058 = CARTESIAN_POINT('',(14.4,24.,4.1));
#2059 = DIRECTION('',(0.,0.,1.));
#2060 = DIRECTION('',(1.,0.,-0.));
#2061 = PLANE('',#2062);
#2062 = AXIS2_PLACEMENT_3D('',#2063,#2064,#2065);
#2063 = CARTESIAN_POINT('',(10.4,22.5,4.1));
#2064 = DIRECTION('',(0.,0.,1.));
#2065 = DIRECTION('',(1.,0.,-0.));
#2066 = ADVANCED_FACE('',(#2067),#2085,.T.);
#2067 = FACE_BOUND('',#2068,.T.);
#2068 = EDGE_LOOP('',(#2069,#2077,#2078,#2079));
#2069 = ORIENTED_EDGE('',*,*,#2070,.F.);
#2070 = EDGE_CURVE('',#1975,#2071,#2073,.T.);
#2071 = VERTEX_POINT('',#2072);
#2072 = CARTESIAN_POINT('',(18.4,25.5,2.6));
#2073 = LINE('',#2074,#2075);
#2074 = CARTESIAN_POINT('',(10.4,25.5,2.6));
#2075 = VECTOR('',#2076,1.);
#2076 = DIRECTION('',(1.,0.,-0.));
#2077 = ORIENTED_EDGE('',*,*,#1982,.T.);
#2078 = ORIENTED_EDGE('',*,*,#2045,.T.);
#2079 = ORIENTED_EDGE('',*,*,#2080,.F.);
#2080 = EDGE_CURVE('',#2071,#2038,#2081,.T.);
#2081 = LINE('',#2082,#2083);
#2082 = CARTESIAN_POINT('',(18.4,25.5,2.6));
#2083 = VECTOR('',#2084,1.);
#2084 = DIRECTION('',(0.,0.,1.));
#2085 = PLANE('',#2086);
#2086 = AXIS2_PLACEMENT_3D('',#2087,#2088,#2089);
#2087 = CARTESIAN_POINT('',(10.4,25.5,2.6));
#2088 = DIRECTION('',(-0.,1.,0.));
#2089 = DIRECTION('',(0.,0.,1.));
#2090 = ADVANCED_FACE('',(#2091,#2102),#2113,.F.);
#2091 = FACE_BOUND('',#2092,.F.);
#2092 = EDGE_LOOP('',(#2093,#2094,#2095,#2101));
#2093 = ORIENTED_EDGE('',*,*,#1974,.F.);
#2094 = ORIENTED_EDGE('',*,*,#2004,.T.);
#2095 = ORIENTED_EDGE('',*,*,#2096,.T.);
#2096 = EDGE_CURVE('',#2005,#2071,#2097,.T.);
#2097 = LINE('',#2098,#2099);
#2098 = CARTESIAN_POINT('',(18.4,22.5,2.6));
#2099 = VECTOR('',#2100,1.);
#2100 = DIRECTION('',(-0.,1.,0.));
#2101 = ORIENTED_EDGE('',*,*,#2070,.F.);
#2102 = FACE_BOUND('',#2103,.F.);
#2103 = EDGE_LOOP('',(#2104));
#2104 = ORIENTED_EDGE('',*,*,#2105,.F.);
#2105 = EDGE_CURVE('',#2106,#2106,#2108,.T.);
#2106 = VERTEX_POINT('',#2107);
#2107 = CARTESIAN_POINT('',(15.5,24.,2.6));
#2108 = CIRCLE('',#2109,1.1);
#2109 = AXIS2_PLACEMENT_3D('',#2110,#2111,#2112);
#2110 = CARTESIAN_POINT('',(14.4,24.,2.6));
#2111 = DIRECTION('',(0.,0.,1.));
#2112 = DIRECTION('',(1.,0.,-0.));
#2113 = PLANE('',#2114);
#2114 = AXIS2_PLACEMENT_3D('',#2115,#2116,#2117);
#2115 = CARTESIAN_POINT('',(10.4,22.5,2.6));
#2116 = DIRECTION('',(0.,0.,1.));
#2117 = DIRECTION('',(1.,0.,-0.));
#2118 = ADVANCED_FACE('',(#2119),#2125,.T.);
#2119 = FACE_BOUND('',#2120,.T.);
#2120 = EDGE_LOOP('',(#2121,#2122,#2123,#2124));
#2121 = ORIENTED_EDGE('',*,*,#2021,.F.);
#2122 = ORIENTED_EDGE('',*,*,#2096,.T.);
#2123 = ORIENTED_EDGE('',*,*,#2080,.T.);
#2124 = ORIENTED_EDGE('',*,*,#2037,.F.);
#2125 = PLANE('',#2126);
#2126 = AXIS2_PLACEMENT_3D('',#2127,#2128,#2129);
#2127 = CARTESIAN_POINT('',(18.4,22.5,2.6));
#2128 = DIRECTION('',(1.,0.,-0.));
#2129 = DIRECTION('',(0.,0.,1.));
#2130 = ADVANCED_FACE('',(#2131),#2142,.F.);
#2131 = FACE_BOUND('',#2132,.F.);
#2132 = EDGE_LOOP('',(#2133,#2134,#2140,#2141));
#2133 = ORIENTED_EDGE('',*,*,#2053,.F.);
#2134 = ORIENTED_EDGE('',*,*,#2135,.F.);
#2135 = EDGE_CURVE('',#2106,#2054,#2136,.T.);
#2136 = LINE('',#2137,#2138);
#2137 = CARTESIAN_POINT('',(15.5,24.,2.4));
#2138 = VECTOR('',#2139,1.);
#2139 = DIRECTION('',(0.,0.,1.));
#2140 = ORIENTED_EDGE('',*,*,#2105,.T.);
#2141 = ORIENTED_EDGE('',*,*,#2135,.T.);
#2142 = CYLINDRICAL_SURFACE('',#2143,1.1);
#2143 = AXIS2_PLACEMENT_3D('',#2144,#2145,#2146);
#2144 = CARTESIAN_POINT('',(14.4,24.,2.4));
#2145 = DIRECTION('',(0.,0.,1.));
#2146 = DIRECTION('',(1.,0.,-0.));
#2147 = ( GEOMETRIC_REPRESENTATION_CONTEXT(3) 
GLOBAL_UNCERTAINTY_ASSIGNED_CONTEXT((#2151)) 
GLOBAL_UNIT_ASSIGNED_CONTEXT((#2148,#2149,#2150)) REPRESENTATION_CONTEXT
('Context #1','3D Context with UNIT and UNCERTAINTY') );
#2148 = ( LENGTH_UNIT() NAMED_UNIT(*) SI_UNIT(.MILLI.,.METRE.) );
#2149 = ( NAMED_UNIT(*) PLANE_ANGLE_UNIT() SI_UNIT($,.RADIAN.) );
#2150 = ( NAMED_UNIT(*) SI_UNIT($,.STERADIAN.) SOLID_ANGLE_UNIT() );
#2151 = UNCERTAINTY_MEASURE_WITH_UNIT(LENGTH_MEASURE(1.E-07),#2148,
  'distance_accuracy_value','confusion accuracy');
#2152 = CONTEXT_DEPENDENT_SHAPE_REPRESENTATION(#2153,#2155);
#2153 = ( REPRESENTATION_RELATIONSHIP('','',#1390,#10) 
REPRESENTATION_RELATIONSHIP_WITH_TRANSFORMATION(#2154) 
SHAPE_REPRESENTATION_RELATIONSHIP() );
#2154 = ITEM_DEFINED_TRANSFORMATION('','',#11,#23);
#2155 = PRODUCT_DEFINITION_SHAPE('Placement','Placement of an item',
  #2156);
#2156 = NEXT_ASSEMBLY_USAGE_OCCURRENCE('3','Controller edge clamps','',
  #5,#1385,$);
#2157 = PRODUCT_RELATED_PRODUCT_CATEGORY('part',$,(#1387));
#2158 = SHAPE_DEFINITION_REPRESENTATION(#2159,#2165);
#2159 = PRODUCT_DEFINITION_SHAPE('','',#2160);
#2160 = PRODUCT_DEFINITION('design','',#2161,#2164);
#2161 = PRODUCT_DEFINITION_FORMATION('','',#2162);
#2162 = PRODUCT('Left wing carrier','Left wing carrier','',(#2163));
#2163 = PRODUCT_CONTEXT('',#2,'mechanical');
#2164 = PRODUCT_DEFINITION_CONTEXT('part definition',#2,'design');
#2165 = ADVANCED_BREP_SHAPE_REPRESENTATION('',(#11,#2166),#3232);
#2166 = MANIFOLD_SOLID_BREP('',#2167);
#2167 = CLOSED_SHELL('',(#2168,#2240,#2337,#2377,#2401,#2441,#2531,#2555
    ,#2623,#2640,#2664,#2688,#2730,#2754,#2796,#2820,#2844,#2884,#2912,
    #2929,#3040,#3057,#3088,#3105,#3122,#3148,#3165,#3191,#3203,#3220));
#2168 = ADVANCED_FACE('',(#2169),#2235,.F.);
#2169 = FACE_BOUND('',#2170,.F.);
#2170 = EDGE_LOOP('',(#2171,#2181,#2189,#2197,#2205,#2213,#2221,#2229));
#2171 = ORIENTED_EDGE('',*,*,#2172,.F.);
#2172 = EDGE_CURVE('',#2173,#2175,#2177,.T.);
#2173 = VERTEX_POINT('',#2174);
#2174 = CARTESIAN_POINT('',(-52.26875382687,-12.,1.928128505967));
#2175 = VERTEX_POINT('',#2176);
#2176 = CARTESIAN_POINT('',(-52.26875382687,-5.,1.928128505967));
#2177 = LINE('',#2178,#2179);
#2178 = CARTESIAN_POINT('',(-52.26875382687,-12.,1.928128505967));
#2179 = VECTOR('',#2180,1.);
#2180 = DIRECTION('',(0.,1.,0.));
#2181 = ORIENTED_EDGE('',*,*,#2182,.F.);
#2182 = EDGE_CURVE('',#2183,#2173,#2185,.T.);
#2183 = VERTEX_POINT('',#2184);
#2184 = CARTESIAN_POINT('',(-51.93426274441,-12.,-1.254341559212));
#2185 = LINE('',#2186,#2187);
#2186 = CARTESIAN_POINT('',(-51.93426274441,-12.,-1.254341559212));
#2187 = VECTOR('',#2188,1.);
#2188 = DIRECTION('',(-0.104528463268,0.,0.994521895368));
#2189 = ORIENTED_EDGE('',*,*,#2190,.T.);
#2190 = EDGE_CURVE('',#2183,#2191,#2193,.T.);
#2191 = VERTEX_POINT('',#2192);
#2192 = CARTESIAN_POINT('',(-51.93426274441,12.,-1.254341559212));
#2193 = LINE('',#2194,#2195);
#2194 = CARTESIAN_POINT('',(-51.93426274441,-12.,-1.254341559212));
#2195 = VECTOR('',#2196,1.);
#2196 = DIRECTION('',(0.,1.,0.));
#2197 = ORIENTED_EDGE('',*,*,#2198,.T.);
#2198 = EDGE_CURVE('',#2191,#2199,#2201,.T.);
#2199 = VERTEX_POINT('',#2200);
#2200 = CARTESIAN_POINT('',(-52.26875382687,12.,1.928128505967));
#2201 = LINE('',#2202,#2203);
#2202 = CARTESIAN_POINT('',(-51.93426274441,12.,-1.254341559212));
#2203 = VECTOR('',#2204,1.);
#2204 = DIRECTION('',(-0.104528463268,0.,0.994521895368));
#2205 = ORIENTED_EDGE('',*,*,#2206,.F.);
#2206 = EDGE_CURVE('',#2207,#2199,#2209,.T.);
#2207 = VERTEX_POINT('',#2208);
#2208 = CARTESIAN_POINT('',(-52.26875382687,5.,1.928128505967));
#2209 = LINE('',#2210,#2211);
#2210 = CARTESIAN_POINT('',(-52.26875382687,-12.,1.928128505967));
#2211 = VECTOR('',#2212,1.);
#2212 = DIRECTION('',(0.,1.,0.));
#2213 = ORIENTED_EDGE('',*,*,#2214,.F.);
#2214 = EDGE_CURVE('',#2215,#2207,#2217,.T.);
#2215 = VERTEX_POINT('',#2216);
#2216 = CARTESIAN_POINT('',(-52.03879120768,5.,-0.259819663844));
#2217 = LINE('',#2218,#2219);
#2218 = CARTESIAN_POINT('',(-52.03879120768,5.,-0.259819663844));
#2219 = VECTOR('',#2220,1.);
#2220 = DIRECTION('',(-0.104528463268,0.,0.994521895368));
#2221 = ORIENTED_EDGE('',*,*,#2222,.F.);
#2222 = EDGE_CURVE('',#2223,#2215,#2225,.T.);
#2223 = VERTEX_POINT('',#2224);
#2224 = CARTESIAN_POINT('',(-52.03879120768,-5.,-0.259819663844));
#2225 = LINE('',#2226,#2227);
#2226 = CARTESIAN_POINT('',(-52.03879120768,-5.,-0.259819663844));
#2227 = VECTOR('',#2228,1.);
#2228 = DIRECTION('',(0.,1.,0.));
#2229 = ORIENTED_EDGE('',*,*,#2230,.T.);
#2230 = EDGE_CURVE('',#2223,#2175,#2231,.T.);
#2231 = LINE('',#2232,#2233);
#2232 = CARTESIAN_POINT('',(-52.03879120768,-5.,-0.259819663844));
#2233 = VECTOR('',#2234,1.);
#2234 = DIRECTION('',(-0.104528463268,0.,0.994521895368));
#2235 = PLANE('',#2236);
#2236 = AXIS2_PLACEMENT_3D('',#2237,#2238,#2239);
#2237 = CARTESIAN_POINT('',(-51.93426274441,-12.,-1.254341559212));
#2238 = DIRECTION('',(0.994521895368,0.,0.104528463268));
#2239 = DIRECTION('',(-0.104528463268,0.,0.994521895368));
#2240 = ADVANCED_FACE('',(#2241),#2332,.T.);
#2241 = FACE_BOUND('',#2242,.T.);
#2242 = EDGE_LOOP('',(#2243,#2244,#2252,#2260,#2268,#2276,#2284,#2293,
    #2301,#2310,#2318,#2326));
#2243 = ORIENTED_EDGE('',*,*,#2172,.F.);
#2244 = ORIENTED_EDGE('',*,*,#2245,.T.);
#2245 = EDGE_CURVE('',#2173,#2246,#2248,.T.);
#2246 = VERTEX_POINT('',#2247);
#2247 = CARTESIAN_POINT('',(-28.40022833803,-12.,4.43681162439));
#2248 = LINE('',#2249,#2250);
#2249 = CARTESIAN_POINT('',(-52.26875382687,-12.,1.928128505967));
#2250 = VECTOR('',#2251,1.);
#2251 = DIRECTION('',(0.994521895368,0.,0.104528463268));
#2252 = ORIENTED_EDGE('',*,*,#2253,.T.);
#2253 = EDGE_CURVE('',#2246,#2254,#2256,.T.);
#2254 = VERTEX_POINT('',#2255);
#2255 = CARTESIAN_POINT('',(-28.40022833803,-5.,4.43681162439));
#2256 = LINE('',#2257,#2258);
#2257 = CARTESIAN_POINT('',(-28.40022833803,-12.,4.43681162439));
#2258 = VECTOR('',#2259,1.);
#2259 = DIRECTION('',(0.,1.,0.));
#2260 = ORIENTED_EDGE('',*,*,#2261,.T.);
#2261 = EDGE_CURVE('',#2254,#2262,#2264,.T.);
#2262 = VERTEX_POINT('',#2263);
#2263 = CARTESIAN_POINT('',(-29.99146337062,-5.,4.269566083162));
#2264 = LINE('',#2265,#2266);
#2265 = CARTESIAN_POINT('',(-41.8262739255,-5.,3.025677370277));
#2266 = VECTOR('',#2267,1.);
#2267 = DIRECTION('',(-0.994521895368,0.,-0.104528463268));
#2268 = ORIENTED_EDGE('',*,*,#2269,.F.);
#2269 = EDGE_CURVE('',#2270,#2262,#2272,.T.);
#2270 = VERTEX_POINT('',#2271);
#2271 = CARTESIAN_POINT('',(-29.99146337062,-10.4,4.269566083162));
#2272 = LINE('',#2273,#2274);
#2273 = CARTESIAN_POINT('',(-29.99146337062,-11.2,4.269566083162));
#2274 = VECTOR('',#2275,1.);
#2275 = DIRECTION('',(0.,1.,0.));
#2276 = ORIENTED_EDGE('',*,*,#2277,.T.);
#2277 = EDGE_CURVE('',#2270,#2278,#2280,.T.);
#2278 = VERTEX_POINT('',#2279);
#2279 = CARTESIAN_POINT('',(-33.88341851888,-10.4,3.860505113616));
#2280 = LINE('',#2281,#2282);
#2281 = CARTESIAN_POINT('',(-51.47313631058,-10.4,2.011751276581));
#2282 = VECTOR('',#2283,1.);
#2283 = DIRECTION('',(-0.994521895368,0.,-0.104528463268));
#2284 = ORIENTED_EDGE('',*,*,#2285,.F.);
#2285 = EDGE_CURVE('',#2286,#2278,#2288,.T.);
#2286 = VERTEX_POINT('',#2287);
#2287 = CARTESIAN_POINT('',(-36.84034469234,-10.4,3.549719649418));
#2288 = CIRCLE('',#2289,1.5);
#2289 = AXIS2_PLACEMENT_3D('',#2290,#2291,#2292);
#2290 = CARTESIAN_POINT('',(-35.36188160561,-10.2,3.705112381517));
#2291 = DIRECTION('',(-0.104528463268,0.,0.994521895368));
#2292 = DIRECTION('',(0.994521895368,0.,0.104528463268));
#2293 = ORIENTED_EDGE('',*,*,#2294,.T.);
#2294 = EDGE_CURVE('',#2286,#2295,#2297,.T.);
#2295 = VERTEX_POINT('',#2296);
#2296 = CARTESIAN_POINT('',(-43.82863747257,-10.4,2.815220480939));
#2297 = LINE('',#2298,#2299);
#2298 = CARTESIAN_POINT('',(-51.47313631058,-10.4,2.011751276581));
#2299 = VECTOR('',#2300,1.);
#2300 = DIRECTION('',(-0.994521895368,0.,-0.104528463268));
#2301 = ORIENTED_EDGE('',*,*,#2302,.F.);
#2302 = EDGE_CURVE('',#2303,#2295,#2305,.T.);
#2303 = VERTEX_POINT('',#2304);
#2304 = CARTESIAN_POINT('',(-46.78556364602,-10.4,2.504435016741));
#2305 = CIRCLE('',#2306,1.5);
#2306 = AXIS2_PLACEMENT_3D('',#2307,#2308,#2309);
#2307 = CARTESIAN_POINT('',(-45.30710055929,-10.2,2.65982774884));
#2308 = DIRECTION('',(-0.104528463268,0.,0.994521895368));
#2309 = DIRECTION('',(0.994521895368,0.,0.104528463268));
#2310 = ORIENTED_EDGE('',*,*,#2311,.T.);
#2311 = EDGE_CURVE('',#2303,#2312,#2314,.T.);
#2312 = VERTEX_POINT('',#2313);
#2313 = CARTESIAN_POINT('',(-50.67751879428,-10.4,2.095374047195));
#2314 = LINE('',#2315,#2316);
#2315 = CARTESIAN_POINT('',(-51.47313631058,-10.4,2.011751276581));
#2316 = VECTOR('',#2317,1.);
#2317 = DIRECTION('',(-0.994521895368,0.,-0.104528463268));
#2318 = ORIENTED_EDGE('',*,*,#2319,.T.);
#2319 = EDGE_CURVE('',#2312,#2320,#2322,.T.);
#2320 = VERTEX_POINT('',#2321);
#2321 = CARTESIAN_POINT('',(-50.67751879428,-5.,2.095374047195));
#2322 = LINE('',#2323,#2324);
#2323 = CARTESIAN_POINT('',(-50.67751879428,-11.2,2.095374047195));
#2324 = VECTOR('',#2325,1.);
#2325 = DIRECTION('',(0.,1.,0.));
#2326 = ORIENTED_EDGE('',*,*,#2327,.T.);
#2327 = EDGE_CURVE('',#2320,#2175,#2328,.T.);
#2328 = LINE('',#2329,#2330);
#2329 = CARTESIAN_POINT('',(-52.26875382687,-5.,1.928128505967));
#2330 = VECTOR('',#2331,1.);
#2331 = DIRECTION('',(-0.994521895368,0.,-0.104528463268));
#2332 = PLANE('',#2333);
#2333 = AXIS2_PLACEMENT_3D('',#2334,#2335,#2336);
#2334 = CARTESIAN_POINT('',(-52.26875382687,-12.,1.928128505967));
#2335 = DIRECTION('',(-0.104528463268,0.,0.994521895368));
#2336 = DIRECTION('',(0.994521895368,0.,0.104528463268));
#2337 = ADVANCED_FACE('',(#2338),#2372,.T.);
#2338 = FACE_BOUND('',#2339,.T.);
#2339 = EDGE_LOOP('',(#2340,#2348,#2349,#2350,#2358,#2366));
#2340 = ORIENTED_EDGE('',*,*,#2341,.F.);
#2341 = EDGE_CURVE('',#2223,#2342,#2344,.T.);
#2342 = VERTEX_POINT('',#2343);
#2343 = CARTESIAN_POINT('',(-49.05522552158,-5.,5.376572595939E-02));
#2344 = LINE('',#2345,#2346);
#2345 = CARTESIAN_POINT('',(-52.03879120768,-5.,-0.259819663844));
#2346 = VECTOR('',#2347,1.);
#2347 = DIRECTION('',(0.994521895368,0.,0.104528463268));
#2348 = ORIENTED_EDGE('',*,*,#2230,.T.);
#2349 = ORIENTED_EDGE('',*,*,#2327,.F.);
#2350 = ORIENTED_EDGE('',*,*,#2351,.F.);
#2351 = EDGE_CURVE('',#2352,#2320,#2354,.T.);
#2352 = VERTEX_POINT('',#2353);
#2353 = CARTESIAN_POINT('',(-50.46846186775,-5.,0.106330256458));
#2354 = LINE('',#2355,#2356);
#2355 = CARTESIAN_POINT('',(-50.45800902142,-5.,6.878066921504E-03));
#2356 = VECTOR('',#2357,1.);
#2357 = DIRECTION('',(-0.104528463268,0.,0.994521895368));
#2358 = ORIENTED_EDGE('',*,*,#2359,.F.);
#2359 = EDGE_CURVE('',#2360,#2352,#2362,.T.);
#2360 = VERTEX_POINT('',#2361);
#2361 = CARTESIAN_POINT('',(-49.07613121423,-5.,0.252670105033));
#2362 = LINE('',#2363,#2364);
#2363 = CARTESIAN_POINT('',(-51.26407938404,-5.,2.270748584421E-02));
#2364 = VECTOR('',#2365,1.);
#2365 = DIRECTION('',(-0.994521895368,0.,-0.104528463268));
#2366 = ORIENTED_EDGE('',*,*,#2367,.F.);
#2367 = EDGE_CURVE('',#2342,#2360,#2368,.T.);
#2368 = LINE('',#2369,#2370);
#2369 = CARTESIAN_POINT('',(-49.05522552158,-5.,5.376572595939E-02));
#2370 = VECTOR('',#2371,1.);
#2371 = DIRECTION('',(-0.104528463268,0.,0.994521895368));
#2372 = PLANE('',#2373);
#2373 = AXIS2_PLACEMENT_3D('',#2374,#2375,#2376);
#2374 = CARTESIAN_POINT('',(-52.03879120768,-5.,-0.259819663844));
#2375 = DIRECTION('',(0.,1.,0.));
#2376 = DIRECTION('',(-0.104528463268,0.,0.994521895368));
#2377 = ADVANCED_FACE('',(#2378),#2396,.T.);
#2378 = FACE_BOUND('',#2379,.T.);
#2379 = EDGE_LOOP('',(#2380,#2381,#2382,#2390));
#2380 = ORIENTED_EDGE('',*,*,#2222,.F.);
#2381 = ORIENTED_EDGE('',*,*,#2341,.T.);
#2382 = ORIENTED_EDGE('',*,*,#2383,.T.);
#2383 = EDGE_CURVE('',#2342,#2384,#2386,.T.);
#2384 = VERTEX_POINT('',#2385);
#2385 = CARTESIAN_POINT('',(-49.05522552158,5.,5.376572595939E-02));
#2386 = LINE('',#2387,#2388);
#2387 = CARTESIAN_POINT('',(-49.05522552158,-5.,5.376572595939E-02));
#2388 = VECTOR('',#2389,1.);
#2389 = DIRECTION('',(0.,1.,0.));
#2390 = ORIENTED_EDGE('',*,*,#2391,.F.);
#2391 = EDGE_CURVE('',#2215,#2384,#2392,.T.);
#2392 = LINE('',#2393,#2394);
#2393 = CARTESIAN_POINT('',(-52.03879120768,5.,-0.259819663844));
#2394 = VECTOR('',#2395,1.);
#2395 = DIRECTION('',(0.994521895368,0.,0.104528463268));
#2396 = PLANE('',#2397);
#2397 = AXIS2_PLACEMENT_3D('',#2398,#2399,#2400);
#2398 = CARTESIAN_POINT('',(-52.03879120768,-5.,-0.259819663844));
#2399 = DIRECTION('',(-0.104528463268,0.,0.994521895368));
#2400 = DIRECTION('',(0.994521895368,0.,0.104528463268));
#2401 = ADVANCED_FACE('',(#2402),#2436,.F.);
#2402 = FACE_BOUND('',#2403,.F.);
#2403 = EDGE_LOOP('',(#2404,#2405,#2406,#2414,#2422,#2430));
#2404 = ORIENTED_EDGE('',*,*,#2391,.F.);
#2405 = ORIENTED_EDGE('',*,*,#2214,.T.);
#2406 = ORIENTED_EDGE('',*,*,#2407,.F.);
#2407 = EDGE_CURVE('',#2408,#2207,#2410,.T.);
#2408 = VERTEX_POINT('',#2409);
#2409 = CARTESIAN_POINT('',(-50.67751879428,5.,2.095374047195));
#2410 = LINE('',#2411,#2412);
#2411 = CARTESIAN_POINT('',(-52.26875382687,5.,1.928128505967));
#2412 = VECTOR('',#2413,1.);
#2413 = DIRECTION('',(-0.994521895368,0.,-0.104528463268));
#2414 = ORIENTED_EDGE('',*,*,#2415,.F.);
#2415 = EDGE_CURVE('',#2416,#2408,#2418,.T.);
#2416 = VERTEX_POINT('',#2417);
#2417 = CARTESIAN_POINT('',(-50.46846186775,5.,0.106330256458));
#2418 = LINE('',#2419,#2420);
#2419 = CARTESIAN_POINT('',(-50.45800902142,5.,6.878066921504E-03));
#2420 = VECTOR('',#2421,1.);
#2421 = DIRECTION('',(-0.104528463268,0.,0.994521895368));
#2422 = ORIENTED_EDGE('',*,*,#2423,.F.);
#2423 = EDGE_CURVE('',#2424,#2416,#2426,.T.);
#2424 = VERTEX_POINT('',#2425);
#2425 = CARTESIAN_POINT('',(-49.07613121423,5.,0.252670105033));
#2426 = LINE('',#2427,#2428);
#2427 = CARTESIAN_POINT('',(-51.26407938404,5.,2.270748584421E-02));
#2428 = VECTOR('',#2429,1.);
#2429 = DIRECTION('',(-0.994521895368,0.,-0.104528463268));
#2430 = ORIENTED_EDGE('',*,*,#2431,.F.);
#2431 = EDGE_CURVE('',#2384,#2424,#2432,.T.);
#2432 = LINE('',#2433,#2434);
#2433 = CARTESIAN_POINT('',(-49.05522552158,5.,5.376572595939E-02));
#2434 = VECTOR('',#2435,1.);
#2435 = DIRECTION('',(-0.104528463268,0.,0.994521895368));
#2436 = PLANE('',#2437);
#2437 = AXIS2_PLACEMENT_3D('',#2438,#2439,#2440);
#2438 = CARTESIAN_POINT('',(-52.03879120768,5.,-0.259819663844));
#2439 = DIRECTION('',(0.,1.,0.));
#2440 = DIRECTION('',(-0.104528463268,0.,0.994521895368));
#2441 = ADVANCED_FACE('',(#2442),#2526,.T.);
#2442 = FACE_BOUND('',#2443,.T.);
#2443 = EDGE_LOOP('',(#2444,#2454,#2462,#2468,#2469,#2470,#2478,#2486,
    #2495,#2503,#2512,#2520));
#2444 = ORIENTED_EDGE('',*,*,#2445,.F.);
#2445 = EDGE_CURVE('',#2446,#2448,#2450,.T.);
#2446 = VERTEX_POINT('',#2447);
#2447 = CARTESIAN_POINT('',(-28.40022833803,5.,4.43681162439));
#2448 = VERTEX_POINT('',#2449);
#2449 = CARTESIAN_POINT('',(-29.99146337062,5.,4.269566083162));
#2450 = LINE('',#2451,#2452);
#2451 = CARTESIAN_POINT('',(-41.8262739255,5.,3.025677370277));
#2452 = VECTOR('',#2453,1.);
#2453 = DIRECTION('',(-0.994521895368,0.,-0.104528463268));
#2454 = ORIENTED_EDGE('',*,*,#2455,.T.);
#2455 = EDGE_CURVE('',#2446,#2456,#2458,.T.);
#2456 = VERTEX_POINT('',#2457);
#2457 = CARTESIAN_POINT('',(-28.40022833803,12.,4.43681162439));
#2458 = LINE('',#2459,#2460);
#2459 = CARTESIAN_POINT('',(-28.40022833803,-12.,4.43681162439));
#2460 = VECTOR('',#2461,1.);
#2461 = DIRECTION('',(0.,1.,0.));
#2462 = ORIENTED_EDGE('',*,*,#2463,.F.);
#2463 = EDGE_CURVE('',#2199,#2456,#2464,.T.);
#2464 = LINE('',#2465,#2466);
#2465 = CARTESIAN_POINT('',(-52.26875382687,12.,1.928128505967));
#2466 = VECTOR('',#2467,1.);
#2467 = DIRECTION('',(0.994521895368,0.,0.104528463268));
#2468 = ORIENTED_EDGE('',*,*,#2206,.F.);
#2469 = ORIENTED_EDGE('',*,*,#2407,.F.);
#2470 = ORIENTED_EDGE('',*,*,#2471,.T.);
#2471 = EDGE_CURVE('',#2408,#2472,#2474,.T.);
#2472 = VERTEX_POINT('',#2473);
#2473 = CARTESIAN_POINT('',(-50.67751879428,10.4,2.095374047195));
#2474 = LINE('',#2475,#2476);
#2475 = CARTESIAN_POINT('',(-50.67751879428,-11.2,2.095374047195));
#2476 = VECTOR('',#2477,1.);
#2477 = DIRECTION('',(0.,1.,0.));
#2478 = ORIENTED_EDGE('',*,*,#2479,.F.);
#2479 = EDGE_CURVE('',#2480,#2472,#2482,.T.);
#2480 = VERTEX_POINT('',#2481);
#2481 = CARTESIAN_POINT('',(-46.78556364602,10.4,2.504435016741));
#2482 = LINE('',#2483,#2484);
#2483 = CARTESIAN_POINT('',(-51.47313631058,10.4,2.011751276581));
#2484 = VECTOR('',#2485,1.);
#2485 = DIRECTION('',(-0.994521895368,0.,-0.104528463268));
#2486 = ORIENTED_EDGE('',*,*,#2487,.F.);
#2487 = EDGE_CURVE('',#2488,#2480,#2490,.T.);
#2488 = VERTEX_POINT('',#2489);
#2489 = CARTESIAN_POINT('',(-43.82863747257,10.4,2.815220480939));
#2490 = CIRCLE('',#2491,1.5);
#2491 = AXIS2_PLACEMENT_3D('',#2492,#2493,#2494);
#2492 = CARTESIAN_POINT('',(-45.30710055929,10.2,2.65982774884));
#2493 = DIRECTION('',(-0.104528463268,0.,0.994521895368));
#2494 = DIRECTION('',(0.994521895368,0.,0.104528463268));
#2495 = ORIENTED_EDGE('',*,*,#2496,.F.);
#2496 = EDGE_CURVE('',#2497,#2488,#2499,.T.);
#2497 = VERTEX_POINT('',#2498);
#2498 = CARTESIAN_POINT('',(-36.84034469234,10.4,3.549719649418));
#2499 = LINE('',#2500,#2501);
#2500 = CARTESIAN_POINT('',(-51.47313631058,10.4,2.011751276581));
#2501 = VECTOR('',#2502,1.);
#2502 = DIRECTION('',(-0.994521895368,0.,-0.104528463268));
#2503 = ORIENTED_EDGE('',*,*,#2504,.F.);
#2504 = EDGE_CURVE('',#2505,#2497,#2507,.T.);
#2505 = VERTEX_POINT('',#2506);
#2506 = CARTESIAN_POINT('',(-33.88341851888,10.4,3.860505113616));
#2507 = CIRCLE('',#2508,1.5);
#2508 = AXIS2_PLACEMENT_3D('',#2509,#2510,#2511);
#2509 = CARTESIAN_POINT('',(-35.36188160561,10.2,3.705112381517));
#2510 = DIRECTION('',(-0.104528463268,0.,0.994521895368));
#2511 = DIRECTION('',(0.994521895368,0.,0.104528463268));
#2512 = ORIENTED_EDGE('',*,*,#2513,.F.);
#2513 = EDGE_CURVE('',#2514,#2505,#2516,.T.);
#2514 = VERTEX_POINT('',#2515);
#2515 = CARTESIAN_POINT('',(-29.99146337062,10.4,4.269566083162));
#2516 = LINE('',#2517,#2518);
#2517 = CARTESIAN_POINT('',(-51.47313631058,10.4,2.011751276581));
#2518 = VECTOR('',#2519,1.);
#2519 = DIRECTION('',(-0.994521895368,0.,-0.104528463268));
#2520 = ORIENTED_EDGE('',*,*,#2521,.F.);
#2521 = EDGE_CURVE('',#2448,#2514,#2522,.T.);
#2522 = LINE('',#2523,#2524);
#2523 = CARTESIAN_POINT('',(-29.99146337062,-11.2,4.269566083162));
#2524 = VECTOR('',#2525,1.);
#2525 = DIRECTION('',(0.,1.,0.));
#2526 = PLANE('',#2527);
#2527 = AXIS2_PLACEMENT_3D('',#2528,#2529,#2530);
#2528 = CARTESIAN_POINT('',(-52.26875382687,-12.,1.928128505967));
#2529 = DIRECTION('',(-0.104528463268,0.,0.994521895368));
#2530 = DIRECTION('',(0.994521895368,0.,0.104528463268));
#2531 = ADVANCED_FACE('',(#2532),#2550,.T.);
#2532 = FACE_BOUND('',#2533,.T.);
#2533 = EDGE_LOOP('',(#2534,#2542,#2543,#2544));
#2534 = ORIENTED_EDGE('',*,*,#2535,.F.);
#2535 = EDGE_CURVE('',#2191,#2536,#2538,.T.);
#2536 = VERTEX_POINT('',#2537);
#2537 = CARTESIAN_POINT('',(-28.06573725558,12.,1.254341559212));
#2538 = LINE('',#2539,#2540);
#2539 = CARTESIAN_POINT('',(-51.93426274441,12.,-1.254341559212));
#2540 = VECTOR('',#2541,1.);
#2541 = DIRECTION('',(0.994521895368,0.,0.104528463268));
#2542 = ORIENTED_EDGE('',*,*,#2198,.T.);
#2543 = ORIENTED_EDGE('',*,*,#2463,.T.);
#2544 = ORIENTED_EDGE('',*,*,#2545,.F.);
#2545 = EDGE_CURVE('',#2536,#2456,#2546,.T.);
#2546 = LINE('',#2547,#2548);
#2547 = CARTESIAN_POINT('',(-28.06573725558,12.,1.254341559212));
#2548 = VECTOR('',#2549,1.);
#2549 = DIRECTION('',(-0.104528463268,0.,0.994521895368));
#2550 = PLANE('',#2551);
#2551 = AXIS2_PLACEMENT_3D('',#2552,#2553,#2554);
#2552 = CARTESIAN_POINT('',(-51.93426274441,12.,-1.254341559212));
#2553 = DIRECTION('',(0.,1.,0.));
#2554 = DIRECTION('',(-0.104528463268,0.,0.994521895368));
#2555 = ADVANCED_FACE('',(#2556,#2574,#2585,#2596,#2607),#2618,.F.);
#2556 = FACE_BOUND('',#2557,.F.);
#2557 = EDGE_LOOP('',(#2558,#2559,#2567,#2573));
#2558 = ORIENTED_EDGE('',*,*,#2190,.F.);
#2559 = ORIENTED_EDGE('',*,*,#2560,.T.);
#2560 = EDGE_CURVE('',#2183,#2561,#2563,.T.);
#2561 = VERTEX_POINT('',#2562);
#2562 = CARTESIAN_POINT('',(-28.06573725558,-12.,1.254341559212));
#2563 = LINE('',#2564,#2565);
#2564 = CARTESIAN_POINT('',(-51.93426274441,-12.,-1.254341559212));
#2565 = VECTOR('',#2566,1.);
#2566 = DIRECTION('',(0.994521895368,0.,0.104528463268));
#2567 = ORIENTED_EDGE('',*,*,#2568,.T.);
#2568 = EDGE_CURVE('',#2561,#2536,#2569,.T.);
#2569 = LINE('',#2570,#2571);
#2570 = CARTESIAN_POINT('',(-28.06573725558,-12.,1.254341559212));
#2571 = VECTOR('',#2572,1.);
#2572 = DIRECTION('',(0.,1.,0.));
#2573 = ORIENTED_EDGE('',*,*,#2535,.F.);
#2574 = FACE_BOUND('',#2575,.F.);
#2575 = EDGE_LOOP('',(#2576));
#2576 = ORIENTED_EDGE('',*,*,#2577,.F.);
#2577 = EDGE_CURVE('',#2578,#2578,#2580,.T.);
#2578 = VERTEX_POINT('',#2579);
#2579 = CARTESIAN_POINT('',(-43.48082663378,-10.2,-0.365849621437));
#2580 = CIRCLE('',#2581,1.5);
#2581 = AXIS2_PLACEMENT_3D('',#2582,#2583,#2584);
#2582 = CARTESIAN_POINT('',(-44.97260947684,-10.2,-0.522642316338));
#2583 = DIRECTION('',(-0.104528463268,0.,0.994521895368));
#2584 = DIRECTION('',(0.994521895368,0.,0.104528463268));
#2585 = FACE_BOUND('',#2586,.F.);
#2586 = EDGE_LOOP('',(#2587));
#2587 = ORIENTED_EDGE('',*,*,#2588,.F.);
#2588 = EDGE_CURVE('',#2589,#2589,#2591,.T.);
#2589 = VERTEX_POINT('',#2590);
#2590 = CARTESIAN_POINT('',(-33.5356076801,-10.2,0.67943501124));
#2591 = CIRCLE('',#2592,1.5);
#2592 = AXIS2_PLACEMENT_3D('',#2593,#2594,#2595);
#2593 = CARTESIAN_POINT('',(-35.02739052315,-10.2,0.522642316338));
#2594 = DIRECTION('',(-0.104528463268,0.,0.994521895368));
#2595 = DIRECTION('',(0.994521895368,0.,0.104528463268));
#2596 = FACE_BOUND('',#2597,.F.);
#2597 = EDGE_LOOP('',(#2598));
#2598 = ORIENTED_EDGE('',*,*,#2599,.F.);
#2599 = EDGE_CURVE('',#2600,#2600,#2602,.T.);
#2600 = VERTEX_POINT('',#2601);
#2601 = CARTESIAN_POINT('',(-43.48082663378,10.2,-0.365849621437));
#2602 = CIRCLE('',#2603,1.5);
#2603 = AXIS2_PLACEMENT_3D('',#2604,#2605,#2606);
#2604 = CARTESIAN_POINT('',(-44.97260947684,10.2,-0.522642316338));
#2605 = DIRECTION('',(-0.104528463268,0.,0.994521895368));
#2606 = DIRECTION('',(0.994521895368,0.,0.104528463268));
#2607 = FACE_BOUND('',#2608,.F.);
#2608 = EDGE_LOOP('',(#2609));
#2609 = ORIENTED_EDGE('',*,*,#2610,.F.);
#2610 = EDGE_CURVE('',#2611,#2611,#2613,.T.);
#2611 = VERTEX_POINT('',#2612);
#2612 = CARTESIAN_POINT('',(-33.5356076801,10.2,0.67943501124));
#2613 = CIRCLE('',#2614,1.5);
#2614 = AXIS2_PLACEMENT_3D('',#2615,#2616,#2617);
#2615 = CARTESIAN_POINT('',(-35.02739052315,10.2,0.522642316338));
#2616 = DIRECTION('',(-0.104528463268,0.,0.994521895368));
#2617 = DIRECTION('',(0.994521895368,0.,0.104528463268));
#2618 = PLANE('',#2619);
#2619 = AXIS2_PLACEMENT_3D('',#2620,#2621,#2622);
#2620 = CARTESIAN_POINT('',(-51.93426274441,-12.,-1.254341559212));
#2621 = DIRECTION('',(-0.104528463268,0.,0.994521895368));
#2622 = DIRECTION('',(0.994521895368,0.,0.104528463268));
#2623 = ADVANCED_FACE('',(#2624),#2635,.F.);
#2624 = FACE_BOUND('',#2625,.F.);
#2625 = EDGE_LOOP('',(#2626,#2627,#2628,#2629));
#2626 = ORIENTED_EDGE('',*,*,#2560,.F.);
#2627 = ORIENTED_EDGE('',*,*,#2182,.T.);
#2628 = ORIENTED_EDGE('',*,*,#2245,.T.);
#2629 = ORIENTED_EDGE('',*,*,#2630,.F.);
#2630 = EDGE_CURVE('',#2561,#2246,#2631,.T.);
#2631 = LINE('',#2632,#2633);
#2632 = CARTESIAN_POINT('',(-28.06573725558,-12.,1.254341559212));
#2633 = VECTOR('',#2634,1.);
#2634 = DIRECTION('',(-0.104528463268,0.,0.994521895368));
#2635 = PLANE('',#2636);
#2636 = AXIS2_PLACEMENT_3D('',#2637,#2638,#2639);
#2637 = CARTESIAN_POINT('',(-51.93426274441,-12.,-1.254341559212));
#2638 = DIRECTION('',(0.,1.,0.));
#2639 = DIRECTION('',(-0.104528463268,0.,0.994521895368));
#2640 = ADVANCED_FACE('',(#2641),#2659,.T.);
#2641 = FACE_BOUND('',#2642,.T.);
#2642 = EDGE_LOOP('',(#2643,#2651,#2657,#2658));
#2643 = ORIENTED_EDGE('',*,*,#2644,.F.);
#2644 = EDGE_CURVE('',#2645,#2312,#2647,.T.);
#2645 = VERTEX_POINT('',#2646);
#2646 = CARTESIAN_POINT('',(-50.46846186775,-10.4,0.106330256458));
#2647 = LINE('',#2648,#2649);
#2648 = CARTESIAN_POINT('',(-50.46846186775,-10.4,0.106330256458));
#2649 = VECTOR('',#2650,1.);
#2650 = DIRECTION('',(-0.104528463268,0.,0.994521895368));
#2651 = ORIENTED_EDGE('',*,*,#2652,.T.);
#2652 = EDGE_CURVE('',#2645,#2352,#2653,.T.);
#2653 = LINE('',#2654,#2655);
#2654 = CARTESIAN_POINT('',(-50.46846186775,-10.4,0.106330256458));
#2655 = VECTOR('',#2656,1.);
#2656 = DIRECTION('',(0.,1.,0.));
#2657 = ORIENTED_EDGE('',*,*,#2351,.T.);
#2658 = ORIENTED_EDGE('',*,*,#2319,.F.);
#2659 = PLANE('',#2660);
#2660 = AXIS2_PLACEMENT_3D('',#2661,#2662,#2663);
#2661 = CARTESIAN_POINT('',(-50.46846186775,-10.4,0.106330256458));
#2662 = DIRECTION('',(0.994521895368,0.,0.104528463268));
#2663 = DIRECTION('',(-0.104528463268,0.,0.994521895368));
#2664 = ADVANCED_FACE('',(#2665),#2683,.T.);
#2665 = FACE_BOUND('',#2666,.T.);
#2666 = EDGE_LOOP('',(#2667,#2675,#2681,#2682));
#2667 = ORIENTED_EDGE('',*,*,#2668,.F.);
#2668 = EDGE_CURVE('',#2669,#2303,#2671,.T.);
#2669 = VERTEX_POINT('',#2670);
#2670 = CARTESIAN_POINT('',(-46.57650671948,-10.4,0.515391226005));
#2671 = LINE('',#2672,#2673);
#2672 = CARTESIAN_POINT('',(-46.43016687091,-10.4,-0.876939427511));
#2673 = VECTOR('',#2674,1.);
#2674 = DIRECTION('',(-0.104528463268,0.,0.994521895368));
#2675 = ORIENTED_EDGE('',*,*,#2676,.F.);
#2676 = EDGE_CURVE('',#2645,#2669,#2677,.T.);
#2677 = LINE('',#2678,#2679);
#2678 = CARTESIAN_POINT('',(-50.46846186775,-10.4,0.106330256458));
#2679 = VECTOR('',#2680,1.);
#2680 = DIRECTION('',(0.994521895368,0.,0.104528463268));
#2681 = ORIENTED_EDGE('',*,*,#2644,.T.);
#2682 = ORIENTED_EDGE('',*,*,#2311,.F.);
#2683 = PLANE('',#2684);
#2684 = AXIS2_PLACEMENT_3D('',#2685,#2686,#2687);
#2685 = CARTESIAN_POINT('',(-50.46846186775,-10.4,0.106330256458));
#2686 = DIRECTION('',(0.,1.,0.));
#2687 = DIRECTION('',(-0.104528463268,0.,0.994521895368));
#2688 = ADVANCED_FACE('',(#2689),#2725,.F.);
#2689 = FACE_BOUND('',#2690,.F.);
#2690 = EDGE_LOOP('',(#2691,#2700,#2706,#2707,#2708,#2717,#2723,#2724));
#2691 = ORIENTED_EDGE('',*,*,#2692,.F.);
#2692 = EDGE_CURVE('',#2693,#2669,#2695,.T.);
#2693 = VERTEX_POINT('',#2694);
#2694 = CARTESIAN_POINT('',(-43.60626078971,-10.2,0.827576653005));
#2695 = CIRCLE('',#2696,1.5);
#2696 = AXIS2_PLACEMENT_3D('',#2697,#2698,#2699);
#2697 = CARTESIAN_POINT('',(-45.09804363276,-10.2,0.670783958104));
#2698 = DIRECTION('',(-0.104528463268,0.,0.994521895368));
#2699 = DIRECTION('',(0.994521895368,0.,0.104528463268));
#2700 = ORIENTED_EDGE('',*,*,#2701,.F.);
#2701 = EDGE_CURVE('',#2578,#2693,#2702,.T.);
#2702 = LINE('',#2703,#2704);
#2703 = CARTESIAN_POINT('',(-43.45992094113,-10.2,-0.56475400051));
#2704 = VECTOR('',#2705,1.);
#2705 = DIRECTION('',(-0.104528463268,0.,0.994521895368));
#2706 = ORIENTED_EDGE('',*,*,#2577,.T.);
#2707 = ORIENTED_EDGE('',*,*,#2701,.T.);
#2708 = ORIENTED_EDGE('',*,*,#2709,.F.);
#2709 = EDGE_CURVE('',#2710,#2693,#2712,.T.);
#2710 = VERTEX_POINT('',#2711);
#2711 = CARTESIAN_POINT('',(-43.61958054603,-10.4,0.826176690203));
#2712 = CIRCLE('',#2713,1.5);
#2713 = AXIS2_PLACEMENT_3D('',#2714,#2715,#2716);
#2714 = CARTESIAN_POINT('',(-45.09804363276,-10.2,0.670783958104));
#2715 = DIRECTION('',(-0.104528463268,0.,0.994521895368));
#2716 = DIRECTION('',(0.994521895368,0.,0.104528463268));
#2717 = ORIENTED_EDGE('',*,*,#2718,.T.);
#2718 = EDGE_CURVE('',#2710,#2295,#2719,.T.);
#2719 = LINE('',#2720,#2721);
#2720 = CARTESIAN_POINT('',(-43.47324069746,-10.4,-0.566153963313));
#2721 = VECTOR('',#2722,1.);
#2722 = DIRECTION('',(-0.104528463268,0.,0.994521895368));
#2723 = ORIENTED_EDGE('',*,*,#2302,.F.);
#2724 = ORIENTED_EDGE('',*,*,#2668,.F.);
#2725 = CYLINDRICAL_SURFACE('',#2726,1.5);
#2726 = AXIS2_PLACEMENT_3D('',#2727,#2728,#2729);
#2727 = CARTESIAN_POINT('',(-44.95170378418,-10.2,-0.721546695412));
#2728 = DIRECTION('',(-0.104528463268,0.,0.994521895368));
#2729 = DIRECTION('',(0.994521895368,0.,0.104528463268));
#2730 = ADVANCED_FACE('',(#2731),#2749,.T.);
#2731 = FACE_BOUND('',#2732,.T.);
#2732 = EDGE_LOOP('',(#2733,#2741,#2747,#2748));
#2733 = ORIENTED_EDGE('',*,*,#2734,.F.);
#2734 = EDGE_CURVE('',#2735,#2286,#2737,.T.);
#2735 = VERTEX_POINT('',#2736);
#2736 = CARTESIAN_POINT('',(-36.6312877658,-10.4,1.560675858681));
#2737 = LINE('',#2738,#2739);
#2738 = CARTESIAN_POINT('',(-36.48494791723,-10.4,0.168345205166));
#2739 = VECTOR('',#2740,1.);
#2740 = DIRECTION('',(-0.104528463268,0.,0.994521895368));
#2741 = ORIENTED_EDGE('',*,*,#2742,.F.);
#2742 = EDGE_CURVE('',#2710,#2735,#2743,.T.);
#2743 = LINE('',#2744,#2745);
#2744 = CARTESIAN_POINT('',(-50.46846186775,-10.4,0.106330256458));
#2745 = VECTOR('',#2746,1.);
#2746 = DIRECTION('',(0.994521895368,0.,0.104528463268));
#2747 = ORIENTED_EDGE('',*,*,#2718,.T.);
#2748 = ORIENTED_EDGE('',*,*,#2294,.F.);
#2749 = PLANE('',#2750);
#2750 = AXIS2_PLACEMENT_3D('',#2751,#2752,#2753);
#2751 = CARTESIAN_POINT('',(-50.46846186775,-10.4,0.106330256458));
#2752 = DIRECTION('',(0.,1.,0.));
#2753 = DIRECTION('',(-0.104528463268,0.,0.994521895368));
#2754 = ADVANCED_FACE('',(#2755),#2791,.F.);
#2755 = FACE_BOUND('',#2756,.F.);
#2756 = EDGE_LOOP('',(#2757,#2766,#2772,#2773,#2774,#2783,#2789,#2790));
#2757 = ORIENTED_EDGE('',*,*,#2758,.F.);
#2758 = EDGE_CURVE('',#2759,#2735,#2761,.T.);
#2759 = VERTEX_POINT('',#2760);
#2760 = CARTESIAN_POINT('',(-33.66104183602,-10.2,1.872861285682));
#2761 = CIRCLE('',#2762,1.5);
#2762 = AXIS2_PLACEMENT_3D('',#2763,#2764,#2765);
#2763 = CARTESIAN_POINT('',(-35.15282467908,-10.2,1.71606859078));
#2764 = DIRECTION('',(-0.104528463268,0.,0.994521895368));
#2765 = DIRECTION('',(0.994521895368,0.,0.104528463268));
#2766 = ORIENTED_EDGE('',*,*,#2767,.F.);
#2767 = EDGE_CURVE('',#2589,#2759,#2768,.T.);
#2768 = LINE('',#2769,#2770);
#2769 = CARTESIAN_POINT('',(-33.51470198745,-10.2,0.480530632166));
#2770 = VECTOR('',#2771,1.);
#2771 = DIRECTION('',(-0.104528463268,0.,0.994521895368));
#2772 = ORIENTED_EDGE('',*,*,#2588,.T.);
#2773 = ORIENTED_EDGE('',*,*,#2767,.T.);
#2774 = ORIENTED_EDGE('',*,*,#2775,.F.);
#2775 = EDGE_CURVE('',#2776,#2759,#2778,.T.);
#2776 = VERTEX_POINT('',#2777);
#2777 = CARTESIAN_POINT('',(-33.67436159235,-10.4,1.871461322879));
#2778 = CIRCLE('',#2779,1.5);
#2779 = AXIS2_PLACEMENT_3D('',#2780,#2781,#2782);
#2780 = CARTESIAN_POINT('',(-35.15282467908,-10.2,1.71606859078));
#2781 = DIRECTION('',(-0.104528463268,0.,0.994521895368));
#2782 = DIRECTION('',(0.994521895368,0.,0.104528463268));
#2783 = ORIENTED_EDGE('',*,*,#2784,.T.);
#2784 = EDGE_CURVE('',#2776,#2278,#2785,.T.);
#2785 = LINE('',#2786,#2787);
#2786 = CARTESIAN_POINT('',(-33.52802174377,-10.4,0.479130669363));
#2787 = VECTOR('',#2788,1.);
#2788 = DIRECTION('',(-0.104528463268,0.,0.994521895368));
#2789 = ORIENTED_EDGE('',*,*,#2285,.F.);
#2790 = ORIENTED_EDGE('',*,*,#2734,.F.);
#2791 = CYLINDRICAL_SURFACE('',#2792,1.5);
#2792 = AXIS2_PLACEMENT_3D('',#2793,#2794,#2795);
#2793 = CARTESIAN_POINT('',(-35.0064848305,-10.2,0.323737937265));
#2794 = DIRECTION('',(-0.104528463268,0.,0.994521895368));
#2795 = DIRECTION('',(0.994521895368,0.,0.104528463268));
#2796 = ADVANCED_FACE('',(#2797),#2815,.T.);
#2797 = FACE_BOUND('',#2798,.T.);
#2798 = EDGE_LOOP('',(#2799,#2807,#2813,#2814));
#2799 = ORIENTED_EDGE('',*,*,#2800,.F.);
#2800 = EDGE_CURVE('',#2801,#2270,#2803,.T.);
#2801 = VERTEX_POINT('',#2802);
#2802 = CARTESIAN_POINT('',(-29.78240644409,-10.4,2.280522292426));
#2803 = LINE('',#2804,#2805);
#2804 = CARTESIAN_POINT('',(-29.78240644409,-10.4,2.280522292426));
#2805 = VECTOR('',#2806,1.);
#2806 = DIRECTION('',(-0.104528463268,0.,0.994521895368));
#2807 = ORIENTED_EDGE('',*,*,#2808,.F.);
#2808 = EDGE_CURVE('',#2776,#2801,#2809,.T.);
#2809 = LINE('',#2810,#2811);
#2810 = CARTESIAN_POINT('',(-50.46846186775,-10.4,0.106330256458));
#2811 = VECTOR('',#2812,1.);
#2812 = DIRECTION('',(0.994521895368,0.,0.104528463268));
#2813 = ORIENTED_EDGE('',*,*,#2784,.T.);
#2814 = ORIENTED_EDGE('',*,*,#2277,.F.);
#2815 = PLANE('',#2816);
#2816 = AXIS2_PLACEMENT_3D('',#2817,#2818,#2819);
#2817 = CARTESIAN_POINT('',(-50.46846186775,-10.4,0.106330256458));
#2818 = DIRECTION('',(0.,1.,0.));
#2819 = DIRECTION('',(-0.104528463268,0.,0.994521895368));
#2820 = ADVANCED_FACE('',(#2821),#2839,.F.);
#2821 = FACE_BOUND('',#2822,.F.);
#2822 = EDGE_LOOP('',(#2823,#2824,#2832,#2838));
#2823 = ORIENTED_EDGE('',*,*,#2800,.F.);
#2824 = ORIENTED_EDGE('',*,*,#2825,.T.);
#2825 = EDGE_CURVE('',#2801,#2826,#2828,.T.);
#2826 = VERTEX_POINT('',#2827);
#2827 = CARTESIAN_POINT('',(-29.78240644409,-5.,2.280522292426));
#2828 = LINE('',#2829,#2830);
#2829 = CARTESIAN_POINT('',(-29.78240644409,-10.4,2.280522292426));
#2830 = VECTOR('',#2831,1.);
#2831 = DIRECTION('',(0.,1.,0.));
#2832 = ORIENTED_EDGE('',*,*,#2833,.T.);
#2833 = EDGE_CURVE('',#2826,#2262,#2834,.T.);
#2834 = LINE('',#2835,#2836);
#2835 = CARTESIAN_POINT('',(-29.77195359776,-5.,2.181070102889));
#2836 = VECTOR('',#2837,1.);
#2837 = DIRECTION('',(-0.104528463268,0.,0.994521895368));
#2838 = ORIENTED_EDGE('',*,*,#2269,.F.);
#2839 = PLANE('',#2840);
#2840 = AXIS2_PLACEMENT_3D('',#2841,#2842,#2843);
#2841 = CARTESIAN_POINT('',(-29.78240644409,-10.4,2.280522292426));
#2842 = DIRECTION('',(0.994521895368,0.,0.104528463268));
#2843 = DIRECTION('',(-0.104528463268,0.,0.994521895368));
#2844 = ADVANCED_FACE('',(#2845),#2879,.T.);
#2845 = FACE_BOUND('',#2846,.T.);
#2846 = EDGE_LOOP('',(#2847,#2857,#2865,#2871,#2872,#2873));
#2847 = ORIENTED_EDGE('',*,*,#2848,.F.);
#2848 = EDGE_CURVE('',#2849,#2851,#2853,.T.);
#2849 = VERTEX_POINT('',#2850);
#2850 = CARTESIAN_POINT('',(-31.15383140495,-5.,1.935278064777));
#2851 = VERTEX_POINT('',#2852);
#2852 = CARTESIAN_POINT('',(-28.17026571884,-5.,2.24886345458));
#2853 = LINE('',#2854,#2855);
#2854 = CARTESIAN_POINT('',(-31.15383140495,-5.,1.935278064777));
#2855 = VECTOR('',#2856,1.);
#2856 = DIRECTION('',(0.994521895368,0.,0.104528463268));
#2857 = ORIENTED_EDGE('',*,*,#2858,.T.);
#2858 = EDGE_CURVE('',#2849,#2859,#2861,.T.);
#2859 = VERTEX_POINT('',#2860);
#2860 = CARTESIAN_POINT('',(-31.1747370976,-5.,2.134182443851));
#2861 = LINE('',#2862,#2863);
#2862 = CARTESIAN_POINT('',(-31.15383140495,-5.,1.935278064777));
#2863 = VECTOR('',#2864,1.);
#2864 = DIRECTION('',(-0.104528463268,0.,0.994521895368));
#2865 = ORIENTED_EDGE('',*,*,#2866,.F.);
#2866 = EDGE_CURVE('',#2826,#2859,#2867,.T.);
#2867 = LINE('',#2868,#2869);
#2868 = CARTESIAN_POINT('',(-40.82159948267,-5.,1.120256350155));
#2869 = VECTOR('',#2870,1.);
#2870 = DIRECTION('',(-0.994521895368,0.,-0.104528463268));
#2871 = ORIENTED_EDGE('',*,*,#2833,.T.);
#2872 = ORIENTED_EDGE('',*,*,#2261,.F.);
#2873 = ORIENTED_EDGE('',*,*,#2874,.F.);
#2874 = EDGE_CURVE('',#2851,#2254,#2875,.T.);
#2875 = LINE('',#2876,#2877);
#2876 = CARTESIAN_POINT('',(-28.17026571884,-5.,2.24886345458));
#2877 = VECTOR('',#2878,1.);
#2878 = DIRECTION('',(-0.104528463268,0.,0.994521895368));
#2879 = PLANE('',#2880);
#2880 = AXIS2_PLACEMENT_3D('',#2881,#2882,#2883);
#2881 = CARTESIAN_POINT('',(-31.15383140495,-5.,1.935278064777));
#2882 = DIRECTION('',(0.,1.,0.));
#2883 = DIRECTION('',(-0.104528463268,0.,0.994521895368));
#2884 = ADVANCED_FACE('',(#2885),#2907,.T.);
#2885 = FACE_BOUND('',#2886,.T.);
#2886 = EDGE_LOOP('',(#2887,#2888,#2889,#2890,#2891,#2892,#2900,#2906));
#2887 = ORIENTED_EDGE('',*,*,#2253,.F.);
#2888 = ORIENTED_EDGE('',*,*,#2630,.F.);
#2889 = ORIENTED_EDGE('',*,*,#2568,.T.);
#2890 = ORIENTED_EDGE('',*,*,#2545,.T.);
#2891 = ORIENTED_EDGE('',*,*,#2455,.F.);
#2892 = ORIENTED_EDGE('',*,*,#2893,.F.);
#2893 = EDGE_CURVE('',#2894,#2446,#2896,.T.);
#2894 = VERTEX_POINT('',#2895);
#2895 = CARTESIAN_POINT('',(-28.17026571884,5.,2.24886345458));
#2896 = LINE('',#2897,#2898);
#2897 = CARTESIAN_POINT('',(-28.17026571884,5.,2.24886345458));
#2898 = VECTOR('',#2899,1.);
#2899 = DIRECTION('',(-0.104528463268,0.,0.994521895368));
#2900 = ORIENTED_EDGE('',*,*,#2901,.F.);
#2901 = EDGE_CURVE('',#2851,#2894,#2902,.T.);
#2902 = LINE('',#2903,#2904);
#2903 = CARTESIAN_POINT('',(-28.17026571884,-5.,2.24886345458));
#2904 = VECTOR('',#2905,1.);
#2905 = DIRECTION('',(0.,1.,0.));
#2906 = ORIENTED_EDGE('',*,*,#2874,.T.);
#2907 = PLANE('',#2908);
#2908 = AXIS2_PLACEMENT_3D('',#2909,#2910,#2911);
#2909 = CARTESIAN_POINT('',(-28.06573725558,-12.,1.254341559212));
#2910 = DIRECTION('',(0.994521895368,0.,0.104528463268));
#2911 = DIRECTION('',(-0.104528463268,0.,0.994521895368));
#2912 = ADVANCED_FACE('',(#2913),#2924,.F.);
#2913 = FACE_BOUND('',#2914,.F.);
#2914 = EDGE_LOOP('',(#2915,#2916,#2917,#2918));
#2915 = ORIENTED_EDGE('',*,*,#2367,.F.);
#2916 = ORIENTED_EDGE('',*,*,#2383,.T.);
#2917 = ORIENTED_EDGE('',*,*,#2431,.T.);
#2918 = ORIENTED_EDGE('',*,*,#2919,.F.);
#2919 = EDGE_CURVE('',#2360,#2424,#2920,.T.);
#2920 = LINE('',#2921,#2922);
#2921 = CARTESIAN_POINT('',(-49.07613121423,-7.7,0.252670105033));
#2922 = VECTOR('',#2923,1.);
#2923 = DIRECTION('',(0.,1.,0.));
#2924 = PLANE('',#2925);
#2925 = AXIS2_PLACEMENT_3D('',#2926,#2927,#2928);
#2926 = CARTESIAN_POINT('',(-49.05522552158,-5.,5.376572595939E-02));
#2927 = DIRECTION('',(0.994521895368,0.,0.104528463268));
#2928 = DIRECTION('',(-0.104528463268,0.,0.994521895368));
#2929 = ADVANCED_FACE('',(#2930),#3035,.T.);
#2930 = FACE_BOUND('',#2931,.T.);
#2931 = EDGE_LOOP('',(#2932,#2942,#2948,#2949,#2950,#2951,#2952,#2953,
    #2954,#2955,#2956,#2957,#2958,#2959,#2960,#2961,#2969,#2977,#2985,
    #2993,#3002,#3011,#3019,#3028));
#2932 = ORIENTED_EDGE('',*,*,#2933,.F.);
#2933 = EDGE_CURVE('',#2934,#2936,#2938,.T.);
#2934 = VERTEX_POINT('',#2935);
#2935 = CARTESIAN_POINT('',(-50.46846186775,10.4,0.106330256458));
#2936 = VERTEX_POINT('',#2937);
#2937 = CARTESIAN_POINT('',(-46.57650671948,10.4,0.515391226005));
#2938 = LINE('',#2939,#2940);
#2939 = CARTESIAN_POINT('',(-50.46846186775,10.4,0.106330256458));
#2940 = VECTOR('',#2941,1.);
#2941 = DIRECTION('',(0.994521895368,0.,0.104528463268));
#2942 = ORIENTED_EDGE('',*,*,#2943,.F.);
#2943 = EDGE_CURVE('',#2416,#2934,#2944,.T.);
#2944 = LINE('',#2945,#2946);
#2945 = CARTESIAN_POINT('',(-50.46846186775,-10.4,0.106330256458));
#2946 = VECTOR('',#2947,1.);
#2947 = DIRECTION('',(0.,1.,0.));
#2948 = ORIENTED_EDGE('',*,*,#2423,.F.);
#2949 = ORIENTED_EDGE('',*,*,#2919,.F.);
#2950 = ORIENTED_EDGE('',*,*,#2359,.T.);
#2951 = ORIENTED_EDGE('',*,*,#2652,.F.);
#2952 = ORIENTED_EDGE('',*,*,#2676,.T.);
#2953 = ORIENTED_EDGE('',*,*,#2692,.F.);
#2954 = ORIENTED_EDGE('',*,*,#2709,.F.);
#2955 = ORIENTED_EDGE('',*,*,#2742,.T.);
#2956 = ORIENTED_EDGE('',*,*,#2758,.F.);
#2957 = ORIENTED_EDGE('',*,*,#2775,.F.);
#2958 = ORIENTED_EDGE('',*,*,#2808,.T.);
#2959 = ORIENTED_EDGE('',*,*,#2825,.T.);
#2960 = ORIENTED_EDGE('',*,*,#2866,.T.);
#2961 = ORIENTED_EDGE('',*,*,#2962,.T.);
#2962 = EDGE_CURVE('',#2859,#2963,#2965,.T.);
#2963 = VERTEX_POINT('',#2964);
#2964 = CARTESIAN_POINT('',(-31.1747370976,5.,2.134182443851));
#2965 = LINE('',#2966,#2967);
#2966 = CARTESIAN_POINT('',(-31.1747370976,-7.7,2.134182443851));
#2967 = VECTOR('',#2968,1.);
#2968 = DIRECTION('',(0.,1.,0.));
#2969 = ORIENTED_EDGE('',*,*,#2970,.F.);
#2970 = EDGE_CURVE('',#2971,#2963,#2973,.T.);
#2971 = VERTEX_POINT('',#2972);
#2972 = CARTESIAN_POINT('',(-29.78240644409,5.,2.280522292426));
#2973 = LINE('',#2974,#2975);
#2974 = CARTESIAN_POINT('',(-40.82159948267,5.,1.120256350155));
#2975 = VECTOR('',#2976,1.);
#2976 = DIRECTION('',(-0.994521895368,0.,-0.104528463268));
#2977 = ORIENTED_EDGE('',*,*,#2978,.T.);
#2978 = EDGE_CURVE('',#2971,#2979,#2981,.T.);
#2979 = VERTEX_POINT('',#2980);
#2980 = CARTESIAN_POINT('',(-29.78240644409,10.4,2.280522292426));
#2981 = LINE('',#2982,#2983);
#2982 = CARTESIAN_POINT('',(-29.78240644409,-10.4,2.280522292426));
#2983 = VECTOR('',#2984,1.);
#2984 = DIRECTION('',(0.,1.,0.));
#2985 = ORIENTED_EDGE('',*,*,#2986,.F.);
#2986 = EDGE_CURVE('',#2987,#2979,#2989,.T.);
#2987 = VERTEX_POINT('',#2988);
#2988 = CARTESIAN_POINT('',(-33.67436159235,10.4,1.871461322879));
#2989 = LINE('',#2990,#2991);
#2990 = CARTESIAN_POINT('',(-50.46846186775,10.4,0.106330256458));
#2991 = VECTOR('',#2992,1.);
#2992 = DIRECTION('',(0.994521895368,0.,0.104528463268));
#2993 = ORIENTED_EDGE('',*,*,#2994,.F.);
#2994 = EDGE_CURVE('',#2995,#2987,#2997,.T.);
#2995 = VERTEX_POINT('',#2996);
#2996 = CARTESIAN_POINT('',(-33.66104183602,10.2,1.872861285682));
#2997 = CIRCLE('',#2998,1.5);
#2998 = AXIS2_PLACEMENT_3D('',#2999,#3000,#3001);
#2999 = CARTESIAN_POINT('',(-35.15282467908,10.2,1.71606859078));
#3000 = DIRECTION('',(-0.104528463268,0.,0.994521895368));
#3001 = DIRECTION('',(0.994521895368,0.,0.104528463268));
#3002 = ORIENTED_EDGE('',*,*,#3003,.F.);
#3003 = EDGE_CURVE('',#3004,#2995,#3006,.T.);
#3004 = VERTEX_POINT('',#3005);
#3005 = CARTESIAN_POINT('',(-36.6312877658,10.4,1.560675858681));
#3006 = CIRCLE('',#3007,1.5);
#3007 = AXIS2_PLACEMENT_3D('',#3008,#3009,#3010);
#3008 = CARTESIAN_POINT('',(-35.15282467908,10.2,1.71606859078));
#3009 = DIRECTION('',(-0.104528463268,0.,0.994521895368));
#3010 = DIRECTION('',(0.994521895368,0.,0.104528463268));
#3011 = ORIENTED_EDGE('',*,*,#3012,.F.);
#3012 = EDGE_CURVE('',#3013,#3004,#3015,.T.);
#3013 = VERTEX_POINT('',#3014);
#3014 = CARTESIAN_POINT('',(-43.61958054603,10.4,0.826176690203));
#3015 = LINE('',#3016,#3017);
#3016 = CARTESIAN_POINT('',(-50.46846186775,10.4,0.106330256458));
#3017 = VECTOR('',#3018,1.);
#3018 = DIRECTION('',(0.994521895368,0.,0.104528463268));
#3019 = ORIENTED_EDGE('',*,*,#3020,.F.);
#3020 = EDGE_CURVE('',#3021,#3013,#3023,.T.);
#3021 = VERTEX_POINT('',#3022);
#3022 = CARTESIAN_POINT('',(-43.60626078971,10.2,0.827576653005));
#3023 = CIRCLE('',#3024,1.5);
#3024 = AXIS2_PLACEMENT_3D('',#3025,#3026,#3027);
#3025 = CARTESIAN_POINT('',(-45.09804363276,10.2,0.670783958104));
#3026 = DIRECTION('',(-0.104528463268,0.,0.994521895368));
#3027 = DIRECTION('',(0.994521895368,0.,0.104528463268));
#3028 = ORIENTED_EDGE('',*,*,#3029,.F.);
#3029 = EDGE_CURVE('',#2936,#3021,#3030,.T.);
#3030 = CIRCLE('',#3031,1.5);
#3031 = AXIS2_PLACEMENT_3D('',#3032,#3033,#3034);
#3032 = CARTESIAN_POINT('',(-45.09804363276,10.2,0.670783958104));
#3033 = DIRECTION('',(-0.104528463268,0.,0.994521895368));
#3034 = DIRECTION('',(0.994521895368,0.,0.104528463268));
#3035 = PLANE('',#3036);
#3036 = AXIS2_PLACEMENT_3D('',#3037,#3038,#3039);
#3037 = CARTESIAN_POINT('',(-50.46846186775,-10.4,0.106330256458));
#3038 = DIRECTION('',(-0.104528463268,0.,0.994521895368));
#3039 = DIRECTION('',(0.994521895368,0.,0.104528463268));
#3040 = ADVANCED_FACE('',(#3041),#3052,.T.);
#3041 = FACE_BOUND('',#3042,.T.);
#3042 = EDGE_LOOP('',(#3043,#3044,#3045,#3051));
#3043 = ORIENTED_EDGE('',*,*,#2415,.F.);
#3044 = ORIENTED_EDGE('',*,*,#2943,.T.);
#3045 = ORIENTED_EDGE('',*,*,#3046,.T.);
#3046 = EDGE_CURVE('',#2934,#2472,#3047,.T.);
#3047 = LINE('',#3048,#3049);
#3048 = CARTESIAN_POINT('',(-50.46846186775,10.4,0.106330256458));
#3049 = VECTOR('',#3050,1.);
#3050 = DIRECTION('',(-0.104528463268,0.,0.994521895368));
#3051 = ORIENTED_EDGE('',*,*,#2471,.F.);
#3052 = PLANE('',#3053);
#3053 = AXIS2_PLACEMENT_3D('',#3054,#3055,#3056);
#3054 = CARTESIAN_POINT('',(-50.46846186775,-10.4,0.106330256458));
#3055 = DIRECTION('',(0.994521895368,0.,0.104528463268));
#3056 = DIRECTION('',(-0.104528463268,0.,0.994521895368));
#3057 = ADVANCED_FACE('',(#3058),#3083,.F.);
#3058 = FACE_BOUND('',#3059,.F.);
#3059 = EDGE_LOOP('',(#3060,#3068,#3074,#3075,#3081,#3082));
#3060 = ORIENTED_EDGE('',*,*,#3061,.F.);
#3061 = EDGE_CURVE('',#3062,#2894,#3064,.T.);
#3062 = VERTEX_POINT('',#3063);
#3063 = CARTESIAN_POINT('',(-31.15383140495,5.,1.935278064777));
#3064 = LINE('',#3065,#3066);
#3065 = CARTESIAN_POINT('',(-31.15383140495,5.,1.935278064777));
#3066 = VECTOR('',#3067,1.);
#3067 = DIRECTION('',(0.994521895368,0.,0.104528463268));
#3068 = ORIENTED_EDGE('',*,*,#3069,.T.);
#3069 = EDGE_CURVE('',#3062,#2963,#3070,.T.);
#3070 = LINE('',#3071,#3072);
#3071 = CARTESIAN_POINT('',(-31.15383140495,5.,1.935278064777));
#3072 = VECTOR('',#3073,1.);
#3073 = DIRECTION('',(-0.104528463268,0.,0.994521895368));
#3074 = ORIENTED_EDGE('',*,*,#2970,.F.);
#3075 = ORIENTED_EDGE('',*,*,#3076,.T.);
#3076 = EDGE_CURVE('',#2971,#2448,#3077,.T.);
#3077 = LINE('',#3078,#3079);
#3078 = CARTESIAN_POINT('',(-29.77195359776,5.,2.181070102889));
#3079 = VECTOR('',#3080,1.);
#3080 = DIRECTION('',(-0.104528463268,0.,0.994521895368));
#3081 = ORIENTED_EDGE('',*,*,#2445,.F.);
#3082 = ORIENTED_EDGE('',*,*,#2893,.F.);
#3083 = PLANE('',#3084);
#3084 = AXIS2_PLACEMENT_3D('',#3085,#3086,#3087);
#3085 = CARTESIAN_POINT('',(-31.15383140495,5.,1.935278064777));
#3086 = DIRECTION('',(0.,1.,0.));
#3087 = DIRECTION('',(-0.104528463268,0.,0.994521895368));
#3088 = ADVANCED_FACE('',(#3089),#3100,.F.);
#3089 = FACE_BOUND('',#3090,.F.);
#3090 = EDGE_LOOP('',(#3091,#3092,#3093,#3099));
#3091 = ORIENTED_EDGE('',*,*,#3076,.F.);
#3092 = ORIENTED_EDGE('',*,*,#2978,.T.);
#3093 = ORIENTED_EDGE('',*,*,#3094,.T.);
#3094 = EDGE_CURVE('',#2979,#2514,#3095,.T.);
#3095 = LINE('',#3096,#3097);
#3096 = CARTESIAN_POINT('',(-29.78240644409,10.4,2.280522292426));
#3097 = VECTOR('',#3098,1.);
#3098 = DIRECTION('',(-0.104528463268,0.,0.994521895368));
#3099 = ORIENTED_EDGE('',*,*,#2521,.F.);
#3100 = PLANE('',#3101);
#3101 = AXIS2_PLACEMENT_3D('',#3102,#3103,#3104);
#3102 = CARTESIAN_POINT('',(-29.78240644409,-10.4,2.280522292426));
#3103 = DIRECTION('',(0.994521895368,0.,0.104528463268));
#3104 = DIRECTION('',(-0.104528463268,0.,0.994521895368));
#3105 = ADVANCED_FACE('',(#3106),#3117,.F.);
#3106 = FACE_BOUND('',#3107,.F.);
#3107 = EDGE_LOOP('',(#3108,#3109,#3110,#3116));
#3108 = ORIENTED_EDGE('',*,*,#3094,.F.);
#3109 = ORIENTED_EDGE('',*,*,#2986,.F.);
#3110 = ORIENTED_EDGE('',*,*,#3111,.T.);
#3111 = EDGE_CURVE('',#2987,#2505,#3112,.T.);
#3112 = LINE('',#3113,#3114);
#3113 = CARTESIAN_POINT('',(-33.52802174377,10.4,0.479130669363));
#3114 = VECTOR('',#3115,1.);
#3115 = DIRECTION('',(-0.104528463268,0.,0.994521895368));
#3116 = ORIENTED_EDGE('',*,*,#2513,.F.);
#3117 = PLANE('',#3118);
#3118 = AXIS2_PLACEMENT_3D('',#3119,#3120,#3121);
#3119 = CARTESIAN_POINT('',(-50.46846186775,10.4,0.106330256458));
#3120 = DIRECTION('',(0.,1.,0.));
#3121 = DIRECTION('',(-0.104528463268,0.,0.994521895368));
#3122 = ADVANCED_FACE('',(#3123),#3143,.F.);
#3123 = FACE_BOUND('',#3124,.F.);
#3124 = EDGE_LOOP('',(#3125,#3126,#3132,#3133,#3134,#3135,#3141,#3142));
#3125 = ORIENTED_EDGE('',*,*,#2994,.F.);
#3126 = ORIENTED_EDGE('',*,*,#3127,.F.);
#3127 = EDGE_CURVE('',#2611,#2995,#3128,.T.);
#3128 = LINE('',#3129,#3130);
#3129 = CARTESIAN_POINT('',(-33.51470198745,10.2,0.480530632166));
#3130 = VECTOR('',#3131,1.);
#3131 = DIRECTION('',(-0.104528463268,0.,0.994521895368));
#3132 = ORIENTED_EDGE('',*,*,#2610,.T.);
#3133 = ORIENTED_EDGE('',*,*,#3127,.T.);
#3134 = ORIENTED_EDGE('',*,*,#3003,.F.);
#3135 = ORIENTED_EDGE('',*,*,#3136,.T.);
#3136 = EDGE_CURVE('',#3004,#2497,#3137,.T.);
#3137 = LINE('',#3138,#3139);
#3138 = CARTESIAN_POINT('',(-36.48494791723,10.4,0.168345205166));
#3139 = VECTOR('',#3140,1.);
#3140 = DIRECTION('',(-0.104528463268,0.,0.994521895368));
#3141 = ORIENTED_EDGE('',*,*,#2504,.F.);
#3142 = ORIENTED_EDGE('',*,*,#3111,.F.);
#3143 = CYLINDRICAL_SURFACE('',#3144,1.5);
#3144 = AXIS2_PLACEMENT_3D('',#3145,#3146,#3147);
#3145 = CARTESIAN_POINT('',(-35.0064848305,10.2,0.323737937265));
#3146 = DIRECTION('',(-0.104528463268,0.,0.994521895368));
#3147 = DIRECTION('',(0.994521895368,0.,0.104528463268));
#3148 = ADVANCED_FACE('',(#3149),#3160,.F.);
#3149 = FACE_BOUND('',#3150,.F.);
#3150 = EDGE_LOOP('',(#3151,#3152,#3153,#3159));
#3151 = ORIENTED_EDGE('',*,*,#3136,.F.);
#3152 = ORIENTED_EDGE('',*,*,#3012,.F.);
#3153 = ORIENTED_EDGE('',*,*,#3154,.T.);
#3154 = EDGE_CURVE('',#3013,#2488,#3155,.T.);
#3155 = LINE('',#3156,#3157);
#3156 = CARTESIAN_POINT('',(-43.47324069746,10.4,-0.566153963313));
#3157 = VECTOR('',#3158,1.);
#3158 = DIRECTION('',(-0.104528463268,0.,0.994521895368));
#3159 = ORIENTED_EDGE('',*,*,#2496,.F.);
#3160 = PLANE('',#3161);
#3161 = AXIS2_PLACEMENT_3D('',#3162,#3163,#3164);
#3162 = CARTESIAN_POINT('',(-50.46846186775,10.4,0.106330256458));
#3163 = DIRECTION('',(0.,1.,0.));
#3164 = DIRECTION('',(-0.104528463268,0.,0.994521895368));
#3165 = ADVANCED_FACE('',(#3166),#3186,.F.);
#3166 = FACE_BOUND('',#3167,.F.);
#3167 = EDGE_LOOP('',(#3168,#3169,#3175,#3176,#3177,#3178,#3184,#3185));
#3168 = ORIENTED_EDGE('',*,*,#3020,.F.);
#3169 = ORIENTED_EDGE('',*,*,#3170,.F.);
#3170 = EDGE_CURVE('',#2600,#3021,#3171,.T.);
#3171 = LINE('',#3172,#3173);
#3172 = CARTESIAN_POINT('',(-43.45992094113,10.2,-0.56475400051));
#3173 = VECTOR('',#3174,1.);
#3174 = DIRECTION('',(-0.104528463268,0.,0.994521895368));
#3175 = ORIENTED_EDGE('',*,*,#2599,.T.);
#3176 = ORIENTED_EDGE('',*,*,#3170,.T.);
#3177 = ORIENTED_EDGE('',*,*,#3029,.F.);
#3178 = ORIENTED_EDGE('',*,*,#3179,.T.);
#3179 = EDGE_CURVE('',#2936,#2480,#3180,.T.);
#3180 = LINE('',#3181,#3182);
#3181 = CARTESIAN_POINT('',(-46.43016687091,10.4,-0.876939427511));
#3182 = VECTOR('',#3183,1.);
#3183 = DIRECTION('',(-0.104528463268,0.,0.994521895368));
#3184 = ORIENTED_EDGE('',*,*,#2487,.F.);
#3185 = ORIENTED_EDGE('',*,*,#3154,.F.);
#3186 = CYLINDRICAL_SURFACE('',#3187,1.5);
#3187 = AXIS2_PLACEMENT_3D('',#3188,#3189,#3190);
#3188 = CARTESIAN_POINT('',(-44.95170378418,10.2,-0.721546695412));
#3189 = DIRECTION('',(-0.104528463268,0.,0.994521895368));
#3190 = DIRECTION('',(0.994521895368,0.,0.104528463268));
#3191 = ADVANCED_FACE('',(#3192),#3198,.F.);
#3192 = FACE_BOUND('',#3193,.F.);
#3193 = EDGE_LOOP('',(#3194,#3195,#3196,#3197));
#3194 = ORIENTED_EDGE('',*,*,#3179,.F.);
#3195 = ORIENTED_EDGE('',*,*,#2933,.F.);
#3196 = ORIENTED_EDGE('',*,*,#3046,.T.);
#3197 = ORIENTED_EDGE('',*,*,#2479,.F.);
#3198 = PLANE('',#3199);
#3199 = AXIS2_PLACEMENT_3D('',#3200,#3201,#3202);
#3200 = CARTESIAN_POINT('',(-50.46846186775,10.4,0.106330256458));
#3201 = DIRECTION('',(0.,1.,0.));
#3202 = DIRECTION('',(-0.104528463268,0.,0.994521895368));
#3203 = ADVANCED_FACE('',(#3204),#3215,.T.);
#3204 = FACE_BOUND('',#3205,.T.);
#3205 = EDGE_LOOP('',(#3206,#3212,#3213,#3214));
#3206 = ORIENTED_EDGE('',*,*,#3207,.F.);
#3207 = EDGE_CURVE('',#2849,#3062,#3208,.T.);
#3208 = LINE('',#3209,#3210);
#3209 = CARTESIAN_POINT('',(-31.15383140495,-5.,1.935278064777));
#3210 = VECTOR('',#3211,1.);
#3211 = DIRECTION('',(0.,1.,0.));
#3212 = ORIENTED_EDGE('',*,*,#2848,.T.);
#3213 = ORIENTED_EDGE('',*,*,#2901,.T.);
#3214 = ORIENTED_EDGE('',*,*,#3061,.F.);
#3215 = PLANE('',#3216);
#3216 = AXIS2_PLACEMENT_3D('',#3217,#3218,#3219);
#3217 = CARTESIAN_POINT('',(-31.15383140495,-5.,1.935278064777));
#3218 = DIRECTION('',(-0.104528463268,0.,0.994521895368));
#3219 = DIRECTION('',(0.994521895368,0.,0.104528463268));
#3220 = ADVANCED_FACE('',(#3221),#3227,.T.);
#3221 = FACE_BOUND('',#3222,.T.);
#3222 = EDGE_LOOP('',(#3223,#3224,#3225,#3226));
#3223 = ORIENTED_EDGE('',*,*,#2858,.F.);
#3224 = ORIENTED_EDGE('',*,*,#3207,.T.);
#3225 = ORIENTED_EDGE('',*,*,#3069,.T.);
#3226 = ORIENTED_EDGE('',*,*,#2962,.F.);
#3227 = PLANE('',#3228);
#3228 = AXIS2_PLACEMENT_3D('',#3229,#3230,#3231);
#3229 = CARTESIAN_POINT('',(-31.15383140495,-5.,1.935278064777));
#3230 = DIRECTION('',(0.994521895368,0.,0.104528463268));
#3231 = DIRECTION('',(-0.104528463268,0.,0.994521895368));
#3232 = ( GEOMETRIC_REPRESENTATION_CONTEXT(3) 
GLOBAL_UNCERTAINTY_ASSIGNED_CONTEXT((#3236)) 
GLOBAL_UNIT_ASSIGNED_CONTEXT((#3233,#3234,#3235)) REPRESENTATION_CONTEXT
('Context #1','3D Context with UNIT and UNCERTAINTY') );
#3233 = ( LENGTH_UNIT() NAMED_UNIT(*) SI_UNIT(.MILLI.,.METRE.) );
#3234 = ( NAMED_UNIT(*) PLANE_ANGLE_UNIT() SI_UNIT($,.RADIAN.) );
#3235 = ( NAMED_UNIT(*) SI_UNIT($,.STERADIAN.) SOLID_ANGLE_UNIT() );
#3236 = UNCERTAINTY_MEASURE_WITH_UNIT(LENGTH_MEASURE(1.E-07),#3233,
  'distance_accuracy_value','confusion accuracy');
#3237 = CONTEXT_DEPENDENT_SHAPE_REPRESENTATION(#3238,#3240);
#3238 = ( REPRESENTATION_RELATIONSHIP('','',#2165,#10) 
REPRESENTATION_RELATIONSHIP_WITH_TRANSFORMATION(#3239) 
SHAPE_REPRESENTATION_RELATIONSHIP() );
#3239 = ITEM_DEFINED_TRANSFORMATION('','',#11,#27);
#3240 = PRODUCT_DEFINITION_SHAPE('Placement','Placement of an item',
  #3241);
#3241 = NEXT_ASSEMBLY_USAGE_OCCURRENCE('4','Left wing carrier','',#5,
  #2160,$);
#3242 = PRODUCT_RELATED_PRODUCT_CATEGORY('part',$,(#2162));
#3243 = SHAPE_DEFINITION_REPRESENTATION(#3244,#3250);
#3244 = PRODUCT_DEFINITION_SHAPE('','',#3245);
#3245 = PRODUCT_DEFINITION('design','',#3246,#3249);
#3246 = PRODUCT_DEFINITION_FORMATION('','',#3247);
#3247 = PRODUCT('Left spring wing PCB','Left spring wing PCB','',(#3248)
  );
#3248 = PRODUCT_CONTEXT('',#2,'mechanical');
#3249 = PRODUCT_DEFINITION_CONTEXT('part definition',#2,'design');
#3250 = ADVANCED_BREP_SHAPE_REPRESENTATION('',(#11,#3251),#3401);
#3251 = MANIFOLD_SOLID_BREP('',#3252);
#3252 = CLOSED_SHELL('',(#3253,#3293,#3333,#3355,#3377,#3389));
#3253 = ADVANCED_FACE('',(#3254),#3288,.F.);
#3254 = FACE_BOUND('',#3255,.F.);
#3255 = EDGE_LOOP('',(#3256,#3266,#3274,#3282));
#3256 = ORIENTED_EDGE('',*,*,#3257,.F.);
#3257 = EDGE_CURVE('',#3258,#3260,#3262,.T.);
#3258 = VERTEX_POINT('',#3259);
#3259 = CARTESIAN_POINT('',(-50.09155880225,-10.,0.347046020839));
#3260 = VERTEX_POINT('',#3261);
#3261 = CARTESIAN_POINT('',(-50.21699295817,-10.,1.540472295281));
#3262 = LINE('',#3263,#3264);
#3263 = CARTESIAN_POINT('',(-50.09155880225,-10.,0.347046020839));
#3264 = VECTOR('',#3265,1.);
#3265 = DIRECTION('',(-0.104528463268,0.,0.994521895368));
#3266 = ORIENTED_EDGE('',*,*,#3267,.T.);
#3267 = EDGE_CURVE('',#3258,#3268,#3270,.T.);
#3268 = VERTEX_POINT('',#3269);
#3269 = CARTESIAN_POINT('',(-50.09155880225,10.,0.347046020839));
#3270 = LINE('',#3271,#3272);
#3271 = CARTESIAN_POINT('',(-50.09155880225,-10.,0.347046020839));
#3272 = VECTOR('',#3273,1.);
#3273 = DIRECTION('',(0.,1.,0.));
#3274 = ORIENTED_EDGE('',*,*,#3275,.T.);
#3275 = EDGE_CURVE('',#3268,#3276,#3278,.T.);
#3276 = VERTEX_POINT('',#3277);
#3277 = CARTESIAN_POINT('',(-50.21699295817,10.,1.540472295281));
#3278 = LINE('',#3279,#3280);
#3279 = CARTESIAN_POINT('',(-50.09155880225,10.,0.347046020839));
#3280 = VECTOR('',#3281,1.);
#3281 = DIRECTION('',(-0.104528463268,0.,0.994521895368));
#3282 = ORIENTED_EDGE('',*,*,#3283,.F.);
#3283 = EDGE_CURVE('',#3260,#3276,#3284,.T.);
#3284 = LINE('',#3285,#3286);
#3285 = CARTESIAN_POINT('',(-50.21699295817,-10.,1.540472295281));
#3286 = VECTOR('',#3287,1.);
#3287 = DIRECTION('',(0.,1.,0.));
#3288 = PLANE('',#3289);
#3289 = AXIS2_PLACEMENT_3D('',#3290,#3291,#3292);
#3290 = CARTESIAN_POINT('',(-50.09155880225,-10.,0.347046020839));
#3291 = DIRECTION('',(0.994521895368,0.,0.104528463268));
#3292 = DIRECTION('',(-0.104528463268,0.,0.994521895368));
#3293 = ADVANCED_FACE('',(#3294),#3328,.T.);
#3294 = FACE_BOUND('',#3295,.T.);
#3295 = EDGE_LOOP('',(#3296,#3306,#3314,#3322));
#3296 = ORIENTED_EDGE('',*,*,#3297,.F.);
#3297 = EDGE_CURVE('',#3298,#3300,#3302,.T.);
#3298 = VERTEX_POINT('',#3299);
#3299 = CARTESIAN_POINT('',(-30.20112089489,-10.,2.437615286192));
#3300 = VERTEX_POINT('',#3301);
#3301 = CARTESIAN_POINT('',(-30.32655505081,-10.,3.631041560634));
#3302 = LINE('',#3303,#3304);
#3303 = CARTESIAN_POINT('',(-30.20112089489,-10.,2.437615286192));
#3304 = VECTOR('',#3305,1.);
#3305 = DIRECTION('',(-0.104528463268,0.,0.994521895368));
#3306 = ORIENTED_EDGE('',*,*,#3307,.T.);
#3307 = EDGE_CURVE('',#3298,#3308,#3310,.T.);
#3308 = VERTEX_POINT('',#3309);
#3309 = CARTESIAN_POINT('',(-30.20112089489,10.,2.437615286192));
#3310 = LINE('',#3311,#3312);
#3311 = CARTESIAN_POINT('',(-30.20112089489,-10.,2.437615286192));
#3312 = VECTOR('',#3313,1.);
#3313 = DIRECTION('',(0.,1.,0.));
#3314 = ORIENTED_EDGE('',*,*,#3315,.T.);
#3315 = EDGE_CURVE('',#3308,#3316,#3318,.T.);
#3316 = VERTEX_POINT('',#3317);
#3317 = CARTESIAN_POINT('',(-30.32655505081,10.,3.631041560634));
#3318 = LINE('',#3319,#3320);
#3319 = CARTESIAN_POINT('',(-30.20112089489,10.,2.437615286192));
#3320 = VECTOR('',#3321,1.);
#3321 = DIRECTION('',(-0.104528463268,0.,0.994521895368));
#3322 = ORIENTED_EDGE('',*,*,#3323,.F.);
#3323 = EDGE_CURVE('',#3300,#3316,#3324,.T.);
#3324 = LINE('',#3325,#3326);
#3325 = CARTESIAN_POINT('',(-30.32655505081,-10.,3.631041560634));
#3326 = VECTOR('',#3327,1.);
#3327 = DIRECTION('',(0.,1.,0.));
#3328 = PLANE('',#3329);
#3329 = AXIS2_PLACEMENT_3D('',#3330,#3331,#3332);
#3330 = CARTESIAN_POINT('',(-30.20112089489,-10.,2.437615286192));
#3331 = DIRECTION('',(0.994521895368,0.,0.104528463268));
#3332 = DIRECTION('',(-0.104528463268,0.,0.994521895368));
#3333 = ADVANCED_FACE('',(#3334),#3350,.F.);
#3334 = FACE_BOUND('',#3335,.F.);
#3335 = EDGE_LOOP('',(#3336,#3342,#3343,#3349));
#3336 = ORIENTED_EDGE('',*,*,#3337,.F.);
#3337 = EDGE_CURVE('',#3258,#3298,#3338,.T.);
#3338 = LINE('',#3339,#3340);
#3339 = CARTESIAN_POINT('',(-50.09155880225,-10.,0.347046020839));
#3340 = VECTOR('',#3341,1.);
#3341 = DIRECTION('',(0.994521895368,0.,0.104528463268));
#3342 = ORIENTED_EDGE('',*,*,#3257,.T.);
#3343 = ORIENTED_EDGE('',*,*,#3344,.T.);
#3344 = EDGE_CURVE('',#3260,#3300,#3345,.T.);
#3345 = LINE('',#3346,#3347);
#3346 = CARTESIAN_POINT('',(-50.21699295817,-10.,1.540472295281));
#3347 = VECTOR('',#3348,1.);
#3348 = DIRECTION('',(0.994521895368,0.,0.104528463268));
#3349 = ORIENTED_EDGE('',*,*,#3297,.F.);
#3350 = PLANE('',#3351);
#3351 = AXIS2_PLACEMENT_3D('',#3352,#3353,#3354);
#3352 = CARTESIAN_POINT('',(-50.09155880225,-10.,0.347046020839));
#3353 = DIRECTION('',(0.,1.,0.));
#3354 = DIRECTION('',(-0.104528463268,0.,0.994521895368));
#3355 = ADVANCED_FACE('',(#3356),#3372,.T.);
#3356 = FACE_BOUND('',#3357,.T.);
#3357 = EDGE_LOOP('',(#3358,#3364,#3365,#3371));
#3358 = ORIENTED_EDGE('',*,*,#3359,.F.);
#3359 = EDGE_CURVE('',#3268,#3308,#3360,.T.);
#3360 = LINE('',#3361,#3362);
#3361 = CARTESIAN_POINT('',(-50.09155880225,10.,0.347046020839));
#3362 = VECTOR('',#3363,1.);
#3363 = DIRECTION('',(0.994521895368,0.,0.104528463268));
#3364 = ORIENTED_EDGE('',*,*,#3275,.T.);
#3365 = ORIENTED_EDGE('',*,*,#3366,.T.);
#3366 = EDGE_CURVE('',#3276,#3316,#3367,.T.);
#3367 = LINE('',#3368,#3369);
#3368 = CARTESIAN_POINT('',(-50.21699295817,10.,1.540472295281));
#3369 = VECTOR('',#3370,1.);
#3370 = DIRECTION('',(0.994521895368,0.,0.104528463268));
#3371 = ORIENTED_EDGE('',*,*,#3315,.F.);
#3372 = PLANE('',#3373);
#3373 = AXIS2_PLACEMENT_3D('',#3374,#3375,#3376);
#3374 = CARTESIAN_POINT('',(-50.09155880225,10.,0.347046020839));
#3375 = DIRECTION('',(0.,1.,0.));
#3376 = DIRECTION('',(-0.104528463268,0.,0.994521895368));
#3377 = ADVANCED_FACE('',(#3378),#3384,.F.);
#3378 = FACE_BOUND('',#3379,.F.);
#3379 = EDGE_LOOP('',(#3380,#3381,#3382,#3383));
#3380 = ORIENTED_EDGE('',*,*,#3267,.F.);
#3381 = ORIENTED_EDGE('',*,*,#3337,.T.);
#3382 = ORIENTED_EDGE('',*,*,#3307,.T.);
#3383 = ORIENTED_EDGE('',*,*,#3359,.F.);
#3384 = PLANE('',#3385);
#3385 = AXIS2_PLACEMENT_3D('',#3386,#3387,#3388);
#3386 = CARTESIAN_POINT('',(-50.09155880225,-10.,0.347046020839));
#3387 = DIRECTION('',(-0.104528463268,0.,0.994521895368));
#3388 = DIRECTION('',(0.994521895368,0.,0.104528463268));
#3389 = ADVANCED_FACE('',(#3390),#3396,.T.);
#3390 = FACE_BOUND('',#3391,.T.);
#3391 = EDGE_LOOP('',(#3392,#3393,#3394,#3395));
#3392 = ORIENTED_EDGE('',*,*,#3283,.F.);
#3393 = ORIENTED_EDGE('',*,*,#3344,.T.);
#3394 = ORIENTED_EDGE('',*,*,#3323,.T.);
#3395 = ORIENTED_EDGE('',*,*,#3366,.F.);
#3396 = PLANE('',#3397);
#3397 = AXIS2_PLACEMENT_3D('',#3398,#3399,#3400);
#3398 = CARTESIAN_POINT('',(-50.21699295817,-10.,1.540472295281));
#3399 = DIRECTION('',(-0.104528463268,0.,0.994521895368));
#3400 = DIRECTION('',(0.994521895368,0.,0.104528463268));
#3401 = ( GEOMETRIC_REPRESENTATION_CONTEXT(3) 
GLOBAL_UNCERTAINTY_ASSIGNED_CONTEXT((#3405)) 
GLOBAL_UNIT_ASSIGNED_CONTEXT((#3402,#3403,#3404)) REPRESENTATION_CONTEXT
('Context #1','3D Context with UNIT and UNCERTAINTY') );
#3402 = ( LENGTH_UNIT() NAMED_UNIT(*) SI_UNIT(.MILLI.,.METRE.) );
#3403 = ( NAMED_UNIT(*) PLANE_ANGLE_UNIT() SI_UNIT($,.RADIAN.) );
#3404 = ( NAMED_UNIT(*) SI_UNIT($,.STERADIAN.) SOLID_ANGLE_UNIT() );
#3405 = UNCERTAINTY_MEASURE_WITH_UNIT(LENGTH_MEASURE(1.E-07),#3402,
  'distance_accuracy_value','confusion accuracy');
#3406 = CONTEXT_DEPENDENT_SHAPE_REPRESENTATION(#3407,#3409);
#3407 = ( REPRESENTATION_RELATIONSHIP('','',#3250,#10) 
REPRESENTATION_RELATIONSHIP_WITH_TRANSFORMATION(#3408) 
SHAPE_REPRESENTATION_RELATIONSHIP() );
#3408 = ITEM_DEFINED_TRANSFORMATION('','',#11,#31);
#3409 = PRODUCT_DEFINITION_SHAPE('Placement','Placement of an item',
  #3410);
#3410 = NEXT_ASSEMBLY_USAGE_OCCURRENCE('5','Left spring wing PCB','',#5,
  #3245,$);
#3411 = PRODUCT_RELATED_PRODUCT_CATEGORY('part',$,(#3247));
#3412 = SHAPE_DEFINITION_REPRESENTATION(#3413,#3419);
#3413 = PRODUCT_DEFINITION_SHAPE('','',#3414);
#3414 = PRODUCT_DEFINITION('design','',#3415,#3418);
#3415 = PRODUCT_DEFINITION_FORMATION('','',#3416);
#3416 = PRODUCT('Left Mill-Max 854 spring connector',
  'Left Mill-Max 854 spring connector','',(#3417));
#3417 = PRODUCT_CONTEXT('',#2,'mechanical');
#3418 = PRODUCT_DEFINITION_CONTEXT('part definition',#2,'design');
#3419 = SHAPE_REPRESENTATION('',(#11,#3420,#3570,#3623,#3676,#3714,#3767
    ,#3820,#3858,#3911,#3964,#4002,#4055,#4108,#4146,#4199,#4252,#4290,
    #4343,#4396,#4434,#4487,#4540,#4578,#4631,#4684,#4722,#4775,#4828,
    #4866,#4919,#4972,#5010,#5063,#5116,#5154,#5207,#5260),#5298);
#3420 = MANIFOLD_SOLID_BREP('',#3421);
#3421 = CLOSED_SHELL('',(#3422,#3462,#3502,#3524,#3546,#3558));
#3422 = ADVANCED_FACE('',(#3423),#3457,.F.);
#3423 = FACE_BOUND('',#3424,.F.);
#3424 = EDGE_LOOP('',(#3425,#3435,#3443,#3451));
#3425 = ORIENTED_EDGE('',*,*,#3426,.F.);
#3426 = EDGE_CURVE('',#3427,#3429,#3431,.T.);
#3427 = VERTEX_POINT('',#3428);
#3428 = CARTESIAN_POINT('',(-47.40746860376,-0.95,1.835765204012));
#3429 = VERTEX_POINT('',#3430);
#3430 = CARTESIAN_POINT('',(-47.52244991335,-0.95,2.929739288917));
#3431 = LINE('',#3432,#3433);
#3432 = CARTESIAN_POINT('',(-47.40746860376,-0.95,1.835765204012));
#3433 = VECTOR('',#3434,1.);
#3434 = DIRECTION('',(-0.104528463268,0.,0.994521895368));
#3435 = ORIENTED_EDGE('',*,*,#3436,.T.);
#3436 = EDGE_CURVE('',#3427,#3437,#3439,.T.);
#3437 = VERTEX_POINT('',#3438);
#3438 = CARTESIAN_POINT('',(-47.40746860376,0.95,1.835765204012));
#3439 = LINE('',#3440,#3441);
#3440 = CARTESIAN_POINT('',(-47.40746860376,-0.95,1.835765204012));
#3441 = VECTOR('',#3442,1.);
#3442 = DIRECTION('',(0.,1.,0.));
#3443 = ORIENTED_EDGE('',*,*,#3444,.T.);
#3444 = EDGE_CURVE('',#3437,#3445,#3447,.T.);
#3445 = VERTEX_POINT('',#3446);
#3446 = CARTESIAN_POINT('',(-47.52244991335,0.95,2.929739288917));
#3447 = LINE('',#3448,#3449);
#3448 = CARTESIAN_POINT('',(-47.40746860376,0.95,1.835765204012));
#3449 = VECTOR('',#3450,1.);
#3450 = DIRECTION('',(-0.104528463268,0.,0.994521895368));
#3451 = ORIENTED_EDGE('',*,*,#3452,.F.);
#3452 = EDGE_CURVE('',#3429,#3445,#3453,.T.);
#3453 = LINE('',#3454,#3455);
#3454 = CARTESIAN_POINT('',(-47.52244991335,-0.95,2.929739288917));
#3455 = VECTOR('',#3456,1.);
#3456 = DIRECTION('',(0.,1.,0.));
#3457 = PLANE('',#3458);
#3458 = AXIS2_PLACEMENT_3D('',#3459,#3460,#3461);
#3459 = CARTESIAN_POINT('',(-47.40746860376,-0.95,1.835765204012));
#3460 = DIRECTION('',(0.994521895368,0.,0.104528463268));
#3461 = DIRECTION('',(-0.104528463268,0.,0.994521895368));
#3462 = ADVANCED_FACE('',(#3463),#3497,.T.);
#3463 = FACE_BOUND('',#3464,.T.);
#3464 = EDGE_LOOP('',(#3465,#3475,#3483,#3491));
#3465 = ORIENTED_EDGE('',*,*,#3466,.F.);
#3466 = EDGE_CURVE('',#3467,#3469,#3471,.T.);
#3467 = VERTEX_POINT('',#3468);
#3468 = CARTESIAN_POINT('',(-33.13607940522,-0.95,3.335748651903));
#3469 = VERTEX_POINT('',#3470);
#3470 = CARTESIAN_POINT('',(-33.25106071482,-0.95,4.429722736808));
#3471 = LINE('',#3472,#3473);
#3472 = CARTESIAN_POINT('',(-33.13607940522,-0.95,3.335748651903));
#3473 = VECTOR('',#3474,1.);
#3474 = DIRECTION('',(-0.104528463268,0.,0.994521895368));
#3475 = ORIENTED_EDGE('',*,*,#3476,.T.);
#3476 = EDGE_CURVE('',#3467,#3477,#3479,.T.);
#3477 = VERTEX_POINT('',#3478);
#3478 = CARTESIAN_POINT('',(-33.13607940522,0.95,3.335748651903));
#3479 = LINE('',#3480,#3481);
#3480 = CARTESIAN_POINT('',(-33.13607940522,-0.95,3.335748651903));
#3481 = VECTOR('',#3482,1.);
#3482 = DIRECTION('',(0.,1.,0.));
#3483 = ORIENTED_EDGE('',*,*,#3484,.T.);
#3484 = EDGE_CURVE('',#3477,#3485,#3487,.T.);
#3485 = VERTEX_POINT('',#3486);
#3486 = CARTESIAN_POINT('',(-33.25106071482,0.95,4.429722736808));
#3487 = LINE('',#3488,#3489);
#3488 = CARTESIAN_POINT('',(-33.13607940522,0.95,3.335748651903));
#3489 = VECTOR('',#3490,1.);
#3490 = DIRECTION('',(-0.104528463268,0.,0.994521895368));
#3491 = ORIENTED_EDGE('',*,*,#3492,.F.);
#3492 = EDGE_CURVE('',#3469,#3485,#3493,.T.);
#3493 = LINE('',#3494,#3495);
#3494 = CARTESIAN_POINT('',(-33.25106071482,-0.95,4.429722736808));
#3495 = VECTOR('',#3496,1.);
#3496 = DIRECTION('',(0.,1.,0.));
#3497 = PLANE('',#3498);
#3498 = AXIS2_PLACEMENT_3D('',#3499,#3500,#3501);
#3499 = CARTESIAN_POINT('',(-33.13607940522,-0.95,3.335748651903));
#3500 = DIRECTION('',(0.994521895368,0.,0.104528463268));
#3501 = DIRECTION('',(-0.104528463268,0.,0.994521895368));
#3502 = ADVANCED_FACE('',(#3503),#3519,.F.);
#3503 = FACE_BOUND('',#3504,.F.);
#3504 = EDGE_LOOP('',(#3505,#3511,#3512,#3518));
#3505 = ORIENTED_EDGE('',*,*,#3506,.F.);
#3506 = EDGE_CURVE('',#3427,#3467,#3507,.T.);
#3507 = LINE('',#3508,#3509);
#3508 = CARTESIAN_POINT('',(-47.40746860376,-0.95,1.835765204012));
#3509 = VECTOR('',#3510,1.);
#3510 = DIRECTION('',(0.994521895368,0.,0.104528463268));
#3511 = ORIENTED_EDGE('',*,*,#3426,.T.);
#3512 = ORIENTED_EDGE('',*,*,#3513,.T.);
#3513 = EDGE_CURVE('',#3429,#3469,#3514,.T.);
#3514 = LINE('',#3515,#3516);
#3515 = CARTESIAN_POINT('',(-47.52244991335,-0.95,2.929739288917));
#3516 = VECTOR('',#3517,1.);
#3517 = DIRECTION('',(0.994521895368,0.,0.104528463268));
#3518 = ORIENTED_EDGE('',*,*,#3466,.F.);
#3519 = PLANE('',#3520);
#3520 = AXIS2_PLACEMENT_3D('',#3521,#3522,#3523);
#3521 = CARTESIAN_POINT('',(-47.40746860376,-0.95,1.835765204012));
#3522 = DIRECTION('',(0.,1.,0.));
#3523 = DIRECTION('',(-0.104528463268,0.,0.994521895368));
#3524 = ADVANCED_FACE('',(#3525),#3541,.T.);
#3525 = FACE_BOUND('',#3526,.T.);
#3526 = EDGE_LOOP('',(#3527,#3533,#3534,#3540));
#3527 = ORIENTED_EDGE('',*,*,#3528,.F.);
#3528 = EDGE_CURVE('',#3437,#3477,#3529,.T.);
#3529 = LINE('',#3530,#3531);
#3530 = CARTESIAN_POINT('',(-47.40746860376,0.95,1.835765204012));
#3531 = VECTOR('',#3532,1.);
#3532 = DIRECTION('',(0.994521895368,0.,0.104528463268));
#3533 = ORIENTED_EDGE('',*,*,#3444,.T.);
#3534 = ORIENTED_EDGE('',*,*,#3535,.T.);
#3535 = EDGE_CURVE('',#3445,#3485,#3536,.T.);
#3536 = LINE('',#3537,#3538);
#3537 = CARTESIAN_POINT('',(-47.52244991335,0.95,2.929739288917));
#3538 = VECTOR('',#3539,1.);
#3539 = DIRECTION('',(0.994521895368,0.,0.104528463268));
#3540 = ORIENTED_EDGE('',*,*,#3484,.F.);
#3541 = PLANE('',#3542);
#3542 = AXIS2_PLACEMENT_3D('',#3543,#3544,#3545);
#3543 = CARTESIAN_POINT('',(-47.40746860376,0.95,1.835765204012));
#3544 = DIRECTION('',(0.,1.,0.));
#3545 = DIRECTION('',(-0.104528463268,0.,0.994521895368));
#3546 = ADVANCED_FACE('',(#3547),#3553,.F.);
#3547 = FACE_BOUND('',#3548,.F.);
#3548 = EDGE_LOOP('',(#3549,#3550,#3551,#3552));
#3549 = ORIENTED_EDGE('',*,*,#3436,.F.);
#3550 = ORIENTED_EDGE('',*,*,#3506,.T.);
#3551 = ORIENTED_EDGE('',*,*,#3476,.T.);
#3552 = ORIENTED_EDGE('',*,*,#3528,.F.);
#3553 = PLANE('',#3554);
#3554 = AXIS2_PLACEMENT_3D('',#3555,#3556,#3557);
#3555 = CARTESIAN_POINT('',(-47.40746860376,-0.95,1.835765204012));
#3556 = DIRECTION('',(-0.104528463268,0.,0.994521895368));
#3557 = DIRECTION('',(0.994521895368,0.,0.104528463268));
#3558 = ADVANCED_FACE('',(#3559),#3565,.T.);
#3559 = FACE_BOUND('',#3560,.T.);
#3560 = EDGE_LOOP('',(#3561,#3562,#3563,#3564));
#3561 = ORIENTED_EDGE('',*,*,#3452,.F.);
#3562 = ORIENTED_EDGE('',*,*,#3513,.T.);
#3563 = ORIENTED_EDGE('',*,*,#3492,.T.);
#3564 = ORIENTED_EDGE('',*,*,#3535,.F.);
#3565 = PLANE('',#3566);
#3566 = AXIS2_PLACEMENT_3D('',#3567,#3568,#3569);
#3567 = CARTESIAN_POINT('',(-47.52244991335,-0.95,2.929739288917));
#3568 = DIRECTION('',(-0.104528463268,0.,0.994521895368));
#3569 = DIRECTION('',(0.994521895368,0.,0.104528463268));
#3570 = MANIFOLD_SOLID_BREP('',#3571);
#3571 = CLOSED_SHELL('',(#3572,#3605,#3614));
#3572 = ADVANCED_FACE('',(#3573),#3600,.T.);
#3573 = FACE_BOUND('',#3574,.T.);
#3574 = EDGE_LOOP('',(#3575,#3584,#3592,#3599));
#3575 = ORIENTED_EDGE('',*,*,#3576,.F.);
#3576 = EDGE_CURVE('',#3577,#3577,#3579,.T.);
#3577 = VERTEX_POINT('',#3578);
#3578 = CARTESIAN_POINT('',(-46.99535330881,-8.327598234202E-17,
    2.985139374449));
#3579 = CIRCLE('',#3580,0.34);
#3580 = AXIS2_PLACEMENT_3D('',#3581,#3582,#3583);
#3581 = CARTESIAN_POINT('',(-47.33349075323,0.,2.949599696938));
#3582 = DIRECTION('',(-0.104528463268,0.,0.994521895368));
#3583 = DIRECTION('',(0.994521895368,0.,0.104528463268));
#3584 = ORIENTED_EDGE('',*,*,#3585,.F.);
#3585 = EDGE_CURVE('',#3586,#3577,#3588,.T.);
#3586 = VERTEX_POINT('',#3587);
#3587 = CARTESIAN_POINT('',(-46.88037199921,-8.327598234202E-17,
    1.891165289544));
#3588 = LINE('',#3589,#3590);
#3589 = CARTESIAN_POINT('',(-46.88037199921,-8.327598234202E-17,
    1.891165289544));
#3590 = VECTOR('',#3591,1.);
#3591 = DIRECTION('',(-0.104528463268,0.,0.994521895368));
#3592 = ORIENTED_EDGE('',*,*,#3593,.T.);
#3593 = EDGE_CURVE('',#3586,#3586,#3594,.T.);
#3594 = CIRCLE('',#3595,0.34);
#3595 = AXIS2_PLACEMENT_3D('',#3596,#3597,#3598);
#3596 = CARTESIAN_POINT('',(-47.21850944364,0.,1.855625612033));
#3597 = DIRECTION('',(-0.104528463268,0.,0.994521895368));
#3598 = DIRECTION('',(0.994521895368,0.,0.104528463268));
#3599 = ORIENTED_EDGE('',*,*,#3585,.T.);
#3600 = CYLINDRICAL_SURFACE('',#3601,0.34);
#3601 = AXIS2_PLACEMENT_3D('',#3602,#3603,#3604);
#3602 = CARTESIAN_POINT('',(-47.21850944364,0.,1.855625612033));
#3603 = DIRECTION('',(-0.104528463268,0.,0.994521895368));
#3604 = DIRECTION('',(0.994521895368,0.,0.104528463268));
#3605 = ADVANCED_FACE('',(#3606),#3609,.T.);
#3606 = FACE_BOUND('',#3607,.T.);
#3607 = EDGE_LOOP('',(#3608));
#3608 = ORIENTED_EDGE('',*,*,#3576,.T.);
#3609 = PLANE('',#3610);
#3610 = AXIS2_PLACEMENT_3D('',#3611,#3612,#3613);
#3611 = CARTESIAN_POINT('',(-47.33349075323,0.,2.949599696938));
#3612 = DIRECTION('',(-0.104528463268,0.,0.994521895368));
#3613 = DIRECTION('',(0.994521895368,0.,0.104528463268));
#3614 = ADVANCED_FACE('',(#3615),#3618,.F.);
#3615 = FACE_BOUND('',#3616,.T.);
#3616 = EDGE_LOOP('',(#3617));
#3617 = ORIENTED_EDGE('',*,*,#3593,.F.);
#3618 = PLANE('',#3619);
#3619 = AXIS2_PLACEMENT_3D('',#3620,#3621,#3622);
#3620 = CARTESIAN_POINT('',(-47.21850944364,0.,1.855625612033));
#3621 = DIRECTION('',(-0.104528463268,0.,0.994521895368));
#3622 = DIRECTION('',(0.994521895368,0.,0.104528463268));
#3623 = MANIFOLD_SOLID_BREP('',#3624);
#3624 = CLOSED_SHELL('',(#3625,#3658,#3667));
#3625 = ADVANCED_FACE('',(#3626),#3653,.T.);
#3626 = FACE_BOUND('',#3627,.T.);
#3627 = EDGE_LOOP('',(#3628,#3637,#3645,#3652));
#3628 = ORIENTED_EDGE('',*,*,#3629,.F.);
#3629 = EDGE_CURVE('',#3630,#3630,#3632,.T.);
#3630 = VERTEX_POINT('',#3631);
#3631 = CARTESIAN_POINT('',(-47.37598706453,-5.878304635907E-17,
    5.649950426663));
#3632 = CIRCLE('',#3633,0.24);
#3633 = AXIS2_PLACEMENT_3D('',#3634,#3635,#3636);
#3634 = CARTESIAN_POINT('',(-47.61467231942,0.,5.624863595479));
#3635 = DIRECTION('',(-0.104528463268,0.,0.994521895368));
#3636 = DIRECTION('',(0.994521895368,0.,0.104528463268));
#3637 = ORIENTED_EDGE('',*,*,#3638,.F.);
#3638 = EDGE_CURVE('',#3639,#3630,#3641,.T.);
#3639 = VERTEX_POINT('',#3640);
#3640 = CARTESIAN_POINT('',(-47.03731484355,-5.878304635907E-17,
    2.42769948567));
#3641 = LINE('',#3642,#3643);
#3642 = CARTESIAN_POINT('',(-47.03731484355,-5.878304635907E-17,
    2.42769948567));
#3643 = VECTOR('',#3644,1.);
#3644 = DIRECTION('',(-0.104528463268,0.,0.994521895368));
#3645 = ORIENTED_EDGE('',*,*,#3646,.T.);
#3646 = EDGE_CURVE('',#3639,#3639,#3647,.T.);
#3647 = CIRCLE('',#3648,0.24);
#3648 = AXIS2_PLACEMENT_3D('',#3649,#3650,#3651);
#3649 = CARTESIAN_POINT('',(-47.27600009844,0.,2.402612654486));
#3650 = DIRECTION('',(-0.104528463268,0.,0.994521895368));
#3651 = DIRECTION('',(0.994521895368,0.,0.104528463268));
#3652 = ORIENTED_EDGE('',*,*,#3638,.T.);
#3653 = CYLINDRICAL_SURFACE('',#3654,0.24);
#3654 = AXIS2_PLACEMENT_3D('',#3655,#3656,#3657);
#3655 = CARTESIAN_POINT('',(-47.27600009844,0.,2.402612654486));
#3656 = DIRECTION('',(-0.104528463268,0.,0.994521895368));
#3657 = DIRECTION('',(0.994521895368,0.,0.104528463268));
#3658 = ADVANCED_FACE('',(#3659),#3662,.T.);
#3659 = FACE_BOUND('',#3660,.T.);
#3660 = EDGE_LOOP('',(#3661));
#3661 = ORIENTED_EDGE('',*,*,#3629,.T.);
#3662 = PLANE('',#3663);
#3663 = AXIS2_PLACEMENT_3D('',#3664,#3665,#3666);
#3664 = CARTESIAN_POINT('',(-47.61467231942,0.,5.624863595479));
#3665 = DIRECTION('',(-0.104528463268,0.,0.994521895368));
#3666 = DIRECTION('',(0.994521895368,0.,0.104528463268));
#3667 = ADVANCED_FACE('',(#3668),#3671,.F.);
#3668 = FACE_BOUND('',#3669,.T.);
#3669 = EDGE_LOOP('',(#3670));
#3670 = ORIENTED_EDGE('',*,*,#3646,.F.);
#3671 = PLANE('',#3672);
#3672 = AXIS2_PLACEMENT_3D('',#3673,#3674,#3675);
#3673 = CARTESIAN_POINT('',(-47.27600009844,0.,2.402612654486));
#3674 = DIRECTION('',(-0.104528463268,0.,0.994521895368));
#3675 = DIRECTION('',(0.994521895368,0.,0.104528463268));
#3676 = MANIFOLD_SOLID_BREP('',#3677);
#3677 = CLOSED_SHELL('',(#3678,#3705));
#3678 = ADVANCED_FACE('',(#3679),#3700,.T.);
#3679 = FACE_BOUND('',#3680,.T.);
#3680 = EDGE_LOOP('',(#3681,#3692,#3699));
#3681 = ORIENTED_EDGE('',*,*,#3682,.F.);
#3682 = EDGE_CURVE('',#3683,#3685,#3687,.T.);
#3683 = VERTEX_POINT('',#3684);
#3684 = CARTESIAN_POINT('',(-47.35090023335,-5.878304635907E-17,
    5.411265171775));
#3685 = VERTEX_POINT('',#3686);
#3686 = CARTESIAN_POINT('',(-47.61467231942,0.,5.624863595479));
#3687 = CIRCLE('',#3688,0.24);
#3688 = AXIS2_PLACEMENT_3D('',#3689,#3690,#3691);
#3689 = CARTESIAN_POINT('',(-47.58958548824,0.,5.38617834059));
#3690 = DIRECTION('',(-2.435876111689E-16,-1.,-2.56020895921E-17));
#3691 = DIRECTION('',(0.994521895368,-2.449293598295E-16,0.104528463268)
  );
#3692 = ORIENTED_EDGE('',*,*,#3693,.T.);
#3693 = EDGE_CURVE('',#3683,#3683,#3694,.T.);
#3694 = CIRCLE('',#3695,0.24);
#3695 = AXIS2_PLACEMENT_3D('',#3696,#3697,#3698);
#3696 = CARTESIAN_POINT('',(-47.58958548824,0.,5.38617834059));
#3697 = DIRECTION('',(-0.104528463268,0.,0.994521895368));
#3698 = DIRECTION('',(0.994521895368,0.,0.104528463268));
#3699 = ORIENTED_EDGE('',*,*,#3682,.T.);
#3700 = SPHERICAL_SURFACE('',#3701,0.24);
#3701 = AXIS2_PLACEMENT_3D('',#3702,#3703,#3704);
#3702 = CARTESIAN_POINT('',(-47.58958548824,0.,5.38617834059));
#3703 = DIRECTION('',(-0.104528463268,0.,0.994521895368));
#3704 = DIRECTION('',(0.994521895368,0.,0.104528463268));
#3705 = ADVANCED_FACE('',(#3706),#3709,.F.);
#3706 = FACE_BOUND('',#3707,.T.);
#3707 = EDGE_LOOP('',(#3708));
#3708 = ORIENTED_EDGE('',*,*,#3693,.F.);
#3709 = PLANE('',#3710);
#3710 = AXIS2_PLACEMENT_3D('',#3711,#3712,#3713);
#3711 = CARTESIAN_POINT('',(-47.58958548824,0.,5.38617834059));
#3712 = DIRECTION('',(-0.104528463268,0.,0.994521895368));
#3713 = DIRECTION('',(0.994521895368,0.,0.104528463268));
#3714 = MANIFOLD_SOLID_BREP('',#3715);
#3715 = CLOSED_SHELL('',(#3716,#3749,#3758));
#3716 = ADVANCED_FACE('',(#3717),#3744,.T.);
#3717 = FACE_BOUND('',#3718,.T.);
#3718 = EDGE_LOOP('',(#3719,#3728,#3736,#3743));
#3719 = ORIENTED_EDGE('',*,*,#3720,.F.);
#3720 = EDGE_CURVE('',#3721,#3721,#3723,.T.);
#3721 = VERTEX_POINT('',#3722);
#3722 = CARTESIAN_POINT('',(-45.73231050169,-8.327598234202E-17,
    3.117890522799));
#3723 = CIRCLE('',#3724,0.34);
#3724 = AXIS2_PLACEMENT_3D('',#3725,#3726,#3727);
#3725 = CARTESIAN_POINT('',(-46.07044794612,0.,3.082350845288));
#3726 = DIRECTION('',(-0.104528463268,0.,0.994521895368));
#3727 = DIRECTION('',(0.994521895368,0.,0.104528463268));
#3728 = ORIENTED_EDGE('',*,*,#3729,.F.);
#3729 = EDGE_CURVE('',#3730,#3721,#3732,.T.);
#3730 = VERTEX_POINT('',#3731);
#3731 = CARTESIAN_POINT('',(-45.6173291921,-8.327598234202E-17,
    2.023916437894));
#3732 = LINE('',#3733,#3734);
#3733 = CARTESIAN_POINT('',(-45.6173291921,-8.327598234202E-17,
    2.023916437894));
#3734 = VECTOR('',#3735,1.);
#3735 = DIRECTION('',(-0.104528463268,0.,0.994521895368));
#3736 = ORIENTED_EDGE('',*,*,#3737,.T.);
#3737 = EDGE_CURVE('',#3730,#3730,#3738,.T.);
#3738 = CIRCLE('',#3739,0.34);
#3739 = AXIS2_PLACEMENT_3D('',#3740,#3741,#3742);
#3740 = CARTESIAN_POINT('',(-45.95546663652,0.,1.988376760383));
#3741 = DIRECTION('',(-0.104528463268,0.,0.994521895368));
#3742 = DIRECTION('',(0.994521895368,0.,0.104528463268));
#3743 = ORIENTED_EDGE('',*,*,#3729,.T.);
#3744 = CYLINDRICAL_SURFACE('',#3745,0.34);
#3745 = AXIS2_PLACEMENT_3D('',#3746,#3747,#3748);
#3746 = CARTESIAN_POINT('',(-45.95546663652,0.,1.988376760383));
#3747 = DIRECTION('',(-0.104528463268,0.,0.994521895368));
#3748 = DIRECTION('',(0.994521895368,0.,0.104528463268));
#3749 = ADVANCED_FACE('',(#3750),#3753,.T.);
#3750 = FACE_BOUND('',#3751,.T.);
#3751 = EDGE_LOOP('',(#3752));
#3752 = ORIENTED_EDGE('',*,*,#3720,.T.);
#3753 = PLANE('',#3754);
#3754 = AXIS2_PLACEMENT_3D('',#3755,#3756,#3757);
#3755 = CARTESIAN_POINT('',(-46.07044794612,0.,3.082350845288));
#3756 = DIRECTION('',(-0.104528463268,0.,0.994521895368));
#3757 = DIRECTION('',(0.994521895368,0.,0.104528463268));
#3758 = ADVANCED_FACE('',(#3759),#3762,.F.);
#3759 = FACE_BOUND('',#3760,.T.);
#3760 = EDGE_LOOP('',(#3761));
#3761 = ORIENTED_EDGE('',*,*,#3737,.F.);
#3762 = PLANE('',#3763);
#3763 = AXIS2_PLACEMENT_3D('',#3764,#3765,#3766);
#3764 = CARTESIAN_POINT('',(-45.95546663652,0.,1.988376760383));
#3765 = DIRECTION('',(-0.104528463268,0.,0.994521895368));
#3766 = DIRECTION('',(0.994521895368,0.,0.104528463268));
#3767 = MANIFOLD_SOLID_BREP('',#3768);
#3768 = CLOSED_SHELL('',(#3769,#3802,#3811));
#3769 = ADVANCED_FACE('',(#3770),#3797,.T.);
#3770 = FACE_BOUND('',#3771,.T.);
#3771 = EDGE_LOOP('',(#3772,#3781,#3789,#3796));
#3772 = ORIENTED_EDGE('',*,*,#3773,.F.);
#3773 = EDGE_CURVE('',#3774,#3774,#3776,.T.);
#3774 = VERTEX_POINT('',#3775);
#3775 = CARTESIAN_POINT('',(-46.11294425742,-5.878304635907E-17,
    5.782701575013));
#3776 = CIRCLE('',#3777,0.24);
#3777 = AXIS2_PLACEMENT_3D('',#3778,#3779,#3780);
#3778 = CARTESIAN_POINT('',(-46.35162951231,0.,5.757614743829));
#3779 = DIRECTION('',(-0.104528463268,0.,0.994521895368));
#3780 = DIRECTION('',(0.994521895368,0.,0.104528463268));
#3781 = ORIENTED_EDGE('',*,*,#3782,.F.);
#3782 = EDGE_CURVE('',#3783,#3774,#3785,.T.);
#3783 = VERTEX_POINT('',#3784);
#3784 = CARTESIAN_POINT('',(-45.77427203643,-5.878304635907E-17,
    2.56045063402));
#3785 = LINE('',#3786,#3787);
#3786 = CARTESIAN_POINT('',(-45.77427203643,-5.878304635907E-17,
    2.56045063402));
#3787 = VECTOR('',#3788,1.);
#3788 = DIRECTION('',(-0.104528463268,0.,0.994521895368));
#3789 = ORIENTED_EDGE('',*,*,#3790,.T.);
#3790 = EDGE_CURVE('',#3783,#3783,#3791,.T.);
#3791 = CIRCLE('',#3792,0.24);
#3792 = AXIS2_PLACEMENT_3D('',#3793,#3794,#3795);
#3793 = CARTESIAN_POINT('',(-46.01295729132,0.,2.535363802835));
#3794 = DIRECTION('',(-0.104528463268,0.,0.994521895368));
#3795 = DIRECTION('',(0.994521895368,0.,0.104528463268));
#3796 = ORIENTED_EDGE('',*,*,#3782,.T.);
#3797 = CYLINDRICAL_SURFACE('',#3798,0.24);
#3798 = AXIS2_PLACEMENT_3D('',#3799,#3800,#3801);
#3799 = CARTESIAN_POINT('',(-46.01295729132,0.,2.535363802835));
#3800 = DIRECTION('',(-0.104528463268,0.,0.994521895368));
#3801 = DIRECTION('',(0.994521895368,0.,0.104528463268));
#3802 = ADVANCED_FACE('',(#3803),#3806,.T.);
#3803 = FACE_BOUND('',#3804,.T.);
#3804 = EDGE_LOOP('',(#3805));
#3805 = ORIENTED_EDGE('',*,*,#3773,.T.);
#3806 = PLANE('',#3807);
#3807 = AXIS2_PLACEMENT_3D('',#3808,#3809,#3810);
#3808 = CARTESIAN_POINT('',(-46.35162951231,0.,5.757614743829));
#3809 = DIRECTION('',(-0.104528463268,0.,0.994521895368));
#3810 = DIRECTION('',(0.994521895368,0.,0.104528463268));
#3811 = ADVANCED_FACE('',(#3812),#3815,.F.);
#3812 = FACE_BOUND('',#3813,.T.);
#3813 = EDGE_LOOP('',(#3814));
#3814 = ORIENTED_EDGE('',*,*,#3790,.F.);
#3815 = PLANE('',#3816);
#3816 = AXIS2_PLACEMENT_3D('',#3817,#3818,#3819);
#3817 = CARTESIAN_POINT('',(-46.01295729132,0.,2.535363802835));
#3818 = DIRECTION('',(-0.104528463268,0.,0.994521895368));
#3819 = DIRECTION('',(0.994521895368,0.,0.104528463268));
#3820 = MANIFOLD_SOLID_BREP('',#3821);
#3821 = CLOSED_SHELL('',(#3822,#3849));
#3822 = ADVANCED_FACE('',(#3823),#3844,.T.);
#3823 = FACE_BOUND('',#3824,.T.);
#3824 = EDGE_LOOP('',(#3825,#3836,#3843));
#3825 = ORIENTED_EDGE('',*,*,#3826,.F.);
#3826 = EDGE_CURVE('',#3827,#3829,#3831,.T.);
#3827 = VERTEX_POINT('',#3828);
#3828 = CARTESIAN_POINT('',(-46.08785742623,-5.878304635907E-17,
    5.544016320124));
#3829 = VERTEX_POINT('',#3830);
#3830 = CARTESIAN_POINT('',(-46.35162951231,0.,5.757614743829));
#3831 = CIRCLE('',#3832,0.24);
#3832 = AXIS2_PLACEMENT_3D('',#3833,#3834,#3835);
#3833 = CARTESIAN_POINT('',(-46.32654268112,0.,5.51892948894));
#3834 = DIRECTION('',(-2.435876111689E-16,-1.,-2.56020895921E-17));
#3835 = DIRECTION('',(0.994521895368,-2.449293598295E-16,0.104528463268)
  );
#3836 = ORIENTED_EDGE('',*,*,#3837,.T.);
#3837 = EDGE_CURVE('',#3827,#3827,#3838,.T.);
#3838 = CIRCLE('',#3839,0.24);
#3839 = AXIS2_PLACEMENT_3D('',#3840,#3841,#3842);
#3840 = CARTESIAN_POINT('',(-46.32654268112,0.,5.51892948894));
#3841 = DIRECTION('',(-0.104528463268,0.,0.994521895368));
#3842 = DIRECTION('',(0.994521895368,0.,0.104528463268));
#3843 = ORIENTED_EDGE('',*,*,#3826,.T.);
#3844 = SPHERICAL_SURFACE('',#3845,0.24);
#3845 = AXIS2_PLACEMENT_3D('',#3846,#3847,#3848);
#3846 = CARTESIAN_POINT('',(-46.32654268112,0.,5.51892948894));
#3847 = DIRECTION('',(-0.104528463268,0.,0.994521895368));
#3848 = DIRECTION('',(0.994521895368,0.,0.104528463268));
#3849 = ADVANCED_FACE('',(#3850),#3853,.F.);
#3850 = FACE_BOUND('',#3851,.T.);
#3851 = EDGE_LOOP('',(#3852));
#3852 = ORIENTED_EDGE('',*,*,#3837,.F.);
#3853 = PLANE('',#3854);
#3854 = AXIS2_PLACEMENT_3D('',#3855,#3856,#3857);
#3855 = CARTESIAN_POINT('',(-46.32654268112,0.,5.51892948894));
#3856 = DIRECTION('',(-0.104528463268,0.,0.994521895368));
#3857 = DIRECTION('',(0.994521895368,0.,0.104528463268));
#3858 = MANIFOLD_SOLID_BREP('',#3859);
#3859 = CLOSED_SHELL('',(#3860,#3893,#3902));
#3860 = ADVANCED_FACE('',(#3861),#3888,.T.);
#3861 = FACE_BOUND('',#3862,.T.);
#3862 = EDGE_LOOP('',(#3863,#3872,#3880,#3887));
#3863 = ORIENTED_EDGE('',*,*,#3864,.F.);
#3864 = EDGE_CURVE('',#3865,#3865,#3867,.T.);
#3865 = VERTEX_POINT('',#3866);
#3866 = CARTESIAN_POINT('',(-44.46926769457,-8.327598234202E-17,
    3.250641671149));
#3867 = CIRCLE('',#3868,0.34);
#3868 = AXIS2_PLACEMENT_3D('',#3869,#3870,#3871);
#3869 = CARTESIAN_POINT('',(-44.807405139,0.,3.215101993638));
#3870 = DIRECTION('',(-0.104528463268,0.,0.994521895368));
#3871 = DIRECTION('',(0.994521895368,0.,0.104528463268));
#3872 = ORIENTED_EDGE('',*,*,#3873,.F.);
#3873 = EDGE_CURVE('',#3874,#3865,#3876,.T.);
#3874 = VERTEX_POINT('',#3875);
#3875 = CARTESIAN_POINT('',(-44.35428638498,-8.327598234202E-17,
    2.156667586244));
#3876 = LINE('',#3877,#3878);
#3877 = CARTESIAN_POINT('',(-44.35428638498,-8.327598234202E-17,
    2.156667586244));
#3878 = VECTOR('',#3879,1.);
#3879 = DIRECTION('',(-0.104528463268,0.,0.994521895368));
#3880 = ORIENTED_EDGE('',*,*,#3881,.T.);
#3881 = EDGE_CURVE('',#3874,#3874,#3882,.T.);
#3882 = CIRCLE('',#3883,0.34);
#3883 = AXIS2_PLACEMENT_3D('',#3884,#3885,#3886);
#3884 = CARTESIAN_POINT('',(-44.6924238294,0.,2.121127908733));
#3885 = DIRECTION('',(-0.104528463268,0.,0.994521895368));
#3886 = DIRECTION('',(0.994521895368,0.,0.104528463268));
#3887 = ORIENTED_EDGE('',*,*,#3873,.T.);
#3888 = CYLINDRICAL_SURFACE('',#3889,0.34);
#3889 = AXIS2_PLACEMENT_3D('',#3890,#3891,#3892);
#3890 = CARTESIAN_POINT('',(-44.6924238294,0.,2.121127908733));
#3891 = DIRECTION('',(-0.104528463268,0.,0.994521895368));
#3892 = DIRECTION('',(0.994521895368,0.,0.104528463268));
#3893 = ADVANCED_FACE('',(#3894),#3897,.T.);
#3894 = FACE_BOUND('',#3895,.T.);
#3895 = EDGE_LOOP('',(#3896));
#3896 = ORIENTED_EDGE('',*,*,#3864,.T.);
#3897 = PLANE('',#3898);
#3898 = AXIS2_PLACEMENT_3D('',#3899,#3900,#3901);
#3899 = CARTESIAN_POINT('',(-44.807405139,0.,3.215101993638));
#3900 = DIRECTION('',(-0.104528463268,0.,0.994521895368));
#3901 = DIRECTION('',(0.994521895368,0.,0.104528463268));
#3902 = ADVANCED_FACE('',(#3903),#3906,.F.);
#3903 = FACE_BOUND('',#3904,.T.);
#3904 = EDGE_LOOP('',(#3905));
#3905 = ORIENTED_EDGE('',*,*,#3881,.F.);
#3906 = PLANE('',#3907);
#3907 = AXIS2_PLACEMENT_3D('',#3908,#3909,#3910);
#3908 = CARTESIAN_POINT('',(-44.6924238294,0.,2.121127908733));
#3909 = DIRECTION('',(-0.104528463268,0.,0.994521895368));
#3910 = DIRECTION('',(0.994521895368,0.,0.104528463268));
#3911 = MANIFOLD_SOLID_BREP('',#3912);
#3912 = CLOSED_SHELL('',(#3913,#3946,#3955));
#3913 = ADVANCED_FACE('',(#3914),#3941,.T.);
#3914 = FACE_BOUND('',#3915,.T.);
#3915 = EDGE_LOOP('',(#3916,#3925,#3933,#3940));
#3916 = ORIENTED_EDGE('',*,*,#3917,.F.);
#3917 = EDGE_CURVE('',#3918,#3918,#3920,.T.);
#3918 = VERTEX_POINT('',#3919);
#3919 = CARTESIAN_POINT('',(-44.8499014503,-5.878304635907E-17,
    5.915452723363));
#3920 = CIRCLE('',#3921,0.24);
#3921 = AXIS2_PLACEMENT_3D('',#3922,#3923,#3924);
#3922 = CARTESIAN_POINT('',(-45.08858670519,0.,5.890365892179));
#3923 = DIRECTION('',(-0.104528463268,0.,0.994521895368));
#3924 = DIRECTION('',(0.994521895368,0.,0.104528463268));
#3925 = ORIENTED_EDGE('',*,*,#3926,.F.);
#3926 = EDGE_CURVE('',#3927,#3918,#3929,.T.);
#3927 = VERTEX_POINT('',#3928);
#3928 = CARTESIAN_POINT('',(-44.51122922931,-5.878304635907E-17,
    2.69320178237));
#3929 = LINE('',#3930,#3931);
#3930 = CARTESIAN_POINT('',(-44.51122922931,-5.878304635907E-17,
    2.69320178237));
#3931 = VECTOR('',#3932,1.);
#3932 = DIRECTION('',(-0.104528463268,0.,0.994521895368));
#3933 = ORIENTED_EDGE('',*,*,#3934,.T.);
#3934 = EDGE_CURVE('',#3927,#3927,#3935,.T.);
#3935 = CIRCLE('',#3936,0.24);
#3936 = AXIS2_PLACEMENT_3D('',#3937,#3938,#3939);
#3937 = CARTESIAN_POINT('',(-44.7499144842,0.,2.668114951185));
#3938 = DIRECTION('',(-0.104528463268,0.,0.994521895368));
#3939 = DIRECTION('',(0.994521895368,0.,0.104528463268));
#3940 = ORIENTED_EDGE('',*,*,#3926,.T.);
#3941 = CYLINDRICAL_SURFACE('',#3942,0.24);
#3942 = AXIS2_PLACEMENT_3D('',#3943,#3944,#3945);
#3943 = CARTESIAN_POINT('',(-44.7499144842,0.,2.668114951185));
#3944 = DIRECTION('',(-0.104528463268,0.,0.994521895368));
#3945 = DIRECTION('',(0.994521895368,0.,0.104528463268));
#3946 = ADVANCED_FACE('',(#3947),#3950,.T.);
#3947 = FACE_BOUND('',#3948,.T.);
#3948 = EDGE_LOOP('',(#3949));
#3949 = ORIENTED_EDGE('',*,*,#3917,.T.);
#3950 = PLANE('',#3951);
#3951 = AXIS2_PLACEMENT_3D('',#3952,#3953,#3954);
#3952 = CARTESIAN_POINT('',(-45.08858670519,0.,5.890365892179));
#3953 = DIRECTION('',(-0.104528463268,0.,0.994521895368));
#3954 = DIRECTION('',(0.994521895368,0.,0.104528463268));
#3955 = ADVANCED_FACE('',(#3956),#3959,.F.);
#3956 = FACE_BOUND('',#3957,.T.);
#3957 = EDGE_LOOP('',(#3958));
#3958 = ORIENTED_EDGE('',*,*,#3934,.F.);
#3959 = PLANE('',#3960);
#3960 = AXIS2_PLACEMENT_3D('',#3961,#3962,#3963);
#3961 = CARTESIAN_POINT('',(-44.7499144842,0.,2.668114951185));
#3962 = DIRECTION('',(-0.104528463268,0.,0.994521895368));
#3963 = DIRECTION('',(0.994521895368,0.,0.104528463268));
#3964 = MANIFOLD_SOLID_BREP('',#3965);
#3965 = CLOSED_SHELL('',(#3966,#3993));
#3966 = ADVANCED_FACE('',(#3967),#3988,.T.);
#3967 = FACE_BOUND('',#3968,.T.);
#3968 = EDGE_LOOP('',(#3969,#3980,#3987));
#3969 = ORIENTED_EDGE('',*,*,#3970,.F.);
#3970 = EDGE_CURVE('',#3971,#3973,#3975,.T.);
#3971 = VERTEX_POINT('',#3972);
#3972 = CARTESIAN_POINT('',(-44.82481461912,-5.878304635907E-17,
    5.676767468474));
#3973 = VERTEX_POINT('',#3974);
#3974 = CARTESIAN_POINT('',(-45.08858670519,0.,5.890365892179));
#3975 = CIRCLE('',#3976,0.24);
#3976 = AXIS2_PLACEMENT_3D('',#3977,#3978,#3979);
#3977 = CARTESIAN_POINT('',(-45.063499874,0.,5.65168063729));
#3978 = DIRECTION('',(-2.435876111689E-16,-1.,-2.56020895921E-17));
#3979 = DIRECTION('',(0.994521895368,-2.449293598295E-16,0.104528463268)
  );
#3980 = ORIENTED_EDGE('',*,*,#3981,.T.);
#3981 = EDGE_CURVE('',#3971,#3971,#3982,.T.);
#3982 = CIRCLE('',#3983,0.24);
#3983 = AXIS2_PLACEMENT_3D('',#3984,#3985,#3986);
#3984 = CARTESIAN_POINT('',(-45.063499874,0.,5.65168063729));
#3985 = DIRECTION('',(-0.104528463268,0.,0.994521895368));
#3986 = DIRECTION('',(0.994521895368,0.,0.104528463268));
#3987 = ORIENTED_EDGE('',*,*,#3970,.T.);
#3988 = SPHERICAL_SURFACE('',#3989,0.24);
#3989 = AXIS2_PLACEMENT_3D('',#3990,#3991,#3992);
#3990 = CARTESIAN_POINT('',(-45.063499874,0.,5.65168063729));
#3991 = DIRECTION('',(-0.104528463268,0.,0.994521895368));
#3992 = DIRECTION('',(0.994521895368,0.,0.104528463268));
#3993 = ADVANCED_FACE('',(#3994),#3997,.F.);
#3994 = FACE_BOUND('',#3995,.T.);
#3995 = EDGE_LOOP('',(#3996));
#3996 = ORIENTED_EDGE('',*,*,#3981,.F.);
#3997 = PLANE('',#3998);
#3998 = AXIS2_PLACEMENT_3D('',#3999,#4000,#4001);
#3999 = CARTESIAN_POINT('',(-45.063499874,0.,5.65168063729));
#4000 = DIRECTION('',(-0.104528463268,0.,0.994521895368));
#4001 = DIRECTION('',(0.994521895368,0.,0.104528463268));
#4002 = MANIFOLD_SOLID_BREP('',#4003);
#4003 = CLOSED_SHELL('',(#4004,#4037,#4046));
#4004 = ADVANCED_FACE('',(#4005),#4032,.T.);
#4005 = FACE_BOUND('',#4006,.T.);
#4006 = EDGE_LOOP('',(#4007,#4016,#4024,#4031));
#4007 = ORIENTED_EDGE('',*,*,#4008,.F.);
#4008 = EDGE_CURVE('',#4009,#4009,#4011,.T.);
#4009 = VERTEX_POINT('',#4010);
#4010 = CARTESIAN_POINT('',(-43.20622488745,-8.327598234202E-17,
    3.383392819499));
#4011 = CIRCLE('',#4012,0.34);
#4012 = AXIS2_PLACEMENT_3D('',#4013,#4014,#4015);
#4013 = CARTESIAN_POINT('',(-43.54436233188,0.,3.347853141988));
#4014 = DIRECTION('',(-0.104528463268,0.,0.994521895368));
#4015 = DIRECTION('',(0.994521895368,0.,0.104528463268));
#4016 = ORIENTED_EDGE('',*,*,#4017,.F.);
#4017 = EDGE_CURVE('',#4018,#4009,#4020,.T.);
#4018 = VERTEX_POINT('',#4019);
#4019 = CARTESIAN_POINT('',(-43.09124357786,-8.327598234202E-17,
    2.289418734594));
#4020 = LINE('',#4021,#4022);
#4021 = CARTESIAN_POINT('',(-43.09124357786,-8.327598234202E-17,
    2.289418734594));
#4022 = VECTOR('',#4023,1.);
#4023 = DIRECTION('',(-0.104528463268,0.,0.994521895368));
#4024 = ORIENTED_EDGE('',*,*,#4025,.T.);
#4025 = EDGE_CURVE('',#4018,#4018,#4026,.T.);
#4026 = CIRCLE('',#4027,0.34);
#4027 = AXIS2_PLACEMENT_3D('',#4028,#4029,#4030);
#4028 = CARTESIAN_POINT('',(-43.42938102229,0.,2.253879057083));
#4029 = DIRECTION('',(-0.104528463268,0.,0.994521895368));
#4030 = DIRECTION('',(0.994521895368,0.,0.104528463268));
#4031 = ORIENTED_EDGE('',*,*,#4017,.T.);
#4032 = CYLINDRICAL_SURFACE('',#4033,0.34);
#4033 = AXIS2_PLACEMENT_3D('',#4034,#4035,#4036);
#4034 = CARTESIAN_POINT('',(-43.42938102229,0.,2.253879057083));
#4035 = DIRECTION('',(-0.104528463268,0.,0.994521895368));
#4036 = DIRECTION('',(0.994521895368,0.,0.104528463268));
#4037 = ADVANCED_FACE('',(#4038),#4041,.T.);
#4038 = FACE_BOUND('',#4039,.T.);
#4039 = EDGE_LOOP('',(#4040));
#4040 = ORIENTED_EDGE('',*,*,#4008,.T.);
#4041 = PLANE('',#4042);
#4042 = AXIS2_PLACEMENT_3D('',#4043,#4044,#4045);
#4043 = CARTESIAN_POINT('',(-43.54436233188,0.,3.347853141988));
#4044 = DIRECTION('',(-0.104528463268,0.,0.994521895368));
#4045 = DIRECTION('',(0.994521895368,0.,0.104528463268));
#4046 = ADVANCED_FACE('',(#4047),#4050,.F.);
#4047 = FACE_BOUND('',#4048,.T.);
#4048 = EDGE_LOOP('',(#4049));
#4049 = ORIENTED_EDGE('',*,*,#4025,.F.);
#4050 = PLANE('',#4051);
#4051 = AXIS2_PLACEMENT_3D('',#4052,#4053,#4054);
#4052 = CARTESIAN_POINT('',(-43.42938102229,0.,2.253879057083));
#4053 = DIRECTION('',(-0.104528463268,0.,0.994521895368));
#4054 = DIRECTION('',(0.994521895368,0.,0.104528463268));
#4055 = MANIFOLD_SOLID_BREP('',#4056);
#4056 = CLOSED_SHELL('',(#4057,#4090,#4099));
#4057 = ADVANCED_FACE('',(#4058),#4085,.T.);
#4058 = FACE_BOUND('',#4059,.T.);
#4059 = EDGE_LOOP('',(#4060,#4069,#4077,#4084));
#4060 = ORIENTED_EDGE('',*,*,#4061,.F.);
#4061 = EDGE_CURVE('',#4062,#4062,#4064,.T.);
#4062 = VERTEX_POINT('',#4063);
#4063 = CARTESIAN_POINT('',(-43.58685864318,-5.878304635907E-17,
    6.048203871713));
#4064 = CIRCLE('',#4065,0.24);
#4065 = AXIS2_PLACEMENT_3D('',#4066,#4067,#4068);
#4066 = CARTESIAN_POINT('',(-43.82554389807,0.,6.023117040528));
#4067 = DIRECTION('',(-0.104528463268,0.,0.994521895368));
#4068 = DIRECTION('',(0.994521895368,0.,0.104528463268));
#4069 = ORIENTED_EDGE('',*,*,#4070,.F.);
#4070 = EDGE_CURVE('',#4071,#4062,#4073,.T.);
#4071 = VERTEX_POINT('',#4072);
#4072 = CARTESIAN_POINT('',(-43.24818642219,-5.878304635907E-17,
    2.825952930719));
#4073 = LINE('',#4074,#4075);
#4074 = CARTESIAN_POINT('',(-43.24818642219,-5.878304635907E-17,
    2.825952930719));
#4075 = VECTOR('',#4076,1.);
#4076 = DIRECTION('',(-0.104528463268,0.,0.994521895368));
#4077 = ORIENTED_EDGE('',*,*,#4078,.T.);
#4078 = EDGE_CURVE('',#4071,#4071,#4079,.T.);
#4079 = CIRCLE('',#4080,0.24);
#4080 = AXIS2_PLACEMENT_3D('',#4081,#4082,#4083);
#4081 = CARTESIAN_POINT('',(-43.48687167708,0.,2.800866099535));
#4082 = DIRECTION('',(-0.104528463268,0.,0.994521895368));
#4083 = DIRECTION('',(0.994521895368,0.,0.104528463268));
#4084 = ORIENTED_EDGE('',*,*,#4070,.T.);
#4085 = CYLINDRICAL_SURFACE('',#4086,0.24);
#4086 = AXIS2_PLACEMENT_3D('',#4087,#4088,#4089);
#4087 = CARTESIAN_POINT('',(-43.48687167708,0.,2.800866099535));
#4088 = DIRECTION('',(-0.104528463268,0.,0.994521895368));
#4089 = DIRECTION('',(0.994521895368,0.,0.104528463268));
#4090 = ADVANCED_FACE('',(#4091),#4094,.T.);
#4091 = FACE_BOUND('',#4092,.T.);
#4092 = EDGE_LOOP('',(#4093));
#4093 = ORIENTED_EDGE('',*,*,#4061,.T.);
#4094 = PLANE('',#4095);
#4095 = AXIS2_PLACEMENT_3D('',#4096,#4097,#4098);
#4096 = CARTESIAN_POINT('',(-43.82554389807,0.,6.023117040528));
#4097 = DIRECTION('',(-0.104528463268,0.,0.994521895368));
#4098 = DIRECTION('',(0.994521895368,0.,0.104528463268));
#4099 = ADVANCED_FACE('',(#4100),#4103,.F.);
#4100 = FACE_BOUND('',#4101,.T.);
#4101 = EDGE_LOOP('',(#4102));
#4102 = ORIENTED_EDGE('',*,*,#4078,.F.);
#4103 = PLANE('',#4104);
#4104 = AXIS2_PLACEMENT_3D('',#4105,#4106,#4107);
#4105 = CARTESIAN_POINT('',(-43.48687167708,0.,2.800866099535));
#4106 = DIRECTION('',(-0.104528463268,0.,0.994521895368));
#4107 = DIRECTION('',(0.994521895368,0.,0.104528463268));
#4108 = MANIFOLD_SOLID_BREP('',#4109);
#4109 = CLOSED_SHELL('',(#4110,#4137));
#4110 = ADVANCED_FACE('',(#4111),#4132,.T.);
#4111 = FACE_BOUND('',#4112,.T.);
#4112 = EDGE_LOOP('',(#4113,#4124,#4131));
#4113 = ORIENTED_EDGE('',*,*,#4114,.F.);
#4114 = EDGE_CURVE('',#4115,#4117,#4119,.T.);
#4115 = VERTEX_POINT('',#4116);
#4116 = CARTESIAN_POINT('',(-43.561771812,-5.878304635907E-17,
    5.809518616824));
#4117 = VERTEX_POINT('',#4118);
#4118 = CARTESIAN_POINT('',(-43.82554389807,0.,6.023117040528));
#4119 = CIRCLE('',#4120,0.24);
#4120 = AXIS2_PLACEMENT_3D('',#4121,#4122,#4123);
#4121 = CARTESIAN_POINT('',(-43.80045706689,0.,5.78443178564));
#4122 = DIRECTION('',(-2.435876111689E-16,-1.,-2.56020895921E-17));
#4123 = DIRECTION('',(0.994521895368,-2.449293598295E-16,0.104528463268)
  );
#4124 = ORIENTED_EDGE('',*,*,#4125,.T.);
#4125 = EDGE_CURVE('',#4115,#4115,#4126,.T.);
#4126 = CIRCLE('',#4127,0.24);
#4127 = AXIS2_PLACEMENT_3D('',#4128,#4129,#4130);
#4128 = CARTESIAN_POINT('',(-43.80045706689,0.,5.78443178564));
#4129 = DIRECTION('',(-0.104528463268,0.,0.994521895368));
#4130 = DIRECTION('',(0.994521895368,0.,0.104528463268));
#4131 = ORIENTED_EDGE('',*,*,#4114,.T.);
#4132 = SPHERICAL_SURFACE('',#4133,0.24);
#4133 = AXIS2_PLACEMENT_3D('',#4134,#4135,#4136);
#4134 = CARTESIAN_POINT('',(-43.80045706689,0.,5.78443178564));
#4135 = DIRECTION('',(-0.104528463268,0.,0.994521895368));
#4136 = DIRECTION('',(0.994521895368,0.,0.104528463268));
#4137 = ADVANCED_FACE('',(#4138),#4141,.F.);
#4138 = FACE_BOUND('',#4139,.T.);
#4139 = EDGE_LOOP('',(#4140));
#4140 = ORIENTED_EDGE('',*,*,#4125,.F.);
#4141 = PLANE('',#4142);
#4142 = AXIS2_PLACEMENT_3D('',#4143,#4144,#4145);
#4143 = CARTESIAN_POINT('',(-43.80045706689,0.,5.78443178564));
#4144 = DIRECTION('',(-0.104528463268,0.,0.994521895368));
#4145 = DIRECTION('',(0.994521895368,0.,0.104528463268));
#4146 = MANIFOLD_SOLID_BREP('',#4147);
#4147 = CLOSED_SHELL('',(#4148,#4181,#4190));
#4148 = ADVANCED_FACE('',(#4149),#4176,.T.);
#4149 = FACE_BOUND('',#4150,.T.);
#4150 = EDGE_LOOP('',(#4151,#4160,#4168,#4175));
#4151 = ORIENTED_EDGE('',*,*,#4152,.F.);
#4152 = EDGE_CURVE('',#4153,#4153,#4155,.T.);
#4153 = VERTEX_POINT('',#4154);
#4154 = CARTESIAN_POINT('',(-41.94318208034,-8.327598234202E-17,
    3.516143967849));
#4155 = CIRCLE('',#4156,0.34);
#4156 = AXIS2_PLACEMENT_3D('',#4157,#4158,#4159);
#4157 = CARTESIAN_POINT('',(-42.28131952476,0.,3.480604290338));
#4158 = DIRECTION('',(-0.104528463268,0.,0.994521895368));
#4159 = DIRECTION('',(0.994521895368,0.,0.104528463268));
#4160 = ORIENTED_EDGE('',*,*,#4161,.F.);
#4161 = EDGE_CURVE('',#4162,#4153,#4164,.T.);
#4162 = VERTEX_POINT('',#4163);
#4163 = CARTESIAN_POINT('',(-41.82820077074,-8.327598234202E-17,
    2.422169882944));
#4164 = LINE('',#4165,#4166);
#4165 = CARTESIAN_POINT('',(-41.82820077074,-8.327598234202E-17,
    2.422169882944));
#4166 = VECTOR('',#4167,1.);
#4167 = DIRECTION('',(-0.104528463268,0.,0.994521895368));
#4168 = ORIENTED_EDGE('',*,*,#4169,.T.);
#4169 = EDGE_CURVE('',#4162,#4162,#4170,.T.);
#4170 = CIRCLE('',#4171,0.34);
#4171 = AXIS2_PLACEMENT_3D('',#4172,#4173,#4174);
#4172 = CARTESIAN_POINT('',(-42.16633821517,0.,2.386630205433));
#4173 = DIRECTION('',(-0.104528463268,0.,0.994521895368));
#4174 = DIRECTION('',(0.994521895368,0.,0.104528463268));
#4175 = ORIENTED_EDGE('',*,*,#4161,.T.);
#4176 = CYLINDRICAL_SURFACE('',#4177,0.34);
#4177 = AXIS2_PLACEMENT_3D('',#4178,#4179,#4180);
#4178 = CARTESIAN_POINT('',(-42.16633821517,0.,2.386630205433));
#4179 = DIRECTION('',(-0.104528463268,0.,0.994521895368));
#4180 = DIRECTION('',(0.994521895368,0.,0.104528463268));
#4181 = ADVANCED_FACE('',(#4182),#4185,.T.);
#4182 = FACE_BOUND('',#4183,.T.);
#4183 = EDGE_LOOP('',(#4184));
#4184 = ORIENTED_EDGE('',*,*,#4152,.T.);
#4185 = PLANE('',#4186);
#4186 = AXIS2_PLACEMENT_3D('',#4187,#4188,#4189);
#4187 = CARTESIAN_POINT('',(-42.28131952476,0.,3.480604290338));
#4188 = DIRECTION('',(-0.104528463268,0.,0.994521895368));
#4189 = DIRECTION('',(0.994521895368,0.,0.104528463268));
#4190 = ADVANCED_FACE('',(#4191),#4194,.F.);
#4191 = FACE_BOUND('',#4192,.T.);
#4192 = EDGE_LOOP('',(#4193));
#4193 = ORIENTED_EDGE('',*,*,#4169,.F.);
#4194 = PLANE('',#4195);
#4195 = AXIS2_PLACEMENT_3D('',#4196,#4197,#4198);
#4196 = CARTESIAN_POINT('',(-42.16633821517,0.,2.386630205433));
#4197 = DIRECTION('',(-0.104528463268,0.,0.994521895368));
#4198 = DIRECTION('',(0.994521895368,0.,0.104528463268));
#4199 = MANIFOLD_SOLID_BREP('',#4200);
#4200 = CLOSED_SHELL('',(#4201,#4234,#4243));
#4201 = ADVANCED_FACE('',(#4202),#4229,.T.);
#4202 = FACE_BOUND('',#4203,.T.);
#4203 = EDGE_LOOP('',(#4204,#4213,#4221,#4228));
#4204 = ORIENTED_EDGE('',*,*,#4205,.F.);
#4205 = EDGE_CURVE('',#4206,#4206,#4208,.T.);
#4206 = VERTEX_POINT('',#4207);
#4207 = CARTESIAN_POINT('',(-42.32381583606,-5.878304635907E-17,
    6.180955020063));
#4208 = CIRCLE('',#4209,0.24);
#4209 = AXIS2_PLACEMENT_3D('',#4210,#4211,#4212);
#4210 = CARTESIAN_POINT('',(-42.56250109095,0.,6.155868188878));
#4211 = DIRECTION('',(-0.104528463268,0.,0.994521895368));
#4212 = DIRECTION('',(0.994521895368,0.,0.104528463268));
#4213 = ORIENTED_EDGE('',*,*,#4214,.F.);
#4214 = EDGE_CURVE('',#4215,#4206,#4217,.T.);
#4215 = VERTEX_POINT('',#4216);
#4216 = CARTESIAN_POINT('',(-41.98514361508,-5.878304635907E-17,
    2.958704079069));
#4217 = LINE('',#4218,#4219);
#4218 = CARTESIAN_POINT('',(-41.98514361508,-5.878304635907E-17,
    2.958704079069));
#4219 = VECTOR('',#4220,1.);
#4220 = DIRECTION('',(-0.104528463268,0.,0.994521895368));
#4221 = ORIENTED_EDGE('',*,*,#4222,.T.);
#4222 = EDGE_CURVE('',#4215,#4215,#4223,.T.);
#4223 = CIRCLE('',#4224,0.24);
#4224 = AXIS2_PLACEMENT_3D('',#4225,#4226,#4227);
#4225 = CARTESIAN_POINT('',(-42.22382886997,0.,2.933617247885));
#4226 = DIRECTION('',(-0.104528463268,0.,0.994521895368));
#4227 = DIRECTION('',(0.994521895368,0.,0.104528463268));
#4228 = ORIENTED_EDGE('',*,*,#4214,.T.);
#4229 = CYLINDRICAL_SURFACE('',#4230,0.24);
#4230 = AXIS2_PLACEMENT_3D('',#4231,#4232,#4233);
#4231 = CARTESIAN_POINT('',(-42.22382886997,0.,2.933617247885));
#4232 = DIRECTION('',(-0.104528463268,0.,0.994521895368));
#4233 = DIRECTION('',(0.994521895368,0.,0.104528463268));
#4234 = ADVANCED_FACE('',(#4235),#4238,.T.);
#4235 = FACE_BOUND('',#4236,.T.);
#4236 = EDGE_LOOP('',(#4237));
#4237 = ORIENTED_EDGE('',*,*,#4205,.T.);
#4238 = PLANE('',#4239);
#4239 = AXIS2_PLACEMENT_3D('',#4240,#4241,#4242);
#4240 = CARTESIAN_POINT('',(-42.56250109095,0.,6.155868188878));
#4241 = DIRECTION('',(-0.104528463268,0.,0.994521895368));
#4242 = DIRECTION('',(0.994521895368,0.,0.104528463268));
#4243 = ADVANCED_FACE('',(#4244),#4247,.F.);
#4244 = FACE_BOUND('',#4245,.T.);
#4245 = EDGE_LOOP('',(#4246));
#4246 = ORIENTED_EDGE('',*,*,#4222,.F.);
#4247 = PLANE('',#4248);
#4248 = AXIS2_PLACEMENT_3D('',#4249,#4250,#4251);
#4249 = CARTESIAN_POINT('',(-42.22382886997,0.,2.933617247885));
#4250 = DIRECTION('',(-0.104528463268,0.,0.994521895368));
#4251 = DIRECTION('',(0.994521895368,0.,0.104528463268));
#4252 = MANIFOLD_SOLID_BREP('',#4253);
#4253 = CLOSED_SHELL('',(#4254,#4281));
#4254 = ADVANCED_FACE('',(#4255),#4276,.T.);
#4255 = FACE_BOUND('',#4256,.T.);
#4256 = EDGE_LOOP('',(#4257,#4268,#4275));
#4257 = ORIENTED_EDGE('',*,*,#4258,.F.);
#4258 = EDGE_CURVE('',#4259,#4261,#4263,.T.);
#4259 = VERTEX_POINT('',#4260);
#4260 = CARTESIAN_POINT('',(-42.29872900488,-5.878304635907E-17,
    5.942269765174));
#4261 = VERTEX_POINT('',#4262);
#4262 = CARTESIAN_POINT('',(-42.56250109095,0.,6.155868188878));
#4263 = CIRCLE('',#4264,0.24);
#4264 = AXIS2_PLACEMENT_3D('',#4265,#4266,#4267);
#4265 = CARTESIAN_POINT('',(-42.53741425977,0.,5.91718293399));
#4266 = DIRECTION('',(-2.435876111689E-16,-1.,-2.56020895921E-17));
#4267 = DIRECTION('',(0.994521895368,-2.449293598295E-16,0.104528463268)
  );
#4268 = ORIENTED_EDGE('',*,*,#4269,.T.);
#4269 = EDGE_CURVE('',#4259,#4259,#4270,.T.);
#4270 = CIRCLE('',#4271,0.24);
#4271 = AXIS2_PLACEMENT_3D('',#4272,#4273,#4274);
#4272 = CARTESIAN_POINT('',(-42.53741425977,0.,5.91718293399));
#4273 = DIRECTION('',(-0.104528463268,0.,0.994521895368));
#4274 = DIRECTION('',(0.994521895368,0.,0.104528463268));
#4275 = ORIENTED_EDGE('',*,*,#4258,.T.);
#4276 = SPHERICAL_SURFACE('',#4277,0.24);
#4277 = AXIS2_PLACEMENT_3D('',#4278,#4279,#4280);
#4278 = CARTESIAN_POINT('',(-42.53741425977,0.,5.91718293399));
#4279 = DIRECTION('',(-0.104528463268,0.,0.994521895368));
#4280 = DIRECTION('',(0.994521895368,0.,0.104528463268));
#4281 = ADVANCED_FACE('',(#4282),#4285,.F.);
#4282 = FACE_BOUND('',#4283,.T.);
#4283 = EDGE_LOOP('',(#4284));
#4284 = ORIENTED_EDGE('',*,*,#4269,.F.);
#4285 = PLANE('',#4286);
#4286 = AXIS2_PLACEMENT_3D('',#4287,#4288,#4289);
#4287 = CARTESIAN_POINT('',(-42.53741425977,0.,5.91718293399));
#4288 = DIRECTION('',(-0.104528463268,0.,0.994521895368));
#4289 = DIRECTION('',(0.994521895368,0.,0.104528463268));
#4290 = MANIFOLD_SOLID_BREP('',#4291);
#4291 = CLOSED_SHELL('',(#4292,#4325,#4334));
#4292 = ADVANCED_FACE('',(#4293),#4320,.T.);
#4293 = FACE_BOUND('',#4294,.T.);
#4294 = EDGE_LOOP('',(#4295,#4304,#4312,#4319));
#4295 = ORIENTED_EDGE('',*,*,#4296,.F.);
#4296 = EDGE_CURVE('',#4297,#4297,#4299,.T.);
#4297 = VERTEX_POINT('',#4298);
#4298 = CARTESIAN_POINT('',(-40.68013927322,-8.327598234202E-17,
    3.648895116199));
#4299 = CIRCLE('',#4300,0.34);
#4300 = AXIS2_PLACEMENT_3D('',#4301,#4302,#4303);
#4301 = CARTESIAN_POINT('',(-41.01827671764,0.,3.613355438688));
#4302 = DIRECTION('',(-0.104528463268,0.,0.994521895368));
#4303 = DIRECTION('',(0.994521895368,0.,0.104528463268));
#4304 = ORIENTED_EDGE('',*,*,#4305,.F.);
#4305 = EDGE_CURVE('',#4306,#4297,#4308,.T.);
#4306 = VERTEX_POINT('',#4307);
#4307 = CARTESIAN_POINT('',(-40.56515796363,-8.327598234202E-17,
    2.554921031294));
#4308 = LINE('',#4309,#4310);
#4309 = CARTESIAN_POINT('',(-40.56515796363,-8.327598234202E-17,
    2.554921031294));
#4310 = VECTOR('',#4311,1.);
#4311 = DIRECTION('',(-0.104528463268,0.,0.994521895368));
#4312 = ORIENTED_EDGE('',*,*,#4313,.T.);
#4313 = EDGE_CURVE('',#4306,#4306,#4314,.T.);
#4314 = CIRCLE('',#4315,0.34);
#4315 = AXIS2_PLACEMENT_3D('',#4316,#4317,#4318);
#4316 = CARTESIAN_POINT('',(-40.90329540805,0.,2.519381353783));
#4317 = DIRECTION('',(-0.104528463268,0.,0.994521895368));
#4318 = DIRECTION('',(0.994521895368,0.,0.104528463268));
#4319 = ORIENTED_EDGE('',*,*,#4305,.T.);
#4320 = CYLINDRICAL_SURFACE('',#4321,0.34);
#4321 = AXIS2_PLACEMENT_3D('',#4322,#4323,#4324);
#4322 = CARTESIAN_POINT('',(-40.90329540805,0.,2.519381353783));
#4323 = DIRECTION('',(-0.104528463268,0.,0.994521895368));
#4324 = DIRECTION('',(0.994521895368,0.,0.104528463268));
#4325 = ADVANCED_FACE('',(#4326),#4329,.T.);
#4326 = FACE_BOUND('',#4327,.T.);
#4327 = EDGE_LOOP('',(#4328));
#4328 = ORIENTED_EDGE('',*,*,#4296,.T.);
#4329 = PLANE('',#4330);
#4330 = AXIS2_PLACEMENT_3D('',#4331,#4332,#4333);
#4331 = CARTESIAN_POINT('',(-41.01827671764,0.,3.613355438688));
#4332 = DIRECTION('',(-0.104528463268,0.,0.994521895368));
#4333 = DIRECTION('',(0.994521895368,0.,0.104528463268));
#4334 = ADVANCED_FACE('',(#4335),#4338,.F.);
#4335 = FACE_BOUND('',#4336,.T.);
#4336 = EDGE_LOOP('',(#4337));
#4337 = ORIENTED_EDGE('',*,*,#4313,.F.);
#4338 = PLANE('',#4339);
#4339 = AXIS2_PLACEMENT_3D('',#4340,#4341,#4342);
#4340 = CARTESIAN_POINT('',(-40.90329540805,0.,2.519381353783));
#4341 = DIRECTION('',(-0.104528463268,0.,0.994521895368));
#4342 = DIRECTION('',(0.994521895368,0.,0.104528463268));
#4343 = MANIFOLD_SOLID_BREP('',#4344);
#4344 = CLOSED_SHELL('',(#4345,#4378,#4387));
#4345 = ADVANCED_FACE('',(#4346),#4373,.T.);
#4346 = FACE_BOUND('',#4347,.T.);
#4347 = EDGE_LOOP('',(#4348,#4357,#4365,#4372));
#4348 = ORIENTED_EDGE('',*,*,#4349,.F.);
#4349 = EDGE_CURVE('',#4350,#4350,#4352,.T.);
#4350 = VERTEX_POINT('',#4351);
#4351 = CARTESIAN_POINT('',(-41.06077302895,-5.878304635907E-17,
    6.313706168413));
#4352 = CIRCLE('',#4353,0.24);
#4353 = AXIS2_PLACEMENT_3D('',#4354,#4355,#4356);
#4354 = CARTESIAN_POINT('',(-41.29945828383,0.,6.288619337228));
#4355 = DIRECTION('',(-0.104528463268,0.,0.994521895368));
#4356 = DIRECTION('',(0.994521895368,0.,0.104528463268));
#4357 = ORIENTED_EDGE('',*,*,#4358,.F.);
#4358 = EDGE_CURVE('',#4359,#4350,#4361,.T.);
#4359 = VERTEX_POINT('',#4360);
#4360 = CARTESIAN_POINT('',(-40.72210080796,-5.878304635907E-17,
    3.091455227419));
#4361 = LINE('',#4362,#4363);
#4362 = CARTESIAN_POINT('',(-40.72210080796,-5.878304635907E-17,
    3.091455227419));
#4363 = VECTOR('',#4364,1.);
#4364 = DIRECTION('',(-0.104528463268,0.,0.994521895368));
#4365 = ORIENTED_EDGE('',*,*,#4366,.T.);
#4366 = EDGE_CURVE('',#4359,#4359,#4367,.T.);
#4367 = CIRCLE('',#4368,0.24);
#4368 = AXIS2_PLACEMENT_3D('',#4369,#4370,#4371);
#4369 = CARTESIAN_POINT('',(-40.96078606285,0.,3.066368396235));
#4370 = DIRECTION('',(-0.104528463268,0.,0.994521895368));
#4371 = DIRECTION('',(0.994521895368,0.,0.104528463268));
#4372 = ORIENTED_EDGE('',*,*,#4358,.T.);
#4373 = CYLINDRICAL_SURFACE('',#4374,0.24);
#4374 = AXIS2_PLACEMENT_3D('',#4375,#4376,#4377);
#4375 = CARTESIAN_POINT('',(-40.96078606285,0.,3.066368396235));
#4376 = DIRECTION('',(-0.104528463268,0.,0.994521895368));
#4377 = DIRECTION('',(0.994521895368,0.,0.104528463268));
#4378 = ADVANCED_FACE('',(#4379),#4382,.T.);
#4379 = FACE_BOUND('',#4380,.T.);
#4380 = EDGE_LOOP('',(#4381));
#4381 = ORIENTED_EDGE('',*,*,#4349,.T.);
#4382 = PLANE('',#4383);
#4383 = AXIS2_PLACEMENT_3D('',#4384,#4385,#4386);
#4384 = CARTESIAN_POINT('',(-41.29945828383,0.,6.288619337228));
#4385 = DIRECTION('',(-0.104528463268,0.,0.994521895368));
#4386 = DIRECTION('',(0.994521895368,0.,0.104528463268));
#4387 = ADVANCED_FACE('',(#4388),#4391,.F.);
#4388 = FACE_BOUND('',#4389,.T.);
#4389 = EDGE_LOOP('',(#4390));
#4390 = ORIENTED_EDGE('',*,*,#4366,.F.);
#4391 = PLANE('',#4392);
#4392 = AXIS2_PLACEMENT_3D('',#4393,#4394,#4395);
#4393 = CARTESIAN_POINT('',(-40.96078606285,0.,3.066368396235));
#4394 = DIRECTION('',(-0.104528463268,0.,0.994521895368));
#4395 = DIRECTION('',(0.994521895368,0.,0.104528463268));
#4396 = MANIFOLD_SOLID_BREP('',#4397);
#4397 = CLOSED_SHELL('',(#4398,#4425));
#4398 = ADVANCED_FACE('',(#4399),#4420,.T.);
#4399 = FACE_BOUND('',#4400,.T.);
#4400 = EDGE_LOOP('',(#4401,#4412,#4419));
#4401 = ORIENTED_EDGE('',*,*,#4402,.F.);
#4402 = EDGE_CURVE('',#4403,#4405,#4407,.T.);
#4403 = VERTEX_POINT('',#4404);
#4404 = CARTESIAN_POINT('',(-41.03568619776,-5.878304635907E-17,
    6.075020913524));
#4405 = VERTEX_POINT('',#4406);
#4406 = CARTESIAN_POINT('',(-41.29945828383,0.,6.288619337228));
#4407 = CIRCLE('',#4408,0.24);
#4408 = AXIS2_PLACEMENT_3D('',#4409,#4410,#4411);
#4409 = CARTESIAN_POINT('',(-41.27437145265,0.,6.04993408234));
#4410 = DIRECTION('',(-2.435876111689E-16,-1.,-2.56020895921E-17));
#4411 = DIRECTION('',(0.994521895368,-2.449293598295E-16,0.104528463268)
  );
#4412 = ORIENTED_EDGE('',*,*,#4413,.T.);
#4413 = EDGE_CURVE('',#4403,#4403,#4414,.T.);
#4414 = CIRCLE('',#4415,0.24);
#4415 = AXIS2_PLACEMENT_3D('',#4416,#4417,#4418);
#4416 = CARTESIAN_POINT('',(-41.27437145265,0.,6.04993408234));
#4417 = DIRECTION('',(-0.104528463268,0.,0.994521895368));
#4418 = DIRECTION('',(0.994521895368,0.,0.104528463268));
#4419 = ORIENTED_EDGE('',*,*,#4402,.T.);
#4420 = SPHERICAL_SURFACE('',#4421,0.24);
#4421 = AXIS2_PLACEMENT_3D('',#4422,#4423,#4424);
#4422 = CARTESIAN_POINT('',(-41.27437145265,0.,6.04993408234));
#4423 = DIRECTION('',(-0.104528463268,0.,0.994521895368));
#4424 = DIRECTION('',(0.994521895368,0.,0.104528463268));
#4425 = ADVANCED_FACE('',(#4426),#4429,.F.);
#4426 = FACE_BOUND('',#4427,.T.);
#4427 = EDGE_LOOP('',(#4428));
#4428 = ORIENTED_EDGE('',*,*,#4413,.F.);
#4429 = PLANE('',#4430);
#4430 = AXIS2_PLACEMENT_3D('',#4431,#4432,#4433);
#4431 = CARTESIAN_POINT('',(-41.27437145265,0.,6.04993408234));
#4432 = DIRECTION('',(-0.104528463268,0.,0.994521895368));
#4433 = DIRECTION('',(0.994521895368,0.,0.104528463268));
#4434 = MANIFOLD_SOLID_BREP('',#4435);
#4435 = CLOSED_SHELL('',(#4436,#4469,#4478));
#4436 = ADVANCED_FACE('',(#4437),#4464,.T.);
#4437 = FACE_BOUND('',#4438,.T.);
#4438 = EDGE_LOOP('',(#4439,#4448,#4456,#4463));
#4439 = ORIENTED_EDGE('',*,*,#4440,.F.);
#4440 = EDGE_CURVE('',#4441,#4441,#4443,.T.);
#4441 = VERTEX_POINT('',#4442);
#4442 = CARTESIAN_POINT('',(-39.4170964661,-8.327598234202E-17,
    3.781646264549));
#4443 = CIRCLE('',#4444,0.34);
#4444 = AXIS2_PLACEMENT_3D('',#4445,#4446,#4447);
#4445 = CARTESIAN_POINT('',(-39.75523391053,0.,3.746106587038));
#4446 = DIRECTION('',(-0.104528463268,0.,0.994521895368));
#4447 = DIRECTION('',(0.994521895368,0.,0.104528463268));
#4448 = ORIENTED_EDGE('',*,*,#4449,.F.);
#4449 = EDGE_CURVE('',#4450,#4441,#4452,.T.);
#4450 = VERTEX_POINT('',#4451);
#4451 = CARTESIAN_POINT('',(-39.30211515651,-8.327598234202E-17,
    2.687672179643));
#4452 = LINE('',#4453,#4454);
#4453 = CARTESIAN_POINT('',(-39.30211515651,-8.327598234202E-17,
    2.687672179643));
#4454 = VECTOR('',#4455,1.);
#4455 = DIRECTION('',(-0.104528463268,0.,0.994521895368));
#4456 = ORIENTED_EDGE('',*,*,#4457,.T.);
#4457 = EDGE_CURVE('',#4450,#4450,#4458,.T.);
#4458 = CIRCLE('',#4459,0.34);
#4459 = AXIS2_PLACEMENT_3D('',#4460,#4461,#4462);
#4460 = CARTESIAN_POINT('',(-39.64025260093,0.,2.652132502132));
#4461 = DIRECTION('',(-0.104528463268,0.,0.994521895368));
#4462 = DIRECTION('',(0.994521895368,0.,0.104528463268));
#4463 = ORIENTED_EDGE('',*,*,#4449,.T.);
#4464 = CYLINDRICAL_SURFACE('',#4465,0.34);
#4465 = AXIS2_PLACEMENT_3D('',#4466,#4467,#4468);
#4466 = CARTESIAN_POINT('',(-39.64025260093,0.,2.652132502132));
#4467 = DIRECTION('',(-0.104528463268,0.,0.994521895368));
#4468 = DIRECTION('',(0.994521895368,0.,0.104528463268));
#4469 = ADVANCED_FACE('',(#4470),#4473,.T.);
#4470 = FACE_BOUND('',#4471,.T.);
#4471 = EDGE_LOOP('',(#4472));
#4472 = ORIENTED_EDGE('',*,*,#4440,.T.);
#4473 = PLANE('',#4474);
#4474 = AXIS2_PLACEMENT_3D('',#4475,#4476,#4477);
#4475 = CARTESIAN_POINT('',(-39.75523391053,0.,3.746106587038));
#4476 = DIRECTION('',(-0.104528463268,0.,0.994521895368));
#4477 = DIRECTION('',(0.994521895368,0.,0.104528463268));
#4478 = ADVANCED_FACE('',(#4479),#4482,.F.);
#4479 = FACE_BOUND('',#4480,.T.);
#4480 = EDGE_LOOP('',(#4481));
#4481 = ORIENTED_EDGE('',*,*,#4457,.F.);
#4482 = PLANE('',#4483);
#4483 = AXIS2_PLACEMENT_3D('',#4484,#4485,#4486);
#4484 = CARTESIAN_POINT('',(-39.64025260093,0.,2.652132502132));
#4485 = DIRECTION('',(-0.104528463268,0.,0.994521895368));
#4486 = DIRECTION('',(0.994521895368,0.,0.104528463268));
#4487 = MANIFOLD_SOLID_BREP('',#4488);
#4488 = CLOSED_SHELL('',(#4489,#4522,#4531));
#4489 = ADVANCED_FACE('',(#4490),#4517,.T.);
#4490 = FACE_BOUND('',#4491,.T.);
#4491 = EDGE_LOOP('',(#4492,#4501,#4509,#4516));
#4492 = ORIENTED_EDGE('',*,*,#4493,.F.);
#4493 = EDGE_CURVE('',#4494,#4494,#4496,.T.);
#4494 = VERTEX_POINT('',#4495);
#4495 = CARTESIAN_POINT('',(-39.79773022183,-5.878304635907E-17,
    6.446457316762));
#4496 = CIRCLE('',#4497,0.24);
#4497 = AXIS2_PLACEMENT_3D('',#4498,#4499,#4500);
#4498 = CARTESIAN_POINT('',(-40.03641547672,0.,6.421370485578));
#4499 = DIRECTION('',(-0.104528463268,0.,0.994521895368));
#4500 = DIRECTION('',(0.994521895368,0.,0.104528463268));
#4501 = ORIENTED_EDGE('',*,*,#4502,.F.);
#4502 = EDGE_CURVE('',#4503,#4494,#4505,.T.);
#4503 = VERTEX_POINT('',#4504);
#4504 = CARTESIAN_POINT('',(-39.45905800084,-5.878304635907E-17,
    3.224206375769));
#4505 = LINE('',#4506,#4507);
#4506 = CARTESIAN_POINT('',(-39.45905800084,-5.878304635907E-17,
    3.224206375769));
#4507 = VECTOR('',#4508,1.);
#4508 = DIRECTION('',(-0.104528463268,0.,0.994521895368));
#4509 = ORIENTED_EDGE('',*,*,#4510,.T.);
#4510 = EDGE_CURVE('',#4503,#4503,#4511,.T.);
#4511 = CIRCLE('',#4512,0.24);
#4512 = AXIS2_PLACEMENT_3D('',#4513,#4514,#4515);
#4513 = CARTESIAN_POINT('',(-39.69774325573,0.,3.199119544585));
#4514 = DIRECTION('',(-0.104528463268,0.,0.994521895368));
#4515 = DIRECTION('',(0.994521895368,0.,0.104528463268));
#4516 = ORIENTED_EDGE('',*,*,#4502,.T.);
#4517 = CYLINDRICAL_SURFACE('',#4518,0.24);
#4518 = AXIS2_PLACEMENT_3D('',#4519,#4520,#4521);
#4519 = CARTESIAN_POINT('',(-39.69774325573,0.,3.199119544585));
#4520 = DIRECTION('',(-0.104528463268,0.,0.994521895368));
#4521 = DIRECTION('',(0.994521895368,0.,0.104528463268));
#4522 = ADVANCED_FACE('',(#4523),#4526,.T.);
#4523 = FACE_BOUND('',#4524,.T.);
#4524 = EDGE_LOOP('',(#4525));
#4525 = ORIENTED_EDGE('',*,*,#4493,.T.);
#4526 = PLANE('',#4527);
#4527 = AXIS2_PLACEMENT_3D('',#4528,#4529,#4530);
#4528 = CARTESIAN_POINT('',(-40.03641547672,0.,6.421370485578));
#4529 = DIRECTION('',(-0.104528463268,0.,0.994521895368));
#4530 = DIRECTION('',(0.994521895368,0.,0.104528463268));
#4531 = ADVANCED_FACE('',(#4532),#4535,.F.);
#4532 = FACE_BOUND('',#4533,.T.);
#4533 = EDGE_LOOP('',(#4534));
#4534 = ORIENTED_EDGE('',*,*,#4510,.F.);
#4535 = PLANE('',#4536);
#4536 = AXIS2_PLACEMENT_3D('',#4537,#4538,#4539);
#4537 = CARTESIAN_POINT('',(-39.69774325573,0.,3.199119544585));
#4538 = DIRECTION('',(-0.104528463268,0.,0.994521895368));
#4539 = DIRECTION('',(0.994521895368,0.,0.104528463268));
#4540 = MANIFOLD_SOLID_BREP('',#4541);
#4541 = CLOSED_SHELL('',(#4542,#4569));
#4542 = ADVANCED_FACE('',(#4543),#4564,.T.);
#4543 = FACE_BOUND('',#4544,.T.);
#4544 = EDGE_LOOP('',(#4545,#4556,#4563));
#4545 = ORIENTED_EDGE('',*,*,#4546,.F.);
#4546 = EDGE_CURVE('',#4547,#4549,#4551,.T.);
#4547 = VERTEX_POINT('',#4548);
#4548 = CARTESIAN_POINT('',(-39.77264339064,-5.878304635907E-17,
    6.207772061874));
#4549 = VERTEX_POINT('',#4550);
#4550 = CARTESIAN_POINT('',(-40.03641547672,0.,6.421370485578));
#4551 = CIRCLE('',#4552,0.24);
#4552 = AXIS2_PLACEMENT_3D('',#4553,#4554,#4555);
#4553 = CARTESIAN_POINT('',(-40.01132864553,0.,6.18268523069));
#4554 = DIRECTION('',(-2.435876111689E-16,-1.,-2.56020895921E-17));
#4555 = DIRECTION('',(0.994521895368,-2.449293598295E-16,0.104528463268)
  );
#4556 = ORIENTED_EDGE('',*,*,#4557,.T.);
#4557 = EDGE_CURVE('',#4547,#4547,#4558,.T.);
#4558 = CIRCLE('',#4559,0.24);
#4559 = AXIS2_PLACEMENT_3D('',#4560,#4561,#4562);
#4560 = CARTESIAN_POINT('',(-40.01132864553,0.,6.18268523069));
#4561 = DIRECTION('',(-0.104528463268,0.,0.994521895368));
#4562 = DIRECTION('',(0.994521895368,0.,0.104528463268));
#4563 = ORIENTED_EDGE('',*,*,#4546,.T.);
#4564 = SPHERICAL_SURFACE('',#4565,0.24);
#4565 = AXIS2_PLACEMENT_3D('',#4566,#4567,#4568);
#4566 = CARTESIAN_POINT('',(-40.01132864553,0.,6.18268523069));
#4567 = DIRECTION('',(-0.104528463268,0.,0.994521895368));
#4568 = DIRECTION('',(0.994521895368,0.,0.104528463268));
#4569 = ADVANCED_FACE('',(#4570),#4573,.F.);
#4570 = FACE_BOUND('',#4571,.T.);
#4571 = EDGE_LOOP('',(#4572));
#4572 = ORIENTED_EDGE('',*,*,#4557,.F.);
#4573 = PLANE('',#4574);
#4574 = AXIS2_PLACEMENT_3D('',#4575,#4576,#4577);
#4575 = CARTESIAN_POINT('',(-40.01132864553,0.,6.18268523069));
#4576 = DIRECTION('',(-0.104528463268,0.,0.994521895368));
#4577 = DIRECTION('',(0.994521895368,0.,0.104528463268));
#4578 = MANIFOLD_SOLID_BREP('',#4579);
#4579 = CLOSED_SHELL('',(#4580,#4613,#4622));
#4580 = ADVANCED_FACE('',(#4581),#4608,.T.);
#4581 = FACE_BOUND('',#4582,.T.);
#4582 = EDGE_LOOP('',(#4583,#4592,#4600,#4607));
#4583 = ORIENTED_EDGE('',*,*,#4584,.F.);
#4584 = EDGE_CURVE('',#4585,#4585,#4587,.T.);
#4585 = VERTEX_POINT('',#4586);
#4586 = CARTESIAN_POINT('',(-38.15405365898,-8.327598234202E-17,
    3.914397412898));
#4587 = CIRCLE('',#4588,0.34);
#4588 = AXIS2_PLACEMENT_3D('',#4589,#4590,#4591);
#4589 = CARTESIAN_POINT('',(-38.49219110341,0.,3.878857735387));
#4590 = DIRECTION('',(-0.104528463268,0.,0.994521895368));
#4591 = DIRECTION('',(0.994521895368,0.,0.104528463268));
#4592 = ORIENTED_EDGE('',*,*,#4593,.F.);
#4593 = EDGE_CURVE('',#4594,#4585,#4596,.T.);
#4594 = VERTEX_POINT('',#4595);
#4595 = CARTESIAN_POINT('',(-38.03907234939,-8.327598234202E-17,
    2.820423327993));
#4596 = LINE('',#4597,#4598);
#4597 = CARTESIAN_POINT('',(-38.03907234939,-8.327598234202E-17,
    2.820423327993));
#4598 = VECTOR('',#4599,1.);
#4599 = DIRECTION('',(-0.104528463268,0.,0.994521895368));
#4600 = ORIENTED_EDGE('',*,*,#4601,.T.);
#4601 = EDGE_CURVE('',#4594,#4594,#4602,.T.);
#4602 = CIRCLE('',#4603,0.34);
#4603 = AXIS2_PLACEMENT_3D('',#4604,#4605,#4606);
#4604 = CARTESIAN_POINT('',(-38.37720979381,0.,2.784883650482));
#4605 = DIRECTION('',(-0.104528463268,0.,0.994521895368));
#4606 = DIRECTION('',(0.994521895368,0.,0.104528463268));
#4607 = ORIENTED_EDGE('',*,*,#4593,.T.);
#4608 = CYLINDRICAL_SURFACE('',#4609,0.34);
#4609 = AXIS2_PLACEMENT_3D('',#4610,#4611,#4612);
#4610 = CARTESIAN_POINT('',(-38.37720979381,0.,2.784883650482));
#4611 = DIRECTION('',(-0.104528463268,0.,0.994521895368));
#4612 = DIRECTION('',(0.994521895368,0.,0.104528463268));
#4613 = ADVANCED_FACE('',(#4614),#4617,.T.);
#4614 = FACE_BOUND('',#4615,.T.);
#4615 = EDGE_LOOP('',(#4616));
#4616 = ORIENTED_EDGE('',*,*,#4584,.T.);
#4617 = PLANE('',#4618);
#4618 = AXIS2_PLACEMENT_3D('',#4619,#4620,#4621);
#4619 = CARTESIAN_POINT('',(-38.49219110341,0.,3.878857735387));
#4620 = DIRECTION('',(-0.104528463268,0.,0.994521895368));
#4621 = DIRECTION('',(0.994521895368,0.,0.104528463268));
#4622 = ADVANCED_FACE('',(#4623),#4626,.F.);
#4623 = FACE_BOUND('',#4624,.T.);
#4624 = EDGE_LOOP('',(#4625));
#4625 = ORIENTED_EDGE('',*,*,#4601,.F.);
#4626 = PLANE('',#4627);
#4627 = AXIS2_PLACEMENT_3D('',#4628,#4629,#4630);
#4628 = CARTESIAN_POINT('',(-38.37720979381,0.,2.784883650482));
#4629 = DIRECTION('',(-0.104528463268,0.,0.994521895368));
#4630 = DIRECTION('',(0.994521895368,0.,0.104528463268));
#4631 = MANIFOLD_SOLID_BREP('',#4632);
#4632 = CLOSED_SHELL('',(#4633,#4666,#4675));
#4633 = ADVANCED_FACE('',(#4634),#4661,.T.);
#4634 = FACE_BOUND('',#4635,.T.);
#4635 = EDGE_LOOP('',(#4636,#4645,#4653,#4660));
#4636 = ORIENTED_EDGE('',*,*,#4637,.F.);
#4637 = EDGE_CURVE('',#4638,#4638,#4640,.T.);
#4638 = VERTEX_POINT('',#4639);
#4639 = CARTESIAN_POINT('',(-38.53468741471,-5.878304635907E-17,
    6.579208465112));
#4640 = CIRCLE('',#4641,0.24);
#4641 = AXIS2_PLACEMENT_3D('',#4642,#4643,#4644);
#4642 = CARTESIAN_POINT('',(-38.7733726696,0.,6.554121633928));
#4643 = DIRECTION('',(-0.104528463268,0.,0.994521895368));
#4644 = DIRECTION('',(0.994521895368,0.,0.104528463268));
#4645 = ORIENTED_EDGE('',*,*,#4646,.F.);
#4646 = EDGE_CURVE('',#4647,#4638,#4649,.T.);
#4647 = VERTEX_POINT('',#4648);
#4648 = CARTESIAN_POINT('',(-38.19601519372,-5.878304635907E-17,
    3.356957524119));
#4649 = LINE('',#4650,#4651);
#4650 = CARTESIAN_POINT('',(-38.19601519372,-5.878304635907E-17,
    3.356957524119));
#4651 = VECTOR('',#4652,1.);
#4652 = DIRECTION('',(-0.104528463268,0.,0.994521895368));
#4653 = ORIENTED_EDGE('',*,*,#4654,.T.);
#4654 = EDGE_CURVE('',#4647,#4647,#4655,.T.);
#4655 = CIRCLE('',#4656,0.24);
#4656 = AXIS2_PLACEMENT_3D('',#4657,#4658,#4659);
#4657 = CARTESIAN_POINT('',(-38.43470044861,0.,3.331870692935));
#4658 = DIRECTION('',(-0.104528463268,0.,0.994521895368));
#4659 = DIRECTION('',(0.994521895368,0.,0.104528463268));
#4660 = ORIENTED_EDGE('',*,*,#4646,.T.);
#4661 = CYLINDRICAL_SURFACE('',#4662,0.24);
#4662 = AXIS2_PLACEMENT_3D('',#4663,#4664,#4665);
#4663 = CARTESIAN_POINT('',(-38.43470044861,0.,3.331870692935));
#4664 = DIRECTION('',(-0.104528463268,0.,0.994521895368));
#4665 = DIRECTION('',(0.994521895368,0.,0.104528463268));
#4666 = ADVANCED_FACE('',(#4667),#4670,.T.);
#4667 = FACE_BOUND('',#4668,.T.);
#4668 = EDGE_LOOP('',(#4669));
#4669 = ORIENTED_EDGE('',*,*,#4637,.T.);
#4670 = PLANE('',#4671);
#4671 = AXIS2_PLACEMENT_3D('',#4672,#4673,#4674);
#4672 = CARTESIAN_POINT('',(-38.7733726696,0.,6.554121633928));
#4673 = DIRECTION('',(-0.104528463268,0.,0.994521895368));
#4674 = DIRECTION('',(0.994521895368,0.,0.104528463268));
#4675 = ADVANCED_FACE('',(#4676),#4679,.F.);
#4676 = FACE_BOUND('',#4677,.T.);
#4677 = EDGE_LOOP('',(#4678));
#4678 = ORIENTED_EDGE('',*,*,#4654,.F.);
#4679 = PLANE('',#4680);
#4680 = AXIS2_PLACEMENT_3D('',#4681,#4682,#4683);
#4681 = CARTESIAN_POINT('',(-38.43470044861,0.,3.331870692935));
#4682 = DIRECTION('',(-0.104528463268,0.,0.994521895368));
#4683 = DIRECTION('',(0.994521895368,0.,0.104528463268));
#4684 = MANIFOLD_SOLID_BREP('',#4685);
#4685 = CLOSED_SHELL('',(#4686,#4713));
#4686 = ADVANCED_FACE('',(#4687),#4708,.T.);
#4687 = FACE_BOUND('',#4688,.T.);
#4688 = EDGE_LOOP('',(#4689,#4700,#4707));
#4689 = ORIENTED_EDGE('',*,*,#4690,.F.);
#4690 = EDGE_CURVE('',#4691,#4693,#4695,.T.);
#4691 = VERTEX_POINT('',#4692);
#4692 = CARTESIAN_POINT('',(-38.50960058353,-5.878304635907E-17,
    6.340523210224));
#4693 = VERTEX_POINT('',#4694);
#4694 = CARTESIAN_POINT('',(-38.7733726696,0.,6.554121633928));
#4695 = CIRCLE('',#4696,0.24);
#4696 = AXIS2_PLACEMENT_3D('',#4697,#4698,#4699);
#4697 = CARTESIAN_POINT('',(-38.74828583842,0.,6.31543637904));
#4698 = DIRECTION('',(-2.435876111689E-16,-1.,-2.56020895921E-17));
#4699 = DIRECTION('',(0.994521895368,-2.449293598295E-16,0.104528463268)
  );
#4700 = ORIENTED_EDGE('',*,*,#4701,.T.);
#4701 = EDGE_CURVE('',#4691,#4691,#4702,.T.);
#4702 = CIRCLE('',#4703,0.24);
#4703 = AXIS2_PLACEMENT_3D('',#4704,#4705,#4706);
#4704 = CARTESIAN_POINT('',(-38.74828583842,0.,6.31543637904));
#4705 = DIRECTION('',(-0.104528463268,0.,0.994521895368));
#4706 = DIRECTION('',(0.994521895368,0.,0.104528463268));
#4707 = ORIENTED_EDGE('',*,*,#4690,.T.);
#4708 = SPHERICAL_SURFACE('',#4709,0.24);
#4709 = AXIS2_PLACEMENT_3D('',#4710,#4711,#4712);
#4710 = CARTESIAN_POINT('',(-38.74828583842,0.,6.31543637904));
#4711 = DIRECTION('',(-0.104528463268,0.,0.994521895368));
#4712 = DIRECTION('',(0.994521895368,0.,0.104528463268));
#4713 = ADVANCED_FACE('',(#4714),#4717,.F.);
#4714 = FACE_BOUND('',#4715,.T.);
#4715 = EDGE_LOOP('',(#4716));
#4716 = ORIENTED_EDGE('',*,*,#4701,.F.);
#4717 = PLANE('',#4718);
#4718 = AXIS2_PLACEMENT_3D('',#4719,#4720,#4721);
#4719 = CARTESIAN_POINT('',(-38.74828583842,0.,6.31543637904));
#4720 = DIRECTION('',(-0.104528463268,0.,0.994521895368));
#4721 = DIRECTION('',(0.994521895368,0.,0.104528463268));
#4722 = MANIFOLD_SOLID_BREP('',#4723);
#4723 = CLOSED_SHELL('',(#4724,#4757,#4766));
#4724 = ADVANCED_FACE('',(#4725),#4752,.T.);
#4725 = FACE_BOUND('',#4726,.T.);
#4726 = EDGE_LOOP('',(#4727,#4736,#4744,#4751));
#4727 = ORIENTED_EDGE('',*,*,#4728,.F.);
#4728 = EDGE_CURVE('',#4729,#4729,#4731,.T.);
#4729 = VERTEX_POINT('',#4730);
#4730 = CARTESIAN_POINT('',(-36.89101085187,-8.327598234202E-17,
    4.047148561248));
#4731 = CIRCLE('',#4732,0.34);
#4732 = AXIS2_PLACEMENT_3D('',#4733,#4734,#4735);
#4733 = CARTESIAN_POINT('',(-37.22914829629,0.,4.011608883737));
#4734 = DIRECTION('',(-0.104528463268,0.,0.994521895368));
#4735 = DIRECTION('',(0.994521895368,0.,0.104528463268));
#4736 = ORIENTED_EDGE('',*,*,#4737,.F.);
#4737 = EDGE_CURVE('',#4738,#4729,#4740,.T.);
#4738 = VERTEX_POINT('',#4739);
#4739 = CARTESIAN_POINT('',(-36.77602954227,-8.327598234202E-17,
    2.953174476343));
#4740 = LINE('',#4741,#4742);
#4741 = CARTESIAN_POINT('',(-36.77602954227,-8.327598234202E-17,
    2.953174476343));
#4742 = VECTOR('',#4743,1.);
#4743 = DIRECTION('',(-0.104528463268,0.,0.994521895368));
#4744 = ORIENTED_EDGE('',*,*,#4745,.T.);
#4745 = EDGE_CURVE('',#4738,#4738,#4746,.T.);
#4746 = CIRCLE('',#4747,0.34);
#4747 = AXIS2_PLACEMENT_3D('',#4748,#4749,#4750);
#4748 = CARTESIAN_POINT('',(-37.1141669867,0.,2.917634798832));
#4749 = DIRECTION('',(-0.104528463268,0.,0.994521895368));
#4750 = DIRECTION('',(0.994521895368,0.,0.104528463268));
#4751 = ORIENTED_EDGE('',*,*,#4737,.T.);
#4752 = CYLINDRICAL_SURFACE('',#4753,0.34);
#4753 = AXIS2_PLACEMENT_3D('',#4754,#4755,#4756);
#4754 = CARTESIAN_POINT('',(-37.1141669867,0.,2.917634798832));
#4755 = DIRECTION('',(-0.104528463268,0.,0.994521895368));
#4756 = DIRECTION('',(0.994521895368,0.,0.104528463268));
#4757 = ADVANCED_FACE('',(#4758),#4761,.T.);
#4758 = FACE_BOUND('',#4759,.T.);
#4759 = EDGE_LOOP('',(#4760));
#4760 = ORIENTED_EDGE('',*,*,#4728,.T.);
#4761 = PLANE('',#4762);
#4762 = AXIS2_PLACEMENT_3D('',#4763,#4764,#4765);
#4763 = CARTESIAN_POINT('',(-37.22914829629,0.,4.011608883737));
#4764 = DIRECTION('',(-0.104528463268,0.,0.994521895368));
#4765 = DIRECTION('',(0.994521895368,0.,0.104528463268));
#4766 = ADVANCED_FACE('',(#4767),#4770,.F.);
#4767 = FACE_BOUND('',#4768,.T.);
#4768 = EDGE_LOOP('',(#4769));
#4769 = ORIENTED_EDGE('',*,*,#4745,.F.);
#4770 = PLANE('',#4771);
#4771 = AXIS2_PLACEMENT_3D('',#4772,#4773,#4774);
#4772 = CARTESIAN_POINT('',(-37.1141669867,0.,2.917634798832));
#4773 = DIRECTION('',(-0.104528463268,0.,0.994521895368));
#4774 = DIRECTION('',(0.994521895368,0.,0.104528463268));
#4775 = MANIFOLD_SOLID_BREP('',#4776);
#4776 = CLOSED_SHELL('',(#4777,#4810,#4819));
#4777 = ADVANCED_FACE('',(#4778),#4805,.T.);
#4778 = FACE_BOUND('',#4779,.T.);
#4779 = EDGE_LOOP('',(#4780,#4789,#4797,#4804));
#4780 = ORIENTED_EDGE('',*,*,#4781,.F.);
#4781 = EDGE_CURVE('',#4782,#4782,#4784,.T.);
#4782 = VERTEX_POINT('',#4783);
#4783 = CARTESIAN_POINT('',(-37.27164460759,-5.878304635907E-17,
    6.711959613462));
#4784 = CIRCLE('',#4785,0.24);
#4785 = AXIS2_PLACEMENT_3D('',#4786,#4787,#4788);
#4786 = CARTESIAN_POINT('',(-37.51032986248,0.,6.686872782278));
#4787 = DIRECTION('',(-0.104528463268,0.,0.994521895368));
#4788 = DIRECTION('',(0.994521895368,0.,0.104528463268));
#4789 = ORIENTED_EDGE('',*,*,#4790,.F.);
#4790 = EDGE_CURVE('',#4791,#4782,#4793,.T.);
#4791 = VERTEX_POINT('',#4792);
#4792 = CARTESIAN_POINT('',(-36.93297238661,-5.878304635907E-17,
    3.489708672469));
#4793 = LINE('',#4794,#4795);
#4794 = CARTESIAN_POINT('',(-36.93297238661,-5.878304635907E-17,
    3.489708672469));
#4795 = VECTOR('',#4796,1.);
#4796 = DIRECTION('',(-0.104528463268,0.,0.994521895368));
#4797 = ORIENTED_EDGE('',*,*,#4798,.T.);
#4798 = EDGE_CURVE('',#4791,#4791,#4799,.T.);
#4799 = CIRCLE('',#4800,0.24);
#4800 = AXIS2_PLACEMENT_3D('',#4801,#4802,#4803);
#4801 = CARTESIAN_POINT('',(-37.17165764149,0.,3.464621841285));
#4802 = DIRECTION('',(-0.104528463268,0.,0.994521895368));
#4803 = DIRECTION('',(0.994521895368,0.,0.104528463268));
#4804 = ORIENTED_EDGE('',*,*,#4790,.T.);
#4805 = CYLINDRICAL_SURFACE('',#4806,0.24);
#4806 = AXIS2_PLACEMENT_3D('',#4807,#4808,#4809);
#4807 = CARTESIAN_POINT('',(-37.17165764149,0.,3.464621841285));
#4808 = DIRECTION('',(-0.104528463268,0.,0.994521895368));
#4809 = DIRECTION('',(0.994521895368,0.,0.104528463268));
#4810 = ADVANCED_FACE('',(#4811),#4814,.T.);
#4811 = FACE_BOUND('',#4812,.T.);
#4812 = EDGE_LOOP('',(#4813));
#4813 = ORIENTED_EDGE('',*,*,#4781,.T.);
#4814 = PLANE('',#4815);
#4815 = AXIS2_PLACEMENT_3D('',#4816,#4817,#4818);
#4816 = CARTESIAN_POINT('',(-37.51032986248,0.,6.686872782278));
#4817 = DIRECTION('',(-0.104528463268,0.,0.994521895368));
#4818 = DIRECTION('',(0.994521895368,0.,0.104528463268));
#4819 = ADVANCED_FACE('',(#4820),#4823,.F.);
#4820 = FACE_BOUND('',#4821,.T.);
#4821 = EDGE_LOOP('',(#4822));
#4822 = ORIENTED_EDGE('',*,*,#4798,.F.);
#4823 = PLANE('',#4824);
#4824 = AXIS2_PLACEMENT_3D('',#4825,#4826,#4827);
#4825 = CARTESIAN_POINT('',(-37.17165764149,0.,3.464621841285));
#4826 = DIRECTION('',(-0.104528463268,0.,0.994521895368));
#4827 = DIRECTION('',(0.994521895368,0.,0.104528463268));
#4828 = MANIFOLD_SOLID_BREP('',#4829);
#4829 = CLOSED_SHELL('',(#4830,#4857));
#4830 = ADVANCED_FACE('',(#4831),#4852,.T.);
#4831 = FACE_BOUND('',#4832,.T.);
#4832 = EDGE_LOOP('',(#4833,#4844,#4851));
#4833 = ORIENTED_EDGE('',*,*,#4834,.F.);
#4834 = EDGE_CURVE('',#4835,#4837,#4839,.T.);
#4835 = VERTEX_POINT('',#4836);
#4836 = CARTESIAN_POINT('',(-37.24655777641,-5.878304635907E-17,
    6.473274358574));
#4837 = VERTEX_POINT('',#4838);
#4838 = CARTESIAN_POINT('',(-37.51032986248,0.,6.686872782278));
#4839 = CIRCLE('',#4840,0.24);
#4840 = AXIS2_PLACEMENT_3D('',#4841,#4842,#4843);
#4841 = CARTESIAN_POINT('',(-37.4852430313,0.,6.44818752739));
#4842 = DIRECTION('',(-2.435876111689E-16,-1.,-2.56020895921E-17));
#4843 = DIRECTION('',(0.994521895368,-2.449293598295E-16,0.104528463268)
  );
#4844 = ORIENTED_EDGE('',*,*,#4845,.T.);
#4845 = EDGE_CURVE('',#4835,#4835,#4846,.T.);
#4846 = CIRCLE('',#4847,0.24);
#4847 = AXIS2_PLACEMENT_3D('',#4848,#4849,#4850);
#4848 = CARTESIAN_POINT('',(-37.4852430313,0.,6.44818752739));
#4849 = DIRECTION('',(-0.104528463268,0.,0.994521895368));
#4850 = DIRECTION('',(0.994521895368,0.,0.104528463268));
#4851 = ORIENTED_EDGE('',*,*,#4834,.T.);
#4852 = SPHERICAL_SURFACE('',#4853,0.24);
#4853 = AXIS2_PLACEMENT_3D('',#4854,#4855,#4856);
#4854 = CARTESIAN_POINT('',(-37.4852430313,0.,6.44818752739));
#4855 = DIRECTION('',(-0.104528463268,0.,0.994521895368));
#4856 = DIRECTION('',(0.994521895368,0.,0.104528463268));
#4857 = ADVANCED_FACE('',(#4858),#4861,.F.);
#4858 = FACE_BOUND('',#4859,.T.);
#4859 = EDGE_LOOP('',(#4860));
#4860 = ORIENTED_EDGE('',*,*,#4845,.F.);
#4861 = PLANE('',#4862);
#4862 = AXIS2_PLACEMENT_3D('',#4863,#4864,#4865);
#4863 = CARTESIAN_POINT('',(-37.4852430313,0.,6.44818752739));
#4864 = DIRECTION('',(-0.104528463268,0.,0.994521895368));
#4865 = DIRECTION('',(0.994521895368,0.,0.104528463268));
#4866 = MANIFOLD_SOLID_BREP('',#4867);
#4867 = CLOSED_SHELL('',(#4868,#4901,#4910));
#4868 = ADVANCED_FACE('',(#4869),#4896,.T.);
#4869 = FACE_BOUND('',#4870,.T.);
#4870 = EDGE_LOOP('',(#4871,#4880,#4888,#4895));
#4871 = ORIENTED_EDGE('',*,*,#4872,.F.);
#4872 = EDGE_CURVE('',#4873,#4873,#4875,.T.);
#4873 = VERTEX_POINT('',#4874);
#4874 = CARTESIAN_POINT('',(-35.62796804475,-8.327598234202E-17,
    4.179899709598));
#4875 = CIRCLE('',#4876,0.34);
#4876 = AXIS2_PLACEMENT_3D('',#4877,#4878,#4879);
#4877 = CARTESIAN_POINT('',(-35.96610548917,0.,4.144360032087));
#4878 = DIRECTION('',(-0.104528463268,0.,0.994521895368));
#4879 = DIRECTION('',(0.994521895368,0.,0.104528463268));
#4880 = ORIENTED_EDGE('',*,*,#4881,.F.);
#4881 = EDGE_CURVE('',#4882,#4873,#4884,.T.);
#4882 = VERTEX_POINT('',#4883);
#4883 = CARTESIAN_POINT('',(-35.51298673515,-8.327598234202E-17,
    3.085925624693));
#4884 = LINE('',#4885,#4886);
#4885 = CARTESIAN_POINT('',(-35.51298673515,-8.327598234202E-17,
    3.085925624693));
#4886 = VECTOR('',#4887,1.);
#4887 = DIRECTION('',(-0.104528463268,0.,0.994521895368));
#4888 = ORIENTED_EDGE('',*,*,#4889,.T.);
#4889 = EDGE_CURVE('',#4882,#4882,#4890,.T.);
#4890 = CIRCLE('',#4891,0.34);
#4891 = AXIS2_PLACEMENT_3D('',#4892,#4893,#4894);
#4892 = CARTESIAN_POINT('',(-35.85112417958,0.,3.050385947182));
#4893 = DIRECTION('',(-0.104528463268,0.,0.994521895368));
#4894 = DIRECTION('',(0.994521895368,0.,0.104528463268));
#4895 = ORIENTED_EDGE('',*,*,#4881,.T.);
#4896 = CYLINDRICAL_SURFACE('',#4897,0.34);
#4897 = AXIS2_PLACEMENT_3D('',#4898,#4899,#4900);
#4898 = CARTESIAN_POINT('',(-35.85112417958,0.,3.050385947182));
#4899 = DIRECTION('',(-0.104528463268,0.,0.994521895368));
#4900 = DIRECTION('',(0.994521895368,0.,0.104528463268));
#4901 = ADVANCED_FACE('',(#4902),#4905,.T.);
#4902 = FACE_BOUND('',#4903,.T.);
#4903 = EDGE_LOOP('',(#4904));
#4904 = ORIENTED_EDGE('',*,*,#4872,.T.);
#4905 = PLANE('',#4906);
#4906 = AXIS2_PLACEMENT_3D('',#4907,#4908,#4909);
#4907 = CARTESIAN_POINT('',(-35.96610548917,0.,4.144360032087));
#4908 = DIRECTION('',(-0.104528463268,0.,0.994521895368));
#4909 = DIRECTION('',(0.994521895368,0.,0.104528463268));
#4910 = ADVANCED_FACE('',(#4911),#4914,.F.);
#4911 = FACE_BOUND('',#4912,.T.);
#4912 = EDGE_LOOP('',(#4913));
#4913 = ORIENTED_EDGE('',*,*,#4889,.F.);
#4914 = PLANE('',#4915);
#4915 = AXIS2_PLACEMENT_3D('',#4916,#4917,#4918);
#4916 = CARTESIAN_POINT('',(-35.85112417958,0.,3.050385947182));
#4917 = DIRECTION('',(-0.104528463268,0.,0.994521895368));
#4918 = DIRECTION('',(0.994521895368,0.,0.104528463268));
#4919 = MANIFOLD_SOLID_BREP('',#4920);
#4920 = CLOSED_SHELL('',(#4921,#4954,#4963));
#4921 = ADVANCED_FACE('',(#4922),#4949,.T.);
#4922 = FACE_BOUND('',#4923,.T.);
#4923 = EDGE_LOOP('',(#4924,#4933,#4941,#4948));
#4924 = ORIENTED_EDGE('',*,*,#4925,.F.);
#4925 = EDGE_CURVE('',#4926,#4926,#4928,.T.);
#4926 = VERTEX_POINT('',#4927);
#4927 = CARTESIAN_POINT('',(-36.00860180048,-5.878304635907E-17,
    6.844710761812));
#4928 = CIRCLE('',#4929,0.24);
#4929 = AXIS2_PLACEMENT_3D('',#4930,#4931,#4932);
#4930 = CARTESIAN_POINT('',(-36.24728705536,0.,6.819623930628));
#4931 = DIRECTION('',(-0.104528463268,0.,0.994521895368));
#4932 = DIRECTION('',(0.994521895368,0.,0.104528463268));
#4933 = ORIENTED_EDGE('',*,*,#4934,.F.);
#4934 = EDGE_CURVE('',#4935,#4926,#4937,.T.);
#4935 = VERTEX_POINT('',#4936);
#4936 = CARTESIAN_POINT('',(-35.66992957949,-5.878304635907E-17,
    3.622459820819));
#4937 = LINE('',#4938,#4939);
#4938 = CARTESIAN_POINT('',(-35.66992957949,-5.878304635907E-17,
    3.622459820819));
#4939 = VECTOR('',#4940,1.);
#4940 = DIRECTION('',(-0.104528463268,0.,0.994521895368));
#4941 = ORIENTED_EDGE('',*,*,#4942,.T.);
#4942 = EDGE_CURVE('',#4935,#4935,#4943,.T.);
#4943 = CIRCLE('',#4944,0.24);
#4944 = AXIS2_PLACEMENT_3D('',#4945,#4946,#4947);
#4945 = CARTESIAN_POINT('',(-35.90861483438,0.,3.597372989635));
#4946 = DIRECTION('',(-0.104528463268,0.,0.994521895368));
#4947 = DIRECTION('',(0.994521895368,0.,0.104528463268));
#4948 = ORIENTED_EDGE('',*,*,#4934,.T.);
#4949 = CYLINDRICAL_SURFACE('',#4950,0.24);
#4950 = AXIS2_PLACEMENT_3D('',#4951,#4952,#4953);
#4951 = CARTESIAN_POINT('',(-35.90861483438,0.,3.597372989635));
#4952 = DIRECTION('',(-0.104528463268,0.,0.994521895368));
#4953 = DIRECTION('',(0.994521895368,0.,0.104528463268));
#4954 = ADVANCED_FACE('',(#4955),#4958,.T.);
#4955 = FACE_BOUND('',#4956,.T.);
#4956 = EDGE_LOOP('',(#4957));
#4957 = ORIENTED_EDGE('',*,*,#4925,.T.);
#4958 = PLANE('',#4959);
#4959 = AXIS2_PLACEMENT_3D('',#4960,#4961,#4962);
#4960 = CARTESIAN_POINT('',(-36.24728705536,0.,6.819623930628));
#4961 = DIRECTION('',(-0.104528463268,0.,0.994521895368));
#4962 = DIRECTION('',(0.994521895368,0.,0.104528463268));
#4963 = ADVANCED_FACE('',(#4964),#4967,.F.);
#4964 = FACE_BOUND('',#4965,.T.);
#4965 = EDGE_LOOP('',(#4966));
#4966 = ORIENTED_EDGE('',*,*,#4942,.F.);
#4967 = PLANE('',#4968);
#4968 = AXIS2_PLACEMENT_3D('',#4969,#4970,#4971);
#4969 = CARTESIAN_POINT('',(-35.90861483438,0.,3.597372989635));
#4970 = DIRECTION('',(-0.104528463268,0.,0.994521895368));
#4971 = DIRECTION('',(0.994521895368,0.,0.104528463268));
#4972 = MANIFOLD_SOLID_BREP('',#4973);
#4973 = CLOSED_SHELL('',(#4974,#5001));
#4974 = ADVANCED_FACE('',(#4975),#4996,.T.);
#4975 = FACE_BOUND('',#4976,.T.);
#4976 = EDGE_LOOP('',(#4977,#4988,#4995));
#4977 = ORIENTED_EDGE('',*,*,#4978,.F.);
#4978 = EDGE_CURVE('',#4979,#4981,#4983,.T.);
#4979 = VERTEX_POINT('',#4980);
#4980 = CARTESIAN_POINT('',(-35.98351496929,-5.878304635907E-17,
    6.606025506924));
#4981 = VERTEX_POINT('',#4982);
#4982 = CARTESIAN_POINT('',(-36.24728705536,0.,6.819623930628));
#4983 = CIRCLE('',#4984,0.24);
#4984 = AXIS2_PLACEMENT_3D('',#4985,#4986,#4987);
#4985 = CARTESIAN_POINT('',(-36.22220022418,0.,6.58093867574));
#4986 = DIRECTION('',(-2.435876111689E-16,-1.,-2.56020895921E-17));
#4987 = DIRECTION('',(0.994521895368,-2.449293598295E-16,0.104528463268)
  );
#4988 = ORIENTED_EDGE('',*,*,#4989,.T.);
#4989 = EDGE_CURVE('',#4979,#4979,#4990,.T.);
#4990 = CIRCLE('',#4991,0.24);
#4991 = AXIS2_PLACEMENT_3D('',#4992,#4993,#4994);
#4992 = CARTESIAN_POINT('',(-36.22220022418,0.,6.58093867574));
#4993 = DIRECTION('',(-0.104528463268,0.,0.994521895368));
#4994 = DIRECTION('',(0.994521895368,0.,0.104528463268));
#4995 = ORIENTED_EDGE('',*,*,#4978,.T.);
#4996 = SPHERICAL_SURFACE('',#4997,0.24);
#4997 = AXIS2_PLACEMENT_3D('',#4998,#4999,#5000);
#4998 = CARTESIAN_POINT('',(-36.22220022418,0.,6.58093867574));
#4999 = DIRECTION('',(-0.104528463268,0.,0.994521895368));
#5000 = DIRECTION('',(0.994521895368,0.,0.104528463268));
#5001 = ADVANCED_FACE('',(#5002),#5005,.F.);
#5002 = FACE_BOUND('',#5003,.T.);
#5003 = EDGE_LOOP('',(#5004));
#5004 = ORIENTED_EDGE('',*,*,#4989,.F.);
#5005 = PLANE('',#5006);
#5006 = AXIS2_PLACEMENT_3D('',#5007,#5008,#5009);
#5007 = CARTESIAN_POINT('',(-36.22220022418,0.,6.58093867574));
#5008 = DIRECTION('',(-0.104528463268,0.,0.994521895368));
#5009 = DIRECTION('',(0.994521895368,0.,0.104528463268));
#5010 = MANIFOLD_SOLID_BREP('',#5011);
#5011 = CLOSED_SHELL('',(#5012,#5045,#5054));
#5012 = ADVANCED_FACE('',(#5013),#5040,.T.);
#5013 = FACE_BOUND('',#5014,.T.);
#5014 = EDGE_LOOP('',(#5015,#5024,#5032,#5039));
#5015 = ORIENTED_EDGE('',*,*,#5016,.F.);
#5016 = EDGE_CURVE('',#5017,#5017,#5019,.T.);
#5017 = VERTEX_POINT('',#5018);
#5018 = CARTESIAN_POINT('',(-34.36492523763,-8.327598234202E-17,
    4.312650857948));
#5019 = CIRCLE('',#5020,0.34);
#5020 = AXIS2_PLACEMENT_3D('',#5021,#5022,#5023);
#5021 = CARTESIAN_POINT('',(-34.70306268206,0.,4.277111180437));
#5022 = DIRECTION('',(-0.104528463268,0.,0.994521895368));
#5023 = DIRECTION('',(0.994521895368,0.,0.104528463268));
#5024 = ORIENTED_EDGE('',*,*,#5025,.F.);
#5025 = EDGE_CURVE('',#5026,#5017,#5028,.T.);
#5026 = VERTEX_POINT('',#5027);
#5027 = CARTESIAN_POINT('',(-34.24994392804,-8.327598234202E-17,
    3.218676773043));
#5028 = LINE('',#5029,#5030);
#5029 = CARTESIAN_POINT('',(-34.24994392804,-8.327598234202E-17,
    3.218676773043));
#5030 = VECTOR('',#5031,1.);
#5031 = DIRECTION('',(-0.104528463268,0.,0.994521895368));
#5032 = ORIENTED_EDGE('',*,*,#5033,.T.);
#5033 = EDGE_CURVE('',#5026,#5026,#5034,.T.);
#5034 = CIRCLE('',#5035,0.34);
#5035 = AXIS2_PLACEMENT_3D('',#5036,#5037,#5038);
#5036 = CARTESIAN_POINT('',(-34.58808137246,0.,3.183137095532));
#5037 = DIRECTION('',(-0.104528463268,0.,0.994521895368));
#5038 = DIRECTION('',(0.994521895368,0.,0.104528463268));
#5039 = ORIENTED_EDGE('',*,*,#5025,.T.);
#5040 = CYLINDRICAL_SURFACE('',#5041,0.34);
#5041 = AXIS2_PLACEMENT_3D('',#5042,#5043,#5044);
#5042 = CARTESIAN_POINT('',(-34.58808137246,0.,3.183137095532));
#5043 = DIRECTION('',(-0.104528463268,0.,0.994521895368));
#5044 = DIRECTION('',(0.994521895368,0.,0.104528463268));
#5045 = ADVANCED_FACE('',(#5046),#5049,.T.);
#5046 = FACE_BOUND('',#5047,.T.);
#5047 = EDGE_LOOP('',(#5048));
#5048 = ORIENTED_EDGE('',*,*,#5016,.T.);
#5049 = PLANE('',#5050);
#5050 = AXIS2_PLACEMENT_3D('',#5051,#5052,#5053);
#5051 = CARTESIAN_POINT('',(-34.70306268206,0.,4.277111180437));
#5052 = DIRECTION('',(-0.104528463268,0.,0.994521895368));
#5053 = DIRECTION('',(0.994521895368,0.,0.104528463268));
#5054 = ADVANCED_FACE('',(#5055),#5058,.F.);
#5055 = FACE_BOUND('',#5056,.T.);
#5056 = EDGE_LOOP('',(#5057));
#5057 = ORIENTED_EDGE('',*,*,#5033,.F.);
#5058 = PLANE('',#5059);
#5059 = AXIS2_PLACEMENT_3D('',#5060,#5061,#5062);
#5060 = CARTESIAN_POINT('',(-34.58808137246,0.,3.183137095532));
#5061 = DIRECTION('',(-0.104528463268,0.,0.994521895368));
#5062 = DIRECTION('',(0.994521895368,0.,0.104528463268));
#5063 = MANIFOLD_SOLID_BREP('',#5064);
#5064 = CLOSED_SHELL('',(#5065,#5098,#5107));
#5065 = ADVANCED_FACE('',(#5066),#5093,.T.);
#5066 = FACE_BOUND('',#5067,.T.);
#5067 = EDGE_LOOP('',(#5068,#5077,#5085,#5092));
#5068 = ORIENTED_EDGE('',*,*,#5069,.F.);
#5069 = EDGE_CURVE('',#5070,#5070,#5072,.T.);
#5070 = VERTEX_POINT('',#5071);
#5071 = CARTESIAN_POINT('',(-34.74555899336,-5.878304635907E-17,
    6.977461910162));
#5072 = CIRCLE('',#5073,0.24);
#5073 = AXIS2_PLACEMENT_3D('',#5074,#5075,#5076);
#5074 = CARTESIAN_POINT('',(-34.98424424825,0.,6.952375078978));
#5075 = DIRECTION('',(-0.104528463268,0.,0.994521895368));
#5076 = DIRECTION('',(0.994521895368,0.,0.104528463268));
#5077 = ORIENTED_EDGE('',*,*,#5078,.F.);
#5078 = EDGE_CURVE('',#5079,#5070,#5081,.T.);
#5079 = VERTEX_POINT('',#5080);
#5080 = CARTESIAN_POINT('',(-34.40688677237,-5.878304635907E-17,
    3.755210969169));
#5081 = LINE('',#5082,#5083);
#5082 = CARTESIAN_POINT('',(-34.40688677237,-5.878304635907E-17,
    3.755210969169));
#5083 = VECTOR('',#5084,1.);
#5084 = DIRECTION('',(-0.104528463268,0.,0.994521895368));
#5085 = ORIENTED_EDGE('',*,*,#5086,.T.);
#5086 = EDGE_CURVE('',#5079,#5079,#5087,.T.);
#5087 = CIRCLE('',#5088,0.24);
#5088 = AXIS2_PLACEMENT_3D('',#5089,#5090,#5091);
#5089 = CARTESIAN_POINT('',(-34.64557202726,0.,3.730124137985));
#5090 = DIRECTION('',(-0.104528463268,0.,0.994521895368));
#5091 = DIRECTION('',(0.994521895368,0.,0.104528463268));
#5092 = ORIENTED_EDGE('',*,*,#5078,.T.);
#5093 = CYLINDRICAL_SURFACE('',#5094,0.24);
#5094 = AXIS2_PLACEMENT_3D('',#5095,#5096,#5097);
#5095 = CARTESIAN_POINT('',(-34.64557202726,0.,3.730124137985));
#5096 = DIRECTION('',(-0.104528463268,0.,0.994521895368));
#5097 = DIRECTION('',(0.994521895368,0.,0.104528463268));
#5098 = ADVANCED_FACE('',(#5099),#5102,.T.);
#5099 = FACE_BOUND('',#5100,.T.);
#5100 = EDGE_LOOP('',(#5101));
#5101 = ORIENTED_EDGE('',*,*,#5069,.T.);
#5102 = PLANE('',#5103);
#5103 = AXIS2_PLACEMENT_3D('',#5104,#5105,#5106);
#5104 = CARTESIAN_POINT('',(-34.98424424825,0.,6.952375078978));
#5105 = DIRECTION('',(-0.104528463268,0.,0.994521895368));
#5106 = DIRECTION('',(0.994521895368,0.,0.104528463268));
#5107 = ADVANCED_FACE('',(#5108),#5111,.F.);
#5108 = FACE_BOUND('',#5109,.T.);
#5109 = EDGE_LOOP('',(#5110));
#5110 = ORIENTED_EDGE('',*,*,#5086,.F.);
#5111 = PLANE('',#5112);
#5112 = AXIS2_PLACEMENT_3D('',#5113,#5114,#5115);
#5113 = CARTESIAN_POINT('',(-34.64557202726,0.,3.730124137985));
#5114 = DIRECTION('',(-0.104528463268,0.,0.994521895368));
#5115 = DIRECTION('',(0.994521895368,0.,0.104528463268));
#5116 = MANIFOLD_SOLID_BREP('',#5117);
#5117 = CLOSED_SHELL('',(#5118,#5145));
#5118 = ADVANCED_FACE('',(#5119),#5140,.T.);
#5119 = FACE_BOUND('',#5120,.T.);
#5120 = EDGE_LOOP('',(#5121,#5132,#5139));
#5121 = ORIENTED_EDGE('',*,*,#5122,.F.);
#5122 = EDGE_CURVE('',#5123,#5125,#5127,.T.);
#5123 = VERTEX_POINT('',#5124);
#5124 = CARTESIAN_POINT('',(-34.72047216217,-5.878304635907E-17,
    6.738776655274));
#5125 = VERTEX_POINT('',#5126);
#5126 = CARTESIAN_POINT('',(-34.98424424825,0.,6.952375078978));
#5127 = CIRCLE('',#5128,0.24);
#5128 = AXIS2_PLACEMENT_3D('',#5129,#5130,#5131);
#5129 = CARTESIAN_POINT('',(-34.95915741706,0.,6.71368982409));
#5130 = DIRECTION('',(-2.435876111689E-16,-1.,-2.56020895921E-17));
#5131 = DIRECTION('',(0.994521895368,-2.449293598295E-16,0.104528463268)
  );
#5132 = ORIENTED_EDGE('',*,*,#5133,.T.);
#5133 = EDGE_CURVE('',#5123,#5123,#5134,.T.);
#5134 = CIRCLE('',#5135,0.24);
#5135 = AXIS2_PLACEMENT_3D('',#5136,#5137,#5138);
#5136 = CARTESIAN_POINT('',(-34.95915741706,0.,6.71368982409));
#5137 = DIRECTION('',(-0.104528463268,0.,0.994521895368));
#5138 = DIRECTION('',(0.994521895368,0.,0.104528463268));
#5139 = ORIENTED_EDGE('',*,*,#5122,.T.);
#5140 = SPHERICAL_SURFACE('',#5141,0.24);
#5141 = AXIS2_PLACEMENT_3D('',#5142,#5143,#5144);
#5142 = CARTESIAN_POINT('',(-34.95915741706,0.,6.71368982409));
#5143 = DIRECTION('',(-0.104528463268,0.,0.994521895368));
#5144 = DIRECTION('',(0.994521895368,0.,0.104528463268));
#5145 = ADVANCED_FACE('',(#5146),#5149,.F.);
#5146 = FACE_BOUND('',#5147,.T.);
#5147 = EDGE_LOOP('',(#5148));
#5148 = ORIENTED_EDGE('',*,*,#5133,.F.);
#5149 = PLANE('',#5150);
#5150 = AXIS2_PLACEMENT_3D('',#5151,#5152,#5153);
#5151 = CARTESIAN_POINT('',(-34.95915741706,0.,6.71368982409));
#5152 = DIRECTION('',(-0.104528463268,0.,0.994521895368));
#5153 = DIRECTION('',(0.994521895368,0.,0.104528463268));
#5154 = MANIFOLD_SOLID_BREP('',#5155);
#5155 = CLOSED_SHELL('',(#5156,#5189,#5198));
#5156 = ADVANCED_FACE('',(#5157),#5184,.T.);
#5157 = FACE_BOUND('',#5158,.T.);
#5158 = EDGE_LOOP('',(#5159,#5168,#5176,#5183));
#5159 = ORIENTED_EDGE('',*,*,#5160,.F.);
#5160 = EDGE_CURVE('',#5161,#5161,#5163,.T.);
#5161 = VERTEX_POINT('',#5162);
#5162 = CARTESIAN_POINT('',(-33.10188243051,-8.327598234202E-17,
    4.445402006298));
#5163 = CIRCLE('',#5164,0.34);
#5164 = AXIS2_PLACEMENT_3D('',#5165,#5166,#5167);
#5165 = CARTESIAN_POINT('',(-33.44001987494,0.,4.409862328787));
#5166 = DIRECTION('',(-0.104528463268,0.,0.994521895368));
#5167 = DIRECTION('',(0.994521895368,0.,0.104528463268));
#5168 = ORIENTED_EDGE('',*,*,#5169,.F.);
#5169 = EDGE_CURVE('',#5170,#5161,#5172,.T.);
#5170 = VERTEX_POINT('',#5171);
#5171 = CARTESIAN_POINT('',(-32.98690112092,-8.327598234202E-17,
    3.351427921393));
#5172 = LINE('',#5173,#5174);
#5173 = CARTESIAN_POINT('',(-32.98690112092,-8.327598234202E-17,
    3.351427921393));
#5174 = VECTOR('',#5175,1.);
#5175 = DIRECTION('',(-0.104528463268,0.,0.994521895368));
#5176 = ORIENTED_EDGE('',*,*,#5177,.T.);
#5177 = EDGE_CURVE('',#5170,#5170,#5178,.T.);
#5178 = CIRCLE('',#5179,0.34);
#5179 = AXIS2_PLACEMENT_3D('',#5180,#5181,#5182);
#5180 = CARTESIAN_POINT('',(-33.32503856534,0.,3.315888243882));
#5181 = DIRECTION('',(-0.104528463268,0.,0.994521895368));
#5182 = DIRECTION('',(0.994521895368,0.,0.104528463268));
#5183 = ORIENTED_EDGE('',*,*,#5169,.T.);
#5184 = CYLINDRICAL_SURFACE('',#5185,0.34);
#5185 = AXIS2_PLACEMENT_3D('',#5186,#5187,#5188);
#5186 = CARTESIAN_POINT('',(-33.32503856534,0.,3.315888243882));
#5187 = DIRECTION('',(-0.104528463268,0.,0.994521895368));
#5188 = DIRECTION('',(0.994521895368,0.,0.104528463268));
#5189 = ADVANCED_FACE('',(#5190),#5193,.T.);
#5190 = FACE_BOUND('',#5191,.T.);
#5191 = EDGE_LOOP('',(#5192));
#5192 = ORIENTED_EDGE('',*,*,#5160,.T.);
#5193 = PLANE('',#5194);
#5194 = AXIS2_PLACEMENT_3D('',#5195,#5196,#5197);
#5195 = CARTESIAN_POINT('',(-33.44001987494,0.,4.409862328787));
#5196 = DIRECTION('',(-0.104528463268,0.,0.994521895368));
#5197 = DIRECTION('',(0.994521895368,0.,0.104528463268));
#5198 = ADVANCED_FACE('',(#5199),#5202,.F.);
#5199 = FACE_BOUND('',#5200,.T.);
#5200 = EDGE_LOOP('',(#5201));
#5201 = ORIENTED_EDGE('',*,*,#5177,.F.);
#5202 = PLANE('',#5203);
#5203 = AXIS2_PLACEMENT_3D('',#5204,#5205,#5206);
#5204 = CARTESIAN_POINT('',(-33.32503856534,0.,3.315888243882));
#5205 = DIRECTION('',(-0.104528463268,0.,0.994521895368));
#5206 = DIRECTION('',(0.994521895368,0.,0.104528463268));
#5207 = MANIFOLD_SOLID_BREP('',#5208);
#5208 = CLOSED_SHELL('',(#5209,#5242,#5251));
#5209 = ADVANCED_FACE('',(#5210),#5237,.T.);
#5210 = FACE_BOUND('',#5211,.T.);
#5211 = EDGE_LOOP('',(#5212,#5221,#5229,#5236));
#5212 = ORIENTED_EDGE('',*,*,#5213,.F.);
#5213 = EDGE_CURVE('',#5214,#5214,#5216,.T.);
#5214 = VERTEX_POINT('',#5215);
#5215 = CARTESIAN_POINT('',(-33.48251618624,-5.878304635907E-17,
    7.110213058512));
#5216 = CIRCLE('',#5217,0.24);
#5217 = AXIS2_PLACEMENT_3D('',#5218,#5219,#5220);
#5218 = CARTESIAN_POINT('',(-33.72120144113,0.,7.085126227328));
#5219 = DIRECTION('',(-0.104528463268,0.,0.994521895368));
#5220 = DIRECTION('',(0.994521895368,0.,0.104528463268));
#5221 = ORIENTED_EDGE('',*,*,#5222,.F.);
#5222 = EDGE_CURVE('',#5223,#5214,#5225,.T.);
#5223 = VERTEX_POINT('',#5224);
#5224 = CARTESIAN_POINT('',(-33.14384396525,-5.878304635907E-17,
    3.887962117519));
#5225 = LINE('',#5226,#5227);
#5226 = CARTESIAN_POINT('',(-33.14384396525,-5.878304635907E-17,
    3.887962117519));
#5227 = VECTOR('',#5228,1.);
#5228 = DIRECTION('',(-0.104528463268,0.,0.994521895368));
#5229 = ORIENTED_EDGE('',*,*,#5230,.T.);
#5230 = EDGE_CURVE('',#5223,#5223,#5231,.T.);
#5231 = CIRCLE('',#5232,0.24);
#5232 = AXIS2_PLACEMENT_3D('',#5233,#5234,#5235);
#5233 = CARTESIAN_POINT('',(-33.38252922014,0.,3.862875286335));
#5234 = DIRECTION('',(-0.104528463268,0.,0.994521895368));
#5235 = DIRECTION('',(0.994521895368,0.,0.104528463268));
#5236 = ORIENTED_EDGE('',*,*,#5222,.T.);
#5237 = CYLINDRICAL_SURFACE('',#5238,0.24);
#5238 = AXIS2_PLACEMENT_3D('',#5239,#5240,#5241);
#5239 = CARTESIAN_POINT('',(-33.38252922014,0.,3.862875286335));
#5240 = DIRECTION('',(-0.104528463268,0.,0.994521895368));
#5241 = DIRECTION('',(0.994521895368,0.,0.104528463268));
#5242 = ADVANCED_FACE('',(#5243),#5246,.T.);
#5243 = FACE_BOUND('',#5244,.T.);
#5244 = EDGE_LOOP('',(#5245));
#5245 = ORIENTED_EDGE('',*,*,#5213,.T.);
#5246 = PLANE('',#5247);
#5247 = AXIS2_PLACEMENT_3D('',#5248,#5249,#5250);
#5248 = CARTESIAN_POINT('',(-33.72120144113,0.,7.085126227328));
#5249 = DIRECTION('',(-0.104528463268,0.,0.994521895368));
#5250 = DIRECTION('',(0.994521895368,0.,0.104528463268));
#5251 = ADVANCED_FACE('',(#5252),#5255,.F.);
#5252 = FACE_BOUND('',#5253,.T.);
#5253 = EDGE_LOOP('',(#5254));
#5254 = ORIENTED_EDGE('',*,*,#5230,.F.);
#5255 = PLANE('',#5256);
#5256 = AXIS2_PLACEMENT_3D('',#5257,#5258,#5259);
#5257 = CARTESIAN_POINT('',(-33.38252922014,0.,3.862875286335));
#5258 = DIRECTION('',(-0.104528463268,0.,0.994521895368));
#5259 = DIRECTION('',(0.994521895368,0.,0.104528463268));
#5260 = MANIFOLD_SOLID_BREP('',#5261);
#5261 = CLOSED_SHELL('',(#5262,#5289));
#5262 = ADVANCED_FACE('',(#5263),#5284,.T.);
#5263 = FACE_BOUND('',#5264,.T.);
#5264 = EDGE_LOOP('',(#5265,#5276,#5283));
#5265 = ORIENTED_EDGE('',*,*,#5266,.F.);
#5266 = EDGE_CURVE('',#5267,#5269,#5271,.T.);
#5267 = VERTEX_POINT('',#5268);
#5268 = CARTESIAN_POINT('',(-33.45742935506,-5.878304635907E-17,
    6.871527803624));
#5269 = VERTEX_POINT('',#5270);
#5270 = CARTESIAN_POINT('',(-33.72120144113,0.,7.085126227328));
#5271 = CIRCLE('',#5272,0.24);
#5272 = AXIS2_PLACEMENT_3D('',#5273,#5274,#5275);
#5273 = CARTESIAN_POINT('',(-33.69611460994,0.,6.846440972439));
#5274 = DIRECTION('',(-2.435876111689E-16,-1.,-2.56020895921E-17));
#5275 = DIRECTION('',(0.994521895368,-2.449293598295E-16,0.104528463268)
  );
#5276 = ORIENTED_EDGE('',*,*,#5277,.T.);
#5277 = EDGE_CURVE('',#5267,#5267,#5278,.T.);
#5278 = CIRCLE('',#5279,0.24);
#5279 = AXIS2_PLACEMENT_3D('',#5280,#5281,#5282);
#5280 = CARTESIAN_POINT('',(-33.69611460994,0.,6.846440972439));
#5281 = DIRECTION('',(-0.104528463268,0.,0.994521895368));
#5282 = DIRECTION('',(0.994521895368,0.,0.104528463268));
#5283 = ORIENTED_EDGE('',*,*,#5266,.T.);
#5284 = SPHERICAL_SURFACE('',#5285,0.24);
#5285 = AXIS2_PLACEMENT_3D('',#5286,#5287,#5288);
#5286 = CARTESIAN_POINT('',(-33.69611460994,0.,6.846440972439));
#5287 = DIRECTION('',(-0.104528463268,0.,0.994521895368));
#5288 = DIRECTION('',(0.994521895368,0.,0.104528463268));
#5289 = ADVANCED_FACE('',(#5290),#5293,.F.);
#5290 = FACE_BOUND('',#5291,.T.);
#5291 = EDGE_LOOP('',(#5292));
#5292 = ORIENTED_EDGE('',*,*,#5277,.F.);
#5293 = PLANE('',#5294);
#5294 = AXIS2_PLACEMENT_3D('',#5295,#5296,#5297);
#5295 = CARTESIAN_POINT('',(-33.69611460994,0.,6.846440972439));
#5296 = DIRECTION('',(-0.104528463268,0.,0.994521895368));
#5297 = DIRECTION('',(0.994521895368,0.,0.104528463268));
#5298 = ( GEOMETRIC_REPRESENTATION_CONTEXT(3) 
GLOBAL_UNCERTAINTY_ASSIGNED_CONTEXT((#5302)) 
GLOBAL_UNIT_ASSIGNED_CONTEXT((#5299,#5300,#5301)) REPRESENTATION_CONTEXT
('Context #1','3D Context with UNIT and UNCERTAINTY') );
#5299 = ( LENGTH_UNIT() NAMED_UNIT(*) SI_UNIT(.MILLI.,.METRE.) );
#5300 = ( NAMED_UNIT(*) PLANE_ANGLE_UNIT() SI_UNIT($,.RADIAN.) );
#5301 = ( NAMED_UNIT(*) SI_UNIT($,.STERADIAN.) SOLID_ANGLE_UNIT() );
#5302 = UNCERTAINTY_MEASURE_WITH_UNIT(LENGTH_MEASURE(1.E-07),#5299,
  'distance_accuracy_value','confusion accuracy');
#5303 = CONTEXT_DEPENDENT_SHAPE_REPRESENTATION(#5304,#5306);
#5304 = ( REPRESENTATION_RELATIONSHIP('','',#3419,#10) 
REPRESENTATION_RELATIONSHIP_WITH_TRANSFORMATION(#5305) 
SHAPE_REPRESENTATION_RELATIONSHIP() );
#5305 = ITEM_DEFINED_TRANSFORMATION('','',#11,#35);
#5306 = PRODUCT_DEFINITION_SHAPE('Placement','Placement of an item',
  #5307);
#5307 = NEXT_ASSEMBLY_USAGE_OCCURRENCE('6',
  'Left Mill-Max 854 spring connector','',#5,#3414,$);
#5308 = PRODUCT_RELATED_PRODUCT_CATEGORY('part',$,(#3416));
#5309 = SHAPE_DEFINITION_REPRESENTATION(#5310,#5316);
#5310 = PRODUCT_DEFINITION_SHAPE('','',#5311);
#5311 = PRODUCT_DEFINITION('design','',#5312,#5315);
#5312 = PRODUCT_DEFINITION_FORMATION('','',#5313);
#5313 = PRODUCT('Left pogo maximum-extension envelope',
  'Left pogo maximum-extension envelope','',(#5314));
#5314 = PRODUCT_CONTEXT('',#2,'mechanical');
#5315 = PRODUCT_DEFINITION_CONTEXT('part definition',#2,'design');
#5316 = ADVANCED_BREP_SHAPE_REPRESENTATION('',(#11,#5317),#5467);
#5317 = MANIFOLD_SOLID_BREP('',#5318);
#5318 = CLOSED_SHELL('',(#5319,#5359,#5399,#5421,#5443,#5455));
#5319 = ADVANCED_FACE('',(#5320),#5354,.F.);
#5320 = FACE_BOUND('',#5321,.F.);
#5321 = EDGE_LOOP('',(#5322,#5332,#5340,#5348));
#5322 = ORIENTED_EDGE('',*,*,#5323,.F.);
#5323 = EDGE_CURVE('',#5324,#5326,#5328,.T.);
#5324 = VERTEX_POINT('',#5325);
#5325 = CARTESIAN_POINT('',(-47.40746860376,-0.95,1.835765204012));
#5326 = VERTEX_POINT('',#5327);
#5327 = CARTESIAN_POINT('',(-47.8481606049,-0.95,6.028669514885));
#5328 = LINE('',#5329,#5330);
#5329 = CARTESIAN_POINT('',(-47.40746860376,-0.95,1.835765204012));
#5330 = VECTOR('',#5331,1.);
#5331 = DIRECTION('',(-0.104528463268,0.,0.994521895368));
#5332 = ORIENTED_EDGE('',*,*,#5333,.T.);
#5333 = EDGE_CURVE('',#5324,#5334,#5336,.T.);
#5334 = VERTEX_POINT('',#5335);
#5335 = CARTESIAN_POINT('',(-47.40746860376,0.95,1.835765204012));
#5336 = LINE('',#5337,#5338);
#5337 = CARTESIAN_POINT('',(-47.40746860376,-0.95,1.835765204012));
#5338 = VECTOR('',#5339,1.);
#5339 = DIRECTION('',(0.,1.,0.));
#5340 = ORIENTED_EDGE('',*,*,#5341,.T.);
#5341 = EDGE_CURVE('',#5334,#5342,#5344,.T.);
#5342 = VERTEX_POINT('',#5343);
#5343 = CARTESIAN_POINT('',(-47.8481606049,0.95,6.028669514885));
#5344 = LINE('',#5345,#5346);
#5345 = CARTESIAN_POINT('',(-47.40746860376,0.95,1.835765204012));
#5346 = VECTOR('',#5347,1.);
#5347 = DIRECTION('',(-0.104528463268,0.,0.994521895368));
#5348 = ORIENTED_EDGE('',*,*,#5349,.F.);
#5349 = EDGE_CURVE('',#5326,#5342,#5350,.T.);
#5350 = LINE('',#5351,#5352);
#5351 = CARTESIAN_POINT('',(-47.8481606049,-0.95,6.028669514885));
#5352 = VECTOR('',#5353,1.);
#5353 = DIRECTION('',(0.,1.,0.));
#5354 = PLANE('',#5355);
#5355 = AXIS2_PLACEMENT_3D('',#5356,#5357,#5358);
#5356 = CARTESIAN_POINT('',(-47.40746860376,-0.95,1.835765204012));
#5357 = DIRECTION('',(0.994521895368,0.,0.104528463268));
#5358 = DIRECTION('',(-0.104528463268,0.,0.994521895368));
#5359 = ADVANCED_FACE('',(#5360),#5394,.T.);
#5360 = FACE_BOUND('',#5361,.T.);
#5361 = EDGE_LOOP('',(#5362,#5372,#5380,#5388));
#5362 = ORIENTED_EDGE('',*,*,#5363,.F.);
#5363 = EDGE_CURVE('',#5364,#5366,#5368,.T.);
#5364 = VERTEX_POINT('',#5365);
#5365 = CARTESIAN_POINT('',(-33.13607940522,-0.95,3.335748651903));
#5366 = VERTEX_POINT('',#5367);
#5367 = CARTESIAN_POINT('',(-33.57677140636,-0.95,7.528652962776));
#5368 = LINE('',#5369,#5370);
#5369 = CARTESIAN_POINT('',(-33.13607940522,-0.95,3.335748651903));
#5370 = VECTOR('',#5371,1.);
#5371 = DIRECTION('',(-0.104528463268,0.,0.994521895368));
#5372 = ORIENTED_EDGE('',*,*,#5373,.T.);
#5373 = EDGE_CURVE('',#5364,#5374,#5376,.T.);
#5374 = VERTEX_POINT('',#5375);
#5375 = CARTESIAN_POINT('',(-33.13607940522,0.95,3.335748651903));
#5376 = LINE('',#5377,#5378);
#5377 = CARTESIAN_POINT('',(-33.13607940522,-0.95,3.335748651903));
#5378 = VECTOR('',#5379,1.);
#5379 = DIRECTION('',(0.,1.,0.));
#5380 = ORIENTED_EDGE('',*,*,#5381,.T.);
#5381 = EDGE_CURVE('',#5374,#5382,#5384,.T.);
#5382 = VERTEX_POINT('',#5383);
#5383 = CARTESIAN_POINT('',(-33.57677140636,0.95,7.528652962776));
#5384 = LINE('',#5385,#5386);
#5385 = CARTESIAN_POINT('',(-33.13607940522,0.95,3.335748651903));
#5386 = VECTOR('',#5387,1.);
#5387 = DIRECTION('',(-0.104528463268,0.,0.994521895368));
#5388 = ORIENTED_EDGE('',*,*,#5389,.F.);
#5389 = EDGE_CURVE('',#5366,#5382,#5390,.T.);
#5390 = LINE('',#5391,#5392);
#5391 = CARTESIAN_POINT('',(-33.57677140636,-0.95,7.528652962776));
#5392 = VECTOR('',#5393,1.);
#5393 = DIRECTION('',(0.,1.,0.));
#5394 = PLANE('',#5395);
#5395 = AXIS2_PLACEMENT_3D('',#5396,#5397,#5398);
#5396 = CARTESIAN_POINT('',(-33.13607940522,-0.95,3.335748651903));
#5397 = DIRECTION('',(0.994521895368,0.,0.104528463268));
#5398 = DIRECTION('',(-0.104528463268,0.,0.994521895368));
#5399 = ADVANCED_FACE('',(#5400),#5416,.F.);
#5400 = FACE_BOUND('',#5401,.F.);
#5401 = EDGE_LOOP('',(#5402,#5408,#5409,#5415));
#5402 = ORIENTED_EDGE('',*,*,#5403,.F.);
#5403 = EDGE_CURVE('',#5324,#5364,#5404,.T.);
#5404 = LINE('',#5405,#5406);
#5405 = CARTESIAN_POINT('',(-47.40746860376,-0.95,1.835765204012));
#5406 = VECTOR('',#5407,1.);
#5407 = DIRECTION('',(0.994521895368,0.,0.104528463268));
#5408 = ORIENTED_EDGE('',*,*,#5323,.T.);
#5409 = ORIENTED_EDGE('',*,*,#5410,.T.);
#5410 = EDGE_CURVE('',#5326,#5366,#5411,.T.);
#5411 = LINE('',#5412,#5413);
#5412 = CARTESIAN_POINT('',(-47.8481606049,-0.95,6.028669514885));
#5413 = VECTOR('',#5414,1.);
#5414 = DIRECTION('',(0.994521895368,0.,0.104528463268));
#5415 = ORIENTED_EDGE('',*,*,#5363,.F.);
#5416 = PLANE('',#5417);
#5417 = AXIS2_PLACEMENT_3D('',#5418,#5419,#5420);
#5418 = CARTESIAN_POINT('',(-47.40746860376,-0.95,1.835765204012));
#5419 = DIRECTION('',(0.,1.,0.));
#5420 = DIRECTION('',(-0.104528463268,0.,0.994521895368));
#5421 = ADVANCED_FACE('',(#5422),#5438,.T.);
#5422 = FACE_BOUND('',#5423,.T.);
#5423 = EDGE_LOOP('',(#5424,#5430,#5431,#5437));
#5424 = ORIENTED_EDGE('',*,*,#5425,.F.);
#5425 = EDGE_CURVE('',#5334,#5374,#5426,.T.);
#5426 = LINE('',#5427,#5428);
#5427 = CARTESIAN_POINT('',(-47.40746860376,0.95,1.835765204012));
#5428 = VECTOR('',#5429,1.);
#5429 = DIRECTION('',(0.994521895368,0.,0.104528463268));
#5430 = ORIENTED_EDGE('',*,*,#5341,.T.);
#5431 = ORIENTED_EDGE('',*,*,#5432,.T.);
#5432 = EDGE_CURVE('',#5342,#5382,#5433,.T.);
#5433 = LINE('',#5434,#5435);
#5434 = CARTESIAN_POINT('',(-47.8481606049,0.95,6.028669514885));
#5435 = VECTOR('',#5436,1.);
#5436 = DIRECTION('',(0.994521895368,0.,0.104528463268));
#5437 = ORIENTED_EDGE('',*,*,#5381,.F.);
#5438 = PLANE('',#5439);
#5439 = AXIS2_PLACEMENT_3D('',#5440,#5441,#5442);
#5440 = CARTESIAN_POINT('',(-47.40746860376,0.95,1.835765204012));
#5441 = DIRECTION('',(0.,1.,0.));
#5442 = DIRECTION('',(-0.104528463268,0.,0.994521895368));
#5443 = ADVANCED_FACE('',(#5444),#5450,.F.);
#5444 = FACE_BOUND('',#5445,.F.);
#5445 = EDGE_LOOP('',(#5446,#5447,#5448,#5449));
#5446 = ORIENTED_EDGE('',*,*,#5333,.F.);
#5447 = ORIENTED_EDGE('',*,*,#5403,.T.);
#5448 = ORIENTED_EDGE('',*,*,#5373,.T.);
#5449 = ORIENTED_EDGE('',*,*,#5425,.F.);
#5450 = PLANE('',#5451);
#5451 = AXIS2_PLACEMENT_3D('',#5452,#5453,#5454);
#5452 = CARTESIAN_POINT('',(-47.40746860376,-0.95,1.835765204012));
#5453 = DIRECTION('',(-0.104528463268,0.,0.994521895368));
#5454 = DIRECTION('',(0.994521895368,0.,0.104528463268));
#5455 = ADVANCED_FACE('',(#5456),#5462,.T.);
#5456 = FACE_BOUND('',#5457,.T.);
#5457 = EDGE_LOOP('',(#5458,#5459,#5460,#5461));
#5458 = ORIENTED_EDGE('',*,*,#5349,.F.);
#5459 = ORIENTED_EDGE('',*,*,#5410,.T.);
#5460 = ORIENTED_EDGE('',*,*,#5389,.T.);
#5461 = ORIENTED_EDGE('',*,*,#5432,.F.);
#5462 = PLANE('',#5463);
#5463 = AXIS2_PLACEMENT_3D('',#5464,#5465,#5466);
#5464 = CARTESIAN_POINT('',(-47.8481606049,-0.95,6.028669514885));
#5465 = DIRECTION('',(-0.104528463268,0.,0.994521895368));
#5466 = DIRECTION('',(0.994521895368,0.,0.104528463268));
#5467 = ( GEOMETRIC_REPRESENTATION_CONTEXT(3) 
GLOBAL_UNCERTAINTY_ASSIGNED_CONTEXT((#5471)) 
GLOBAL_UNIT_ASSIGNED_CONTEXT((#5468,#5469,#5470)) REPRESENTATION_CONTEXT
('Context #1','3D Context with UNIT and UNCERTAINTY') );
#5468 = ( LENGTH_UNIT() NAMED_UNIT(*) SI_UNIT(.MILLI.,.METRE.) );
#5469 = ( NAMED_UNIT(*) PLANE_ANGLE_UNIT() SI_UNIT($,.RADIAN.) );
#5470 = ( NAMED_UNIT(*) SI_UNIT($,.STERADIAN.) SOLID_ANGLE_UNIT() );
#5471 = UNCERTAINTY_MEASURE_WITH_UNIT(LENGTH_MEASURE(1.E-07),#5468,
  'distance_accuracy_value','confusion accuracy');
#5472 = CONTEXT_DEPENDENT_SHAPE_REPRESENTATION(#5473,#5475);
#5473 = ( REPRESENTATION_RELATIONSHIP('','',#5316,#10) 
REPRESENTATION_RELATIONSHIP_WITH_TRANSFORMATION(#5474) 
SHAPE_REPRESENTATION_RELATIONSHIP() );
#5474 = ITEM_DEFINED_TRANSFORMATION('','',#11,#39);
#5475 = PRODUCT_DEFINITION_SHAPE('Placement','Placement of an item',
  #5476);
#5476 = NEXT_ASSEMBLY_USAGE_OCCURRENCE('7',
  'Left pogo maximum-extension envelope','',#5,#5311,$);
#5477 = PRODUCT_RELATED_PRODUCT_CATEGORY('part',$,(#5313));
#5478 = SHAPE_DEFINITION_REPRESENTATION(#5479,#5485);
#5479 = PRODUCT_DEFINITION_SHAPE('','',#5480);
#5480 = PRODUCT_DEFINITION('design','',#5481,#5484);
#5481 = PRODUCT_DEFINITION_FORMATION('','',#5482);
#5482 = PRODUCT('Left controller-to-spring FFC connector',
  'Left controller-to-spring FFC connector','',(#5483));
#5483 = PRODUCT_CONTEXT('',#2,'mechanical');
#5484 = PRODUCT_DEFINITION_CONTEXT('part definition',#2,'design');
#5485 = ADVANCED_BREP_SHAPE_REPRESENTATION('',(#11,#5486),#5636);
#5486 = MANIFOLD_SOLID_BREP('',#5487);
#5487 = CLOSED_SHELL('',(#5488,#5528,#5568,#5590,#5612,#5624));
#5488 = ADVANCED_FACE('',(#5489),#5523,.F.);
#5489 = FACE_BOUND('',#5490,.F.);
#5490 = EDGE_LOOP('',(#5491,#5501,#5509,#5517));
#5491 = ORIENTED_EDGE('',*,*,#5492,.F.);
#5492 = EDGE_CURVE('',#5493,#5495,#5497,.T.);
#5493 = VERTEX_POINT('',#5494);
#5494 = CARTESIAN_POINT('',(-47.28315336684,2.55,1.848831261921));
#5495 = VERTEX_POINT('',#5496);
#5496 = CARTESIAN_POINT('',(-47.57583306399,2.55,4.633492568952));
#5497 = LINE('',#5498,#5499);
#5498 = CARTESIAN_POINT('',(-47.28315336684,2.55,1.848831261921));
#5499 = VECTOR('',#5500,1.);
#5500 = DIRECTION('',(-0.104528463268,0.,0.994521895368));
#5501 = ORIENTED_EDGE('',*,*,#5502,.T.);
#5502 = EDGE_CURVE('',#5493,#5503,#5505,.T.);
#5503 = VERTEX_POINT('',#5504);
#5504 = CARTESIAN_POINT('',(-47.28315336684,7.45,1.848831261921));
#5505 = LINE('',#5506,#5507);
#5506 = CARTESIAN_POINT('',(-47.28315336684,2.55,1.848831261921));
#5507 = VECTOR('',#5508,1.);
#5508 = DIRECTION('',(0.,1.,0.));
#5509 = ORIENTED_EDGE('',*,*,#5510,.T.);
#5510 = EDGE_CURVE('',#5503,#5511,#5513,.T.);
#5511 = VERTEX_POINT('',#5512);
#5512 = CARTESIAN_POINT('',(-47.57583306399,7.45,4.633492568952));
#5513 = LINE('',#5514,#5515);
#5514 = CARTESIAN_POINT('',(-47.28315336684,7.45,1.848831261921));
#5515 = VECTOR('',#5516,1.);
#5516 = DIRECTION('',(-0.104528463268,0.,0.994521895368));
#5517 = ORIENTED_EDGE('',*,*,#5518,.F.);
#5518 = EDGE_CURVE('',#5495,#5511,#5519,.T.);
#5519 = LINE('',#5520,#5521);
#5520 = CARTESIAN_POINT('',(-47.57583306399,2.55,4.633492568952));
#5521 = VECTOR('',#5522,1.);
#5522 = DIRECTION('',(0.,1.,0.));
#5523 = PLANE('',#5524);
#5524 = AXIS2_PLACEMENT_3D('',#5525,#5526,#5527);
#5525 = CARTESIAN_POINT('',(-47.28315336684,2.55,1.848831261921));
#5526 = DIRECTION('',(0.994521895368,0.,0.104528463268));
#5527 = DIRECTION('',(-0.104528463268,0.,0.994521895368));
#5528 = ADVANCED_FACE('',(#5529),#5563,.T.);
#5529 = FACE_BOUND('',#5530,.T.);
#5530 = EDGE_LOOP('',(#5531,#5541,#5549,#5557));
#5531 = ORIENTED_EDGE('',*,*,#5532,.F.);
#5532 = EDGE_CURVE('',#5533,#5535,#5537,.T.);
#5533 = VERTEX_POINT('',#5534);
#5534 = CARTESIAN_POINT('',(-33.26039464215,2.55,3.322682593994));
#5535 = VERTEX_POINT('',#5536);
#5536 = CARTESIAN_POINT('',(-33.55307433929,2.55,6.107343901026));
#5537 = LINE('',#5538,#5539);
#5538 = CARTESIAN_POINT('',(-33.26039464215,2.55,3.322682593994));
#5539 = VECTOR('',#5540,1.);
#5540 = DIRECTION('',(-0.104528463268,0.,0.994521895368));
#5541 = ORIENTED_EDGE('',*,*,#5542,.T.);
#5542 = EDGE_CURVE('',#5533,#5543,#5545,.T.);
#5543 = VERTEX_POINT('',#5544);
#5544 = CARTESIAN_POINT('',(-33.26039464215,7.45,3.322682593994));
#5545 = LINE('',#5546,#5547);
#5546 = CARTESIAN_POINT('',(-33.26039464215,2.55,3.322682593994));
#5547 = VECTOR('',#5548,1.);
#5548 = DIRECTION('',(0.,1.,0.));
#5549 = ORIENTED_EDGE('',*,*,#5550,.T.);
#5550 = EDGE_CURVE('',#5543,#5551,#5553,.T.);
#5551 = VERTEX_POINT('',#5552);
#5552 = CARTESIAN_POINT('',(-33.55307433929,7.45,6.107343901026));
#5553 = LINE('',#5554,#5555);
#5554 = CARTESIAN_POINT('',(-33.26039464215,7.45,3.322682593994));
#5555 = VECTOR('',#5556,1.);
#5556 = DIRECTION('',(-0.104528463268,0.,0.994521895368));
#5557 = ORIENTED_EDGE('',*,*,#5558,.F.);
#5558 = EDGE_CURVE('',#5535,#5551,#5559,.T.);
#5559 = LINE('',#5560,#5561);
#5560 = CARTESIAN_POINT('',(-33.55307433929,2.55,6.107343901026));
#5561 = VECTOR('',#5562,1.);
#5562 = DIRECTION('',(0.,1.,0.));
#5563 = PLANE('',#5564);
#5564 = AXIS2_PLACEMENT_3D('',#5565,#5566,#5567);
#5565 = CARTESIAN_POINT('',(-33.26039464215,2.55,3.322682593994));
#5566 = DIRECTION('',(0.994521895368,0.,0.104528463268));
#5567 = DIRECTION('',(-0.104528463268,0.,0.994521895368));
#5568 = ADVANCED_FACE('',(#5569),#5585,.F.);
#5569 = FACE_BOUND('',#5570,.F.);
#5570 = EDGE_LOOP('',(#5571,#5577,#5578,#5584));
#5571 = ORIENTED_EDGE('',*,*,#5572,.F.);
#5572 = EDGE_CURVE('',#5493,#5533,#5573,.T.);
#5573 = LINE('',#5574,#5575);
#5574 = CARTESIAN_POINT('',(-47.28315336684,2.55,1.848831261921));
#5575 = VECTOR('',#5576,1.);
#5576 = DIRECTION('',(0.994521895368,0.,0.104528463268));
#5577 = ORIENTED_EDGE('',*,*,#5492,.T.);
#5578 = ORIENTED_EDGE('',*,*,#5579,.T.);
#5579 = EDGE_CURVE('',#5495,#5535,#5580,.T.);
#5580 = LINE('',#5581,#5582);
#5581 = CARTESIAN_POINT('',(-47.57583306399,2.55,4.633492568952));
#5582 = VECTOR('',#5583,1.);
#5583 = DIRECTION('',(0.994521895368,0.,0.104528463268));
#5584 = ORIENTED_EDGE('',*,*,#5532,.F.);
#5585 = PLANE('',#5586);
#5586 = AXIS2_PLACEMENT_3D('',#5587,#5588,#5589);
#5587 = CARTESIAN_POINT('',(-47.28315336684,2.55,1.848831261921));
#5588 = DIRECTION('',(0.,1.,0.));
#5589 = DIRECTION('',(-0.104528463268,0.,0.994521895368));
#5590 = ADVANCED_FACE('',(#5591),#5607,.T.);
#5591 = FACE_BOUND('',#5592,.T.);
#5592 = EDGE_LOOP('',(#5593,#5599,#5600,#5606));
#5593 = ORIENTED_EDGE('',*,*,#5594,.F.);
#5594 = EDGE_CURVE('',#5503,#5543,#5595,.T.);
#5595 = LINE('',#5596,#5597);
#5596 = CARTESIAN_POINT('',(-47.28315336684,7.45,1.848831261921));
#5597 = VECTOR('',#5598,1.);
#5598 = DIRECTION('',(0.994521895368,0.,0.104528463268));
#5599 = ORIENTED_EDGE('',*,*,#5510,.T.);
#5600 = ORIENTED_EDGE('',*,*,#5601,.T.);
#5601 = EDGE_CURVE('',#5511,#5551,#5602,.T.);
#5602 = LINE('',#5603,#5604);
#5603 = CARTESIAN_POINT('',(-47.57583306399,7.45,4.633492568952));
#5604 = VECTOR('',#5605,1.);
#5605 = DIRECTION('',(0.994521895368,0.,0.104528463268));
#5606 = ORIENTED_EDGE('',*,*,#5550,.F.);
#5607 = PLANE('',#5608);
#5608 = AXIS2_PLACEMENT_3D('',#5609,#5610,#5611);
#5609 = CARTESIAN_POINT('',(-47.28315336684,7.45,1.848831261921));
#5610 = DIRECTION('',(0.,1.,0.));
#5611 = DIRECTION('',(-0.104528463268,0.,0.994521895368));
#5612 = ADVANCED_FACE('',(#5613),#5619,.F.);
#5613 = FACE_BOUND('',#5614,.F.);
#5614 = EDGE_LOOP('',(#5615,#5616,#5617,#5618));
#5615 = ORIENTED_EDGE('',*,*,#5502,.F.);
#5616 = ORIENTED_EDGE('',*,*,#5572,.T.);
#5617 = ORIENTED_EDGE('',*,*,#5542,.T.);
#5618 = ORIENTED_EDGE('',*,*,#5594,.F.);
#5619 = PLANE('',#5620);
#5620 = AXIS2_PLACEMENT_3D('',#5621,#5622,#5623);
#5621 = CARTESIAN_POINT('',(-47.28315336684,2.55,1.848831261921));
#5622 = DIRECTION('',(-0.104528463268,0.,0.994521895368));
#5623 = DIRECTION('',(0.994521895368,0.,0.104528463268));
#5624 = ADVANCED_FACE('',(#5625),#5631,.T.);
#5625 = FACE_BOUND('',#5626,.T.);
#5626 = EDGE_LOOP('',(#5627,#5628,#5629,#5630));
#5627 = ORIENTED_EDGE('',*,*,#5518,.F.);
#5628 = ORIENTED_EDGE('',*,*,#5579,.T.);
#5629 = ORIENTED_EDGE('',*,*,#5558,.T.);
#5630 = ORIENTED_EDGE('',*,*,#5601,.F.);
#5631 = PLANE('',#5632);
#5632 = AXIS2_PLACEMENT_3D('',#5633,#5634,#5635);
#5633 = CARTESIAN_POINT('',(-47.57583306399,2.55,4.633492568952));
#5634 = DIRECTION('',(-0.104528463268,0.,0.994521895368));
#5635 = DIRECTION('',(0.994521895368,0.,0.104528463268));
#5636 = ( GEOMETRIC_REPRESENTATION_CONTEXT(3) 
GLOBAL_UNCERTAINTY_ASSIGNED_CONTEXT((#5640)) 
GLOBAL_UNIT_ASSIGNED_CONTEXT((#5637,#5638,#5639)) REPRESENTATION_CONTEXT
('Context #1','3D Context with UNIT and UNCERTAINTY') );
#5637 = ( LENGTH_UNIT() NAMED_UNIT(*) SI_UNIT(.MILLI.,.METRE.) );
#5638 = ( NAMED_UNIT(*) PLANE_ANGLE_UNIT() SI_UNIT($,.RADIAN.) );
#5639 = ( NAMED_UNIT(*) SI_UNIT($,.STERADIAN.) SOLID_ANGLE_UNIT() );
#5640 = UNCERTAINTY_MEASURE_WITH_UNIT(LENGTH_MEASURE(1.E-07),#5637,
  'distance_accuracy_value','confusion accuracy');
#5641 = CONTEXT_DEPENDENT_SHAPE_REPRESENTATION(#5642,#5644);
#5642 = ( REPRESENTATION_RELATIONSHIP('','',#5485,#10) 
REPRESENTATION_RELATIONSHIP_WITH_TRANSFORMATION(#5643) 
SHAPE_REPRESENTATION_RELATIONSHIP() );
#5643 = ITEM_DEFINED_TRANSFORMATION('','',#11,#43);
#5644 = PRODUCT_DEFINITION_SHAPE('Placement','Placement of an item',
  #5645);
#5645 = NEXT_ASSEMBLY_USAGE_OCCURRENCE('8',
  'Left controller-to-spring FFC connector','',#5,#5480,$);
#5646 = PRODUCT_RELATED_PRODUCT_CATEGORY('part',$,(#5482));
#5647 = SHAPE_DEFINITION_REPRESENTATION(#5648,#5654);
#5648 = PRODUCT_DEFINITION_SHAPE('','',#5649);
#5649 = PRODUCT_DEFINITION('design','',#5650,#5653);
#5650 = PRODUCT_DEFINITION_FORMATION('','',#5651);
#5651 = PRODUCT('Left Hall-PCB target interface',
  'Left Hall-PCB target interface','',(#5652));
#5652 = PRODUCT_CONTEXT('',#2,'mechanical');
#5653 = PRODUCT_DEFINITION_CONTEXT('part definition',#2,'design');
#5654 = SHAPE_REPRESENTATION('',(#11,#5655,#5805,#5858,#5911,#5964,#6017
    ,#6070,#6123,#6176,#6229,#6282,#6335,#6388,#6441,#6494,#6547,#6600,
    #6653,#6706,#6759,#6812,#6865,#6918,#6971,#7024),#7077);
#5655 = MANIFOLD_SOLID_BREP('',#5656);
#5656 = CLOSED_SHELL('',(#5657,#5697,#5737,#5759,#5781,#5793));
#5657 = ADVANCED_FACE('',(#5658),#5692,.F.);
#5658 = FACE_BOUND('',#5659,.F.);
#5659 = EDGE_LOOP('',(#5660,#5670,#5678,#5686));
#5660 = ORIENTED_EDGE('',*,*,#5661,.F.);
#5661 = EDGE_CURVE('',#5662,#5664,#5666,.T.);
#5662 = VERTEX_POINT('',#5663);
#5663 = CARTESIAN_POINT('',(-47.91965807377,-0.95,6.708922491317));
#5664 = VERTEX_POINT('',#5665);
#5665 = CARTESIAN_POINT('',(-48.03463938336,-0.95,7.802896576222));
#5666 = LINE('',#5667,#5668);
#5667 = CARTESIAN_POINT('',(-47.91965807377,-0.95,6.708922491317));
#5668 = VECTOR('',#5669,1.);
#5669 = DIRECTION('',(-0.104528463268,0.,0.994521895368));
#5670 = ORIENTED_EDGE('',*,*,#5671,.T.);
#5671 = EDGE_CURVE('',#5662,#5672,#5674,.T.);
#5672 = VERTEX_POINT('',#5673);
#5673 = CARTESIAN_POINT('',(-47.91965807377,0.95,6.708922491317));
#5674 = LINE('',#5675,#5676);
#5675 = CARTESIAN_POINT('',(-47.91965807377,-0.95,6.708922491317));
#5676 = VECTOR('',#5677,1.);
#5677 = DIRECTION('',(0.,1.,0.));
#5678 = ORIENTED_EDGE('',*,*,#5679,.T.);
#5679 = EDGE_CURVE('',#5672,#5680,#5682,.T.);
#5680 = VERTEX_POINT('',#5681);
#5681 = CARTESIAN_POINT('',(-48.03463938336,0.95,7.802896576222));
#5682 = LINE('',#5683,#5684);
#5683 = CARTESIAN_POINT('',(-47.91965807377,0.95,6.708922491317));
#5684 = VECTOR('',#5685,1.);
#5685 = DIRECTION('',(-0.104528463268,0.,0.994521895368));
#5686 = ORIENTED_EDGE('',*,*,#5687,.F.);
#5687 = EDGE_CURVE('',#5664,#5680,#5688,.T.);
#5688 = LINE('',#5689,#5690);
#5689 = CARTESIAN_POINT('',(-48.03463938336,-0.95,7.802896576222));
#5690 = VECTOR('',#5691,1.);
#5691 = DIRECTION('',(0.,1.,0.));
#5692 = PLANE('',#5693);
#5693 = AXIS2_PLACEMENT_3D('',#5694,#5695,#5696);
#5694 = CARTESIAN_POINT('',(-47.91965807377,-0.95,6.708922491317));
#5695 = DIRECTION('',(0.994521895368,0.,0.104528463268));
#5696 = DIRECTION('',(-0.104528463268,0.,0.994521895368));
#5697 = ADVANCED_FACE('',(#5698),#5732,.T.);
#5698 = FACE_BOUND('',#5699,.T.);
#5699 = EDGE_LOOP('',(#5700,#5710,#5718,#5726));
#5700 = ORIENTED_EDGE('',*,*,#5701,.F.);
#5701 = EDGE_CURVE('',#5702,#5704,#5706,.T.);
#5702 = VERTEX_POINT('',#5703);
#5703 = CARTESIAN_POINT('',(-33.64826887524,-0.95,8.208905939207));
#5704 = VERTEX_POINT('',#5705);
#5705 = CARTESIAN_POINT('',(-33.76325018483,-0.95,9.302880024113));
#5706 = LINE('',#5707,#5708);
#5707 = CARTESIAN_POINT('',(-33.64826887524,-0.95,8.208905939207));
#5708 = VECTOR('',#5709,1.);
#5709 = DIRECTION('',(-0.104528463268,0.,0.994521895368));
#5710 = ORIENTED_EDGE('',*,*,#5711,.T.);
#5711 = EDGE_CURVE('',#5702,#5712,#5714,.T.);
#5712 = VERTEX_POINT('',#5713);
#5713 = CARTESIAN_POINT('',(-33.64826887524,0.95,8.208905939207));
#5714 = LINE('',#5715,#5716);
#5715 = CARTESIAN_POINT('',(-33.64826887524,-0.95,8.208905939207));
#5716 = VECTOR('',#5717,1.);
#5717 = DIRECTION('',(0.,1.,0.));
#5718 = ORIENTED_EDGE('',*,*,#5719,.T.);
#5719 = EDGE_CURVE('',#5712,#5720,#5722,.T.);
#5720 = VERTEX_POINT('',#5721);
#5721 = CARTESIAN_POINT('',(-33.76325018483,0.95,9.302880024113));
#5722 = LINE('',#5723,#5724);
#5723 = CARTESIAN_POINT('',(-33.64826887524,0.95,8.208905939207));
#5724 = VECTOR('',#5725,1.);
#5725 = DIRECTION('',(-0.104528463268,0.,0.994521895368));
#5726 = ORIENTED_EDGE('',*,*,#5727,.F.);
#5727 = EDGE_CURVE('',#5704,#5720,#5728,.T.);
#5728 = LINE('',#5729,#5730);
#5729 = CARTESIAN_POINT('',(-33.76325018483,-0.95,9.302880024113));
#5730 = VECTOR('',#5731,1.);
#5731 = DIRECTION('',(0.,1.,0.));
#5732 = PLANE('',#5733);
#5733 = AXIS2_PLACEMENT_3D('',#5734,#5735,#5736);
#5734 = CARTESIAN_POINT('',(-33.64826887524,-0.95,8.208905939207));
#5735 = DIRECTION('',(0.994521895368,0.,0.104528463268));
#5736 = DIRECTION('',(-0.104528463268,0.,0.994521895368));
#5737 = ADVANCED_FACE('',(#5738),#5754,.F.);
#5738 = FACE_BOUND('',#5739,.F.);
#5739 = EDGE_LOOP('',(#5740,#5746,#5747,#5753));
#5740 = ORIENTED_EDGE('',*,*,#5741,.F.);
#5741 = EDGE_CURVE('',#5662,#5702,#5742,.T.);
#5742 = LINE('',#5743,#5744);
#5743 = CARTESIAN_POINT('',(-47.91965807377,-0.95,6.708922491317));
#5744 = VECTOR('',#5745,1.);
#5745 = DIRECTION('',(0.994521895368,0.,0.104528463268));
#5746 = ORIENTED_EDGE('',*,*,#5661,.T.);
#5747 = ORIENTED_EDGE('',*,*,#5748,.T.);
#5748 = EDGE_CURVE('',#5664,#5704,#5749,.T.);
#5749 = LINE('',#5750,#5751);
#5750 = CARTESIAN_POINT('',(-48.03463938336,-0.95,7.802896576222));
#5751 = VECTOR('',#5752,1.);
#5752 = DIRECTION('',(0.994521895368,0.,0.104528463268));
#5753 = ORIENTED_EDGE('',*,*,#5701,.F.);
#5754 = PLANE('',#5755);
#5755 = AXIS2_PLACEMENT_3D('',#5756,#5757,#5758);
#5756 = CARTESIAN_POINT('',(-47.91965807377,-0.95,6.708922491317));
#5757 = DIRECTION('',(0.,1.,0.));
#5758 = DIRECTION('',(-0.104528463268,0.,0.994521895368));
#5759 = ADVANCED_FACE('',(#5760),#5776,.T.);
#5760 = FACE_BOUND('',#5761,.T.);
#5761 = EDGE_LOOP('',(#5762,#5768,#5769,#5775));
#5762 = ORIENTED_EDGE('',*,*,#5763,.F.);
#5763 = EDGE_CURVE('',#5672,#5712,#5764,.T.);
#5764 = LINE('',#5765,#5766);
#5765 = CARTESIAN_POINT('',(-47.91965807377,0.95,6.708922491317));
#5766 = VECTOR('',#5767,1.);
#5767 = DIRECTION('',(0.994521895368,0.,0.104528463268));
#5768 = ORIENTED_EDGE('',*,*,#5679,.T.);
#5769 = ORIENTED_EDGE('',*,*,#5770,.T.);
#5770 = EDGE_CURVE('',#5680,#5720,#5771,.T.);
#5771 = LINE('',#5772,#5773);
#5772 = CARTESIAN_POINT('',(-48.03463938336,0.95,7.802896576222));
#5773 = VECTOR('',#5774,1.);
#5774 = DIRECTION('',(0.994521895368,0.,0.104528463268));
#5775 = ORIENTED_EDGE('',*,*,#5719,.F.);
#5776 = PLANE('',#5777);
#5777 = AXIS2_PLACEMENT_3D('',#5778,#5779,#5780);
#5778 = CARTESIAN_POINT('',(-47.91965807377,0.95,6.708922491317));
#5779 = DIRECTION('',(0.,1.,0.));
#5780 = DIRECTION('',(-0.104528463268,0.,0.994521895368));
#5781 = ADVANCED_FACE('',(#5782),#5788,.F.);
#5782 = FACE_BOUND('',#5783,.F.);
#5783 = EDGE_LOOP('',(#5784,#5785,#5786,#5787));
#5784 = ORIENTED_EDGE('',*,*,#5671,.F.);
#5785 = ORIENTED_EDGE('',*,*,#5741,.T.);
#5786 = ORIENTED_EDGE('',*,*,#5711,.T.);
#5787 = ORIENTED_EDGE('',*,*,#5763,.F.);
#5788 = PLANE('',#5789);
#5789 = AXIS2_PLACEMENT_3D('',#5790,#5791,#5792);
#5790 = CARTESIAN_POINT('',(-47.91965807377,-0.95,6.708922491317));
#5791 = DIRECTION('',(-0.104528463268,0.,0.994521895368));
#5792 = DIRECTION('',(0.994521895368,0.,0.104528463268));
#5793 = ADVANCED_FACE('',(#5794),#5800,.T.);
#5794 = FACE_BOUND('',#5795,.T.);
#5795 = EDGE_LOOP('',(#5796,#5797,#5798,#5799));
#5796 = ORIENTED_EDGE('',*,*,#5687,.F.);
#5797 = ORIENTED_EDGE('',*,*,#5748,.T.);
#5798 = ORIENTED_EDGE('',*,*,#5727,.T.);
#5799 = ORIENTED_EDGE('',*,*,#5770,.F.);
#5800 = PLANE('',#5801);
#5801 = AXIS2_PLACEMENT_3D('',#5802,#5803,#5804);
#5802 = CARTESIAN_POINT('',(-48.03463938336,-0.95,7.802896576222));
#5803 = DIRECTION('',(-0.104528463268,0.,0.994521895368));
#5804 = DIRECTION('',(0.994521895368,0.,0.104528463268));
#5805 = MANIFOLD_SOLID_BREP('',#5806);
#5806 = CLOSED_SHELL('',(#5807,#5840,#5849));
#5807 = ADVANCED_FACE('',(#5808),#5835,.T.);
#5808 = FACE_BOUND('',#5809,.T.);
#5809 = EDGE_LOOP('',(#5810,#5819,#5827,#5834));
#5810 = ORIENTED_EDGE('',*,*,#5811,.F.);
#5811 = EDGE_CURVE('',#5812,#5812,#5814,.T.);
#5812 = VERTEX_POINT('',#5813);
#5813 = CARTESIAN_POINT('',(-47.10873522122,-1.310372075088E-16,
    5.929416797169));
#5814 = CIRCLE('',#5815,0.535);
#5815 = AXIS2_PLACEMENT_3D('',#5816,#5817,#5818);
#5816 = CARTESIAN_POINT('',(-47.64080443524,0.,5.873494069321));
#5817 = DIRECTION('',(-0.104528463268,0.,0.994521895368));
#5818 = DIRECTION('',(0.994521895368,0.,0.104528463268));
#5819 = ORIENTED_EDGE('',*,*,#5820,.F.);
#5820 = EDGE_CURVE('',#5821,#5812,#5823,.T.);
#5821 = VERTEX_POINT('',#5822);
#5822 = CARTESIAN_POINT('',(-47.0826031054,-1.310372075088E-16,
    5.680786323327));
#5823 = LINE('',#5824,#5825);
#5824 = CARTESIAN_POINT('',(-47.0826031054,-1.310372075088E-16,
    5.680786323327));
#5825 = VECTOR('',#5826,1.);
#5826 = DIRECTION('',(-0.104528463268,0.,0.994521895368));
#5827 = ORIENTED_EDGE('',*,*,#5828,.T.);
#5828 = EDGE_CURVE('',#5821,#5821,#5829,.T.);
#5829 = CIRCLE('',#5830,0.535);
#5830 = AXIS2_PLACEMENT_3D('',#5831,#5832,#5833);
#5831 = CARTESIAN_POINT('',(-47.61467231942,0.,5.624863595479));
#5832 = DIRECTION('',(-0.104528463268,0.,0.994521895368));
#5833 = DIRECTION('',(0.994521895368,0.,0.104528463268));
#5834 = ORIENTED_EDGE('',*,*,#5820,.T.);
#5835 = CYLINDRICAL_SURFACE('',#5836,0.535);
#5836 = AXIS2_PLACEMENT_3D('',#5837,#5838,#5839);
#5837 = CARTESIAN_POINT('',(-47.61467231942,0.,5.624863595479));
#5838 = DIRECTION('',(-0.104528463268,0.,0.994521895368));
#5839 = DIRECTION('',(0.994521895368,0.,0.104528463268));
#5840 = ADVANCED_FACE('',(#5841),#5844,.T.);
#5841 = FACE_BOUND('',#5842,.T.);
#5842 = EDGE_LOOP('',(#5843));
#5843 = ORIENTED_EDGE('',*,*,#5811,.T.);
#5844 = PLANE('',#5845);
#5845 = AXIS2_PLACEMENT_3D('',#5846,#5847,#5848);
#5846 = CARTESIAN_POINT('',(-47.64080443524,0.,5.873494069321));
#5847 = DIRECTION('',(-0.104528463268,0.,0.994521895368));
#5848 = DIRECTION('',(0.994521895368,0.,0.104528463268));
#5849 = ADVANCED_FACE('',(#5850),#5853,.F.);
#5850 = FACE_BOUND('',#5851,.T.);
#5851 = EDGE_LOOP('',(#5852));
#5852 = ORIENTED_EDGE('',*,*,#5828,.F.);
#5853 = PLANE('',#5854);
#5854 = AXIS2_PLACEMENT_3D('',#5855,#5856,#5857);
#5855 = CARTESIAN_POINT('',(-47.61467231942,0.,5.624863595479));
#5856 = DIRECTION('',(-0.104528463268,0.,0.994521895368));
#5857 = DIRECTION('',(0.994521895368,0.,0.104528463268));
#5858 = MANIFOLD_SOLID_BREP('',#5859);
#5859 = CLOSED_SHELL('',(#5860,#5893,#5902));
#5860 = ADVANCED_FACE('',(#5861),#5888,.T.);
#5861 = FACE_BOUND('',#5862,.T.);
#5862 = EDGE_LOOP('',(#5863,#5872,#5880,#5887));
#5863 = ORIENTED_EDGE('',*,*,#5864,.F.);
#5864 = EDGE_CURVE('',#5865,#5865,#5867,.T.);
#5865 = VERTEX_POINT('',#5866);
#5866 = CARTESIAN_POINT('',(-47.51748799777,-8.082668874373E-17,
    7.857251377121));
#5867 = CIRCLE('',#5868,0.33);
#5868 = AXIS2_PLACEMENT_3D('',#5869,#5870,#5871);
#5869 = CARTESIAN_POINT('',(-47.84568022324,0.,7.822756984243));
#5870 = DIRECTION('',(-0.104528463268,0.,0.994521895368));
#5871 = DIRECTION('',(0.994521895368,0.,0.104528463268));
#5872 = ORIENTED_EDGE('',*,*,#5873,.F.);
#5873 = EDGE_CURVE('',#5874,#5865,#5876,.T.);
#5874 = VERTEX_POINT('',#5875);
#5875 = CARTESIAN_POINT('',(-47.28648009395,-8.082668874373E-17,
    5.659357988357));
#5876 = LINE('',#5877,#5878);
#5877 = CARTESIAN_POINT('',(-47.28648009395,-8.082668874373E-17,
    5.659357988357));
#5878 = VECTOR('',#5879,1.);
#5879 = DIRECTION('',(-0.104528463268,0.,0.994521895368));
#5880 = ORIENTED_EDGE('',*,*,#5881,.T.);
#5881 = EDGE_CURVE('',#5874,#5874,#5882,.T.);
#5882 = CIRCLE('',#5883,0.33);
#5883 = AXIS2_PLACEMENT_3D('',#5884,#5885,#5886);
#5884 = CARTESIAN_POINT('',(-47.61467231942,0.,5.624863595479));
#5885 = DIRECTION('',(-0.104528463268,0.,0.994521895368));
#5886 = DIRECTION('',(0.994521895368,0.,0.104528463268));
#5887 = ORIENTED_EDGE('',*,*,#5873,.T.);
#5888 = CYLINDRICAL_SURFACE('',#5889,0.33);
#5889 = AXIS2_PLACEMENT_3D('',#5890,#5891,#5892);
#5890 = CARTESIAN_POINT('',(-47.61467231942,0.,5.624863595479));
#5891 = DIRECTION('',(-0.104528463268,0.,0.994521895368));
#5892 = DIRECTION('',(0.994521895368,0.,0.104528463268));
#5893 = ADVANCED_FACE('',(#5894),#5897,.T.);
#5894 = FACE_BOUND('',#5895,.T.);
#5895 = EDGE_LOOP('',(#5896));
#5896 = ORIENTED_EDGE('',*,*,#5864,.T.);
#5897 = PLANE('',#5898);
#5898 = AXIS2_PLACEMENT_3D('',#5899,#5900,#5901);
#5899 = CARTESIAN_POINT('',(-47.84568022324,0.,7.822756984243));
#5900 = DIRECTION('',(-0.104528463268,0.,0.994521895368));
#5901 = DIRECTION('',(0.994521895368,0.,0.104528463268));
#5902 = ADVANCED_FACE('',(#5903),#5906,.F.);
#5903 = FACE_BOUND('',#5904,.T.);
#5904 = EDGE_LOOP('',(#5905));
#5905 = ORIENTED_EDGE('',*,*,#5881,.F.);
#5906 = PLANE('',#5907);
#5907 = AXIS2_PLACEMENT_3D('',#5908,#5909,#5910);
#5908 = CARTESIAN_POINT('',(-47.61467231942,0.,5.624863595479));
#5909 = DIRECTION('',(-0.104528463268,0.,0.994521895368));
#5910 = DIRECTION('',(0.994521895368,0.,0.104528463268));
#5911 = MANIFOLD_SOLID_BREP('',#5912);
#5912 = CLOSED_SHELL('',(#5913,#5946,#5955));
#5913 = ADVANCED_FACE('',(#5914),#5941,.T.);
#5914 = FACE_BOUND('',#5915,.T.);
#5915 = EDGE_LOOP('',(#5916,#5925,#5933,#5940));
#5916 = ORIENTED_EDGE('',*,*,#5917,.F.);
#5917 = EDGE_CURVE('',#5918,#5918,#5920,.T.);
#5918 = VERTEX_POINT('',#5919);
#5919 = CARTESIAN_POINT('',(-45.8456924141,-1.310372075088E-16,
    6.062167945519));
#5920 = CIRCLE('',#5921,0.535);
#5921 = AXIS2_PLACEMENT_3D('',#5922,#5923,#5924);
#5922 = CARTESIAN_POINT('',(-46.37776162812,0.,6.006245217671));
#5923 = DIRECTION('',(-0.104528463268,0.,0.994521895368));
#5924 = DIRECTION('',(0.994521895368,0.,0.104528463268));
#5925 = ORIENTED_EDGE('',*,*,#5926,.F.);
#5926 = EDGE_CURVE('',#5927,#5918,#5929,.T.);
#5927 = VERTEX_POINT('',#5928);
#5928 = CARTESIAN_POINT('',(-45.81956029828,-1.310372075088E-16,
    5.813537471677));
#5929 = LINE('',#5930,#5931);
#5930 = CARTESIAN_POINT('',(-45.81956029828,-1.310372075088E-16,
    5.813537471677));
#5931 = VECTOR('',#5932,1.);
#5932 = DIRECTION('',(-0.104528463268,0.,0.994521895368));
#5933 = ORIENTED_EDGE('',*,*,#5934,.T.);
#5934 = EDGE_CURVE('',#5927,#5927,#5935,.T.);
#5935 = CIRCLE('',#5936,0.535);
#5936 = AXIS2_PLACEMENT_3D('',#5937,#5938,#5939);
#5937 = CARTESIAN_POINT('',(-46.35162951231,0.,5.757614743829));
#5938 = DIRECTION('',(-0.104528463268,0.,0.994521895368));
#5939 = DIRECTION('',(0.994521895368,0.,0.104528463268));
#5940 = ORIENTED_EDGE('',*,*,#5926,.T.);
#5941 = CYLINDRICAL_SURFACE('',#5942,0.535);
#5942 = AXIS2_PLACEMENT_3D('',#5943,#5944,#5945);
#5943 = CARTESIAN_POINT('',(-46.35162951231,0.,5.757614743829));
#5944 = DIRECTION('',(-0.104528463268,0.,0.994521895368));
#5945 = DIRECTION('',(0.994521895368,0.,0.104528463268));
#5946 = ADVANCED_FACE('',(#5947),#5950,.T.);
#5947 = FACE_BOUND('',#5948,.T.);
#5948 = EDGE_LOOP('',(#5949));
#5949 = ORIENTED_EDGE('',*,*,#5917,.T.);
#5950 = PLANE('',#5951);
#5951 = AXIS2_PLACEMENT_3D('',#5952,#5953,#5954);
#5952 = CARTESIAN_POINT('',(-46.37776162812,0.,6.006245217671));
#5953 = DIRECTION('',(-0.104528463268,0.,0.994521895368));
#5954 = DIRECTION('',(0.994521895368,0.,0.104528463268));
#5955 = ADVANCED_FACE('',(#5956),#5959,.F.);
#5956 = FACE_BOUND('',#5957,.T.);
#5957 = EDGE_LOOP('',(#5958));
#5958 = ORIENTED_EDGE('',*,*,#5934,.F.);
#5959 = PLANE('',#5960);
#5960 = AXIS2_PLACEMENT_3D('',#5961,#5962,#5963);
#5961 = CARTESIAN_POINT('',(-46.35162951231,0.,5.757614743829));
#5962 = DIRECTION('',(-0.104528463268,0.,0.994521895368));
#5963 = DIRECTION('',(0.994521895368,0.,0.104528463268));
#5964 = MANIFOLD_SOLID_BREP('',#5965);
#5965 = CLOSED_SHELL('',(#5966,#5999,#6008));
#5966 = ADVANCED_FACE('',(#5967),#5994,.T.);
#5967 = FACE_BOUND('',#5968,.T.);
#5968 = EDGE_LOOP('',(#5969,#5978,#5986,#5993));
#5969 = ORIENTED_EDGE('',*,*,#5970,.F.);
#5970 = EDGE_CURVE('',#5971,#5971,#5973,.T.);
#5971 = VERTEX_POINT('',#5972);
#5972 = CARTESIAN_POINT('',(-46.25444519066,-8.082668874373E-17,
    7.990002525471));
#5973 = CIRCLE('',#5974,0.33);
#5974 = AXIS2_PLACEMENT_3D('',#5975,#5976,#5977);
#5975 = CARTESIAN_POINT('',(-46.58263741613,0.,7.955508132593));
#5976 = DIRECTION('',(-0.104528463268,0.,0.994521895368));
#5977 = DIRECTION('',(0.994521895368,0.,0.104528463268));
#5978 = ORIENTED_EDGE('',*,*,#5979,.F.);
#5979 = EDGE_CURVE('',#5980,#5971,#5982,.T.);
#5980 = VERTEX_POINT('',#5981);
#5981 = CARTESIAN_POINT('',(-46.02343728683,-8.082668874373E-17,
    5.792109136707));
#5982 = LINE('',#5983,#5984);
#5983 = CARTESIAN_POINT('',(-46.02343728683,-8.082668874373E-17,
    5.792109136707));
#5984 = VECTOR('',#5985,1.);
#5985 = DIRECTION('',(-0.104528463268,0.,0.994521895368));
#5986 = ORIENTED_EDGE('',*,*,#5987,.T.);
#5987 = EDGE_CURVE('',#5980,#5980,#5988,.T.);
#5988 = CIRCLE('',#5989,0.33);
#5989 = AXIS2_PLACEMENT_3D('',#5990,#5991,#5992);
#5990 = CARTESIAN_POINT('',(-46.35162951231,0.,5.757614743829));
#5991 = DIRECTION('',(-0.104528463268,0.,0.994521895368));
#5992 = DIRECTION('',(0.994521895368,0.,0.104528463268));
#5993 = ORIENTED_EDGE('',*,*,#5979,.T.);
#5994 = CYLINDRICAL_SURFACE('',#5995,0.33);
#5995 = AXIS2_PLACEMENT_3D('',#5996,#5997,#5998);
#5996 = CARTESIAN_POINT('',(-46.35162951231,0.,5.757614743829));
#5997 = DIRECTION('',(-0.104528463268,0.,0.994521895368));
#5998 = DIRECTION('',(0.994521895368,0.,0.104528463268));
#5999 = ADVANCED_FACE('',(#6000),#6003,.T.);
#6000 = FACE_BOUND('',#6001,.T.);
#6001 = EDGE_LOOP('',(#6002));
#6002 = ORIENTED_EDGE('',*,*,#5970,.T.);
#6003 = PLANE('',#6004);
#6004 = AXIS2_PLACEMENT_3D('',#6005,#6006,#6007);
#6005 = CARTESIAN_POINT('',(-46.58263741613,0.,7.955508132593));
#6006 = DIRECTION('',(-0.104528463268,0.,0.994521895368));
#6007 = DIRECTION('',(0.994521895368,0.,0.104528463268));
#6008 = ADVANCED_FACE('',(#6009),#6012,.F.);
#6009 = FACE_BOUND('',#6010,.T.);
#6010 = EDGE_LOOP('',(#6011));
#6011 = ORIENTED_EDGE('',*,*,#5987,.F.);
#6012 = PLANE('',#6013);
#6013 = AXIS2_PLACEMENT_3D('',#6014,#6015,#6016);
#6014 = CARTESIAN_POINT('',(-46.35162951231,0.,5.757614743829));
#6015 = DIRECTION('',(-0.104528463268,0.,0.994521895368));
#6016 = DIRECTION('',(0.994521895368,0.,0.104528463268));
#6017 = MANIFOLD_SOLID_BREP('',#6018);
#6018 = CLOSED_SHELL('',(#6019,#6052,#6061));
#6019 = ADVANCED_FACE('',(#6020),#6047,.T.);
#6020 = FACE_BOUND('',#6021,.T.);
#6021 = EDGE_LOOP('',(#6022,#6031,#6039,#6046));
#6022 = ORIENTED_EDGE('',*,*,#6023,.F.);
#6023 = EDGE_CURVE('',#6024,#6024,#6026,.T.);
#6024 = VERTEX_POINT('',#6025);
#6025 = CARTESIAN_POINT('',(-44.58264960698,-1.310372075088E-16,
    6.194919093869));
#6026 = CIRCLE('',#6027,0.535);
#6027 = AXIS2_PLACEMENT_3D('',#6028,#6029,#6030);
#6028 = CARTESIAN_POINT('',(-45.114718821,0.,6.138996366021));
#6029 = DIRECTION('',(-0.104528463268,0.,0.994521895368));
#6030 = DIRECTION('',(0.994521895368,0.,0.104528463268));
#6031 = ORIENTED_EDGE('',*,*,#6032,.F.);
#6032 = EDGE_CURVE('',#6033,#6024,#6035,.T.);
#6033 = VERTEX_POINT('',#6034);
#6034 = CARTESIAN_POINT('',(-44.55651749117,-1.310372075088E-16,
    5.946288620027));
#6035 = LINE('',#6036,#6037);
#6036 = CARTESIAN_POINT('',(-44.55651749117,-1.310372075088E-16,
    5.946288620027));
#6037 = VECTOR('',#6038,1.);
#6038 = DIRECTION('',(-0.104528463268,0.,0.994521895368));
#6039 = ORIENTED_EDGE('',*,*,#6040,.T.);
#6040 = EDGE_CURVE('',#6033,#6033,#6041,.T.);
#6041 = CIRCLE('',#6042,0.535);
#6042 = AXIS2_PLACEMENT_3D('',#6043,#6044,#6045);
#6043 = CARTESIAN_POINT('',(-45.08858670519,0.,5.890365892179));
#6044 = DIRECTION('',(-0.104528463268,0.,0.994521895368));
#6045 = DIRECTION('',(0.994521895368,0.,0.104528463268));
#6046 = ORIENTED_EDGE('',*,*,#6032,.T.);
#6047 = CYLINDRICAL_SURFACE('',#6048,0.535);
#6048 = AXIS2_PLACEMENT_3D('',#6049,#6050,#6051);
#6049 = CARTESIAN_POINT('',(-45.08858670519,0.,5.890365892179));
#6050 = DIRECTION('',(-0.104528463268,0.,0.994521895368));
#6051 = DIRECTION('',(0.994521895368,0.,0.104528463268));
#6052 = ADVANCED_FACE('',(#6053),#6056,.T.);
#6053 = FACE_BOUND('',#6054,.T.);
#6054 = EDGE_LOOP('',(#6055));
#6055 = ORIENTED_EDGE('',*,*,#6023,.T.);
#6056 = PLANE('',#6057);
#6057 = AXIS2_PLACEMENT_3D('',#6058,#6059,#6060);
#6058 = CARTESIAN_POINT('',(-45.114718821,0.,6.138996366021));
#6059 = DIRECTION('',(-0.104528463268,0.,0.994521895368));
#6060 = DIRECTION('',(0.994521895368,0.,0.104528463268));
#6061 = ADVANCED_FACE('',(#6062),#6065,.F.);
#6062 = FACE_BOUND('',#6063,.T.);
#6063 = EDGE_LOOP('',(#6064));
#6064 = ORIENTED_EDGE('',*,*,#6040,.F.);
#6065 = PLANE('',#6066);
#6066 = AXIS2_PLACEMENT_3D('',#6067,#6068,#6069);
#6067 = CARTESIAN_POINT('',(-45.08858670519,0.,5.890365892179));
#6068 = DIRECTION('',(-0.104528463268,0.,0.994521895368));
#6069 = DIRECTION('',(0.994521895368,0.,0.104528463268));
#6070 = MANIFOLD_SOLID_BREP('',#6071);
#6071 = CLOSED_SHELL('',(#6072,#6105,#6114));
#6072 = ADVANCED_FACE('',(#6073),#6100,.T.);
#6073 = FACE_BOUND('',#6074,.T.);
#6074 = EDGE_LOOP('',(#6075,#6084,#6092,#6099));
#6075 = ORIENTED_EDGE('',*,*,#6076,.F.);
#6076 = EDGE_CURVE('',#6077,#6077,#6079,.T.);
#6077 = VERTEX_POINT('',#6078);
#6078 = CARTESIAN_POINT('',(-44.99140238354,-8.082668874373E-17,
    8.122753673821));
#6079 = CIRCLE('',#6080,0.33);
#6080 = AXIS2_PLACEMENT_3D('',#6081,#6082,#6083);
#6081 = CARTESIAN_POINT('',(-45.31959460901,0.,8.088259280942));
#6082 = DIRECTION('',(-0.104528463268,0.,0.994521895368));
#6083 = DIRECTION('',(0.994521895368,0.,0.104528463268));
#6084 = ORIENTED_EDGE('',*,*,#6085,.F.);
#6085 = EDGE_CURVE('',#6086,#6077,#6088,.T.);
#6086 = VERTEX_POINT('',#6087);
#6087 = CARTESIAN_POINT('',(-44.76039447972,-8.082668874373E-17,
    5.924860285057));
#6088 = LINE('',#6089,#6090);
#6089 = CARTESIAN_POINT('',(-44.76039447972,-8.082668874373E-17,
    5.924860285057));
#6090 = VECTOR('',#6091,1.);
#6091 = DIRECTION('',(-0.104528463268,0.,0.994521895368));
#6092 = ORIENTED_EDGE('',*,*,#6093,.T.);
#6093 = EDGE_CURVE('',#6086,#6086,#6094,.T.);
#6094 = CIRCLE('',#6095,0.33);
#6095 = AXIS2_PLACEMENT_3D('',#6096,#6097,#6098);
#6096 = CARTESIAN_POINT('',(-45.08858670519,0.,5.890365892179));
#6097 = DIRECTION('',(-0.104528463268,0.,0.994521895368));
#6098 = DIRECTION('',(0.994521895368,0.,0.104528463268));
#6099 = ORIENTED_EDGE('',*,*,#6085,.T.);
#6100 = CYLINDRICAL_SURFACE('',#6101,0.33);
#6101 = AXIS2_PLACEMENT_3D('',#6102,#6103,#6104);
#6102 = CARTESIAN_POINT('',(-45.08858670519,0.,5.890365892179));
#6103 = DIRECTION('',(-0.104528463268,0.,0.994521895368));
#6104 = DIRECTION('',(0.994521895368,0.,0.104528463268));
#6105 = ADVANCED_FACE('',(#6106),#6109,.T.);
#6106 = FACE_BOUND('',#6107,.T.);
#6107 = EDGE_LOOP('',(#6108));
#6108 = ORIENTED_EDGE('',*,*,#6076,.T.);
#6109 = PLANE('',#6110);
#6110 = AXIS2_PLACEMENT_3D('',#6111,#6112,#6113);
#6111 = CARTESIAN_POINT('',(-45.31959460901,0.,8.088259280942));
#6112 = DIRECTION('',(-0.104528463268,0.,0.994521895368));
#6113 = DIRECTION('',(0.994521895368,0.,0.104528463268));
#6114 = ADVANCED_FACE('',(#6115),#6118,.F.);
#6115 = FACE_BOUND('',#6116,.T.);
#6116 = EDGE_LOOP('',(#6117));
#6117 = ORIENTED_EDGE('',*,*,#6093,.F.);
#6118 = PLANE('',#6119);
#6119 = AXIS2_PLACEMENT_3D('',#6120,#6121,#6122);
#6120 = CARTESIAN_POINT('',(-45.08858670519,0.,5.890365892179));
#6121 = DIRECTION('',(-0.104528463268,0.,0.994521895368));
#6122 = DIRECTION('',(0.994521895368,0.,0.104528463268));
#6123 = MANIFOLD_SOLID_BREP('',#6124);
#6124 = CLOSED_SHELL('',(#6125,#6158,#6167));
#6125 = ADVANCED_FACE('',(#6126),#6153,.T.);
#6126 = FACE_BOUND('',#6127,.T.);
#6127 = EDGE_LOOP('',(#6128,#6137,#6145,#6152));
#6128 = ORIENTED_EDGE('',*,*,#6129,.F.);
#6129 = EDGE_CURVE('',#6130,#6130,#6132,.T.);
#6130 = VERTEX_POINT('',#6131);
#6131 = CARTESIAN_POINT('',(-43.31960679986,-1.310372075088E-16,
    6.327670242219));
#6132 = CIRCLE('',#6133,0.535);
#6133 = AXIS2_PLACEMENT_3D('',#6134,#6135,#6136);
#6134 = CARTESIAN_POINT('',(-43.85167601389,0.,6.271747514371));
#6135 = DIRECTION('',(-0.104528463268,0.,0.994521895368));
#6136 = DIRECTION('',(0.994521895368,0.,0.104528463268));
#6137 = ORIENTED_EDGE('',*,*,#6138,.F.);
#6138 = EDGE_CURVE('',#6139,#6130,#6141,.T.);
#6139 = VERTEX_POINT('',#6140);
#6140 = CARTESIAN_POINT('',(-43.29347468405,-1.310372075088E-16,
    6.079039768377));
#6141 = LINE('',#6142,#6143);
#6142 = CARTESIAN_POINT('',(-43.29347468405,-1.310372075088E-16,
    6.079039768377));
#6143 = VECTOR('',#6144,1.);
#6144 = DIRECTION('',(-0.104528463268,0.,0.994521895368));
#6145 = ORIENTED_EDGE('',*,*,#6146,.T.);
#6146 = EDGE_CURVE('',#6139,#6139,#6147,.T.);
#6147 = CIRCLE('',#6148,0.535);
#6148 = AXIS2_PLACEMENT_3D('',#6149,#6150,#6151);
#6149 = CARTESIAN_POINT('',(-43.82554389807,0.,6.023117040528));
#6150 = DIRECTION('',(-0.104528463268,0.,0.994521895368));
#6151 = DIRECTION('',(0.994521895368,0.,0.104528463268));
#6152 = ORIENTED_EDGE('',*,*,#6138,.T.);
#6153 = CYLINDRICAL_SURFACE('',#6154,0.535);
#6154 = AXIS2_PLACEMENT_3D('',#6155,#6156,#6157);
#6155 = CARTESIAN_POINT('',(-43.82554389807,0.,6.023117040528));
#6156 = DIRECTION('',(-0.104528463268,0.,0.994521895368));
#6157 = DIRECTION('',(0.994521895368,0.,0.104528463268));
#6158 = ADVANCED_FACE('',(#6159),#6162,.T.);
#6159 = FACE_BOUND('',#6160,.T.);
#6160 = EDGE_LOOP('',(#6161));
#6161 = ORIENTED_EDGE('',*,*,#6129,.T.);
#6162 = PLANE('',#6163);
#6163 = AXIS2_PLACEMENT_3D('',#6164,#6165,#6166);
#6164 = CARTESIAN_POINT('',(-43.85167601389,0.,6.271747514371));
#6165 = DIRECTION('',(-0.104528463268,0.,0.994521895368));
#6166 = DIRECTION('',(0.994521895368,0.,0.104528463268));
#6167 = ADVANCED_FACE('',(#6168),#6171,.F.);
#6168 = FACE_BOUND('',#6169,.T.);
#6169 = EDGE_LOOP('',(#6170));
#6170 = ORIENTED_EDGE('',*,*,#6146,.F.);
#6171 = PLANE('',#6172);
#6172 = AXIS2_PLACEMENT_3D('',#6173,#6174,#6175);
#6173 = CARTESIAN_POINT('',(-43.82554389807,0.,6.023117040528));
#6174 = DIRECTION('',(-0.104528463268,0.,0.994521895368));
#6175 = DIRECTION('',(0.994521895368,0.,0.104528463268));
#6176 = MANIFOLD_SOLID_BREP('',#6177);
#6177 = CLOSED_SHELL('',(#6178,#6211,#6220));
#6178 = ADVANCED_FACE('',(#6179),#6206,.T.);
#6179 = FACE_BOUND('',#6180,.T.);
#6180 = EDGE_LOOP('',(#6181,#6190,#6198,#6205));
#6181 = ORIENTED_EDGE('',*,*,#6182,.F.);
#6182 = EDGE_CURVE('',#6183,#6183,#6185,.T.);
#6183 = VERTEX_POINT('',#6184);
#6184 = CARTESIAN_POINT('',(-43.72835957642,-8.082668874373E-17,
    8.255504822171));
#6185 = CIRCLE('',#6186,0.33);
#6186 = AXIS2_PLACEMENT_3D('',#6187,#6188,#6189);
#6187 = CARTESIAN_POINT('',(-44.05655180189,0.,8.221010429292));
#6188 = DIRECTION('',(-0.104528463268,0.,0.994521895368));
#6189 = DIRECTION('',(0.994521895368,0.,0.104528463268));
#6190 = ORIENTED_EDGE('',*,*,#6191,.F.);
#6191 = EDGE_CURVE('',#6192,#6183,#6194,.T.);
#6192 = VERTEX_POINT('',#6193);
#6193 = CARTESIAN_POINT('',(-43.4973516726,-8.082668874373E-17,
    6.057611433407));
#6194 = LINE('',#6195,#6196);
#6195 = CARTESIAN_POINT('',(-43.4973516726,-8.082668874373E-17,
    6.057611433407));
#6196 = VECTOR('',#6197,1.);
#6197 = DIRECTION('',(-0.104528463268,0.,0.994521895368));
#6198 = ORIENTED_EDGE('',*,*,#6199,.T.);
#6199 = EDGE_CURVE('',#6192,#6192,#6200,.T.);
#6200 = CIRCLE('',#6201,0.33);
#6201 = AXIS2_PLACEMENT_3D('',#6202,#6203,#6204);
#6202 = CARTESIAN_POINT('',(-43.82554389807,0.,6.023117040528));
#6203 = DIRECTION('',(-0.104528463268,0.,0.994521895368));
#6204 = DIRECTION('',(0.994521895368,0.,0.104528463268));
#6205 = ORIENTED_EDGE('',*,*,#6191,.T.);
#6206 = CYLINDRICAL_SURFACE('',#6207,0.33);
#6207 = AXIS2_PLACEMENT_3D('',#6208,#6209,#6210);
#6208 = CARTESIAN_POINT('',(-43.82554389807,0.,6.023117040528));
#6209 = DIRECTION('',(-0.104528463268,0.,0.994521895368));
#6210 = DIRECTION('',(0.994521895368,0.,0.104528463268));
#6211 = ADVANCED_FACE('',(#6212),#6215,.T.);
#6212 = FACE_BOUND('',#6213,.T.);
#6213 = EDGE_LOOP('',(#6214));
#6214 = ORIENTED_EDGE('',*,*,#6182,.T.);
#6215 = PLANE('',#6216);
#6216 = AXIS2_PLACEMENT_3D('',#6217,#6218,#6219);
#6217 = CARTESIAN_POINT('',(-44.05655180189,0.,8.221010429292));
#6218 = DIRECTION('',(-0.104528463268,0.,0.994521895368));
#6219 = DIRECTION('',(0.994521895368,0.,0.104528463268));
#6220 = ADVANCED_FACE('',(#6221),#6224,.F.);
#6221 = FACE_BOUND('',#6222,.T.);
#6222 = EDGE_LOOP('',(#6223));
#6223 = ORIENTED_EDGE('',*,*,#6199,.F.);
#6224 = PLANE('',#6225);
#6225 = AXIS2_PLACEMENT_3D('',#6226,#6227,#6228);
#6226 = CARTESIAN_POINT('',(-43.82554389807,0.,6.023117040528));
#6227 = DIRECTION('',(-0.104528463268,0.,0.994521895368));
#6228 = DIRECTION('',(0.994521895368,0.,0.104528463268));
#6229 = MANIFOLD_SOLID_BREP('',#6230);
#6230 = CLOSED_SHELL('',(#6231,#6264,#6273));
#6231 = ADVANCED_FACE('',(#6232),#6259,.T.);
#6232 = FACE_BOUND('',#6233,.T.);
#6233 = EDGE_LOOP('',(#6234,#6243,#6251,#6258));
#6234 = ORIENTED_EDGE('',*,*,#6235,.F.);
#6235 = EDGE_CURVE('',#6236,#6236,#6238,.T.);
#6236 = VERTEX_POINT('',#6237);
#6237 = CARTESIAN_POINT('',(-42.05656399275,-1.310372075088E-16,
    6.460421390569));
#6238 = CIRCLE('',#6239,0.535);
#6239 = AXIS2_PLACEMENT_3D('',#6240,#6241,#6242);
#6240 = CARTESIAN_POINT('',(-42.58863320677,0.,6.40449866272));
#6241 = DIRECTION('',(-0.104528463268,0.,0.994521895368));
#6242 = DIRECTION('',(0.994521895368,0.,0.104528463268));
#6243 = ORIENTED_EDGE('',*,*,#6244,.F.);
#6244 = EDGE_CURVE('',#6245,#6236,#6247,.T.);
#6245 = VERTEX_POINT('',#6246);
#6246 = CARTESIAN_POINT('',(-42.03043187693,-1.310372075088E-16,
    6.211790916727));
#6247 = LINE('',#6248,#6249);
#6248 = CARTESIAN_POINT('',(-42.03043187693,-1.310372075088E-16,
    6.211790916727));
#6249 = VECTOR('',#6250,1.);
#6250 = DIRECTION('',(-0.104528463268,0.,0.994521895368));
#6251 = ORIENTED_EDGE('',*,*,#6252,.T.);
#6252 = EDGE_CURVE('',#6245,#6245,#6253,.T.);
#6253 = CIRCLE('',#6254,0.535);
#6254 = AXIS2_PLACEMENT_3D('',#6255,#6256,#6257);
#6255 = CARTESIAN_POINT('',(-42.56250109095,0.,6.155868188878));
#6256 = DIRECTION('',(-0.104528463268,0.,0.994521895368));
#6257 = DIRECTION('',(0.994521895368,0.,0.104528463268));
#6258 = ORIENTED_EDGE('',*,*,#6244,.T.);
#6259 = CYLINDRICAL_SURFACE('',#6260,0.535);
#6260 = AXIS2_PLACEMENT_3D('',#6261,#6262,#6263);
#6261 = CARTESIAN_POINT('',(-42.56250109095,0.,6.155868188878));
#6262 = DIRECTION('',(-0.104528463268,0.,0.994521895368));
#6263 = DIRECTION('',(0.994521895368,0.,0.104528463268));
#6264 = ADVANCED_FACE('',(#6265),#6268,.T.);
#6265 = FACE_BOUND('',#6266,.T.);
#6266 = EDGE_LOOP('',(#6267));
#6267 = ORIENTED_EDGE('',*,*,#6235,.T.);
#6268 = PLANE('',#6269);
#6269 = AXIS2_PLACEMENT_3D('',#6270,#6271,#6272);
#6270 = CARTESIAN_POINT('',(-42.58863320677,0.,6.40449866272));
#6271 = DIRECTION('',(-0.104528463268,0.,0.994521895368));
#6272 = DIRECTION('',(0.994521895368,0.,0.104528463268));
#6273 = ADVANCED_FACE('',(#6274),#6277,.F.);
#6274 = FACE_BOUND('',#6275,.T.);
#6275 = EDGE_LOOP('',(#6276));
#6276 = ORIENTED_EDGE('',*,*,#6252,.F.);
#6277 = PLANE('',#6278);
#6278 = AXIS2_PLACEMENT_3D('',#6279,#6280,#6281);
#6279 = CARTESIAN_POINT('',(-42.56250109095,0.,6.155868188878));
#6280 = DIRECTION('',(-0.104528463268,0.,0.994521895368));
#6281 = DIRECTION('',(0.994521895368,0.,0.104528463268));
#6282 = MANIFOLD_SOLID_BREP('',#6283);
#6283 = CLOSED_SHELL('',(#6284,#6317,#6326));
#6284 = ADVANCED_FACE('',(#6285),#6312,.T.);
#6285 = FACE_BOUND('',#6286,.T.);
#6286 = EDGE_LOOP('',(#6287,#6296,#6304,#6311));
#6287 = ORIENTED_EDGE('',*,*,#6288,.F.);
#6288 = EDGE_CURVE('',#6289,#6289,#6291,.T.);
#6289 = VERTEX_POINT('',#6290);
#6290 = CARTESIAN_POINT('',(-42.4653167693,-8.082668874373E-17,
    8.388255970521));
#6291 = CIRCLE('',#6292,0.33);
#6292 = AXIS2_PLACEMENT_3D('',#6293,#6294,#6295);
#6293 = CARTESIAN_POINT('',(-42.79350899477,0.,8.353761577642));
#6294 = DIRECTION('',(-0.104528463268,0.,0.994521895368));
#6295 = DIRECTION('',(0.994521895368,0.,0.104528463268));
#6296 = ORIENTED_EDGE('',*,*,#6297,.F.);
#6297 = EDGE_CURVE('',#6298,#6289,#6300,.T.);
#6298 = VERTEX_POINT('',#6299);
#6299 = CARTESIAN_POINT('',(-42.23430886548,-8.082668874373E-17,
    6.190362581757));
#6300 = LINE('',#6301,#6302);
#6301 = CARTESIAN_POINT('',(-42.23430886548,-8.082668874373E-17,
    6.190362581757));
#6302 = VECTOR('',#6303,1.);
#6303 = DIRECTION('',(-0.104528463268,0.,0.994521895368));
#6304 = ORIENTED_EDGE('',*,*,#6305,.T.);
#6305 = EDGE_CURVE('',#6298,#6298,#6306,.T.);
#6306 = CIRCLE('',#6307,0.33);
#6307 = AXIS2_PLACEMENT_3D('',#6308,#6309,#6310);
#6308 = CARTESIAN_POINT('',(-42.56250109095,0.,6.155868188878));
#6309 = DIRECTION('',(-0.104528463268,0.,0.994521895368));
#6310 = DIRECTION('',(0.994521895368,0.,0.104528463268));
#6311 = ORIENTED_EDGE('',*,*,#6297,.T.);
#6312 = CYLINDRICAL_SURFACE('',#6313,0.33);
#6313 = AXIS2_PLACEMENT_3D('',#6314,#6315,#6316);
#6314 = CARTESIAN_POINT('',(-42.56250109095,0.,6.155868188878));
#6315 = DIRECTION('',(-0.104528463268,0.,0.994521895368));
#6316 = DIRECTION('',(0.994521895368,0.,0.104528463268));
#6317 = ADVANCED_FACE('',(#6318),#6321,.T.);
#6318 = FACE_BOUND('',#6319,.T.);
#6319 = EDGE_LOOP('',(#6320));
#6320 = ORIENTED_EDGE('',*,*,#6288,.T.);
#6321 = PLANE('',#6322);
#6322 = AXIS2_PLACEMENT_3D('',#6323,#6324,#6325);
#6323 = CARTESIAN_POINT('',(-42.79350899477,0.,8.353761577642));
#6324 = DIRECTION('',(-0.104528463268,0.,0.994521895368));
#6325 = DIRECTION('',(0.994521895368,0.,0.104528463268));
#6326 = ADVANCED_FACE('',(#6327),#6330,.F.);
#6327 = FACE_BOUND('',#6328,.T.);
#6328 = EDGE_LOOP('',(#6329));
#6329 = ORIENTED_EDGE('',*,*,#6305,.F.);
#6330 = PLANE('',#6331);
#6331 = AXIS2_PLACEMENT_3D('',#6332,#6333,#6334);
#6332 = CARTESIAN_POINT('',(-42.56250109095,0.,6.155868188878));
#6333 = DIRECTION('',(-0.104528463268,0.,0.994521895368));
#6334 = DIRECTION('',(0.994521895368,0.,0.104528463268));
#6335 = MANIFOLD_SOLID_BREP('',#6336);
#6336 = CLOSED_SHELL('',(#6337,#6370,#6379));
#6337 = ADVANCED_FACE('',(#6338),#6365,.T.);
#6338 = FACE_BOUND('',#6339,.T.);
#6339 = EDGE_LOOP('',(#6340,#6349,#6357,#6364));
#6340 = ORIENTED_EDGE('',*,*,#6341,.F.);
#6341 = EDGE_CURVE('',#6342,#6342,#6344,.T.);
#6342 = VERTEX_POINT('',#6343);
#6343 = CARTESIAN_POINT('',(-40.79352118563,-1.310372075088E-16,
    6.593172538919));
#6344 = CIRCLE('',#6345,0.535);
#6345 = AXIS2_PLACEMENT_3D('',#6346,#6347,#6348);
#6346 = CARTESIAN_POINT('',(-41.32559039965,0.,6.53724981107));
#6347 = DIRECTION('',(-0.104528463268,0.,0.994521895368));
#6348 = DIRECTION('',(0.994521895368,0.,0.104528463268));
#6349 = ORIENTED_EDGE('',*,*,#6350,.F.);
#6350 = EDGE_CURVE('',#6351,#6342,#6353,.T.);
#6351 = VERTEX_POINT('',#6352);
#6352 = CARTESIAN_POINT('',(-40.76738906981,-1.310372075088E-16,
    6.344542065077));
#6353 = LINE('',#6354,#6355);
#6354 = CARTESIAN_POINT('',(-40.76738906981,-1.310372075088E-16,
    6.344542065077));
#6355 = VECTOR('',#6356,1.);
#6356 = DIRECTION('',(-0.104528463268,0.,0.994521895368));
#6357 = ORIENTED_EDGE('',*,*,#6358,.T.);
#6358 = EDGE_CURVE('',#6351,#6351,#6359,.T.);
#6359 = CIRCLE('',#6360,0.535);
#6360 = AXIS2_PLACEMENT_3D('',#6361,#6362,#6363);
#6361 = CARTESIAN_POINT('',(-41.29945828383,0.,6.288619337228));
#6362 = DIRECTION('',(-0.104528463268,0.,0.994521895368));
#6363 = DIRECTION('',(0.994521895368,0.,0.104528463268));
#6364 = ORIENTED_EDGE('',*,*,#6350,.T.);
#6365 = CYLINDRICAL_SURFACE('',#6366,0.535);
#6366 = AXIS2_PLACEMENT_3D('',#6367,#6368,#6369);
#6367 = CARTESIAN_POINT('',(-41.29945828383,0.,6.288619337228));
#6368 = DIRECTION('',(-0.104528463268,0.,0.994521895368));
#6369 = DIRECTION('',(0.994521895368,0.,0.104528463268));
#6370 = ADVANCED_FACE('',(#6371),#6374,.T.);
#6371 = FACE_BOUND('',#6372,.T.);
#6372 = EDGE_LOOP('',(#6373));
#6373 = ORIENTED_EDGE('',*,*,#6341,.T.);
#6374 = PLANE('',#6375);
#6375 = AXIS2_PLACEMENT_3D('',#6376,#6377,#6378);
#6376 = CARTESIAN_POINT('',(-41.32559039965,0.,6.53724981107));
#6377 = DIRECTION('',(-0.104528463268,0.,0.994521895368));
#6378 = DIRECTION('',(0.994521895368,0.,0.104528463268));
#6379 = ADVANCED_FACE('',(#6380),#6383,.F.);
#6380 = FACE_BOUND('',#6381,.T.);
#6381 = EDGE_LOOP('',(#6382));
#6382 = ORIENTED_EDGE('',*,*,#6358,.F.);
#6383 = PLANE('',#6384);
#6384 = AXIS2_PLACEMENT_3D('',#6385,#6386,#6387);
#6385 = CARTESIAN_POINT('',(-41.29945828383,0.,6.288619337228));
#6386 = DIRECTION('',(-0.104528463268,0.,0.994521895368));
#6387 = DIRECTION('',(0.994521895368,0.,0.104528463268));
#6388 = MANIFOLD_SOLID_BREP('',#6389);
#6389 = CLOSED_SHELL('',(#6390,#6423,#6432));
#6390 = ADVANCED_FACE('',(#6391),#6418,.T.);
#6391 = FACE_BOUND('',#6392,.T.);
#6392 = EDGE_LOOP('',(#6393,#6402,#6410,#6417));
#6393 = ORIENTED_EDGE('',*,*,#6394,.F.);
#6394 = EDGE_CURVE('',#6395,#6395,#6397,.T.);
#6395 = VERTEX_POINT('',#6396);
#6396 = CARTESIAN_POINT('',(-41.20227396218,-8.082668874373E-17,
    8.521007118871));
#6397 = CIRCLE('',#6398,0.33);
#6398 = AXIS2_PLACEMENT_3D('',#6399,#6400,#6401);
#6399 = CARTESIAN_POINT('',(-41.53046618766,0.,8.486512725992));
#6400 = DIRECTION('',(-0.104528463268,0.,0.994521895368));
#6401 = DIRECTION('',(0.994521895368,0.,0.104528463268));
#6402 = ORIENTED_EDGE('',*,*,#6403,.F.);
#6403 = EDGE_CURVE('',#6404,#6395,#6406,.T.);
#6404 = VERTEX_POINT('',#6405);
#6405 = CARTESIAN_POINT('',(-40.97126605836,-8.082668874373E-17,
    6.323113730107));
#6406 = LINE('',#6407,#6408);
#6407 = CARTESIAN_POINT('',(-40.97126605836,-8.082668874373E-17,
    6.323113730107));
#6408 = VECTOR('',#6409,1.);
#6409 = DIRECTION('',(-0.104528463268,0.,0.994521895368));
#6410 = ORIENTED_EDGE('',*,*,#6411,.T.);
#6411 = EDGE_CURVE('',#6404,#6404,#6412,.T.);
#6412 = CIRCLE('',#6413,0.33);
#6413 = AXIS2_PLACEMENT_3D('',#6414,#6415,#6416);
#6414 = CARTESIAN_POINT('',(-41.29945828383,0.,6.288619337228));
#6415 = DIRECTION('',(-0.104528463268,0.,0.994521895368));
#6416 = DIRECTION('',(0.994521895368,0.,0.104528463268));
#6417 = ORIENTED_EDGE('',*,*,#6403,.T.);
#6418 = CYLINDRICAL_SURFACE('',#6419,0.33);
#6419 = AXIS2_PLACEMENT_3D('',#6420,#6421,#6422);
#6420 = CARTESIAN_POINT('',(-41.29945828383,0.,6.288619337228));
#6421 = DIRECTION('',(-0.104528463268,0.,0.994521895368));
#6422 = DIRECTION('',(0.994521895368,0.,0.104528463268));
#6423 = ADVANCED_FACE('',(#6424),#6427,.T.);
#6424 = FACE_BOUND('',#6425,.T.);
#6425 = EDGE_LOOP('',(#6426));
#6426 = ORIENTED_EDGE('',*,*,#6394,.T.);
#6427 = PLANE('',#6428);
#6428 = AXIS2_PLACEMENT_3D('',#6429,#6430,#6431);
#6429 = CARTESIAN_POINT('',(-41.53046618766,0.,8.486512725992));
#6430 = DIRECTION('',(-0.104528463268,0.,0.994521895368));
#6431 = DIRECTION('',(0.994521895368,0.,0.104528463268));
#6432 = ADVANCED_FACE('',(#6433),#6436,.F.);
#6433 = FACE_BOUND('',#6434,.T.);
#6434 = EDGE_LOOP('',(#6435));
#6435 = ORIENTED_EDGE('',*,*,#6411,.F.);
#6436 = PLANE('',#6437);
#6437 = AXIS2_PLACEMENT_3D('',#6438,#6439,#6440);
#6438 = CARTESIAN_POINT('',(-41.29945828383,0.,6.288619337228));
#6439 = DIRECTION('',(-0.104528463268,0.,0.994521895368));
#6440 = DIRECTION('',(0.994521895368,0.,0.104528463268));
#6441 = MANIFOLD_SOLID_BREP('',#6442);
#6442 = CLOSED_SHELL('',(#6443,#6476,#6485));
#6443 = ADVANCED_FACE('',(#6444),#6471,.T.);
#6444 = FACE_BOUND('',#6445,.T.);
#6445 = EDGE_LOOP('',(#6446,#6455,#6463,#6470));
#6446 = ORIENTED_EDGE('',*,*,#6447,.F.);
#6447 = EDGE_CURVE('',#6448,#6448,#6450,.T.);
#6448 = VERTEX_POINT('',#6449);
#6449 = CARTESIAN_POINT('',(-39.53047837851,-1.310372075088E-16,
    6.725923687268));
#6450 = CIRCLE('',#6451,0.535);
#6451 = AXIS2_PLACEMENT_3D('',#6452,#6453,#6454);
#6452 = CARTESIAN_POINT('',(-40.06254759253,0.,6.67000095942));
#6453 = DIRECTION('',(-0.104528463268,0.,0.994521895368));
#6454 = DIRECTION('',(0.994521895368,0.,0.104528463268));
#6455 = ORIENTED_EDGE('',*,*,#6456,.F.);
#6456 = EDGE_CURVE('',#6457,#6448,#6459,.T.);
#6457 = VERTEX_POINT('',#6458);
#6458 = CARTESIAN_POINT('',(-39.50434626269,-1.310372075088E-16,
    6.477293213426));
#6459 = LINE('',#6460,#6461);
#6460 = CARTESIAN_POINT('',(-39.50434626269,-1.310372075088E-16,
    6.477293213426));
#6461 = VECTOR('',#6462,1.);
#6462 = DIRECTION('',(-0.104528463268,0.,0.994521895368));
#6463 = ORIENTED_EDGE('',*,*,#6464,.T.);
#6464 = EDGE_CURVE('',#6457,#6457,#6465,.T.);
#6465 = CIRCLE('',#6466,0.535);
#6466 = AXIS2_PLACEMENT_3D('',#6467,#6468,#6469);
#6467 = CARTESIAN_POINT('',(-40.03641547672,0.,6.421370485578));
#6468 = DIRECTION('',(-0.104528463268,0.,0.994521895368));
#6469 = DIRECTION('',(0.994521895368,0.,0.104528463268));
#6470 = ORIENTED_EDGE('',*,*,#6456,.T.);
#6471 = CYLINDRICAL_SURFACE('',#6472,0.535);
#6472 = AXIS2_PLACEMENT_3D('',#6473,#6474,#6475);
#6473 = CARTESIAN_POINT('',(-40.03641547672,0.,6.421370485578));
#6474 = DIRECTION('',(-0.104528463268,0.,0.994521895368));
#6475 = DIRECTION('',(0.994521895368,0.,0.104528463268));
#6476 = ADVANCED_FACE('',(#6477),#6480,.T.);
#6477 = FACE_BOUND('',#6478,.T.);
#6478 = EDGE_LOOP('',(#6479));
#6479 = ORIENTED_EDGE('',*,*,#6447,.T.);
#6480 = PLANE('',#6481);
#6481 = AXIS2_PLACEMENT_3D('',#6482,#6483,#6484);
#6482 = CARTESIAN_POINT('',(-40.06254759253,0.,6.67000095942));
#6483 = DIRECTION('',(-0.104528463268,0.,0.994521895368));
#6484 = DIRECTION('',(0.994521895368,0.,0.104528463268));
#6485 = ADVANCED_FACE('',(#6486),#6489,.F.);
#6486 = FACE_BOUND('',#6487,.T.);
#6487 = EDGE_LOOP('',(#6488));
#6488 = ORIENTED_EDGE('',*,*,#6464,.F.);
#6489 = PLANE('',#6490);
#6490 = AXIS2_PLACEMENT_3D('',#6491,#6492,#6493);
#6491 = CARTESIAN_POINT('',(-40.03641547672,0.,6.421370485578));
#6492 = DIRECTION('',(-0.104528463268,0.,0.994521895368));
#6493 = DIRECTION('',(0.994521895368,0.,0.104528463268));
#6494 = MANIFOLD_SOLID_BREP('',#6495);
#6495 = CLOSED_SHELL('',(#6496,#6529,#6538));
#6496 = ADVANCED_FACE('',(#6497),#6524,.T.);
#6497 = FACE_BOUND('',#6498,.T.);
#6498 = EDGE_LOOP('',(#6499,#6508,#6516,#6523));
#6499 = ORIENTED_EDGE('',*,*,#6500,.F.);
#6500 = EDGE_CURVE('',#6501,#6501,#6503,.T.);
#6501 = VERTEX_POINT('',#6502);
#6502 = CARTESIAN_POINT('',(-39.93923115507,-8.082668874373E-17,
    8.65375826722));
#6503 = CIRCLE('',#6504,0.33);
#6504 = AXIS2_PLACEMENT_3D('',#6505,#6506,#6507);
#6505 = CARTESIAN_POINT('',(-40.26742338054,0.,8.619263874342));
#6506 = DIRECTION('',(-0.104528463268,0.,0.994521895368));
#6507 = DIRECTION('',(0.994521895368,0.,0.104528463268));
#6508 = ORIENTED_EDGE('',*,*,#6509,.F.);
#6509 = EDGE_CURVE('',#6510,#6501,#6512,.T.);
#6510 = VERTEX_POINT('',#6511);
#6511 = CARTESIAN_POINT('',(-39.70822325125,-8.082668874373E-17,
    6.455864878457));
#6512 = LINE('',#6513,#6514);
#6513 = CARTESIAN_POINT('',(-39.70822325125,-8.082668874373E-17,
    6.455864878457));
#6514 = VECTOR('',#6515,1.);
#6515 = DIRECTION('',(-0.104528463268,0.,0.994521895368));
#6516 = ORIENTED_EDGE('',*,*,#6517,.T.);
#6517 = EDGE_CURVE('',#6510,#6510,#6518,.T.);
#6518 = CIRCLE('',#6519,0.33);
#6519 = AXIS2_PLACEMENT_3D('',#6520,#6521,#6522);
#6520 = CARTESIAN_POINT('',(-40.03641547672,0.,6.421370485578));
#6521 = DIRECTION('',(-0.104528463268,0.,0.994521895368));
#6522 = DIRECTION('',(0.994521895368,0.,0.104528463268));
#6523 = ORIENTED_EDGE('',*,*,#6509,.T.);
#6524 = CYLINDRICAL_SURFACE('',#6525,0.33);
#6525 = AXIS2_PLACEMENT_3D('',#6526,#6527,#6528);
#6526 = CARTESIAN_POINT('',(-40.03641547672,0.,6.421370485578));
#6527 = DIRECTION('',(-0.104528463268,0.,0.994521895368));
#6528 = DIRECTION('',(0.994521895368,0.,0.104528463268));
#6529 = ADVANCED_FACE('',(#6530),#6533,.T.);
#6530 = FACE_BOUND('',#6531,.T.);
#6531 = EDGE_LOOP('',(#6532));
#6532 = ORIENTED_EDGE('',*,*,#6500,.T.);
#6533 = PLANE('',#6534);
#6534 = AXIS2_PLACEMENT_3D('',#6535,#6536,#6537);
#6535 = CARTESIAN_POINT('',(-40.26742338054,0.,8.619263874342));
#6536 = DIRECTION('',(-0.104528463268,0.,0.994521895368));
#6537 = DIRECTION('',(0.994521895368,0.,0.104528463268));
#6538 = ADVANCED_FACE('',(#6539),#6542,.F.);
#6539 = FACE_BOUND('',#6540,.T.);
#6540 = EDGE_LOOP('',(#6541));
#6541 = ORIENTED_EDGE('',*,*,#6517,.F.);
#6542 = PLANE('',#6543);
#6543 = AXIS2_PLACEMENT_3D('',#6544,#6545,#6546);
#6544 = CARTESIAN_POINT('',(-40.03641547672,0.,6.421370485578));
#6545 = DIRECTION('',(-0.104528463268,0.,0.994521895368));
#6546 = DIRECTION('',(0.994521895368,0.,0.104528463268));
#6547 = MANIFOLD_SOLID_BREP('',#6548);
#6548 = CLOSED_SHELL('',(#6549,#6582,#6591));
#6549 = ADVANCED_FACE('',(#6550),#6577,.T.);
#6550 = FACE_BOUND('',#6551,.T.);
#6551 = EDGE_LOOP('',(#6552,#6561,#6569,#6576));
#6552 = ORIENTED_EDGE('',*,*,#6553,.F.);
#6553 = EDGE_CURVE('',#6554,#6554,#6556,.T.);
#6554 = VERTEX_POINT('',#6555);
#6555 = CARTESIAN_POINT('',(-38.26743557139,-1.310372075088E-16,
    6.858674835618));
#6556 = CIRCLE('',#6557,0.535);
#6557 = AXIS2_PLACEMENT_3D('',#6558,#6559,#6560);
#6558 = CARTESIAN_POINT('',(-38.79950478542,0.,6.80275210777));
#6559 = DIRECTION('',(-0.104528463268,0.,0.994521895368));
#6560 = DIRECTION('',(0.994521895368,0.,0.104528463268));
#6561 = ORIENTED_EDGE('',*,*,#6562,.F.);
#6562 = EDGE_CURVE('',#6563,#6554,#6565,.T.);
#6563 = VERTEX_POINT('',#6564);
#6564 = CARTESIAN_POINT('',(-38.24130345558,-1.310372075088E-16,
    6.610044361776));
#6565 = LINE('',#6566,#6567);
#6566 = CARTESIAN_POINT('',(-38.24130345558,-1.310372075088E-16,
    6.610044361776));
#6567 = VECTOR('',#6568,1.);
#6568 = DIRECTION('',(-0.104528463268,0.,0.994521895368));
#6569 = ORIENTED_EDGE('',*,*,#6570,.T.);
#6570 = EDGE_CURVE('',#6563,#6563,#6571,.T.);
#6571 = CIRCLE('',#6572,0.535);
#6572 = AXIS2_PLACEMENT_3D('',#6573,#6574,#6575);
#6573 = CARTESIAN_POINT('',(-38.7733726696,0.,6.554121633928));
#6574 = DIRECTION('',(-0.104528463268,0.,0.994521895368));
#6575 = DIRECTION('',(0.994521895368,0.,0.104528463268));
#6576 = ORIENTED_EDGE('',*,*,#6562,.T.);
#6577 = CYLINDRICAL_SURFACE('',#6578,0.535);
#6578 = AXIS2_PLACEMENT_3D('',#6579,#6580,#6581);
#6579 = CARTESIAN_POINT('',(-38.7733726696,0.,6.554121633928));
#6580 = DIRECTION('',(-0.104528463268,0.,0.994521895368));
#6581 = DIRECTION('',(0.994521895368,0.,0.104528463268));
#6582 = ADVANCED_FACE('',(#6583),#6586,.T.);
#6583 = FACE_BOUND('',#6584,.T.);
#6584 = EDGE_LOOP('',(#6585));
#6585 = ORIENTED_EDGE('',*,*,#6553,.T.);
#6586 = PLANE('',#6587);
#6587 = AXIS2_PLACEMENT_3D('',#6588,#6589,#6590);
#6588 = CARTESIAN_POINT('',(-38.79950478542,0.,6.80275210777));
#6589 = DIRECTION('',(-0.104528463268,0.,0.994521895368));
#6590 = DIRECTION('',(0.994521895368,0.,0.104528463268));
#6591 = ADVANCED_FACE('',(#6592),#6595,.F.);
#6592 = FACE_BOUND('',#6593,.T.);
#6593 = EDGE_LOOP('',(#6594));
#6594 = ORIENTED_EDGE('',*,*,#6570,.F.);
#6595 = PLANE('',#6596);
#6596 = AXIS2_PLACEMENT_3D('',#6597,#6598,#6599);
#6597 = CARTESIAN_POINT('',(-38.7733726696,0.,6.554121633928));
#6598 = DIRECTION('',(-0.104528463268,0.,0.994521895368));
#6599 = DIRECTION('',(0.994521895368,0.,0.104528463268));
#6600 = MANIFOLD_SOLID_BREP('',#6601);
#6601 = CLOSED_SHELL('',(#6602,#6635,#6644));
#6602 = ADVANCED_FACE('',(#6603),#6630,.T.);
#6603 = FACE_BOUND('',#6604,.T.);
#6604 = EDGE_LOOP('',(#6605,#6614,#6622,#6629));
#6605 = ORIENTED_EDGE('',*,*,#6606,.F.);
#6606 = EDGE_CURVE('',#6607,#6607,#6609,.T.);
#6607 = VERTEX_POINT('',#6608);
#6608 = CARTESIAN_POINT('',(-38.67618834795,-8.082668874373E-17,
    8.78650941557));
#6609 = CIRCLE('',#6610,0.33);
#6610 = AXIS2_PLACEMENT_3D('',#6611,#6612,#6613);
#6611 = CARTESIAN_POINT('',(-39.00438057342,0.,8.752015022692));
#6612 = DIRECTION('',(-0.104528463268,0.,0.994521895368));
#6613 = DIRECTION('',(0.994521895368,0.,0.104528463268));
#6614 = ORIENTED_EDGE('',*,*,#6615,.F.);
#6615 = EDGE_CURVE('',#6616,#6607,#6618,.T.);
#6616 = VERTEX_POINT('',#6617);
#6617 = CARTESIAN_POINT('',(-38.44518044413,-8.082668874373E-17,
    6.588616026806));
#6618 = LINE('',#6619,#6620);
#6619 = CARTESIAN_POINT('',(-38.44518044413,-8.082668874373E-17,
    6.588616026806));
#6620 = VECTOR('',#6621,1.);
#6621 = DIRECTION('',(-0.104528463268,0.,0.994521895368));
#6622 = ORIENTED_EDGE('',*,*,#6623,.T.);
#6623 = EDGE_CURVE('',#6616,#6616,#6624,.T.);
#6624 = CIRCLE('',#6625,0.33);
#6625 = AXIS2_PLACEMENT_3D('',#6626,#6627,#6628);
#6626 = CARTESIAN_POINT('',(-38.7733726696,0.,6.554121633928));
#6627 = DIRECTION('',(-0.104528463268,0.,0.994521895368));
#6628 = DIRECTION('',(0.994521895368,0.,0.104528463268));
#6629 = ORIENTED_EDGE('',*,*,#6615,.T.);
#6630 = CYLINDRICAL_SURFACE('',#6631,0.33);
#6631 = AXIS2_PLACEMENT_3D('',#6632,#6633,#6634);
#6632 = CARTESIAN_POINT('',(-38.7733726696,0.,6.554121633928));
#6633 = DIRECTION('',(-0.104528463268,0.,0.994521895368));
#6634 = DIRECTION('',(0.994521895368,0.,0.104528463268));
#6635 = ADVANCED_FACE('',(#6636),#6639,.T.);
#6636 = FACE_BOUND('',#6637,.T.);
#6637 = EDGE_LOOP('',(#6638));
#6638 = ORIENTED_EDGE('',*,*,#6606,.T.);
#6639 = PLANE('',#6640);
#6640 = AXIS2_PLACEMENT_3D('',#6641,#6642,#6643);
#6641 = CARTESIAN_POINT('',(-39.00438057342,0.,8.752015022692));
#6642 = DIRECTION('',(-0.104528463268,0.,0.994521895368));
#6643 = DIRECTION('',(0.994521895368,0.,0.104528463268));
#6644 = ADVANCED_FACE('',(#6645),#6648,.F.);
#6645 = FACE_BOUND('',#6646,.T.);
#6646 = EDGE_LOOP('',(#6647));
#6647 = ORIENTED_EDGE('',*,*,#6623,.F.);
#6648 = PLANE('',#6649);
#6649 = AXIS2_PLACEMENT_3D('',#6650,#6651,#6652);
#6650 = CARTESIAN_POINT('',(-38.7733726696,0.,6.554121633928));
#6651 = DIRECTION('',(-0.104528463268,0.,0.994521895368));
#6652 = DIRECTION('',(0.994521895368,0.,0.104528463268));
#6653 = MANIFOLD_SOLID_BREP('',#6654);
#6654 = CLOSED_SHELL('',(#6655,#6688,#6697));
#6655 = ADVANCED_FACE('',(#6656),#6683,.T.);
#6656 = FACE_BOUND('',#6657,.T.);
#6657 = EDGE_LOOP('',(#6658,#6667,#6675,#6682));
#6658 = ORIENTED_EDGE('',*,*,#6659,.F.);
#6659 = EDGE_CURVE('',#6660,#6660,#6662,.T.);
#6660 = VERTEX_POINT('',#6661);
#6661 = CARTESIAN_POINT('',(-37.00439276428,-1.310372075088E-16,
    6.991425983968));
#6662 = CIRCLE('',#6663,0.535);
#6663 = AXIS2_PLACEMENT_3D('',#6664,#6665,#6666);
#6664 = CARTESIAN_POINT('',(-37.5364619783,0.,6.93550325612));
#6665 = DIRECTION('',(-0.104528463268,0.,0.994521895368));
#6666 = DIRECTION('',(0.994521895368,0.,0.104528463268));
#6667 = ORIENTED_EDGE('',*,*,#6668,.F.);
#6668 = EDGE_CURVE('',#6669,#6660,#6671,.T.);
#6669 = VERTEX_POINT('',#6670);
#6670 = CARTESIAN_POINT('',(-36.97826064846,-1.310372075088E-16,
    6.742795510126));
#6671 = LINE('',#6672,#6673);
#6672 = CARTESIAN_POINT('',(-36.97826064846,-1.310372075088E-16,
    6.742795510126));
#6673 = VECTOR('',#6674,1.);
#6674 = DIRECTION('',(-0.104528463268,0.,0.994521895368));
#6675 = ORIENTED_EDGE('',*,*,#6676,.T.);
#6676 = EDGE_CURVE('',#6669,#6669,#6677,.T.);
#6677 = CIRCLE('',#6678,0.535);
#6678 = AXIS2_PLACEMENT_3D('',#6679,#6680,#6681);
#6679 = CARTESIAN_POINT('',(-37.51032986248,0.,6.686872782278));
#6680 = DIRECTION('',(-0.104528463268,0.,0.994521895368));
#6681 = DIRECTION('',(0.994521895368,0.,0.104528463268));
#6682 = ORIENTED_EDGE('',*,*,#6668,.T.);
#6683 = CYLINDRICAL_SURFACE('',#6684,0.535);
#6684 = AXIS2_PLACEMENT_3D('',#6685,#6686,#6687);
#6685 = CARTESIAN_POINT('',(-37.51032986248,0.,6.686872782278));
#6686 = DIRECTION('',(-0.104528463268,0.,0.994521895368));
#6687 = DIRECTION('',(0.994521895368,0.,0.104528463268));
#6688 = ADVANCED_FACE('',(#6689),#6692,.T.);
#6689 = FACE_BOUND('',#6690,.T.);
#6690 = EDGE_LOOP('',(#6691));
#6691 = ORIENTED_EDGE('',*,*,#6659,.T.);
#6692 = PLANE('',#6693);
#6693 = AXIS2_PLACEMENT_3D('',#6694,#6695,#6696);
#6694 = CARTESIAN_POINT('',(-37.5364619783,0.,6.93550325612));
#6695 = DIRECTION('',(-0.104528463268,0.,0.994521895368));
#6696 = DIRECTION('',(0.994521895368,0.,0.104528463268));
#6697 = ADVANCED_FACE('',(#6698),#6701,.F.);
#6698 = FACE_BOUND('',#6699,.T.);
#6699 = EDGE_LOOP('',(#6700));
#6700 = ORIENTED_EDGE('',*,*,#6676,.F.);
#6701 = PLANE('',#6702);
#6702 = AXIS2_PLACEMENT_3D('',#6703,#6704,#6705);
#6703 = CARTESIAN_POINT('',(-37.51032986248,0.,6.686872782278));
#6704 = DIRECTION('',(-0.104528463268,0.,0.994521895368));
#6705 = DIRECTION('',(0.994521895368,0.,0.104528463268));
#6706 = MANIFOLD_SOLID_BREP('',#6707);
#6707 = CLOSED_SHELL('',(#6708,#6741,#6750));
#6708 = ADVANCED_FACE('',(#6709),#6736,.T.);
#6709 = FACE_BOUND('',#6710,.T.);
#6710 = EDGE_LOOP('',(#6711,#6720,#6728,#6735));
#6711 = ORIENTED_EDGE('',*,*,#6712,.F.);
#6712 = EDGE_CURVE('',#6713,#6713,#6715,.T.);
#6713 = VERTEX_POINT('',#6714);
#6714 = CARTESIAN_POINT('',(-37.41314554083,-8.082668874373E-17,
    8.91926056392));
#6715 = CIRCLE('',#6716,0.33);
#6716 = AXIS2_PLACEMENT_3D('',#6717,#6718,#6719);
#6717 = CARTESIAN_POINT('',(-37.7413377663,0.,8.884766171042));
#6718 = DIRECTION('',(-0.104528463268,0.,0.994521895368));
#6719 = DIRECTION('',(0.994521895368,0.,0.104528463268));
#6720 = ORIENTED_EDGE('',*,*,#6721,.F.);
#6721 = EDGE_CURVE('',#6722,#6713,#6724,.T.);
#6722 = VERTEX_POINT('',#6723);
#6723 = CARTESIAN_POINT('',(-37.18213763701,-8.082668874373E-17,
    6.721367175156));
#6724 = LINE('',#6725,#6726);
#6725 = CARTESIAN_POINT('',(-37.18213763701,-8.082668874373E-17,
    6.721367175156));
#6726 = VECTOR('',#6727,1.);
#6727 = DIRECTION('',(-0.104528463268,0.,0.994521895368));
#6728 = ORIENTED_EDGE('',*,*,#6729,.T.);
#6729 = EDGE_CURVE('',#6722,#6722,#6730,.T.);
#6730 = CIRCLE('',#6731,0.33);
#6731 = AXIS2_PLACEMENT_3D('',#6732,#6733,#6734);
#6732 = CARTESIAN_POINT('',(-37.51032986248,0.,6.686872782278));
#6733 = DIRECTION('',(-0.104528463268,0.,0.994521895368));
#6734 = DIRECTION('',(0.994521895368,0.,0.104528463268));
#6735 = ORIENTED_EDGE('',*,*,#6721,.T.);
#6736 = CYLINDRICAL_SURFACE('',#6737,0.33);
#6737 = AXIS2_PLACEMENT_3D('',#6738,#6739,#6740);
#6738 = CARTESIAN_POINT('',(-37.51032986248,0.,6.686872782278));
#6739 = DIRECTION('',(-0.104528463268,0.,0.994521895368));
#6740 = DIRECTION('',(0.994521895368,0.,0.104528463268));
#6741 = ADVANCED_FACE('',(#6742),#6745,.T.);
#6742 = FACE_BOUND('',#6743,.T.);
#6743 = EDGE_LOOP('',(#6744));
#6744 = ORIENTED_EDGE('',*,*,#6712,.T.);
#6745 = PLANE('',#6746);
#6746 = AXIS2_PLACEMENT_3D('',#6747,#6748,#6749);
#6747 = CARTESIAN_POINT('',(-37.7413377663,0.,8.884766171042));
#6748 = DIRECTION('',(-0.104528463268,0.,0.994521895368));
#6749 = DIRECTION('',(0.994521895368,0.,0.104528463268));
#6750 = ADVANCED_FACE('',(#6751),#6754,.F.);
#6751 = FACE_BOUND('',#6752,.T.);
#6752 = EDGE_LOOP('',(#6753));
#6753 = ORIENTED_EDGE('',*,*,#6729,.F.);
#6754 = PLANE('',#6755);
#6755 = AXIS2_PLACEMENT_3D('',#6756,#6757,#6758);
#6756 = CARTESIAN_POINT('',(-37.51032986248,0.,6.686872782278));
#6757 = DIRECTION('',(-0.104528463268,0.,0.994521895368));
#6758 = DIRECTION('',(0.994521895368,0.,0.104528463268));
#6759 = MANIFOLD_SOLID_BREP('',#6760);
#6760 = CLOSED_SHELL('',(#6761,#6794,#6803));
#6761 = ADVANCED_FACE('',(#6762),#6789,.T.);
#6762 = FACE_BOUND('',#6763,.T.);
#6763 = EDGE_LOOP('',(#6764,#6773,#6781,#6788));
#6764 = ORIENTED_EDGE('',*,*,#6765,.F.);
#6765 = EDGE_CURVE('',#6766,#6766,#6768,.T.);
#6766 = VERTEX_POINT('',#6767);
#6767 = CARTESIAN_POINT('',(-35.74134995716,-1.310372075088E-16,
    7.124177132318));
#6768 = CIRCLE('',#6769,0.535);
#6769 = AXIS2_PLACEMENT_3D('',#6770,#6771,#6772);
#6770 = CARTESIAN_POINT('',(-36.27341917118,0.,7.06825440447));
#6771 = DIRECTION('',(-0.104528463268,0.,0.994521895368));
#6772 = DIRECTION('',(0.994521895368,0.,0.104528463268));
#6773 = ORIENTED_EDGE('',*,*,#6774,.F.);
#6774 = EDGE_CURVE('',#6775,#6766,#6777,.T.);
#6775 = VERTEX_POINT('',#6776);
#6776 = CARTESIAN_POINT('',(-35.71521784134,-1.310372075088E-16,
    6.875546658476));
#6777 = LINE('',#6778,#6779);
#6778 = CARTESIAN_POINT('',(-35.71521784134,-1.310372075088E-16,
    6.875546658476));
#6779 = VECTOR('',#6780,1.);
#6780 = DIRECTION('',(-0.104528463268,0.,0.994521895368));
#6781 = ORIENTED_EDGE('',*,*,#6782,.T.);
#6782 = EDGE_CURVE('',#6775,#6775,#6783,.T.);
#6783 = CIRCLE('',#6784,0.535);
#6784 = AXIS2_PLACEMENT_3D('',#6785,#6786,#6787);
#6785 = CARTESIAN_POINT('',(-36.24728705536,0.,6.819623930628));
#6786 = DIRECTION('',(-0.104528463268,0.,0.994521895368));
#6787 = DIRECTION('',(0.994521895368,0.,0.104528463268));
#6788 = ORIENTED_EDGE('',*,*,#6774,.T.);
#6789 = CYLINDRICAL_SURFACE('',#6790,0.535);
#6790 = AXIS2_PLACEMENT_3D('',#6791,#6792,#6793);
#6791 = CARTESIAN_POINT('',(-36.24728705536,0.,6.819623930628));
#6792 = DIRECTION('',(-0.104528463268,0.,0.994521895368));
#6793 = DIRECTION('',(0.994521895368,0.,0.104528463268));
#6794 = ADVANCED_FACE('',(#6795),#6798,.T.);
#6795 = FACE_BOUND('',#6796,.T.);
#6796 = EDGE_LOOP('',(#6797));
#6797 = ORIENTED_EDGE('',*,*,#6765,.T.);
#6798 = PLANE('',#6799);
#6799 = AXIS2_PLACEMENT_3D('',#6800,#6801,#6802);
#6800 = CARTESIAN_POINT('',(-36.27341917118,0.,7.06825440447));
#6801 = DIRECTION('',(-0.104528463268,0.,0.994521895368));
#6802 = DIRECTION('',(0.994521895368,0.,0.104528463268));
#6803 = ADVANCED_FACE('',(#6804),#6807,.F.);
#6804 = FACE_BOUND('',#6805,.T.);
#6805 = EDGE_LOOP('',(#6806));
#6806 = ORIENTED_EDGE('',*,*,#6782,.F.);
#6807 = PLANE('',#6808);
#6808 = AXIS2_PLACEMENT_3D('',#6809,#6810,#6811);
#6809 = CARTESIAN_POINT('',(-36.24728705536,0.,6.819623930628));
#6810 = DIRECTION('',(-0.104528463268,0.,0.994521895368));
#6811 = DIRECTION('',(0.994521895368,0.,0.104528463268));
#6812 = MANIFOLD_SOLID_BREP('',#6813);
#6813 = CLOSED_SHELL('',(#6814,#6847,#6856));
#6814 = ADVANCED_FACE('',(#6815),#6842,.T.);
#6815 = FACE_BOUND('',#6816,.T.);
#6816 = EDGE_LOOP('',(#6817,#6826,#6834,#6841));
#6817 = ORIENTED_EDGE('',*,*,#6818,.F.);
#6818 = EDGE_CURVE('',#6819,#6819,#6821,.T.);
#6819 = VERTEX_POINT('',#6820);
#6820 = CARTESIAN_POINT('',(-36.15010273371,-8.082668874373E-17,
    9.05201171227));
#6821 = CIRCLE('',#6822,0.33);
#6822 = AXIS2_PLACEMENT_3D('',#6823,#6824,#6825);
#6823 = CARTESIAN_POINT('',(-36.47829495919,0.,9.017517319392));
#6824 = DIRECTION('',(-0.104528463268,0.,0.994521895368));
#6825 = DIRECTION('',(0.994521895368,0.,0.104528463268));
#6826 = ORIENTED_EDGE('',*,*,#6827,.F.);
#6827 = EDGE_CURVE('',#6828,#6819,#6830,.T.);
#6828 = VERTEX_POINT('',#6829);
#6829 = CARTESIAN_POINT('',(-35.91909482989,-8.082668874373E-17,
    6.854118323506));
#6830 = LINE('',#6831,#6832);
#6831 = CARTESIAN_POINT('',(-35.91909482989,-8.082668874373E-17,
    6.854118323506));
#6832 = VECTOR('',#6833,1.);
#6833 = DIRECTION('',(-0.104528463268,0.,0.994521895368));
#6834 = ORIENTED_EDGE('',*,*,#6835,.T.);
#6835 = EDGE_CURVE('',#6828,#6828,#6836,.T.);
#6836 = CIRCLE('',#6837,0.33);
#6837 = AXIS2_PLACEMENT_3D('',#6838,#6839,#6840);
#6838 = CARTESIAN_POINT('',(-36.24728705536,0.,6.819623930628));
#6839 = DIRECTION('',(-0.104528463268,0.,0.994521895368));
#6840 = DIRECTION('',(0.994521895368,0.,0.104528463268));
#6841 = ORIENTED_EDGE('',*,*,#6827,.T.);
#6842 = CYLINDRICAL_SURFACE('',#6843,0.33);
#6843 = AXIS2_PLACEMENT_3D('',#6844,#6845,#6846);
#6844 = CARTESIAN_POINT('',(-36.24728705536,0.,6.819623930628));
#6845 = DIRECTION('',(-0.104528463268,0.,0.994521895368));
#6846 = DIRECTION('',(0.994521895368,0.,0.104528463268));
#6847 = ADVANCED_FACE('',(#6848),#6851,.T.);
#6848 = FACE_BOUND('',#6849,.T.);
#6849 = EDGE_LOOP('',(#6850));
#6850 = ORIENTED_EDGE('',*,*,#6818,.T.);
#6851 = PLANE('',#6852);
#6852 = AXIS2_PLACEMENT_3D('',#6853,#6854,#6855);
#6853 = CARTESIAN_POINT('',(-36.47829495919,0.,9.017517319392));
#6854 = DIRECTION('',(-0.104528463268,0.,0.994521895368));
#6855 = DIRECTION('',(0.994521895368,0.,0.104528463268));
#6856 = ADVANCED_FACE('',(#6857),#6860,.F.);
#6857 = FACE_BOUND('',#6858,.T.);
#6858 = EDGE_LOOP('',(#6859));
#6859 = ORIENTED_EDGE('',*,*,#6835,.F.);
#6860 = PLANE('',#6861);
#6861 = AXIS2_PLACEMENT_3D('',#6862,#6863,#6864);
#6862 = CARTESIAN_POINT('',(-36.24728705536,0.,6.819623930628));
#6863 = DIRECTION('',(-0.104528463268,0.,0.994521895368));
#6864 = DIRECTION('',(0.994521895368,0.,0.104528463268));
#6865 = MANIFOLD_SOLID_BREP('',#6866);
#6866 = CLOSED_SHELL('',(#6867,#6900,#6909));
#6867 = ADVANCED_FACE('',(#6868),#6895,.T.);
#6868 = FACE_BOUND('',#6869,.T.);
#6869 = EDGE_LOOP('',(#6870,#6879,#6887,#6894));
#6870 = ORIENTED_EDGE('',*,*,#6871,.F.);
#6871 = EDGE_CURVE('',#6872,#6872,#6874,.T.);
#6872 = VERTEX_POINT('',#6873);
#6873 = CARTESIAN_POINT('',(-34.47830715004,-1.310372075088E-16,
    7.256928280668));
#6874 = CIRCLE('',#6875,0.535);
#6875 = AXIS2_PLACEMENT_3D('',#6876,#6877,#6878);
#6876 = CARTESIAN_POINT('',(-35.01037636406,0.,7.20100555282));
#6877 = DIRECTION('',(-0.104528463268,0.,0.994521895368));
#6878 = DIRECTION('',(0.994521895368,0.,0.104528463268));
#6879 = ORIENTED_EDGE('',*,*,#6880,.F.);
#6880 = EDGE_CURVE('',#6881,#6872,#6883,.T.);
#6881 = VERTEX_POINT('',#6882);
#6882 = CARTESIAN_POINT('',(-34.45217503422,-1.310372075088E-16,
    7.008297806826));
#6883 = LINE('',#6884,#6885);
#6884 = CARTESIAN_POINT('',(-34.45217503422,-1.310372075088E-16,
    7.008297806826));
#6885 = VECTOR('',#6886,1.);
#6886 = DIRECTION('',(-0.104528463268,0.,0.994521895368));
#6887 = ORIENTED_EDGE('',*,*,#6888,.T.);
#6888 = EDGE_CURVE('',#6881,#6881,#6889,.T.);
#6889 = CIRCLE('',#6890,0.535);
#6890 = AXIS2_PLACEMENT_3D('',#6891,#6892,#6893);
#6891 = CARTESIAN_POINT('',(-34.98424424825,0.,6.952375078978));
#6892 = DIRECTION('',(-0.104528463268,0.,0.994521895368));
#6893 = DIRECTION('',(0.994521895368,0.,0.104528463268));
#6894 = ORIENTED_EDGE('',*,*,#6880,.T.);
#6895 = CYLINDRICAL_SURFACE('',#6896,0.535);
#6896 = AXIS2_PLACEMENT_3D('',#6897,#6898,#6899);
#6897 = CARTESIAN_POINT('',(-34.98424424825,0.,6.952375078978));
#6898 = DIRECTION('',(-0.104528463268,0.,0.994521895368));
#6899 = DIRECTION('',(0.994521895368,0.,0.104528463268));
#6900 = ADVANCED_FACE('',(#6901),#6904,.T.);
#6901 = FACE_BOUND('',#6902,.T.);
#6902 = EDGE_LOOP('',(#6903));
#6903 = ORIENTED_EDGE('',*,*,#6871,.T.);
#6904 = PLANE('',#6905);
#6905 = AXIS2_PLACEMENT_3D('',#6906,#6907,#6908);
#6906 = CARTESIAN_POINT('',(-35.01037636406,0.,7.20100555282));
#6907 = DIRECTION('',(-0.104528463268,0.,0.994521895368));
#6908 = DIRECTION('',(0.994521895368,0.,0.104528463268));
#6909 = ADVANCED_FACE('',(#6910),#6913,.F.);
#6910 = FACE_BOUND('',#6911,.T.);
#6911 = EDGE_LOOP('',(#6912));
#6912 = ORIENTED_EDGE('',*,*,#6888,.F.);
#6913 = PLANE('',#6914);
#6914 = AXIS2_PLACEMENT_3D('',#6915,#6916,#6917);
#6915 = CARTESIAN_POINT('',(-34.98424424825,0.,6.952375078978));
#6916 = DIRECTION('',(-0.104528463268,0.,0.994521895368));
#6917 = DIRECTION('',(0.994521895368,0.,0.104528463268));
#6918 = MANIFOLD_SOLID_BREP('',#6919);
#6919 = CLOSED_SHELL('',(#6920,#6953,#6962));
#6920 = ADVANCED_FACE('',(#6921),#6948,.T.);
#6921 = FACE_BOUND('',#6922,.T.);
#6922 = EDGE_LOOP('',(#6923,#6932,#6940,#6947));
#6923 = ORIENTED_EDGE('',*,*,#6924,.F.);
#6924 = EDGE_CURVE('',#6925,#6925,#6927,.T.);
#6925 = VERTEX_POINT('',#6926);
#6926 = CARTESIAN_POINT('',(-34.8870599266,-8.082668874373E-17,
    9.18476286062));
#6927 = CIRCLE('',#6928,0.33);
#6928 = AXIS2_PLACEMENT_3D('',#6929,#6930,#6931);
#6929 = CARTESIAN_POINT('',(-35.21525215207,0.,9.150268467742));
#6930 = DIRECTION('',(-0.104528463268,0.,0.994521895368));
#6931 = DIRECTION('',(0.994521895368,0.,0.104528463268));
#6932 = ORIENTED_EDGE('',*,*,#6933,.F.);
#6933 = EDGE_CURVE('',#6934,#6925,#6936,.T.);
#6934 = VERTEX_POINT('',#6935);
#6935 = CARTESIAN_POINT('',(-34.65605202277,-8.082668874373E-17,
    6.986869471856));
#6936 = LINE('',#6937,#6938);
#6937 = CARTESIAN_POINT('',(-34.65605202277,-8.082668874373E-17,
    6.986869471856));
#6938 = VECTOR('',#6939,1.);
#6939 = DIRECTION('',(-0.104528463268,0.,0.994521895368));
#6940 = ORIENTED_EDGE('',*,*,#6941,.T.);
#6941 = EDGE_CURVE('',#6934,#6934,#6942,.T.);
#6942 = CIRCLE('',#6943,0.33);
#6943 = AXIS2_PLACEMENT_3D('',#6944,#6945,#6946);
#6944 = CARTESIAN_POINT('',(-34.98424424825,0.,6.952375078978));
#6945 = DIRECTION('',(-0.104528463268,0.,0.994521895368));
#6946 = DIRECTION('',(0.994521895368,0.,0.104528463268));
#6947 = ORIENTED_EDGE('',*,*,#6933,.T.);
#6948 = CYLINDRICAL_SURFACE('',#6949,0.33);
#6949 = AXIS2_PLACEMENT_3D('',#6950,#6951,#6952);
#6950 = CARTESIAN_POINT('',(-34.98424424825,0.,6.952375078978));
#6951 = DIRECTION('',(-0.104528463268,0.,0.994521895368));
#6952 = DIRECTION('',(0.994521895368,0.,0.104528463268));
#6953 = ADVANCED_FACE('',(#6954),#6957,.T.);
#6954 = FACE_BOUND('',#6955,.T.);
#6955 = EDGE_LOOP('',(#6956));
#6956 = ORIENTED_EDGE('',*,*,#6924,.T.);
#6957 = PLANE('',#6958);
#6958 = AXIS2_PLACEMENT_3D('',#6959,#6960,#6961);
#6959 = CARTESIAN_POINT('',(-35.21525215207,0.,9.150268467742));
#6960 = DIRECTION('',(-0.104528463268,0.,0.994521895368));
#6961 = DIRECTION('',(0.994521895368,0.,0.104528463268));
#6962 = ADVANCED_FACE('',(#6963),#6966,.F.);
#6963 = FACE_BOUND('',#6964,.T.);
#6964 = EDGE_LOOP('',(#6965));
#6965 = ORIENTED_EDGE('',*,*,#6941,.F.);
#6966 = PLANE('',#6967);
#6967 = AXIS2_PLACEMENT_3D('',#6968,#6969,#6970);
#6968 = CARTESIAN_POINT('',(-34.98424424825,0.,6.952375078978));
#6969 = DIRECTION('',(-0.104528463268,0.,0.994521895368));
#6970 = DIRECTION('',(0.994521895368,0.,0.104528463268));
#6971 = MANIFOLD_SOLID_BREP('',#6972);
#6972 = CLOSED_SHELL('',(#6973,#7006,#7015));
#6973 = ADVANCED_FACE('',(#6974),#7001,.T.);
#6974 = FACE_BOUND('',#6975,.T.);
#6975 = EDGE_LOOP('',(#6976,#6985,#6993,#7000));
#6976 = ORIENTED_EDGE('',*,*,#6977,.F.);
#6977 = EDGE_CURVE('',#6978,#6978,#6980,.T.);
#6978 = VERTEX_POINT('',#6979);
#6979 = CARTESIAN_POINT('',(-33.21526434292,-1.310372075088E-16,
    7.389679429018));
#6980 = CIRCLE('',#6981,0.535);
#6981 = AXIS2_PLACEMENT_3D('',#6982,#6983,#6984);
#6982 = CARTESIAN_POINT('',(-33.74733355695,0.,7.33375670117));
#6983 = DIRECTION('',(-0.104528463268,0.,0.994521895368));
#6984 = DIRECTION('',(0.994521895368,0.,0.104528463268));
#6985 = ORIENTED_EDGE('',*,*,#6986,.F.);
#6986 = EDGE_CURVE('',#6987,#6978,#6989,.T.);
#6987 = VERTEX_POINT('',#6988);
#6988 = CARTESIAN_POINT('',(-33.18913222711,-1.310372075088E-16,
    7.141048955176));
#6989 = LINE('',#6990,#6991);
#6990 = CARTESIAN_POINT('',(-33.18913222711,-1.310372075088E-16,
    7.141048955176));
#6991 = VECTOR('',#6992,1.);
#6992 = DIRECTION('',(-0.104528463268,0.,0.994521895368));
#6993 = ORIENTED_EDGE('',*,*,#6994,.T.);
#6994 = EDGE_CURVE('',#6987,#6987,#6995,.T.);
#6995 = CIRCLE('',#6996,0.535);
#6996 = AXIS2_PLACEMENT_3D('',#6997,#6998,#6999);
#6997 = CARTESIAN_POINT('',(-33.72120144113,0.,7.085126227328));
#6998 = DIRECTION('',(-0.104528463268,0.,0.994521895368));
#6999 = DIRECTION('',(0.994521895368,0.,0.104528463268));
#7000 = ORIENTED_EDGE('',*,*,#6986,.T.);
#7001 = CYLINDRICAL_SURFACE('',#7002,0.535);
#7002 = AXIS2_PLACEMENT_3D('',#7003,#7004,#7005);
#7003 = CARTESIAN_POINT('',(-33.72120144113,0.,7.085126227328));
#7004 = DIRECTION('',(-0.104528463268,0.,0.994521895368));
#7005 = DIRECTION('',(0.994521895368,0.,0.104528463268));
#7006 = ADVANCED_FACE('',(#7007),#7010,.T.);
#7007 = FACE_BOUND('',#7008,.T.);
#7008 = EDGE_LOOP('',(#7009));
#7009 = ORIENTED_EDGE('',*,*,#6977,.T.);
#7010 = PLANE('',#7011);
#7011 = AXIS2_PLACEMENT_3D('',#7012,#7013,#7014);
#7012 = CARTESIAN_POINT('',(-33.74733355695,0.,7.33375670117));
#7013 = DIRECTION('',(-0.104528463268,0.,0.994521895368));
#7014 = DIRECTION('',(0.994521895368,0.,0.104528463268));
#7015 = ADVANCED_FACE('',(#7016),#7019,.F.);
#7016 = FACE_BOUND('',#7017,.T.);
#7017 = EDGE_LOOP('',(#7018));
#7018 = ORIENTED_EDGE('',*,*,#6994,.F.);
#7019 = PLANE('',#7020);
#7020 = AXIS2_PLACEMENT_3D('',#7021,#7022,#7023);
#7021 = CARTESIAN_POINT('',(-33.72120144113,0.,7.085126227328));
#7022 = DIRECTION('',(-0.104528463268,0.,0.994521895368));
#7023 = DIRECTION('',(0.994521895368,0.,0.104528463268));
#7024 = MANIFOLD_SOLID_BREP('',#7025);
#7025 = CLOSED_SHELL('',(#7026,#7059,#7068));
#7026 = ADVANCED_FACE('',(#7027),#7054,.T.);
#7027 = FACE_BOUND('',#7028,.T.);
#7028 = EDGE_LOOP('',(#7029,#7038,#7046,#7053));
#7029 = ORIENTED_EDGE('',*,*,#7030,.F.);
#7030 = EDGE_CURVE('',#7031,#7031,#7033,.T.);
#7031 = VERTEX_POINT('',#7032);
#7032 = CARTESIAN_POINT('',(-33.62401711948,-8.082668874373E-17,
    9.31751400897));
#7033 = CIRCLE('',#7034,0.33);
#7034 = AXIS2_PLACEMENT_3D('',#7035,#7036,#7037);
#7035 = CARTESIAN_POINT('',(-33.95220934495,0.,9.283019616092));
#7036 = DIRECTION('',(-0.104528463268,0.,0.994521895368));
#7037 = DIRECTION('',(0.994521895368,0.,0.104528463268));
#7038 = ORIENTED_EDGE('',*,*,#7039,.F.);
#7039 = EDGE_CURVE('',#7040,#7031,#7042,.T.);
#7040 = VERTEX_POINT('',#7041);
#7041 = CARTESIAN_POINT('',(-33.39300921566,-8.082668874373E-17,
    7.119620620206));
#7042 = LINE('',#7043,#7044);
#7043 = CARTESIAN_POINT('',(-33.39300921566,-8.082668874373E-17,
    7.119620620206));
#7044 = VECTOR('',#7045,1.);
#7045 = DIRECTION('',(-0.104528463268,0.,0.994521895368));
#7046 = ORIENTED_EDGE('',*,*,#7047,.T.);
#7047 = EDGE_CURVE('',#7040,#7040,#7048,.T.);
#7048 = CIRCLE('',#7049,0.33);
#7049 = AXIS2_PLACEMENT_3D('',#7050,#7051,#7052);
#7050 = CARTESIAN_POINT('',(-33.72120144113,0.,7.085126227328));
#7051 = DIRECTION('',(-0.104528463268,0.,0.994521895368));
#7052 = DIRECTION('',(0.994521895368,0.,0.104528463268));
#7053 = ORIENTED_EDGE('',*,*,#7039,.T.);
#7054 = CYLINDRICAL_SURFACE('',#7055,0.33);
#7055 = AXIS2_PLACEMENT_3D('',#7056,#7057,#7058);
#7056 = CARTESIAN_POINT('',(-33.72120144113,0.,7.085126227328));
#7057 = DIRECTION('',(-0.104528463268,0.,0.994521895368));
#7058 = DIRECTION('',(0.994521895368,0.,0.104528463268));
#7059 = ADVANCED_FACE('',(#7060),#7063,.T.);
#7060 = FACE_BOUND('',#7061,.T.);
#7061 = EDGE_LOOP('',(#7062));
#7062 = ORIENTED_EDGE('',*,*,#7030,.T.);
#7063 = PLANE('',#7064);
#7064 = AXIS2_PLACEMENT_3D('',#7065,#7066,#7067);
#7065 = CARTESIAN_POINT('',(-33.95220934495,0.,9.283019616092));
#7066 = DIRECTION('',(-0.104528463268,0.,0.994521895368));
#7067 = DIRECTION('',(0.994521895368,0.,0.104528463268));
#7068 = ADVANCED_FACE('',(#7069),#7072,.F.);
#7069 = FACE_BOUND('',#7070,.T.);
#7070 = EDGE_LOOP('',(#7071));
#7071 = ORIENTED_EDGE('',*,*,#7047,.F.);
#7072 = PLANE('',#7073);
#7073 = AXIS2_PLACEMENT_3D('',#7074,#7075,#7076);
#7074 = CARTESIAN_POINT('',(-33.72120144113,0.,7.085126227328));
#7075 = DIRECTION('',(-0.104528463268,0.,0.994521895368));
#7076 = DIRECTION('',(0.994521895368,0.,0.104528463268));
#7077 = ( GEOMETRIC_REPRESENTATION_CONTEXT(3) 
GLOBAL_UNCERTAINTY_ASSIGNED_CONTEXT((#7081)) 
GLOBAL_UNIT_ASSIGNED_CONTEXT((#7078,#7079,#7080)) REPRESENTATION_CONTEXT
('Context #1','3D Context with UNIT and UNCERTAINTY') );
#7078 = ( LENGTH_UNIT() NAMED_UNIT(*) SI_UNIT(.MILLI.,.METRE.) );
#7079 = ( NAMED_UNIT(*) PLANE_ANGLE_UNIT() SI_UNIT($,.RADIAN.) );
#7080 = ( NAMED_UNIT(*) SI_UNIT($,.STERADIAN.) SOLID_ANGLE_UNIT() );
#7081 = UNCERTAINTY_MEASURE_WITH_UNIT(LENGTH_MEASURE(1.E-07),#7078,
  'distance_accuracy_value','confusion accuracy');
#7082 = CONTEXT_DEPENDENT_SHAPE_REPRESENTATION(#7083,#7085);
#7083 = ( REPRESENTATION_RELATIONSHIP('','',#5654,#10) 
REPRESENTATION_RELATIONSHIP_WITH_TRANSFORMATION(#7084) 
SHAPE_REPRESENTATION_RELATIONSHIP() );
#7084 = ITEM_DEFINED_TRANSFORMATION('','',#11,#47);
#7085 = PRODUCT_DEFINITION_SHAPE('Placement','Placement of an item',
  #7086);
#7086 = NEXT_ASSEMBLY_USAGE_OCCURRENCE('9',
  'Left Hall-PCB target interface','',#5,#5649,$);
#7087 = PRODUCT_RELATED_PRODUCT_CATEGORY('part',$,(#5651));
#7088 = SHAPE_DEFINITION_REPRESENTATION(#7089,#7095);
#7089 = PRODUCT_DEFINITION_SHAPE('','',#7090);
#7090 = PRODUCT_DEFINITION('design','',#7091,#7094);
#7091 = PRODUCT_DEFINITION_FORMATION('','',#7092);
#7092 = PRODUCT('Left asymmetric perimeter keys',
  'Left asymmetric perimeter keys','',(#7093));
#7093 = PRODUCT_CONTEXT('',#2,'mechanical');
#7094 = PRODUCT_DEFINITION_CONTEXT('part definition',#2,'design');
#7095 = SHAPE_REPRESENTATION('',(#11,#7096,#7246,#7396),#7546);
#7096 = MANIFOLD_SOLID_BREP('',#7097);
#7097 = CLOSED_SHELL('',(#7098,#7138,#7178,#7200,#7222,#7234));
#7098 = ADVANCED_FACE('',(#7099),#7133,.F.);
#7099 = FACE_BOUND('',#7100,.F.);
#7100 = EDGE_LOOP('',(#7101,#7111,#7119,#7127));
#7101 = ORIENTED_EDGE('',*,*,#7102,.F.);
#7102 = EDGE_CURVE('',#7103,#7105,#7107,.T.);
#7103 = VERTEX_POINT('',#7104);
#7104 = CARTESIAN_POINT('',(-51.21151485354,-11.5,1.435943832013));
#7105 = VERTEX_POINT('',#7106);
#7106 = CARTESIAN_POINT('',(-51.83868563315,-11.5,7.403075204223));
#7107 = LINE('',#7108,#7109);
#7108 = CARTESIAN_POINT('',(-51.21151485354,-11.5,1.435943832013));
#7109 = VECTOR('',#7110,1.);
#7110 = DIRECTION('',(-0.104528463268,0.,0.994521895368));
#7111 = ORIENTED_EDGE('',*,*,#7112,.T.);
#7112 = EDGE_CURVE('',#7103,#7113,#7115,.T.);
#7113 = VERTEX_POINT('',#7114);
#7114 = CARTESIAN_POINT('',(-51.21151485354,-6.5,1.435943832013));
#7115 = LINE('',#7116,#7117);
#7116 = CARTESIAN_POINT('',(-51.21151485354,-11.5,1.435943832013));
#7117 = VECTOR('',#7118,1.);
#7118 = DIRECTION('',(0.,1.,0.));
#7119 = ORIENTED_EDGE('',*,*,#7120,.T.);
#7120 = EDGE_CURVE('',#7113,#7121,#7123,.T.);
#7121 = VERTEX_POINT('',#7122);
#7122 = CARTESIAN_POINT('',(-51.83868563315,-6.5,7.403075204223));
#7123 = LINE('',#7124,#7125);
#7124 = CARTESIAN_POINT('',(-51.21151485354,-6.5,1.435943832013));
#7125 = VECTOR('',#7126,1.);
#7126 = DIRECTION('',(-0.104528463268,0.,0.994521895368));
#7127 = ORIENTED_EDGE('',*,*,#7128,.F.);
#7128 = EDGE_CURVE('',#7105,#7121,#7129,.T.);
#7129 = LINE('',#7130,#7131);
#7130 = CARTESIAN_POINT('',(-51.83868563315,-11.5,7.403075204223));
#7131 = VECTOR('',#7132,1.);
#7132 = DIRECTION('',(0.,1.,0.));
#7133 = PLANE('',#7134);
#7134 = AXIS2_PLACEMENT_3D('',#7135,#7136,#7137);
#7135 = CARTESIAN_POINT('',(-51.21151485354,-11.5,1.435943832013));
#7136 = DIRECTION('',(0.994521895368,0.,0.104528463268));
#7137 = DIRECTION('',(-0.104528463268,0.,0.994521895368));
#7138 = ADVANCED_FACE('',(#7139),#7173,.T.);
#7139 = FACE_BOUND('',#7140,.T.);
#7140 = EDGE_LOOP('',(#7141,#7151,#7159,#7167));
#7141 = ORIENTED_EDGE('',*,*,#7142,.F.);
#7142 = EDGE_CURVE('',#7143,#7145,#7147,.T.);
#7143 = VERTEX_POINT('',#7144);
#7144 = CARTESIAN_POINT('',(-50.21699295817,-11.5,1.540472295281));
#7145 = VERTEX_POINT('',#7146);
#7146 = CARTESIAN_POINT('',(-50.84416373778,-11.5,7.507603667491));
#7147 = LINE('',#7148,#7149);
#7148 = CARTESIAN_POINT('',(-50.21699295817,-11.5,1.540472295281));
#7149 = VECTOR('',#7150,1.);
#7150 = DIRECTION('',(-0.104528463268,0.,0.994521895368));
#7151 = ORIENTED_EDGE('',*,*,#7152,.T.);
#7152 = EDGE_CURVE('',#7143,#7153,#7155,.T.);
#7153 = VERTEX_POINT('',#7154);
#7154 = CARTESIAN_POINT('',(-50.21699295817,-6.5,1.540472295281));
#7155 = LINE('',#7156,#7157);
#7156 = CARTESIAN_POINT('',(-50.21699295817,-11.5,1.540472295281));
#7157 = VECTOR('',#7158,1.);
#7158 = DIRECTION('',(0.,1.,0.));
#7159 = ORIENTED_EDGE('',*,*,#7160,.T.);
#7160 = EDGE_CURVE('',#7153,#7161,#7163,.T.);
#7161 = VERTEX_POINT('',#7162);
#7162 = CARTESIAN_POINT('',(-50.84416373778,-6.5,7.507603667491));
#7163 = LINE('',#7164,#7165);
#7164 = CARTESIAN_POINT('',(-50.21699295817,-6.5,1.540472295281));
#7165 = VECTOR('',#7166,1.);
#7166 = DIRECTION('',(-0.104528463268,0.,0.994521895368));
#7167 = ORIENTED_EDGE('',*,*,#7168,.F.);
#7168 = EDGE_CURVE('',#7145,#7161,#7169,.T.);
#7169 = LINE('',#7170,#7171);
#7170 = CARTESIAN_POINT('',(-50.84416373778,-11.5,7.507603667491));
#7171 = VECTOR('',#7172,1.);
#7172 = DIRECTION('',(0.,1.,0.));
#7173 = PLANE('',#7174);
#7174 = AXIS2_PLACEMENT_3D('',#7175,#7176,#7177);
#7175 = CARTESIAN_POINT('',(-50.21699295817,-11.5,1.540472295281));
#7176 = DIRECTION('',(0.994521895368,0.,0.104528463268));
#7177 = DIRECTION('',(-0.104528463268,0.,0.994521895368));
#7178 = ADVANCED_FACE('',(#7179),#7195,.F.);
#7179 = FACE_BOUND('',#7180,.F.);
#7180 = EDGE_LOOP('',(#7181,#7187,#7188,#7194));
#7181 = ORIENTED_EDGE('',*,*,#7182,.F.);
#7182 = EDGE_CURVE('',#7103,#7143,#7183,.T.);
#7183 = LINE('',#7184,#7185);
#7184 = CARTESIAN_POINT('',(-51.21151485354,-11.5,1.435943832013));
#7185 = VECTOR('',#7186,1.);
#7186 = DIRECTION('',(0.994521895368,0.,0.104528463268));
#7187 = ORIENTED_EDGE('',*,*,#7102,.T.);
#7188 = ORIENTED_EDGE('',*,*,#7189,.T.);
#7189 = EDGE_CURVE('',#7105,#7145,#7190,.T.);
#7190 = LINE('',#7191,#7192);
#7191 = CARTESIAN_POINT('',(-51.83868563315,-11.5,7.403075204223));
#7192 = VECTOR('',#7193,1.);
#7193 = DIRECTION('',(0.994521895368,0.,0.104528463268));
#7194 = ORIENTED_EDGE('',*,*,#7142,.F.);
#7195 = PLANE('',#7196);
#7196 = AXIS2_PLACEMENT_3D('',#7197,#7198,#7199);
#7197 = CARTESIAN_POINT('',(-51.21151485354,-11.5,1.435943832013));
#7198 = DIRECTION('',(0.,1.,0.));
#7199 = DIRECTION('',(-0.104528463268,0.,0.994521895368));
#7200 = ADVANCED_FACE('',(#7201),#7217,.T.);
#7201 = FACE_BOUND('',#7202,.T.);
#7202 = EDGE_LOOP('',(#7203,#7209,#7210,#7216));
#7203 = ORIENTED_EDGE('',*,*,#7204,.F.);
#7204 = EDGE_CURVE('',#7113,#7153,#7205,.T.);
#7205 = LINE('',#7206,#7207);
#7206 = CARTESIAN_POINT('',(-51.21151485354,-6.5,1.435943832013));
#7207 = VECTOR('',#7208,1.);
#7208 = DIRECTION('',(0.994521895368,0.,0.104528463268));
#7209 = ORIENTED_EDGE('',*,*,#7120,.T.);
#7210 = ORIENTED_EDGE('',*,*,#7211,.T.);
#7211 = EDGE_CURVE('',#7121,#7161,#7212,.T.);
#7212 = LINE('',#7213,#7214);
#7213 = CARTESIAN_POINT('',(-51.83868563315,-6.5,7.403075204223));
#7214 = VECTOR('',#7215,1.);
#7215 = DIRECTION('',(0.994521895368,0.,0.104528463268));
#7216 = ORIENTED_EDGE('',*,*,#7160,.F.);
#7217 = PLANE('',#7218);
#7218 = AXIS2_PLACEMENT_3D('',#7219,#7220,#7221);
#7219 = CARTESIAN_POINT('',(-51.21151485354,-6.5,1.435943832013));
#7220 = DIRECTION('',(0.,1.,0.));
#7221 = DIRECTION('',(-0.104528463268,0.,0.994521895368));
#7222 = ADVANCED_FACE('',(#7223),#7229,.F.);
#7223 = FACE_BOUND('',#7224,.F.);
#7224 = EDGE_LOOP('',(#7225,#7226,#7227,#7228));
#7225 = ORIENTED_EDGE('',*,*,#7112,.F.);
#7226 = ORIENTED_EDGE('',*,*,#7182,.T.);
#7227 = ORIENTED_EDGE('',*,*,#7152,.T.);
#7228 = ORIENTED_EDGE('',*,*,#7204,.F.);
#7229 = PLANE('',#7230);
#7230 = AXIS2_PLACEMENT_3D('',#7231,#7232,#7233);
#7231 = CARTESIAN_POINT('',(-51.21151485354,-11.5,1.435943832013));
#7232 = DIRECTION('',(-0.104528463268,0.,0.994521895368));
#7233 = DIRECTION('',(0.994521895368,0.,0.104528463268));
#7234 = ADVANCED_FACE('',(#7235),#7241,.T.);
#7235 = FACE_BOUND('',#7236,.T.);
#7236 = EDGE_LOOP('',(#7237,#7238,#7239,#7240));
#7237 = ORIENTED_EDGE('',*,*,#7128,.F.);
#7238 = ORIENTED_EDGE('',*,*,#7189,.T.);
#7239 = ORIENTED_EDGE('',*,*,#7168,.T.);
#7240 = ORIENTED_EDGE('',*,*,#7211,.F.);
#7241 = PLANE('',#7242);
#7242 = AXIS2_PLACEMENT_3D('',#7243,#7244,#7245);
#7243 = CARTESIAN_POINT('',(-51.83868563315,-11.5,7.403075204223));
#7244 = DIRECTION('',(-0.104528463268,0.,0.994521895368));
#7245 = DIRECTION('',(0.994521895368,0.,0.104528463268));
#7246 = MANIFOLD_SOLID_BREP('',#7247);
#7247 = CLOSED_SHELL('',(#7248,#7288,#7328,#7350,#7372,#7384));
#7248 = ADVANCED_FACE('',(#7249),#7283,.F.);
#7249 = FACE_BOUND('',#7250,.F.);
#7250 = EDGE_LOOP('',(#7251,#7261,#7269,#7277));
#7251 = ORIENTED_EDGE('',*,*,#7252,.F.);
#7252 = EDGE_CURVE('',#7253,#7255,#7257,.T.);
#7253 = VERTEX_POINT('',#7254);
#7254 = CARTESIAN_POINT('',(-30.32655505081,-11.5,3.631041560634));
#7255 = VERTEX_POINT('',#7256);
#7256 = CARTESIAN_POINT('',(-30.95372583041,-11.5,9.598172932844));
#7257 = LINE('',#7258,#7259);
#7258 = CARTESIAN_POINT('',(-30.32655505081,-11.5,3.631041560634));
#7259 = VECTOR('',#7260,1.);
#7260 = DIRECTION('',(-0.104528463268,0.,0.994521895368));
#7261 = ORIENTED_EDGE('',*,*,#7262,.T.);
#7262 = EDGE_CURVE('',#7253,#7263,#7265,.T.);
#7263 = VERTEX_POINT('',#7264);
#7264 = CARTESIAN_POINT('',(-30.32655505081,-6.5,3.631041560634));
#7265 = LINE('',#7266,#7267);
#7266 = CARTESIAN_POINT('',(-30.32655505081,-11.5,3.631041560634));
#7267 = VECTOR('',#7268,1.);
#7268 = DIRECTION('',(0.,1.,0.));
#7269 = ORIENTED_EDGE('',*,*,#7270,.T.);
#7270 = EDGE_CURVE('',#7263,#7271,#7273,.T.);
#7271 = VERTEX_POINT('',#7272);
#7272 = CARTESIAN_POINT('',(-30.95372583041,-6.5,9.598172932844));
#7273 = LINE('',#7274,#7275);
#7274 = CARTESIAN_POINT('',(-30.32655505081,-6.5,3.631041560634));
#7275 = VECTOR('',#7276,1.);
#7276 = DIRECTION('',(-0.104528463268,0.,0.994521895368));
#7277 = ORIENTED_EDGE('',*,*,#7278,.F.);
#7278 = EDGE_CURVE('',#7255,#7271,#7279,.T.);
#7279 = LINE('',#7280,#7281);
#7280 = CARTESIAN_POINT('',(-30.95372583041,-11.5,9.598172932844));
#7281 = VECTOR('',#7282,1.);
#7282 = DIRECTION('',(0.,1.,0.));
#7283 = PLANE('',#7284);
#7284 = AXIS2_PLACEMENT_3D('',#7285,#7286,#7287);
#7285 = CARTESIAN_POINT('',(-30.32655505081,-11.5,3.631041560634));
#7286 = DIRECTION('',(0.994521895368,0.,0.104528463268));
#7287 = DIRECTION('',(-0.104528463268,0.,0.994521895368));
#7288 = ADVANCED_FACE('',(#7289),#7323,.T.);
#7289 = FACE_BOUND('',#7290,.T.);
#7290 = EDGE_LOOP('',(#7291,#7301,#7309,#7317));
#7291 = ORIENTED_EDGE('',*,*,#7292,.F.);
#7292 = EDGE_CURVE('',#7293,#7295,#7297,.T.);
#7293 = VERTEX_POINT('',#7294);
#7294 = CARTESIAN_POINT('',(-29.33203315544,-11.5,3.735570023902));
#7295 = VERTEX_POINT('',#7296);
#7296 = CARTESIAN_POINT('',(-29.95920393505,-11.5,9.702701396111));
#7297 = LINE('',#7298,#7299);
#7298 = CARTESIAN_POINT('',(-29.33203315544,-11.5,3.735570023902));
#7299 = VECTOR('',#7300,1.);
#7300 = DIRECTION('',(-0.104528463268,0.,0.994521895368));
#7301 = ORIENTED_EDGE('',*,*,#7302,.T.);
#7302 = EDGE_CURVE('',#7293,#7303,#7305,.T.);
#7303 = VERTEX_POINT('',#7304);
#7304 = CARTESIAN_POINT('',(-29.33203315544,-6.5,3.735570023902));
#7305 = LINE('',#7306,#7307);
#7306 = CARTESIAN_POINT('',(-29.33203315544,-11.5,3.735570023902));
#7307 = VECTOR('',#7308,1.);
#7308 = DIRECTION('',(0.,1.,0.));
#7309 = ORIENTED_EDGE('',*,*,#7310,.T.);
#7310 = EDGE_CURVE('',#7303,#7311,#7313,.T.);
#7311 = VERTEX_POINT('',#7312);
#7312 = CARTESIAN_POINT('',(-29.95920393505,-6.5,9.702701396111));
#7313 = LINE('',#7314,#7315);
#7314 = CARTESIAN_POINT('',(-29.33203315544,-6.5,3.735570023902));
#7315 = VECTOR('',#7316,1.);
#7316 = DIRECTION('',(-0.104528463268,0.,0.994521895368));
#7317 = ORIENTED_EDGE('',*,*,#7318,.F.);
#7318 = EDGE_CURVE('',#7295,#7311,#7319,.T.);
#7319 = LINE('',#7320,#7321);
#7320 = CARTESIAN_POINT('',(-29.95920393505,-11.5,9.702701396111));
#7321 = VECTOR('',#7322,1.);
#7322 = DIRECTION('',(0.,1.,0.));
#7323 = PLANE('',#7324);
#7324 = AXIS2_PLACEMENT_3D('',#7325,#7326,#7327);
#7325 = CARTESIAN_POINT('',(-29.33203315544,-11.5,3.735570023902));
#7326 = DIRECTION('',(0.994521895368,0.,0.104528463268));
#7327 = DIRECTION('',(-0.104528463268,0.,0.994521895368));
#7328 = ADVANCED_FACE('',(#7329),#7345,.F.);
#7329 = FACE_BOUND('',#7330,.F.);
#7330 = EDGE_LOOP('',(#7331,#7337,#7338,#7344));
#7331 = ORIENTED_EDGE('',*,*,#7332,.F.);
#7332 = EDGE_CURVE('',#7253,#7293,#7333,.T.);
#7333 = LINE('',#7334,#7335);
#7334 = CARTESIAN_POINT('',(-30.32655505081,-11.5,3.631041560634));
#7335 = VECTOR('',#7336,1.);
#7336 = DIRECTION('',(0.994521895368,0.,0.104528463268));
#7337 = ORIENTED_EDGE('',*,*,#7252,.T.);
#7338 = ORIENTED_EDGE('',*,*,#7339,.T.);
#7339 = EDGE_CURVE('',#7255,#7295,#7340,.T.);
#7340 = LINE('',#7341,#7342);
#7341 = CARTESIAN_POINT('',(-30.95372583041,-11.5,9.598172932844));
#7342 = VECTOR('',#7343,1.);
#7343 = DIRECTION('',(0.994521895368,0.,0.104528463268));
#7344 = ORIENTED_EDGE('',*,*,#7292,.F.);
#7345 = PLANE('',#7346);
#7346 = AXIS2_PLACEMENT_3D('',#7347,#7348,#7349);
#7347 = CARTESIAN_POINT('',(-30.32655505081,-11.5,3.631041560634));
#7348 = DIRECTION('',(0.,1.,0.));
#7349 = DIRECTION('',(-0.104528463268,0.,0.994521895368));
#7350 = ADVANCED_FACE('',(#7351),#7367,.T.);
#7351 = FACE_BOUND('',#7352,.T.);
#7352 = EDGE_LOOP('',(#7353,#7359,#7360,#7366));
#7353 = ORIENTED_EDGE('',*,*,#7354,.F.);
#7354 = EDGE_CURVE('',#7263,#7303,#7355,.T.);
#7355 = LINE('',#7356,#7357);
#7356 = CARTESIAN_POINT('',(-30.32655505081,-6.5,3.631041560634));
#7357 = VECTOR('',#7358,1.);
#7358 = DIRECTION('',(0.994521895368,0.,0.104528463268));
#7359 = ORIENTED_EDGE('',*,*,#7270,.T.);
#7360 = ORIENTED_EDGE('',*,*,#7361,.T.);
#7361 = EDGE_CURVE('',#7271,#7311,#7362,.T.);
#7362 = LINE('',#7363,#7364);
#7363 = CARTESIAN_POINT('',(-30.95372583041,-6.5,9.598172932844));
#7364 = VECTOR('',#7365,1.);
#7365 = DIRECTION('',(0.994521895368,0.,0.104528463268));
#7366 = ORIENTED_EDGE('',*,*,#7310,.F.);
#7367 = PLANE('',#7368);
#7368 = AXIS2_PLACEMENT_3D('',#7369,#7370,#7371);
#7369 = CARTESIAN_POINT('',(-30.32655505081,-6.5,3.631041560634));
#7370 = DIRECTION('',(0.,1.,0.));
#7371 = DIRECTION('',(-0.104528463268,0.,0.994521895368));
#7372 = ADVANCED_FACE('',(#7373),#7379,.F.);
#7373 = FACE_BOUND('',#7374,.F.);
#7374 = EDGE_LOOP('',(#7375,#7376,#7377,#7378));
#7375 = ORIENTED_EDGE('',*,*,#7262,.F.);
#7376 = ORIENTED_EDGE('',*,*,#7332,.T.);
#7377 = ORIENTED_EDGE('',*,*,#7302,.T.);
#7378 = ORIENTED_EDGE('',*,*,#7354,.F.);
#7379 = PLANE('',#7380);
#7380 = AXIS2_PLACEMENT_3D('',#7381,#7382,#7383);
#7381 = CARTESIAN_POINT('',(-30.32655505081,-11.5,3.631041560634));
#7382 = DIRECTION('',(-0.104528463268,0.,0.994521895368));
#7383 = DIRECTION('',(0.994521895368,0.,0.104528463268));
#7384 = ADVANCED_FACE('',(#7385),#7391,.T.);
#7385 = FACE_BOUND('',#7386,.T.);
#7386 = EDGE_LOOP('',(#7387,#7388,#7389,#7390));
#7387 = ORIENTED_EDGE('',*,*,#7278,.F.);
#7388 = ORIENTED_EDGE('',*,*,#7339,.T.);
#7389 = ORIENTED_EDGE('',*,*,#7318,.T.);
#7390 = ORIENTED_EDGE('',*,*,#7361,.F.);
#7391 = PLANE('',#7392);
#7392 = AXIS2_PLACEMENT_3D('',#7393,#7394,#7395);
#7393 = CARTESIAN_POINT('',(-30.95372583041,-11.5,9.598172932844));
#7394 = DIRECTION('',(-0.104528463268,0.,0.994521895368));
#7395 = DIRECTION('',(0.994521895368,0.,0.104528463268));
#7396 = MANIFOLD_SOLID_BREP('',#7397);
#7397 = CLOSED_SHELL('',(#7398,#7438,#7478,#7500,#7522,#7534));
#7398 = ADVANCED_FACE('',(#7399),#7433,.F.);
#7399 = FACE_BOUND('',#7400,.F.);
#7400 = EDGE_LOOP('',(#7401,#7411,#7419,#7427));
#7401 = ORIENTED_EDGE('',*,*,#7402,.F.);
#7402 = EDGE_CURVE('',#7403,#7405,#7407,.T.);
#7403 = VERTEX_POINT('',#7404);
#7404 = CARTESIAN_POINT('',(-30.32655505081,4.5,3.631041560634));
#7405 = VERTEX_POINT('',#7406);
#7406 = CARTESIAN_POINT('',(-30.95372583041,4.5,9.598172932844));
#7407 = LINE('',#7408,#7409);
#7408 = CARTESIAN_POINT('',(-30.32655505081,4.5,3.631041560634));
#7409 = VECTOR('',#7410,1.);
#7410 = DIRECTION('',(-0.104528463268,0.,0.994521895368));
#7411 = ORIENTED_EDGE('',*,*,#7412,.T.);
#7412 = EDGE_CURVE('',#7403,#7413,#7415,.T.);
#7413 = VERTEX_POINT('',#7414);
#7414 = CARTESIAN_POINT('',(-30.32655505081,11.5,3.631041560634));
#7415 = LINE('',#7416,#7417);
#7416 = CARTESIAN_POINT('',(-30.32655505081,4.5,3.631041560634));
#7417 = VECTOR('',#7418,1.);
#7418 = DIRECTION('',(0.,1.,0.));
#7419 = ORIENTED_EDGE('',*,*,#7420,.T.);
#7420 = EDGE_CURVE('',#7413,#7421,#7423,.T.);
#7421 = VERTEX_POINT('',#7422);
#7422 = CARTESIAN_POINT('',(-30.95372583041,11.5,9.598172932844));
#7423 = LINE('',#7424,#7425);
#7424 = CARTESIAN_POINT('',(-30.32655505081,11.5,3.631041560634));
#7425 = VECTOR('',#7426,1.);
#7426 = DIRECTION('',(-0.104528463268,0.,0.994521895368));
#7427 = ORIENTED_EDGE('',*,*,#7428,.F.);
#7428 = EDGE_CURVE('',#7405,#7421,#7429,.T.);
#7429 = LINE('',#7430,#7431);
#7430 = CARTESIAN_POINT('',(-30.95372583041,4.5,9.598172932844));
#7431 = VECTOR('',#7432,1.);
#7432 = DIRECTION('',(0.,1.,0.));
#7433 = PLANE('',#7434);
#7434 = AXIS2_PLACEMENT_3D('',#7435,#7436,#7437);
#7435 = CARTESIAN_POINT('',(-30.32655505081,4.5,3.631041560634));
#7436 = DIRECTION('',(0.994521895368,0.,0.104528463268));
#7437 = DIRECTION('',(-0.104528463268,0.,0.994521895368));
#7438 = ADVANCED_FACE('',(#7439),#7473,.T.);
#7439 = FACE_BOUND('',#7440,.T.);
#7440 = EDGE_LOOP('',(#7441,#7451,#7459,#7467));
#7441 = ORIENTED_EDGE('',*,*,#7442,.F.);
#7442 = EDGE_CURVE('',#7443,#7445,#7447,.T.);
#7443 = VERTEX_POINT('',#7444);
#7444 = CARTESIAN_POINT('',(-28.83477220776,4.5,3.787834255536));
#7445 = VERTEX_POINT('',#7446);
#7446 = CARTESIAN_POINT('',(-29.46194298736,4.5,9.754965627745));
#7447 = LINE('',#7448,#7449);
#7448 = CARTESIAN_POINT('',(-28.83477220776,4.5,3.787834255536));
#7449 = VECTOR('',#7450,1.);
#7450 = DIRECTION('',(-0.104528463268,0.,0.994521895368));
#7451 = ORIENTED_EDGE('',*,*,#7452,.T.);
#7452 = EDGE_CURVE('',#7443,#7453,#7455,.T.);
#7453 = VERTEX_POINT('',#7454);
#7454 = CARTESIAN_POINT('',(-28.83477220776,11.5,3.787834255536));
#7455 = LINE('',#7456,#7457);
#7456 = CARTESIAN_POINT('',(-28.83477220776,4.5,3.787834255536));
#7457 = VECTOR('',#7458,1.);
#7458 = DIRECTION('',(0.,1.,0.));
#7459 = ORIENTED_EDGE('',*,*,#7460,.T.);
#7460 = EDGE_CURVE('',#7453,#7461,#7463,.T.);
#7461 = VERTEX_POINT('',#7462);
#7462 = CARTESIAN_POINT('',(-29.46194298736,11.5,9.754965627745));
#7463 = LINE('',#7464,#7465);
#7464 = CARTESIAN_POINT('',(-28.83477220776,11.5,3.787834255536));
#7465 = VECTOR('',#7466,1.);
#7466 = DIRECTION('',(-0.104528463268,0.,0.994521895368));
#7467 = ORIENTED_EDGE('',*,*,#7468,.F.);
#7468 = EDGE_CURVE('',#7445,#7461,#7469,.T.);
#7469 = LINE('',#7470,#7471);
#7470 = CARTESIAN_POINT('',(-29.46194298736,4.5,9.754965627745));
#7471 = VECTOR('',#7472,1.);
#7472 = DIRECTION('',(0.,1.,0.));
#7473 = PLANE('',#7474);
#7474 = AXIS2_PLACEMENT_3D('',#7475,#7476,#7477);
#7475 = CARTESIAN_POINT('',(-28.83477220776,4.5,3.787834255536));
#7476 = DIRECTION('',(0.994521895368,0.,0.104528463268));
#7477 = DIRECTION('',(-0.104528463268,0.,0.994521895368));
#7478 = ADVANCED_FACE('',(#7479),#7495,.F.);
#7479 = FACE_BOUND('',#7480,.F.);
#7480 = EDGE_LOOP('',(#7481,#7487,#7488,#7494));
#7481 = ORIENTED_EDGE('',*,*,#7482,.F.);
#7482 = EDGE_CURVE('',#7403,#7443,#7483,.T.);
#7483 = LINE('',#7484,#7485);
#7484 = CARTESIAN_POINT('',(-30.32655505081,4.5,3.631041560634));
#7485 = VECTOR('',#7486,1.);
#7486 = DIRECTION('',(0.994521895368,0.,0.104528463268));
#7487 = ORIENTED_EDGE('',*,*,#7402,.T.);
#7488 = ORIENTED_EDGE('',*,*,#7489,.T.);
#7489 = EDGE_CURVE('',#7405,#7445,#7490,.T.);
#7490 = LINE('',#7491,#7492);
#7491 = CARTESIAN_POINT('',(-30.95372583041,4.5,9.598172932844));
#7492 = VECTOR('',#7493,1.);
#7493 = DIRECTION('',(0.994521895368,0.,0.104528463268));
#7494 = ORIENTED_EDGE('',*,*,#7442,.F.);
#7495 = PLANE('',#7496);
#7496 = AXIS2_PLACEMENT_3D('',#7497,#7498,#7499);
#7497 = CARTESIAN_POINT('',(-30.32655505081,4.5,3.631041560634));
#7498 = DIRECTION('',(0.,1.,0.));
#7499 = DIRECTION('',(-0.104528463268,0.,0.994521895368));
#7500 = ADVANCED_FACE('',(#7501),#7517,.T.);
#7501 = FACE_BOUND('',#7502,.T.);
#7502 = EDGE_LOOP('',(#7503,#7509,#7510,#7516));
#7503 = ORIENTED_EDGE('',*,*,#7504,.F.);
#7504 = EDGE_CURVE('',#7413,#7453,#7505,.T.);
#7505 = LINE('',#7506,#7507);
#7506 = CARTESIAN_POINT('',(-30.32655505081,11.5,3.631041560634));
#7507 = VECTOR('',#7508,1.);
#7508 = DIRECTION('',(0.994521895368,0.,0.104528463268));
#7509 = ORIENTED_EDGE('',*,*,#7420,.T.);
#7510 = ORIENTED_EDGE('',*,*,#7511,.T.);
#7511 = EDGE_CURVE('',#7421,#7461,#7512,.T.);
#7512 = LINE('',#7513,#7514);
#7513 = CARTESIAN_POINT('',(-30.95372583041,11.5,9.598172932844));
#7514 = VECTOR('',#7515,1.);
#7515 = DIRECTION('',(0.994521895368,0.,0.104528463268));
#7516 = ORIENTED_EDGE('',*,*,#7460,.F.);
#7517 = PLANE('',#7518);
#7518 = AXIS2_PLACEMENT_3D('',#7519,#7520,#7521);
#7519 = CARTESIAN_POINT('',(-30.32655505081,11.5,3.631041560634));
#7520 = DIRECTION('',(0.,1.,0.));
#7521 = DIRECTION('',(-0.104528463268,0.,0.994521895368));
#7522 = ADVANCED_FACE('',(#7523),#7529,.F.);
#7523 = FACE_BOUND('',#7524,.F.);
#7524 = EDGE_LOOP('',(#7525,#7526,#7527,#7528));
#7525 = ORIENTED_EDGE('',*,*,#7412,.F.);
#7526 = ORIENTED_EDGE('',*,*,#7482,.T.);
#7527 = ORIENTED_EDGE('',*,*,#7452,.T.);
#7528 = ORIENTED_EDGE('',*,*,#7504,.F.);
#7529 = PLANE('',#7530);
#7530 = AXIS2_PLACEMENT_3D('',#7531,#7532,#7533);
#7531 = CARTESIAN_POINT('',(-30.32655505081,4.5,3.631041560634));
#7532 = DIRECTION('',(-0.104528463268,0.,0.994521895368));
#7533 = DIRECTION('',(0.994521895368,0.,0.104528463268));
#7534 = ADVANCED_FACE('',(#7535),#7541,.T.);
#7535 = FACE_BOUND('',#7536,.T.);
#7536 = EDGE_LOOP('',(#7537,#7538,#7539,#7540));
#7537 = ORIENTED_EDGE('',*,*,#7428,.F.);
#7538 = ORIENTED_EDGE('',*,*,#7489,.T.);
#7539 = ORIENTED_EDGE('',*,*,#7468,.T.);
#7540 = ORIENTED_EDGE('',*,*,#7511,.F.);
#7541 = PLANE('',#7542);
#7542 = AXIS2_PLACEMENT_3D('',#7543,#7544,#7545);
#7543 = CARTESIAN_POINT('',(-30.95372583041,4.5,9.598172932844));
#7544 = DIRECTION('',(-0.104528463268,0.,0.994521895368));
#7545 = DIRECTION('',(0.994521895368,0.,0.104528463268));
#7546 = ( GEOMETRIC_REPRESENTATION_CONTEXT(3) 
GLOBAL_UNCERTAINTY_ASSIGNED_CONTEXT((#7550)) 
GLOBAL_UNIT_ASSIGNED_CONTEXT((#7547,#7548,#7549)) REPRESENTATION_CONTEXT
('Context #1','3D Context with UNIT and UNCERTAINTY') );
#7547 = ( LENGTH_UNIT() NAMED_UNIT(*) SI_UNIT(.MILLI.,.METRE.) );
#7548 = ( NAMED_UNIT(*) PLANE_ANGLE_UNIT() SI_UNIT($,.RADIAN.) );
#7549 = ( NAMED_UNIT(*) SI_UNIT($,.STERADIAN.) SOLID_ANGLE_UNIT() );
#7550 = UNCERTAINTY_MEASURE_WITH_UNIT(LENGTH_MEASURE(1.E-07),#7547,
  'distance_accuracy_value','confusion accuracy');
#7551 = CONTEXT_DEPENDENT_SHAPE_REPRESENTATION(#7552,#7554);
#7552 = ( REPRESENTATION_RELATIONSHIP('','',#7095,#10) 
REPRESENTATION_RELATIONSHIP_WITH_TRANSFORMATION(#7553) 
SHAPE_REPRESENTATION_RELATIONSHIP() );
#7553 = ITEM_DEFINED_TRANSFORMATION('','',#11,#51);
#7554 = PRODUCT_DEFINITION_SHAPE('Placement','Placement of an item',
  #7555);
#7555 = NEXT_ASSEMBLY_USAGE_OCCURRENCE('10',
  'Left asymmetric perimeter keys','',#5,#7090,$);
#7556 = PRODUCT_RELATED_PRODUCT_CATEGORY('part',$,(#7092));
#7557 = SHAPE_DEFINITION_REPRESENTATION(#7558,#7564);
#7558 = PRODUCT_DEFINITION_SHAPE('','',#7559);
#7559 = PRODUCT_DEFINITION('design','',#7560,#7563);
#7560 = PRODUCT_DEFINITION_FORMATION('','',#7561);
#7561 = PRODUCT('Left compression hard stops',
  'Left compression hard stops','',(#7562));
#7562 = PRODUCT_CONTEXT('',#2,'mechanical');
#7563 = PRODUCT_DEFINITION_CONTEXT('part definition',#2,'design');
#7564 = SHAPE_REPRESENTATION('',(#11,#7565,#7715,#7865,#8015),#8165);
#7565 = MANIFOLD_SOLID_BREP('',#7566);
#7566 = CLOSED_SHELL('',(#7567,#7607,#7647,#7669,#7691,#7703));
#7567 = ADVANCED_FACE('',(#7568),#7602,.F.);
#7568 = FACE_BOUND('',#7569,.F.);
#7569 = EDGE_LOOP('',(#7570,#7580,#7588,#7596));
#7570 = ORIENTED_EDGE('',*,*,#7571,.F.);
#7571 = EDGE_CURVE('',#7572,#7574,#7576,.T.);
#7572 = VERTEX_POINT('',#7573);
#7573 = CARTESIAN_POINT('',(-49.81918420003,-7.6,1.582283680588));
#7574 = VERTEX_POINT('',#7575);
#7575 = CARTESIAN_POINT('',(-50.44635497963,-7.6,7.549415052798));
#7576 = LINE('',#7577,#7578);
#7577 = CARTESIAN_POINT('',(-49.81918420003,-7.6,1.582283680588));
#7578 = VECTOR('',#7579,1.);
#7579 = DIRECTION('',(-0.104528463268,0.,0.994521895368));
#7580 = ORIENTED_EDGE('',*,*,#7581,.T.);
#7581 = EDGE_CURVE('',#7572,#7582,#7584,.T.);
#7582 = VERTEX_POINT('',#7583);
#7583 = CARTESIAN_POINT('',(-49.81918420003,-5.2,1.582283680588));
#7584 = LINE('',#7585,#7586);
#7585 = CARTESIAN_POINT('',(-49.81918420003,-7.6,1.582283680588));
#7586 = VECTOR('',#7587,1.);
#7587 = DIRECTION('',(0.,1.,0.));
#7588 = ORIENTED_EDGE('',*,*,#7589,.T.);
#7589 = EDGE_CURVE('',#7582,#7590,#7592,.T.);
#7590 = VERTEX_POINT('',#7591);
#7591 = CARTESIAN_POINT('',(-50.44635497963,-5.2,7.549415052798));
#7592 = LINE('',#7593,#7594);
#7593 = CARTESIAN_POINT('',(-49.81918420003,-5.2,1.582283680588));
#7594 = VECTOR('',#7595,1.);
#7595 = DIRECTION('',(-0.104528463268,0.,0.994521895368));
#7596 = ORIENTED_EDGE('',*,*,#7597,.F.);
#7597 = EDGE_CURVE('',#7574,#7590,#7598,.T.);
#7598 = LINE('',#7599,#7600);
#7599 = CARTESIAN_POINT('',(-50.44635497963,-7.6,7.549415052798));
#7600 = VECTOR('',#7601,1.);
#7601 = DIRECTION('',(0.,1.,0.));
#7602 = PLANE('',#7603);
#7603 = AXIS2_PLACEMENT_3D('',#7604,#7605,#7606);
#7604 = CARTESIAN_POINT('',(-49.81918420003,-7.6,1.582283680588));
#7605 = DIRECTION('',(0.994521895368,0.,0.104528463268));
#7606 = DIRECTION('',(-0.104528463268,0.,0.994521895368));
#7607 = ADVANCED_FACE('',(#7608),#7642,.T.);
#7608 = FACE_BOUND('',#7609,.T.);
#7609 = EDGE_LOOP('',(#7610,#7620,#7628,#7636));
#7610 = ORIENTED_EDGE('',*,*,#7611,.F.);
#7611 = EDGE_CURVE('',#7612,#7614,#7616,.T.);
#7612 = VERTEX_POINT('',#7613);
#7613 = CARTESIAN_POINT('',(-47.43233165114,-7.6,1.83315199243));
#7614 = VERTEX_POINT('',#7615);
#7615 = CARTESIAN_POINT('',(-48.05950243075,-7.6,7.80028336464));
#7616 = LINE('',#7617,#7618);
#7617 = CARTESIAN_POINT('',(-47.43233165114,-7.6,1.83315199243));
#7618 = VECTOR('',#7619,1.);
#7619 = DIRECTION('',(-0.104528463268,0.,0.994521895368));
#7620 = ORIENTED_EDGE('',*,*,#7621,.T.);
#7621 = EDGE_CURVE('',#7612,#7622,#7624,.T.);
#7622 = VERTEX_POINT('',#7623);
#7623 = CARTESIAN_POINT('',(-47.43233165114,-5.2,1.83315199243));
#7624 = LINE('',#7625,#7626);
#7625 = CARTESIAN_POINT('',(-47.43233165114,-7.6,1.83315199243));
#7626 = VECTOR('',#7627,1.);
#7627 = DIRECTION('',(0.,1.,0.));
#7628 = ORIENTED_EDGE('',*,*,#7629,.T.);
#7629 = EDGE_CURVE('',#7622,#7630,#7632,.T.);
#7630 = VERTEX_POINT('',#7631);
#7631 = CARTESIAN_POINT('',(-48.05950243075,-5.2,7.80028336464));
#7632 = LINE('',#7633,#7634);
#7633 = CARTESIAN_POINT('',(-47.43233165114,-5.2,1.83315199243));
#7634 = VECTOR('',#7635,1.);
#7635 = DIRECTION('',(-0.104528463268,0.,0.994521895368));
#7636 = ORIENTED_EDGE('',*,*,#7637,.F.);
#7637 = EDGE_CURVE('',#7614,#7630,#7638,.T.);
#7638 = LINE('',#7639,#7640);
#7639 = CARTESIAN_POINT('',(-48.05950243075,-7.6,7.80028336464));
#7640 = VECTOR('',#7641,1.);
#7641 = DIRECTION('',(0.,1.,0.));
#7642 = PLANE('',#7643);
#7643 = AXIS2_PLACEMENT_3D('',#7644,#7645,#7646);
#7644 = CARTESIAN_POINT('',(-47.43233165114,-7.6,1.83315199243));
#7645 = DIRECTION('',(0.994521895368,0.,0.104528463268));
#7646 = DIRECTION('',(-0.104528463268,0.,0.994521895368));
#7647 = ADVANCED_FACE('',(#7648),#7664,.F.);
#7648 = FACE_BOUND('',#7649,.F.);
#7649 = EDGE_LOOP('',(#7650,#7656,#7657,#7663));
#7650 = ORIENTED_EDGE('',*,*,#7651,.F.);
#7651 = EDGE_CURVE('',#7572,#7612,#7652,.T.);
#7652 = LINE('',#7653,#7654);
#7653 = CARTESIAN_POINT('',(-49.81918420003,-7.6,1.582283680588));
#7654 = VECTOR('',#7655,1.);
#7655 = DIRECTION('',(0.994521895368,0.,0.104528463268));
#7656 = ORIENTED_EDGE('',*,*,#7571,.T.);
#7657 = ORIENTED_EDGE('',*,*,#7658,.T.);
#7658 = EDGE_CURVE('',#7574,#7614,#7659,.T.);
#7659 = LINE('',#7660,#7661);
#7660 = CARTESIAN_POINT('',(-50.44635497963,-7.6,7.549415052798));
#7661 = VECTOR('',#7662,1.);
#7662 = DIRECTION('',(0.994521895368,0.,0.104528463268));
#7663 = ORIENTED_EDGE('',*,*,#7611,.F.);
#7664 = PLANE('',#7665);
#7665 = AXIS2_PLACEMENT_3D('',#7666,#7667,#7668);
#7666 = CARTESIAN_POINT('',(-49.81918420003,-7.6,1.582283680588));
#7667 = DIRECTION('',(0.,1.,0.));
#7668 = DIRECTION('',(-0.104528463268,0.,0.994521895368));
#7669 = ADVANCED_FACE('',(#7670),#7686,.T.);
#7670 = FACE_BOUND('',#7671,.T.);
#7671 = EDGE_LOOP('',(#7672,#7678,#7679,#7685));
#7672 = ORIENTED_EDGE('',*,*,#7673,.F.);
#7673 = EDGE_CURVE('',#7582,#7622,#7674,.T.);
#7674 = LINE('',#7675,#7676);
#7675 = CARTESIAN_POINT('',(-49.81918420003,-5.2,1.582283680588));
#7676 = VECTOR('',#7677,1.);
#7677 = DIRECTION('',(0.994521895368,0.,0.104528463268));
#7678 = ORIENTED_EDGE('',*,*,#7589,.T.);
#7679 = ORIENTED_EDGE('',*,*,#7680,.T.);
#7680 = EDGE_CURVE('',#7590,#7630,#7681,.T.);
#7681 = LINE('',#7682,#7683);
#7682 = CARTESIAN_POINT('',(-50.44635497963,-5.2,7.549415052798));
#7683 = VECTOR('',#7684,1.);
#7684 = DIRECTION('',(0.994521895368,0.,0.104528463268));
#7685 = ORIENTED_EDGE('',*,*,#7629,.F.);
#7686 = PLANE('',#7687);
#7687 = AXIS2_PLACEMENT_3D('',#7688,#7689,#7690);
#7688 = CARTESIAN_POINT('',(-49.81918420003,-5.2,1.582283680588));
#7689 = DIRECTION('',(0.,1.,0.));
#7690 = DIRECTION('',(-0.104528463268,0.,0.994521895368));
#7691 = ADVANCED_FACE('',(#7692),#7698,.F.);
#7692 = FACE_BOUND('',#7693,.F.);
#7693 = EDGE_LOOP('',(#7694,#7695,#7696,#7697));
#7694 = ORIENTED_EDGE('',*,*,#7581,.F.);
#7695 = ORIENTED_EDGE('',*,*,#7651,.T.);
#7696 = ORIENTED_EDGE('',*,*,#7621,.T.);
#7697 = ORIENTED_EDGE('',*,*,#7673,.F.);
#7698 = PLANE('',#7699);
#7699 = AXIS2_PLACEMENT_3D('',#7700,#7701,#7702);
#7700 = CARTESIAN_POINT('',(-49.81918420003,-7.6,1.582283680588));
#7701 = DIRECTION('',(-0.104528463268,0.,0.994521895368));
#7702 = DIRECTION('',(0.994521895368,0.,0.104528463268));
#7703 = ADVANCED_FACE('',(#7704),#7710,.T.);
#7704 = FACE_BOUND('',#7705,.T.);
#7705 = EDGE_LOOP('',(#7706,#7707,#7708,#7709));
#7706 = ORIENTED_EDGE('',*,*,#7597,.F.);
#7707 = ORIENTED_EDGE('',*,*,#7658,.T.);
#7708 = ORIENTED_EDGE('',*,*,#7637,.T.);
#7709 = ORIENTED_EDGE('',*,*,#7680,.F.);
#7710 = PLANE('',#7711);
#7711 = AXIS2_PLACEMENT_3D('',#7712,#7713,#7714);
#7712 = CARTESIAN_POINT('',(-50.44635497963,-7.6,7.549415052798));
#7713 = DIRECTION('',(-0.104528463268,0.,0.994521895368));
#7714 = DIRECTION('',(0.994521895368,0.,0.104528463268));
#7715 = MANIFOLD_SOLID_BREP('',#7716);
#7716 = CLOSED_SHELL('',(#7717,#7757,#7797,#7819,#7841,#7853));
#7717 = ADVANCED_FACE('',(#7718),#7752,.F.);
#7718 = FACE_BOUND('',#7719,.F.);
#7719 = EDGE_LOOP('',(#7720,#7730,#7738,#7746));
#7720 = ORIENTED_EDGE('',*,*,#7721,.F.);
#7721 = EDGE_CURVE('',#7722,#7724,#7726,.T.);
#7722 = VERTEX_POINT('',#7723);
#7723 = CARTESIAN_POINT('',(-33.11121635784,-7.6,3.338361863485));
#7724 = VERTEX_POINT('',#7725);
#7725 = CARTESIAN_POINT('',(-33.73838713745,-7.6,9.305493235694));
#7726 = LINE('',#7727,#7728);
#7727 = CARTESIAN_POINT('',(-33.11121635784,-7.6,3.338361863485));
#7728 = VECTOR('',#7729,1.);
#7729 = DIRECTION('',(-0.104528463268,0.,0.994521895368));
#7730 = ORIENTED_EDGE('',*,*,#7731,.T.);
#7731 = EDGE_CURVE('',#7722,#7732,#7734,.T.);
#7732 = VERTEX_POINT('',#7733);
#7733 = CARTESIAN_POINT('',(-33.11121635784,-5.2,3.338361863485));
#7734 = LINE('',#7735,#7736);
#7735 = CARTESIAN_POINT('',(-33.11121635784,-7.6,3.338361863485));
#7736 = VECTOR('',#7737,1.);
#7737 = DIRECTION('',(0.,1.,0.));
#7738 = ORIENTED_EDGE('',*,*,#7739,.T.);
#7739 = EDGE_CURVE('',#7732,#7740,#7742,.T.);
#7740 = VERTEX_POINT('',#7741);
#7741 = CARTESIAN_POINT('',(-33.73838713745,-5.2,9.305493235694));
#7742 = LINE('',#7743,#7744);
#7743 = CARTESIAN_POINT('',(-33.11121635784,-5.2,3.338361863485));
#7744 = VECTOR('',#7745,1.);
#7745 = DIRECTION('',(-0.104528463268,0.,0.994521895368));
#7746 = ORIENTED_EDGE('',*,*,#7747,.F.);
#7747 = EDGE_CURVE('',#7724,#7740,#7748,.T.);
#7748 = LINE('',#7749,#7750);
#7749 = CARTESIAN_POINT('',(-33.73838713745,-7.6,9.305493235694));
#7750 = VECTOR('',#7751,1.);
#7751 = DIRECTION('',(0.,1.,0.));
#7752 = PLANE('',#7753);
#7753 = AXIS2_PLACEMENT_3D('',#7754,#7755,#7756);
#7754 = CARTESIAN_POINT('',(-33.11121635784,-7.6,3.338361863485));
#7755 = DIRECTION('',(0.994521895368,0.,0.104528463268));
#7756 = DIRECTION('',(-0.104528463268,0.,0.994521895368));
#7757 = ADVANCED_FACE('',(#7758),#7792,.T.);
#7758 = FACE_BOUND('',#7759,.T.);
#7759 = EDGE_LOOP('',(#7760,#7770,#7778,#7786));
#7760 = ORIENTED_EDGE('',*,*,#7761,.F.);
#7761 = EDGE_CURVE('',#7762,#7764,#7766,.T.);
#7762 = VERTEX_POINT('',#7763);
#7763 = CARTESIAN_POINT('',(-30.72436380896,-7.6,3.589230175327));
#7764 = VERTEX_POINT('',#7765);
#7765 = CARTESIAN_POINT('',(-31.35153458856,-7.6,9.556361547537));
#7766 = LINE('',#7767,#7768);
#7767 = CARTESIAN_POINT('',(-30.72436380896,-7.6,3.589230175327));
#7768 = VECTOR('',#7769,1.);
#7769 = DIRECTION('',(-0.104528463268,0.,0.994521895368));
#7770 = ORIENTED_EDGE('',*,*,#7771,.T.);
#7771 = EDGE_CURVE('',#7762,#7772,#7774,.T.);
#7772 = VERTEX_POINT('',#7773);
#7773 = CARTESIAN_POINT('',(-30.72436380896,-5.2,3.589230175327));
#7774 = LINE('',#7775,#7776);
#7775 = CARTESIAN_POINT('',(-30.72436380896,-7.6,3.589230175327));
#7776 = VECTOR('',#7777,1.);
#7777 = DIRECTION('',(0.,1.,0.));
#7778 = ORIENTED_EDGE('',*,*,#7779,.T.);
#7779 = EDGE_CURVE('',#7772,#7780,#7782,.T.);
#7780 = VERTEX_POINT('',#7781);
#7781 = CARTESIAN_POINT('',(-31.35153458856,-5.2,9.556361547537));
#7782 = LINE('',#7783,#7784);
#7783 = CARTESIAN_POINT('',(-30.72436380896,-5.2,3.589230175327));
#7784 = VECTOR('',#7785,1.);
#7785 = DIRECTION('',(-0.104528463268,0.,0.994521895368));
#7786 = ORIENTED_EDGE('',*,*,#7787,.F.);
#7787 = EDGE_CURVE('',#7764,#7780,#7788,.T.);
#7788 = LINE('',#7789,#7790);
#7789 = CARTESIAN_POINT('',(-31.35153458856,-7.6,9.556361547537));
#7790 = VECTOR('',#7791,1.);
#7791 = DIRECTION('',(0.,1.,0.));
#7792 = PLANE('',#7793);
#7793 = AXIS2_PLACEMENT_3D('',#7794,#7795,#7796);
#7794 = CARTESIAN_POINT('',(-30.72436380896,-7.6,3.589230175327));
#7795 = DIRECTION('',(0.994521895368,0.,0.104528463268));
#7796 = DIRECTION('',(-0.104528463268,0.,0.994521895368));
#7797 = ADVANCED_FACE('',(#7798),#7814,.F.);
#7798 = FACE_BOUND('',#7799,.F.);
#7799 = EDGE_LOOP('',(#7800,#7806,#7807,#7813));
#7800 = ORIENTED_EDGE('',*,*,#7801,.F.);
#7801 = EDGE_CURVE('',#7722,#7762,#7802,.T.);
#7802 = LINE('',#7803,#7804);
#7803 = CARTESIAN_POINT('',(-33.11121635784,-7.6,3.338361863485));
#7804 = VECTOR('',#7805,1.);
#7805 = DIRECTION('',(0.994521895368,0.,0.104528463268));
#7806 = ORIENTED_EDGE('',*,*,#7721,.T.);
#7807 = ORIENTED_EDGE('',*,*,#7808,.T.);
#7808 = EDGE_CURVE('',#7724,#7764,#7809,.T.);
#7809 = LINE('',#7810,#7811);
#7810 = CARTESIAN_POINT('',(-33.73838713745,-7.6,9.305493235694));
#7811 = VECTOR('',#7812,1.);
#7812 = DIRECTION('',(0.994521895368,0.,0.104528463268));
#7813 = ORIENTED_EDGE('',*,*,#7761,.F.);
#7814 = PLANE('',#7815);
#7815 = AXIS2_PLACEMENT_3D('',#7816,#7817,#7818);
#7816 = CARTESIAN_POINT('',(-33.11121635784,-7.6,3.338361863485));
#7817 = DIRECTION('',(0.,1.,0.));
#7818 = DIRECTION('',(-0.104528463268,0.,0.994521895368));
#7819 = ADVANCED_FACE('',(#7820),#7836,.T.);
#7820 = FACE_BOUND('',#7821,.T.);
#7821 = EDGE_LOOP('',(#7822,#7828,#7829,#7835));
#7822 = ORIENTED_EDGE('',*,*,#7823,.F.);
#7823 = EDGE_CURVE('',#7732,#7772,#7824,.T.);
#7824 = LINE('',#7825,#7826);
#7825 = CARTESIAN_POINT('',(-33.11121635784,-5.2,3.338361863485));
#7826 = VECTOR('',#7827,1.);
#7827 = DIRECTION('',(0.994521895368,0.,0.104528463268));
#7828 = ORIENTED_EDGE('',*,*,#7739,.T.);
#7829 = ORIENTED_EDGE('',*,*,#7830,.T.);
#7830 = EDGE_CURVE('',#7740,#7780,#7831,.T.);
#7831 = LINE('',#7832,#7833);
#7832 = CARTESIAN_POINT('',(-33.73838713745,-5.2,9.305493235694));
#7833 = VECTOR('',#7834,1.);
#7834 = DIRECTION('',(0.994521895368,0.,0.104528463268));
#7835 = ORIENTED_EDGE('',*,*,#7779,.F.);
#7836 = PLANE('',#7837);
#7837 = AXIS2_PLACEMENT_3D('',#7838,#7839,#7840);
#7838 = CARTESIAN_POINT('',(-33.11121635784,-5.2,3.338361863485));
#7839 = DIRECTION('',(0.,1.,0.));
#7840 = DIRECTION('',(-0.104528463268,0.,0.994521895368));
#7841 = ADVANCED_FACE('',(#7842),#7848,.F.);
#7842 = FACE_BOUND('',#7843,.F.);
#7843 = EDGE_LOOP('',(#7844,#7845,#7846,#7847));
#7844 = ORIENTED_EDGE('',*,*,#7731,.F.);
#7845 = ORIENTED_EDGE('',*,*,#7801,.T.);
#7846 = ORIENTED_EDGE('',*,*,#7771,.T.);
#7847 = ORIENTED_EDGE('',*,*,#7823,.F.);
#7848 = PLANE('',#7849);
#7849 = AXIS2_PLACEMENT_3D('',#7850,#7851,#7852);
#7850 = CARTESIAN_POINT('',(-33.11121635784,-7.6,3.338361863485));
#7851 = DIRECTION('',(-0.104528463268,0.,0.994521895368));
#7852 = DIRECTION('',(0.994521895368,0.,0.104528463268));
#7853 = ADVANCED_FACE('',(#7854),#7860,.T.);
#7854 = FACE_BOUND('',#7855,.T.);
#7855 = EDGE_LOOP('',(#7856,#7857,#7858,#7859));
#7856 = ORIENTED_EDGE('',*,*,#7747,.F.);
#7857 = ORIENTED_EDGE('',*,*,#7808,.T.);
#7858 = ORIENTED_EDGE('',*,*,#7787,.T.);
#7859 = ORIENTED_EDGE('',*,*,#7830,.F.);
#7860 = PLANE('',#7861);
#7861 = AXIS2_PLACEMENT_3D('',#7862,#7863,#7864);
#7862 = CARTESIAN_POINT('',(-33.73838713745,-7.6,9.305493235694));
#7863 = DIRECTION('',(-0.104528463268,0.,0.994521895368));
#7864 = DIRECTION('',(0.994521895368,0.,0.104528463268));
#7865 = MANIFOLD_SOLID_BREP('',#7866);
#7866 = CLOSED_SHELL('',(#7867,#7907,#7947,#7969,#7991,#8003));
#7867 = ADVANCED_FACE('',(#7868),#7902,.F.);
#7868 = FACE_BOUND('',#7869,.F.);
#7869 = EDGE_LOOP('',(#7870,#7880,#7888,#7896));
#7870 = ORIENTED_EDGE('',*,*,#7871,.F.);
#7871 = EDGE_CURVE('',#7872,#7874,#7876,.T.);
#7872 = VERTEX_POINT('',#7873);
#7873 = CARTESIAN_POINT('',(-49.81918420003,5.2,1.582283680588));
#7874 = VERTEX_POINT('',#7875);
#7875 = CARTESIAN_POINT('',(-50.44635497963,5.2,7.549415052798));
#7876 = LINE('',#7877,#7878);
#7877 = CARTESIAN_POINT('',(-49.81918420003,5.2,1.582283680588));
#7878 = VECTOR('',#7879,1.);
#7879 = DIRECTION('',(-0.104528463268,0.,0.994521895368));
#7880 = ORIENTED_EDGE('',*,*,#7881,.T.);
#7881 = EDGE_CURVE('',#7872,#7882,#7884,.T.);
#7882 = VERTEX_POINT('',#7883);
#7883 = CARTESIAN_POINT('',(-49.81918420003,7.6,1.582283680588));
#7884 = LINE('',#7885,#7886);
#7885 = CARTESIAN_POINT('',(-49.81918420003,5.2,1.582283680588));
#7886 = VECTOR('',#7887,1.);
#7887 = DIRECTION('',(0.,1.,0.));
#7888 = ORIENTED_EDGE('',*,*,#7889,.T.);
#7889 = EDGE_CURVE('',#7882,#7890,#7892,.T.);
#7890 = VERTEX_POINT('',#7891);
#7891 = CARTESIAN_POINT('',(-50.44635497963,7.6,7.549415052798));
#7892 = LINE('',#7893,#7894);
#7893 = CARTESIAN_POINT('',(-49.81918420003,7.6,1.582283680588));
#7894 = VECTOR('',#7895,1.);
#7895 = DIRECTION('',(-0.104528463268,0.,0.994521895368));
#7896 = ORIENTED_EDGE('',*,*,#7897,.F.);
#7897 = EDGE_CURVE('',#7874,#7890,#7898,.T.);
#7898 = LINE('',#7899,#7900);
#7899 = CARTESIAN_POINT('',(-50.44635497963,5.2,7.549415052798));
#7900 = VECTOR('',#7901,1.);
#7901 = DIRECTION('',(0.,1.,0.));
#7902 = PLANE('',#7903);
#7903 = AXIS2_PLACEMENT_3D('',#7904,#7905,#7906);
#7904 = CARTESIAN_POINT('',(-49.81918420003,5.2,1.582283680588));
#7905 = DIRECTION('',(0.994521895368,0.,0.104528463268));
#7906 = DIRECTION('',(-0.104528463268,0.,0.994521895368));
#7907 = ADVANCED_FACE('',(#7908),#7942,.T.);
#7908 = FACE_BOUND('',#7909,.T.);
#7909 = EDGE_LOOP('',(#7910,#7920,#7928,#7936));
#7910 = ORIENTED_EDGE('',*,*,#7911,.F.);
#7911 = EDGE_CURVE('',#7912,#7914,#7916,.T.);
#7912 = VERTEX_POINT('',#7913);
#7913 = CARTESIAN_POINT('',(-47.43233165114,5.2,1.83315199243));
#7914 = VERTEX_POINT('',#7915);
#7915 = CARTESIAN_POINT('',(-48.05950243075,5.2,7.80028336464));
#7916 = LINE('',#7917,#7918);
#7917 = CARTESIAN_POINT('',(-47.43233165114,5.2,1.83315199243));
#7918 = VECTOR('',#7919,1.);
#7919 = DIRECTION('',(-0.104528463268,0.,0.994521895368));
#7920 = ORIENTED_EDGE('',*,*,#7921,.T.);
#7921 = EDGE_CURVE('',#7912,#7922,#7924,.T.);
#7922 = VERTEX_POINT('',#7923);
#7923 = CARTESIAN_POINT('',(-47.43233165114,7.6,1.83315199243));
#7924 = LINE('',#7925,#7926);
#7925 = CARTESIAN_POINT('',(-47.43233165114,5.2,1.83315199243));
#7926 = VECTOR('',#7927,1.);
#7927 = DIRECTION('',(0.,1.,0.));
#7928 = ORIENTED_EDGE('',*,*,#7929,.T.);
#7929 = EDGE_CURVE('',#7922,#7930,#7932,.T.);
#7930 = VERTEX_POINT('',#7931);
#7931 = CARTESIAN_POINT('',(-48.05950243075,7.6,7.80028336464));
#7932 = LINE('',#7933,#7934);
#7933 = CARTESIAN_POINT('',(-47.43233165114,7.6,1.83315199243));
#7934 = VECTOR('',#7935,1.);
#7935 = DIRECTION('',(-0.104528463268,0.,0.994521895368));
#7936 = ORIENTED_EDGE('',*,*,#7937,.F.);
#7937 = EDGE_CURVE('',#7914,#7930,#7938,.T.);
#7938 = LINE('',#7939,#7940);
#7939 = CARTESIAN_POINT('',(-48.05950243075,5.2,7.80028336464));
#7940 = VECTOR('',#7941,1.);
#7941 = DIRECTION('',(0.,1.,0.));
#7942 = PLANE('',#7943);
#7943 = AXIS2_PLACEMENT_3D('',#7944,#7945,#7946);
#7944 = CARTESIAN_POINT('',(-47.43233165114,5.2,1.83315199243));
#7945 = DIRECTION('',(0.994521895368,0.,0.104528463268));
#7946 = DIRECTION('',(-0.104528463268,0.,0.994521895368));
#7947 = ADVANCED_FACE('',(#7948),#7964,.F.);
#7948 = FACE_BOUND('',#7949,.F.);
#7949 = EDGE_LOOP('',(#7950,#7956,#7957,#7963));
#7950 = ORIENTED_EDGE('',*,*,#7951,.F.);
#7951 = EDGE_CURVE('',#7872,#7912,#7952,.T.);
#7952 = LINE('',#7953,#7954);
#7953 = CARTESIAN_POINT('',(-49.81918420003,5.2,1.582283680588));
#7954 = VECTOR('',#7955,1.);
#7955 = DIRECTION('',(0.994521895368,0.,0.104528463268));
#7956 = ORIENTED_EDGE('',*,*,#7871,.T.);
#7957 = ORIENTED_EDGE('',*,*,#7958,.T.);
#7958 = EDGE_CURVE('',#7874,#7914,#7959,.T.);
#7959 = LINE('',#7960,#7961);
#7960 = CARTESIAN_POINT('',(-50.44635497963,5.2,7.549415052798));
#7961 = VECTOR('',#7962,1.);
#7962 = DIRECTION('',(0.994521895368,0.,0.104528463268));
#7963 = ORIENTED_EDGE('',*,*,#7911,.F.);
#7964 = PLANE('',#7965);
#7965 = AXIS2_PLACEMENT_3D('',#7966,#7967,#7968);
#7966 = CARTESIAN_POINT('',(-49.81918420003,5.2,1.582283680588));
#7967 = DIRECTION('',(0.,1.,0.));
#7968 = DIRECTION('',(-0.104528463268,0.,0.994521895368));
#7969 = ADVANCED_FACE('',(#7970),#7986,.T.);
#7970 = FACE_BOUND('',#7971,.T.);
#7971 = EDGE_LOOP('',(#7972,#7978,#7979,#7985));
#7972 = ORIENTED_EDGE('',*,*,#7973,.F.);
#7973 = EDGE_CURVE('',#7882,#7922,#7974,.T.);
#7974 = LINE('',#7975,#7976);
#7975 = CARTESIAN_POINT('',(-49.81918420003,7.6,1.582283680588));
#7976 = VECTOR('',#7977,1.);
#7977 = DIRECTION('',(0.994521895368,0.,0.104528463268));
#7978 = ORIENTED_EDGE('',*,*,#7889,.T.);
#7979 = ORIENTED_EDGE('',*,*,#7980,.T.);
#7980 = EDGE_CURVE('',#7890,#7930,#7981,.T.);
#7981 = LINE('',#7982,#7983);
#7982 = CARTESIAN_POINT('',(-50.44635497963,7.6,7.549415052798));
#7983 = VECTOR('',#7984,1.);
#7984 = DIRECTION('',(0.994521895368,0.,0.104528463268));
#7985 = ORIENTED_EDGE('',*,*,#7929,.F.);
#7986 = PLANE('',#7987);
#7987 = AXIS2_PLACEMENT_3D('',#7988,#7989,#7990);
#7988 = CARTESIAN_POINT('',(-49.81918420003,7.6,1.582283680588));
#7989 = DIRECTION('',(0.,1.,0.));
#7990 = DIRECTION('',(-0.104528463268,0.,0.994521895368));
#7991 = ADVANCED_FACE('',(#7992),#7998,.F.);
#7992 = FACE_BOUND('',#7993,.F.);
#7993 = EDGE_LOOP('',(#7994,#7995,#7996,#7997));
#7994 = ORIENTED_EDGE('',*,*,#7881,.F.);
#7995 = ORIENTED_EDGE('',*,*,#7951,.T.);
#7996 = ORIENTED_EDGE('',*,*,#7921,.T.);
#7997 = ORIENTED_EDGE('',*,*,#7973,.F.);
#7998 = PLANE('',#7999);
#7999 = AXIS2_PLACEMENT_3D('',#8000,#8001,#8002);
#8000 = CARTESIAN_POINT('',(-49.81918420003,5.2,1.582283680588));
#8001 = DIRECTION('',(-0.104528463268,0.,0.994521895368));
#8002 = DIRECTION('',(0.994521895368,0.,0.104528463268));
#8003 = ADVANCED_FACE('',(#8004),#8010,.T.);
#8004 = FACE_BOUND('',#8005,.T.);
#8005 = EDGE_LOOP('',(#8006,#8007,#8008,#8009));
#8006 = ORIENTED_EDGE('',*,*,#7897,.F.);
#8007 = ORIENTED_EDGE('',*,*,#7958,.T.);
#8008 = ORIENTED_EDGE('',*,*,#7937,.T.);
#8009 = ORIENTED_EDGE('',*,*,#7980,.F.);
#8010 = PLANE('',#8011);
#8011 = AXIS2_PLACEMENT_3D('',#8012,#8013,#8014);
#8012 = CARTESIAN_POINT('',(-50.44635497963,5.2,7.549415052798));
#8013 = DIRECTION('',(-0.104528463268,0.,0.994521895368));
#8014 = DIRECTION('',(0.994521895368,0.,0.104528463268));
#8015 = MANIFOLD_SOLID_BREP('',#8016);
#8016 = CLOSED_SHELL('',(#8017,#8057,#8097,#8119,#8141,#8153));
#8017 = ADVANCED_FACE('',(#8018),#8052,.F.);
#8018 = FACE_BOUND('',#8019,.F.);
#8019 = EDGE_LOOP('',(#8020,#8030,#8038,#8046));
#8020 = ORIENTED_EDGE('',*,*,#8021,.F.);
#8021 = EDGE_CURVE('',#8022,#8024,#8026,.T.);
#8022 = VERTEX_POINT('',#8023);
#8023 = CARTESIAN_POINT('',(-33.11121635784,5.2,3.338361863485));
#8024 = VERTEX_POINT('',#8025);
#8025 = CARTESIAN_POINT('',(-33.73838713745,5.2,9.305493235694));
#8026 = LINE('',#8027,#8028);
#8027 = CARTESIAN_POINT('',(-33.11121635784,5.2,3.338361863485));
#8028 = VECTOR('',#8029,1.);
#8029 = DIRECTION('',(-0.104528463268,0.,0.994521895368));
#8030 = ORIENTED_EDGE('',*,*,#8031,.T.);
#8031 = EDGE_CURVE('',#8022,#8032,#8034,.T.);
#8032 = VERTEX_POINT('',#8033);
#8033 = CARTESIAN_POINT('',(-33.11121635784,7.6,3.338361863485));
#8034 = LINE('',#8035,#8036);
#8035 = CARTESIAN_POINT('',(-33.11121635784,5.2,3.338361863485));
#8036 = VECTOR('',#8037,1.);
#8037 = DIRECTION('',(0.,1.,0.));
#8038 = ORIENTED_EDGE('',*,*,#8039,.T.);
#8039 = EDGE_CURVE('',#8032,#8040,#8042,.T.);
#8040 = VERTEX_POINT('',#8041);
#8041 = CARTESIAN_POINT('',(-33.73838713745,7.6,9.305493235694));
#8042 = LINE('',#8043,#8044);
#8043 = CARTESIAN_POINT('',(-33.11121635784,7.6,3.338361863485));
#8044 = VECTOR('',#8045,1.);
#8045 = DIRECTION('',(-0.104528463268,0.,0.994521895368));
#8046 = ORIENTED_EDGE('',*,*,#8047,.F.);
#8047 = EDGE_CURVE('',#8024,#8040,#8048,.T.);
#8048 = LINE('',#8049,#8050);
#8049 = CARTESIAN_POINT('',(-33.73838713745,5.2,9.305493235694));
#8050 = VECTOR('',#8051,1.);
#8051 = DIRECTION('',(0.,1.,0.));
#8052 = PLANE('',#8053);
#8053 = AXIS2_PLACEMENT_3D('',#8054,#8055,#8056);
#8054 = CARTESIAN_POINT('',(-33.11121635784,5.2,3.338361863485));
#8055 = DIRECTION('',(0.994521895368,0.,0.104528463268));
#8056 = DIRECTION('',(-0.104528463268,0.,0.994521895368));
#8057 = ADVANCED_FACE('',(#8058),#8092,.T.);
#8058 = FACE_BOUND('',#8059,.T.);
#8059 = EDGE_LOOP('',(#8060,#8070,#8078,#8086));
#8060 = ORIENTED_EDGE('',*,*,#8061,.F.);
#8061 = EDGE_CURVE('',#8062,#8064,#8066,.T.);
#8062 = VERTEX_POINT('',#8063);
#8063 = CARTESIAN_POINT('',(-30.72436380896,5.2,3.589230175327));
#8064 = VERTEX_POINT('',#8065);
#8065 = CARTESIAN_POINT('',(-31.35153458856,5.2,9.556361547537));
#8066 = LINE('',#8067,#8068);
#8067 = CARTESIAN_POINT('',(-30.72436380896,5.2,3.589230175327));
#8068 = VECTOR('',#8069,1.);
#8069 = DIRECTION('',(-0.104528463268,0.,0.994521895368));
#8070 = ORIENTED_EDGE('',*,*,#8071,.T.);
#8071 = EDGE_CURVE('',#8062,#8072,#8074,.T.);
#8072 = VERTEX_POINT('',#8073);
#8073 = CARTESIAN_POINT('',(-30.72436380896,7.6,3.589230175327));
#8074 = LINE('',#8075,#8076);
#8075 = CARTESIAN_POINT('',(-30.72436380896,5.2,3.589230175327));
#8076 = VECTOR('',#8077,1.);
#8077 = DIRECTION('',(0.,1.,0.));
#8078 = ORIENTED_EDGE('',*,*,#8079,.T.);
#8079 = EDGE_CURVE('',#8072,#8080,#8082,.T.);
#8080 = VERTEX_POINT('',#8081);
#8081 = CARTESIAN_POINT('',(-31.35153458856,7.6,9.556361547537));
#8082 = LINE('',#8083,#8084);
#8083 = CARTESIAN_POINT('',(-30.72436380896,7.6,3.589230175327));
#8084 = VECTOR('',#8085,1.);
#8085 = DIRECTION('',(-0.104528463268,0.,0.994521895368));
#8086 = ORIENTED_EDGE('',*,*,#8087,.F.);
#8087 = EDGE_CURVE('',#8064,#8080,#8088,.T.);
#8088 = LINE('',#8089,#8090);
#8089 = CARTESIAN_POINT('',(-31.35153458856,5.2,9.556361547537));
#8090 = VECTOR('',#8091,1.);
#8091 = DIRECTION('',(0.,1.,0.));
#8092 = PLANE('',#8093);
#8093 = AXIS2_PLACEMENT_3D('',#8094,#8095,#8096);
#8094 = CARTESIAN_POINT('',(-30.72436380896,5.2,3.589230175327));
#8095 = DIRECTION('',(0.994521895368,0.,0.104528463268));
#8096 = DIRECTION('',(-0.104528463268,0.,0.994521895368));
#8097 = ADVANCED_FACE('',(#8098),#8114,.F.);
#8098 = FACE_BOUND('',#8099,.F.);
#8099 = EDGE_LOOP('',(#8100,#8106,#8107,#8113));
#8100 = ORIENTED_EDGE('',*,*,#8101,.F.);
#8101 = EDGE_CURVE('',#8022,#8062,#8102,.T.);
#8102 = LINE('',#8103,#8104);
#8103 = CARTESIAN_POINT('',(-33.11121635784,5.2,3.338361863485));
#8104 = VECTOR('',#8105,1.);
#8105 = DIRECTION('',(0.994521895368,0.,0.104528463268));
#8106 = ORIENTED_EDGE('',*,*,#8021,.T.);
#8107 = ORIENTED_EDGE('',*,*,#8108,.T.);
#8108 = EDGE_CURVE('',#8024,#8064,#8109,.T.);
#8109 = LINE('',#8110,#8111);
#8110 = CARTESIAN_POINT('',(-33.73838713745,5.2,9.305493235694));
#8111 = VECTOR('',#8112,1.);
#8112 = DIRECTION('',(0.994521895368,0.,0.104528463268));
#8113 = ORIENTED_EDGE('',*,*,#8061,.F.);
#8114 = PLANE('',#8115);
#8115 = AXIS2_PLACEMENT_3D('',#8116,#8117,#8118);
#8116 = CARTESIAN_POINT('',(-33.11121635784,5.2,3.338361863485));
#8117 = DIRECTION('',(0.,1.,0.));
#8118 = DIRECTION('',(-0.104528463268,0.,0.994521895368));
#8119 = ADVANCED_FACE('',(#8120),#8136,.T.);
#8120 = FACE_BOUND('',#8121,.T.);
#8121 = EDGE_LOOP('',(#8122,#8128,#8129,#8135));
#8122 = ORIENTED_EDGE('',*,*,#8123,.F.);
#8123 = EDGE_CURVE('',#8032,#8072,#8124,.T.);
#8124 = LINE('',#8125,#8126);
#8125 = CARTESIAN_POINT('',(-33.11121635784,7.6,3.338361863485));
#8126 = VECTOR('',#8127,1.);
#8127 = DIRECTION('',(0.994521895368,0.,0.104528463268));
#8128 = ORIENTED_EDGE('',*,*,#8039,.T.);
#8129 = ORIENTED_EDGE('',*,*,#8130,.T.);
#8130 = EDGE_CURVE('',#8040,#8080,#8131,.T.);
#8131 = LINE('',#8132,#8133);
#8132 = CARTESIAN_POINT('',(-33.73838713745,7.6,9.305493235694));
#8133 = VECTOR('',#8134,1.);
#8134 = DIRECTION('',(0.994521895368,0.,0.104528463268));
#8135 = ORIENTED_EDGE('',*,*,#8079,.F.);
#8136 = PLANE('',#8137);
#8137 = AXIS2_PLACEMENT_3D('',#8138,#8139,#8140);
#8138 = CARTESIAN_POINT('',(-33.11121635784,7.6,3.338361863485));
#8139 = DIRECTION('',(0.,1.,0.));
#8140 = DIRECTION('',(-0.104528463268,0.,0.994521895368));
#8141 = ADVANCED_FACE('',(#8142),#8148,.F.);
#8142 = FACE_BOUND('',#8143,.F.);
#8143 = EDGE_LOOP('',(#8144,#8145,#8146,#8147));
#8144 = ORIENTED_EDGE('',*,*,#8031,.F.);
#8145 = ORIENTED_EDGE('',*,*,#8101,.T.);
#8146 = ORIENTED_EDGE('',*,*,#8071,.T.);
#8147 = ORIENTED_EDGE('',*,*,#8123,.F.);
#8148 = PLANE('',#8149);
#8149 = AXIS2_PLACEMENT_3D('',#8150,#8151,#8152);
#8150 = CARTESIAN_POINT('',(-33.11121635784,5.2,3.338361863485));
#8151 = DIRECTION('',(-0.104528463268,0.,0.994521895368));
#8152 = DIRECTION('',(0.994521895368,0.,0.104528463268));
#8153 = ADVANCED_FACE('',(#8154),#8160,.T.);
#8154 = FACE_BOUND('',#8155,.T.);
#8155 = EDGE_LOOP('',(#8156,#8157,#8158,#8159));
#8156 = ORIENTED_EDGE('',*,*,#8047,.F.);
#8157 = ORIENTED_EDGE('',*,*,#8108,.T.);
#8158 = ORIENTED_EDGE('',*,*,#8087,.T.);
#8159 = ORIENTED_EDGE('',*,*,#8130,.F.);
#8160 = PLANE('',#8161);
#8161 = AXIS2_PLACEMENT_3D('',#8162,#8163,#8164);
#8162 = CARTESIAN_POINT('',(-33.73838713745,5.2,9.305493235694));
#8163 = DIRECTION('',(-0.104528463268,0.,0.994521895368));
#8164 = DIRECTION('',(0.994521895368,0.,0.104528463268));
#8165 = ( GEOMETRIC_REPRESENTATION_CONTEXT(3) 
GLOBAL_UNCERTAINTY_ASSIGNED_CONTEXT((#8169)) 
GLOBAL_UNIT_ASSIGNED_CONTEXT((#8166,#8167,#8168)) REPRESENTATION_CONTEXT
('Context #1','3D Context with UNIT and UNCERTAINTY') );
#8166 = ( LENGTH_UNIT() NAMED_UNIT(*) SI_UNIT(.MILLI.,.METRE.) );
#8167 = ( NAMED_UNIT(*) PLANE_ANGLE_UNIT() SI_UNIT($,.RADIAN.) );
#8168 = ( NAMED_UNIT(*) SI_UNIT($,.STERADIAN.) SOLID_ANGLE_UNIT() );
#8169 = UNCERTAINTY_MEASURE_WITH_UNIT(LENGTH_MEASURE(1.E-07),#8166,
  'distance_accuracy_value','confusion accuracy');
#8170 = CONTEXT_DEPENDENT_SHAPE_REPRESENTATION(#8171,#8173);
#8171 = ( REPRESENTATION_RELATIONSHIP('','',#7564,#10) 
REPRESENTATION_RELATIONSHIP_WITH_TRANSFORMATION(#8172) 
SHAPE_REPRESENTATION_RELATIONSHIP() );
#8172 = ITEM_DEFINED_TRANSFORMATION('','',#11,#55);
#8173 = PRODUCT_DEFINITION_SHAPE('Placement','Placement of an item',
  #8174);
#8174 = NEXT_ASSEMBLY_USAGE_OCCURRENCE('11',
  'Left compression hard stops','',#5,#7559,$);
#8175 = PRODUCT_RELATED_PRODUCT_CATEGORY('part',$,(#7561));
#8176 = SHAPE_DEFINITION_REPRESENTATION(#8177,#8183);
#8177 = PRODUCT_DEFINITION_SHAPE('','',#8178);
#8178 = PRODUCT_DEFINITION('design','',#8179,#8182);
#8179 = PRODUCT_DEFINITION_FORMATION('','',#8180);
#8180 = PRODUCT('Left floating-head capture lips',
  'Left floating-head capture lips','',(#8181));
#8181 = PRODUCT_CONTEXT('',#2,'mechanical');
#8182 = PRODUCT_DEFINITION_CONTEXT('part definition',#2,'design');
#8183 = SHAPE_REPRESENTATION('',(#11,#8184,#8334,#8484,#8634),#8784);
#8184 = MANIFOLD_SOLID_BREP('',#8185);
#8185 = CLOSED_SHELL('',(#8186,#8226,#8266,#8288,#8310,#8322));
#8186 = ADVANCED_FACE('',(#8187),#8221,.F.);
#8187 = FACE_BOUND('',#8188,.F.);
#8188 = EDGE_LOOP('',(#8189,#8199,#8207,#8215));
#8189 = ORIENTED_EDGE('',*,*,#8190,.F.);
#8190 = EDGE_CURVE('',#8191,#8193,#8195,.T.);
#8191 = VERTEX_POINT('',#8192);
#8192 = CARTESIAN_POINT('',(-50.27971003613,-11.5,2.137185432502));
#8193 = VERTEX_POINT('',#8194);
#8194 = CARTESIAN_POINT('',(-50.3842384994,-11.5,3.13170732787));
#8195 = LINE('',#8196,#8197);
#8196 = CARTESIAN_POINT('',(-50.27971003613,-11.5,2.137185432502));
#8197 = VECTOR('',#8198,1.);
#8198 = DIRECTION('',(-0.104528463268,0.,0.994521895368));
#8199 = ORIENTED_EDGE('',*,*,#8200,.T.);
#8200 = EDGE_CURVE('',#8191,#8201,#8203,.T.);
#8201 = VERTEX_POINT('',#8202);
#8202 = CARTESIAN_POINT('',(-50.27971003613,-9.5,2.137185432502));
#8203 = LINE('',#8204,#8205);
#8204 = CARTESIAN_POINT('',(-50.27971003613,-11.5,2.137185432502));
#8205 = VECTOR('',#8206,1.);
#8206 = DIRECTION('',(0.,1.,0.));
#8207 = ORIENTED_EDGE('',*,*,#8208,.T.);
#8208 = EDGE_CURVE('',#8201,#8209,#8211,.T.);
#8209 = VERTEX_POINT('',#8210);
#8210 = CARTESIAN_POINT('',(-50.3842384994,-9.5,3.13170732787));
#8211 = LINE('',#8212,#8213);
#8212 = CARTESIAN_POINT('',(-50.27971003613,-9.5,2.137185432502));
#8213 = VECTOR('',#8214,1.);
#8214 = DIRECTION('',(-0.104528463268,0.,0.994521895368));
#8215 = ORIENTED_EDGE('',*,*,#8216,.F.);
#8216 = EDGE_CURVE('',#8193,#8209,#8217,.T.);
#8217 = LINE('',#8218,#8219);
#8218 = CARTESIAN_POINT('',(-50.3842384994,-11.5,3.13170732787));
#8219 = VECTOR('',#8220,1.);
#8220 = DIRECTION('',(0.,1.,0.));
#8221 = PLANE('',#8222);
#8222 = AXIS2_PLACEMENT_3D('',#8223,#8224,#8225);
#8223 = CARTESIAN_POINT('',(-50.27971003613,-11.5,2.137185432502));
#8224 = DIRECTION('',(0.994521895368,0.,0.104528463268));
#8225 = DIRECTION('',(-0.104528463268,0.,0.994521895368));
#8226 = ADVANCED_FACE('',(#8227),#8261,.T.);
#8227 = FACE_BOUND('',#8228,.T.);
#8228 = EDGE_LOOP('',(#8229,#8239,#8247,#8255));
#8229 = ORIENTED_EDGE('',*,*,#8230,.F.);
#8230 = EDGE_CURVE('',#8231,#8233,#8235,.T.);
#8231 = VERTEX_POINT('',#8232);
#8232 = CARTESIAN_POINT('',(-44.31257866393,-11.5,2.764356212108));
#8233 = VERTEX_POINT('',#8234);
#8234 = CARTESIAN_POINT('',(-44.41710712719,-11.5,3.758878107476));
#8235 = LINE('',#8236,#8237);
#8236 = CARTESIAN_POINT('',(-44.31257866393,-11.5,2.764356212108));
#8237 = VECTOR('',#8238,1.);
#8238 = DIRECTION('',(-0.104528463268,0.,0.994521895368));
#8239 = ORIENTED_EDGE('',*,*,#8240,.T.);
#8240 = EDGE_CURVE('',#8231,#8241,#8243,.T.);
#8241 = VERTEX_POINT('',#8242);
#8242 = CARTESIAN_POINT('',(-44.31257866393,-9.5,2.764356212108));
#8243 = LINE('',#8244,#8245);
#8244 = CARTESIAN_POINT('',(-44.31257866393,-11.5,2.764356212108));
#8245 = VECTOR('',#8246,1.);
#8246 = DIRECTION('',(0.,1.,0.));
#8247 = ORIENTED_EDGE('',*,*,#8248,.T.);
#8248 = EDGE_CURVE('',#8241,#8249,#8251,.T.);
#8249 = VERTEX_POINT('',#8250);
#8250 = CARTESIAN_POINT('',(-44.41710712719,-9.5,3.758878107476));
#8251 = LINE('',#8252,#8253);
#8252 = CARTESIAN_POINT('',(-44.31257866393,-9.5,2.764356212108));
#8253 = VECTOR('',#8254,1.);
#8254 = DIRECTION('',(-0.104528463268,0.,0.994521895368));
#8255 = ORIENTED_EDGE('',*,*,#8256,.F.);
#8256 = EDGE_CURVE('',#8233,#8249,#8257,.T.);
#8257 = LINE('',#8258,#8259);
#8258 = CARTESIAN_POINT('',(-44.41710712719,-11.5,3.758878107476));
#8259 = VECTOR('',#8260,1.);
#8260 = DIRECTION('',(0.,1.,0.));
#8261 = PLANE('',#8262);
#8262 = AXIS2_PLACEMENT_3D('',#8263,#8264,#8265);
#8263 = CARTESIAN_POINT('',(-44.31257866393,-11.5,2.764356212108));
#8264 = DIRECTION('',(0.994521895368,0.,0.104528463268));
#8265 = DIRECTION('',(-0.104528463268,0.,0.994521895368));
#8266 = ADVANCED_FACE('',(#8267),#8283,.F.);
#8267 = FACE_BOUND('',#8268,.F.);
#8268 = EDGE_LOOP('',(#8269,#8275,#8276,#8282));
#8269 = ORIENTED_EDGE('',*,*,#8270,.F.);
#8270 = EDGE_CURVE('',#8191,#8231,#8271,.T.);
#8271 = LINE('',#8272,#8273);
#8272 = CARTESIAN_POINT('',(-50.27971003613,-11.5,2.137185432502));
#8273 = VECTOR('',#8274,1.);
#8274 = DIRECTION('',(0.994521895368,0.,0.104528463268));
#8275 = ORIENTED_EDGE('',*,*,#8190,.T.);
#8276 = ORIENTED_EDGE('',*,*,#8277,.T.);
#8277 = EDGE_CURVE('',#8193,#8233,#8278,.T.);
#8278 = LINE('',#8279,#8280);
#8279 = CARTESIAN_POINT('',(-50.3842384994,-11.5,3.13170732787));
#8280 = VECTOR('',#8281,1.);
#8281 = DIRECTION('',(0.994521895368,0.,0.104528463268));
#8282 = ORIENTED_EDGE('',*,*,#8230,.F.);
#8283 = PLANE('',#8284);
#8284 = AXIS2_PLACEMENT_3D('',#8285,#8286,#8287);
#8285 = CARTESIAN_POINT('',(-50.27971003613,-11.5,2.137185432502));
#8286 = DIRECTION('',(0.,1.,0.));
#8287 = DIRECTION('',(-0.104528463268,0.,0.994521895368));
#8288 = ADVANCED_FACE('',(#8289),#8305,.T.);
#8289 = FACE_BOUND('',#8290,.T.);
#8290 = EDGE_LOOP('',(#8291,#8297,#8298,#8304));
#8291 = ORIENTED_EDGE('',*,*,#8292,.F.);
#8292 = EDGE_CURVE('',#8201,#8241,#8293,.T.);
#8293 = LINE('',#8294,#8295);
#8294 = CARTESIAN_POINT('',(-50.27971003613,-9.5,2.137185432502));
#8295 = VECTOR('',#8296,1.);
#8296 = DIRECTION('',(0.994521895368,0.,0.104528463268));
#8297 = ORIENTED_EDGE('',*,*,#8208,.T.);
#8298 = ORIENTED_EDGE('',*,*,#8299,.T.);
#8299 = EDGE_CURVE('',#8209,#8249,#8300,.T.);
#8300 = LINE('',#8301,#8302);
#8301 = CARTESIAN_POINT('',(-50.3842384994,-9.5,3.13170732787));
#8302 = VECTOR('',#8303,1.);
#8303 = DIRECTION('',(0.994521895368,0.,0.104528463268));
#8304 = ORIENTED_EDGE('',*,*,#8248,.F.);
#8305 = PLANE('',#8306);
#8306 = AXIS2_PLACEMENT_3D('',#8307,#8308,#8309);
#8307 = CARTESIAN_POINT('',(-50.27971003613,-9.5,2.137185432502));
#8308 = DIRECTION('',(0.,1.,0.));
#8309 = DIRECTION('',(-0.104528463268,0.,0.994521895368));
#8310 = ADVANCED_FACE('',(#8311),#8317,.F.);
#8311 = FACE_BOUND('',#8312,.F.);
#8312 = EDGE_LOOP('',(#8313,#8314,#8315,#8316));
#8313 = ORIENTED_EDGE('',*,*,#8200,.F.);
#8314 = ORIENTED_EDGE('',*,*,#8270,.T.);
#8315 = ORIENTED_EDGE('',*,*,#8240,.T.);
#8316 = ORIENTED_EDGE('',*,*,#8292,.F.);
#8317 = PLANE('',#8318);
#8318 = AXIS2_PLACEMENT_3D('',#8319,#8320,#8321);
#8319 = CARTESIAN_POINT('',(-50.27971003613,-11.5,2.137185432502));
#8320 = DIRECTION('',(-0.104528463268,0.,0.994521895368));
#8321 = DIRECTION('',(0.994521895368,0.,0.104528463268));
#8322 = ADVANCED_FACE('',(#8323),#8329,.T.);
#8323 = FACE_BOUND('',#8324,.T.);
#8324 = EDGE_LOOP('',(#8325,#8326,#8327,#8328));
#8325 = ORIENTED_EDGE('',*,*,#8216,.F.);
#8326 = ORIENTED_EDGE('',*,*,#8277,.T.);
#8327 = ORIENTED_EDGE('',*,*,#8256,.T.);
#8328 = ORIENTED_EDGE('',*,*,#8299,.F.);
#8329 = PLANE('',#8330);
#8330 = AXIS2_PLACEMENT_3D('',#8331,#8332,#8333);
#8331 = CARTESIAN_POINT('',(-50.3842384994,-11.5,3.13170732787));
#8332 = DIRECTION('',(-0.104528463268,0.,0.994521895368));
#8333 = DIRECTION('',(0.994521895368,0.,0.104528463268));
#8334 = MANIFOLD_SOLID_BREP('',#8335);
#8335 = CLOSED_SHELL('',(#8336,#8376,#8416,#8438,#8460,#8472));
#8336 = ADVANCED_FACE('',(#8337),#8371,.F.);
#8337 = FACE_BOUND('',#8338,.F.);
#8338 = EDGE_LOOP('',(#8339,#8349,#8357,#8365));
#8339 = ORIENTED_EDGE('',*,*,#8340,.F.);
#8340 = EDGE_CURVE('',#8341,#8343,#8345,.T.);
#8341 = VERTEX_POINT('',#8342);
#8342 = CARTESIAN_POINT('',(-50.27971003613,9.5,2.137185432502));
#8343 = VERTEX_POINT('',#8344);
#8344 = CARTESIAN_POINT('',(-50.3842384994,9.5,3.13170732787));
#8345 = LINE('',#8346,#8347);
#8346 = CARTESIAN_POINT('',(-50.27971003613,9.5,2.137185432502));
#8347 = VECTOR('',#8348,1.);
#8348 = DIRECTION('',(-0.104528463268,0.,0.994521895368));
#8349 = ORIENTED_EDGE('',*,*,#8350,.T.);
#8350 = EDGE_CURVE('',#8341,#8351,#8353,.T.);
#8351 = VERTEX_POINT('',#8352);
#8352 = CARTESIAN_POINT('',(-50.27971003613,11.5,2.137185432502));
#8353 = LINE('',#8354,#8355);
#8354 = CARTESIAN_POINT('',(-50.27971003613,9.5,2.137185432502));
#8355 = VECTOR('',#8356,1.);
#8356 = DIRECTION('',(0.,1.,0.));
#8357 = ORIENTED_EDGE('',*,*,#8358,.T.);
#8358 = EDGE_CURVE('',#8351,#8359,#8361,.T.);
#8359 = VERTEX_POINT('',#8360);
#8360 = CARTESIAN_POINT('',(-50.3842384994,11.5,3.13170732787));
#8361 = LINE('',#8362,#8363);
#8362 = CARTESIAN_POINT('',(-50.27971003613,11.5,2.137185432502));
#8363 = VECTOR('',#8364,1.);
#8364 = DIRECTION('',(-0.104528463268,0.,0.994521895368));
#8365 = ORIENTED_EDGE('',*,*,#8366,.F.);
#8366 = EDGE_CURVE('',#8343,#8359,#8367,.T.);
#8367 = LINE('',#8368,#8369);
#8368 = CARTESIAN_POINT('',(-50.3842384994,9.5,3.13170732787));
#8369 = VECTOR('',#8370,1.);
#8370 = DIRECTION('',(0.,1.,0.));
#8371 = PLANE('',#8372);
#8372 = AXIS2_PLACEMENT_3D('',#8373,#8374,#8375);
#8373 = CARTESIAN_POINT('',(-50.27971003613,9.5,2.137185432502));
#8374 = DIRECTION('',(0.994521895368,0.,0.104528463268));
#8375 = DIRECTION('',(-0.104528463268,0.,0.994521895368));
#8376 = ADVANCED_FACE('',(#8377),#8411,.T.);
#8377 = FACE_BOUND('',#8378,.T.);
#8378 = EDGE_LOOP('',(#8379,#8389,#8397,#8405));
#8379 = ORIENTED_EDGE('',*,*,#8380,.F.);
#8380 = EDGE_CURVE('',#8381,#8383,#8385,.T.);
#8381 = VERTEX_POINT('',#8382);
#8382 = CARTESIAN_POINT('',(-44.31257866393,9.5,2.764356212108));
#8383 = VERTEX_POINT('',#8384);
#8384 = CARTESIAN_POINT('',(-44.41710712719,9.5,3.758878107476));
#8385 = LINE('',#8386,#8387);
#8386 = CARTESIAN_POINT('',(-44.31257866393,9.5,2.764356212108));
#8387 = VECTOR('',#8388,1.);
#8388 = DIRECTION('',(-0.104528463268,0.,0.994521895368));
#8389 = ORIENTED_EDGE('',*,*,#8390,.T.);
#8390 = EDGE_CURVE('',#8381,#8391,#8393,.T.);
#8391 = VERTEX_POINT('',#8392);
#8392 = CARTESIAN_POINT('',(-44.31257866393,11.5,2.764356212108));
#8393 = LINE('',#8394,#8395);
#8394 = CARTESIAN_POINT('',(-44.31257866393,9.5,2.764356212108));
#8395 = VECTOR('',#8396,1.);
#8396 = DIRECTION('',(0.,1.,0.));
#8397 = ORIENTED_EDGE('',*,*,#8398,.T.);
#8398 = EDGE_CURVE('',#8391,#8399,#8401,.T.);
#8399 = VERTEX_POINT('',#8400);
#8400 = CARTESIAN_POINT('',(-44.41710712719,11.5,3.758878107476));
#8401 = LINE('',#8402,#8403);
#8402 = CARTESIAN_POINT('',(-44.31257866393,11.5,2.764356212108));
#8403 = VECTOR('',#8404,1.);
#8404 = DIRECTION('',(-0.104528463268,0.,0.994521895368));
#8405 = ORIENTED_EDGE('',*,*,#8406,.F.);
#8406 = EDGE_CURVE('',#8383,#8399,#8407,.T.);
#8407 = LINE('',#8408,#8409);
#8408 = CARTESIAN_POINT('',(-44.41710712719,9.5,3.758878107476));
#8409 = VECTOR('',#8410,1.);
#8410 = DIRECTION('',(0.,1.,0.));
#8411 = PLANE('',#8412);
#8412 = AXIS2_PLACEMENT_3D('',#8413,#8414,#8415);
#8413 = CARTESIAN_POINT('',(-44.31257866393,9.5,2.764356212108));
#8414 = DIRECTION('',(0.994521895368,0.,0.104528463268));
#8415 = DIRECTION('',(-0.104528463268,0.,0.994521895368));
#8416 = ADVANCED_FACE('',(#8417),#8433,.F.);
#8417 = FACE_BOUND('',#8418,.F.);
#8418 = EDGE_LOOP('',(#8419,#8425,#8426,#8432));
#8419 = ORIENTED_EDGE('',*,*,#8420,.F.);
#8420 = EDGE_CURVE('',#8341,#8381,#8421,.T.);
#8421 = LINE('',#8422,#8423);
#8422 = CARTESIAN_POINT('',(-50.27971003613,9.5,2.137185432502));
#8423 = VECTOR('',#8424,1.);
#8424 = DIRECTION('',(0.994521895368,0.,0.104528463268));
#8425 = ORIENTED_EDGE('',*,*,#8340,.T.);
#8426 = ORIENTED_EDGE('',*,*,#8427,.T.);
#8427 = EDGE_CURVE('',#8343,#8383,#8428,.T.);
#8428 = LINE('',#8429,#8430);
#8429 = CARTESIAN_POINT('',(-50.3842384994,9.5,3.13170732787));
#8430 = VECTOR('',#8431,1.);
#8431 = DIRECTION('',(0.994521895368,0.,0.104528463268));
#8432 = ORIENTED_EDGE('',*,*,#8380,.F.);
#8433 = PLANE('',#8434);
#8434 = AXIS2_PLACEMENT_3D('',#8435,#8436,#8437);
#8435 = CARTESIAN_POINT('',(-50.27971003613,9.5,2.137185432502));
#8436 = DIRECTION('',(0.,1.,0.));
#8437 = DIRECTION('',(-0.104528463268,0.,0.994521895368));
#8438 = ADVANCED_FACE('',(#8439),#8455,.T.);
#8439 = FACE_BOUND('',#8440,.T.);
#8440 = EDGE_LOOP('',(#8441,#8447,#8448,#8454));
#8441 = ORIENTED_EDGE('',*,*,#8442,.F.);
#8442 = EDGE_CURVE('',#8351,#8391,#8443,.T.);
#8443 = LINE('',#8444,#8445);
#8444 = CARTESIAN_POINT('',(-50.27971003613,11.5,2.137185432502));
#8445 = VECTOR('',#8446,1.);
#8446 = DIRECTION('',(0.994521895368,0.,0.104528463268));
#8447 = ORIENTED_EDGE('',*,*,#8358,.T.);
#8448 = ORIENTED_EDGE('',*,*,#8449,.T.);
#8449 = EDGE_CURVE('',#8359,#8399,#8450,.T.);
#8450 = LINE('',#8451,#8452);
#8451 = CARTESIAN_POINT('',(-50.3842384994,11.5,3.13170732787));
#8452 = VECTOR('',#8453,1.);
#8453 = DIRECTION('',(0.994521895368,0.,0.104528463268));
#8454 = ORIENTED_EDGE('',*,*,#8398,.F.);
#8455 = PLANE('',#8456);
#8456 = AXIS2_PLACEMENT_3D('',#8457,#8458,#8459);
#8457 = CARTESIAN_POINT('',(-50.27971003613,11.5,2.137185432502));
#8458 = DIRECTION('',(0.,1.,0.));
#8459 = DIRECTION('',(-0.104528463268,0.,0.994521895368));
#8460 = ADVANCED_FACE('',(#8461),#8467,.F.);
#8461 = FACE_BOUND('',#8462,.F.);
#8462 = EDGE_LOOP('',(#8463,#8464,#8465,#8466));
#8463 = ORIENTED_EDGE('',*,*,#8350,.F.);
#8464 = ORIENTED_EDGE('',*,*,#8420,.T.);
#8465 = ORIENTED_EDGE('',*,*,#8390,.T.);
#8466 = ORIENTED_EDGE('',*,*,#8442,.F.);
#8467 = PLANE('',#8468);
#8468 = AXIS2_PLACEMENT_3D('',#8469,#8470,#8471);
#8469 = CARTESIAN_POINT('',(-50.27971003613,9.5,2.137185432502));
#8470 = DIRECTION('',(-0.104528463268,0.,0.994521895368));
#8471 = DIRECTION('',(0.994521895368,0.,0.104528463268));
#8472 = ADVANCED_FACE('',(#8473),#8479,.T.);
#8473 = FACE_BOUND('',#8474,.T.);
#8474 = EDGE_LOOP('',(#8475,#8476,#8477,#8478));
#8475 = ORIENTED_EDGE('',*,*,#8366,.F.);
#8476 = ORIENTED_EDGE('',*,*,#8427,.T.);
#8477 = ORIENTED_EDGE('',*,*,#8406,.T.);
#8478 = ORIENTED_EDGE('',*,*,#8449,.F.);
#8479 = PLANE('',#8480);
#8480 = AXIS2_PLACEMENT_3D('',#8481,#8482,#8483);
#8481 = CARTESIAN_POINT('',(-50.3842384994,9.5,3.13170732787));
#8482 = DIRECTION('',(-0.104528463268,0.,0.994521895368));
#8483 = DIRECTION('',(0.994521895368,0.,0.104528463268));
#8484 = MANIFOLD_SOLID_BREP('',#8485);
#8485 = CLOSED_SHELL('',(#8486,#8526,#8566,#8588,#8610,#8622));
#8486 = ADVANCED_FACE('',(#8487),#8521,.F.);
#8487 = FACE_BOUND('',#8488,.F.);
#8488 = EDGE_LOOP('',(#8489,#8499,#8507,#8515));
#8489 = ORIENTED_EDGE('',*,*,#8490,.F.);
#8490 = EDGE_CURVE('',#8491,#8493,#8495,.T.);
#8491 = VERTEX_POINT('',#8492);
#8492 = CARTESIAN_POINT('',(-36.35640350098,-11.5,3.600583918249));
#8493 = VERTEX_POINT('',#8494);
#8494 = CARTESIAN_POINT('',(-36.46093196425,-11.5,4.595105813617));
#8495 = LINE('',#8496,#8497);
#8496 = CARTESIAN_POINT('',(-36.35640350098,-11.5,3.600583918249));
#8497 = VECTOR('',#8498,1.);
#8498 = DIRECTION('',(-0.104528463268,0.,0.994521895368));
#8499 = ORIENTED_EDGE('',*,*,#8500,.T.);
#8500 = EDGE_CURVE('',#8491,#8501,#8503,.T.);
#8501 = VERTEX_POINT('',#8502);
#8502 = CARTESIAN_POINT('',(-36.35640350098,-9.5,3.600583918249));
#8503 = LINE('',#8504,#8505);
#8504 = CARTESIAN_POINT('',(-36.35640350098,-11.5,3.600583918249));
#8505 = VECTOR('',#8506,1.);
#8506 = DIRECTION('',(0.,1.,0.));
#8507 = ORIENTED_EDGE('',*,*,#8508,.T.);
#8508 = EDGE_CURVE('',#8501,#8509,#8511,.T.);
#8509 = VERTEX_POINT('',#8510);
#8510 = CARTESIAN_POINT('',(-36.46093196425,-9.5,4.595105813617));
#8511 = LINE('',#8512,#8513);
#8512 = CARTESIAN_POINT('',(-36.35640350098,-9.5,3.600583918249));
#8513 = VECTOR('',#8514,1.);
#8514 = DIRECTION('',(-0.104528463268,0.,0.994521895368));
#8515 = ORIENTED_EDGE('',*,*,#8516,.F.);
#8516 = EDGE_CURVE('',#8493,#8509,#8517,.T.);
#8517 = LINE('',#8518,#8519);
#8518 = CARTESIAN_POINT('',(-36.46093196425,-11.5,4.595105813617));
#8519 = VECTOR('',#8520,1.);
#8520 = DIRECTION('',(0.,1.,0.));
#8521 = PLANE('',#8522);
#8522 = AXIS2_PLACEMENT_3D('',#8523,#8524,#8525);
#8523 = CARTESIAN_POINT('',(-36.35640350098,-11.5,3.600583918249));
#8524 = DIRECTION('',(0.994521895368,0.,0.104528463268));
#8525 = DIRECTION('',(-0.104528463268,0.,0.994521895368));
#8526 = ADVANCED_FACE('',(#8527),#8561,.T.);
#8527 = FACE_BOUND('',#8528,.T.);
#8528 = EDGE_LOOP('',(#8529,#8539,#8547,#8555));
#8529 = ORIENTED_EDGE('',*,*,#8530,.F.);
#8530 = EDGE_CURVE('',#8531,#8533,#8535,.T.);
#8531 = VERTEX_POINT('',#8532);
#8532 = CARTESIAN_POINT('',(-30.38927212877,-11.5,4.227754697855));
#8533 = VERTEX_POINT('',#8534);
#8534 = CARTESIAN_POINT('',(-30.49380059204,-11.5,5.222276593223));
#8535 = LINE('',#8536,#8537);
#8536 = CARTESIAN_POINT('',(-30.38927212877,-11.5,4.227754697855));
#8537 = VECTOR('',#8538,1.);
#8538 = DIRECTION('',(-0.104528463268,0.,0.994521895368));
#8539 = ORIENTED_EDGE('',*,*,#8540,.T.);
#8540 = EDGE_CURVE('',#8531,#8541,#8543,.T.);
#8541 = VERTEX_POINT('',#8542);
#8542 = CARTESIAN_POINT('',(-30.38927212877,-9.5,4.227754697855));
#8543 = LINE('',#8544,#8545);
#8544 = CARTESIAN_POINT('',(-30.38927212877,-11.5,4.227754697855));
#8545 = VECTOR('',#8546,1.);
#8546 = DIRECTION('',(0.,1.,0.));
#8547 = ORIENTED_EDGE('',*,*,#8548,.T.);
#8548 = EDGE_CURVE('',#8541,#8549,#8551,.T.);
#8549 = VERTEX_POINT('',#8550);
#8550 = CARTESIAN_POINT('',(-30.49380059204,-9.5,5.222276593223));
#8551 = LINE('',#8552,#8553);
#8552 = CARTESIAN_POINT('',(-30.38927212877,-9.5,4.227754697855));
#8553 = VECTOR('',#8554,1.);
#8554 = DIRECTION('',(-0.104528463268,0.,0.994521895368));
#8555 = ORIENTED_EDGE('',*,*,#8556,.F.);
#8556 = EDGE_CURVE('',#8533,#8549,#8557,.T.);
#8557 = LINE('',#8558,#8559);
#8558 = CARTESIAN_POINT('',(-30.49380059204,-11.5,5.222276593223));
#8559 = VECTOR('',#8560,1.);
#8560 = DIRECTION('',(0.,1.,0.));
#8561 = PLANE('',#8562);
#8562 = AXIS2_PLACEMENT_3D('',#8563,#8564,#8565);
#8563 = CARTESIAN_POINT('',(-30.38927212877,-11.5,4.227754697855));
#8564 = DIRECTION('',(0.994521895368,0.,0.104528463268));
#8565 = DIRECTION('',(-0.104528463268,0.,0.994521895368));
#8566 = ADVANCED_FACE('',(#8567),#8583,.F.);
#8567 = FACE_BOUND('',#8568,.F.);
#8568 = EDGE_LOOP('',(#8569,#8575,#8576,#8582));
#8569 = ORIENTED_EDGE('',*,*,#8570,.F.);
#8570 = EDGE_CURVE('',#8491,#8531,#8571,.T.);
#8571 = LINE('',#8572,#8573);
#8572 = CARTESIAN_POINT('',(-36.35640350098,-11.5,3.600583918249));
#8573 = VECTOR('',#8574,1.);
#8574 = DIRECTION('',(0.994521895368,0.,0.104528463268));
#8575 = ORIENTED_EDGE('',*,*,#8490,.T.);
#8576 = ORIENTED_EDGE('',*,*,#8577,.T.);
#8577 = EDGE_CURVE('',#8493,#8533,#8578,.T.);
#8578 = LINE('',#8579,#8580);
#8579 = CARTESIAN_POINT('',(-36.46093196425,-11.5,4.595105813617));
#8580 = VECTOR('',#8581,1.);
#8581 = DIRECTION('',(0.994521895368,0.,0.104528463268));
#8582 = ORIENTED_EDGE('',*,*,#8530,.F.);
#8583 = PLANE('',#8584);
#8584 = AXIS2_PLACEMENT_3D('',#8585,#8586,#8587);
#8585 = CARTESIAN_POINT('',(-36.35640350098,-11.5,3.600583918249));
#8586 = DIRECTION('',(0.,1.,0.));
#8587 = DIRECTION('',(-0.104528463268,0.,0.994521895368));
#8588 = ADVANCED_FACE('',(#8589),#8605,.T.);
#8589 = FACE_BOUND('',#8590,.T.);
#8590 = EDGE_LOOP('',(#8591,#8597,#8598,#8604));
#8591 = ORIENTED_EDGE('',*,*,#8592,.F.);
#8592 = EDGE_CURVE('',#8501,#8541,#8593,.T.);
#8593 = LINE('',#8594,#8595);
#8594 = CARTESIAN_POINT('',(-36.35640350098,-9.5,3.600583918249));
#8595 = VECTOR('',#8596,1.);
#8596 = DIRECTION('',(0.994521895368,0.,0.104528463268));
#8597 = ORIENTED_EDGE('',*,*,#8508,.T.);
#8598 = ORIENTED_EDGE('',*,*,#8599,.T.);
#8599 = EDGE_CURVE('',#8509,#8549,#8600,.T.);
#8600 = LINE('',#8601,#8602);
#8601 = CARTESIAN_POINT('',(-36.46093196425,-9.5,4.595105813617));
#8602 = VECTOR('',#8603,1.);
#8603 = DIRECTION('',(0.994521895368,0.,0.104528463268));
#8604 = ORIENTED_EDGE('',*,*,#8548,.F.);
#8605 = PLANE('',#8606);
#8606 = AXIS2_PLACEMENT_3D('',#8607,#8608,#8609);
#8607 = CARTESIAN_POINT('',(-36.35640350098,-9.5,3.600583918249));
#8608 = DIRECTION('',(0.,1.,0.));
#8609 = DIRECTION('',(-0.104528463268,0.,0.994521895368));
#8610 = ADVANCED_FACE('',(#8611),#8617,.F.);
#8611 = FACE_BOUND('',#8612,.F.);
#8612 = EDGE_LOOP('',(#8613,#8614,#8615,#8616));
#8613 = ORIENTED_EDGE('',*,*,#8500,.F.);
#8614 = ORIENTED_EDGE('',*,*,#8570,.T.);
#8615 = ORIENTED_EDGE('',*,*,#8540,.T.);
#8616 = ORIENTED_EDGE('',*,*,#8592,.F.);
#8617 = PLANE('',#8618);
#8618 = AXIS2_PLACEMENT_3D('',#8619,#8620,#8621);
#8619 = CARTESIAN_POINT('',(-36.35640350098,-11.5,3.600583918249));
#8620 = DIRECTION('',(-0.104528463268,0.,0.994521895368));
#8621 = DIRECTION('',(0.994521895368,0.,0.104528463268));
#8622 = ADVANCED_FACE('',(#8623),#8629,.T.);
#8623 = FACE_BOUND('',#8624,.T.);
#8624 = EDGE_LOOP('',(#8625,#8626,#8627,#8628));
#8625 = ORIENTED_EDGE('',*,*,#8516,.F.);
#8626 = ORIENTED_EDGE('',*,*,#8577,.T.);
#8627 = ORIENTED_EDGE('',*,*,#8556,.T.);
#8628 = ORIENTED_EDGE('',*,*,#8599,.F.);
#8629 = PLANE('',#8630);
#8630 = AXIS2_PLACEMENT_3D('',#8631,#8632,#8633);
#8631 = CARTESIAN_POINT('',(-36.46093196425,-11.5,4.595105813617));
#8632 = DIRECTION('',(-0.104528463268,0.,0.994521895368));
#8633 = DIRECTION('',(0.994521895368,0.,0.104528463268));
#8634 = MANIFOLD_SOLID_BREP('',#8635);
#8635 = CLOSED_SHELL('',(#8636,#8676,#8716,#8738,#8760,#8772));
#8636 = ADVANCED_FACE('',(#8637),#8671,.F.);
#8637 = FACE_BOUND('',#8638,.F.);
#8638 = EDGE_LOOP('',(#8639,#8649,#8657,#8665));
#8639 = ORIENTED_EDGE('',*,*,#8640,.F.);
#8640 = EDGE_CURVE('',#8641,#8643,#8645,.T.);
#8641 = VERTEX_POINT('',#8642);
#8642 = CARTESIAN_POINT('',(-36.35640350098,9.5,3.600583918249));
#8643 = VERTEX_POINT('',#8644);
#8644 = CARTESIAN_POINT('',(-36.46093196425,9.5,4.595105813617));
#8645 = LINE('',#8646,#8647);
#8646 = CARTESIAN_POINT('',(-36.35640350098,9.5,3.600583918249));
#8647 = VECTOR('',#8648,1.);
#8648 = DIRECTION('',(-0.104528463268,0.,0.994521895368));
#8649 = ORIENTED_EDGE('',*,*,#8650,.T.);
#8650 = EDGE_CURVE('',#8641,#8651,#8653,.T.);
#8651 = VERTEX_POINT('',#8652);
#8652 = CARTESIAN_POINT('',(-36.35640350098,11.5,3.600583918249));
#8653 = LINE('',#8654,#8655);
#8654 = CARTESIAN_POINT('',(-36.35640350098,9.5,3.600583918249));
#8655 = VECTOR('',#8656,1.);
#8656 = DIRECTION('',(0.,1.,0.));
#8657 = ORIENTED_EDGE('',*,*,#8658,.T.);
#8658 = EDGE_CURVE('',#8651,#8659,#8661,.T.);
#8659 = VERTEX_POINT('',#8660);
#8660 = CARTESIAN_POINT('',(-36.46093196425,11.5,4.595105813617));
#8661 = LINE('',#8662,#8663);
#8662 = CARTESIAN_POINT('',(-36.35640350098,11.5,3.600583918249));
#8663 = VECTOR('',#8664,1.);
#8664 = DIRECTION('',(-0.104528463268,0.,0.994521895368));
#8665 = ORIENTED_EDGE('',*,*,#8666,.F.);
#8666 = EDGE_CURVE('',#8643,#8659,#8667,.T.);
#8667 = LINE('',#8668,#8669);
#8668 = CARTESIAN_POINT('',(-36.46093196425,9.5,4.595105813617));
#8669 = VECTOR('',#8670,1.);
#8670 = DIRECTION('',(0.,1.,0.));
#8671 = PLANE('',#8672);
#8672 = AXIS2_PLACEMENT_3D('',#8673,#8674,#8675);
#8673 = CARTESIAN_POINT('',(-36.35640350098,9.5,3.600583918249));
#8674 = DIRECTION('',(0.994521895368,0.,0.104528463268));
#8675 = DIRECTION('',(-0.104528463268,0.,0.994521895368));
#8676 = ADVANCED_FACE('',(#8677),#8711,.T.);
#8677 = FACE_BOUND('',#8678,.T.);
#8678 = EDGE_LOOP('',(#8679,#8689,#8697,#8705));
#8679 = ORIENTED_EDGE('',*,*,#8680,.F.);
#8680 = EDGE_CURVE('',#8681,#8683,#8685,.T.);
#8681 = VERTEX_POINT('',#8682);
#8682 = CARTESIAN_POINT('',(-30.38927212877,9.5,4.227754697855));
#8683 = VERTEX_POINT('',#8684);
#8684 = CARTESIAN_POINT('',(-30.49380059204,9.5,5.222276593223));
#8685 = LINE('',#8686,#8687);
#8686 = CARTESIAN_POINT('',(-30.38927212877,9.5,4.227754697855));
#8687 = VECTOR('',#8688,1.);
#8688 = DIRECTION('',(-0.104528463268,0.,0.994521895368));
#8689 = ORIENTED_EDGE('',*,*,#8690,.T.);
#8690 = EDGE_CURVE('',#8681,#8691,#8693,.T.);
#8691 = VERTEX_POINT('',#8692);
#8692 = CARTESIAN_POINT('',(-30.38927212877,11.5,4.227754697855));
#8693 = LINE('',#8694,#8695);
#8694 = CARTESIAN_POINT('',(-30.38927212877,9.5,4.227754697855));
#8695 = VECTOR('',#8696,1.);
#8696 = DIRECTION('',(0.,1.,0.));
#8697 = ORIENTED_EDGE('',*,*,#8698,.T.);
#8698 = EDGE_CURVE('',#8691,#8699,#8701,.T.);
#8699 = VERTEX_POINT('',#8700);
#8700 = CARTESIAN_POINT('',(-30.49380059204,11.5,5.222276593223));
#8701 = LINE('',#8702,#8703);
#8702 = CARTESIAN_POINT('',(-30.38927212877,11.5,4.227754697855));
#8703 = VECTOR('',#8704,1.);
#8704 = DIRECTION('',(-0.104528463268,0.,0.994521895368));
#8705 = ORIENTED_EDGE('',*,*,#8706,.F.);
#8706 = EDGE_CURVE('',#8683,#8699,#8707,.T.);
#8707 = LINE('',#8708,#8709);
#8708 = CARTESIAN_POINT('',(-30.49380059204,9.5,5.222276593223));
#8709 = VECTOR('',#8710,1.);
#8710 = DIRECTION('',(0.,1.,0.));
#8711 = PLANE('',#8712);
#8712 = AXIS2_PLACEMENT_3D('',#8713,#8714,#8715);
#8713 = CARTESIAN_POINT('',(-30.38927212877,9.5,4.227754697855));
#8714 = DIRECTION('',(0.994521895368,0.,0.104528463268));
#8715 = DIRECTION('',(-0.104528463268,0.,0.994521895368));
#8716 = ADVANCED_FACE('',(#8717),#8733,.F.);
#8717 = FACE_BOUND('',#8718,.F.);
#8718 = EDGE_LOOP('',(#8719,#8725,#8726,#8732));
#8719 = ORIENTED_EDGE('',*,*,#8720,.F.);
#8720 = EDGE_CURVE('',#8641,#8681,#8721,.T.);
#8721 = LINE('',#8722,#8723);
#8722 = CARTESIAN_POINT('',(-36.35640350098,9.5,3.600583918249));
#8723 = VECTOR('',#8724,1.);
#8724 = DIRECTION('',(0.994521895368,0.,0.104528463268));
#8725 = ORIENTED_EDGE('',*,*,#8640,.T.);
#8726 = ORIENTED_EDGE('',*,*,#8727,.T.);
#8727 = EDGE_CURVE('',#8643,#8683,#8728,.T.);
#8728 = LINE('',#8729,#8730);
#8729 = CARTESIAN_POINT('',(-36.46093196425,9.5,4.595105813617));
#8730 = VECTOR('',#8731,1.);
#8731 = DIRECTION('',(0.994521895368,0.,0.104528463268));
#8732 = ORIENTED_EDGE('',*,*,#8680,.F.);
#8733 = PLANE('',#8734);
#8734 = AXIS2_PLACEMENT_3D('',#8735,#8736,#8737);
#8735 = CARTESIAN_POINT('',(-36.35640350098,9.5,3.600583918249));
#8736 = DIRECTION('',(0.,1.,0.));
#8737 = DIRECTION('',(-0.104528463268,0.,0.994521895368));
#8738 = ADVANCED_FACE('',(#8739),#8755,.T.);
#8739 = FACE_BOUND('',#8740,.T.);
#8740 = EDGE_LOOP('',(#8741,#8747,#8748,#8754));
#8741 = ORIENTED_EDGE('',*,*,#8742,.F.);
#8742 = EDGE_CURVE('',#8651,#8691,#8743,.T.);
#8743 = LINE('',#8744,#8745);
#8744 = CARTESIAN_POINT('',(-36.35640350098,11.5,3.600583918249));
#8745 = VECTOR('',#8746,1.);
#8746 = DIRECTION('',(0.994521895368,0.,0.104528463268));
#8747 = ORIENTED_EDGE('',*,*,#8658,.T.);
#8748 = ORIENTED_EDGE('',*,*,#8749,.T.);
#8749 = EDGE_CURVE('',#8659,#8699,#8750,.T.);
#8750 = LINE('',#8751,#8752);
#8751 = CARTESIAN_POINT('',(-36.46093196425,11.5,4.595105813617));
#8752 = VECTOR('',#8753,1.);
#8753 = DIRECTION('',(0.994521895368,0.,0.104528463268));
#8754 = ORIENTED_EDGE('',*,*,#8698,.F.);
#8755 = PLANE('',#8756);
#8756 = AXIS2_PLACEMENT_3D('',#8757,#8758,#8759);
#8757 = CARTESIAN_POINT('',(-36.35640350098,11.5,3.600583918249));
#8758 = DIRECTION('',(0.,1.,0.));
#8759 = DIRECTION('',(-0.104528463268,0.,0.994521895368));
#8760 = ADVANCED_FACE('',(#8761),#8767,.F.);
#8761 = FACE_BOUND('',#8762,.F.);
#8762 = EDGE_LOOP('',(#8763,#8764,#8765,#8766));
#8763 = ORIENTED_EDGE('',*,*,#8650,.F.);
#8764 = ORIENTED_EDGE('',*,*,#8720,.T.);
#8765 = ORIENTED_EDGE('',*,*,#8690,.T.);
#8766 = ORIENTED_EDGE('',*,*,#8742,.F.);
#8767 = PLANE('',#8768);
#8768 = AXIS2_PLACEMENT_3D('',#8769,#8770,#8771);
#8769 = CARTESIAN_POINT('',(-36.35640350098,9.5,3.600583918249));
#8770 = DIRECTION('',(-0.104528463268,0.,0.994521895368));
#8771 = DIRECTION('',(0.994521895368,0.,0.104528463268));
#8772 = ADVANCED_FACE('',(#8773),#8779,.T.);
#8773 = FACE_BOUND('',#8774,.T.);
#8774 = EDGE_LOOP('',(#8775,#8776,#8777,#8778));
#8775 = ORIENTED_EDGE('',*,*,#8666,.F.);
#8776 = ORIENTED_EDGE('',*,*,#8727,.T.);
#8777 = ORIENTED_EDGE('',*,*,#8706,.T.);
#8778 = ORIENTED_EDGE('',*,*,#8749,.F.);
#8779 = PLANE('',#8780);
#8780 = AXIS2_PLACEMENT_3D('',#8781,#8782,#8783);
#8781 = CARTESIAN_POINT('',(-36.46093196425,9.5,4.595105813617));
#8782 = DIRECTION('',(-0.104528463268,0.,0.994521895368));
#8783 = DIRECTION('',(0.994521895368,0.,0.104528463268));
#8784 = ( GEOMETRIC_REPRESENTATION_CONTEXT(3) 
GLOBAL_UNCERTAINTY_ASSIGNED_CONTEXT((#8788)) 
GLOBAL_UNIT_ASSIGNED_CONTEXT((#8785,#8786,#8787)) REPRESENTATION_CONTEXT
('Context #1','3D Context with UNIT and UNCERTAINTY') );
#8785 = ( LENGTH_UNIT() NAMED_UNIT(*) SI_UNIT(.MILLI.,.METRE.) );
#8786 = ( NAMED_UNIT(*) PLANE_ANGLE_UNIT() SI_UNIT($,.RADIAN.) );
#8787 = ( NAMED_UNIT(*) SI_UNIT($,.STERADIAN.) SOLID_ANGLE_UNIT() );
#8788 = UNCERTAINTY_MEASURE_WITH_UNIT(LENGTH_MEASURE(1.E-07),#8785,
  'distance_accuracy_value','confusion accuracy');
#8789 = CONTEXT_DEPENDENT_SHAPE_REPRESENTATION(#8790,#8792);
#8790 = ( REPRESENTATION_RELATIONSHIP('','',#8183,#10) 
REPRESENTATION_RELATIONSHIP_WITH_TRANSFORMATION(#8791) 
SHAPE_REPRESENTATION_RELATIONSHIP() );
#8791 = ITEM_DEFINED_TRANSFORMATION('','',#11,#59);
#8792 = PRODUCT_DEFINITION_SHAPE('Placement','Placement of an item',
  #8793);
#8793 = NEXT_ASSEMBLY_USAGE_OCCURRENCE('12',
  'Left floating-head capture lips','',#5,#8178,$);
#8794 = PRODUCT_RELATED_PRODUCT_CATEGORY('part',$,(#8180));
#8795 = SHAPE_DEFINITION_REPRESENTATION(#8796,#8802);
#8796 = PRODUCT_DEFINITION_SHAPE('','',#8797);
#8797 = PRODUCT_DEFINITION('design','',#8798,#8801);
#8798 = PRODUCT_DEFINITION_FORMATION('','',#8799);
#8799 = PRODUCT('Left Poron supports','Left Poron supports','',(#8800));
#8800 = PRODUCT_CONTEXT('',#2,'mechanical');
#8801 = PRODUCT_DEFINITION_CONTEXT('part definition',#2,'design');
#8802 = SHAPE_REPRESENTATION('',(#11,#8803,#8953,#9103,#9253),#9403);
#8803 = MANIFOLD_SOLID_BREP('',#8804);
#8804 = CLOSED_SHELL('',(#8805,#8845,#8885,#8907,#8929,#8941));
#8805 = ADVANCED_FACE('',(#8806),#8840,.F.);
#8806 = FACE_BOUND('',#8807,.F.);
#8807 = EDGE_LOOP('',(#8808,#8818,#8826,#8834));
#8808 = ORIENTED_EDGE('',*,*,#8809,.F.);
#8809 = EDGE_CURVE('',#8810,#8812,#8814,.T.);
#8810 = VERTEX_POINT('',#8811);
#8811 = CARTESIAN_POINT('',(-49.01341413627,-8.,-0.344043032188));
#8812 = VERTEX_POINT('',#8813);
#8813 = CARTESIAN_POINT('',(-49.09703690688,-8.,0.451574484107));
#8814 = LINE('',#8815,#8816);
#8815 = CARTESIAN_POINT('',(-49.01341413627,-8.,-0.344043032188));
#8816 = VECTOR('',#8817,1.);
#8817 = DIRECTION('',(-0.104528463268,0.,0.994521895368));
#8818 = ORIENTED_EDGE('',*,*,#8819,.T.);
#8819 = EDGE_CURVE('',#8810,#8820,#8822,.T.);
#8820 = VERTEX_POINT('',#8821);
#8821 = CARTESIAN_POINT('',(-49.01341413627,-4.,-0.344043032188));
#8822 = LINE('',#8823,#8824);
#8823 = CARTESIAN_POINT('',(-49.01341413627,-8.,-0.344043032188));
#8824 = VECTOR('',#8825,1.);
#8825 = DIRECTION('',(0.,1.,0.));
#8826 = ORIENTED_EDGE('',*,*,#8827,.T.);
#8827 = EDGE_CURVE('',#8820,#8828,#8830,.T.);
#8828 = VERTEX_POINT('',#8829);
#8829 = CARTESIAN_POINT('',(-49.09703690688,-4.,0.451574484107));
#8830 = LINE('',#8831,#8832);
#8831 = CARTESIAN_POINT('',(-49.01341413627,-4.,-0.344043032188));
#8832 = VECTOR('',#8833,1.);
#8833 = DIRECTION('',(-0.104528463268,0.,0.994521895368));
#8834 = ORIENTED_EDGE('',*,*,#8835,.F.);
#8835 = EDGE_CURVE('',#8812,#8828,#8836,.T.);
#8836 = LINE('',#8837,#8838);
#8837 = CARTESIAN_POINT('',(-49.09703690688,-8.,0.451574484107));
#8838 = VECTOR('',#8839,1.);
#8839 = DIRECTION('',(0.,1.,0.));
#8840 = PLANE('',#8841);
#8841 = AXIS2_PLACEMENT_3D('',#8842,#8843,#8844);
#8842 = CARTESIAN_POINT('',(-49.01341413627,-8.,-0.344043032188));
#8843 = DIRECTION('',(0.994521895368,0.,0.104528463268));
#8844 = DIRECTION('',(-0.104528463268,0.,0.994521895368));
#8845 = ADVANCED_FACE('',(#8846),#8880,.T.);
#8846 = FACE_BOUND('',#8847,.T.);
#8847 = EDGE_LOOP('',(#8848,#8858,#8866,#8874));
#8848 = ORIENTED_EDGE('',*,*,#8849,.F.);
#8849 = EDGE_CURVE('',#8850,#8852,#8854,.T.);
#8850 = VERTEX_POINT('',#8851);
#8851 = CARTESIAN_POINT('',(-45.0353265548,-8.,7.40708208827E-02));
#8852 = VERTEX_POINT('',#8853);
#8853 = CARTESIAN_POINT('',(-45.11894932541,-8.,0.869688337177));
#8854 = LINE('',#8855,#8856);
#8855 = CARTESIAN_POINT('',(-45.0353265548,-8.,7.40708208827E-02));
#8856 = VECTOR('',#8857,1.);
#8857 = DIRECTION('',(-0.104528463268,0.,0.994521895368));
#8858 = ORIENTED_EDGE('',*,*,#8859,.T.);
#8859 = EDGE_CURVE('',#8850,#8860,#8862,.T.);
#8860 = VERTEX_POINT('',#8861);
#8861 = CARTESIAN_POINT('',(-45.0353265548,-4.,7.40708208827E-02));
#8862 = LINE('',#8863,#8864);
#8863 = CARTESIAN_POINT('',(-45.0353265548,-8.,7.40708208827E-02));
#8864 = VECTOR('',#8865,1.);
#8865 = DIRECTION('',(0.,1.,0.));
#8866 = ORIENTED_EDGE('',*,*,#8867,.T.);
#8867 = EDGE_CURVE('',#8860,#8868,#8870,.T.);
#8868 = VERTEX_POINT('',#8869);
#8869 = CARTESIAN_POINT('',(-45.11894932541,-4.,0.869688337177));
#8870 = LINE('',#8871,#8872);
#8871 = CARTESIAN_POINT('',(-45.0353265548,-4.,7.40708208827E-02));
#8872 = VECTOR('',#8873,1.);
#8873 = DIRECTION('',(-0.104528463268,0.,0.994521895368));
#8874 = ORIENTED_EDGE('',*,*,#8875,.F.);
#8875 = EDGE_CURVE('',#8852,#8868,#8876,.T.);
#8876 = LINE('',#8877,#8878);
#8877 = CARTESIAN_POINT('',(-45.11894932541,-8.,0.869688337177));
#8878 = VECTOR('',#8879,1.);
#8879 = DIRECTION('',(0.,1.,0.));
#8880 = PLANE('',#8881);
#8881 = AXIS2_PLACEMENT_3D('',#8882,#8883,#8884);
#8882 = CARTESIAN_POINT('',(-45.0353265548,-8.,7.40708208827E-02));
#8883 = DIRECTION('',(0.994521895368,0.,0.104528463268));
#8884 = DIRECTION('',(-0.104528463268,0.,0.994521895368));
#8885 = ADVANCED_FACE('',(#8886),#8902,.F.);
#8886 = FACE_BOUND('',#8887,.F.);
#8887 = EDGE_LOOP('',(#8888,#8894,#8895,#8901));
#8888 = ORIENTED_EDGE('',*,*,#8889,.F.);
#8889 = EDGE_CURVE('',#8810,#8850,#8890,.T.);
#8890 = LINE('',#8891,#8892);
#8891 = CARTESIAN_POINT('',(-49.01341413627,-8.,-0.344043032188));
#8892 = VECTOR('',#8893,1.);
#8893 = DIRECTION('',(0.994521895368,0.,0.104528463268));
#8894 = ORIENTED_EDGE('',*,*,#8809,.T.);
#8895 = ORIENTED_EDGE('',*,*,#8896,.T.);
#8896 = EDGE_CURVE('',#8812,#8852,#8897,.T.);
#8897 = LINE('',#8898,#8899);
#8898 = CARTESIAN_POINT('',(-49.09703690688,-8.,0.451574484107));
#8899 = VECTOR('',#8900,1.);
#8900 = DIRECTION('',(0.994521895368,0.,0.104528463268));
#8901 = ORIENTED_EDGE('',*,*,#8849,.F.);
#8902 = PLANE('',#8903);
#8903 = AXIS2_PLACEMENT_3D('',#8904,#8905,#8906);
#8904 = CARTESIAN_POINT('',(-49.01341413627,-8.,-0.344043032188));
#8905 = DIRECTION('',(0.,1.,0.));
#8906 = DIRECTION('',(-0.104528463268,0.,0.994521895368));
#8907 = ADVANCED_FACE('',(#8908),#8924,.T.);
#8908 = FACE_BOUND('',#8909,.T.);
#8909 = EDGE_LOOP('',(#8910,#8916,#8917,#8923));
#8910 = ORIENTED_EDGE('',*,*,#8911,.F.);
#8911 = EDGE_CURVE('',#8820,#8860,#8912,.T.);
#8912 = LINE('',#8913,#8914);
#8913 = CARTESIAN_POINT('',(-49.01341413627,-4.,-0.344043032188));
#8914 = VECTOR('',#8915,1.);
#8915 = DIRECTION('',(0.994521895368,0.,0.104528463268));
#8916 = ORIENTED_EDGE('',*,*,#8827,.T.);
#8917 = ORIENTED_EDGE('',*,*,#8918,.T.);
#8918 = EDGE_CURVE('',#8828,#8868,#8919,.T.);
#8919 = LINE('',#8920,#8921);
#8920 = CARTESIAN_POINT('',(-49.09703690688,-4.,0.451574484107));
#8921 = VECTOR('',#8922,1.);
#8922 = DIRECTION('',(0.994521895368,0.,0.104528463268));
#8923 = ORIENTED_EDGE('',*,*,#8867,.F.);
#8924 = PLANE('',#8925);
#8925 = AXIS2_PLACEMENT_3D('',#8926,#8927,#8928);
#8926 = CARTESIAN_POINT('',(-49.01341413627,-4.,-0.344043032188));
#8927 = DIRECTION('',(0.,1.,0.));
#8928 = DIRECTION('',(-0.104528463268,0.,0.994521895368));
#8929 = ADVANCED_FACE('',(#8930),#8936,.F.);
#8930 = FACE_BOUND('',#8931,.F.);
#8931 = EDGE_LOOP('',(#8932,#8933,#8934,#8935));
#8932 = ORIENTED_EDGE('',*,*,#8819,.F.);
#8933 = ORIENTED_EDGE('',*,*,#8889,.T.);
#8934 = ORIENTED_EDGE('',*,*,#8859,.T.);
#8935 = ORIENTED_EDGE('',*,*,#8911,.F.);
#8936 = PLANE('',#8937);
#8937 = AXIS2_PLACEMENT_3D('',#8938,#8939,#8940);
#8938 = CARTESIAN_POINT('',(-49.01341413627,-8.,-0.344043032188));
#8939 = DIRECTION('',(-0.104528463268,0.,0.994521895368));
#8940 = DIRECTION('',(0.994521895368,0.,0.104528463268));
#8941 = ADVANCED_FACE('',(#8942),#8948,.T.);
#8942 = FACE_BOUND('',#8943,.T.);
#8943 = EDGE_LOOP('',(#8944,#8945,#8946,#8947));
#8944 = ORIENTED_EDGE('',*,*,#8835,.F.);
#8945 = ORIENTED_EDGE('',*,*,#8896,.T.);
#8946 = ORIENTED_EDGE('',*,*,#8875,.T.);
#8947 = ORIENTED_EDGE('',*,*,#8918,.F.);
#8948 = PLANE('',#8949);
#8949 = AXIS2_PLACEMENT_3D('',#8950,#8951,#8952);
#8950 = CARTESIAN_POINT('',(-49.09703690688,-8.,0.451574484107));
#8951 = DIRECTION('',(-0.104528463268,0.,0.994521895368));
#8952 = DIRECTION('',(0.994521895368,0.,0.104528463268));
#8953 = MANIFOLD_SOLID_BREP('',#8954);
#8954 = CLOSED_SHELL('',(#8955,#8995,#9035,#9057,#9079,#9091));
#8955 = ADVANCED_FACE('',(#8956),#8990,.F.);
#8956 = FACE_BOUND('',#8957,.F.);
#8957 = EDGE_LOOP('',(#8958,#8968,#8976,#8984));
#8958 = ORIENTED_EDGE('',*,*,#8959,.F.);
#8959 = EDGE_CURVE('',#8960,#8962,#8964,.T.);
#8960 = VERTEX_POINT('',#8961);
#8961 = CARTESIAN_POINT('',(-35.09010760111,-8.,1.119355453559));
#8962 = VERTEX_POINT('',#8963);
#8963 = CARTESIAN_POINT('',(-35.17373037173,-8.,1.914972969854));
#8964 = LINE('',#8965,#8966);
#8965 = CARTESIAN_POINT('',(-35.09010760111,-8.,1.119355453559));
#8966 = VECTOR('',#8967,1.);
#8967 = DIRECTION('',(-0.104528463268,0.,0.994521895368));
#8968 = ORIENTED_EDGE('',*,*,#8969,.T.);
#8969 = EDGE_CURVE('',#8960,#8970,#8972,.T.);
#8970 = VERTEX_POINT('',#8971);
#8971 = CARTESIAN_POINT('',(-35.09010760111,-4.,1.119355453559));
#8972 = LINE('',#8973,#8974);
#8973 = CARTESIAN_POINT('',(-35.09010760111,-8.,1.119355453559));
#8974 = VECTOR('',#8975,1.);
#8975 = DIRECTION('',(0.,1.,0.));
#8976 = ORIENTED_EDGE('',*,*,#8977,.T.);
#8977 = EDGE_CURVE('',#8970,#8978,#8980,.T.);
#8978 = VERTEX_POINT('',#8979);
#8979 = CARTESIAN_POINT('',(-35.17373037173,-4.,1.914972969854));
#8980 = LINE('',#8981,#8982);
#8981 = CARTESIAN_POINT('',(-35.09010760111,-4.,1.119355453559));
#8982 = VECTOR('',#8983,1.);
#8983 = DIRECTION('',(-0.104528463268,0.,0.994521895368));
#8984 = ORIENTED_EDGE('',*,*,#8985,.F.);
#8985 = EDGE_CURVE('',#8962,#8978,#8986,.T.);
#8986 = LINE('',#8987,#8988);
#8987 = CARTESIAN_POINT('',(-35.17373037173,-8.,1.914972969854));
#8988 = VECTOR('',#8989,1.);
#8989 = DIRECTION('',(0.,1.,0.));
#8990 = PLANE('',#8991);
#8991 = AXIS2_PLACEMENT_3D('',#8992,#8993,#8994);
#8992 = CARTESIAN_POINT('',(-35.09010760111,-8.,1.119355453559));
#8993 = DIRECTION('',(0.994521895368,0.,0.104528463268));
#8994 = DIRECTION('',(-0.104528463268,0.,0.994521895368));
#8995 = ADVANCED_FACE('',(#8996),#9030,.T.);
#8996 = FACE_BOUND('',#8997,.T.);
#8997 = EDGE_LOOP('',(#8998,#9008,#9016,#9024));
#8998 = ORIENTED_EDGE('',*,*,#8999,.F.);
#8999 = EDGE_CURVE('',#9000,#9002,#9004,.T.);
#9000 = VERTEX_POINT('',#9001);
#9001 = CARTESIAN_POINT('',(-31.11202001964,-8.,1.53746930663));
#9002 = VERTEX_POINT('',#9003);
#9003 = CARTESIAN_POINT('',(-31.19564279026,-8.,2.333086822924));
#9004 = LINE('',#9005,#9006);
#9005 = CARTESIAN_POINT('',(-31.11202001964,-8.,1.53746930663));
#9006 = VECTOR('',#9007,1.);
#9007 = DIRECTION('',(-0.104528463268,0.,0.994521895368));
#9008 = ORIENTED_EDGE('',*,*,#9009,.T.);
#9009 = EDGE_CURVE('',#9000,#9010,#9012,.T.);
#9010 = VERTEX_POINT('',#9011);
#9011 = CARTESIAN_POINT('',(-31.11202001964,-4.,1.53746930663));
#9012 = LINE('',#9013,#9014);
#9013 = CARTESIAN_POINT('',(-31.11202001964,-8.,1.53746930663));
#9014 = VECTOR('',#9015,1.);
#9015 = DIRECTION('',(0.,1.,0.));
#9016 = ORIENTED_EDGE('',*,*,#9017,.T.);
#9017 = EDGE_CURVE('',#9010,#9018,#9020,.T.);
#9018 = VERTEX_POINT('',#9019);
#9019 = CARTESIAN_POINT('',(-31.19564279026,-4.,2.333086822924));
#9020 = LINE('',#9021,#9022);
#9021 = CARTESIAN_POINT('',(-31.11202001964,-4.,1.53746930663));
#9022 = VECTOR('',#9023,1.);
#9023 = DIRECTION('',(-0.104528463268,0.,0.994521895368));
#9024 = ORIENTED_EDGE('',*,*,#9025,.F.);
#9025 = EDGE_CURVE('',#9002,#9018,#9026,.T.);
#9026 = LINE('',#9027,#9028);
#9027 = CARTESIAN_POINT('',(-31.19564279026,-8.,2.333086822924));
#9028 = VECTOR('',#9029,1.);
#9029 = DIRECTION('',(0.,1.,0.));
#9030 = PLANE('',#9031);
#9031 = AXIS2_PLACEMENT_3D('',#9032,#9033,#9034);
#9032 = CARTESIAN_POINT('',(-31.11202001964,-8.,1.53746930663));
#9033 = DIRECTION('',(0.994521895368,0.,0.104528463268));
#9034 = DIRECTION('',(-0.104528463268,0.,0.994521895368));
#9035 = ADVANCED_FACE('',(#9036),#9052,.F.);
#9036 = FACE_BOUND('',#9037,.F.);
#9037 = EDGE_LOOP('',(#9038,#9044,#9045,#9051));
#9038 = ORIENTED_EDGE('',*,*,#9039,.F.);
#9039 = EDGE_CURVE('',#8960,#9000,#9040,.T.);
#9040 = LINE('',#9041,#9042);
#9041 = CARTESIAN_POINT('',(-35.09010760111,-8.,1.119355453559));
#9042 = VECTOR('',#9043,1.);
#9043 = DIRECTION('',(0.994521895368,0.,0.104528463268));
#9044 = ORIENTED_EDGE('',*,*,#8959,.T.);
#9045 = ORIENTED_EDGE('',*,*,#9046,.T.);
#9046 = EDGE_CURVE('',#8962,#9002,#9047,.T.);
#9047 = LINE('',#9048,#9049);
#9048 = CARTESIAN_POINT('',(-35.17373037173,-8.,1.914972969854));
#9049 = VECTOR('',#9050,1.);
#9050 = DIRECTION('',(0.994521895368,0.,0.104528463268));
#9051 = ORIENTED_EDGE('',*,*,#8999,.F.);
#9052 = PLANE('',#9053);
#9053 = AXIS2_PLACEMENT_3D('',#9054,#9055,#9056);
#9054 = CARTESIAN_POINT('',(-35.09010760111,-8.,1.119355453559));
#9055 = DIRECTION('',(0.,1.,0.));
#9056 = DIRECTION('',(-0.104528463268,0.,0.994521895368));
#9057 = ADVANCED_FACE('',(#9058),#9074,.T.);
#9058 = FACE_BOUND('',#9059,.T.);
#9059 = EDGE_LOOP('',(#9060,#9066,#9067,#9073));
#9060 = ORIENTED_EDGE('',*,*,#9061,.F.);
#9061 = EDGE_CURVE('',#8970,#9010,#9062,.T.);
#9062 = LINE('',#9063,#9064);
#9063 = CARTESIAN_POINT('',(-35.09010760111,-4.,1.119355453559));
#9064 = VECTOR('',#9065,1.);
#9065 = DIRECTION('',(0.994521895368,0.,0.104528463268));
#9066 = ORIENTED_EDGE('',*,*,#8977,.T.);
#9067 = ORIENTED_EDGE('',*,*,#9068,.T.);
#9068 = EDGE_CURVE('',#8978,#9018,#9069,.T.);
#9069 = LINE('',#9070,#9071);
#9070 = CARTESIAN_POINT('',(-35.17373037173,-4.,1.914972969854));
#9071 = VECTOR('',#9072,1.);
#9072 = DIRECTION('',(0.994521895368,0.,0.104528463268));
#9073 = ORIENTED_EDGE('',*,*,#9017,.F.);
#9074 = PLANE('',#9075);
#9075 = AXIS2_PLACEMENT_3D('',#9076,#9077,#9078);
#9076 = CARTESIAN_POINT('',(-35.09010760111,-4.,1.119355453559));
#9077 = DIRECTION('',(0.,1.,0.));
#9078 = DIRECTION('',(-0.104528463268,0.,0.994521895368));
#9079 = ADVANCED_FACE('',(#9080),#9086,.F.);
#9080 = FACE_BOUND('',#9081,.F.);
#9081 = EDGE_LOOP('',(#9082,#9083,#9084,#9085));
#9082 = ORIENTED_EDGE('',*,*,#8969,.F.);
#9083 = ORIENTED_EDGE('',*,*,#9039,.T.);
#9084 = ORIENTED_EDGE('',*,*,#9009,.T.);
#9085 = ORIENTED_EDGE('',*,*,#9061,.F.);
#9086 = PLANE('',#9087);
#9087 = AXIS2_PLACEMENT_3D('',#9088,#9089,#9090);
#9088 = CARTESIAN_POINT('',(-35.09010760111,-8.,1.119355453559));
#9089 = DIRECTION('',(-0.104528463268,0.,0.994521895368));
#9090 = DIRECTION('',(0.994521895368,0.,0.104528463268));
#9091 = ADVANCED_FACE('',(#9092),#9098,.T.);
#9092 = FACE_BOUND('',#9093,.T.);
#9093 = EDGE_LOOP('',(#9094,#9095,#9096,#9097));
#9094 = ORIENTED_EDGE('',*,*,#8985,.F.);
#9095 = ORIENTED_EDGE('',*,*,#9046,.T.);
#9096 = ORIENTED_EDGE('',*,*,#9025,.T.);
#9097 = ORIENTED_EDGE('',*,*,#9068,.F.);
#9098 = PLANE('',#9099);
#9099 = AXIS2_PLACEMENT_3D('',#9100,#9101,#9102);
#9100 = CARTESIAN_POINT('',(-35.17373037173,-8.,1.914972969854));
#9101 = DIRECTION('',(-0.104528463268,0.,0.994521895368));
#9102 = DIRECTION('',(0.994521895368,0.,0.104528463268));
#9103 = MANIFOLD_SOLID_BREP('',#9104);
#9104 = CLOSED_SHELL('',(#9105,#9145,#9185,#9207,#9229,#9241));
#9105 = ADVANCED_FACE('',(#9106),#9140,.F.);
#9106 = FACE_BOUND('',#9107,.F.);
#9107 = EDGE_LOOP('',(#9108,#9118,#9126,#9134));
#9108 = ORIENTED_EDGE('',*,*,#9109,.F.);
#9109 = EDGE_CURVE('',#9110,#9112,#9114,.T.);
#9110 = VERTEX_POINT('',#9111);
#9111 = CARTESIAN_POINT('',(-49.01341413627,4.,-0.344043032188));
#9112 = VERTEX_POINT('',#9113);
#9113 = CARTESIAN_POINT('',(-49.09703690688,4.,0.451574484107));
#9114 = LINE('',#9115,#9116);
#9115 = CARTESIAN_POINT('',(-49.01341413627,4.,-0.344043032188));
#9116 = VECTOR('',#9117,1.);
#9117 = DIRECTION('',(-0.104528463268,0.,0.994521895368));
#9118 = ORIENTED_EDGE('',*,*,#9119,.T.);
#9119 = EDGE_CURVE('',#9110,#9120,#9122,.T.);
#9120 = VERTEX_POINT('',#9121);
#9121 = CARTESIAN_POINT('',(-49.01341413627,8.,-0.344043032188));
#9122 = LINE('',#9123,#9124);
#9123 = CARTESIAN_POINT('',(-49.01341413627,4.,-0.344043032188));
#9124 = VECTOR('',#9125,1.);
#9125 = DIRECTION('',(0.,1.,0.));
#9126 = ORIENTED_EDGE('',*,*,#9127,.T.);
#9127 = EDGE_CURVE('',#9120,#9128,#9130,.T.);
#9128 = VERTEX_POINT('',#9129);
#9129 = CARTESIAN_POINT('',(-49.09703690688,8.,0.451574484107));
#9130 = LINE('',#9131,#9132);
#9131 = CARTESIAN_POINT('',(-49.01341413627,8.,-0.344043032188));
#9132 = VECTOR('',#9133,1.);
#9133 = DIRECTION('',(-0.104528463268,0.,0.994521895368));
#9134 = ORIENTED_EDGE('',*,*,#9135,.F.);
#9135 = EDGE_CURVE('',#9112,#9128,#9136,.T.);
#9136 = LINE('',#9137,#9138);
#9137 = CARTESIAN_POINT('',(-49.09703690688,4.,0.451574484107));
#9138 = VECTOR('',#9139,1.);
#9139 = DIRECTION('',(0.,1.,0.));
#9140 = PLANE('',#9141);
#9141 = AXIS2_PLACEMENT_3D('',#9142,#9143,#9144);
#9142 = CARTESIAN_POINT('',(-49.01341413627,4.,-0.344043032188));
#9143 = DIRECTION('',(0.994521895368,0.,0.104528463268));
#9144 = DIRECTION('',(-0.104528463268,0.,0.994521895368));
#9145 = ADVANCED_FACE('',(#9146),#9180,.T.);
#9146 = FACE_BOUND('',#9147,.T.);
#9147 = EDGE_LOOP('',(#9148,#9158,#9166,#9174));
#9148 = ORIENTED_EDGE('',*,*,#9149,.F.);
#9149 = EDGE_CURVE('',#9150,#9152,#9154,.T.);
#9150 = VERTEX_POINT('',#9151);
#9151 = CARTESIAN_POINT('',(-45.0353265548,4.,7.40708208827E-02));
#9152 = VERTEX_POINT('',#9153);
#9153 = CARTESIAN_POINT('',(-45.11894932541,4.,0.869688337177));
#9154 = LINE('',#9155,#9156);
#9155 = CARTESIAN_POINT('',(-45.0353265548,4.,7.40708208827E-02));
#9156 = VECTOR('',#9157,1.);
#9157 = DIRECTION('',(-0.104528463268,0.,0.994521895368));
#9158 = ORIENTED_EDGE('',*,*,#9159,.T.);
#9159 = EDGE_CURVE('',#9150,#9160,#9162,.T.);
#9160 = VERTEX_POINT('',#9161);
#9161 = CARTESIAN_POINT('',(-45.0353265548,8.,7.40708208827E-02));
#9162 = LINE('',#9163,#9164);
#9163 = CARTESIAN_POINT('',(-45.0353265548,4.,7.40708208827E-02));
#9164 = VECTOR('',#9165,1.);
#9165 = DIRECTION('',(0.,1.,0.));
#9166 = ORIENTED_EDGE('',*,*,#9167,.T.);
#9167 = EDGE_CURVE('',#9160,#9168,#9170,.T.);
#9168 = VERTEX_POINT('',#9169);
#9169 = CARTESIAN_POINT('',(-45.11894932541,8.,0.869688337177));
#9170 = LINE('',#9171,#9172);
#9171 = CARTESIAN_POINT('',(-45.0353265548,8.,7.40708208827E-02));
#9172 = VECTOR('',#9173,1.);
#9173 = DIRECTION('',(-0.104528463268,0.,0.994521895368));
#9174 = ORIENTED_EDGE('',*,*,#9175,.F.);
#9175 = EDGE_CURVE('',#9152,#9168,#9176,.T.);
#9176 = LINE('',#9177,#9178);
#9177 = CARTESIAN_POINT('',(-45.11894932541,4.,0.869688337177));
#9178 = VECTOR('',#9179,1.);
#9179 = DIRECTION('',(0.,1.,0.));
#9180 = PLANE('',#9181);
#9181 = AXIS2_PLACEMENT_3D('',#9182,#9183,#9184);
#9182 = CARTESIAN_POINT('',(-45.0353265548,4.,7.40708208827E-02));
#9183 = DIRECTION('',(0.994521895368,0.,0.104528463268));
#9184 = DIRECTION('',(-0.104528463268,0.,0.994521895368));
#9185 = ADVANCED_FACE('',(#9186),#9202,.F.);
#9186 = FACE_BOUND('',#9187,.F.);
#9187 = EDGE_LOOP('',(#9188,#9194,#9195,#9201));
#9188 = ORIENTED_EDGE('',*,*,#9189,.F.);
#9189 = EDGE_CURVE('',#9110,#9150,#9190,.T.);
#9190 = LINE('',#9191,#9192);
#9191 = CARTESIAN_POINT('',(-49.01341413627,4.,-0.344043032188));
#9192 = VECTOR('',#9193,1.);
#9193 = DIRECTION('',(0.994521895368,0.,0.104528463268));
#9194 = ORIENTED_EDGE('',*,*,#9109,.T.);
#9195 = ORIENTED_EDGE('',*,*,#9196,.T.);
#9196 = EDGE_CURVE('',#9112,#9152,#9197,.T.);
#9197 = LINE('',#9198,#9199);
#9198 = CARTESIAN_POINT('',(-49.09703690688,4.,0.451574484107));
#9199 = VECTOR('',#9200,1.);
#9200 = DIRECTION('',(0.994521895368,0.,0.104528463268));
#9201 = ORIENTED_EDGE('',*,*,#9149,.F.);
#9202 = PLANE('',#9203);
#9203 = AXIS2_PLACEMENT_3D('',#9204,#9205,#9206);
#9204 = CARTESIAN_POINT('',(-49.01341413627,4.,-0.344043032188));
#9205 = DIRECTION('',(0.,1.,0.));
#9206 = DIRECTION('',(-0.104528463268,0.,0.994521895368));
#9207 = ADVANCED_FACE('',(#9208),#9224,.T.);
#9208 = FACE_BOUND('',#9209,.T.);
#9209 = EDGE_LOOP('',(#9210,#9216,#9217,#9223));
#9210 = ORIENTED_EDGE('',*,*,#9211,.F.);
#9211 = EDGE_CURVE('',#9120,#9160,#9212,.T.);
#9212 = LINE('',#9213,#9214);
#9213 = CARTESIAN_POINT('',(-49.01341413627,8.,-0.344043032188));
#9214 = VECTOR('',#9215,1.);
#9215 = DIRECTION('',(0.994521895368,0.,0.104528463268));
#9216 = ORIENTED_EDGE('',*,*,#9127,.T.);
#9217 = ORIENTED_EDGE('',*,*,#9218,.T.);
#9218 = EDGE_CURVE('',#9128,#9168,#9219,.T.);
#9219 = LINE('',#9220,#9221);
#9220 = CARTESIAN_POINT('',(-49.09703690688,8.,0.451574484107));
#9221 = VECTOR('',#9222,1.);
#9222 = DIRECTION('',(0.994521895368,0.,0.104528463268));
#9223 = ORIENTED_EDGE('',*,*,#9167,.F.);
#9224 = PLANE('',#9225);
#9225 = AXIS2_PLACEMENT_3D('',#9226,#9227,#9228);
#9226 = CARTESIAN_POINT('',(-49.01341413627,8.,-0.344043032188));
#9227 = DIRECTION('',(0.,1.,0.));
#9228 = DIRECTION('',(-0.104528463268,0.,0.994521895368));
#9229 = ADVANCED_FACE('',(#9230),#9236,.F.);
#9230 = FACE_BOUND('',#9231,.F.);
#9231 = EDGE_LOOP('',(#9232,#9233,#9234,#9235));
#9232 = ORIENTED_EDGE('',*,*,#9119,.F.);
#9233 = ORIENTED_EDGE('',*,*,#9189,.T.);
#9234 = ORIENTED_EDGE('',*,*,#9159,.T.);
#9235 = ORIENTED_EDGE('',*,*,#9211,.F.);
#9236 = PLANE('',#9237);
#9237 = AXIS2_PLACEMENT_3D('',#9238,#9239,#9240);
#9238 = CARTESIAN_POINT('',(-49.01341413627,4.,-0.344043032188));
#9239 = DIRECTION('',(-0.104528463268,0.,0.994521895368));
#9240 = DIRECTION('',(0.994521895368,0.,0.104528463268));
#9241 = ADVANCED_FACE('',(#9242),#9248,.T.);
#9242 = FACE_BOUND('',#9243,.T.);
#9243 = EDGE_LOOP('',(#9244,#9245,#9246,#9247));
#9244 = ORIENTED_EDGE('',*,*,#9135,.F.);
#9245 = ORIENTED_EDGE('',*,*,#9196,.T.);
#9246 = ORIENTED_EDGE('',*,*,#9175,.T.);
#9247 = ORIENTED_EDGE('',*,*,#9218,.F.);
#9248 = PLANE('',#9249);
#9249 = AXIS2_PLACEMENT_3D('',#9250,#9251,#9252);
#9250 = CARTESIAN_POINT('',(-49.09703690688,4.,0.451574484107));
#9251 = DIRECTION('',(-0.104528463268,0.,0.994521895368));
#9252 = DIRECTION('',(0.994521895368,0.,0.104528463268));
#9253 = MANIFOLD_SOLID_BREP('',#9254);
#9254 = CLOSED_SHELL('',(#9255,#9295,#9335,#9357,#9379,#9391));
#9255 = ADVANCED_FACE('',(#9256),#9290,.F.);
#9256 = FACE_BOUND('',#9257,.F.);
#9257 = EDGE_LOOP('',(#9258,#9268,#9276,#9284));
#9258 = ORIENTED_EDGE('',*,*,#9259,.F.);
#9259 = EDGE_CURVE('',#9260,#9262,#9264,.T.);
#9260 = VERTEX_POINT('',#9261);
#9261 = CARTESIAN_POINT('',(-35.09010760111,4.,1.119355453559));
#9262 = VERTEX_POINT('',#9263);
#9263 = CARTESIAN_POINT('',(-35.17373037173,4.,1.914972969854));
#9264 = LINE('',#9265,#9266);
#9265 = CARTESIAN_POINT('',(-35.09010760111,4.,1.119355453559));
#9266 = VECTOR('',#9267,1.);
#9267 = DIRECTION('',(-0.104528463268,0.,0.994521895368));
#9268 = ORIENTED_EDGE('',*,*,#9269,.T.);
#9269 = EDGE_CURVE('',#9260,#9270,#9272,.T.);
#9270 = VERTEX_POINT('',#9271);
#9271 = CARTESIAN_POINT('',(-35.09010760111,8.,1.119355453559));
#9272 = LINE('',#9273,#9274);
#9273 = CARTESIAN_POINT('',(-35.09010760111,4.,1.119355453559));
#9274 = VECTOR('',#9275,1.);
#9275 = DIRECTION('',(0.,1.,0.));
#9276 = ORIENTED_EDGE('',*,*,#9277,.T.);
#9277 = EDGE_CURVE('',#9270,#9278,#9280,.T.);
#9278 = VERTEX_POINT('',#9279);
#9279 = CARTESIAN_POINT('',(-35.17373037173,8.,1.914972969854));
#9280 = LINE('',#9281,#9282);
#9281 = CARTESIAN_POINT('',(-35.09010760111,8.,1.119355453559));
#9282 = VECTOR('',#9283,1.);
#9283 = DIRECTION('',(-0.104528463268,0.,0.994521895368));
#9284 = ORIENTED_EDGE('',*,*,#9285,.F.);
#9285 = EDGE_CURVE('',#9262,#9278,#9286,.T.);
#9286 = LINE('',#9287,#9288);
#9287 = CARTESIAN_POINT('',(-35.17373037173,4.,1.914972969854));
#9288 = VECTOR('',#9289,1.);
#9289 = DIRECTION('',(0.,1.,0.));
#9290 = PLANE('',#9291);
#9291 = AXIS2_PLACEMENT_3D('',#9292,#9293,#9294);
#9292 = CARTESIAN_POINT('',(-35.09010760111,4.,1.119355453559));
#9293 = DIRECTION('',(0.994521895368,0.,0.104528463268));
#9294 = DIRECTION('',(-0.104528463268,0.,0.994521895368));
#9295 = ADVANCED_FACE('',(#9296),#9330,.T.);
#9296 = FACE_BOUND('',#9297,.T.);
#9297 = EDGE_LOOP('',(#9298,#9308,#9316,#9324));
#9298 = ORIENTED_EDGE('',*,*,#9299,.F.);
#9299 = EDGE_CURVE('',#9300,#9302,#9304,.T.);
#9300 = VERTEX_POINT('',#9301);
#9301 = CARTESIAN_POINT('',(-31.11202001964,4.,1.53746930663));
#9302 = VERTEX_POINT('',#9303);
#9303 = CARTESIAN_POINT('',(-31.19564279026,4.,2.333086822924));
#9304 = LINE('',#9305,#9306);
#9305 = CARTESIAN_POINT('',(-31.11202001964,4.,1.53746930663));
#9306 = VECTOR('',#9307,1.);
#9307 = DIRECTION('',(-0.104528463268,0.,0.994521895368));
#9308 = ORIENTED_EDGE('',*,*,#9309,.T.);
#9309 = EDGE_CURVE('',#9300,#9310,#9312,.T.);
#9310 = VERTEX_POINT('',#9311);
#9311 = CARTESIAN_POINT('',(-31.11202001964,8.,1.53746930663));
#9312 = LINE('',#9313,#9314);
#9313 = CARTESIAN_POINT('',(-31.11202001964,4.,1.53746930663));
#9314 = VECTOR('',#9315,1.);
#9315 = DIRECTION('',(0.,1.,0.));
#9316 = ORIENTED_EDGE('',*,*,#9317,.T.);
#9317 = EDGE_CURVE('',#9310,#9318,#9320,.T.);
#9318 = VERTEX_POINT('',#9319);
#9319 = CARTESIAN_POINT('',(-31.19564279026,8.,2.333086822924));
#9320 = LINE('',#9321,#9322);
#9321 = CARTESIAN_POINT('',(-31.11202001964,8.,1.53746930663));
#9322 = VECTOR('',#9323,1.);
#9323 = DIRECTION('',(-0.104528463268,0.,0.994521895368));
#9324 = ORIENTED_EDGE('',*,*,#9325,.F.);
#9325 = EDGE_CURVE('',#9302,#9318,#9326,.T.);
#9326 = LINE('',#9327,#9328);
#9327 = CARTESIAN_POINT('',(-31.19564279026,4.,2.333086822924));
#9328 = VECTOR('',#9329,1.);
#9329 = DIRECTION('',(0.,1.,0.));
#9330 = PLANE('',#9331);
#9331 = AXIS2_PLACEMENT_3D('',#9332,#9333,#9334);
#9332 = CARTESIAN_POINT('',(-31.11202001964,4.,1.53746930663));
#9333 = DIRECTION('',(0.994521895368,0.,0.104528463268));
#9334 = DIRECTION('',(-0.104528463268,0.,0.994521895368));
#9335 = ADVANCED_FACE('',(#9336),#9352,.F.);
#9336 = FACE_BOUND('',#9337,.F.);
#9337 = EDGE_LOOP('',(#9338,#9344,#9345,#9351));
#9338 = ORIENTED_EDGE('',*,*,#9339,.F.);
#9339 = EDGE_CURVE('',#9260,#9300,#9340,.T.);
#9340 = LINE('',#9341,#9342);
#9341 = CARTESIAN_POINT('',(-35.09010760111,4.,1.119355453559));
#9342 = VECTOR('',#9343,1.);
#9343 = DIRECTION('',(0.994521895368,0.,0.104528463268));
#9344 = ORIENTED_EDGE('',*,*,#9259,.T.);
#9345 = ORIENTED_EDGE('',*,*,#9346,.T.);
#9346 = EDGE_CURVE('',#9262,#9302,#9347,.T.);
#9347 = LINE('',#9348,#9349);
#9348 = CARTESIAN_POINT('',(-35.17373037173,4.,1.914972969854));
#9349 = VECTOR('',#9350,1.);
#9350 = DIRECTION('',(0.994521895368,0.,0.104528463268));
#9351 = ORIENTED_EDGE('',*,*,#9299,.F.);
#9352 = PLANE('',#9353);
#9353 = AXIS2_PLACEMENT_3D('',#9354,#9355,#9356);
#9354 = CARTESIAN_POINT('',(-35.09010760111,4.,1.119355453559));
#9355 = DIRECTION('',(0.,1.,0.));
#9356 = DIRECTION('',(-0.104528463268,0.,0.994521895368));
#9357 = ADVANCED_FACE('',(#9358),#9374,.T.);
#9358 = FACE_BOUND('',#9359,.T.);
#9359 = EDGE_LOOP('',(#9360,#9366,#9367,#9373));
#9360 = ORIENTED_EDGE('',*,*,#9361,.F.);
#9361 = EDGE_CURVE('',#9270,#9310,#9362,.T.);
#9362 = LINE('',#9363,#9364);
#9363 = CARTESIAN_POINT('',(-35.09010760111,8.,1.119355453559));
#9364 = VECTOR('',#9365,1.);
#9365 = DIRECTION('',(0.994521895368,0.,0.104528463268));
#9366 = ORIENTED_EDGE('',*,*,#9277,.T.);
#9367 = ORIENTED_EDGE('',*,*,#9368,.T.);
#9368 = EDGE_CURVE('',#9278,#9318,#9369,.T.);
#9369 = LINE('',#9370,#9371);
#9370 = CARTESIAN_POINT('',(-35.17373037173,8.,1.914972969854));
#9371 = VECTOR('',#9372,1.);
#9372 = DIRECTION('',(0.994521895368,0.,0.104528463268));
#9373 = ORIENTED_EDGE('',*,*,#9317,.F.);
#9374 = PLANE('',#9375);
#9375 = AXIS2_PLACEMENT_3D('',#9376,#9377,#9378);
#9376 = CARTESIAN_POINT('',(-35.09010760111,8.,1.119355453559));
#9377 = DIRECTION('',(0.,1.,0.));
#9378 = DIRECTION('',(-0.104528463268,0.,0.994521895368));
#9379 = ADVANCED_FACE('',(#9380),#9386,.F.);
#9380 = FACE_BOUND('',#9381,.F.);
#9381 = EDGE_LOOP('',(#9382,#9383,#9384,#9385));
#9382 = ORIENTED_EDGE('',*,*,#9269,.F.);
#9383 = ORIENTED_EDGE('',*,*,#9339,.T.);
#9384 = ORIENTED_EDGE('',*,*,#9309,.T.);
#9385 = ORIENTED_EDGE('',*,*,#9361,.F.);
#9386 = PLANE('',#9387);
#9387 = AXIS2_PLACEMENT_3D('',#9388,#9389,#9390);
#9388 = CARTESIAN_POINT('',(-35.09010760111,4.,1.119355453559));
#9389 = DIRECTION('',(-0.104528463268,0.,0.994521895368));
#9390 = DIRECTION('',(0.994521895368,0.,0.104528463268));
#9391 = ADVANCED_FACE('',(#9392),#9398,.T.);
#9392 = FACE_BOUND('',#9393,.T.);
#9393 = EDGE_LOOP('',(#9394,#9395,#9396,#9397));
#9394 = ORIENTED_EDGE('',*,*,#9285,.F.);
#9395 = ORIENTED_EDGE('',*,*,#9346,.T.);
#9396 = ORIENTED_EDGE('',*,*,#9325,.T.);
#9397 = ORIENTED_EDGE('',*,*,#9368,.F.);
#9398 = PLANE('',#9399);
#9399 = AXIS2_PLACEMENT_3D('',#9400,#9401,#9402);
#9400 = CARTESIAN_POINT('',(-35.17373037173,4.,1.914972969854));
#9401 = DIRECTION('',(-0.104528463268,0.,0.994521895368));
#9402 = DIRECTION('',(0.994521895368,0.,0.104528463268));
#9403 = ( GEOMETRIC_REPRESENTATION_CONTEXT(3) 
GLOBAL_UNCERTAINTY_ASSIGNED_CONTEXT((#9407)) 
GLOBAL_UNIT_ASSIGNED_CONTEXT((#9404,#9405,#9406)) REPRESENTATION_CONTEXT
('Context #1','3D Context with UNIT and UNCERTAINTY') );
#9404 = ( LENGTH_UNIT() NAMED_UNIT(*) SI_UNIT(.MILLI.,.METRE.) );
#9405 = ( NAMED_UNIT(*) PLANE_ANGLE_UNIT() SI_UNIT($,.RADIAN.) );
#9406 = ( NAMED_UNIT(*) SI_UNIT($,.STERADIAN.) SOLID_ANGLE_UNIT() );
#9407 = UNCERTAINTY_MEASURE_WITH_UNIT(LENGTH_MEASURE(1.E-07),#9404,
  'distance_accuracy_value','confusion accuracy');
#9408 = CONTEXT_DEPENDENT_SHAPE_REPRESENTATION(#9409,#9411);
#9409 = ( REPRESENTATION_RELATIONSHIP('','',#8802,#10) 
REPRESENTATION_RELATIONSHIP_WITH_TRANSFORMATION(#9410) 
SHAPE_REPRESENTATION_RELATIONSHIP() );
#9410 = ITEM_DEFINED_TRANSFORMATION('','',#11,#63);
#9411 = PRODUCT_DEFINITION_SHAPE('Placement','Placement of an item',
  #9412);
#9412 = NEXT_ASSEMBLY_USAGE_OCCURRENCE('13','Left Poron supports','',#5,
  #8797,$);
#9413 = PRODUCT_RELATED_PRODUCT_CATEGORY('part',$,(#8799));
#9414 = SHAPE_DEFINITION_REPRESENTATION(#9415,#9421);
#9415 = PRODUCT_DEFINITION_SHAPE('','',#9416);
#9416 = PRODUCT_DEFINITION('design','',#9417,#9420);
#9417 = PRODUCT_DEFINITION_FORMATION('','',#9418);
#9418 = PRODUCT('Left optional magnet envelopes',
  'Left optional magnet envelopes','',(#9419));
#9419 = PRODUCT_CONTEXT('',#2,'mechanical');
#9420 = PRODUCT_DEFINITION_CONTEXT('part definition',#2,'design');
#9421 = SHAPE_REPRESENTATION('',(#11,#9422,#9475),#9528);
#9422 = MANIFOLD_SOLID_BREP('',#9423);
#9423 = CLOSED_SHELL('',(#9424,#9457,#9466));
#9424 = ADVANCED_FACE('',(#9425),#9452,.T.);
#9425 = FACE_BOUND('',#9426,.T.);
#9426 = EDGE_LOOP('',(#9427,#9436,#9444,#9451));
#9427 = ORIENTED_EDGE('',*,*,#9428,.F.);
#9428 = EDGE_CURVE('',#9429,#9429,#9431,.T.);
#9429 = VERTEX_POINT('',#9430);
#9430 = CARTESIAN_POINT('',(-38.13639036518,-5.5,1.402483200977));
#9431 = CIRCLE('',#9432,2.);
#9432 = AXIS2_PLACEMENT_3D('',#9433,#9434,#9435);
#9433 = CARTESIAN_POINT('',(-40.12543415592,-5.5,1.193426274442));
#9434 = DIRECTION('',(-0.104528463268,0.,0.994521895368));
#9435 = DIRECTION('',(0.994521895368,0.,0.104528463268));
#9436 = ORIENTED_EDGE('',*,*,#9437,.F.);
#9437 = EDGE_CURVE('',#9438,#9429,#9440,.T.);
#9438 = VERTEX_POINT('',#9439);
#9439 = CARTESIAN_POINT('',(-37.92733343864,-5.5,-0.586560589759));
#9440 = LINE('',#9441,#9442);
#9441 = CARTESIAN_POINT('',(-37.92733343864,-5.5,-0.586560589759));
#9442 = VECTOR('',#9443,1.);
#9443 = DIRECTION('',(-0.104528463268,0.,0.994521895368));
#9444 = ORIENTED_EDGE('',*,*,#9445,.T.);
#9445 = EDGE_CURVE('',#9438,#9438,#9446,.T.);
#9446 = CIRCLE('',#9447,2.);
#9447 = AXIS2_PLACEMENT_3D('',#9448,#9449,#9450);
#9448 = CARTESIAN_POINT('',(-39.91637722938,-5.5,-0.795617516295));
#9449 = DIRECTION('',(-0.104528463268,0.,0.994521895368));
#9450 = DIRECTION('',(0.994521895368,0.,0.104528463268));
#9451 = ORIENTED_EDGE('',*,*,#9437,.T.);
#9452 = CYLINDRICAL_SURFACE('',#9453,2.);
#9453 = AXIS2_PLACEMENT_3D('',#9454,#9455,#9456);
#9454 = CARTESIAN_POINT('',(-39.91637722938,-5.5,-0.795617516295));
#9455 = DIRECTION('',(-0.104528463268,0.,0.994521895368));
#9456 = DIRECTION('',(0.994521895368,0.,0.104528463268));
#9457 = ADVANCED_FACE('',(#9458),#9461,.T.);
#9458 = FACE_BOUND('',#9459,.T.);
#9459 = EDGE_LOOP('',(#9460));
#9460 = ORIENTED_EDGE('',*,*,#9428,.T.);
#9461 = PLANE('',#9462);
#9462 = AXIS2_PLACEMENT_3D('',#9463,#9464,#9465);
#9463 = CARTESIAN_POINT('',(-40.12543415592,-5.5,1.193426274442));
#9464 = DIRECTION('',(-0.104528463268,0.,0.994521895368));
#9465 = DIRECTION('',(0.994521895368,0.,0.104528463268));
#9466 = ADVANCED_FACE('',(#9467),#9470,.F.);
#9467 = FACE_BOUND('',#9468,.T.);
#9468 = EDGE_LOOP('',(#9469));
#9469 = ORIENTED_EDGE('',*,*,#9445,.F.);
#9470 = PLANE('',#9471);
#9471 = AXIS2_PLACEMENT_3D('',#9472,#9473,#9474);
#9472 = CARTESIAN_POINT('',(-39.91637722938,-5.5,-0.795617516295));
#9473 = DIRECTION('',(-0.104528463268,0.,0.994521895368));
#9474 = DIRECTION('',(0.994521895368,0.,0.104528463268));
#9475 = MANIFOLD_SOLID_BREP('',#9476);
#9476 = CLOSED_SHELL('',(#9477,#9510,#9519));
#9477 = ADVANCED_FACE('',(#9478),#9505,.T.);
#9478 = FACE_BOUND('',#9479,.T.);
#9479 = EDGE_LOOP('',(#9480,#9489,#9497,#9504));
#9480 = ORIENTED_EDGE('',*,*,#9481,.F.);
#9481 = EDGE_CURVE('',#9482,#9482,#9484,.T.);
#9482 = VERTEX_POINT('',#9483);
#9483 = CARTESIAN_POINT('',(-38.13639036518,5.5,1.402483200977));
#9484 = CIRCLE('',#9485,2.);
#9485 = AXIS2_PLACEMENT_3D('',#9486,#9487,#9488);
#9486 = CARTESIAN_POINT('',(-40.12543415592,5.5,1.193426274442));
#9487 = DIRECTION('',(-0.104528463268,0.,0.994521895368));
#9488 = DIRECTION('',(0.994521895368,0.,0.104528463268));
#9489 = ORIENTED_EDGE('',*,*,#9490,.F.);
#9490 = EDGE_CURVE('',#9491,#9482,#9493,.T.);
#9491 = VERTEX_POINT('',#9492);
#9492 = CARTESIAN_POINT('',(-37.92733343864,5.5,-0.586560589759));
#9493 = LINE('',#9494,#9495);
#9494 = CARTESIAN_POINT('',(-37.92733343864,5.5,-0.586560589759));
#9495 = VECTOR('',#9496,1.);
#9496 = DIRECTION('',(-0.104528463268,0.,0.994521895368));
#9497 = ORIENTED_EDGE('',*,*,#9498,.T.);
#9498 = EDGE_CURVE('',#9491,#9491,#9499,.T.);
#9499 = CIRCLE('',#9500,2.);
#9500 = AXIS2_PLACEMENT_3D('',#9501,#9502,#9503);
#9501 = CARTESIAN_POINT('',(-39.91637722938,5.5,-0.795617516295));
#9502 = DIRECTION('',(-0.104528463268,0.,0.994521895368));
#9503 = DIRECTION('',(0.994521895368,0.,0.104528463268));
#9504 = ORIENTED_EDGE('',*,*,#9490,.T.);
#9505 = CYLINDRICAL_SURFACE('',#9506,2.);
#9506 = AXIS2_PLACEMENT_3D('',#9507,#9508,#9509);
#9507 = CARTESIAN_POINT('',(-39.91637722938,5.5,-0.795617516295));
#9508 = DIRECTION('',(-0.104528463268,0.,0.994521895368));
#9509 = DIRECTION('',(0.994521895368,0.,0.104528463268));
#9510 = ADVANCED_FACE('',(#9511),#9514,.T.);
#9511 = FACE_BOUND('',#9512,.T.);
#9512 = EDGE_LOOP('',(#9513));
#9513 = ORIENTED_EDGE('',*,*,#9481,.T.);
#9514 = PLANE('',#9515);
#9515 = AXIS2_PLACEMENT_3D('',#9516,#9517,#9518);
#9516 = CARTESIAN_POINT('',(-40.12543415592,5.5,1.193426274442));
#9517 = DIRECTION('',(-0.104528463268,0.,0.994521895368));
#9518 = DIRECTION('',(0.994521895368,0.,0.104528463268));
#9519 = ADVANCED_FACE('',(#9520),#9523,.F.);
#9520 = FACE_BOUND('',#9521,.T.);
#9521 = EDGE_LOOP('',(#9522));
#9522 = ORIENTED_EDGE('',*,*,#9498,.F.);
#9523 = PLANE('',#9524);
#9524 = AXIS2_PLACEMENT_3D('',#9525,#9526,#9527);
#9525 = CARTESIAN_POINT('',(-39.91637722938,5.5,-0.795617516295));
#9526 = DIRECTION('',(-0.104528463268,0.,0.994521895368));
#9527 = DIRECTION('',(0.994521895368,0.,0.104528463268));
#9528 = ( GEOMETRIC_REPRESENTATION_CONTEXT(3) 
GLOBAL_UNCERTAINTY_ASSIGNED_CONTEXT((#9532)) 
GLOBAL_UNIT_ASSIGNED_CONTEXT((#9529,#9530,#9531)) REPRESENTATION_CONTEXT
('Context #1','3D Context with UNIT and UNCERTAINTY') );
#9529 = ( LENGTH_UNIT() NAMED_UNIT(*) SI_UNIT(.MILLI.,.METRE.) );
#9530 = ( NAMED_UNIT(*) PLANE_ANGLE_UNIT() SI_UNIT($,.RADIAN.) );
#9531 = ( NAMED_UNIT(*) SI_UNIT($,.STERADIAN.) SOLID_ANGLE_UNIT() );
#9532 = UNCERTAINTY_MEASURE_WITH_UNIT(LENGTH_MEASURE(1.E-07),#9529,
  'distance_accuracy_value','confusion accuracy');
#9533 = CONTEXT_DEPENDENT_SHAPE_REPRESENTATION(#9534,#9536);
#9534 = ( REPRESENTATION_RELATIONSHIP('','',#9421,#10) 
REPRESENTATION_RELATIONSHIP_WITH_TRANSFORMATION(#9535) 
SHAPE_REPRESENTATION_RELATIONSHIP() );
#9535 = ITEM_DEFINED_TRANSFORMATION('','',#11,#67);
#9536 = PRODUCT_DEFINITION_SHAPE('Placement','Placement of an item',
  #9537);
#9537 = NEXT_ASSEMBLY_USAGE_OCCURRENCE('14',
  'Left optional magnet envelopes','',#5,#9416,$);
#9538 = PRODUCT_RELATED_PRODUCT_CATEGORY('part',$,(#9418));
#9539 = SHAPE_DEFINITION_REPRESENTATION(#9540,#9546);
#9540 = PRODUCT_DEFINITION_SHAPE('','',#9541);
#9541 = PRODUCT_DEFINITION('design','',#9542,#9545);
#9542 = PRODUCT_DEFINITION_FORMATION('','',#9543);
#9543 = PRODUCT('Left fixed-angle bridge ribs',
  'Left fixed-angle bridge ribs','',(#9544));
#9544 = PRODUCT_CONTEXT('',#2,'mechanical');
#9545 = PRODUCT_DEFINITION_CONTEXT('part definition',#2,'design');
#9546 = SHAPE_REPRESENTATION('',(#11,#9547,#9697),#9847);
#9547 = MANIFOLD_SOLID_BREP('',#9548);
#9548 = CLOSED_SHELL('',(#9549,#9589,#9620,#9651,#9673,#9685));
#9549 = ADVANCED_FACE('',(#9550),#9584,.T.);
#9550 = FACE_BOUND('',#9551,.T.);
#9551 = EDGE_LOOP('',(#9552,#9562,#9570,#9578));
#9552 = ORIENTED_EDGE('',*,*,#9553,.T.);
#9553 = EDGE_CURVE('',#9554,#9556,#9558,.T.);
#9554 = VERTEX_POINT('',#9555);
#9555 = CARTESIAN_POINT('',(-32.,-12.,0.));
#9556 = VERTEX_POINT('',#9557);
#9557 = CARTESIAN_POINT('',(-32.,-8.,0.));
#9558 = LINE('',#9559,#9560);
#9559 = CARTESIAN_POINT('',(-32.,-12.,0.));
#9560 = VECTOR('',#9561,1.);
#9561 = DIRECTION('',(0.,1.,0.));
#9562 = ORIENTED_EDGE('',*,*,#9563,.T.);
#9563 = EDGE_CURVE('',#9556,#9564,#9566,.T.);
#9564 = VERTEX_POINT('',#9565);
#9565 = CARTESIAN_POINT('',(-14.5,-8.,1.839324117149));
#9566 = LINE('',#9567,#9568);
#9567 = CARTESIAN_POINT('',(-32.,-8.,0.));
#9568 = VECTOR('',#9569,1.);
#9569 = DIRECTION('',(0.994521895368,0.,0.104528463268));
#9570 = ORIENTED_EDGE('',*,*,#9571,.F.);
#9571 = EDGE_CURVE('',#9572,#9564,#9574,.T.);
#9572 = VERTEX_POINT('',#9573);
#9573 = CARTESIAN_POINT('',(-14.5,-12.,1.839324117149));
#9574 = LINE('',#9575,#9576);
#9575 = CARTESIAN_POINT('',(-14.5,-12.,1.839324117149));
#9576 = VECTOR('',#9577,1.);
#9577 = DIRECTION('',(0.,1.,0.));
#9578 = ORIENTED_EDGE('',*,*,#9579,.F.);
#9579 = EDGE_CURVE('',#9554,#9572,#9580,.T.);
#9580 = LINE('',#9581,#9582);
#9581 = CARTESIAN_POINT('',(-32.,-12.,0.));
#9582 = VECTOR('',#9583,1.);
#9583 = DIRECTION('',(0.994521895368,0.,0.104528463268));
#9584 = PLANE('',#9585);
#9585 = AXIS2_PLACEMENT_3D('',#9586,#9587,#9588);
#9586 = CARTESIAN_POINT('',(-32.,-12.,0.));
#9587 = DIRECTION('',(0.104528463268,0.,-0.994521895368));
#9588 = DIRECTION('',(0.994521895368,0.,0.104528463268));
#9589 = ADVANCED_FACE('',(#9590),#9615,.T.);
#9590 = FACE_BOUND('',#9591,.T.);
#9591 = EDGE_LOOP('',(#9592,#9593,#9601,#9609));
#9592 = ORIENTED_EDGE('',*,*,#9571,.T.);
#9593 = ORIENTED_EDGE('',*,*,#9594,.T.);
#9594 = EDGE_CURVE('',#9564,#9595,#9597,.T.);
#9595 = VERTEX_POINT('',#9596);
#9596 = CARTESIAN_POINT('',(-14.5,-8.,4.239324117149));
#9597 = LINE('',#9598,#9599);
#9598 = CARTESIAN_POINT('',(-14.5,-8.,1.839324117149));
#9599 = VECTOR('',#9600,1.);
#9600 = DIRECTION('',(0.,0.,1.));
#9601 = ORIENTED_EDGE('',*,*,#9602,.F.);
#9602 = EDGE_CURVE('',#9603,#9595,#9605,.T.);
#9603 = VERTEX_POINT('',#9604);
#9604 = CARTESIAN_POINT('',(-14.5,-12.,4.239324117149));
#9605 = LINE('',#9606,#9607);
#9606 = CARTESIAN_POINT('',(-14.5,-12.,4.239324117149));
#9607 = VECTOR('',#9608,1.);
#9608 = DIRECTION('',(0.,1.,0.));
#9609 = ORIENTED_EDGE('',*,*,#9610,.F.);
#9610 = EDGE_CURVE('',#9572,#9603,#9611,.T.);
#9611 = LINE('',#9612,#9613);
#9612 = CARTESIAN_POINT('',(-14.5,-12.,1.839324117149));
#9613 = VECTOR('',#9614,1.);
#9614 = DIRECTION('',(0.,0.,1.));
#9615 = PLANE('',#9616);
#9616 = AXIS2_PLACEMENT_3D('',#9617,#9618,#9619);
#9617 = CARTESIAN_POINT('',(-14.5,-12.,1.839324117149));
#9618 = DIRECTION('',(1.,0.,0.));
#9619 = DIRECTION('',(0.,0.,1.));
#9620 = ADVANCED_FACE('',(#9621),#9646,.T.);
#9621 = FACE_BOUND('',#9622,.T.);
#9622 = EDGE_LOOP('',(#9623,#9624,#9632,#9640));
#9623 = ORIENTED_EDGE('',*,*,#9602,.T.);
#9624 = ORIENTED_EDGE('',*,*,#9625,.T.);
#9625 = EDGE_CURVE('',#9595,#9626,#9628,.T.);
#9626 = VERTEX_POINT('',#9627);
#9627 = CARTESIAN_POINT('',(-32.,-8.,2.4));
#9628 = LINE('',#9629,#9630);
#9629 = CARTESIAN_POINT('',(-14.5,-8.,4.239324117149));
#9630 = VECTOR('',#9631,1.);
#9631 = DIRECTION('',(-0.994521895368,0.,-0.104528463268));
#9632 = ORIENTED_EDGE('',*,*,#9633,.F.);
#9633 = EDGE_CURVE('',#9634,#9626,#9636,.T.);
#9634 = VERTEX_POINT('',#9635);
#9635 = CARTESIAN_POINT('',(-32.,-12.,2.4));
#9636 = LINE('',#9637,#9638);
#9637 = CARTESIAN_POINT('',(-32.,-12.,2.4));
#9638 = VECTOR('',#9639,1.);
#9639 = DIRECTION('',(0.,1.,0.));
#9640 = ORIENTED_EDGE('',*,*,#9641,.F.);
#9641 = EDGE_CURVE('',#9603,#9634,#9642,.T.);
#9642 = LINE('',#9643,#9644);
#9643 = CARTESIAN_POINT('',(-14.5,-12.,4.239324117149));
#9644 = VECTOR('',#9645,1.);
#9645 = DIRECTION('',(-0.994521895368,0.,-0.104528463268));
#9646 = PLANE('',#9647);
#9647 = AXIS2_PLACEMENT_3D('',#9648,#9649,#9650);
#9648 = CARTESIAN_POINT('',(-14.5,-12.,4.239324117149));
#9649 = DIRECTION('',(-0.104528463268,0.,0.994521895368));
#9650 = DIRECTION('',(-0.994521895368,0.,-0.104528463268));
#9651 = ADVANCED_FACE('',(#9652),#9668,.T.);
#9652 = FACE_BOUND('',#9653,.T.);
#9653 = EDGE_LOOP('',(#9654,#9655,#9661,#9662));
#9654 = ORIENTED_EDGE('',*,*,#9633,.T.);
#9655 = ORIENTED_EDGE('',*,*,#9656,.T.);
#9656 = EDGE_CURVE('',#9626,#9556,#9657,.T.);
#9657 = LINE('',#9658,#9659);
#9658 = CARTESIAN_POINT('',(-32.,-8.,2.4));
#9659 = VECTOR('',#9660,1.);
#9660 = DIRECTION('',(0.,0.,-1.));
#9661 = ORIENTED_EDGE('',*,*,#9553,.F.);
#9662 = ORIENTED_EDGE('',*,*,#9663,.F.);
#9663 = EDGE_CURVE('',#9634,#9554,#9664,.T.);
#9664 = LINE('',#9665,#9666);
#9665 = CARTESIAN_POINT('',(-32.,-12.,2.4));
#9666 = VECTOR('',#9667,1.);
#9667 = DIRECTION('',(0.,0.,-1.));
#9668 = PLANE('',#9669);
#9669 = AXIS2_PLACEMENT_3D('',#9670,#9671,#9672);
#9670 = CARTESIAN_POINT('',(-32.,-12.,2.4));
#9671 = DIRECTION('',(-1.,0.,0.));
#9672 = DIRECTION('',(0.,0.,-1.));
#9673 = ADVANCED_FACE('',(#9674),#9680,.T.);
#9674 = FACE_BOUND('',#9675,.T.);
#9675 = EDGE_LOOP('',(#9676,#9677,#9678,#9679));
#9676 = ORIENTED_EDGE('',*,*,#9579,.T.);
#9677 = ORIENTED_EDGE('',*,*,#9610,.T.);
#9678 = ORIENTED_EDGE('',*,*,#9641,.T.);
#9679 = ORIENTED_EDGE('',*,*,#9663,.T.);
#9680 = PLANE('',#9681);
#9681 = AXIS2_PLACEMENT_3D('',#9682,#9683,#9684);
#9682 = CARTESIAN_POINT('',(-23.25,-12.,2.119662058575));
#9683 = DIRECTION('',(-0.,-1.,-0.));
#9684 = DIRECTION('',(0.,0.,-1.));
#9685 = ADVANCED_FACE('',(#9686),#9692,.F.);
#9686 = FACE_BOUND('',#9687,.F.);
#9687 = EDGE_LOOP('',(#9688,#9689,#9690,#9691));
#9688 = ORIENTED_EDGE('',*,*,#9563,.T.);
#9689 = ORIENTED_EDGE('',*,*,#9594,.T.);
#9690 = ORIENTED_EDGE('',*,*,#9625,.T.);
#9691 = ORIENTED_EDGE('',*,*,#9656,.T.);
#9692 = PLANE('',#9693);
#9693 = AXIS2_PLACEMENT_3D('',#9694,#9695,#9696);
#9694 = CARTESIAN_POINT('',(-23.25,-8.,2.119662058575));
#9695 = DIRECTION('',(-0.,-1.,-0.));
#9696 = DIRECTION('',(0.,0.,-1.));
#9697 = MANIFOLD_SOLID_BREP('',#9698);
#9698 = CLOSED_SHELL('',(#9699,#9739,#9770,#9801,#9823,#9835));
#9699 = ADVANCED_FACE('',(#9700),#9734,.T.);
#9700 = FACE_BOUND('',#9701,.T.);
#9701 = EDGE_LOOP('',(#9702,#9712,#9720,#9728));
#9702 = ORIENTED_EDGE('',*,*,#9703,.T.);
#9703 = EDGE_CURVE('',#9704,#9706,#9708,.T.);
#9704 = VERTEX_POINT('',#9705);
#9705 = CARTESIAN_POINT('',(-32.,8.,0.));
#9706 = VERTEX_POINT('',#9707);
#9707 = CARTESIAN_POINT('',(-32.,12.,0.));
#9708 = LINE('',#9709,#9710);
#9709 = CARTESIAN_POINT('',(-32.,8.,0.));
#9710 = VECTOR('',#9711,1.);
#9711 = DIRECTION('',(0.,1.,0.));
#9712 = ORIENTED_EDGE('',*,*,#9713,.T.);
#9713 = EDGE_CURVE('',#9706,#9714,#9716,.T.);
#9714 = VERTEX_POINT('',#9715);
#9715 = CARTESIAN_POINT('',(-14.5,12.,1.839324117149));
#9716 = LINE('',#9717,#9718);
#9717 = CARTESIAN_POINT('',(-32.,12.,0.));
#9718 = VECTOR('',#9719,1.);
#9719 = DIRECTION('',(0.994521895368,0.,0.104528463268));
#9720 = ORIENTED_EDGE('',*,*,#9721,.F.);
#9721 = EDGE_CURVE('',#9722,#9714,#9724,.T.);
#9722 = VERTEX_POINT('',#9723);
#9723 = CARTESIAN_POINT('',(-14.5,8.,1.839324117149));
#9724 = LINE('',#9725,#9726);
#9725 = CARTESIAN_POINT('',(-14.5,8.,1.839324117149));
#9726 = VECTOR('',#9727,1.);
#9727 = DIRECTION('',(0.,1.,0.));
#9728 = ORIENTED_EDGE('',*,*,#9729,.F.);
#9729 = EDGE_CURVE('',#9704,#9722,#9730,.T.);
#9730 = LINE('',#9731,#9732);
#9731 = CARTESIAN_POINT('',(-32.,8.,0.));
#9732 = VECTOR('',#9733,1.);
#9733 = DIRECTION('',(0.994521895368,0.,0.104528463268));
#9734 = PLANE('',#9735);
#9735 = AXIS2_PLACEMENT_3D('',#9736,#9737,#9738);
#9736 = CARTESIAN_POINT('',(-32.,8.,0.));
#9737 = DIRECTION('',(0.104528463268,0.,-0.994521895368));
#9738 = DIRECTION('',(0.994521895368,0.,0.104528463268));
#9739 = ADVANCED_FACE('',(#9740),#9765,.T.);
#9740 = FACE_BOUND('',#9741,.T.);
#9741 = EDGE_LOOP('',(#9742,#9743,#9751,#9759));
#9742 = ORIENTED_EDGE('',*,*,#9721,.T.);
#9743 = ORIENTED_EDGE('',*,*,#9744,.T.);
#9744 = EDGE_CURVE('',#9714,#9745,#9747,.T.);
#9745 = VERTEX_POINT('',#9746);
#9746 = CARTESIAN_POINT('',(-14.5,12.,4.239324117149));
#9747 = LINE('',#9748,#9749);
#9748 = CARTESIAN_POINT('',(-14.5,12.,1.839324117149));
#9749 = VECTOR('',#9750,1.);
#9750 = DIRECTION('',(0.,0.,1.));
#9751 = ORIENTED_EDGE('',*,*,#9752,.F.);
#9752 = EDGE_CURVE('',#9753,#9745,#9755,.T.);
#9753 = VERTEX_POINT('',#9754);
#9754 = CARTESIAN_POINT('',(-14.5,8.,4.239324117149));
#9755 = LINE('',#9756,#9757);
#9756 = CARTESIAN_POINT('',(-14.5,8.,4.239324117149));
#9757 = VECTOR('',#9758,1.);
#9758 = DIRECTION('',(0.,1.,0.));
#9759 = ORIENTED_EDGE('',*,*,#9760,.F.);
#9760 = EDGE_CURVE('',#9722,#9753,#9761,.T.);
#9761 = LINE('',#9762,#9763);
#9762 = CARTESIAN_POINT('',(-14.5,8.,1.839324117149));
#9763 = VECTOR('',#9764,1.);
#9764 = DIRECTION('',(0.,0.,1.));
#9765 = PLANE('',#9766);
#9766 = AXIS2_PLACEMENT_3D('',#9767,#9768,#9769);
#9767 = CARTESIAN_POINT('',(-14.5,8.,1.839324117149));
#9768 = DIRECTION('',(1.,0.,0.));
#9769 = DIRECTION('',(0.,0.,1.));
#9770 = ADVANCED_FACE('',(#9771),#9796,.T.);
#9771 = FACE_BOUND('',#9772,.T.);
#9772 = EDGE_LOOP('',(#9773,#9774,#9782,#9790));
#9773 = ORIENTED_EDGE('',*,*,#9752,.T.);
#9774 = ORIENTED_EDGE('',*,*,#9775,.T.);
#9775 = EDGE_CURVE('',#9745,#9776,#9778,.T.);
#9776 = VERTEX_POINT('',#9777);
#9777 = CARTESIAN_POINT('',(-32.,12.,2.4));
#9778 = LINE('',#9779,#9780);
#9779 = CARTESIAN_POINT('',(-14.5,12.,4.239324117149));
#9780 = VECTOR('',#9781,1.);
#9781 = DIRECTION('',(-0.994521895368,0.,-0.104528463268));
#9782 = ORIENTED_EDGE('',*,*,#9783,.F.);
#9783 = EDGE_CURVE('',#9784,#9776,#9786,.T.);
#9784 = VERTEX_POINT('',#9785);
#9785 = CARTESIAN_POINT('',(-32.,8.,2.4));
#9786 = LINE('',#9787,#9788);
#9787 = CARTESIAN_POINT('',(-32.,8.,2.4));
#9788 = VECTOR('',#9789,1.);
#9789 = DIRECTION('',(0.,1.,0.));
#9790 = ORIENTED_EDGE('',*,*,#9791,.F.);
#9791 = EDGE_CURVE('',#9753,#9784,#9792,.T.);
#9792 = LINE('',#9793,#9794);
#9793 = CARTESIAN_POINT('',(-14.5,8.,4.239324117149));
#9794 = VECTOR('',#9795,1.);
#9795 = DIRECTION('',(-0.994521895368,0.,-0.104528463268));
#9796 = PLANE('',#9797);
#9797 = AXIS2_PLACEMENT_3D('',#9798,#9799,#9800);
#9798 = CARTESIAN_POINT('',(-14.5,8.,4.239324117149));
#9799 = DIRECTION('',(-0.104528463268,0.,0.994521895368));
#9800 = DIRECTION('',(-0.994521895368,0.,-0.104528463268));
#9801 = ADVANCED_FACE('',(#9802),#9818,.T.);
#9802 = FACE_BOUND('',#9803,.T.);
#9803 = EDGE_LOOP('',(#9804,#9805,#9811,#9812));
#9804 = ORIENTED_EDGE('',*,*,#9783,.T.);
#9805 = ORIENTED_EDGE('',*,*,#9806,.T.);
#9806 = EDGE_CURVE('',#9776,#9706,#9807,.T.);
#9807 = LINE('',#9808,#9809);
#9808 = CARTESIAN_POINT('',(-32.,12.,2.4));
#9809 = VECTOR('',#9810,1.);
#9810 = DIRECTION('',(0.,0.,-1.));
#9811 = ORIENTED_EDGE('',*,*,#9703,.F.);
#9812 = ORIENTED_EDGE('',*,*,#9813,.F.);
#9813 = EDGE_CURVE('',#9784,#9704,#9814,.T.);
#9814 = LINE('',#9815,#9816);
#9815 = CARTESIAN_POINT('',(-32.,8.,2.4));
#9816 = VECTOR('',#9817,1.);
#9817 = DIRECTION('',(0.,0.,-1.));
#9818 = PLANE('',#9819);
#9819 = AXIS2_PLACEMENT_3D('',#9820,#9821,#9822);
#9820 = CARTESIAN_POINT('',(-32.,8.,2.4));
#9821 = DIRECTION('',(-1.,0.,0.));
#9822 = DIRECTION('',(0.,0.,-1.));
#9823 = ADVANCED_FACE('',(#9824),#9830,.T.);
#9824 = FACE_BOUND('',#9825,.T.);
#9825 = EDGE_LOOP('',(#9826,#9827,#9828,#9829));
#9826 = ORIENTED_EDGE('',*,*,#9729,.T.);
#9827 = ORIENTED_EDGE('',*,*,#9760,.T.);
#9828 = ORIENTED_EDGE('',*,*,#9791,.T.);
#9829 = ORIENTED_EDGE('',*,*,#9813,.T.);
#9830 = PLANE('',#9831);
#9831 = AXIS2_PLACEMENT_3D('',#9832,#9833,#9834);
#9832 = CARTESIAN_POINT('',(-23.25,8.,2.119662058575));
#9833 = DIRECTION('',(-0.,-1.,-0.));
#9834 = DIRECTION('',(0.,0.,-1.));
#9835 = ADVANCED_FACE('',(#9836),#9842,.F.);
#9836 = FACE_BOUND('',#9837,.F.);
#9837 = EDGE_LOOP('',(#9838,#9839,#9840,#9841));
#9838 = ORIENTED_EDGE('',*,*,#9713,.T.);
#9839 = ORIENTED_EDGE('',*,*,#9744,.T.);
#9840 = ORIENTED_EDGE('',*,*,#9775,.T.);
#9841 = ORIENTED_EDGE('',*,*,#9806,.T.);
#9842 = PLANE('',#9843);
#9843 = AXIS2_PLACEMENT_3D('',#9844,#9845,#9846);
#9844 = CARTESIAN_POINT('',(-23.25,12.,2.119662058575));
#9845 = DIRECTION('',(-0.,-1.,-0.));
#9846 = DIRECTION('',(0.,0.,-1.));
#9847 = ( GEOMETRIC_REPRESENTATION_CONTEXT(3) 
GLOBAL_UNCERTAINTY_ASSIGNED_CONTEXT((#9851)) 
GLOBAL_UNIT_ASSIGNED_CONTEXT((#9848,#9849,#9850)) REPRESENTATION_CONTEXT
('Context #1','3D Context with UNIT and UNCERTAINTY') );
#9848 = ( LENGTH_UNIT() NAMED_UNIT(*) SI_UNIT(.MILLI.,.METRE.) );
#9849 = ( NAMED_UNIT(*) PLANE_ANGLE_UNIT() SI_UNIT($,.RADIAN.) );
#9850 = ( NAMED_UNIT(*) SI_UNIT($,.STERADIAN.) SOLID_ANGLE_UNIT() );
#9851 = UNCERTAINTY_MEASURE_WITH_UNIT(LENGTH_MEASURE(1.E-07),#9848,
  'distance_accuracy_value','confusion accuracy');
#9852 = CONTEXT_DEPENDENT_SHAPE_REPRESENTATION(#9853,#9855);
#9853 = ( REPRESENTATION_RELATIONSHIP('','',#9546,#10) 
REPRESENTATION_RELATIONSHIP_WITH_TRANSFORMATION(#9854) 
SHAPE_REPRESENTATION_RELATIONSHIP() );
#9854 = ITEM_DEFINED_TRANSFORMATION('','',#11,#71);
#9855 = PRODUCT_DEFINITION_SHAPE('Placement','Placement of an item',
  #9856);
#9856 = NEXT_ASSEMBLY_USAGE_OCCURRENCE('15',
  'Left fixed-angle bridge ribs','',#5,#9541,$);
#9857 = PRODUCT_RELATED_PRODUCT_CATEGORY('part',$,(#9543));
#9858 = SHAPE_DEFINITION_REPRESENTATION(#9859,#9865);
#9859 = PRODUCT_DEFINITION_SHAPE('','',#9860);
#9860 = PRODUCT_DEFINITION('design','',#9861,#9864);
#9861 = PRODUCT_DEFINITION_FORMATION('','',#9862);
#9862 = PRODUCT('Right wing carrier','Right wing carrier','',(#9863));
#9863 = PRODUCT_CONTEXT('',#2,'mechanical');
#9864 = PRODUCT_DEFINITION_CONTEXT('part definition',#2,'design');
#9865 = ADVANCED_BREP_SHAPE_REPRESENTATION('',(#11,#9866),#10932);
#9866 = MANIFOLD_SOLID_BREP('',#9867);
#9867 = CLOSED_SHELL('',(#9868,#9940,#10037,#10077,#10101,#10141,#10231,
    #10255,#10323,#10340,#10364,#10388,#10430,#10454,#10496,#10520,
    #10544,#10584,#10612,#10629,#10740,#10757,#10788,#10805,#10822,
    #10848,#10865,#10891,#10903,#10920));
#9868 = ADVANCED_FACE('',(#9869),#9935,.F.);
#9869 = FACE_BOUND('',#9870,.F.);
#9870 = EDGE_LOOP('',(#9871,#9881,#9889,#9897,#9905,#9913,#9921,#9929));
#9871 = ORIENTED_EDGE('',*,*,#9872,.F.);
#9872 = EDGE_CURVE('',#9873,#9875,#9877,.T.);
#9873 = VERTEX_POINT('',#9874);
#9874 = CARTESIAN_POINT('',(28.400228338037,-12.,4.43681162439));
#9875 = VERTEX_POINT('',#9876);
#9876 = CARTESIAN_POINT('',(28.400228338037,-5.,4.43681162439));
#9877 = LINE('',#9878,#9879);
#9878 = CARTESIAN_POINT('',(28.400228338037,-12.,4.43681162439));
#9879 = VECTOR('',#9880,1.);
#9880 = DIRECTION('',(0.,1.,0.));
#9881 = ORIENTED_EDGE('',*,*,#9882,.F.);
#9882 = EDGE_CURVE('',#9883,#9873,#9885,.T.);
#9883 = VERTEX_POINT('',#9884);
#9884 = CARTESIAN_POINT('',(28.065737255581,-12.,1.254341559212));
#9885 = LINE('',#9886,#9887);
#9886 = CARTESIAN_POINT('',(28.065737255581,-12.,1.254341559212));
#9887 = VECTOR('',#9888,1.);
#9888 = DIRECTION('',(0.104528463268,0.,0.994521895368));
#9889 = ORIENTED_EDGE('',*,*,#9890,.T.);
#9890 = EDGE_CURVE('',#9883,#9891,#9893,.T.);
#9891 = VERTEX_POINT('',#9892);
#9892 = CARTESIAN_POINT('',(28.065737255581,12.,1.254341559212));
#9893 = LINE('',#9894,#9895);
#9894 = CARTESIAN_POINT('',(28.065737255581,-12.,1.254341559212));
#9895 = VECTOR('',#9896,1.);
#9896 = DIRECTION('',(0.,1.,0.));
#9897 = ORIENTED_EDGE('',*,*,#9898,.T.);
#9898 = EDGE_CURVE('',#9891,#9899,#9901,.T.);
#9899 = VERTEX_POINT('',#9900);
#9900 = CARTESIAN_POINT('',(28.400228338037,12.,4.43681162439));
#9901 = LINE('',#9902,#9903);
#9902 = CARTESIAN_POINT('',(28.065737255581,12.,1.254341559212));
#9903 = VECTOR('',#9904,1.);
#9904 = DIRECTION('',(0.104528463268,0.,0.994521895368));
#9905 = ORIENTED_EDGE('',*,*,#9906,.F.);
#9906 = EDGE_CURVE('',#9907,#9899,#9909,.T.);
#9907 = VERTEX_POINT('',#9908);
#9908 = CARTESIAN_POINT('',(28.400228338037,5.,4.43681162439));
#9909 = LINE('',#9910,#9911);
#9910 = CARTESIAN_POINT('',(28.400228338037,-12.,4.43681162439));
#9911 = VECTOR('',#9912,1.);
#9912 = DIRECTION('',(0.,1.,0.));
#9913 = ORIENTED_EDGE('',*,*,#9914,.F.);
#9914 = EDGE_CURVE('',#9915,#9907,#9917,.T.);
#9915 = VERTEX_POINT('',#9916);
#9916 = CARTESIAN_POINT('',(28.170265718848,5.,2.24886345458));
#9917 = LINE('',#9918,#9919);
#9918 = CARTESIAN_POINT('',(28.170265718848,5.,2.24886345458));
#9919 = VECTOR('',#9920,1.);
#9920 = DIRECTION('',(0.104528463268,0.,0.994521895368));
#9921 = ORIENTED_EDGE('',*,*,#9922,.F.);
#9922 = EDGE_CURVE('',#9923,#9915,#9925,.T.);
#9923 = VERTEX_POINT('',#9924);
#9924 = CARTESIAN_POINT('',(28.170265718848,-5.,2.24886345458));
#9925 = LINE('',#9926,#9927);
#9926 = CARTESIAN_POINT('',(28.170265718848,-5.,2.24886345458));
#9927 = VECTOR('',#9928,1.);
#9928 = DIRECTION('',(0.,1.,0.));
#9929 = ORIENTED_EDGE('',*,*,#9930,.T.);
#9930 = EDGE_CURVE('',#9923,#9875,#9931,.T.);
#9931 = LINE('',#9932,#9933);
#9932 = CARTESIAN_POINT('',(28.170265718848,-5.,2.24886345458));
#9933 = VECTOR('',#9934,1.);
#9934 = DIRECTION('',(0.104528463268,0.,0.994521895368));
#9935 = PLANE('',#9936);
#9936 = AXIS2_PLACEMENT_3D('',#9937,#9938,#9939);
#9937 = CARTESIAN_POINT('',(28.065737255581,-12.,1.254341559212));
#9938 = DIRECTION('',(0.994521895368,0.,-0.104528463268));
#9939 = DIRECTION('',(0.104528463268,0.,0.994521895368));
#9940 = ADVANCED_FACE('',(#9941),#10032,.T.);
#9941 = FACE_BOUND('',#9942,.T.);
#9942 = EDGE_LOOP('',(#9943,#9944,#9952,#9960,#9968,#9976,#9984,#9993,
    #10001,#10010,#10018,#10026));
#9943 = ORIENTED_EDGE('',*,*,#9872,.F.);
#9944 = ORIENTED_EDGE('',*,*,#9945,.T.);
#9945 = EDGE_CURVE('',#9873,#9946,#9948,.T.);
#9946 = VERTEX_POINT('',#9947);
#9947 = CARTESIAN_POINT('',(52.268753826876,-12.,1.928128505967));
#9948 = LINE('',#9949,#9950);
#9949 = CARTESIAN_POINT('',(28.400228338037,-12.,4.43681162439));
#9950 = VECTOR('',#9951,1.);
#9951 = DIRECTION('',(0.994521895368,0.,-0.104528463268));
#9952 = ORIENTED_EDGE('',*,*,#9953,.T.);
#9953 = EDGE_CURVE('',#9946,#9954,#9956,.T.);
#9954 = VERTEX_POINT('',#9955);
#9955 = CARTESIAN_POINT('',(52.268753826876,-5.,1.928128505967));
#9956 = LINE('',#9957,#9958);
#9957 = CARTESIAN_POINT('',(52.268753826876,-12.,1.928128505967));
#9958 = VECTOR('',#9959,1.);
#9959 = DIRECTION('',(0.,1.,0.));
#9960 = ORIENTED_EDGE('',*,*,#9961,.T.);
#9961 = EDGE_CURVE('',#9954,#9962,#9964,.T.);
#9962 = VERTEX_POINT('',#9963);
#9963 = CARTESIAN_POINT('',(50.677518794287,-5.,2.095374047195));
#9964 = LINE('',#9965,#9966);
#9965 = CARTESIAN_POINT('',(38.842708239404,-5.,3.33926276008));
#9966 = VECTOR('',#9967,1.);
#9967 = DIRECTION('',(-0.994521895368,0.,0.104528463268));
#9968 = ORIENTED_EDGE('',*,*,#9969,.F.);
#9969 = EDGE_CURVE('',#9970,#9962,#9972,.T.);
#9970 = VERTEX_POINT('',#9971);
#9971 = CARTESIAN_POINT('',(50.677518794287,-10.4,2.095374047195));
#9972 = LINE('',#9973,#9974);
#9973 = CARTESIAN_POINT('',(50.677518794287,-11.2,2.095374047195));
#9974 = VECTOR('',#9975,1.);
#9975 = DIRECTION('',(0.,1.,0.));
#9976 = ORIENTED_EDGE('',*,*,#9977,.T.);
#9977 = EDGE_CURVE('',#9970,#9978,#9980,.T.);
#9978 = VERTEX_POINT('',#9979);
#9979 = CARTESIAN_POINT('',(46.785563646024,-10.4,2.504435016741));
#9980 = LINE('',#9981,#9982);
#9981 = CARTESIAN_POINT('',(29.195845854332,-10.4,4.353188853776));
#9982 = VECTOR('',#9983,1.);
#9983 = DIRECTION('',(-0.994521895368,0.,0.104528463268));
#9984 = ORIENTED_EDGE('',*,*,#9985,.F.);
#9985 = EDGE_CURVE('',#9986,#9978,#9988,.T.);
#9986 = VERTEX_POINT('',#9987);
#9987 = CARTESIAN_POINT('',(43.828637472572,-10.4,2.815220480939));
#9988 = CIRCLE('',#9989,1.5);
#9989 = AXIS2_PLACEMENT_3D('',#9990,#9991,#9992);
#9990 = CARTESIAN_POINT('',(45.307100559298,-10.2,2.65982774884));
#9991 = DIRECTION('',(0.104528463268,-0.,0.994521895368));
#9992 = DIRECTION('',(0.994521895368,0.,-0.104528463268));
#9993 = ORIENTED_EDGE('',*,*,#9994,.T.);
#9994 = EDGE_CURVE('',#9986,#9995,#9997,.T.);
#9995 = VERTEX_POINT('',#9996);
#9996 = CARTESIAN_POINT('',(36.840344692341,-10.4,3.549719649418));
#9997 = LINE('',#9998,#9999);
#9998 = CARTESIAN_POINT('',(29.195845854332,-10.4,4.353188853776));
#9999 = VECTOR('',#10000,1.);
#10000 = DIRECTION('',(-0.994521895368,0.,0.104528463268));
#10001 = ORIENTED_EDGE('',*,*,#10002,.F.);
#10002 = EDGE_CURVE('',#10003,#9995,#10005,.T.);
#10003 = VERTEX_POINT('',#10004);
#10004 = CARTESIAN_POINT('',(33.883418518889,-10.4,3.860505113616));
#10005 = CIRCLE('',#10006,1.5);
#10006 = AXIS2_PLACEMENT_3D('',#10007,#10008,#10009);
#10007 = CARTESIAN_POINT('',(35.361881605615,-10.2,3.705112381517));
#10008 = DIRECTION('',(0.104528463268,-0.,0.994521895368));
#10009 = DIRECTION('',(0.994521895368,0.,-0.104528463268));
#10010 = ORIENTED_EDGE('',*,*,#10011,.T.);
#10011 = EDGE_CURVE('',#10003,#10012,#10014,.T.);
#10012 = VERTEX_POINT('',#10013);
#10013 = CARTESIAN_POINT('',(29.991463370626,-10.4,4.269566083162));
#10014 = LINE('',#10015,#10016);
#10015 = CARTESIAN_POINT('',(29.195845854332,-10.4,4.353188853776));
#10016 = VECTOR('',#10017,1.);
#10017 = DIRECTION('',(-0.994521895368,0.,0.104528463268));
#10018 = ORIENTED_EDGE('',*,*,#10019,.T.);
#10019 = EDGE_CURVE('',#10012,#10020,#10022,.T.);
#10020 = VERTEX_POINT('',#10021);
#10021 = CARTESIAN_POINT('',(29.991463370626,-5.,4.269566083162));
#10022 = LINE('',#10023,#10024);
#10023 = CARTESIAN_POINT('',(29.991463370626,-11.2,4.269566083162));
#10024 = VECTOR('',#10025,1.);
#10025 = DIRECTION('',(0.,1.,0.));
#10026 = ORIENTED_EDGE('',*,*,#10027,.T.);
#10027 = EDGE_CURVE('',#10020,#9875,#10028,.T.);
#10028 = LINE('',#10029,#10030);
#10029 = CARTESIAN_POINT('',(28.400228338037,-5.,4.43681162439));
#10030 = VECTOR('',#10031,1.);
#10031 = DIRECTION('',(-0.994521895368,0.,0.104528463268));
#10032 = PLANE('',#10033);
#10033 = AXIS2_PLACEMENT_3D('',#10034,#10035,#10036);
#10034 = CARTESIAN_POINT('',(28.400228338037,-12.,4.43681162439));
#10035 = DIRECTION('',(0.104528463268,0.,0.994521895368));
#10036 = DIRECTION('',(0.994521895368,0.,-0.104528463268));
#10037 = ADVANCED_FACE('',(#10038),#10072,.T.);
#10038 = FACE_BOUND('',#10039,.T.);
#10039 = EDGE_LOOP('',(#10040,#10048,#10049,#10050,#10058,#10066));
#10040 = ORIENTED_EDGE('',*,*,#10041,.F.);
#10041 = EDGE_CURVE('',#9923,#10042,#10044,.T.);
#10042 = VERTEX_POINT('',#10043);
#10043 = CARTESIAN_POINT('',(31.153831404953,-5.,1.935278064777));
#10044 = LINE('',#10045,#10046);
#10045 = CARTESIAN_POINT('',(28.170265718848,-5.,2.24886345458));
#10046 = VECTOR('',#10047,1.);
#10047 = DIRECTION('',(0.994521895368,0.,-0.104528463268));
#10048 = ORIENTED_EDGE('',*,*,#9930,.T.);
#10049 = ORIENTED_EDGE('',*,*,#10027,.F.);
#10050 = ORIENTED_EDGE('',*,*,#10051,.F.);
#10051 = EDGE_CURVE('',#10052,#10020,#10054,.T.);
#10052 = VERTEX_POINT('',#10053);
#10053 = CARTESIAN_POINT('',(29.782406444091,-5.,2.280522292426));
#10054 = LINE('',#10055,#10056);
#10055 = CARTESIAN_POINT('',(29.771953597764,-5.,2.181070102889));
#10056 = VECTOR('',#10057,1.);
#10057 = DIRECTION('',(0.104528463268,0.,0.994521895368));
#10058 = ORIENTED_EDGE('',*,*,#10059,.F.);
#10059 = EDGE_CURVE('',#10060,#10052,#10062,.T.);
#10060 = VERTEX_POINT('',#10061);
#10061 = CARTESIAN_POINT('',(31.174737097607,-5.,2.134182443851));
#10062 = LINE('',#10063,#10064);
#10063 = CARTESIAN_POINT('',(28.986788927797,-5.,2.36414506304));
#10064 = VECTOR('',#10065,1.);
#10065 = DIRECTION('',(-0.994521895368,0.,0.104528463268));
#10066 = ORIENTED_EDGE('',*,*,#10067,.F.);
#10067 = EDGE_CURVE('',#10042,#10060,#10068,.T.);
#10068 = LINE('',#10069,#10070);
#10069 = CARTESIAN_POINT('',(31.153831404953,-5.,1.935278064777));
#10070 = VECTOR('',#10071,1.);
#10071 = DIRECTION('',(0.104528463268,0.,0.994521895368));
#10072 = PLANE('',#10073);
#10073 = AXIS2_PLACEMENT_3D('',#10074,#10075,#10076);
#10074 = CARTESIAN_POINT('',(28.170265718848,-5.,2.24886345458));
#10075 = DIRECTION('',(0.,1.,0.));
#10076 = DIRECTION('',(0.104528463268,0.,0.994521895368));
#10077 = ADVANCED_FACE('',(#10078),#10096,.T.);
#10078 = FACE_BOUND('',#10079,.T.);
#10079 = EDGE_LOOP('',(#10080,#10081,#10082,#10090));
#10080 = ORIENTED_EDGE('',*,*,#9922,.F.);
#10081 = ORIENTED_EDGE('',*,*,#10041,.T.);
#10082 = ORIENTED_EDGE('',*,*,#10083,.T.);
#10083 = EDGE_CURVE('',#10042,#10084,#10086,.T.);
#10084 = VERTEX_POINT('',#10085);
#10085 = CARTESIAN_POINT('',(31.153831404953,5.,1.935278064777));
#10086 = LINE('',#10087,#10088);
#10087 = CARTESIAN_POINT('',(31.153831404953,-5.,1.935278064777));
#10088 = VECTOR('',#10089,1.);
#10089 = DIRECTION('',(0.,1.,0.));
#10090 = ORIENTED_EDGE('',*,*,#10091,.F.);
#10091 = EDGE_CURVE('',#9915,#10084,#10092,.T.);
#10092 = LINE('',#10093,#10094);
#10093 = CARTESIAN_POINT('',(28.170265718848,5.,2.24886345458));
#10094 = VECTOR('',#10095,1.);
#10095 = DIRECTION('',(0.994521895368,0.,-0.104528463268));
#10096 = PLANE('',#10097);
#10097 = AXIS2_PLACEMENT_3D('',#10098,#10099,#10100);
#10098 = CARTESIAN_POINT('',(28.170265718848,-5.,2.24886345458));
#10099 = DIRECTION('',(0.104528463268,0.,0.994521895368));
#10100 = DIRECTION('',(0.994521895368,0.,-0.104528463268));
#10101 = ADVANCED_FACE('',(#10102),#10136,.F.);
#10102 = FACE_BOUND('',#10103,.F.);
#10103 = EDGE_LOOP('',(#10104,#10105,#10106,#10114,#10122,#10130));
#10104 = ORIENTED_EDGE('',*,*,#10091,.F.);
#10105 = ORIENTED_EDGE('',*,*,#9914,.T.);
#10106 = ORIENTED_EDGE('',*,*,#10107,.F.);
#10107 = EDGE_CURVE('',#10108,#9907,#10110,.T.);
#10108 = VERTEX_POINT('',#10109);
#10109 = CARTESIAN_POINT('',(29.991463370626,5.,4.269566083162));
#10110 = LINE('',#10111,#10112);
#10111 = CARTESIAN_POINT('',(28.400228338037,5.,4.43681162439));
#10112 = VECTOR('',#10113,1.);
#10113 = DIRECTION('',(-0.994521895368,0.,0.104528463268));
#10114 = ORIENTED_EDGE('',*,*,#10115,.F.);
#10115 = EDGE_CURVE('',#10116,#10108,#10118,.T.);
#10116 = VERTEX_POINT('',#10117);
#10117 = CARTESIAN_POINT('',(29.782406444091,5.,2.280522292426));
#10118 = LINE('',#10119,#10120);
#10119 = CARTESIAN_POINT('',(29.771953597764,5.,2.181070102889));
#10120 = VECTOR('',#10121,1.);
#10121 = DIRECTION('',(0.104528463268,0.,0.994521895368));
#10122 = ORIENTED_EDGE('',*,*,#10123,.F.);
#10123 = EDGE_CURVE('',#10124,#10116,#10126,.T.);
#10124 = VERTEX_POINT('',#10125);
#10125 = CARTESIAN_POINT('',(31.174737097607,5.,2.134182443851));
#10126 = LINE('',#10127,#10128);
#10127 = CARTESIAN_POINT('',(28.986788927797,5.,2.36414506304));
#10128 = VECTOR('',#10129,1.);
#10129 = DIRECTION('',(-0.994521895368,0.,0.104528463268));
#10130 = ORIENTED_EDGE('',*,*,#10131,.F.);
#10131 = EDGE_CURVE('',#10084,#10124,#10132,.T.);
#10132 = LINE('',#10133,#10134);
#10133 = CARTESIAN_POINT('',(31.153831404953,5.,1.935278064777));
#10134 = VECTOR('',#10135,1.);
#10135 = DIRECTION('',(0.104528463268,0.,0.994521895368));
#10136 = PLANE('',#10137);
#10137 = AXIS2_PLACEMENT_3D('',#10138,#10139,#10140);
#10138 = CARTESIAN_POINT('',(28.170265718848,5.,2.24886345458));
#10139 = DIRECTION('',(0.,1.,0.));
#10140 = DIRECTION('',(0.104528463268,0.,0.994521895368));
#10141 = ADVANCED_FACE('',(#10142),#10226,.T.);
#10142 = FACE_BOUND('',#10143,.T.);
#10143 = EDGE_LOOP('',(#10144,#10154,#10162,#10168,#10169,#10170,#10178,
    #10186,#10195,#10203,#10212,#10220));
#10144 = ORIENTED_EDGE('',*,*,#10145,.F.);
#10145 = EDGE_CURVE('',#10146,#10148,#10150,.T.);
#10146 = VERTEX_POINT('',#10147);
#10147 = CARTESIAN_POINT('',(52.268753826876,5.,1.928128505967));
#10148 = VERTEX_POINT('',#10149);
#10149 = CARTESIAN_POINT('',(50.677518794287,5.,2.095374047195));
#10150 = LINE('',#10151,#10152);
#10151 = CARTESIAN_POINT('',(38.842708239404,5.,3.33926276008));
#10152 = VECTOR('',#10153,1.);
#10153 = DIRECTION('',(-0.994521895368,0.,0.104528463268));
#10154 = ORIENTED_EDGE('',*,*,#10155,.T.);
#10155 = EDGE_CURVE('',#10146,#10156,#10158,.T.);
#10156 = VERTEX_POINT('',#10157);
#10157 = CARTESIAN_POINT('',(52.268753826876,12.,1.928128505967));
#10158 = LINE('',#10159,#10160);
#10159 = CARTESIAN_POINT('',(52.268753826876,-12.,1.928128505967));
#10160 = VECTOR('',#10161,1.);
#10161 = DIRECTION('',(0.,1.,0.));
#10162 = ORIENTED_EDGE('',*,*,#10163,.F.);
#10163 = EDGE_CURVE('',#9899,#10156,#10164,.T.);
#10164 = LINE('',#10165,#10166);
#10165 = CARTESIAN_POINT('',(28.400228338037,12.,4.43681162439));
#10166 = VECTOR('',#10167,1.);
#10167 = DIRECTION('',(0.994521895368,0.,-0.104528463268));
#10168 = ORIENTED_EDGE('',*,*,#9906,.F.);
#10169 = ORIENTED_EDGE('',*,*,#10107,.F.);
#10170 = ORIENTED_EDGE('',*,*,#10171,.T.);
#10171 = EDGE_CURVE('',#10108,#10172,#10174,.T.);
#10172 = VERTEX_POINT('',#10173);
#10173 = CARTESIAN_POINT('',(29.991463370626,10.4,4.269566083162));
#10174 = LINE('',#10175,#10176);
#10175 = CARTESIAN_POINT('',(29.991463370626,-11.2,4.269566083162));
#10176 = VECTOR('',#10177,1.);
#10177 = DIRECTION('',(0.,1.,0.));
#10178 = ORIENTED_EDGE('',*,*,#10179,.F.);
#10179 = EDGE_CURVE('',#10180,#10172,#10182,.T.);
#10180 = VERTEX_POINT('',#10181);
#10181 = CARTESIAN_POINT('',(33.883418518889,10.4,3.860505113616));
#10182 = LINE('',#10183,#10184);
#10183 = CARTESIAN_POINT('',(29.195845854332,10.4,4.353188853776));
#10184 = VECTOR('',#10185,1.);
#10185 = DIRECTION('',(-0.994521895368,0.,0.104528463268));
#10186 = ORIENTED_EDGE('',*,*,#10187,.F.);
#10187 = EDGE_CURVE('',#10188,#10180,#10190,.T.);
#10188 = VERTEX_POINT('',#10189);
#10189 = CARTESIAN_POINT('',(36.840344692341,10.4,3.549719649418));
#10190 = CIRCLE('',#10191,1.5);
#10191 = AXIS2_PLACEMENT_3D('',#10192,#10193,#10194);
#10192 = CARTESIAN_POINT('',(35.361881605615,10.2,3.705112381517));
#10193 = DIRECTION('',(0.104528463268,-0.,0.994521895368));
#10194 = DIRECTION('',(0.994521895368,0.,-0.104528463268));
#10195 = ORIENTED_EDGE('',*,*,#10196,.F.);
#10196 = EDGE_CURVE('',#10197,#10188,#10199,.T.);
#10197 = VERTEX_POINT('',#10198);
#10198 = CARTESIAN_POINT('',(43.828637472572,10.4,2.815220480939));
#10199 = LINE('',#10200,#10201);
#10200 = CARTESIAN_POINT('',(29.195845854332,10.4,4.353188853776));
#10201 = VECTOR('',#10202,1.);
#10202 = DIRECTION('',(-0.994521895368,0.,0.104528463268));
#10203 = ORIENTED_EDGE('',*,*,#10204,.F.);
#10204 = EDGE_CURVE('',#10205,#10197,#10207,.T.);
#10205 = VERTEX_POINT('',#10206);
#10206 = CARTESIAN_POINT('',(46.785563646024,10.4,2.504435016741));
#10207 = CIRCLE('',#10208,1.5);
#10208 = AXIS2_PLACEMENT_3D('',#10209,#10210,#10211);
#10209 = CARTESIAN_POINT('',(45.307100559298,10.2,2.65982774884));
#10210 = DIRECTION('',(0.104528463268,-0.,0.994521895368));
#10211 = DIRECTION('',(0.994521895368,0.,-0.104528463268));
#10212 = ORIENTED_EDGE('',*,*,#10213,.F.);
#10213 = EDGE_CURVE('',#10214,#10205,#10216,.T.);
#10214 = VERTEX_POINT('',#10215);
#10215 = CARTESIAN_POINT('',(50.677518794287,10.4,2.095374047195));
#10216 = LINE('',#10217,#10218);
#10217 = CARTESIAN_POINT('',(29.195845854332,10.4,4.353188853776));
#10218 = VECTOR('',#10219,1.);
#10219 = DIRECTION('',(-0.994521895368,0.,0.104528463268));
#10220 = ORIENTED_EDGE('',*,*,#10221,.F.);
#10221 = EDGE_CURVE('',#10148,#10214,#10222,.T.);
#10222 = LINE('',#10223,#10224);
#10223 = CARTESIAN_POINT('',(50.677518794287,-11.2,2.095374047195));
#10224 = VECTOR('',#10225,1.);
#10225 = DIRECTION('',(0.,1.,0.));
#10226 = PLANE('',#10227);
#10227 = AXIS2_PLACEMENT_3D('',#10228,#10229,#10230);
#10228 = CARTESIAN_POINT('',(28.400228338037,-12.,4.43681162439));
#10229 = DIRECTION('',(0.104528463268,0.,0.994521895368));
#10230 = DIRECTION('',(0.994521895368,0.,-0.104528463268));
#10231 = ADVANCED_FACE('',(#10232),#10250,.T.);
#10232 = FACE_BOUND('',#10233,.T.);
#10233 = EDGE_LOOP('',(#10234,#10242,#10243,#10244));
#10234 = ORIENTED_EDGE('',*,*,#10235,.F.);
#10235 = EDGE_CURVE('',#9891,#10236,#10238,.T.);
#10236 = VERTEX_POINT('',#10237);
#10237 = CARTESIAN_POINT('',(51.934262744419,12.,-1.254341559212));
#10238 = LINE('',#10239,#10240);
#10239 = CARTESIAN_POINT('',(28.065737255581,12.,1.254341559212));
#10240 = VECTOR('',#10241,1.);
#10241 = DIRECTION('',(0.994521895368,0.,-0.104528463268));
#10242 = ORIENTED_EDGE('',*,*,#9898,.T.);
#10243 = ORIENTED_EDGE('',*,*,#10163,.T.);
#10244 = ORIENTED_EDGE('',*,*,#10245,.F.);
#10245 = EDGE_CURVE('',#10236,#10156,#10246,.T.);
#10246 = LINE('',#10247,#10248);
#10247 = CARTESIAN_POINT('',(51.934262744419,12.,-1.254341559212));
#10248 = VECTOR('',#10249,1.);
#10249 = DIRECTION('',(0.104528463268,0.,0.994521895368));
#10250 = PLANE('',#10251);
#10251 = AXIS2_PLACEMENT_3D('',#10252,#10253,#10254);
#10252 = CARTESIAN_POINT('',(28.065737255581,12.,1.254341559212));
#10253 = DIRECTION('',(0.,1.,0.));
#10254 = DIRECTION('',(0.104528463268,0.,0.994521895368));
#10255 = ADVANCED_FACE('',(#10256,#10274,#10285,#10296,#10307),#10318,
  .F.);
#10256 = FACE_BOUND('',#10257,.F.);
#10257 = EDGE_LOOP('',(#10258,#10259,#10267,#10273));
#10258 = ORIENTED_EDGE('',*,*,#9890,.F.);
#10259 = ORIENTED_EDGE('',*,*,#10260,.T.);
#10260 = EDGE_CURVE('',#9883,#10261,#10263,.T.);
#10261 = VERTEX_POINT('',#10262);
#10262 = CARTESIAN_POINT('',(51.934262744419,-12.,-1.254341559212));
#10263 = LINE('',#10264,#10265);
#10264 = CARTESIAN_POINT('',(28.065737255581,-12.,1.254341559212));
#10265 = VECTOR('',#10266,1.);
#10266 = DIRECTION('',(0.994521895368,0.,-0.104528463268));
#10267 = ORIENTED_EDGE('',*,*,#10268,.T.);
#10268 = EDGE_CURVE('',#10261,#10236,#10269,.T.);
#10269 = LINE('',#10270,#10271);
#10270 = CARTESIAN_POINT('',(51.934262744419,-12.,-1.254341559212));
#10271 = VECTOR('',#10272,1.);
#10272 = DIRECTION('',(0.,1.,0.));
#10273 = ORIENTED_EDGE('',*,*,#10235,.F.);
#10274 = FACE_BOUND('',#10275,.F.);
#10275 = EDGE_LOOP('',(#10276));
#10276 = ORIENTED_EDGE('',*,*,#10277,.F.);
#10277 = EDGE_CURVE('',#10278,#10278,#10280,.T.);
#10278 = VERTEX_POINT('',#10279);
#10279 = CARTESIAN_POINT('',(36.519173366211,-10.2,0.365849621437));
#10280 = CIRCLE('',#10281,1.5);
#10281 = AXIS2_PLACEMENT_3D('',#10282,#10283,#10284);
#10282 = CARTESIAN_POINT('',(35.027390523159,-10.2,0.522642316338));
#10283 = DIRECTION('',(0.104528463268,-0.,0.994521895368));
#10284 = DIRECTION('',(0.994521895368,0.,-0.104528463268));
#10285 = FACE_BOUND('',#10286,.F.);
#10286 = EDGE_LOOP('',(#10287));
#10287 = ORIENTED_EDGE('',*,*,#10288,.F.);
#10288 = EDGE_CURVE('',#10289,#10289,#10291,.T.);
#10289 = VERTEX_POINT('',#10290);
#10290 = CARTESIAN_POINT('',(46.464392319894,-10.2,-0.67943501124));
#10291 = CIRCLE('',#10292,1.5);
#10292 = AXIS2_PLACEMENT_3D('',#10293,#10294,#10295);
#10293 = CARTESIAN_POINT('',(44.972609476841,-10.2,-0.522642316338));
#10294 = DIRECTION('',(0.104528463268,-0.,0.994521895368));
#10295 = DIRECTION('',(0.994521895368,0.,-0.104528463268));
#10296 = FACE_BOUND('',#10297,.F.);
#10297 = EDGE_LOOP('',(#10298));
#10298 = ORIENTED_EDGE('',*,*,#10299,.F.);
#10299 = EDGE_CURVE('',#10300,#10300,#10302,.T.);
#10300 = VERTEX_POINT('',#10301);
#10301 = CARTESIAN_POINT('',(36.519173366211,10.2,0.365849621437));
#10302 = CIRCLE('',#10303,1.5);
#10303 = AXIS2_PLACEMENT_3D('',#10304,#10305,#10306);
#10304 = CARTESIAN_POINT('',(35.027390523159,10.2,0.522642316338));
#10305 = DIRECTION('',(0.104528463268,-0.,0.994521895368));
#10306 = DIRECTION('',(0.994521895368,0.,-0.104528463268));
#10307 = FACE_BOUND('',#10308,.F.);
#10308 = EDGE_LOOP('',(#10309));
#10309 = ORIENTED_EDGE('',*,*,#10310,.F.);
#10310 = EDGE_CURVE('',#10311,#10311,#10313,.T.);
#10311 = VERTEX_POINT('',#10312);
#10312 = CARTESIAN_POINT('',(46.464392319894,10.2,-0.67943501124));
#10313 = CIRCLE('',#10314,1.5);
#10314 = AXIS2_PLACEMENT_3D('',#10315,#10316,#10317);
#10315 = CARTESIAN_POINT('',(44.972609476841,10.2,-0.522642316338));
#10316 = DIRECTION('',(0.104528463268,-0.,0.994521895368));
#10317 = DIRECTION('',(0.994521895368,0.,-0.104528463268));
#10318 = PLANE('',#10319);
#10319 = AXIS2_PLACEMENT_3D('',#10320,#10321,#10322);
#10320 = CARTESIAN_POINT('',(28.065737255581,-12.,1.254341559212));
#10321 = DIRECTION('',(0.104528463268,0.,0.994521895368));
#10322 = DIRECTION('',(0.994521895368,0.,-0.104528463268));
#10323 = ADVANCED_FACE('',(#10324),#10335,.F.);
#10324 = FACE_BOUND('',#10325,.F.);
#10325 = EDGE_LOOP('',(#10326,#10327,#10328,#10329));
#10326 = ORIENTED_EDGE('',*,*,#10260,.F.);
#10327 = ORIENTED_EDGE('',*,*,#9882,.T.);
#10328 = ORIENTED_EDGE('',*,*,#9945,.T.);
#10329 = ORIENTED_EDGE('',*,*,#10330,.F.);
#10330 = EDGE_CURVE('',#10261,#9946,#10331,.T.);
#10331 = LINE('',#10332,#10333);
#10332 = CARTESIAN_POINT('',(51.934262744419,-12.,-1.254341559212));
#10333 = VECTOR('',#10334,1.);
#10334 = DIRECTION('',(0.104528463268,0.,0.994521895368));
#10335 = PLANE('',#10336);
#10336 = AXIS2_PLACEMENT_3D('',#10337,#10338,#10339);
#10337 = CARTESIAN_POINT('',(28.065737255581,-12.,1.254341559212));
#10338 = DIRECTION('',(0.,1.,0.));
#10339 = DIRECTION('',(0.104528463268,0.,0.994521895368));
#10340 = ADVANCED_FACE('',(#10341),#10359,.T.);
#10341 = FACE_BOUND('',#10342,.T.);
#10342 = EDGE_LOOP('',(#10343,#10351,#10357,#10358));
#10343 = ORIENTED_EDGE('',*,*,#10344,.F.);
#10344 = EDGE_CURVE('',#10345,#10012,#10347,.T.);
#10345 = VERTEX_POINT('',#10346);
#10346 = CARTESIAN_POINT('',(29.782406444091,-10.4,2.280522292426));
#10347 = LINE('',#10348,#10349);
#10348 = CARTESIAN_POINT('',(29.782406444091,-10.4,2.280522292426));
#10349 = VECTOR('',#10350,1.);
#10350 = DIRECTION('',(0.104528463268,0.,0.994521895368));
#10351 = ORIENTED_EDGE('',*,*,#10352,.T.);
#10352 = EDGE_CURVE('',#10345,#10052,#10353,.T.);
#10353 = LINE('',#10354,#10355);
#10354 = CARTESIAN_POINT('',(29.782406444091,-10.4,2.280522292426));
#10355 = VECTOR('',#10356,1.);
#10356 = DIRECTION('',(0.,1.,0.));
#10357 = ORIENTED_EDGE('',*,*,#10051,.T.);
#10358 = ORIENTED_EDGE('',*,*,#10019,.F.);
#10359 = PLANE('',#10360);
#10360 = AXIS2_PLACEMENT_3D('',#10361,#10362,#10363);
#10361 = CARTESIAN_POINT('',(29.782406444091,-10.4,2.280522292426));
#10362 = DIRECTION('',(0.994521895368,0.,-0.104528463268));
#10363 = DIRECTION('',(0.104528463268,0.,0.994521895368));
#10364 = ADVANCED_FACE('',(#10365),#10383,.T.);
#10365 = FACE_BOUND('',#10366,.T.);
#10366 = EDGE_LOOP('',(#10367,#10375,#10381,#10382));
#10367 = ORIENTED_EDGE('',*,*,#10368,.F.);
#10368 = EDGE_CURVE('',#10369,#10003,#10371,.T.);
#10369 = VERTEX_POINT('',#10370);
#10370 = CARTESIAN_POINT('',(33.674361592354,-10.4,1.871461322879));
#10371 = LINE('',#10372,#10373);
#10372 = CARTESIAN_POINT('',(33.528021743779,-10.4,0.479130669363));
#10373 = VECTOR('',#10374,1.);
#10374 = DIRECTION('',(0.104528463268,0.,0.994521895368));
#10375 = ORIENTED_EDGE('',*,*,#10376,.F.);
#10376 = EDGE_CURVE('',#10345,#10369,#10377,.T.);
#10377 = LINE('',#10378,#10379);
#10378 = CARTESIAN_POINT('',(29.782406444091,-10.4,2.280522292426));
#10379 = VECTOR('',#10380,1.);
#10380 = DIRECTION('',(0.994521895368,0.,-0.104528463268));
#10381 = ORIENTED_EDGE('',*,*,#10344,.T.);
#10382 = ORIENTED_EDGE('',*,*,#10011,.F.);
#10383 = PLANE('',#10384);
#10384 = AXIS2_PLACEMENT_3D('',#10385,#10386,#10387);
#10385 = CARTESIAN_POINT('',(29.782406444091,-10.4,2.280522292426));
#10386 = DIRECTION('',(0.,1.,0.));
#10387 = DIRECTION('',(0.104528463268,0.,0.994521895368));
#10388 = ADVANCED_FACE('',(#10389),#10425,.F.);
#10389 = FACE_BOUND('',#10390,.F.);
#10390 = EDGE_LOOP('',(#10391,#10400,#10406,#10407,#10408,#10417,#10423,
    #10424));
#10391 = ORIENTED_EDGE('',*,*,#10392,.F.);
#10392 = EDGE_CURVE('',#10393,#10369,#10395,.T.);
#10393 = VERTEX_POINT('',#10394);
#10394 = CARTESIAN_POINT('',(36.644607522132,-10.2,1.559275895879));
#10395 = CIRCLE('',#10396,1.5);
#10396 = AXIS2_PLACEMENT_3D('',#10397,#10398,#10399);
#10397 = CARTESIAN_POINT('',(35.15282467908,-10.2,1.71606859078));
#10398 = DIRECTION('',(0.104528463268,-0.,0.994521895368));
#10399 = DIRECTION('',(0.994521895368,0.,-0.104528463268));
#10400 = ORIENTED_EDGE('',*,*,#10401,.F.);
#10401 = EDGE_CURVE('',#10278,#10393,#10402,.T.);
#10402 = LINE('',#10403,#10404);
#10403 = CARTESIAN_POINT('',(36.498267673558,-10.2,0.166945242363));
#10404 = VECTOR('',#10405,1.);
#10405 = DIRECTION('',(0.104528463268,0.,0.994521895368));
#10406 = ORIENTED_EDGE('',*,*,#10277,.T.);
#10407 = ORIENTED_EDGE('',*,*,#10401,.T.);
#10408 = ORIENTED_EDGE('',*,*,#10409,.F.);
#10409 = EDGE_CURVE('',#10410,#10393,#10412,.T.);
#10410 = VERTEX_POINT('',#10411);
#10411 = CARTESIAN_POINT('',(36.631287765806,-10.4,1.560675858681));
#10412 = CIRCLE('',#10413,1.5);
#10413 = AXIS2_PLACEMENT_3D('',#10414,#10415,#10416);
#10414 = CARTESIAN_POINT('',(35.15282467908,-10.2,1.71606859078));
#10415 = DIRECTION('',(0.104528463268,-0.,0.994521895368));
#10416 = DIRECTION('',(0.994521895368,0.,-0.104528463268));
#10417 = ORIENTED_EDGE('',*,*,#10418,.T.);
#10418 = EDGE_CURVE('',#10410,#9995,#10419,.T.);
#10419 = LINE('',#10420,#10421);
#10420 = CARTESIAN_POINT('',(36.484947917231,-10.4,0.168345205166));
#10421 = VECTOR('',#10422,1.);
#10422 = DIRECTION('',(0.104528463268,0.,0.994521895368));
#10423 = ORIENTED_EDGE('',*,*,#10002,.F.);
#10424 = ORIENTED_EDGE('',*,*,#10368,.F.);
#10425 = CYLINDRICAL_SURFACE('',#10426,1.5);
#10426 = AXIS2_PLACEMENT_3D('',#10427,#10428,#10429);
#10427 = CARTESIAN_POINT('',(35.006484830505,-10.2,0.323737937265));
#10428 = DIRECTION('',(0.104528463268,0.,0.994521895368));
#10429 = DIRECTION('',(0.994521895368,0.,-0.104528463268));
#10430 = ADVANCED_FACE('',(#10431),#10449,.T.);
#10431 = FACE_BOUND('',#10432,.T.);
#10432 = EDGE_LOOP('',(#10433,#10441,#10447,#10448));
#10433 = ORIENTED_EDGE('',*,*,#10434,.F.);
#10434 = EDGE_CURVE('',#10435,#9986,#10437,.T.);
#10435 = VERTEX_POINT('',#10436);
#10436 = CARTESIAN_POINT('',(43.619580546037,-10.4,0.826176690203));
#10437 = LINE('',#10438,#10439);
#10438 = CARTESIAN_POINT('',(43.473240697462,-10.4,-0.566153963313));
#10439 = VECTOR('',#10440,1.);
#10440 = DIRECTION('',(0.104528463268,0.,0.994521895368));
#10441 = ORIENTED_EDGE('',*,*,#10442,.F.);
#10442 = EDGE_CURVE('',#10410,#10435,#10443,.T.);
#10443 = LINE('',#10444,#10445);
#10444 = CARTESIAN_POINT('',(29.782406444091,-10.4,2.280522292426));
#10445 = VECTOR('',#10446,1.);
#10446 = DIRECTION('',(0.994521895368,0.,-0.104528463268));
#10447 = ORIENTED_EDGE('',*,*,#10418,.T.);
#10448 = ORIENTED_EDGE('',*,*,#9994,.F.);
#10449 = PLANE('',#10450);
#10450 = AXIS2_PLACEMENT_3D('',#10451,#10452,#10453);
#10451 = CARTESIAN_POINT('',(29.782406444091,-10.4,2.280522292426));
#10452 = DIRECTION('',(0.,1.,0.));
#10453 = DIRECTION('',(0.104528463268,0.,0.994521895368));
#10454 = ADVANCED_FACE('',(#10455),#10491,.F.);
#10455 = FACE_BOUND('',#10456,.F.);
#10456 = EDGE_LOOP('',(#10457,#10466,#10472,#10473,#10474,#10483,#10489,
    #10490));
#10457 = ORIENTED_EDGE('',*,*,#10458,.F.);
#10458 = EDGE_CURVE('',#10459,#10435,#10461,.T.);
#10459 = VERTEX_POINT('',#10460);
#10460 = CARTESIAN_POINT('',(46.589826475815,-10.2,0.513991263202));
#10461 = CIRCLE('',#10462,1.5);
#10462 = AXIS2_PLACEMENT_3D('',#10463,#10464,#10465);
#10463 = CARTESIAN_POINT('',(45.098043632763,-10.2,0.670783958104));
#10464 = DIRECTION('',(0.104528463268,-0.,0.994521895368));
#10465 = DIRECTION('',(0.994521895368,0.,-0.104528463268));
#10466 = ORIENTED_EDGE('',*,*,#10467,.F.);
#10467 = EDGE_CURVE('',#10289,#10459,#10468,.T.);
#10468 = LINE('',#10469,#10470);
#10469 = CARTESIAN_POINT('',(46.44348662724,-10.2,-0.878339390313));
#10470 = VECTOR('',#10471,1.);
#10471 = DIRECTION('',(0.104528463268,0.,0.994521895368));
#10472 = ORIENTED_EDGE('',*,*,#10288,.T.);
#10473 = ORIENTED_EDGE('',*,*,#10467,.T.);
#10474 = ORIENTED_EDGE('',*,*,#10475,.F.);
#10475 = EDGE_CURVE('',#10476,#10459,#10478,.T.);
#10476 = VERTEX_POINT('',#10477);
#10477 = CARTESIAN_POINT('',(46.576506719488,-10.4,0.515391226005));
#10478 = CIRCLE('',#10479,1.5);
#10479 = AXIS2_PLACEMENT_3D('',#10480,#10481,#10482);
#10480 = CARTESIAN_POINT('',(45.098043632763,-10.2,0.670783958104));
#10481 = DIRECTION('',(0.104528463268,-0.,0.994521895368));
#10482 = DIRECTION('',(0.994521895368,0.,-0.104528463268));
#10483 = ORIENTED_EDGE('',*,*,#10484,.T.);
#10484 = EDGE_CURVE('',#10476,#9978,#10485,.T.);
#10485 = LINE('',#10486,#10487);
#10486 = CARTESIAN_POINT('',(46.430166870914,-10.4,-0.876939427511));
#10487 = VECTOR('',#10488,1.);
#10488 = DIRECTION('',(0.104528463268,0.,0.994521895368));
#10489 = ORIENTED_EDGE('',*,*,#9985,.F.);
#10490 = ORIENTED_EDGE('',*,*,#10434,.F.);
#10491 = CYLINDRICAL_SURFACE('',#10492,1.5);
#10492 = AXIS2_PLACEMENT_3D('',#10493,#10494,#10495);
#10493 = CARTESIAN_POINT('',(44.951703784188,-10.2,-0.721546695412));
#10494 = DIRECTION('',(0.104528463268,0.,0.994521895368));
#10495 = DIRECTION('',(0.994521895368,0.,-0.104528463268));
#10496 = ADVANCED_FACE('',(#10497),#10515,.T.);
#10497 = FACE_BOUND('',#10498,.T.);
#10498 = EDGE_LOOP('',(#10499,#10507,#10513,#10514));
#10499 = ORIENTED_EDGE('',*,*,#10500,.F.);
#10500 = EDGE_CURVE('',#10501,#9970,#10503,.T.);
#10501 = VERTEX_POINT('',#10502);
#10502 = CARTESIAN_POINT('',(50.468461867751,-10.4,0.106330256458));
#10503 = LINE('',#10504,#10505);
#10504 = CARTESIAN_POINT('',(50.468461867751,-10.4,0.106330256458));
#10505 = VECTOR('',#10506,1.);
#10506 = DIRECTION('',(0.104528463268,0.,0.994521895368));
#10507 = ORIENTED_EDGE('',*,*,#10508,.F.);
#10508 = EDGE_CURVE('',#10476,#10501,#10509,.T.);
#10509 = LINE('',#10510,#10511);
#10510 = CARTESIAN_POINT('',(29.782406444091,-10.4,2.280522292426));
#10511 = VECTOR('',#10512,1.);
#10512 = DIRECTION('',(0.994521895368,0.,-0.104528463268));
#10513 = ORIENTED_EDGE('',*,*,#10484,.T.);
#10514 = ORIENTED_EDGE('',*,*,#9977,.F.);
#10515 = PLANE('',#10516);
#10516 = AXIS2_PLACEMENT_3D('',#10517,#10518,#10519);
#10517 = CARTESIAN_POINT('',(29.782406444091,-10.4,2.280522292426));
#10518 = DIRECTION('',(0.,1.,0.));
#10519 = DIRECTION('',(0.104528463268,0.,0.994521895368));
#10520 = ADVANCED_FACE('',(#10521),#10539,.F.);
#10521 = FACE_BOUND('',#10522,.F.);
#10522 = EDGE_LOOP('',(#10523,#10524,#10532,#10538));
#10523 = ORIENTED_EDGE('',*,*,#10500,.F.);
#10524 = ORIENTED_EDGE('',*,*,#10525,.T.);
#10525 = EDGE_CURVE('',#10501,#10526,#10528,.T.);
#10526 = VERTEX_POINT('',#10527);
#10527 = CARTESIAN_POINT('',(50.468461867751,-5.,0.106330256458));
#10528 = LINE('',#10529,#10530);
#10529 = CARTESIAN_POINT('',(50.468461867751,-10.4,0.106330256458));
#10530 = VECTOR('',#10531,1.);
#10531 = DIRECTION('',(0.,1.,0.));
#10532 = ORIENTED_EDGE('',*,*,#10533,.T.);
#10533 = EDGE_CURVE('',#10526,#9962,#10534,.T.);
#10534 = LINE('',#10535,#10536);
#10535 = CARTESIAN_POINT('',(50.458009021424,-5.,6.878066921504E-03));
#10536 = VECTOR('',#10537,1.);
#10537 = DIRECTION('',(0.104528463268,0.,0.994521895368));
#10538 = ORIENTED_EDGE('',*,*,#9969,.F.);
#10539 = PLANE('',#10540);
#10540 = AXIS2_PLACEMENT_3D('',#10541,#10542,#10543);
#10541 = CARTESIAN_POINT('',(50.468461867751,-10.4,0.106330256458));
#10542 = DIRECTION('',(0.994521895368,0.,-0.104528463268));
#10543 = DIRECTION('',(0.104528463268,0.,0.994521895368));
#10544 = ADVANCED_FACE('',(#10545),#10579,.T.);
#10545 = FACE_BOUND('',#10546,.T.);
#10546 = EDGE_LOOP('',(#10547,#10557,#10565,#10571,#10572,#10573));
#10547 = ORIENTED_EDGE('',*,*,#10548,.F.);
#10548 = EDGE_CURVE('',#10549,#10551,#10553,.T.);
#10549 = VERTEX_POINT('',#10550);
#10550 = CARTESIAN_POINT('',(49.055225521582,-5.,5.376572595939E-02));
#10551 = VERTEX_POINT('',#10552);
#10552 = CARTESIAN_POINT('',(52.038791207687,-5.,-0.259819663844));
#10553 = LINE('',#10554,#10555);
#10554 = CARTESIAN_POINT('',(49.055225521582,-5.,5.376572595939E-02));
#10555 = VECTOR('',#10556,1.);
#10556 = DIRECTION('',(0.994521895368,0.,-0.104528463268));
#10557 = ORIENTED_EDGE('',*,*,#10558,.T.);
#10558 = EDGE_CURVE('',#10549,#10559,#10561,.T.);
#10559 = VERTEX_POINT('',#10560);
#10560 = CARTESIAN_POINT('',(49.076131214236,-5.,0.252670105033));
#10561 = LINE('',#10562,#10563);
#10562 = CARTESIAN_POINT('',(49.055225521582,-5.,5.376572595939E-02));
#10563 = VECTOR('',#10564,1.);
#10564 = DIRECTION('',(0.104528463268,0.,0.994521895368));
#10565 = ORIENTED_EDGE('',*,*,#10566,.F.);
#10566 = EDGE_CURVE('',#10526,#10559,#10567,.T.);
#10567 = LINE('',#10568,#10569);
#10568 = CARTESIAN_POINT('',(39.429268829163,-5.,1.266596198729));
#10569 = VECTOR('',#10570,1.);
#10570 = DIRECTION('',(-0.994521895368,0.,0.104528463268));
#10571 = ORIENTED_EDGE('',*,*,#10533,.T.);
#10572 = ORIENTED_EDGE('',*,*,#9961,.F.);
#10573 = ORIENTED_EDGE('',*,*,#10574,.F.);
#10574 = EDGE_CURVE('',#10551,#9954,#10575,.T.);
#10575 = LINE('',#10576,#10577);
#10576 = CARTESIAN_POINT('',(52.038791207687,-5.,-0.259819663844));
#10577 = VECTOR('',#10578,1.);
#10578 = DIRECTION('',(0.104528463268,0.,0.994521895368));
#10579 = PLANE('',#10580);
#10580 = AXIS2_PLACEMENT_3D('',#10581,#10582,#10583);
#10581 = CARTESIAN_POINT('',(49.055225521582,-5.,5.376572595939E-02));
#10582 = DIRECTION('',(0.,1.,0.));
#10583 = DIRECTION('',(0.104528463268,0.,0.994521895368));
#10584 = ADVANCED_FACE('',(#10585),#10607,.T.);
#10585 = FACE_BOUND('',#10586,.T.);
#10586 = EDGE_LOOP('',(#10587,#10588,#10589,#10590,#10591,#10592,#10600,
    #10606));
#10587 = ORIENTED_EDGE('',*,*,#9953,.F.);
#10588 = ORIENTED_EDGE('',*,*,#10330,.F.);
#10589 = ORIENTED_EDGE('',*,*,#10268,.T.);
#10590 = ORIENTED_EDGE('',*,*,#10245,.T.);
#10591 = ORIENTED_EDGE('',*,*,#10155,.F.);
#10592 = ORIENTED_EDGE('',*,*,#10593,.F.);
#10593 = EDGE_CURVE('',#10594,#10146,#10596,.T.);
#10594 = VERTEX_POINT('',#10595);
#10595 = CARTESIAN_POINT('',(52.038791207687,5.,-0.259819663844));
#10596 = LINE('',#10597,#10598);
#10597 = CARTESIAN_POINT('',(52.038791207687,5.,-0.259819663844));
#10598 = VECTOR('',#10599,1.);
#10599 = DIRECTION('',(0.104528463268,0.,0.994521895368));
#10600 = ORIENTED_EDGE('',*,*,#10601,.F.);
#10601 = EDGE_CURVE('',#10551,#10594,#10602,.T.);
#10602 = LINE('',#10603,#10604);
#10603 = CARTESIAN_POINT('',(52.038791207687,-5.,-0.259819663844));
#10604 = VECTOR('',#10605,1.);
#10605 = DIRECTION('',(0.,1.,0.));
#10606 = ORIENTED_EDGE('',*,*,#10574,.T.);
#10607 = PLANE('',#10608);
#10608 = AXIS2_PLACEMENT_3D('',#10609,#10610,#10611);
#10609 = CARTESIAN_POINT('',(51.934262744419,-12.,-1.254341559212));
#10610 = DIRECTION('',(0.994521895368,0.,-0.104528463268));
#10611 = DIRECTION('',(0.104528463268,0.,0.994521895368));
#10612 = ADVANCED_FACE('',(#10613),#10624,.F.);
#10613 = FACE_BOUND('',#10614,.F.);
#10614 = EDGE_LOOP('',(#10615,#10616,#10617,#10618));
#10615 = ORIENTED_EDGE('',*,*,#10067,.F.);
#10616 = ORIENTED_EDGE('',*,*,#10083,.T.);
#10617 = ORIENTED_EDGE('',*,*,#10131,.T.);
#10618 = ORIENTED_EDGE('',*,*,#10619,.F.);
#10619 = EDGE_CURVE('',#10060,#10124,#10620,.T.);
#10620 = LINE('',#10621,#10622);
#10621 = CARTESIAN_POINT('',(31.174737097607,-7.7,2.134182443851));
#10622 = VECTOR('',#10623,1.);
#10623 = DIRECTION('',(0.,1.,0.));
#10624 = PLANE('',#10625);
#10625 = AXIS2_PLACEMENT_3D('',#10626,#10627,#10628);
#10626 = CARTESIAN_POINT('',(31.153831404953,-5.,1.935278064777));
#10627 = DIRECTION('',(0.994521895368,0.,-0.104528463268));
#10628 = DIRECTION('',(0.104528463268,0.,0.994521895368));
#10629 = ADVANCED_FACE('',(#10630),#10735,.T.);
#10630 = FACE_BOUND('',#10631,.T.);
#10631 = EDGE_LOOP('',(#10632,#10642,#10648,#10649,#10650,#10651,#10652,
    #10653,#10654,#10655,#10656,#10657,#10658,#10659,#10660,#10661,
    #10669,#10677,#10685,#10693,#10702,#10711,#10719,#10728));
#10632 = ORIENTED_EDGE('',*,*,#10633,.F.);
#10633 = EDGE_CURVE('',#10634,#10636,#10638,.T.);
#10634 = VERTEX_POINT('',#10635);
#10635 = CARTESIAN_POINT('',(29.782406444091,10.4,2.280522292426));
#10636 = VERTEX_POINT('',#10637);
#10637 = CARTESIAN_POINT('',(33.674361592354,10.4,1.871461322879));
#10638 = LINE('',#10639,#10640);
#10639 = CARTESIAN_POINT('',(29.782406444091,10.4,2.280522292426));
#10640 = VECTOR('',#10641,1.);
#10641 = DIRECTION('',(0.994521895368,0.,-0.104528463268));
#10642 = ORIENTED_EDGE('',*,*,#10643,.F.);
#10643 = EDGE_CURVE('',#10116,#10634,#10644,.T.);
#10644 = LINE('',#10645,#10646);
#10645 = CARTESIAN_POINT('',(29.782406444091,-10.4,2.280522292426));
#10646 = VECTOR('',#10647,1.);
#10647 = DIRECTION('',(0.,1.,0.));
#10648 = ORIENTED_EDGE('',*,*,#10123,.F.);
#10649 = ORIENTED_EDGE('',*,*,#10619,.F.);
#10650 = ORIENTED_EDGE('',*,*,#10059,.T.);
#10651 = ORIENTED_EDGE('',*,*,#10352,.F.);
#10652 = ORIENTED_EDGE('',*,*,#10376,.T.);
#10653 = ORIENTED_EDGE('',*,*,#10392,.F.);
#10654 = ORIENTED_EDGE('',*,*,#10409,.F.);
#10655 = ORIENTED_EDGE('',*,*,#10442,.T.);
#10656 = ORIENTED_EDGE('',*,*,#10458,.F.);
#10657 = ORIENTED_EDGE('',*,*,#10475,.F.);
#10658 = ORIENTED_EDGE('',*,*,#10508,.T.);
#10659 = ORIENTED_EDGE('',*,*,#10525,.T.);
#10660 = ORIENTED_EDGE('',*,*,#10566,.T.);
#10661 = ORIENTED_EDGE('',*,*,#10662,.T.);
#10662 = EDGE_CURVE('',#10559,#10663,#10665,.T.);
#10663 = VERTEX_POINT('',#10664);
#10664 = CARTESIAN_POINT('',(49.076131214236,5.,0.252670105033));
#10665 = LINE('',#10666,#10667);
#10666 = CARTESIAN_POINT('',(49.076131214236,-7.7,0.252670105033));
#10667 = VECTOR('',#10668,1.);
#10668 = DIRECTION('',(0.,1.,0.));
#10669 = ORIENTED_EDGE('',*,*,#10670,.F.);
#10670 = EDGE_CURVE('',#10671,#10663,#10673,.T.);
#10671 = VERTEX_POINT('',#10672);
#10672 = CARTESIAN_POINT('',(50.468461867751,5.,0.106330256458));
#10673 = LINE('',#10674,#10675);
#10674 = CARTESIAN_POINT('',(39.429268829163,5.,1.266596198729));
#10675 = VECTOR('',#10676,1.);
#10676 = DIRECTION('',(-0.994521895368,0.,0.104528463268));
#10677 = ORIENTED_EDGE('',*,*,#10678,.T.);
#10678 = EDGE_CURVE('',#10671,#10679,#10681,.T.);
#10679 = VERTEX_POINT('',#10680);
#10680 = CARTESIAN_POINT('',(50.468461867751,10.4,0.106330256458));
#10681 = LINE('',#10682,#10683);
#10682 = CARTESIAN_POINT('',(50.468461867751,-10.4,0.106330256458));
#10683 = VECTOR('',#10684,1.);
#10684 = DIRECTION('',(0.,1.,0.));
#10685 = ORIENTED_EDGE('',*,*,#10686,.F.);
#10686 = EDGE_CURVE('',#10687,#10679,#10689,.T.);
#10687 = VERTEX_POINT('',#10688);
#10688 = CARTESIAN_POINT('',(46.576506719488,10.4,0.515391226005));
#10689 = LINE('',#10690,#10691);
#10690 = CARTESIAN_POINT('',(29.782406444091,10.4,2.280522292426));
#10691 = VECTOR('',#10692,1.);
#10692 = DIRECTION('',(0.994521895368,0.,-0.104528463268));
#10693 = ORIENTED_EDGE('',*,*,#10694,.F.);
#10694 = EDGE_CURVE('',#10695,#10687,#10697,.T.);
#10695 = VERTEX_POINT('',#10696);
#10696 = CARTESIAN_POINT('',(46.589826475815,10.2,0.513991263202));
#10697 = CIRCLE('',#10698,1.5);
#10698 = AXIS2_PLACEMENT_3D('',#10699,#10700,#10701);
#10699 = CARTESIAN_POINT('',(45.098043632763,10.2,0.670783958104));
#10700 = DIRECTION('',(0.104528463268,-0.,0.994521895368));
#10701 = DIRECTION('',(0.994521895368,0.,-0.104528463268));
#10702 = ORIENTED_EDGE('',*,*,#10703,.F.);
#10703 = EDGE_CURVE('',#10704,#10695,#10706,.T.);
#10704 = VERTEX_POINT('',#10705);
#10705 = CARTESIAN_POINT('',(43.619580546037,10.4,0.826176690203));
#10706 = CIRCLE('',#10707,1.5);
#10707 = AXIS2_PLACEMENT_3D('',#10708,#10709,#10710);
#10708 = CARTESIAN_POINT('',(45.098043632763,10.2,0.670783958104));
#10709 = DIRECTION('',(0.104528463268,-0.,0.994521895368));
#10710 = DIRECTION('',(0.994521895368,0.,-0.104528463268));
#10711 = ORIENTED_EDGE('',*,*,#10712,.F.);
#10712 = EDGE_CURVE('',#10713,#10704,#10715,.T.);
#10713 = VERTEX_POINT('',#10714);
#10714 = CARTESIAN_POINT('',(36.631287765806,10.4,1.560675858681));
#10715 = LINE('',#10716,#10717);
#10716 = CARTESIAN_POINT('',(29.782406444091,10.4,2.280522292426));
#10717 = VECTOR('',#10718,1.);
#10718 = DIRECTION('',(0.994521895368,0.,-0.104528463268));
#10719 = ORIENTED_EDGE('',*,*,#10720,.F.);
#10720 = EDGE_CURVE('',#10721,#10713,#10723,.T.);
#10721 = VERTEX_POINT('',#10722);
#10722 = CARTESIAN_POINT('',(36.644607522132,10.2,1.559275895879));
#10723 = CIRCLE('',#10724,1.5);
#10724 = AXIS2_PLACEMENT_3D('',#10725,#10726,#10727);
#10725 = CARTESIAN_POINT('',(35.15282467908,10.2,1.71606859078));
#10726 = DIRECTION('',(0.104528463268,-0.,0.994521895368));
#10727 = DIRECTION('',(0.994521895368,0.,-0.104528463268));
#10728 = ORIENTED_EDGE('',*,*,#10729,.F.);
#10729 = EDGE_CURVE('',#10636,#10721,#10730,.T.);
#10730 = CIRCLE('',#10731,1.5);
#10731 = AXIS2_PLACEMENT_3D('',#10732,#10733,#10734);
#10732 = CARTESIAN_POINT('',(35.15282467908,10.2,1.71606859078));
#10733 = DIRECTION('',(0.104528463268,-0.,0.994521895368));
#10734 = DIRECTION('',(0.994521895368,0.,-0.104528463268));
#10735 = PLANE('',#10736);
#10736 = AXIS2_PLACEMENT_3D('',#10737,#10738,#10739);
#10737 = CARTESIAN_POINT('',(29.782406444091,-10.4,2.280522292426));
#10738 = DIRECTION('',(0.104528463268,0.,0.994521895368));
#10739 = DIRECTION('',(0.994521895368,0.,-0.104528463268));
#10740 = ADVANCED_FACE('',(#10741),#10752,.T.);
#10741 = FACE_BOUND('',#10742,.T.);
#10742 = EDGE_LOOP('',(#10743,#10744,#10745,#10751));
#10743 = ORIENTED_EDGE('',*,*,#10115,.F.);
#10744 = ORIENTED_EDGE('',*,*,#10643,.T.);
#10745 = ORIENTED_EDGE('',*,*,#10746,.T.);
#10746 = EDGE_CURVE('',#10634,#10172,#10747,.T.);
#10747 = LINE('',#10748,#10749);
#10748 = CARTESIAN_POINT('',(29.782406444091,10.4,2.280522292426));
#10749 = VECTOR('',#10750,1.);
#10750 = DIRECTION('',(0.104528463268,0.,0.994521895368));
#10751 = ORIENTED_EDGE('',*,*,#10171,.F.);
#10752 = PLANE('',#10753);
#10753 = AXIS2_PLACEMENT_3D('',#10754,#10755,#10756);
#10754 = CARTESIAN_POINT('',(29.782406444091,-10.4,2.280522292426));
#10755 = DIRECTION('',(0.994521895368,0.,-0.104528463268));
#10756 = DIRECTION('',(0.104528463268,0.,0.994521895368));
#10757 = ADVANCED_FACE('',(#10758),#10783,.F.);
#10758 = FACE_BOUND('',#10759,.F.);
#10759 = EDGE_LOOP('',(#10760,#10768,#10774,#10775,#10781,#10782));
#10760 = ORIENTED_EDGE('',*,*,#10761,.F.);
#10761 = EDGE_CURVE('',#10762,#10594,#10764,.T.);
#10762 = VERTEX_POINT('',#10763);
#10763 = CARTESIAN_POINT('',(49.055225521582,5.,5.376572595939E-02));
#10764 = LINE('',#10765,#10766);
#10765 = CARTESIAN_POINT('',(49.055225521582,5.,5.376572595939E-02));
#10766 = VECTOR('',#10767,1.);
#10767 = DIRECTION('',(0.994521895368,0.,-0.104528463268));
#10768 = ORIENTED_EDGE('',*,*,#10769,.T.);
#10769 = EDGE_CURVE('',#10762,#10663,#10770,.T.);
#10770 = LINE('',#10771,#10772);
#10771 = CARTESIAN_POINT('',(49.055225521582,5.,5.376572595939E-02));
#10772 = VECTOR('',#10773,1.);
#10773 = DIRECTION('',(0.104528463268,0.,0.994521895368));
#10774 = ORIENTED_EDGE('',*,*,#10670,.F.);
#10775 = ORIENTED_EDGE('',*,*,#10776,.T.);
#10776 = EDGE_CURVE('',#10671,#10148,#10777,.T.);
#10777 = LINE('',#10778,#10779);
#10778 = CARTESIAN_POINT('',(50.458009021424,5.,6.878066921504E-03));
#10779 = VECTOR('',#10780,1.);
#10780 = DIRECTION('',(0.104528463268,0.,0.994521895368));
#10781 = ORIENTED_EDGE('',*,*,#10145,.F.);
#10782 = ORIENTED_EDGE('',*,*,#10593,.F.);
#10783 = PLANE('',#10784);
#10784 = AXIS2_PLACEMENT_3D('',#10785,#10786,#10787);
#10785 = CARTESIAN_POINT('',(49.055225521582,5.,5.376572595939E-02));
#10786 = DIRECTION('',(0.,1.,0.));
#10787 = DIRECTION('',(0.104528463268,0.,0.994521895368));
#10788 = ADVANCED_FACE('',(#10789),#10800,.F.);
#10789 = FACE_BOUND('',#10790,.F.);
#10790 = EDGE_LOOP('',(#10791,#10792,#10793,#10799));
#10791 = ORIENTED_EDGE('',*,*,#10776,.F.);
#10792 = ORIENTED_EDGE('',*,*,#10678,.T.);
#10793 = ORIENTED_EDGE('',*,*,#10794,.T.);
#10794 = EDGE_CURVE('',#10679,#10214,#10795,.T.);
#10795 = LINE('',#10796,#10797);
#10796 = CARTESIAN_POINT('',(50.468461867751,10.4,0.106330256458));
#10797 = VECTOR('',#10798,1.);
#10798 = DIRECTION('',(0.104528463268,0.,0.994521895368));
#10799 = ORIENTED_EDGE('',*,*,#10221,.F.);
#10800 = PLANE('',#10801);
#10801 = AXIS2_PLACEMENT_3D('',#10802,#10803,#10804);
#10802 = CARTESIAN_POINT('',(50.468461867751,-10.4,0.106330256458));
#10803 = DIRECTION('',(0.994521895368,0.,-0.104528463268));
#10804 = DIRECTION('',(0.104528463268,0.,0.994521895368));
#10805 = ADVANCED_FACE('',(#10806),#10817,.F.);
#10806 = FACE_BOUND('',#10807,.F.);
#10807 = EDGE_LOOP('',(#10808,#10809,#10810,#10816));
#10808 = ORIENTED_EDGE('',*,*,#10794,.F.);
#10809 = ORIENTED_EDGE('',*,*,#10686,.F.);
#10810 = ORIENTED_EDGE('',*,*,#10811,.T.);
#10811 = EDGE_CURVE('',#10687,#10205,#10812,.T.);
#10812 = LINE('',#10813,#10814);
#10813 = CARTESIAN_POINT('',(46.430166870914,10.4,-0.876939427511));
#10814 = VECTOR('',#10815,1.);
#10815 = DIRECTION('',(0.104528463268,0.,0.994521895368));
#10816 = ORIENTED_EDGE('',*,*,#10213,.F.);
#10817 = PLANE('',#10818);
#10818 = AXIS2_PLACEMENT_3D('',#10819,#10820,#10821);
#10819 = CARTESIAN_POINT('',(29.782406444091,10.4,2.280522292426));
#10820 = DIRECTION('',(0.,1.,0.));
#10821 = DIRECTION('',(0.104528463268,0.,0.994521895368));
#10822 = ADVANCED_FACE('',(#10823),#10843,.F.);
#10823 = FACE_BOUND('',#10824,.F.);
#10824 = EDGE_LOOP('',(#10825,#10826,#10832,#10833,#10834,#10835,#10841,
    #10842));
#10825 = ORIENTED_EDGE('',*,*,#10694,.F.);
#10826 = ORIENTED_EDGE('',*,*,#10827,.F.);
#10827 = EDGE_CURVE('',#10311,#10695,#10828,.T.);
#10828 = LINE('',#10829,#10830);
#10829 = CARTESIAN_POINT('',(46.44348662724,10.2,-0.878339390313));
#10830 = VECTOR('',#10831,1.);
#10831 = DIRECTION('',(0.104528463268,0.,0.994521895368));
#10832 = ORIENTED_EDGE('',*,*,#10310,.T.);
#10833 = ORIENTED_EDGE('',*,*,#10827,.T.);
#10834 = ORIENTED_EDGE('',*,*,#10703,.F.);
#10835 = ORIENTED_EDGE('',*,*,#10836,.T.);
#10836 = EDGE_CURVE('',#10704,#10197,#10837,.T.);
#10837 = LINE('',#10838,#10839);
#10838 = CARTESIAN_POINT('',(43.473240697462,10.4,-0.566153963313));
#10839 = VECTOR('',#10840,1.);
#10840 = DIRECTION('',(0.104528463268,0.,0.994521895368));
#10841 = ORIENTED_EDGE('',*,*,#10204,.F.);
#10842 = ORIENTED_EDGE('',*,*,#10811,.F.);
#10843 = CYLINDRICAL_SURFACE('',#10844,1.5);
#10844 = AXIS2_PLACEMENT_3D('',#10845,#10846,#10847);
#10845 = CARTESIAN_POINT('',(44.951703784188,10.2,-0.721546695412));
#10846 = DIRECTION('',(0.104528463268,0.,0.994521895368));
#10847 = DIRECTION('',(0.994521895368,0.,-0.104528463268));
#10848 = ADVANCED_FACE('',(#10849),#10860,.F.);
#10849 = FACE_BOUND('',#10850,.F.);
#10850 = EDGE_LOOP('',(#10851,#10852,#10853,#10859));
#10851 = ORIENTED_EDGE('',*,*,#10836,.F.);
#10852 = ORIENTED_EDGE('',*,*,#10712,.F.);
#10853 = ORIENTED_EDGE('',*,*,#10854,.T.);
#10854 = EDGE_CURVE('',#10713,#10188,#10855,.T.);
#10855 = LINE('',#10856,#10857);
#10856 = CARTESIAN_POINT('',(36.484947917231,10.4,0.168345205166));
#10857 = VECTOR('',#10858,1.);
#10858 = DIRECTION('',(0.104528463268,0.,0.994521895368));
#10859 = ORIENTED_EDGE('',*,*,#10196,.F.);
#10860 = PLANE('',#10861);
#10861 = AXIS2_PLACEMENT_3D('',#10862,#10863,#10864);
#10862 = CARTESIAN_POINT('',(29.782406444091,10.4,2.280522292426));
#10863 = DIRECTION('',(0.,1.,0.));
#10864 = DIRECTION('',(0.104528463268,0.,0.994521895368));
#10865 = ADVANCED_FACE('',(#10866),#10886,.F.);
#10866 = FACE_BOUND('',#10867,.F.);
#10867 = EDGE_LOOP('',(#10868,#10869,#10875,#10876,#10877,#10878,#10884,
    #10885));
#10868 = ORIENTED_EDGE('',*,*,#10720,.F.);
#10869 = ORIENTED_EDGE('',*,*,#10870,.F.);
#10870 = EDGE_CURVE('',#10300,#10721,#10871,.T.);
#10871 = LINE('',#10872,#10873);
#10872 = CARTESIAN_POINT('',(36.498267673558,10.2,0.166945242363));
#10873 = VECTOR('',#10874,1.);
#10874 = DIRECTION('',(0.104528463268,0.,0.994521895368));
#10875 = ORIENTED_EDGE('',*,*,#10299,.T.);
#10876 = ORIENTED_EDGE('',*,*,#10870,.T.);
#10877 = ORIENTED_EDGE('',*,*,#10729,.F.);
#10878 = ORIENTED_EDGE('',*,*,#10879,.T.);
#10879 = EDGE_CURVE('',#10636,#10180,#10880,.T.);
#10880 = LINE('',#10881,#10882);
#10881 = CARTESIAN_POINT('',(33.528021743779,10.4,0.479130669363));
#10882 = VECTOR('',#10883,1.);
#10883 = DIRECTION('',(0.104528463268,0.,0.994521895368));
#10884 = ORIENTED_EDGE('',*,*,#10187,.F.);
#10885 = ORIENTED_EDGE('',*,*,#10854,.F.);
#10886 = CYLINDRICAL_SURFACE('',#10887,1.5);
#10887 = AXIS2_PLACEMENT_3D('',#10888,#10889,#10890);
#10888 = CARTESIAN_POINT('',(35.006484830505,10.2,0.323737937265));
#10889 = DIRECTION('',(0.104528463268,0.,0.994521895368));
#10890 = DIRECTION('',(0.994521895368,0.,-0.104528463268));
#10891 = ADVANCED_FACE('',(#10892),#10898,.F.);
#10892 = FACE_BOUND('',#10893,.F.);
#10893 = EDGE_LOOP('',(#10894,#10895,#10896,#10897));
#10894 = ORIENTED_EDGE('',*,*,#10879,.F.);
#10895 = ORIENTED_EDGE('',*,*,#10633,.F.);
#10896 = ORIENTED_EDGE('',*,*,#10746,.T.);
#10897 = ORIENTED_EDGE('',*,*,#10179,.F.);
#10898 = PLANE('',#10899);
#10899 = AXIS2_PLACEMENT_3D('',#10900,#10901,#10902);
#10900 = CARTESIAN_POINT('',(29.782406444091,10.4,2.280522292426));
#10901 = DIRECTION('',(0.,1.,0.));
#10902 = DIRECTION('',(0.104528463268,0.,0.994521895368));
#10903 = ADVANCED_FACE('',(#10904),#10915,.T.);
#10904 = FACE_BOUND('',#10905,.T.);
#10905 = EDGE_LOOP('',(#10906,#10912,#10913,#10914));
#10906 = ORIENTED_EDGE('',*,*,#10907,.F.);
#10907 = EDGE_CURVE('',#10549,#10762,#10908,.T.);
#10908 = LINE('',#10909,#10910);
#10909 = CARTESIAN_POINT('',(49.055225521582,-5.,5.376572595939E-02));
#10910 = VECTOR('',#10911,1.);
#10911 = DIRECTION('',(0.,1.,0.));
#10912 = ORIENTED_EDGE('',*,*,#10548,.T.);
#10913 = ORIENTED_EDGE('',*,*,#10601,.T.);
#10914 = ORIENTED_EDGE('',*,*,#10761,.F.);
#10915 = PLANE('',#10916);
#10916 = AXIS2_PLACEMENT_3D('',#10917,#10918,#10919);
#10917 = CARTESIAN_POINT('',(49.055225521582,-5.,5.376572595939E-02));
#10918 = DIRECTION('',(0.104528463268,0.,0.994521895368));
#10919 = DIRECTION('',(0.994521895368,0.,-0.104528463268));
#10920 = ADVANCED_FACE('',(#10921),#10927,.T.);
#10921 = FACE_BOUND('',#10922,.T.);
#10922 = EDGE_LOOP('',(#10923,#10924,#10925,#10926));
#10923 = ORIENTED_EDGE('',*,*,#10558,.F.);
#10924 = ORIENTED_EDGE('',*,*,#10907,.T.);
#10925 = ORIENTED_EDGE('',*,*,#10769,.T.);
#10926 = ORIENTED_EDGE('',*,*,#10662,.F.);
#10927 = PLANE('',#10928);
#10928 = AXIS2_PLACEMENT_3D('',#10929,#10930,#10931);
#10929 = CARTESIAN_POINT('',(49.055225521582,-5.,5.376572595939E-02));
#10930 = DIRECTION('',(0.994521895368,0.,-0.104528463268));
#10931 = DIRECTION('',(0.104528463268,0.,0.994521895368));
#10932 = ( GEOMETRIC_REPRESENTATION_CONTEXT(3) 
GLOBAL_UNCERTAINTY_ASSIGNED_CONTEXT((#10936)) 
GLOBAL_UNIT_ASSIGNED_CONTEXT((#10933,#10934,#10935)) 
REPRESENTATION_CONTEXT('Context #1',
  '3D Context with UNIT and UNCERTAINTY') );
#10933 = ( LENGTH_UNIT() NAMED_UNIT(*) SI_UNIT(.MILLI.,.METRE.) );
#10934 = ( NAMED_UNIT(*) PLANE_ANGLE_UNIT() SI_UNIT($,.RADIAN.) );
#10935 = ( NAMED_UNIT(*) SI_UNIT($,.STERADIAN.) SOLID_ANGLE_UNIT() );
#10936 = UNCERTAINTY_MEASURE_WITH_UNIT(LENGTH_MEASURE(1.E-07),#10933,
  'distance_accuracy_value','confusion accuracy');
#10937 = CONTEXT_DEPENDENT_SHAPE_REPRESENTATION(#10938,#10940);
#10938 = ( REPRESENTATION_RELATIONSHIP('','',#9865,#10) 
REPRESENTATION_RELATIONSHIP_WITH_TRANSFORMATION(#10939) 
SHAPE_REPRESENTATION_RELATIONSHIP() );
#10939 = ITEM_DEFINED_TRANSFORMATION('','',#11,#75);
#10940 = PRODUCT_DEFINITION_SHAPE('Placement','Placement of an item',
  #10941);
#10941 = NEXT_ASSEMBLY_USAGE_OCCURRENCE('16','Right wing carrier','',#5,
  #9860,$);
#10942 = PRODUCT_RELATED_PRODUCT_CATEGORY('part',$,(#9862));
#10943 = SHAPE_DEFINITION_REPRESENTATION(#10944,#10950);
#10944 = PRODUCT_DEFINITION_SHAPE('','',#10945);
#10945 = PRODUCT_DEFINITION('design','',#10946,#10949);
#10946 = PRODUCT_DEFINITION_FORMATION('','',#10947);
#10947 = PRODUCT('Right spring wing PCB','Right spring wing PCB','',(
    #10948));
#10948 = PRODUCT_CONTEXT('',#2,'mechanical');
#10949 = PRODUCT_DEFINITION_CONTEXT('part definition',#2,'design');
#10950 = ADVANCED_BREP_SHAPE_REPRESENTATION('',(#11,#10951),#11101);
#10951 = MANIFOLD_SOLID_BREP('',#10952);
#10952 = CLOSED_SHELL('',(#10953,#10993,#11033,#11055,#11077,#11089));
#10953 = ADVANCED_FACE('',(#10954),#10988,.F.);
#10954 = FACE_BOUND('',#10955,.F.);
#10955 = EDGE_LOOP('',(#10956,#10966,#10974,#10982));
#10956 = ORIENTED_EDGE('',*,*,#10957,.F.);
#10957 = EDGE_CURVE('',#10958,#10960,#10962,.T.);
#10958 = VERTEX_POINT('',#10959);
#10959 = CARTESIAN_POINT('',(30.201120894892,-10.,2.437615286192));
#10960 = VERTEX_POINT('',#10961);
#10961 = CARTESIAN_POINT('',(30.326555050813,-10.,3.631041560634));
#10962 = LINE('',#10963,#10964);
#10963 = CARTESIAN_POINT('',(30.201120894892,-10.,2.437615286192));
#10964 = VECTOR('',#10965,1.);
#10965 = DIRECTION('',(0.104528463268,0.,0.994521895368));
#10966 = ORIENTED_EDGE('',*,*,#10967,.T.);
#10967 = EDGE_CURVE('',#10958,#10968,#10970,.T.);
#10968 = VERTEX_POINT('',#10969);
#10969 = CARTESIAN_POINT('',(30.201120894892,10.,2.437615286192));
#10970 = LINE('',#10971,#10972);
#10971 = CARTESIAN_POINT('',(30.201120894892,-10.,2.437615286192));
#10972 = VECTOR('',#10973,1.);
#10973 = DIRECTION('',(0.,1.,0.));
#10974 = ORIENTED_EDGE('',*,*,#10975,.T.);
#10975 = EDGE_CURVE('',#10968,#10976,#10978,.T.);
#10976 = VERTEX_POINT('',#10977);
#10977 = CARTESIAN_POINT('',(30.326555050813,10.,3.631041560634));
#10978 = LINE('',#10979,#10980);
#10979 = CARTESIAN_POINT('',(30.201120894892,10.,2.437615286192));
#10980 = VECTOR('',#10981,1.);
#10981 = DIRECTION('',(0.104528463268,0.,0.994521895368));
#10982 = ORIENTED_EDGE('',*,*,#10983,.F.);
#10983 = EDGE_CURVE('',#10960,#10976,#10984,.T.);
#10984 = LINE('',#10985,#10986);
#10985 = CARTESIAN_POINT('',(30.326555050813,-10.,3.631041560634));
#10986 = VECTOR('',#10987,1.);
#10987 = DIRECTION('',(0.,1.,0.));
#10988 = PLANE('',#10989);
#10989 = AXIS2_PLACEMENT_3D('',#10990,#10991,#10992);
#10990 = CARTESIAN_POINT('',(30.201120894892,-10.,2.437615286192));
#10991 = DIRECTION('',(0.994521895368,0.,-0.104528463268));
#10992 = DIRECTION('',(0.104528463268,0.,0.994521895368));
#10993 = ADVANCED_FACE('',(#10994),#11028,.T.);
#10994 = FACE_BOUND('',#10995,.T.);
#10995 = EDGE_LOOP('',(#10996,#11006,#11014,#11022));
#10996 = ORIENTED_EDGE('',*,*,#10997,.F.);
#10997 = EDGE_CURVE('',#10998,#11000,#11002,.T.);
#10998 = VERTEX_POINT('',#10999);
#10999 = CARTESIAN_POINT('',(50.091558802257,-10.,0.347046020839));
#11000 = VERTEX_POINT('',#11001);
#11001 = CARTESIAN_POINT('',(50.216992958179,-10.,1.540472295281));
#11002 = LINE('',#11003,#11004);
#11003 = CARTESIAN_POINT('',(50.091558802257,-10.,0.347046020839));
#11004 = VECTOR('',#11005,1.);
#11005 = DIRECTION('',(0.104528463268,0.,0.994521895368));
#11006 = ORIENTED_EDGE('',*,*,#11007,.T.);
#11007 = EDGE_CURVE('',#10998,#11008,#11010,.T.);
#11008 = VERTEX_POINT('',#11009);
#11009 = CARTESIAN_POINT('',(50.091558802257,10.,0.347046020839));
#11010 = LINE('',#11011,#11012);
#11011 = CARTESIAN_POINT('',(50.091558802257,-10.,0.347046020839));
#11012 = VECTOR('',#11013,1.);
#11013 = DIRECTION('',(0.,1.,0.));
#11014 = ORIENTED_EDGE('',*,*,#11015,.T.);
#11015 = EDGE_CURVE('',#11008,#11016,#11018,.T.);
#11016 = VERTEX_POINT('',#11017);
#11017 = CARTESIAN_POINT('',(50.216992958179,10.,1.540472295281));
#11018 = LINE('',#11019,#11020);
#11019 = CARTESIAN_POINT('',(50.091558802257,10.,0.347046020839));
#11020 = VECTOR('',#11021,1.);
#11021 = DIRECTION('',(0.104528463268,0.,0.994521895368));
#11022 = ORIENTED_EDGE('',*,*,#11023,.F.);
#11023 = EDGE_CURVE('',#11000,#11016,#11024,.T.);
#11024 = LINE('',#11025,#11026);
#11025 = CARTESIAN_POINT('',(50.216992958179,-10.,1.540472295281));
#11026 = VECTOR('',#11027,1.);
#11027 = DIRECTION('',(0.,1.,0.));
#11028 = PLANE('',#11029);
#11029 = AXIS2_PLACEMENT_3D('',#11030,#11031,#11032);
#11030 = CARTESIAN_POINT('',(50.091558802257,-10.,0.347046020839));
#11031 = DIRECTION('',(0.994521895368,0.,-0.104528463268));
#11032 = DIRECTION('',(0.104528463268,0.,0.994521895368));
#11033 = ADVANCED_FACE('',(#11034),#11050,.F.);
#11034 = FACE_BOUND('',#11035,.F.);
#11035 = EDGE_LOOP('',(#11036,#11042,#11043,#11049));
#11036 = ORIENTED_EDGE('',*,*,#11037,.F.);
#11037 = EDGE_CURVE('',#10958,#10998,#11038,.T.);
#11038 = LINE('',#11039,#11040);
#11039 = CARTESIAN_POINT('',(30.201120894892,-10.,2.437615286192));
#11040 = VECTOR('',#11041,1.);
#11041 = DIRECTION('',(0.994521895368,0.,-0.104528463268));
#11042 = ORIENTED_EDGE('',*,*,#10957,.T.);
#11043 = ORIENTED_EDGE('',*,*,#11044,.T.);
#11044 = EDGE_CURVE('',#10960,#11000,#11045,.T.);
#11045 = LINE('',#11046,#11047);
#11046 = CARTESIAN_POINT('',(30.326555050813,-10.,3.631041560634));
#11047 = VECTOR('',#11048,1.);
#11048 = DIRECTION('',(0.994521895368,0.,-0.104528463268));
#11049 = ORIENTED_EDGE('',*,*,#10997,.F.);
#11050 = PLANE('',#11051);
#11051 = AXIS2_PLACEMENT_3D('',#11052,#11053,#11054);
#11052 = CARTESIAN_POINT('',(30.201120894892,-10.,2.437615286192));
#11053 = DIRECTION('',(0.,1.,0.));
#11054 = DIRECTION('',(0.104528463268,0.,0.994521895368));
#11055 = ADVANCED_FACE('',(#11056),#11072,.T.);
#11056 = FACE_BOUND('',#11057,.T.);
#11057 = EDGE_LOOP('',(#11058,#11064,#11065,#11071));
#11058 = ORIENTED_EDGE('',*,*,#11059,.F.);
#11059 = EDGE_CURVE('',#10968,#11008,#11060,.T.);
#11060 = LINE('',#11061,#11062);
#11061 = CARTESIAN_POINT('',(30.201120894892,10.,2.437615286192));
#11062 = VECTOR('',#11063,1.);
#11063 = DIRECTION('',(0.994521895368,0.,-0.104528463268));
#11064 = ORIENTED_EDGE('',*,*,#10975,.T.);
#11065 = ORIENTED_EDGE('',*,*,#11066,.T.);
#11066 = EDGE_CURVE('',#10976,#11016,#11067,.T.);
#11067 = LINE('',#11068,#11069);
#11068 = CARTESIAN_POINT('',(30.326555050813,10.,3.631041560634));
#11069 = VECTOR('',#11070,1.);
#11070 = DIRECTION('',(0.994521895368,0.,-0.104528463268));
#11071 = ORIENTED_EDGE('',*,*,#11015,.F.);
#11072 = PLANE('',#11073);
#11073 = AXIS2_PLACEMENT_3D('',#11074,#11075,#11076);
#11074 = CARTESIAN_POINT('',(30.201120894892,10.,2.437615286192));
#11075 = DIRECTION('',(0.,1.,0.));
#11076 = DIRECTION('',(0.104528463268,0.,0.994521895368));
#11077 = ADVANCED_FACE('',(#11078),#11084,.F.);
#11078 = FACE_BOUND('',#11079,.F.);
#11079 = EDGE_LOOP('',(#11080,#11081,#11082,#11083));
#11080 = ORIENTED_EDGE('',*,*,#10967,.F.);
#11081 = ORIENTED_EDGE('',*,*,#11037,.T.);
#11082 = ORIENTED_EDGE('',*,*,#11007,.T.);
#11083 = ORIENTED_EDGE('',*,*,#11059,.F.);
#11084 = PLANE('',#11085);
#11085 = AXIS2_PLACEMENT_3D('',#11086,#11087,#11088);
#11086 = CARTESIAN_POINT('',(30.201120894892,-10.,2.437615286192));
#11087 = DIRECTION('',(0.104528463268,0.,0.994521895368));
#11088 = DIRECTION('',(0.994521895368,0.,-0.104528463268));
#11089 = ADVANCED_FACE('',(#11090),#11096,.T.);
#11090 = FACE_BOUND('',#11091,.T.);
#11091 = EDGE_LOOP('',(#11092,#11093,#11094,#11095));
#11092 = ORIENTED_EDGE('',*,*,#10983,.F.);
#11093 = ORIENTED_EDGE('',*,*,#11044,.T.);
#11094 = ORIENTED_EDGE('',*,*,#11023,.T.);
#11095 = ORIENTED_EDGE('',*,*,#11066,.F.);
#11096 = PLANE('',#11097);
#11097 = AXIS2_PLACEMENT_3D('',#11098,#11099,#11100);
#11098 = CARTESIAN_POINT('',(30.326555050813,-10.,3.631041560634));
#11099 = DIRECTION('',(0.104528463268,0.,0.994521895368));
#11100 = DIRECTION('',(0.994521895368,0.,-0.104528463268));
#11101 = ( GEOMETRIC_REPRESENTATION_CONTEXT(3) 
GLOBAL_UNCERTAINTY_ASSIGNED_CONTEXT((#11105)) 
GLOBAL_UNIT_ASSIGNED_CONTEXT((#11102,#11103,#11104)) 
REPRESENTATION_CONTEXT('Context #1',
  '3D Context with UNIT and UNCERTAINTY') );
#11102 = ( LENGTH_UNIT() NAMED_UNIT(*) SI_UNIT(.MILLI.,.METRE.) );
#11103 = ( NAMED_UNIT(*) PLANE_ANGLE_UNIT() SI_UNIT($,.RADIAN.) );
#11104 = ( NAMED_UNIT(*) SI_UNIT($,.STERADIAN.) SOLID_ANGLE_UNIT() );
#11105 = UNCERTAINTY_MEASURE_WITH_UNIT(LENGTH_MEASURE(1.E-07),#11102,
  'distance_accuracy_value','confusion accuracy');
#11106 = CONTEXT_DEPENDENT_SHAPE_REPRESENTATION(#11107,#11109);
#11107 = ( REPRESENTATION_RELATIONSHIP('','',#10950,#10) 
REPRESENTATION_RELATIONSHIP_WITH_TRANSFORMATION(#11108) 
SHAPE_REPRESENTATION_RELATIONSHIP() );
#11108 = ITEM_DEFINED_TRANSFORMATION('','',#11,#79);
#11109 = PRODUCT_DEFINITION_SHAPE('Placement','Placement of an item',
  #11110);
#11110 = NEXT_ASSEMBLY_USAGE_OCCURRENCE('17','Right spring wing PCB','',
  #5,#10945,$);
#11111 = PRODUCT_RELATED_PRODUCT_CATEGORY('part',$,(#10947));
#11112 = SHAPE_DEFINITION_REPRESENTATION(#11113,#11119);
#11113 = PRODUCT_DEFINITION_SHAPE('','',#11114);
#11114 = PRODUCT_DEFINITION('design','',#11115,#11118);
#11115 = PRODUCT_DEFINITION_FORMATION('','',#11116);
#11116 = PRODUCT('Right Mill-Max 854 spring connector',
  'Right Mill-Max 854 spring connector','',(#11117));
#11117 = PRODUCT_CONTEXT('',#2,'mechanical');
#11118 = PRODUCT_DEFINITION_CONTEXT('part definition',#2,'design');
#11119 = SHAPE_REPRESENTATION('',(#11,#11120,#11270,#11323,#11376,#11414
    ,#11467,#11520,#11558,#11611,#11664,#11702,#11755,#11808,#11846,
    #11899,#11952,#11990,#12043,#12096,#12134,#12187,#12240,#12278,
    #12331,#12384,#12422,#12475,#12528,#12566,#12619,#12672,#12710,
    #12763,#12816,#12854,#12907,#12960),#12998);
#11120 = MANIFOLD_SOLID_BREP('',#11121);
#11121 = CLOSED_SHELL('',(#11122,#11162,#11202,#11224,#11246,#11258));
#11122 = ADVANCED_FACE('',(#11123),#11157,.F.);
#11123 = FACE_BOUND('',#11124,.F.);
#11124 = EDGE_LOOP('',(#11125,#11135,#11143,#11151));
#11125 = ORIENTED_EDGE('',*,*,#11126,.F.);
#11126 = EDGE_CURVE('',#11127,#11129,#11131,.T.);
#11127 = VERTEX_POINT('',#11128);
#11128 = CARTESIAN_POINT('',(33.136079405229,-0.95,3.335748651903));
#11129 = VERTEX_POINT('',#11130);
#11130 = CARTESIAN_POINT('',(33.251060714823,-0.95,4.429722736808));
#11131 = LINE('',#11132,#11133);
#11132 = CARTESIAN_POINT('',(33.136079405229,-0.95,3.335748651903));
#11133 = VECTOR('',#11134,1.);
#11134 = DIRECTION('',(0.104528463268,0.,0.994521895368));
#11135 = ORIENTED_EDGE('',*,*,#11136,.T.);
#11136 = EDGE_CURVE('',#11127,#11137,#11139,.T.);
#11137 = VERTEX_POINT('',#11138);
#11138 = CARTESIAN_POINT('',(33.136079405229,0.95,3.335748651903));
#11139 = LINE('',#11140,#11141);
#11140 = CARTESIAN_POINT('',(33.136079405229,-0.95,3.335748651903));
#11141 = VECTOR('',#11142,1.);
#11142 = DIRECTION('',(0.,1.,0.));
#11143 = ORIENTED_EDGE('',*,*,#11144,.T.);
#11144 = EDGE_CURVE('',#11137,#11145,#11147,.T.);
#11145 = VERTEX_POINT('',#11146);
#11146 = CARTESIAN_POINT('',(33.251060714823,0.95,4.429722736808));
#11147 = LINE('',#11148,#11149);
#11148 = CARTESIAN_POINT('',(33.136079405229,0.95,3.335748651903));
#11149 = VECTOR('',#11150,1.);
#11150 = DIRECTION('',(0.104528463268,0.,0.994521895368));
#11151 = ORIENTED_EDGE('',*,*,#11152,.F.);
#11152 = EDGE_CURVE('',#11129,#11145,#11153,.T.);
#11153 = LINE('',#11154,#11155);
#11154 = CARTESIAN_POINT('',(33.251060714823,-0.95,4.429722736808));
#11155 = VECTOR('',#11156,1.);
#11156 = DIRECTION('',(0.,1.,0.));
#11157 = PLANE('',#11158);
#11158 = AXIS2_PLACEMENT_3D('',#11159,#11160,#11161);
#11159 = CARTESIAN_POINT('',(33.136079405229,-0.95,3.335748651903));
#11160 = DIRECTION('',(0.994521895368,0.,-0.104528463268));
#11161 = DIRECTION('',(0.104528463268,0.,0.994521895368));
#11162 = ADVANCED_FACE('',(#11163),#11197,.T.);
#11163 = FACE_BOUND('',#11164,.T.);
#11164 = EDGE_LOOP('',(#11165,#11175,#11183,#11191));
#11165 = ORIENTED_EDGE('',*,*,#11166,.F.);
#11166 = EDGE_CURVE('',#11167,#11169,#11171,.T.);
#11167 = VERTEX_POINT('',#11168);
#11168 = CARTESIAN_POINT('',(47.407468603763,-0.95,1.835765204012));
#11169 = VERTEX_POINT('',#11170);
#11170 = CARTESIAN_POINT('',(47.522449913358,-0.95,2.929739288917));
#11171 = LINE('',#11172,#11173);
#11172 = CARTESIAN_POINT('',(47.407468603763,-0.95,1.835765204012));
#11173 = VECTOR('',#11174,1.);
#11174 = DIRECTION('',(0.104528463268,0.,0.994521895368));
#11175 = ORIENTED_EDGE('',*,*,#11176,.T.);
#11176 = EDGE_CURVE('',#11167,#11177,#11179,.T.);
#11177 = VERTEX_POINT('',#11178);
#11178 = CARTESIAN_POINT('',(47.407468603763,0.95,1.835765204012));
#11179 = LINE('',#11180,#11181);
#11180 = CARTESIAN_POINT('',(47.407468603763,-0.95,1.835765204012));
#11181 = VECTOR('',#11182,1.);
#11182 = DIRECTION('',(0.,1.,0.));
#11183 = ORIENTED_EDGE('',*,*,#11184,.T.);
#11184 = EDGE_CURVE('',#11177,#11185,#11187,.T.);
#11185 = VERTEX_POINT('',#11186);
#11186 = CARTESIAN_POINT('',(47.522449913358,0.95,2.929739288917));
#11187 = LINE('',#11188,#11189);
#11188 = CARTESIAN_POINT('',(47.407468603763,0.95,1.835765204012));
#11189 = VECTOR('',#11190,1.);
#11190 = DIRECTION('',(0.104528463268,0.,0.994521895368));
#11191 = ORIENTED_EDGE('',*,*,#11192,.F.);
#11192 = EDGE_CURVE('',#11169,#11185,#11193,.T.);
#11193 = LINE('',#11194,#11195);
#11194 = CARTESIAN_POINT('',(47.522449913358,-0.95,2.929739288917));
#11195 = VECTOR('',#11196,1.);
#11196 = DIRECTION('',(0.,1.,0.));
#11197 = PLANE('',#11198);
#11198 = AXIS2_PLACEMENT_3D('',#11199,#11200,#11201);
#11199 = CARTESIAN_POINT('',(47.407468603763,-0.95,1.835765204012));
#11200 = DIRECTION('',(0.994521895368,0.,-0.104528463268));
#11201 = DIRECTION('',(0.104528463268,0.,0.994521895368));
#11202 = ADVANCED_FACE('',(#11203),#11219,.F.);
#11203 = FACE_BOUND('',#11204,.F.);
#11204 = EDGE_LOOP('',(#11205,#11211,#11212,#11218));
#11205 = ORIENTED_EDGE('',*,*,#11206,.F.);
#11206 = EDGE_CURVE('',#11127,#11167,#11207,.T.);
#11207 = LINE('',#11208,#11209);
#11208 = CARTESIAN_POINT('',(33.136079405229,-0.95,3.335748651903));
#11209 = VECTOR('',#11210,1.);
#11210 = DIRECTION('',(0.994521895368,0.,-0.104528463268));
#11211 = ORIENTED_EDGE('',*,*,#11126,.T.);
#11212 = ORIENTED_EDGE('',*,*,#11213,.T.);
#11213 = EDGE_CURVE('',#11129,#11169,#11214,.T.);
#11214 = LINE('',#11215,#11216);
#11215 = CARTESIAN_POINT('',(33.251060714823,-0.95,4.429722736808));
#11216 = VECTOR('',#11217,1.);
#11217 = DIRECTION('',(0.994521895368,0.,-0.104528463268));
#11218 = ORIENTED_EDGE('',*,*,#11166,.F.);
#11219 = PLANE('',#11220);
#11220 = AXIS2_PLACEMENT_3D('',#11221,#11222,#11223);
#11221 = CARTESIAN_POINT('',(33.136079405229,-0.95,3.335748651903));
#11222 = DIRECTION('',(0.,1.,0.));
#11223 = DIRECTION('',(0.104528463268,0.,0.994521895368));
#11224 = ADVANCED_FACE('',(#11225),#11241,.T.);
#11225 = FACE_BOUND('',#11226,.T.);
#11226 = EDGE_LOOP('',(#11227,#11233,#11234,#11240));
#11227 = ORIENTED_EDGE('',*,*,#11228,.F.);
#11228 = EDGE_CURVE('',#11137,#11177,#11229,.T.);
#11229 = LINE('',#11230,#11231);
#11230 = CARTESIAN_POINT('',(33.136079405229,0.95,3.335748651903));
#11231 = VECTOR('',#11232,1.);
#11232 = DIRECTION('',(0.994521895368,0.,-0.104528463268));
#11233 = ORIENTED_EDGE('',*,*,#11144,.T.);
#11234 = ORIENTED_EDGE('',*,*,#11235,.T.);
#11235 = EDGE_CURVE('',#11145,#11185,#11236,.T.);
#11236 = LINE('',#11237,#11238);
#11237 = CARTESIAN_POINT('',(33.251060714823,0.95,4.429722736808));
#11238 = VECTOR('',#11239,1.);
#11239 = DIRECTION('',(0.994521895368,0.,-0.104528463268));
#11240 = ORIENTED_EDGE('',*,*,#11184,.F.);
#11241 = PLANE('',#11242);
#11242 = AXIS2_PLACEMENT_3D('',#11243,#11244,#11245);
#11243 = CARTESIAN_POINT('',(33.136079405229,0.95,3.335748651903));
#11244 = DIRECTION('',(0.,1.,0.));
#11245 = DIRECTION('',(0.104528463268,0.,0.994521895368));
#11246 = ADVANCED_FACE('',(#11247),#11253,.F.);
#11247 = FACE_BOUND('',#11248,.F.);
#11248 = EDGE_LOOP('',(#11249,#11250,#11251,#11252));
#11249 = ORIENTED_EDGE('',*,*,#11136,.F.);
#11250 = ORIENTED_EDGE('',*,*,#11206,.T.);
#11251 = ORIENTED_EDGE('',*,*,#11176,.T.);
#11252 = ORIENTED_EDGE('',*,*,#11228,.F.);
#11253 = PLANE('',#11254);
#11254 = AXIS2_PLACEMENT_3D('',#11255,#11256,#11257);
#11255 = CARTESIAN_POINT('',(33.136079405229,-0.95,3.335748651903));
#11256 = DIRECTION('',(0.104528463268,0.,0.994521895368));
#11257 = DIRECTION('',(0.994521895368,0.,-0.104528463268));
#11258 = ADVANCED_FACE('',(#11259),#11265,.T.);
#11259 = FACE_BOUND('',#11260,.T.);
#11260 = EDGE_LOOP('',(#11261,#11262,#11263,#11264));
#11261 = ORIENTED_EDGE('',*,*,#11152,.F.);
#11262 = ORIENTED_EDGE('',*,*,#11213,.T.);
#11263 = ORIENTED_EDGE('',*,*,#11192,.T.);
#11264 = ORIENTED_EDGE('',*,*,#11235,.F.);
#11265 = PLANE('',#11266);
#11266 = AXIS2_PLACEMENT_3D('',#11267,#11268,#11269);
#11267 = CARTESIAN_POINT('',(33.251060714823,-0.95,4.429722736808));
#11268 = DIRECTION('',(0.104528463268,0.,0.994521895368));
#11269 = DIRECTION('',(0.994521895368,0.,-0.104528463268));
#11270 = MANIFOLD_SOLID_BREP('',#11271);
#11271 = CLOSED_SHELL('',(#11272,#11305,#11314));
#11272 = ADVANCED_FACE('',(#11273),#11300,.T.);
#11273 = FACE_BOUND('',#11274,.T.);
#11274 = EDGE_LOOP('',(#11275,#11284,#11292,#11299));
#11275 = ORIENTED_EDGE('',*,*,#11276,.F.);
#11276 = EDGE_CURVE('',#11277,#11277,#11279,.T.);
#11277 = VERTEX_POINT('',#11278);
#11278 = CARTESIAN_POINT('',(33.778157319368,-8.327598234202E-17,
    4.374322651276));
#11279 = CIRCLE('',#11280,0.34);
#11280 = AXIS2_PLACEMENT_3D('',#11281,#11282,#11283);
#11281 = CARTESIAN_POINT('',(33.440019874943,0.,4.409862328787));
#11282 = DIRECTION('',(0.104528463268,-0.,0.994521895368));
#11283 = DIRECTION('',(0.994521895368,0.,-0.104528463268));
#11284 = ORIENTED_EDGE('',*,*,#11285,.F.);
#11285 = EDGE_CURVE('',#11286,#11277,#11288,.T.);
#11286 = VERTEX_POINT('',#11287);
#11287 = CARTESIAN_POINT('',(33.663176009774,-8.327598234202E-17,
    3.280348566371));
#11288 = LINE('',#11289,#11290);
#11289 = CARTESIAN_POINT('',(33.663176009774,-8.327598234202E-17,
    3.280348566371));
#11290 = VECTOR('',#11291,1.);
#11291 = DIRECTION('',(0.104528463268,0.,0.994521895368));
#11292 = ORIENTED_EDGE('',*,*,#11293,.T.);
#11293 = EDGE_CURVE('',#11286,#11286,#11294,.T.);
#11294 = CIRCLE('',#11295,0.34);
#11295 = AXIS2_PLACEMENT_3D('',#11296,#11297,#11298);
#11296 = CARTESIAN_POINT('',(33.325038565349,0.,3.315888243882));
#11297 = DIRECTION('',(0.104528463268,-0.,0.994521895368));
#11298 = DIRECTION('',(0.994521895368,0.,-0.104528463268));
#11299 = ORIENTED_EDGE('',*,*,#11285,.T.);
#11300 = CYLINDRICAL_SURFACE('',#11301,0.34);
#11301 = AXIS2_PLACEMENT_3D('',#11302,#11303,#11304);
#11302 = CARTESIAN_POINT('',(33.325038565349,0.,3.315888243882));
#11303 = DIRECTION('',(0.104528463268,0.,0.994521895368));
#11304 = DIRECTION('',(0.994521895368,0.,-0.104528463268));
#11305 = ADVANCED_FACE('',(#11306),#11309,.T.);
#11306 = FACE_BOUND('',#11307,.T.);
#11307 = EDGE_LOOP('',(#11308));
#11308 = ORIENTED_EDGE('',*,*,#11276,.T.);
#11309 = PLANE('',#11310);
#11310 = AXIS2_PLACEMENT_3D('',#11311,#11312,#11313);
#11311 = CARTESIAN_POINT('',(33.440019874943,0.,4.409862328787));
#11312 = DIRECTION('',(0.104528463268,0.,0.994521895368));
#11313 = DIRECTION('',(0.994521895368,0.,-0.104528463268));
#11314 = ADVANCED_FACE('',(#11315),#11318,.F.);
#11315 = FACE_BOUND('',#11316,.T.);
#11316 = EDGE_LOOP('',(#11317));
#11317 = ORIENTED_EDGE('',*,*,#11293,.F.);
#11318 = PLANE('',#11319);
#11319 = AXIS2_PLACEMENT_3D('',#11320,#11321,#11322);
#11320 = CARTESIAN_POINT('',(33.325038565349,0.,3.315888243882));
#11321 = DIRECTION('',(0.104528463268,0.,0.994521895368));
#11322 = DIRECTION('',(0.994521895368,0.,-0.104528463268));
#11323 = MANIFOLD_SOLID_BREP('',#11324);
#11324 = CLOSED_SHELL('',(#11325,#11358,#11367));
#11325 = ADVANCED_FACE('',(#11326),#11353,.T.);
#11326 = FACE_BOUND('',#11327,.T.);
#11327 = EDGE_LOOP('',(#11328,#11337,#11345,#11352));
#11328 = ORIENTED_EDGE('',*,*,#11329,.F.);
#11329 = EDGE_CURVE('',#11330,#11330,#11332,.T.);
#11330 = VERTEX_POINT('',#11331);
#11331 = CARTESIAN_POINT('',(33.959886696021,-5.878304635907E-17,
    7.060039396144));
#11332 = CIRCLE('',#11333,0.24);
#11333 = AXIS2_PLACEMENT_3D('',#11334,#11335,#11336);
#11334 = CARTESIAN_POINT('',(33.721201441133,0.,7.085126227328));
#11335 = DIRECTION('',(0.104528463268,-0.,0.994521895368));
#11336 = DIRECTION('',(0.994521895368,0.,-0.104528463268));
#11337 = ORIENTED_EDGE('',*,*,#11338,.F.);
#11338 = EDGE_CURVE('',#11339,#11330,#11341,.T.);
#11339 = VERTEX_POINT('',#11340);
#11340 = CARTESIAN_POINT('',(33.621214475034,-5.878304635907E-17,
    3.83778845515));
#11341 = LINE('',#11342,#11343);
#11342 = CARTESIAN_POINT('',(33.621214475034,-5.878304635907E-17,
    3.83778845515));
#11343 = VECTOR('',#11344,1.);
#11344 = DIRECTION('',(0.104528463268,0.,0.994521895368));
#11345 = ORIENTED_EDGE('',*,*,#11346,.T.);
#11346 = EDGE_CURVE('',#11339,#11339,#11347,.T.);
#11347 = CIRCLE('',#11348,0.24);
#11348 = AXIS2_PLACEMENT_3D('',#11349,#11350,#11351);
#11349 = CARTESIAN_POINT('',(33.382529220146,0.,3.862875286335));
#11350 = DIRECTION('',(0.104528463268,-0.,0.994521895368));
#11351 = DIRECTION('',(0.994521895368,0.,-0.104528463268));
#11352 = ORIENTED_EDGE('',*,*,#11338,.T.);
#11353 = CYLINDRICAL_SURFACE('',#11354,0.24);
#11354 = AXIS2_PLACEMENT_3D('',#11355,#11356,#11357);
#11355 = CARTESIAN_POINT('',(33.382529220146,0.,3.862875286335));
#11356 = DIRECTION('',(0.104528463268,0.,0.994521895368));
#11357 = DIRECTION('',(0.994521895368,0.,-0.104528463268));
#11358 = ADVANCED_FACE('',(#11359),#11362,.T.);
#11359 = FACE_BOUND('',#11360,.T.);
#11360 = EDGE_LOOP('',(#11361));
#11361 = ORIENTED_EDGE('',*,*,#11329,.T.);
#11362 = PLANE('',#11363);
#11363 = AXIS2_PLACEMENT_3D('',#11364,#11365,#11366);
#11364 = CARTESIAN_POINT('',(33.721201441133,0.,7.085126227328));
#11365 = DIRECTION('',(0.104528463268,0.,0.994521895368));
#11366 = DIRECTION('',(0.994521895368,0.,-0.104528463268));
#11367 = ADVANCED_FACE('',(#11368),#11371,.F.);
#11368 = FACE_BOUND('',#11369,.T.);
#11369 = EDGE_LOOP('',(#11370));
#11370 = ORIENTED_EDGE('',*,*,#11346,.F.);
#11371 = PLANE('',#11372);
#11372 = AXIS2_PLACEMENT_3D('',#11373,#11374,#11375);
#11373 = CARTESIAN_POINT('',(33.382529220146,0.,3.862875286335));
#11374 = DIRECTION('',(0.104528463268,0.,0.994521895368));
#11375 = DIRECTION('',(0.994521895368,0.,-0.104528463268));
#11376 = MANIFOLD_SOLID_BREP('',#11377);
#11377 = CLOSED_SHELL('',(#11378,#11405));
#11378 = ADVANCED_FACE('',(#11379),#11400,.T.);
#11379 = FACE_BOUND('',#11380,.T.);
#11380 = EDGE_LOOP('',(#11381,#11392,#11399));
#11381 = ORIENTED_EDGE('',*,*,#11382,.F.);
#11382 = EDGE_CURVE('',#11383,#11385,#11387,.T.);
#11383 = VERTEX_POINT('',#11384);
#11384 = CARTESIAN_POINT('',(33.934799864837,-5.878304635907E-17,
    6.821354141255));
#11385 = VERTEX_POINT('',#11386);
#11386 = CARTESIAN_POINT('',(33.721201441133,0.,7.085126227328));
#11387 = CIRCLE('',#11388,0.24);
#11388 = AXIS2_PLACEMENT_3D('',#11389,#11390,#11391);
#11389 = CARTESIAN_POINT('',(33.696114609949,0.,6.846440972439));
#11390 = DIRECTION('',(-2.435876111689E-16,-1.,2.56020895921E-17));
#11391 = DIRECTION('',(0.994521895368,-2.449293598295E-16,
    -0.104528463268));
#11392 = ORIENTED_EDGE('',*,*,#11393,.T.);
#11393 = EDGE_CURVE('',#11383,#11383,#11394,.T.);
#11394 = CIRCLE('',#11395,0.24);
#11395 = AXIS2_PLACEMENT_3D('',#11396,#11397,#11398);
#11396 = CARTESIAN_POINT('',(33.696114609949,0.,6.846440972439));
#11397 = DIRECTION('',(0.104528463268,-0.,0.994521895368));
#11398 = DIRECTION('',(0.994521895368,0.,-0.104528463268));
#11399 = ORIENTED_EDGE('',*,*,#11382,.T.);
#11400 = SPHERICAL_SURFACE('',#11401,0.24);
#11401 = AXIS2_PLACEMENT_3D('',#11402,#11403,#11404);
#11402 = CARTESIAN_POINT('',(33.696114609949,0.,6.846440972439));
#11403 = DIRECTION('',(0.104528463268,0.,0.994521895368));
#11404 = DIRECTION('',(0.994521895368,0.,-0.104528463268));
#11405 = ADVANCED_FACE('',(#11406),#11409,.F.);
#11406 = FACE_BOUND('',#11407,.T.);
#11407 = EDGE_LOOP('',(#11408));
#11408 = ORIENTED_EDGE('',*,*,#11393,.F.);
#11409 = PLANE('',#11410);
#11410 = AXIS2_PLACEMENT_3D('',#11411,#11412,#11413);
#11411 = CARTESIAN_POINT('',(33.696114609949,0.,6.846440972439));
#11412 = DIRECTION('',(0.104528463268,0.,0.994521895368));
#11413 = DIRECTION('',(0.994521895368,0.,-0.104528463268));
#11414 = MANIFOLD_SOLID_BREP('',#11415);
#11415 = CLOSED_SHELL('',(#11416,#11449,#11458));
#11416 = ADVANCED_FACE('',(#11417),#11444,.T.);
#11417 = FACE_BOUND('',#11418,.T.);
#11418 = EDGE_LOOP('',(#11419,#11428,#11436,#11443));
#11419 = ORIENTED_EDGE('',*,*,#11420,.F.);
#11420 = EDGE_CURVE('',#11421,#11421,#11423,.T.);
#11421 = VERTEX_POINT('',#11422);
#11422 = CARTESIAN_POINT('',(35.041200126486,-8.327598234202E-17,
    4.241571502926));
#11423 = CIRCLE('',#11424,0.34);
#11424 = AXIS2_PLACEMENT_3D('',#11425,#11426,#11427);
#11425 = CARTESIAN_POINT('',(34.703062682061,0.,4.277111180437));
#11426 = DIRECTION('',(0.104528463268,-0.,0.994521895368));
#11427 = DIRECTION('',(0.994521895368,0.,-0.104528463268));
#11428 = ORIENTED_EDGE('',*,*,#11429,.F.);
#11429 = EDGE_CURVE('',#11430,#11421,#11432,.T.);
#11430 = VERTEX_POINT('',#11431);
#11431 = CARTESIAN_POINT('',(34.926218816891,-8.327598234202E-17,
    3.147597418021));
#11432 = LINE('',#11433,#11434);
#11433 = CARTESIAN_POINT('',(34.926218816891,-8.327598234202E-17,
    3.147597418021));
#11434 = VECTOR('',#11435,1.);
#11435 = DIRECTION('',(0.104528463268,0.,0.994521895368));
#11436 = ORIENTED_EDGE('',*,*,#11437,.T.);
#11437 = EDGE_CURVE('',#11430,#11430,#11438,.T.);
#11438 = CIRCLE('',#11439,0.34);
#11439 = AXIS2_PLACEMENT_3D('',#11440,#11441,#11442);
#11440 = CARTESIAN_POINT('',(34.588081372466,0.,3.183137095532));
#11441 = DIRECTION('',(0.104528463268,-0.,0.994521895368));
#11442 = DIRECTION('',(0.994521895368,0.,-0.104528463268));
#11443 = ORIENTED_EDGE('',*,*,#11429,.T.);
#11444 = CYLINDRICAL_SURFACE('',#11445,0.34);
#11445 = AXIS2_PLACEMENT_3D('',#11446,#11447,#11448);
#11446 = CARTESIAN_POINT('',(34.588081372466,0.,3.183137095532));
#11447 = DIRECTION('',(0.104528463268,0.,0.994521895368));
#11448 = DIRECTION('',(0.994521895368,0.,-0.104528463268));
#11449 = ADVANCED_FACE('',(#11450),#11453,.T.);
#11450 = FACE_BOUND('',#11451,.T.);
#11451 = EDGE_LOOP('',(#11452));
#11452 = ORIENTED_EDGE('',*,*,#11420,.T.);
#11453 = PLANE('',#11454);
#11454 = AXIS2_PLACEMENT_3D('',#11455,#11456,#11457);
#11455 = CARTESIAN_POINT('',(34.703062682061,0.,4.277111180437));
#11456 = DIRECTION('',(0.104528463268,0.,0.994521895368));
#11457 = DIRECTION('',(0.994521895368,0.,-0.104528463268));
#11458 = ADVANCED_FACE('',(#11459),#11462,.F.);
#11459 = FACE_BOUND('',#11460,.T.);
#11460 = EDGE_LOOP('',(#11461));
#11461 = ORIENTED_EDGE('',*,*,#11437,.F.);
#11462 = PLANE('',#11463);
#11463 = AXIS2_PLACEMENT_3D('',#11464,#11465,#11466);
#11464 = CARTESIAN_POINT('',(34.588081372466,0.,3.183137095532));
#11465 = DIRECTION('',(0.104528463268,0.,0.994521895368));
#11466 = DIRECTION('',(0.994521895368,0.,-0.104528463268));
#11467 = MANIFOLD_SOLID_BREP('',#11468);
#11468 = CLOSED_SHELL('',(#11469,#11502,#11511));
#11469 = ADVANCED_FACE('',(#11470),#11497,.T.);
#11470 = FACE_BOUND('',#11471,.T.);
#11471 = EDGE_LOOP('',(#11472,#11481,#11489,#11496));
#11472 = ORIENTED_EDGE('',*,*,#11473,.F.);
#11473 = EDGE_CURVE('',#11474,#11474,#11476,.T.);
#11474 = VERTEX_POINT('',#11475);
#11475 = CARTESIAN_POINT('',(35.222929503139,-5.878304635907E-17,
    6.927288247794));
#11476 = CIRCLE('',#11477,0.24);
#11477 = AXIS2_PLACEMENT_3D('',#11478,#11479,#11480);
#11478 = CARTESIAN_POINT('',(34.984244248251,0.,6.952375078978));
#11479 = DIRECTION('',(0.104528463268,-0.,0.994521895368));
#11480 = DIRECTION('',(0.994521895368,0.,-0.104528463268));
#11481 = ORIENTED_EDGE('',*,*,#11482,.F.);
#11482 = EDGE_CURVE('',#11483,#11474,#11485,.T.);
#11483 = VERTEX_POINT('',#11484);
#11484 = CARTESIAN_POINT('',(34.884257282152,-5.878304635907E-17,
    3.7050373068));
#11485 = LINE('',#11486,#11487);
#11486 = CARTESIAN_POINT('',(34.884257282152,-5.878304635907E-17,
    3.7050373068));
#11487 = VECTOR('',#11488,1.);
#11488 = DIRECTION('',(0.104528463268,0.,0.994521895368));
#11489 = ORIENTED_EDGE('',*,*,#11490,.T.);
#11490 = EDGE_CURVE('',#11483,#11483,#11491,.T.);
#11491 = CIRCLE('',#11492,0.24);
#11492 = AXIS2_PLACEMENT_3D('',#11493,#11494,#11495);
#11493 = CARTESIAN_POINT('',(34.645572027263,0.,3.730124137985));
#11494 = DIRECTION('',(0.104528463268,-0.,0.994521895368));
#11495 = DIRECTION('',(0.994521895368,0.,-0.104528463268));
#11496 = ORIENTED_EDGE('',*,*,#11482,.T.);
#11497 = CYLINDRICAL_SURFACE('',#11498,0.24);
#11498 = AXIS2_PLACEMENT_3D('',#11499,#11500,#11501);
#11499 = CARTESIAN_POINT('',(34.645572027263,0.,3.730124137985));
#11500 = DIRECTION('',(0.104528463268,0.,0.994521895368));
#11501 = DIRECTION('',(0.994521895368,0.,-0.104528463268));
#11502 = ADVANCED_FACE('',(#11503),#11506,.T.);
#11503 = FACE_BOUND('',#11504,.T.);
#11504 = EDGE_LOOP('',(#11505));
#11505 = ORIENTED_EDGE('',*,*,#11473,.T.);
#11506 = PLANE('',#11507);
#11507 = AXIS2_PLACEMENT_3D('',#11508,#11509,#11510);
#11508 = CARTESIAN_POINT('',(34.984244248251,0.,6.952375078978));
#11509 = DIRECTION('',(0.104528463268,0.,0.994521895368));
#11510 = DIRECTION('',(0.994521895368,0.,-0.104528463268));
#11511 = ADVANCED_FACE('',(#11512),#11515,.F.);
#11512 = FACE_BOUND('',#11513,.T.);
#11513 = EDGE_LOOP('',(#11514));
#11514 = ORIENTED_EDGE('',*,*,#11490,.F.);
#11515 = PLANE('',#11516);
#11516 = AXIS2_PLACEMENT_3D('',#11517,#11518,#11519);
#11517 = CARTESIAN_POINT('',(34.645572027263,0.,3.730124137985));
#11518 = DIRECTION('',(0.104528463268,0.,0.994521895368));
#11519 = DIRECTION('',(0.994521895368,0.,-0.104528463268));
#11520 = MANIFOLD_SOLID_BREP('',#11521);
#11521 = CLOSED_SHELL('',(#11522,#11549));
#11522 = ADVANCED_FACE('',(#11523),#11544,.T.);
#11523 = FACE_BOUND('',#11524,.T.);
#11524 = EDGE_LOOP('',(#11525,#11536,#11543));
#11525 = ORIENTED_EDGE('',*,*,#11526,.F.);
#11526 = EDGE_CURVE('',#11527,#11529,#11531,.T.);
#11527 = VERTEX_POINT('',#11528);
#11528 = CARTESIAN_POINT('',(35.197842671955,-5.878304635907E-17,
    6.688602992905));
#11529 = VERTEX_POINT('',#11530);
#11530 = CARTESIAN_POINT('',(34.984244248251,0.,6.952375078978));
#11531 = CIRCLE('',#11532,0.24);
#11532 = AXIS2_PLACEMENT_3D('',#11533,#11534,#11535);
#11533 = CARTESIAN_POINT('',(34.959157417066,0.,6.71368982409));
#11534 = DIRECTION('',(-2.435876111689E-16,-1.,2.56020895921E-17));
#11535 = DIRECTION('',(0.994521895368,-2.449293598295E-16,
    -0.104528463268));
#11536 = ORIENTED_EDGE('',*,*,#11537,.T.);
#11537 = EDGE_CURVE('',#11527,#11527,#11538,.T.);
#11538 = CIRCLE('',#11539,0.24);
#11539 = AXIS2_PLACEMENT_3D('',#11540,#11541,#11542);
#11540 = CARTESIAN_POINT('',(34.959157417066,0.,6.71368982409));
#11541 = DIRECTION('',(0.104528463268,-0.,0.994521895368));
#11542 = DIRECTION('',(0.994521895368,0.,-0.104528463268));
#11543 = ORIENTED_EDGE('',*,*,#11526,.T.);
#11544 = SPHERICAL_SURFACE('',#11545,0.24);
#11545 = AXIS2_PLACEMENT_3D('',#11546,#11547,#11548);
#11546 = CARTESIAN_POINT('',(34.959157417066,0.,6.71368982409));
#11547 = DIRECTION('',(0.104528463268,0.,0.994521895368));
#11548 = DIRECTION('',(0.994521895368,0.,-0.104528463268));
#11549 = ADVANCED_FACE('',(#11550),#11553,.F.);
#11550 = FACE_BOUND('',#11551,.T.);
#11551 = EDGE_LOOP('',(#11552));
#11552 = ORIENTED_EDGE('',*,*,#11537,.F.);
#11553 = PLANE('',#11554);
#11554 = AXIS2_PLACEMENT_3D('',#11555,#11556,#11557);
#11555 = CARTESIAN_POINT('',(34.959157417066,0.,6.71368982409));
#11556 = DIRECTION('',(0.104528463268,0.,0.994521895368));
#11557 = DIRECTION('',(0.994521895368,0.,-0.104528463268));
#11558 = MANIFOLD_SOLID_BREP('',#11559);
#11559 = CLOSED_SHELL('',(#11560,#11593,#11602));
#11560 = ADVANCED_FACE('',(#11561),#11588,.T.);
#11561 = FACE_BOUND('',#11562,.T.);
#11562 = EDGE_LOOP('',(#11563,#11572,#11580,#11587));
#11563 = ORIENTED_EDGE('',*,*,#11564,.F.);
#11564 = EDGE_CURVE('',#11565,#11565,#11567,.T.);
#11565 = VERTEX_POINT('',#11566);
#11566 = CARTESIAN_POINT('',(36.304242933604,-8.327598234202E-17,
    4.108820354576));
#11567 = CIRCLE('',#11568,0.34);
#11568 = AXIS2_PLACEMENT_3D('',#11569,#11570,#11571);
#11569 = CARTESIAN_POINT('',(35.966105489178,0.,4.144360032087));
#11570 = DIRECTION('',(0.104528463268,-0.,0.994521895368));
#11571 = DIRECTION('',(0.994521895368,0.,-0.104528463268));
#11572 = ORIENTED_EDGE('',*,*,#11573,.F.);
#11573 = EDGE_CURVE('',#11574,#11565,#11576,.T.);
#11574 = VERTEX_POINT('',#11575);
#11575 = CARTESIAN_POINT('',(36.189261624009,-8.327598234202E-17,
    3.014846269671));
#11576 = LINE('',#11577,#11578);
#11577 = CARTESIAN_POINT('',(36.189261624009,-8.327598234202E-17,
    3.014846269671));
#11578 = VECTOR('',#11579,1.);
#11579 = DIRECTION('',(0.104528463268,0.,0.994521895368));
#11580 = ORIENTED_EDGE('',*,*,#11581,.T.);
#11581 = EDGE_CURVE('',#11574,#11574,#11582,.T.);
#11582 = CIRCLE('',#11583,0.34);
#11583 = AXIS2_PLACEMENT_3D('',#11584,#11585,#11586);
#11584 = CARTESIAN_POINT('',(35.851124179584,0.,3.050385947182));
#11585 = DIRECTION('',(0.104528463268,-0.,0.994521895368));
#11586 = DIRECTION('',(0.994521895368,0.,-0.104528463268));
#11587 = ORIENTED_EDGE('',*,*,#11573,.T.);
#11588 = CYLINDRICAL_SURFACE('',#11589,0.34);
#11589 = AXIS2_PLACEMENT_3D('',#11590,#11591,#11592);
#11590 = CARTESIAN_POINT('',(35.851124179584,0.,3.050385947182));
#11591 = DIRECTION('',(0.104528463268,0.,0.994521895368));
#11592 = DIRECTION('',(0.994521895368,0.,-0.104528463268));
#11593 = ADVANCED_FACE('',(#11594),#11597,.T.);
#11594 = FACE_BOUND('',#11595,.T.);
#11595 = EDGE_LOOP('',(#11596));
#11596 = ORIENTED_EDGE('',*,*,#11564,.T.);
#11597 = PLANE('',#11598);
#11598 = AXIS2_PLACEMENT_3D('',#11599,#11600,#11601);
#11599 = CARTESIAN_POINT('',(35.966105489178,0.,4.144360032087));
#11600 = DIRECTION('',(0.104528463268,0.,0.994521895368));
#11601 = DIRECTION('',(0.994521895368,0.,-0.104528463268));
#11602 = ADVANCED_FACE('',(#11603),#11606,.F.);
#11603 = FACE_BOUND('',#11604,.T.);
#11604 = EDGE_LOOP('',(#11605));
#11605 = ORIENTED_EDGE('',*,*,#11581,.F.);
#11606 = PLANE('',#11607);
#11607 = AXIS2_PLACEMENT_3D('',#11608,#11609,#11610);
#11608 = CARTESIAN_POINT('',(35.851124179584,0.,3.050385947182));
#11609 = DIRECTION('',(0.104528463268,0.,0.994521895368));
#11610 = DIRECTION('',(0.994521895368,0.,-0.104528463268));
#11611 = MANIFOLD_SOLID_BREP('',#11612);
#11612 = CLOSED_SHELL('',(#11613,#11646,#11655));
#11613 = ADVANCED_FACE('',(#11614),#11641,.T.);
#11614 = FACE_BOUND('',#11615,.T.);
#11615 = EDGE_LOOP('',(#11616,#11625,#11633,#11640));
#11616 = ORIENTED_EDGE('',*,*,#11617,.F.);
#11617 = EDGE_CURVE('',#11618,#11618,#11620,.T.);
#11618 = VERTEX_POINT('',#11619);
#11619 = CARTESIAN_POINT('',(36.485972310257,-5.878304635907E-17,
    6.794537099444));
#11620 = CIRCLE('',#11621,0.24);
#11621 = AXIS2_PLACEMENT_3D('',#11622,#11623,#11624);
#11622 = CARTESIAN_POINT('',(36.247287055368,0.,6.819623930628));
#11623 = DIRECTION('',(0.104528463268,-0.,0.994521895368));
#11624 = DIRECTION('',(0.994521895368,0.,-0.104528463268));
#11625 = ORIENTED_EDGE('',*,*,#11626,.F.);
#11626 = EDGE_CURVE('',#11627,#11618,#11629,.T.);
#11627 = VERTEX_POINT('',#11628);
#11628 = CARTESIAN_POINT('',(36.14730008927,-5.878304635907E-17,
    3.572286158451));
#11629 = LINE('',#11630,#11631);
#11630 = CARTESIAN_POINT('',(36.14730008927,-5.878304635907E-17,
    3.572286158451));
#11631 = VECTOR('',#11632,1.);
#11632 = DIRECTION('',(0.104528463268,0.,0.994521895368));
#11633 = ORIENTED_EDGE('',*,*,#11634,.T.);
#11634 = EDGE_CURVE('',#11627,#11627,#11635,.T.);
#11635 = CIRCLE('',#11636,0.24);
#11636 = AXIS2_PLACEMENT_3D('',#11637,#11638,#11639);
#11637 = CARTESIAN_POINT('',(35.908614834381,0.,3.597372989635));
#11638 = DIRECTION('',(0.104528463268,-0.,0.994521895368));
#11639 = DIRECTION('',(0.994521895368,0.,-0.104528463268));
#11640 = ORIENTED_EDGE('',*,*,#11626,.T.);
#11641 = CYLINDRICAL_SURFACE('',#11642,0.24);
#11642 = AXIS2_PLACEMENT_3D('',#11643,#11644,#11645);
#11643 = CARTESIAN_POINT('',(35.908614834381,0.,3.597372989635));
#11644 = DIRECTION('',(0.104528463268,0.,0.994521895368));
#11645 = DIRECTION('',(0.994521895368,0.,-0.104528463268));
#11646 = ADVANCED_FACE('',(#11647),#11650,.T.);
#11647 = FACE_BOUND('',#11648,.T.);
#11648 = EDGE_LOOP('',(#11649));
#11649 = ORIENTED_EDGE('',*,*,#11617,.T.);
#11650 = PLANE('',#11651);
#11651 = AXIS2_PLACEMENT_3D('',#11652,#11653,#11654);
#11652 = CARTESIAN_POINT('',(36.247287055368,0.,6.819623930628));
#11653 = DIRECTION('',(0.104528463268,0.,0.994521895368));
#11654 = DIRECTION('',(0.994521895368,0.,-0.104528463268));
#11655 = ADVANCED_FACE('',(#11656),#11659,.F.);
#11656 = FACE_BOUND('',#11657,.T.);
#11657 = EDGE_LOOP('',(#11658));
#11658 = ORIENTED_EDGE('',*,*,#11634,.F.);
#11659 = PLANE('',#11660);
#11660 = AXIS2_PLACEMENT_3D('',#11661,#11662,#11663);
#11661 = CARTESIAN_POINT('',(35.908614834381,0.,3.597372989635));
#11662 = DIRECTION('',(0.104528463268,0.,0.994521895368));
#11663 = DIRECTION('',(0.994521895368,0.,-0.104528463268));
#11664 = MANIFOLD_SOLID_BREP('',#11665);
#11665 = CLOSED_SHELL('',(#11666,#11693));
#11666 = ADVANCED_FACE('',(#11667),#11688,.T.);
#11667 = FACE_BOUND('',#11668,.T.);
#11668 = EDGE_LOOP('',(#11669,#11680,#11687));
#11669 = ORIENTED_EDGE('',*,*,#11670,.F.);
#11670 = EDGE_CURVE('',#11671,#11673,#11675,.T.);
#11671 = VERTEX_POINT('',#11672);
#11672 = CARTESIAN_POINT('',(36.460885479072,-5.878304635907E-17,
    6.555851844555));
#11673 = VERTEX_POINT('',#11674);
#11674 = CARTESIAN_POINT('',(36.247287055368,0.,6.819623930628));
#11675 = CIRCLE('',#11676,0.24);
#11676 = AXIS2_PLACEMENT_3D('',#11677,#11678,#11679);
#11677 = CARTESIAN_POINT('',(36.222200224184,0.,6.58093867574));
#11678 = DIRECTION('',(-2.435876111689E-16,-1.,2.56020895921E-17));
#11679 = DIRECTION('',(0.994521895368,-2.449293598295E-16,
    -0.104528463268));
#11680 = ORIENTED_EDGE('',*,*,#11681,.T.);
#11681 = EDGE_CURVE('',#11671,#11671,#11682,.T.);
#11682 = CIRCLE('',#11683,0.24);
#11683 = AXIS2_PLACEMENT_3D('',#11684,#11685,#11686);
#11684 = CARTESIAN_POINT('',(36.222200224184,0.,6.58093867574));
#11685 = DIRECTION('',(0.104528463268,-0.,0.994521895368));
#11686 = DIRECTION('',(0.994521895368,0.,-0.104528463268));
#11687 = ORIENTED_EDGE('',*,*,#11670,.T.);
#11688 = SPHERICAL_SURFACE('',#11689,0.24);
#11689 = AXIS2_PLACEMENT_3D('',#11690,#11691,#11692);
#11690 = CARTESIAN_POINT('',(36.222200224184,0.,6.58093867574));
#11691 = DIRECTION('',(0.104528463268,0.,0.994521895368));
#11692 = DIRECTION('',(0.994521895368,0.,-0.104528463268));
#11693 = ADVANCED_FACE('',(#11694),#11697,.F.);
#11694 = FACE_BOUND('',#11695,.T.);
#11695 = EDGE_LOOP('',(#11696));
#11696 = ORIENTED_EDGE('',*,*,#11681,.F.);
#11697 = PLANE('',#11698);
#11698 = AXIS2_PLACEMENT_3D('',#11699,#11700,#11701);
#11699 = CARTESIAN_POINT('',(36.222200224184,0.,6.58093867574));
#11700 = DIRECTION('',(0.104528463268,0.,0.994521895368));
#11701 = DIRECTION('',(0.994521895368,0.,-0.104528463268));
#11702 = MANIFOLD_SOLID_BREP('',#11703);
#11703 = CLOSED_SHELL('',(#11704,#11737,#11746));
#11704 = ADVANCED_FACE('',(#11705),#11732,.T.);
#11705 = FACE_BOUND('',#11706,.T.);
#11706 = EDGE_LOOP('',(#11707,#11716,#11724,#11731));
#11707 = ORIENTED_EDGE('',*,*,#11708,.F.);
#11708 = EDGE_CURVE('',#11709,#11709,#11711,.T.);
#11709 = VERTEX_POINT('',#11710);
#11710 = CARTESIAN_POINT('',(37.567285740721,-8.327598234202E-17,
    3.976069206226));
#11711 = CIRCLE('',#11712,0.34);
#11712 = AXIS2_PLACEMENT_3D('',#11713,#11714,#11715);
#11713 = CARTESIAN_POINT('',(37.229148296296,0.,4.011608883737));
#11714 = DIRECTION('',(0.104528463268,-0.,0.994521895368));
#11715 = DIRECTION('',(0.994521895368,0.,-0.104528463268));
#11716 = ORIENTED_EDGE('',*,*,#11717,.F.);
#11717 = EDGE_CURVE('',#11718,#11709,#11720,.T.);
#11718 = VERTEX_POINT('',#11719);
#11719 = CARTESIAN_POINT('',(37.452304431127,-8.327598234202E-17,
    2.882095121321));
#11720 = LINE('',#11721,#11722);
#11721 = CARTESIAN_POINT('',(37.452304431127,-8.327598234202E-17,
    2.882095121321));
#11722 = VECTOR('',#11723,1.);
#11723 = DIRECTION('',(0.104528463268,0.,0.994521895368));
#11724 = ORIENTED_EDGE('',*,*,#11725,.T.);
#11725 = EDGE_CURVE('',#11718,#11718,#11726,.T.);
#11726 = CIRCLE('',#11727,0.34);
#11727 = AXIS2_PLACEMENT_3D('',#11728,#11729,#11730);
#11728 = CARTESIAN_POINT('',(37.114166986702,0.,2.917634798832));
#11729 = DIRECTION('',(0.104528463268,-0.,0.994521895368));
#11730 = DIRECTION('',(0.994521895368,0.,-0.104528463268));
#11731 = ORIENTED_EDGE('',*,*,#11717,.T.);
#11732 = CYLINDRICAL_SURFACE('',#11733,0.34);
#11733 = AXIS2_PLACEMENT_3D('',#11734,#11735,#11736);
#11734 = CARTESIAN_POINT('',(37.114166986702,0.,2.917634798832));
#11735 = DIRECTION('',(0.104528463268,0.,0.994521895368));
#11736 = DIRECTION('',(0.994521895368,0.,-0.104528463268));
#11737 = ADVANCED_FACE('',(#11738),#11741,.T.);
#11738 = FACE_BOUND('',#11739,.T.);
#11739 = EDGE_LOOP('',(#11740));
#11740 = ORIENTED_EDGE('',*,*,#11708,.T.);
#11741 = PLANE('',#11742);
#11742 = AXIS2_PLACEMENT_3D('',#11743,#11744,#11745);
#11743 = CARTESIAN_POINT('',(37.229148296296,0.,4.011608883737));
#11744 = DIRECTION('',(0.104528463268,0.,0.994521895368));
#11745 = DIRECTION('',(0.994521895368,0.,-0.104528463268));
#11746 = ADVANCED_FACE('',(#11747),#11750,.F.);
#11747 = FACE_BOUND('',#11748,.T.);
#11748 = EDGE_LOOP('',(#11749));
#11749 = ORIENTED_EDGE('',*,*,#11725,.F.);
#11750 = PLANE('',#11751);
#11751 = AXIS2_PLACEMENT_3D('',#11752,#11753,#11754);
#11752 = CARTESIAN_POINT('',(37.114166986702,0.,2.917634798832));
#11753 = DIRECTION('',(0.104528463268,0.,0.994521895368));
#11754 = DIRECTION('',(0.994521895368,0.,-0.104528463268));
#11755 = MANIFOLD_SOLID_BREP('',#11756);
#11756 = CLOSED_SHELL('',(#11757,#11790,#11799));
#11757 = ADVANCED_FACE('',(#11758),#11785,.T.);
#11758 = FACE_BOUND('',#11759,.T.);
#11759 = EDGE_LOOP('',(#11760,#11769,#11777,#11784));
#11760 = ORIENTED_EDGE('',*,*,#11761,.F.);
#11761 = EDGE_CURVE('',#11762,#11762,#11764,.T.);
#11762 = VERTEX_POINT('',#11763);
#11763 = CARTESIAN_POINT('',(37.749015117374,-5.878304635907E-17,
    6.661785951094));
#11764 = CIRCLE('',#11765,0.24);
#11765 = AXIS2_PLACEMENT_3D('',#11766,#11767,#11768);
#11766 = CARTESIAN_POINT('',(37.510329862486,0.,6.686872782278));
#11767 = DIRECTION('',(0.104528463268,-0.,0.994521895368));
#11768 = DIRECTION('',(0.994521895368,0.,-0.104528463268));
#11769 = ORIENTED_EDGE('',*,*,#11770,.F.);
#11770 = EDGE_CURVE('',#11771,#11762,#11773,.T.);
#11771 = VERTEX_POINT('',#11772);
#11772 = CARTESIAN_POINT('',(37.410342896387,-5.878304635907E-17,
    3.439535010101));
#11773 = LINE('',#11774,#11775);
#11774 = CARTESIAN_POINT('',(37.410342896387,-5.878304635907E-17,
    3.439535010101));
#11775 = VECTOR('',#11776,1.);
#11776 = DIRECTION('',(0.104528463268,0.,0.994521895368));
#11777 = ORIENTED_EDGE('',*,*,#11778,.T.);
#11778 = EDGE_CURVE('',#11771,#11771,#11779,.T.);
#11779 = CIRCLE('',#11780,0.24);
#11780 = AXIS2_PLACEMENT_3D('',#11781,#11782,#11783);
#11781 = CARTESIAN_POINT('',(37.171657641499,0.,3.464621841285));
#11782 = DIRECTION('',(0.104528463268,-0.,0.994521895368));
#11783 = DIRECTION('',(0.994521895368,0.,-0.104528463268));
#11784 = ORIENTED_EDGE('',*,*,#11770,.T.);
#11785 = CYLINDRICAL_SURFACE('',#11786,0.24);
#11786 = AXIS2_PLACEMENT_3D('',#11787,#11788,#11789);
#11787 = CARTESIAN_POINT('',(37.171657641499,0.,3.464621841285));
#11788 = DIRECTION('',(0.104528463268,0.,0.994521895368));
#11789 = DIRECTION('',(0.994521895368,0.,-0.104528463268));
#11790 = ADVANCED_FACE('',(#11791),#11794,.T.);
#11791 = FACE_BOUND('',#11792,.T.);
#11792 = EDGE_LOOP('',(#11793));
#11793 = ORIENTED_EDGE('',*,*,#11761,.T.);
#11794 = PLANE('',#11795);
#11795 = AXIS2_PLACEMENT_3D('',#11796,#11797,#11798);
#11796 = CARTESIAN_POINT('',(37.510329862486,0.,6.686872782278));
#11797 = DIRECTION('',(0.104528463268,0.,0.994521895368));
#11798 = DIRECTION('',(0.994521895368,0.,-0.104528463268));
#11799 = ADVANCED_FACE('',(#11800),#11803,.F.);
#11800 = FACE_BOUND('',#11801,.T.);
#11801 = EDGE_LOOP('',(#11802));
#11802 = ORIENTED_EDGE('',*,*,#11778,.F.);
#11803 = PLANE('',#11804);
#11804 = AXIS2_PLACEMENT_3D('',#11805,#11806,#11807);
#11805 = CARTESIAN_POINT('',(37.171657641499,0.,3.464621841285));
#11806 = DIRECTION('',(0.104528463268,0.,0.994521895368));
#11807 = DIRECTION('',(0.994521895368,0.,-0.104528463268));
#11808 = MANIFOLD_SOLID_BREP('',#11809);
#11809 = CLOSED_SHELL('',(#11810,#11837));
#11810 = ADVANCED_FACE('',(#11811),#11832,.T.);
#11811 = FACE_BOUND('',#11812,.T.);
#11812 = EDGE_LOOP('',(#11813,#11824,#11831));
#11813 = ORIENTED_EDGE('',*,*,#11814,.F.);
#11814 = EDGE_CURVE('',#11815,#11817,#11819,.T.);
#11815 = VERTEX_POINT('',#11816);
#11816 = CARTESIAN_POINT('',(37.72392828619,-5.878304635907E-17,
    6.423100696205));
#11817 = VERTEX_POINT('',#11818);
#11818 = CARTESIAN_POINT('',(37.510329862486,0.,6.686872782278));
#11819 = CIRCLE('',#11820,0.24);
#11820 = AXIS2_PLACEMENT_3D('',#11821,#11822,#11823);
#11821 = CARTESIAN_POINT('',(37.485243031302,0.,6.44818752739));
#11822 = DIRECTION('',(-2.435876111689E-16,-1.,2.56020895921E-17));
#11823 = DIRECTION('',(0.994521895368,-2.449293598295E-16,
    -0.104528463268));
#11824 = ORIENTED_EDGE('',*,*,#11825,.T.);
#11825 = EDGE_CURVE('',#11815,#11815,#11826,.T.);
#11826 = CIRCLE('',#11827,0.24);
#11827 = AXIS2_PLACEMENT_3D('',#11828,#11829,#11830);
#11828 = CARTESIAN_POINT('',(37.485243031302,0.,6.44818752739));
#11829 = DIRECTION('',(0.104528463268,-0.,0.994521895368));
#11830 = DIRECTION('',(0.994521895368,0.,-0.104528463268));
#11831 = ORIENTED_EDGE('',*,*,#11814,.T.);
#11832 = SPHERICAL_SURFACE('',#11833,0.24);
#11833 = AXIS2_PLACEMENT_3D('',#11834,#11835,#11836);
#11834 = CARTESIAN_POINT('',(37.485243031302,0.,6.44818752739));
#11835 = DIRECTION('',(0.104528463268,0.,0.994521895368));
#11836 = DIRECTION('',(0.994521895368,0.,-0.104528463268));
#11837 = ADVANCED_FACE('',(#11838),#11841,.F.);
#11838 = FACE_BOUND('',#11839,.T.);
#11839 = EDGE_LOOP('',(#11840));
#11840 = ORIENTED_EDGE('',*,*,#11825,.F.);
#11841 = PLANE('',#11842);
#11842 = AXIS2_PLACEMENT_3D('',#11843,#11844,#11845);
#11843 = CARTESIAN_POINT('',(37.485243031302,0.,6.44818752739));
#11844 = DIRECTION('',(0.104528463268,0.,0.994521895368));
#11845 = DIRECTION('',(0.994521895368,0.,-0.104528463268));
#11846 = MANIFOLD_SOLID_BREP('',#11847);
#11847 = CLOSED_SHELL('',(#11848,#11881,#11890));
#11848 = ADVANCED_FACE('',(#11849),#11876,.T.);
#11849 = FACE_BOUND('',#11850,.T.);
#11850 = EDGE_LOOP('',(#11851,#11860,#11868,#11875));
#11851 = ORIENTED_EDGE('',*,*,#11852,.F.);
#11852 = EDGE_CURVE('',#11853,#11853,#11855,.T.);
#11853 = VERTEX_POINT('',#11854);
#11854 = CARTESIAN_POINT('',(38.830328547839,-8.327598234202E-17,
    3.843318057876));
#11855 = CIRCLE('',#11856,0.34);
#11856 = AXIS2_PLACEMENT_3D('',#11857,#11858,#11859);
#11857 = CARTESIAN_POINT('',(38.492191103414,0.,3.878857735387));
#11858 = DIRECTION('',(0.104528463268,-0.,0.994521895368));
#11859 = DIRECTION('',(0.994521895368,0.,-0.104528463268));
#11860 = ORIENTED_EDGE('',*,*,#11861,.F.);
#11861 = EDGE_CURVE('',#11862,#11853,#11864,.T.);
#11862 = VERTEX_POINT('',#11863);
#11863 = CARTESIAN_POINT('',(38.715347238245,-8.327598234202E-17,
    2.749343972971));
#11864 = LINE('',#11865,#11866);
#11865 = CARTESIAN_POINT('',(38.715347238245,-8.327598234202E-17,
    2.749343972971));
#11866 = VECTOR('',#11867,1.);
#11867 = DIRECTION('',(0.104528463268,0.,0.994521895368));
#11868 = ORIENTED_EDGE('',*,*,#11869,.T.);
#11869 = EDGE_CURVE('',#11862,#11862,#11870,.T.);
#11870 = CIRCLE('',#11871,0.34);
#11871 = AXIS2_PLACEMENT_3D('',#11872,#11873,#11874);
#11872 = CARTESIAN_POINT('',(38.377209793819,0.,2.784883650482));
#11873 = DIRECTION('',(0.104528463268,-0.,0.994521895368));
#11874 = DIRECTION('',(0.994521895368,0.,-0.104528463268));
#11875 = ORIENTED_EDGE('',*,*,#11861,.T.);
#11876 = CYLINDRICAL_SURFACE('',#11877,0.34);
#11877 = AXIS2_PLACEMENT_3D('',#11878,#11879,#11880);
#11878 = CARTESIAN_POINT('',(38.377209793819,0.,2.784883650482));
#11879 = DIRECTION('',(0.104528463268,0.,0.994521895368));
#11880 = DIRECTION('',(0.994521895368,0.,-0.104528463268));
#11881 = ADVANCED_FACE('',(#11882),#11885,.T.);
#11882 = FACE_BOUND('',#11883,.T.);
#11883 = EDGE_LOOP('',(#11884));
#11884 = ORIENTED_EDGE('',*,*,#11852,.T.);
#11885 = PLANE('',#11886);
#11886 = AXIS2_PLACEMENT_3D('',#11887,#11888,#11889);
#11887 = CARTESIAN_POINT('',(38.492191103414,0.,3.878857735387));
#11888 = DIRECTION('',(0.104528463268,0.,0.994521895368));
#11889 = DIRECTION('',(0.994521895368,0.,-0.104528463268));
#11890 = ADVANCED_FACE('',(#11891),#11894,.F.);
#11891 = FACE_BOUND('',#11892,.T.);
#11892 = EDGE_LOOP('',(#11893));
#11893 = ORIENTED_EDGE('',*,*,#11869,.F.);
#11894 = PLANE('',#11895);
#11895 = AXIS2_PLACEMENT_3D('',#11896,#11897,#11898);
#11896 = CARTESIAN_POINT('',(38.377209793819,0.,2.784883650482));
#11897 = DIRECTION('',(0.104528463268,0.,0.994521895368));
#11898 = DIRECTION('',(0.994521895368,0.,-0.104528463268));
#11899 = MANIFOLD_SOLID_BREP('',#11900);
#11900 = CLOSED_SHELL('',(#11901,#11934,#11943));
#11901 = ADVANCED_FACE('',(#11902),#11929,.T.);
#11902 = FACE_BOUND('',#11903,.T.);
#11903 = EDGE_LOOP('',(#11904,#11913,#11921,#11928));
#11904 = ORIENTED_EDGE('',*,*,#11905,.F.);
#11905 = EDGE_CURVE('',#11906,#11906,#11908,.T.);
#11906 = VERTEX_POINT('',#11907);
#11907 = CARTESIAN_POINT('',(39.012057924492,-5.878304635907E-17,
    6.529034802744));
#11908 = CIRCLE('',#11909,0.24);
#11909 = AXIS2_PLACEMENT_3D('',#11910,#11911,#11912);
#11910 = CARTESIAN_POINT('',(38.773372669604,0.,6.554121633928));
#11911 = DIRECTION('',(0.104528463268,-0.,0.994521895368));
#11912 = DIRECTION('',(0.994521895368,0.,-0.104528463268));
#11913 = ORIENTED_EDGE('',*,*,#11914,.F.);
#11914 = EDGE_CURVE('',#11915,#11906,#11917,.T.);
#11915 = VERTEX_POINT('',#11916);
#11916 = CARTESIAN_POINT('',(38.673385703505,-5.878304635907E-17,
    3.306783861751));
#11917 = LINE('',#11918,#11919);
#11918 = CARTESIAN_POINT('',(38.673385703505,-5.878304635907E-17,
    3.306783861751));
#11919 = VECTOR('',#11920,1.);
#11920 = DIRECTION('',(0.104528463268,0.,0.994521895368));
#11921 = ORIENTED_EDGE('',*,*,#11922,.T.);
#11922 = EDGE_CURVE('',#11915,#11915,#11923,.T.);
#11923 = CIRCLE('',#11924,0.24);
#11924 = AXIS2_PLACEMENT_3D('',#11925,#11926,#11927);
#11925 = CARTESIAN_POINT('',(38.434700448617,0.,3.331870692935));
#11926 = DIRECTION('',(0.104528463268,-0.,0.994521895368));
#11927 = DIRECTION('',(0.994521895368,0.,-0.104528463268));
#11928 = ORIENTED_EDGE('',*,*,#11914,.T.);
#11929 = CYLINDRICAL_SURFACE('',#11930,0.24);
#11930 = AXIS2_PLACEMENT_3D('',#11931,#11932,#11933);
#11931 = CARTESIAN_POINT('',(38.434700448617,0.,3.331870692935));
#11932 = DIRECTION('',(0.104528463268,0.,0.994521895368));
#11933 = DIRECTION('',(0.994521895368,0.,-0.104528463268));
#11934 = ADVANCED_FACE('',(#11935),#11938,.T.);
#11935 = FACE_BOUND('',#11936,.T.);
#11936 = EDGE_LOOP('',(#11937));
#11937 = ORIENTED_EDGE('',*,*,#11905,.T.);
#11938 = PLANE('',#11939);
#11939 = AXIS2_PLACEMENT_3D('',#11940,#11941,#11942);
#11940 = CARTESIAN_POINT('',(38.773372669604,0.,6.554121633928));
#11941 = DIRECTION('',(0.104528463268,0.,0.994521895368));
#11942 = DIRECTION('',(0.994521895368,0.,-0.104528463268));
#11943 = ADVANCED_FACE('',(#11944),#11947,.F.);
#11944 = FACE_BOUND('',#11945,.T.);
#11945 = EDGE_LOOP('',(#11946));
#11946 = ORIENTED_EDGE('',*,*,#11922,.F.);
#11947 = PLANE('',#11948);
#11948 = AXIS2_PLACEMENT_3D('',#11949,#11950,#11951);
#11949 = CARTESIAN_POINT('',(38.434700448617,0.,3.331870692935));
#11950 = DIRECTION('',(0.104528463268,0.,0.994521895368));
#11951 = DIRECTION('',(0.994521895368,0.,-0.104528463268));
#11952 = MANIFOLD_SOLID_BREP('',#11953);
#11953 = CLOSED_SHELL('',(#11954,#11981));
#11954 = ADVANCED_FACE('',(#11955),#11976,.T.);
#11955 = FACE_BOUND('',#11956,.T.);
#11956 = EDGE_LOOP('',(#11957,#11968,#11975));
#11957 = ORIENTED_EDGE('',*,*,#11958,.F.);
#11958 = EDGE_CURVE('',#11959,#11961,#11963,.T.);
#11959 = VERTEX_POINT('',#11960);
#11960 = CARTESIAN_POINT('',(38.986971093308,-5.878304635907E-17,
    6.290349547856));
#11961 = VERTEX_POINT('',#11962);
#11962 = CARTESIAN_POINT('',(38.773372669604,0.,6.554121633928));
#11963 = CIRCLE('',#11964,0.24);
#11964 = AXIS2_PLACEMENT_3D('',#11965,#11966,#11967);
#11965 = CARTESIAN_POINT('',(38.74828583842,0.,6.31543637904));
#11966 = DIRECTION('',(-2.435876111689E-16,-1.,2.56020895921E-17));
#11967 = DIRECTION('',(0.994521895368,-2.449293598295E-16,
    -0.104528463268));
#11968 = ORIENTED_EDGE('',*,*,#11969,.T.);
#11969 = EDGE_CURVE('',#11959,#11959,#11970,.T.);
#11970 = CIRCLE('',#11971,0.24);
#11971 = AXIS2_PLACEMENT_3D('',#11972,#11973,#11974);
#11972 = CARTESIAN_POINT('',(38.74828583842,0.,6.31543637904));
#11973 = DIRECTION('',(0.104528463268,-0.,0.994521895368));
#11974 = DIRECTION('',(0.994521895368,0.,-0.104528463268));
#11975 = ORIENTED_EDGE('',*,*,#11958,.T.);
#11976 = SPHERICAL_SURFACE('',#11977,0.24);
#11977 = AXIS2_PLACEMENT_3D('',#11978,#11979,#11980);
#11978 = CARTESIAN_POINT('',(38.74828583842,0.,6.31543637904));
#11979 = DIRECTION('',(0.104528463268,0.,0.994521895368));
#11980 = DIRECTION('',(0.994521895368,0.,-0.104528463268));
#11981 = ADVANCED_FACE('',(#11982),#11985,.F.);
#11982 = FACE_BOUND('',#11983,.T.);
#11983 = EDGE_LOOP('',(#11984));
#11984 = ORIENTED_EDGE('',*,*,#11969,.F.);
#11985 = PLANE('',#11986);
#11986 = AXIS2_PLACEMENT_3D('',#11987,#11988,#11989);
#11987 = CARTESIAN_POINT('',(38.74828583842,0.,6.31543637904));
#11988 = DIRECTION('',(0.104528463268,0.,0.994521895368));
#11989 = DIRECTION('',(0.994521895368,0.,-0.104528463268));
#11990 = MANIFOLD_SOLID_BREP('',#11991);
#11991 = CLOSED_SHELL('',(#11992,#12025,#12034));
#11992 = ADVANCED_FACE('',(#11993),#12020,.T.);
#11993 = FACE_BOUND('',#11994,.T.);
#11994 = EDGE_LOOP('',(#11995,#12004,#12012,#12019));
#11995 = ORIENTED_EDGE('',*,*,#11996,.F.);
#11996 = EDGE_CURVE('',#11997,#11997,#11999,.T.);
#11997 = VERTEX_POINT('',#11998);
#11998 = CARTESIAN_POINT('',(40.093371354957,-8.327598234202E-17,
    3.710566909527));
#11999 = CIRCLE('',#12000,0.34);
#12000 = AXIS2_PLACEMENT_3D('',#12001,#12002,#12003);
#12001 = CARTESIAN_POINT('',(39.755233910531,0.,3.746106587038));
#12002 = DIRECTION('',(0.104528463268,-0.,0.994521895368));
#12003 = DIRECTION('',(0.994521895368,0.,-0.104528463268));
#12004 = ORIENTED_EDGE('',*,*,#12005,.F.);
#12005 = EDGE_CURVE('',#12006,#11997,#12008,.T.);
#12006 = VERTEX_POINT('',#12007);
#12007 = CARTESIAN_POINT('',(39.978390045362,-8.327598234202E-17,
    2.616592824621));
#12008 = LINE('',#12009,#12010);
#12009 = CARTESIAN_POINT('',(39.978390045362,-8.327598234202E-17,
    2.616592824621));
#12010 = VECTOR('',#12011,1.);
#12011 = DIRECTION('',(0.104528463268,0.,0.994521895368));
#12012 = ORIENTED_EDGE('',*,*,#12013,.T.);
#12013 = EDGE_CURVE('',#12006,#12006,#12014,.T.);
#12014 = CIRCLE('',#12015,0.34);
#12015 = AXIS2_PLACEMENT_3D('',#12016,#12017,#12018);
#12016 = CARTESIAN_POINT('',(39.640252600937,0.,2.652132502132));
#12017 = DIRECTION('',(0.104528463268,-0.,0.994521895368));
#12018 = DIRECTION('',(0.994521895368,0.,-0.104528463268));
#12019 = ORIENTED_EDGE('',*,*,#12005,.T.);
#12020 = CYLINDRICAL_SURFACE('',#12021,0.34);
#12021 = AXIS2_PLACEMENT_3D('',#12022,#12023,#12024);
#12022 = CARTESIAN_POINT('',(39.640252600937,0.,2.652132502132));
#12023 = DIRECTION('',(0.104528463268,0.,0.994521895368));
#12024 = DIRECTION('',(0.994521895368,0.,-0.104528463268));
#12025 = ADVANCED_FACE('',(#12026),#12029,.T.);
#12026 = FACE_BOUND('',#12027,.T.);
#12027 = EDGE_LOOP('',(#12028));
#12028 = ORIENTED_EDGE('',*,*,#11996,.T.);
#12029 = PLANE('',#12030);
#12030 = AXIS2_PLACEMENT_3D('',#12031,#12032,#12033);
#12031 = CARTESIAN_POINT('',(39.755233910531,0.,3.746106587038));
#12032 = DIRECTION('',(0.104528463268,0.,0.994521895368));
#12033 = DIRECTION('',(0.994521895368,0.,-0.104528463268));
#12034 = ADVANCED_FACE('',(#12035),#12038,.F.);
#12035 = FACE_BOUND('',#12036,.T.);
#12036 = EDGE_LOOP('',(#12037));
#12037 = ORIENTED_EDGE('',*,*,#12013,.F.);
#12038 = PLANE('',#12039);
#12039 = AXIS2_PLACEMENT_3D('',#12040,#12041,#12042);
#12040 = CARTESIAN_POINT('',(39.640252600937,0.,2.652132502132));
#12041 = DIRECTION('',(0.104528463268,0.,0.994521895368));
#12042 = DIRECTION('',(0.994521895368,0.,-0.104528463268));
#12043 = MANIFOLD_SOLID_BREP('',#12044);
#12044 = CLOSED_SHELL('',(#12045,#12078,#12087));
#12045 = ADVANCED_FACE('',(#12046),#12073,.T.);
#12046 = FACE_BOUND('',#12047,.T.);
#12047 = EDGE_LOOP('',(#12048,#12057,#12065,#12072));
#12048 = ORIENTED_EDGE('',*,*,#12049,.F.);
#12049 = EDGE_CURVE('',#12050,#12050,#12052,.T.);
#12050 = VERTEX_POINT('',#12051);
#12051 = CARTESIAN_POINT('',(40.27510073161,-5.878304635907E-17,
    6.396283654394));
#12052 = CIRCLE('',#12053,0.24);
#12053 = AXIS2_PLACEMENT_3D('',#12054,#12055,#12056);
#12054 = CARTESIAN_POINT('',(40.036415476721,0.,6.421370485578));
#12055 = DIRECTION('',(0.104528463268,-0.,0.994521895368));
#12056 = DIRECTION('',(0.994521895368,0.,-0.104528463268));
#12057 = ORIENTED_EDGE('',*,*,#12058,.F.);
#12058 = EDGE_CURVE('',#12059,#12050,#12061,.T.);
#12059 = VERTEX_POINT('',#12060);
#12060 = CARTESIAN_POINT('',(39.936428510623,-5.878304635907E-17,
    3.174032713401));
#12061 = LINE('',#12062,#12063);
#12062 = CARTESIAN_POINT('',(39.936428510623,-5.878304635907E-17,
    3.174032713401));
#12063 = VECTOR('',#12064,1.);
#12064 = DIRECTION('',(0.104528463268,0.,0.994521895368));
#12065 = ORIENTED_EDGE('',*,*,#12066,.T.);
#12066 = EDGE_CURVE('',#12059,#12059,#12067,.T.);
#12067 = CIRCLE('',#12068,0.24);
#12068 = AXIS2_PLACEMENT_3D('',#12069,#12070,#12071);
#12069 = CARTESIAN_POINT('',(39.697743255734,0.,3.199119544585));
#12070 = DIRECTION('',(0.104528463268,-0.,0.994521895368));
#12071 = DIRECTION('',(0.994521895368,0.,-0.104528463268));
#12072 = ORIENTED_EDGE('',*,*,#12058,.T.);
#12073 = CYLINDRICAL_SURFACE('',#12074,0.24);
#12074 = AXIS2_PLACEMENT_3D('',#12075,#12076,#12077);
#12075 = CARTESIAN_POINT('',(39.697743255734,0.,3.199119544585));
#12076 = DIRECTION('',(0.104528463268,0.,0.994521895368));
#12077 = DIRECTION('',(0.994521895368,0.,-0.104528463268));
#12078 = ADVANCED_FACE('',(#12079),#12082,.T.);
#12079 = FACE_BOUND('',#12080,.T.);
#12080 = EDGE_LOOP('',(#12081));
#12081 = ORIENTED_EDGE('',*,*,#12049,.T.);
#12082 = PLANE('',#12083);
#12083 = AXIS2_PLACEMENT_3D('',#12084,#12085,#12086);
#12084 = CARTESIAN_POINT('',(40.036415476721,0.,6.421370485578));
#12085 = DIRECTION('',(0.104528463268,0.,0.994521895368));
#12086 = DIRECTION('',(0.994521895368,0.,-0.104528463268));
#12087 = ADVANCED_FACE('',(#12088),#12091,.F.);
#12088 = FACE_BOUND('',#12089,.T.);
#12089 = EDGE_LOOP('',(#12090));
#12090 = ORIENTED_EDGE('',*,*,#12066,.F.);
#12091 = PLANE('',#12092);
#12092 = AXIS2_PLACEMENT_3D('',#12093,#12094,#12095);
#12093 = CARTESIAN_POINT('',(39.697743255734,0.,3.199119544585));
#12094 = DIRECTION('',(0.104528463268,0.,0.994521895368));
#12095 = DIRECTION('',(0.994521895368,0.,-0.104528463268));
#12096 = MANIFOLD_SOLID_BREP('',#12097);
#12097 = CLOSED_SHELL('',(#12098,#12125));
#12098 = ADVANCED_FACE('',(#12099),#12120,.T.);
#12099 = FACE_BOUND('',#12100,.T.);
#12100 = EDGE_LOOP('',(#12101,#12112,#12119));
#12101 = ORIENTED_EDGE('',*,*,#12102,.F.);
#12102 = EDGE_CURVE('',#12103,#12105,#12107,.T.);
#12103 = VERTEX_POINT('',#12104);
#12104 = CARTESIAN_POINT('',(40.250013900426,-5.878304635907E-17,
    6.157598399506));
#12105 = VERTEX_POINT('',#12106);
#12106 = CARTESIAN_POINT('',(40.036415476721,0.,6.421370485578));
#12107 = CIRCLE('',#12108,0.24);
#12108 = AXIS2_PLACEMENT_3D('',#12109,#12110,#12111);
#12109 = CARTESIAN_POINT('',(40.011328645537,0.,6.18268523069));
#12110 = DIRECTION('',(-2.435876111689E-16,-1.,2.56020895921E-17));
#12111 = DIRECTION('',(0.994521895368,-2.449293598295E-16,
    -0.104528463268));
#12112 = ORIENTED_EDGE('',*,*,#12113,.T.);
#12113 = EDGE_CURVE('',#12103,#12103,#12114,.T.);
#12114 = CIRCLE('',#12115,0.24);
#12115 = AXIS2_PLACEMENT_3D('',#12116,#12117,#12118);
#12116 = CARTESIAN_POINT('',(40.011328645537,0.,6.18268523069));
#12117 = DIRECTION('',(0.104528463268,-0.,0.994521895368));
#12118 = DIRECTION('',(0.994521895368,0.,-0.104528463268));
#12119 = ORIENTED_EDGE('',*,*,#12102,.T.);
#12120 = SPHERICAL_SURFACE('',#12121,0.24);
#12121 = AXIS2_PLACEMENT_3D('',#12122,#12123,#12124);
#12122 = CARTESIAN_POINT('',(40.011328645537,0.,6.18268523069));
#12123 = DIRECTION('',(0.104528463268,0.,0.994521895368));
#12124 = DIRECTION('',(0.994521895368,0.,-0.104528463268));
#12125 = ADVANCED_FACE('',(#12126),#12129,.F.);
#12126 = FACE_BOUND('',#12127,.T.);
#12127 = EDGE_LOOP('',(#12128));
#12128 = ORIENTED_EDGE('',*,*,#12113,.F.);
#12129 = PLANE('',#12130);
#12130 = AXIS2_PLACEMENT_3D('',#12131,#12132,#12133);
#12131 = CARTESIAN_POINT('',(40.011328645537,0.,6.18268523069));
#12132 = DIRECTION('',(0.104528463268,0.,0.994521895368));
#12133 = DIRECTION('',(0.994521895368,0.,-0.104528463268));
#12134 = MANIFOLD_SOLID_BREP('',#12135);
#12135 = CLOSED_SHELL('',(#12136,#12169,#12178));
#12136 = ADVANCED_FACE('',(#12137),#12164,.T.);
#12137 = FACE_BOUND('',#12138,.T.);
#12138 = EDGE_LOOP('',(#12139,#12148,#12156,#12163));
#12139 = ORIENTED_EDGE('',*,*,#12140,.F.);
#12140 = EDGE_CURVE('',#12141,#12141,#12143,.T.);
#12141 = VERTEX_POINT('',#12142);
#12142 = CARTESIAN_POINT('',(41.356414162074,-8.327598234202E-17,
    3.577815761177));
#12143 = CIRCLE('',#12144,0.34);
#12144 = AXIS2_PLACEMENT_3D('',#12145,#12146,#12147);
#12145 = CARTESIAN_POINT('',(41.018276717649,0.,3.613355438688));
#12146 = DIRECTION('',(0.104528463268,-0.,0.994521895368));
#12147 = DIRECTION('',(0.994521895368,0.,-0.104528463268));
#12148 = ORIENTED_EDGE('',*,*,#12149,.F.);
#12149 = EDGE_CURVE('',#12150,#12141,#12152,.T.);
#12150 = VERTEX_POINT('',#12151);
#12151 = CARTESIAN_POINT('',(41.24143285248,-8.327598234202E-17,
    2.483841676272));
#12152 = LINE('',#12153,#12154);
#12153 = CARTESIAN_POINT('',(41.24143285248,-8.327598234202E-17,
    2.483841676272));
#12154 = VECTOR('',#12155,1.);
#12155 = DIRECTION('',(0.104528463268,0.,0.994521895368));
#12156 = ORIENTED_EDGE('',*,*,#12157,.T.);
#12157 = EDGE_CURVE('',#12150,#12150,#12158,.T.);
#12158 = CIRCLE('',#12159,0.34);
#12159 = AXIS2_PLACEMENT_3D('',#12160,#12161,#12162);
#12160 = CARTESIAN_POINT('',(40.903295408055,0.,2.519381353783));
#12161 = DIRECTION('',(0.104528463268,-0.,0.994521895368));
#12162 = DIRECTION('',(0.994521895368,0.,-0.104528463268));
#12163 = ORIENTED_EDGE('',*,*,#12149,.T.);
#12164 = CYLINDRICAL_SURFACE('',#12165,0.34);
#12165 = AXIS2_PLACEMENT_3D('',#12166,#12167,#12168);
#12166 = CARTESIAN_POINT('',(40.903295408055,0.,2.519381353783));
#12167 = DIRECTION('',(0.104528463268,0.,0.994521895368));
#12168 = DIRECTION('',(0.994521895368,0.,-0.104528463268));
#12169 = ADVANCED_FACE('',(#12170),#12173,.T.);
#12170 = FACE_BOUND('',#12171,.T.);
#12171 = EDGE_LOOP('',(#12172));
#12172 = ORIENTED_EDGE('',*,*,#12140,.T.);
#12173 = PLANE('',#12174);
#12174 = AXIS2_PLACEMENT_3D('',#12175,#12176,#12177);
#12175 = CARTESIAN_POINT('',(41.018276717649,0.,3.613355438688));
#12176 = DIRECTION('',(0.104528463268,0.,0.994521895368));
#12177 = DIRECTION('',(0.994521895368,0.,-0.104528463268));
#12178 = ADVANCED_FACE('',(#12179),#12182,.F.);
#12179 = FACE_BOUND('',#12180,.T.);
#12180 = EDGE_LOOP('',(#12181));
#12181 = ORIENTED_EDGE('',*,*,#12157,.F.);
#12182 = PLANE('',#12183);
#12183 = AXIS2_PLACEMENT_3D('',#12184,#12185,#12186);
#12184 = CARTESIAN_POINT('',(40.903295408055,0.,2.519381353783));
#12185 = DIRECTION('',(0.104528463268,0.,0.994521895368));
#12186 = DIRECTION('',(0.994521895368,0.,-0.104528463268));
#12187 = MANIFOLD_SOLID_BREP('',#12188);
#12188 = CLOSED_SHELL('',(#12189,#12222,#12231));
#12189 = ADVANCED_FACE('',(#12190),#12217,.T.);
#12190 = FACE_BOUND('',#12191,.T.);
#12191 = EDGE_LOOP('',(#12192,#12201,#12209,#12216));
#12192 = ORIENTED_EDGE('',*,*,#12193,.F.);
#12193 = EDGE_CURVE('',#12194,#12194,#12196,.T.);
#12194 = VERTEX_POINT('',#12195);
#12195 = CARTESIAN_POINT('',(41.538143538728,-5.878304635907E-17,
    6.263532506044));
#12196 = CIRCLE('',#12197,0.24);
#12197 = AXIS2_PLACEMENT_3D('',#12198,#12199,#12200);
#12198 = CARTESIAN_POINT('',(41.299458283839,0.,6.288619337228));
#12199 = DIRECTION('',(0.104528463268,-0.,0.994521895368));
#12200 = DIRECTION('',(0.994521895368,0.,-0.104528463268));
#12201 = ORIENTED_EDGE('',*,*,#12202,.F.);
#12202 = EDGE_CURVE('',#12203,#12194,#12205,.T.);
#12203 = VERTEX_POINT('',#12204);
#12204 = CARTESIAN_POINT('',(41.19947131774,-5.878304635907E-17,
    3.041281565051));
#12205 = LINE('',#12206,#12207);
#12206 = CARTESIAN_POINT('',(41.19947131774,-5.878304635907E-17,
    3.041281565051));
#12207 = VECTOR('',#12208,1.);
#12208 = DIRECTION('',(0.104528463268,0.,0.994521895368));
#12209 = ORIENTED_EDGE('',*,*,#12210,.T.);
#12210 = EDGE_CURVE('',#12203,#12203,#12211,.T.);
#12211 = CIRCLE('',#12212,0.24);
#12212 = AXIS2_PLACEMENT_3D('',#12213,#12214,#12215);
#12213 = CARTESIAN_POINT('',(40.960786062852,0.,3.066368396235));
#12214 = DIRECTION('',(0.104528463268,-0.,0.994521895368));
#12215 = DIRECTION('',(0.994521895368,0.,-0.104528463268));
#12216 = ORIENTED_EDGE('',*,*,#12202,.T.);
#12217 = CYLINDRICAL_SURFACE('',#12218,0.24);
#12218 = AXIS2_PLACEMENT_3D('',#12219,#12220,#12221);
#12219 = CARTESIAN_POINT('',(40.960786062852,0.,3.066368396235));
#12220 = DIRECTION('',(0.104528463268,0.,0.994521895368));
#12221 = DIRECTION('',(0.994521895368,0.,-0.104528463268));
#12222 = ADVANCED_FACE('',(#12223),#12226,.T.);
#12223 = FACE_BOUND('',#12224,.T.);
#12224 = EDGE_LOOP('',(#12225));
#12225 = ORIENTED_EDGE('',*,*,#12193,.T.);
#12226 = PLANE('',#12227);
#12227 = AXIS2_PLACEMENT_3D('',#12228,#12229,#12230);
#12228 = CARTESIAN_POINT('',(41.299458283839,0.,6.288619337228));
#12229 = DIRECTION('',(0.104528463268,0.,0.994521895368));
#12230 = DIRECTION('',(0.994521895368,0.,-0.104528463268));
#12231 = ADVANCED_FACE('',(#12232),#12235,.F.);
#12232 = FACE_BOUND('',#12233,.T.);
#12233 = EDGE_LOOP('',(#12234));
#12234 = ORIENTED_EDGE('',*,*,#12210,.F.);
#12235 = PLANE('',#12236);
#12236 = AXIS2_PLACEMENT_3D('',#12237,#12238,#12239);
#12237 = CARTESIAN_POINT('',(40.960786062852,0.,3.066368396235));
#12238 = DIRECTION('',(0.104528463268,0.,0.994521895368));
#12239 = DIRECTION('',(0.994521895368,0.,-0.104528463268));
#12240 = MANIFOLD_SOLID_BREP('',#12241);
#12241 = CLOSED_SHELL('',(#12242,#12269));
#12242 = ADVANCED_FACE('',(#12243),#12264,.T.);
#12243 = FACE_BOUND('',#12244,.T.);
#12244 = EDGE_LOOP('',(#12245,#12256,#12263));
#12245 = ORIENTED_EDGE('',*,*,#12246,.F.);
#12246 = EDGE_CURVE('',#12247,#12249,#12251,.T.);
#12247 = VERTEX_POINT('',#12248);
#12248 = CARTESIAN_POINT('',(41.513056707543,-5.878304635907E-17,
    6.024847251156));
#12249 = VERTEX_POINT('',#12250);
#12250 = CARTESIAN_POINT('',(41.299458283839,0.,6.288619337228));
#12251 = CIRCLE('',#12252,0.24);
#12252 = AXIS2_PLACEMENT_3D('',#12253,#12254,#12255);
#12253 = CARTESIAN_POINT('',(41.274371452655,0.,6.04993408234));
#12254 = DIRECTION('',(-2.435876111689E-16,-1.,2.56020895921E-17));
#12255 = DIRECTION('',(0.994521895368,-2.449293598295E-16,
    -0.104528463268));
#12256 = ORIENTED_EDGE('',*,*,#12257,.T.);
#12257 = EDGE_CURVE('',#12247,#12247,#12258,.T.);
#12258 = CIRCLE('',#12259,0.24);
#12259 = AXIS2_PLACEMENT_3D('',#12260,#12261,#12262);
#12260 = CARTESIAN_POINT('',(41.274371452655,0.,6.04993408234));
#12261 = DIRECTION('',(0.104528463268,-0.,0.994521895368));
#12262 = DIRECTION('',(0.994521895368,0.,-0.104528463268));
#12263 = ORIENTED_EDGE('',*,*,#12246,.T.);
#12264 = SPHERICAL_SURFACE('',#12265,0.24);
#12265 = AXIS2_PLACEMENT_3D('',#12266,#12267,#12268);
#12266 = CARTESIAN_POINT('',(41.274371452655,0.,6.04993408234));
#12267 = DIRECTION('',(0.104528463268,0.,0.994521895368));
#12268 = DIRECTION('',(0.994521895368,0.,-0.104528463268));
#12269 = ADVANCED_FACE('',(#12270),#12273,.F.);
#12270 = FACE_BOUND('',#12271,.T.);
#12271 = EDGE_LOOP('',(#12272));
#12272 = ORIENTED_EDGE('',*,*,#12257,.F.);
#12273 = PLANE('',#12274);
#12274 = AXIS2_PLACEMENT_3D('',#12275,#12276,#12277);
#12275 = CARTESIAN_POINT('',(41.274371452655,0.,6.04993408234));
#12276 = DIRECTION('',(0.104528463268,0.,0.994521895368));
#12277 = DIRECTION('',(0.994521895368,0.,-0.104528463268));
#12278 = MANIFOLD_SOLID_BREP('',#12279);
#12279 = CLOSED_SHELL('',(#12280,#12313,#12322));
#12280 = ADVANCED_FACE('',(#12281),#12308,.T.);
#12281 = FACE_BOUND('',#12282,.T.);
#12282 = EDGE_LOOP('',(#12283,#12292,#12300,#12307));
#12283 = ORIENTED_EDGE('',*,*,#12284,.F.);
#12284 = EDGE_CURVE('',#12285,#12285,#12287,.T.);
#12285 = VERTEX_POINT('',#12286);
#12286 = CARTESIAN_POINT('',(42.619456969192,-8.327598234202E-17,
    3.445064612827));
#12287 = CIRCLE('',#12288,0.34);
#12288 = AXIS2_PLACEMENT_3D('',#12289,#12290,#12291);
#12289 = CARTESIAN_POINT('',(42.281319524767,0.,3.480604290338));
#12290 = DIRECTION('',(0.104528463268,-0.,0.994521895368));
#12291 = DIRECTION('',(0.994521895368,0.,-0.104528463268));
#12292 = ORIENTED_EDGE('',*,*,#12293,.F.);
#12293 = EDGE_CURVE('',#12294,#12285,#12296,.T.);
#12294 = VERTEX_POINT('',#12295);
#12295 = CARTESIAN_POINT('',(42.504475659598,-8.327598234202E-17,
    2.351090527922));
#12296 = LINE('',#12297,#12298);
#12297 = CARTESIAN_POINT('',(42.504475659598,-8.327598234202E-17,
    2.351090527922));
#12298 = VECTOR('',#12299,1.);
#12299 = DIRECTION('',(0.104528463268,0.,0.994521895368));
#12300 = ORIENTED_EDGE('',*,*,#12301,.T.);
#12301 = EDGE_CURVE('',#12294,#12294,#12302,.T.);
#12302 = CIRCLE('',#12303,0.34);
#12303 = AXIS2_PLACEMENT_3D('',#12304,#12305,#12306);
#12304 = CARTESIAN_POINT('',(42.166338215172,0.,2.386630205433));
#12305 = DIRECTION('',(0.104528463268,-0.,0.994521895368));
#12306 = DIRECTION('',(0.994521895368,0.,-0.104528463268));
#12307 = ORIENTED_EDGE('',*,*,#12293,.T.);
#12308 = CYLINDRICAL_SURFACE('',#12309,0.34);
#12309 = AXIS2_PLACEMENT_3D('',#12310,#12311,#12312);
#12310 = CARTESIAN_POINT('',(42.166338215172,0.,2.386630205433));
#12311 = DIRECTION('',(0.104528463268,0.,0.994521895368));
#12312 = DIRECTION('',(0.994521895368,0.,-0.104528463268));
#12313 = ADVANCED_FACE('',(#12314),#12317,.T.);
#12314 = FACE_BOUND('',#12315,.T.);
#12315 = EDGE_LOOP('',(#12316));
#12316 = ORIENTED_EDGE('',*,*,#12284,.T.);
#12317 = PLANE('',#12318);
#12318 = AXIS2_PLACEMENT_3D('',#12319,#12320,#12321);
#12319 = CARTESIAN_POINT('',(42.281319524767,0.,3.480604290338));
#12320 = DIRECTION('',(0.104528463268,0.,0.994521895368));
#12321 = DIRECTION('',(0.994521895368,0.,-0.104528463268));
#12322 = ADVANCED_FACE('',(#12323),#12326,.F.);
#12323 = FACE_BOUND('',#12324,.T.);
#12324 = EDGE_LOOP('',(#12325));
#12325 = ORIENTED_EDGE('',*,*,#12301,.F.);
#12326 = PLANE('',#12327);
#12327 = AXIS2_PLACEMENT_3D('',#12328,#12329,#12330);
#12328 = CARTESIAN_POINT('',(42.166338215172,0.,2.386630205433));
#12329 = DIRECTION('',(0.104528463268,0.,0.994521895368));
#12330 = DIRECTION('',(0.994521895368,0.,-0.104528463268));
#12331 = MANIFOLD_SOLID_BREP('',#12332);
#12332 = CLOSED_SHELL('',(#12333,#12366,#12375));
#12333 = ADVANCED_FACE('',(#12334),#12361,.T.);
#12334 = FACE_BOUND('',#12335,.T.);
#12335 = EDGE_LOOP('',(#12336,#12345,#12353,#12360));
#12336 = ORIENTED_EDGE('',*,*,#12337,.F.);
#12337 = EDGE_CURVE('',#12338,#12338,#12340,.T.);
#12338 = VERTEX_POINT('',#12339);
#12339 = CARTESIAN_POINT('',(42.801186345845,-5.878304635907E-17,
    6.130781357694));
#12340 = CIRCLE('',#12341,0.24);
#12341 = AXIS2_PLACEMENT_3D('',#12342,#12343,#12344);
#12342 = CARTESIAN_POINT('',(42.562501090957,0.,6.155868188878));
#12343 = DIRECTION('',(0.104528463268,-0.,0.994521895368));
#12344 = DIRECTION('',(0.994521895368,0.,-0.104528463268));
#12345 = ORIENTED_EDGE('',*,*,#12346,.F.);
#12346 = EDGE_CURVE('',#12347,#12338,#12349,.T.);
#12347 = VERTEX_POINT('',#12348);
#12348 = CARTESIAN_POINT('',(42.462514124858,-5.878304635907E-17,
    2.908530416701));
#12349 = LINE('',#12350,#12351);
#12350 = CARTESIAN_POINT('',(42.462514124858,-5.878304635907E-17,
    2.908530416701));
#12351 = VECTOR('',#12352,1.);
#12352 = DIRECTION('',(0.104528463268,0.,0.994521895368));
#12353 = ORIENTED_EDGE('',*,*,#12354,.T.);
#12354 = EDGE_CURVE('',#12347,#12347,#12355,.T.);
#12355 = CIRCLE('',#12356,0.24);
#12356 = AXIS2_PLACEMENT_3D('',#12357,#12358,#12359);
#12357 = CARTESIAN_POINT('',(42.22382886997,0.,2.933617247885));
#12358 = DIRECTION('',(0.104528463268,-0.,0.994521895368));
#12359 = DIRECTION('',(0.994521895368,0.,-0.104528463268));
#12360 = ORIENTED_EDGE('',*,*,#12346,.T.);
#12361 = CYLINDRICAL_SURFACE('',#12362,0.24);
#12362 = AXIS2_PLACEMENT_3D('',#12363,#12364,#12365);
#12363 = CARTESIAN_POINT('',(42.22382886997,0.,2.933617247885));
#12364 = DIRECTION('',(0.104528463268,0.,0.994521895368));
#12365 = DIRECTION('',(0.994521895368,0.,-0.104528463268));
#12366 = ADVANCED_FACE('',(#12367),#12370,.T.);
#12367 = FACE_BOUND('',#12368,.T.);
#12368 = EDGE_LOOP('',(#12369));
#12369 = ORIENTED_EDGE('',*,*,#12337,.T.);
#12370 = PLANE('',#12371);
#12371 = AXIS2_PLACEMENT_3D('',#12372,#12373,#12374);
#12372 = CARTESIAN_POINT('',(42.562501090957,0.,6.155868188878));
#12373 = DIRECTION('',(0.104528463268,0.,0.994521895368));
#12374 = DIRECTION('',(0.994521895368,0.,-0.104528463268));
#12375 = ADVANCED_FACE('',(#12376),#12379,.F.);
#12376 = FACE_BOUND('',#12377,.T.);
#12377 = EDGE_LOOP('',(#12378));
#12378 = ORIENTED_EDGE('',*,*,#12354,.F.);
#12379 = PLANE('',#12380);
#12380 = AXIS2_PLACEMENT_3D('',#12381,#12382,#12383);
#12381 = CARTESIAN_POINT('',(42.22382886997,0.,2.933617247885));
#12382 = DIRECTION('',(0.104528463268,0.,0.994521895368));
#12383 = DIRECTION('',(0.994521895368,0.,-0.104528463268));
#12384 = MANIFOLD_SOLID_BREP('',#12385);
#12385 = CLOSED_SHELL('',(#12386,#12413));
#12386 = ADVANCED_FACE('',(#12387),#12408,.T.);
#12387 = FACE_BOUND('',#12388,.T.);
#12388 = EDGE_LOOP('',(#12389,#12400,#12407));
#12389 = ORIENTED_EDGE('',*,*,#12390,.F.);
#12390 = EDGE_CURVE('',#12391,#12393,#12395,.T.);
#12391 = VERTEX_POINT('',#12392);
#12392 = CARTESIAN_POINT('',(42.776099514661,-5.878304635907E-17,
    5.892096102806));
#12393 = VERTEX_POINT('',#12394);
#12394 = CARTESIAN_POINT('',(42.562501090957,0.,6.155868188878));
#12395 = CIRCLE('',#12396,0.24);
#12396 = AXIS2_PLACEMENT_3D('',#12397,#12398,#12399);
#12397 = CARTESIAN_POINT('',(42.537414259773,0.,5.91718293399));
#12398 = DIRECTION('',(-2.435876111689E-16,-1.,2.56020895921E-17));
#12399 = DIRECTION('',(0.994521895368,-2.449293598295E-16,
    -0.104528463268));
#12400 = ORIENTED_EDGE('',*,*,#12401,.T.);
#12401 = EDGE_CURVE('',#12391,#12391,#12402,.T.);
#12402 = CIRCLE('',#12403,0.24);
#12403 = AXIS2_PLACEMENT_3D('',#12404,#12405,#12406);
#12404 = CARTESIAN_POINT('',(42.537414259773,0.,5.91718293399));
#12405 = DIRECTION('',(0.104528463268,-0.,0.994521895368));
#12406 = DIRECTION('',(0.994521895368,0.,-0.104528463268));
#12407 = ORIENTED_EDGE('',*,*,#12390,.T.);
#12408 = SPHERICAL_SURFACE('',#12409,0.24);
#12409 = AXIS2_PLACEMENT_3D('',#12410,#12411,#12412);
#12410 = CARTESIAN_POINT('',(42.537414259773,0.,5.91718293399));
#12411 = DIRECTION('',(0.104528463268,0.,0.994521895368));
#12412 = DIRECTION('',(0.994521895368,0.,-0.104528463268));
#12413 = ADVANCED_FACE('',(#12414),#12417,.F.);
#12414 = FACE_BOUND('',#12415,.T.);
#12415 = EDGE_LOOP('',(#12416));
#12416 = ORIENTED_EDGE('',*,*,#12401,.F.);
#12417 = PLANE('',#12418);
#12418 = AXIS2_PLACEMENT_3D('',#12419,#12420,#12421);
#12419 = CARTESIAN_POINT('',(42.537414259773,0.,5.91718293399));
#12420 = DIRECTION('',(0.104528463268,0.,0.994521895368));
#12421 = DIRECTION('',(0.994521895368,0.,-0.104528463268));
#12422 = MANIFOLD_SOLID_BREP('',#12423);
#12423 = CLOSED_SHELL('',(#12424,#12457,#12466));
#12424 = ADVANCED_FACE('',(#12425),#12452,.T.);
#12425 = FACE_BOUND('',#12426,.T.);
#12426 = EDGE_LOOP('',(#12427,#12436,#12444,#12451));
#12427 = ORIENTED_EDGE('',*,*,#12428,.F.);
#12428 = EDGE_CURVE('',#12429,#12429,#12431,.T.);
#12429 = VERTEX_POINT('',#12430);
#12430 = CARTESIAN_POINT('',(43.88249977631,-8.327598234202E-17,
    3.312313464477));
#12431 = CIRCLE('',#12432,0.34);
#12432 = AXIS2_PLACEMENT_3D('',#12433,#12434,#12435);
#12433 = CARTESIAN_POINT('',(43.544362331885,0.,3.347853141988));
#12434 = DIRECTION('',(0.104528463268,-0.,0.994521895368));
#12435 = DIRECTION('',(0.994521895368,0.,-0.104528463268));
#12436 = ORIENTED_EDGE('',*,*,#12437,.F.);
#12437 = EDGE_CURVE('',#12438,#12429,#12440,.T.);
#12438 = VERTEX_POINT('',#12439);
#12439 = CARTESIAN_POINT('',(43.767518466715,-8.327598234202E-17,
    2.218339379572));
#12440 = LINE('',#12441,#12442);
#12441 = CARTESIAN_POINT('',(43.767518466715,-8.327598234202E-17,
    2.218339379572));
#12442 = VECTOR('',#12443,1.);
#12443 = DIRECTION('',(0.104528463268,0.,0.994521895368));
#12444 = ORIENTED_EDGE('',*,*,#12445,.T.);
#12445 = EDGE_CURVE('',#12438,#12438,#12446,.T.);
#12446 = CIRCLE('',#12447,0.34);
#12447 = AXIS2_PLACEMENT_3D('',#12448,#12449,#12450);
#12448 = CARTESIAN_POINT('',(43.42938102229,0.,2.253879057083));
#12449 = DIRECTION('',(0.104528463268,-0.,0.994521895368));
#12450 = DIRECTION('',(0.994521895368,0.,-0.104528463268));
#12451 = ORIENTED_EDGE('',*,*,#12437,.T.);
#12452 = CYLINDRICAL_SURFACE('',#12453,0.34);
#12453 = AXIS2_PLACEMENT_3D('',#12454,#12455,#12456);
#12454 = CARTESIAN_POINT('',(43.42938102229,0.,2.253879057083));
#12455 = DIRECTION('',(0.104528463268,0.,0.994521895368));
#12456 = DIRECTION('',(0.994521895368,0.,-0.104528463268));
#12457 = ADVANCED_FACE('',(#12458),#12461,.T.);
#12458 = FACE_BOUND('',#12459,.T.);
#12459 = EDGE_LOOP('',(#12460));
#12460 = ORIENTED_EDGE('',*,*,#12428,.T.);
#12461 = PLANE('',#12462);
#12462 = AXIS2_PLACEMENT_3D('',#12463,#12464,#12465);
#12463 = CARTESIAN_POINT('',(43.544362331885,0.,3.347853141988));
#12464 = DIRECTION('',(0.104528463268,0.,0.994521895368));
#12465 = DIRECTION('',(0.994521895368,0.,-0.104528463268));
#12466 = ADVANCED_FACE('',(#12467),#12470,.F.);
#12467 = FACE_BOUND('',#12468,.T.);
#12468 = EDGE_LOOP('',(#12469));
#12469 = ORIENTED_EDGE('',*,*,#12445,.F.);
#12470 = PLANE('',#12471);
#12471 = AXIS2_PLACEMENT_3D('',#12472,#12473,#12474);
#12472 = CARTESIAN_POINT('',(43.42938102229,0.,2.253879057083));
#12473 = DIRECTION('',(0.104528463268,0.,0.994521895368));
#12474 = DIRECTION('',(0.994521895368,0.,-0.104528463268));
#12475 = MANIFOLD_SOLID_BREP('',#12476);
#12476 = CLOSED_SHELL('',(#12477,#12510,#12519));
#12477 = ADVANCED_FACE('',(#12478),#12505,.T.);
#12478 = FACE_BOUND('',#12479,.T.);
#12479 = EDGE_LOOP('',(#12480,#12489,#12497,#12504));
#12480 = ORIENTED_EDGE('',*,*,#12481,.F.);
#12481 = EDGE_CURVE('',#12482,#12482,#12484,.T.);
#12482 = VERTEX_POINT('',#12483);
#12483 = CARTESIAN_POINT('',(44.064229152963,-5.878304635907E-17,
    5.998030209344));
#12484 = CIRCLE('',#12485,0.24);
#12485 = AXIS2_PLACEMENT_3D('',#12486,#12487,#12488);
#12486 = CARTESIAN_POINT('',(43.825543898075,0.,6.023117040528));
#12487 = DIRECTION('',(0.104528463268,-0.,0.994521895368));
#12488 = DIRECTION('',(0.994521895368,0.,-0.104528463268));
#12489 = ORIENTED_EDGE('',*,*,#12490,.F.);
#12490 = EDGE_CURVE('',#12491,#12482,#12493,.T.);
#12491 = VERTEX_POINT('',#12492);
#12492 = CARTESIAN_POINT('',(43.725556931976,-5.878304635907E-17,
    2.775779268351));
#12493 = LINE('',#12494,#12495);
#12494 = CARTESIAN_POINT('',(43.725556931976,-5.878304635907E-17,
    2.775779268351));
#12495 = VECTOR('',#12496,1.);
#12496 = DIRECTION('',(0.104528463268,0.,0.994521895368));
#12497 = ORIENTED_EDGE('',*,*,#12498,.T.);
#12498 = EDGE_CURVE('',#12491,#12491,#12499,.T.);
#12499 = CIRCLE('',#12500,0.24);
#12500 = AXIS2_PLACEMENT_3D('',#12501,#12502,#12503);
#12501 = CARTESIAN_POINT('',(43.486871677087,0.,2.800866099535));
#12502 = DIRECTION('',(0.104528463268,-0.,0.994521895368));
#12503 = DIRECTION('',(0.994521895368,0.,-0.104528463268));
#12504 = ORIENTED_EDGE('',*,*,#12490,.T.);
#12505 = CYLINDRICAL_SURFACE('',#12506,0.24);
#12506 = AXIS2_PLACEMENT_3D('',#12507,#12508,#12509);
#12507 = CARTESIAN_POINT('',(43.486871677087,0.,2.800866099535));
#12508 = DIRECTION('',(0.104528463268,0.,0.994521895368));
#12509 = DIRECTION('',(0.994521895368,0.,-0.104528463268));
#12510 = ADVANCED_FACE('',(#12511),#12514,.T.);
#12511 = FACE_BOUND('',#12512,.T.);
#12512 = EDGE_LOOP('',(#12513));
#12513 = ORIENTED_EDGE('',*,*,#12481,.T.);
#12514 = PLANE('',#12515);
#12515 = AXIS2_PLACEMENT_3D('',#12516,#12517,#12518);
#12516 = CARTESIAN_POINT('',(43.825543898075,0.,6.023117040528));
#12517 = DIRECTION('',(0.104528463268,0.,0.994521895368));
#12518 = DIRECTION('',(0.994521895368,0.,-0.104528463268));
#12519 = ADVANCED_FACE('',(#12520),#12523,.F.);
#12520 = FACE_BOUND('',#12521,.T.);
#12521 = EDGE_LOOP('',(#12522));
#12522 = ORIENTED_EDGE('',*,*,#12498,.F.);
#12523 = PLANE('',#12524);
#12524 = AXIS2_PLACEMENT_3D('',#12525,#12526,#12527);
#12525 = CARTESIAN_POINT('',(43.486871677087,0.,2.800866099535));
#12526 = DIRECTION('',(0.104528463268,0.,0.994521895368));
#12527 = DIRECTION('',(0.994521895368,0.,-0.104528463268));
#12528 = MANIFOLD_SOLID_BREP('',#12529);
#12529 = CLOSED_SHELL('',(#12530,#12557));
#12530 = ADVANCED_FACE('',(#12531),#12552,.T.);
#12531 = FACE_BOUND('',#12532,.T.);
#12532 = EDGE_LOOP('',(#12533,#12544,#12551));
#12533 = ORIENTED_EDGE('',*,*,#12534,.F.);
#12534 = EDGE_CURVE('',#12535,#12537,#12539,.T.);
#12535 = VERTEX_POINT('',#12536);
#12536 = CARTESIAN_POINT('',(44.039142321779,-5.878304635907E-17,
    5.759344954456));
#12537 = VERTEX_POINT('',#12538);
#12538 = CARTESIAN_POINT('',(43.825543898075,0.,6.023117040528));
#12539 = CIRCLE('',#12540,0.24);
#12540 = AXIS2_PLACEMENT_3D('',#12541,#12542,#12543);
#12541 = CARTESIAN_POINT('',(43.80045706689,0.,5.78443178564));
#12542 = DIRECTION('',(-2.435876111689E-16,-1.,2.56020895921E-17));
#12543 = DIRECTION('',(0.994521895368,-2.449293598295E-16,
    -0.104528463268));
#12544 = ORIENTED_EDGE('',*,*,#12545,.T.);
#12545 = EDGE_CURVE('',#12535,#12535,#12546,.T.);
#12546 = CIRCLE('',#12547,0.24);
#12547 = AXIS2_PLACEMENT_3D('',#12548,#12549,#12550);
#12548 = CARTESIAN_POINT('',(43.80045706689,0.,5.78443178564));
#12549 = DIRECTION('',(0.104528463268,-0.,0.994521895368));
#12550 = DIRECTION('',(0.994521895368,0.,-0.104528463268));
#12551 = ORIENTED_EDGE('',*,*,#12534,.T.);
#12552 = SPHERICAL_SURFACE('',#12553,0.24);
#12553 = AXIS2_PLACEMENT_3D('',#12554,#12555,#12556);
#12554 = CARTESIAN_POINT('',(43.80045706689,0.,5.78443178564));
#12555 = DIRECTION('',(0.104528463268,0.,0.994521895368));
#12556 = DIRECTION('',(0.994521895368,0.,-0.104528463268));
#12557 = ADVANCED_FACE('',(#12558),#12561,.F.);
#12558 = FACE_BOUND('',#12559,.T.);
#12559 = EDGE_LOOP('',(#12560));
#12560 = ORIENTED_EDGE('',*,*,#12545,.F.);
#12561 = PLANE('',#12562);
#12562 = AXIS2_PLACEMENT_3D('',#12563,#12564,#12565);
#12563 = CARTESIAN_POINT('',(43.80045706689,0.,5.78443178564));
#12564 = DIRECTION('',(0.104528463268,0.,0.994521895368));
#12565 = DIRECTION('',(0.994521895368,0.,-0.104528463268));
#12566 = MANIFOLD_SOLID_BREP('',#12567);
#12567 = CLOSED_SHELL('',(#12568,#12601,#12610));
#12568 = ADVANCED_FACE('',(#12569),#12596,.T.);
#12569 = FACE_BOUND('',#12570,.T.);
#12570 = EDGE_LOOP('',(#12571,#12580,#12588,#12595));
#12571 = ORIENTED_EDGE('',*,*,#12572,.F.);
#12572 = EDGE_CURVE('',#12573,#12573,#12575,.T.);
#12573 = VERTEX_POINT('',#12574);
#12574 = CARTESIAN_POINT('',(45.145542583428,-8.327598234202E-17,
    3.179562316127));
#12575 = CIRCLE('',#12576,0.34);
#12576 = AXIS2_PLACEMENT_3D('',#12577,#12578,#12579);
#12577 = CARTESIAN_POINT('',(44.807405139002,0.,3.215101993638));
#12578 = DIRECTION('',(0.104528463268,-0.,0.994521895368));
#12579 = DIRECTION('',(0.994521895368,0.,-0.104528463268));
#12580 = ORIENTED_EDGE('',*,*,#12581,.F.);
#12581 = EDGE_CURVE('',#12582,#12573,#12584,.T.);
#12582 = VERTEX_POINT('',#12583);
#12583 = CARTESIAN_POINT('',(45.030561273833,-8.327598234202E-17,
    2.085588231222));
#12584 = LINE('',#12585,#12586);
#12585 = CARTESIAN_POINT('',(45.030561273833,-8.327598234202E-17,
    2.085588231222));
#12586 = VECTOR('',#12587,1.);
#12587 = DIRECTION('',(0.104528463268,0.,0.994521895368));
#12588 = ORIENTED_EDGE('',*,*,#12589,.T.);
#12589 = EDGE_CURVE('',#12582,#12582,#12590,.T.);
#12590 = CIRCLE('',#12591,0.34);
#12591 = AXIS2_PLACEMENT_3D('',#12592,#12593,#12594);
#12592 = CARTESIAN_POINT('',(44.692423829408,0.,2.121127908733));
#12593 = DIRECTION('',(0.104528463268,-0.,0.994521895368));
#12594 = DIRECTION('',(0.994521895368,0.,-0.104528463268));
#12595 = ORIENTED_EDGE('',*,*,#12581,.T.);
#12596 = CYLINDRICAL_SURFACE('',#12597,0.34);
#12597 = AXIS2_PLACEMENT_3D('',#12598,#12599,#12600);
#12598 = CARTESIAN_POINT('',(44.692423829408,0.,2.121127908733));
#12599 = DIRECTION('',(0.104528463268,0.,0.994521895368));
#12600 = DIRECTION('',(0.994521895368,0.,-0.104528463268));
#12601 = ADVANCED_FACE('',(#12602),#12605,.T.);
#12602 = FACE_BOUND('',#12603,.T.);
#12603 = EDGE_LOOP('',(#12604));
#12604 = ORIENTED_EDGE('',*,*,#12572,.T.);
#12605 = PLANE('',#12606);
#12606 = AXIS2_PLACEMENT_3D('',#12607,#12608,#12609);
#12607 = CARTESIAN_POINT('',(44.807405139002,0.,3.215101993638));
#12608 = DIRECTION('',(0.104528463268,0.,0.994521895368));
#12609 = DIRECTION('',(0.994521895368,0.,-0.104528463268));
#12610 = ADVANCED_FACE('',(#12611),#12614,.F.);
#12611 = FACE_BOUND('',#12612,.T.);
#12612 = EDGE_LOOP('',(#12613));
#12613 = ORIENTED_EDGE('',*,*,#12589,.F.);
#12614 = PLANE('',#12615);
#12615 = AXIS2_PLACEMENT_3D('',#12616,#12617,#12618);
#12616 = CARTESIAN_POINT('',(44.692423829408,0.,2.121127908733));
#12617 = DIRECTION('',(0.104528463268,0.,0.994521895368));
#12618 = DIRECTION('',(0.994521895368,0.,-0.104528463268));
#12619 = MANIFOLD_SOLID_BREP('',#12620);
#12620 = CLOSED_SHELL('',(#12621,#12654,#12663));
#12621 = ADVANCED_FACE('',(#12622),#12649,.T.);
#12622 = FACE_BOUND('',#12623,.T.);
#12623 = EDGE_LOOP('',(#12624,#12633,#12641,#12648));
#12624 = ORIENTED_EDGE('',*,*,#12625,.F.);
#12625 = EDGE_CURVE('',#12626,#12626,#12628,.T.);
#12626 = VERTEX_POINT('',#12627);
#12627 = CARTESIAN_POINT('',(45.327271960081,-5.878304635907E-17,
    5.865279060994));
#12628 = CIRCLE('',#12629,0.24);
#12629 = AXIS2_PLACEMENT_3D('',#12630,#12631,#12632);
#12630 = CARTESIAN_POINT('',(45.088586705192,0.,5.890365892179));
#12631 = DIRECTION('',(0.104528463268,-0.,0.994521895368));
#12632 = DIRECTION('',(0.994521895368,0.,-0.104528463268));
#12633 = ORIENTED_EDGE('',*,*,#12634,.F.);
#12634 = EDGE_CURVE('',#12635,#12626,#12637,.T.);
#12635 = VERTEX_POINT('',#12636);
#12636 = CARTESIAN_POINT('',(44.988599739093,-5.878304635907E-17,
    2.643028120001));
#12637 = LINE('',#12638,#12639);
#12638 = CARTESIAN_POINT('',(44.988599739093,-5.878304635907E-17,
    2.643028120001));
#12639 = VECTOR('',#12640,1.);
#12640 = DIRECTION('',(0.104528463268,0.,0.994521895368));
#12641 = ORIENTED_EDGE('',*,*,#12642,.T.);
#12642 = EDGE_CURVE('',#12635,#12635,#12643,.T.);
#12643 = CIRCLE('',#12644,0.24);
#12644 = AXIS2_PLACEMENT_3D('',#12645,#12646,#12647);
#12645 = CARTESIAN_POINT('',(44.749914484205,0.,2.668114951185));
#12646 = DIRECTION('',(0.104528463268,-0.,0.994521895368));
#12647 = DIRECTION('',(0.994521895368,0.,-0.104528463268));
#12648 = ORIENTED_EDGE('',*,*,#12634,.T.);
#12649 = CYLINDRICAL_SURFACE('',#12650,0.24);
#12650 = AXIS2_PLACEMENT_3D('',#12651,#12652,#12653);
#12651 = CARTESIAN_POINT('',(44.749914484205,0.,2.668114951185));
#12652 = DIRECTION('',(0.104528463268,0.,0.994521895368));
#12653 = DIRECTION('',(0.994521895368,0.,-0.104528463268));
#12654 = ADVANCED_FACE('',(#12655),#12658,.T.);
#12655 = FACE_BOUND('',#12656,.T.);
#12656 = EDGE_LOOP('',(#12657));
#12657 = ORIENTED_EDGE('',*,*,#12625,.T.);
#12658 = PLANE('',#12659);
#12659 = AXIS2_PLACEMENT_3D('',#12660,#12661,#12662);
#12660 = CARTESIAN_POINT('',(45.088586705192,0.,5.890365892179));
#12661 = DIRECTION('',(0.104528463268,0.,0.994521895368));
#12662 = DIRECTION('',(0.994521895368,0.,-0.104528463268));
#12663 = ADVANCED_FACE('',(#12664),#12667,.F.);
#12664 = FACE_BOUND('',#12665,.T.);
#12665 = EDGE_LOOP('',(#12666));
#12666 = ORIENTED_EDGE('',*,*,#12642,.F.);
#12667 = PLANE('',#12668);
#12668 = AXIS2_PLACEMENT_3D('',#12669,#12670,#12671);
#12669 = CARTESIAN_POINT('',(44.749914484205,0.,2.668114951185));
#12670 = DIRECTION('',(0.104528463268,0.,0.994521895368));
#12671 = DIRECTION('',(0.994521895368,0.,-0.104528463268));
#12672 = MANIFOLD_SOLID_BREP('',#12673);
#12673 = CLOSED_SHELL('',(#12674,#12701));
#12674 = ADVANCED_FACE('',(#12675),#12696,.T.);
#12675 = FACE_BOUND('',#12676,.T.);
#12676 = EDGE_LOOP('',(#12677,#12688,#12695));
#12677 = ORIENTED_EDGE('',*,*,#12678,.F.);
#12678 = EDGE_CURVE('',#12679,#12681,#12683,.T.);
#12679 = VERTEX_POINT('',#12680);
#12680 = CARTESIAN_POINT('',(45.302185128896,-5.878304635907E-17,
    5.626593806106));
#12681 = VERTEX_POINT('',#12682);
#12682 = CARTESIAN_POINT('',(45.088586705192,0.,5.890365892179));
#12683 = CIRCLE('',#12684,0.24);
#12684 = AXIS2_PLACEMENT_3D('',#12685,#12686,#12687);
#12685 = CARTESIAN_POINT('',(45.063499874008,0.,5.65168063729));
#12686 = DIRECTION('',(-2.435876111689E-16,-1.,2.56020895921E-17));
#12687 = DIRECTION('',(0.994521895368,-2.449293598295E-16,
    -0.104528463268));
#12688 = ORIENTED_EDGE('',*,*,#12689,.T.);
#12689 = EDGE_CURVE('',#12679,#12679,#12690,.T.);
#12690 = CIRCLE('',#12691,0.24);
#12691 = AXIS2_PLACEMENT_3D('',#12692,#12693,#12694);
#12692 = CARTESIAN_POINT('',(45.063499874008,0.,5.65168063729));
#12693 = DIRECTION('',(0.104528463268,-0.,0.994521895368));
#12694 = DIRECTION('',(0.994521895368,0.,-0.104528463268));
#12695 = ORIENTED_EDGE('',*,*,#12678,.T.);
#12696 = SPHERICAL_SURFACE('',#12697,0.24);
#12697 = AXIS2_PLACEMENT_3D('',#12698,#12699,#12700);
#12698 = CARTESIAN_POINT('',(45.063499874008,0.,5.65168063729));
#12699 = DIRECTION('',(0.104528463268,0.,0.994521895368));
#12700 = DIRECTION('',(0.994521895368,0.,-0.104528463268));
#12701 = ADVANCED_FACE('',(#12702),#12705,.F.);
#12702 = FACE_BOUND('',#12703,.T.);
#12703 = EDGE_LOOP('',(#12704));
#12704 = ORIENTED_EDGE('',*,*,#12689,.F.);
#12705 = PLANE('',#12706);
#12706 = AXIS2_PLACEMENT_3D('',#12707,#12708,#12709);
#12707 = CARTESIAN_POINT('',(45.063499874008,0.,5.65168063729));
#12708 = DIRECTION('',(0.104528463268,0.,0.994521895368));
#12709 = DIRECTION('',(0.994521895368,0.,-0.104528463268));
#12710 = MANIFOLD_SOLID_BREP('',#12711);
#12711 = CLOSED_SHELL('',(#12712,#12745,#12754));
#12712 = ADVANCED_FACE('',(#12713),#12740,.T.);
#12713 = FACE_BOUND('',#12714,.T.);
#12714 = EDGE_LOOP('',(#12715,#12724,#12732,#12739));
#12715 = ORIENTED_EDGE('',*,*,#12716,.F.);
#12716 = EDGE_CURVE('',#12717,#12717,#12719,.T.);
#12717 = VERTEX_POINT('',#12718);
#12718 = CARTESIAN_POINT('',(46.408585390545,-8.327598234202E-17,
    3.046811167777));
#12719 = CIRCLE('',#12720,0.34);
#12720 = AXIS2_PLACEMENT_3D('',#12721,#12722,#12723);
#12721 = CARTESIAN_POINT('',(46.07044794612,0.,3.082350845288));
#12722 = DIRECTION('',(0.104528463268,-0.,0.994521895368));
#12723 = DIRECTION('',(0.994521895368,0.,-0.104528463268));
#12724 = ORIENTED_EDGE('',*,*,#12725,.F.);
#12725 = EDGE_CURVE('',#12726,#12717,#12728,.T.);
#12726 = VERTEX_POINT('',#12727);
#12727 = CARTESIAN_POINT('',(46.293604080951,-8.327598234202E-17,
    1.952837082872));
#12728 = LINE('',#12729,#12730);
#12729 = CARTESIAN_POINT('',(46.293604080951,-8.327598234202E-17,
    1.952837082872));
#12730 = VECTOR('',#12731,1.);
#12731 = DIRECTION('',(0.104528463268,0.,0.994521895368));
#12732 = ORIENTED_EDGE('',*,*,#12733,.T.);
#12733 = EDGE_CURVE('',#12726,#12726,#12734,.T.);
#12734 = CIRCLE('',#12735,0.34);
#12735 = AXIS2_PLACEMENT_3D('',#12736,#12737,#12738);
#12736 = CARTESIAN_POINT('',(45.955466636526,0.,1.988376760383));
#12737 = DIRECTION('',(0.104528463268,-0.,0.994521895368));
#12738 = DIRECTION('',(0.994521895368,0.,-0.104528463268));
#12739 = ORIENTED_EDGE('',*,*,#12725,.T.);
#12740 = CYLINDRICAL_SURFACE('',#12741,0.34);
#12741 = AXIS2_PLACEMENT_3D('',#12742,#12743,#12744);
#12742 = CARTESIAN_POINT('',(45.955466636526,0.,1.988376760383));
#12743 = DIRECTION('',(0.104528463268,0.,0.994521895368));
#12744 = DIRECTION('',(0.994521895368,0.,-0.104528463268));
#12745 = ADVANCED_FACE('',(#12746),#12749,.T.);
#12746 = FACE_BOUND('',#12747,.T.);
#12747 = EDGE_LOOP('',(#12748));
#12748 = ORIENTED_EDGE('',*,*,#12716,.T.);
#12749 = PLANE('',#12750);
#12750 = AXIS2_PLACEMENT_3D('',#12751,#12752,#12753);
#12751 = CARTESIAN_POINT('',(46.07044794612,0.,3.082350845288));
#12752 = DIRECTION('',(0.104528463268,0.,0.994521895368));
#12753 = DIRECTION('',(0.994521895368,0.,-0.104528463268));
#12754 = ADVANCED_FACE('',(#12755),#12758,.F.);
#12755 = FACE_BOUND('',#12756,.T.);
#12756 = EDGE_LOOP('',(#12757));
#12757 = ORIENTED_EDGE('',*,*,#12733,.F.);
#12758 = PLANE('',#12759);
#12759 = AXIS2_PLACEMENT_3D('',#12760,#12761,#12762);
#12760 = CARTESIAN_POINT('',(45.955466636526,0.,1.988376760383));
#12761 = DIRECTION('',(0.104528463268,0.,0.994521895368));
#12762 = DIRECTION('',(0.994521895368,0.,-0.104528463268));
#12763 = MANIFOLD_SOLID_BREP('',#12764);
#12764 = CLOSED_SHELL('',(#12765,#12798,#12807));
#12765 = ADVANCED_FACE('',(#12766),#12793,.T.);
#12766 = FACE_BOUND('',#12767,.T.);
#12767 = EDGE_LOOP('',(#12768,#12777,#12785,#12792));
#12768 = ORIENTED_EDGE('',*,*,#12769,.F.);
#12769 = EDGE_CURVE('',#12770,#12770,#12772,.T.);
#12770 = VERTEX_POINT('',#12771);
#12771 = CARTESIAN_POINT('',(46.590314767198,-5.878304635907E-17,
    5.732527912644));
#12772 = CIRCLE('',#12773,0.24);
#12773 = AXIS2_PLACEMENT_3D('',#12774,#12775,#12776);
#12774 = CARTESIAN_POINT('',(46.35162951231,0.,5.757614743829));
#12775 = DIRECTION('',(0.104528463268,-0.,0.994521895368));
#12776 = DIRECTION('',(0.994521895368,0.,-0.104528463268));
#12777 = ORIENTED_EDGE('',*,*,#12778,.F.);
#12778 = EDGE_CURVE('',#12779,#12770,#12781,.T.);
#12779 = VERTEX_POINT('',#12780);
#12780 = CARTESIAN_POINT('',(46.251642546211,-5.878304635907E-17,
    2.510276971651));
#12781 = LINE('',#12782,#12783);
#12782 = CARTESIAN_POINT('',(46.251642546211,-5.878304635907E-17,
    2.510276971651));
#12783 = VECTOR('',#12784,1.);
#12784 = DIRECTION('',(0.104528463268,0.,0.994521895368));
#12785 = ORIENTED_EDGE('',*,*,#12786,.T.);
#12786 = EDGE_CURVE('',#12779,#12779,#12787,.T.);
#12787 = CIRCLE('',#12788,0.24);
#12788 = AXIS2_PLACEMENT_3D('',#12789,#12790,#12791);
#12789 = CARTESIAN_POINT('',(46.012957291323,0.,2.535363802835));
#12790 = DIRECTION('',(0.104528463268,-0.,0.994521895368));
#12791 = DIRECTION('',(0.994521895368,0.,-0.104528463268));
#12792 = ORIENTED_EDGE('',*,*,#12778,.T.);
#12793 = CYLINDRICAL_SURFACE('',#12794,0.24);
#12794 = AXIS2_PLACEMENT_3D('',#12795,#12796,#12797);
#12795 = CARTESIAN_POINT('',(46.012957291323,0.,2.535363802835));
#12796 = DIRECTION('',(0.104528463268,0.,0.994521895368));
#12797 = DIRECTION('',(0.994521895368,0.,-0.104528463268));
#12798 = ADVANCED_FACE('',(#12799),#12802,.T.);
#12799 = FACE_BOUND('',#12800,.T.);
#12800 = EDGE_LOOP('',(#12801));
#12801 = ORIENTED_EDGE('',*,*,#12769,.T.);
#12802 = PLANE('',#12803);
#12803 = AXIS2_PLACEMENT_3D('',#12804,#12805,#12806);
#12804 = CARTESIAN_POINT('',(46.35162951231,0.,5.757614743829));
#12805 = DIRECTION('',(0.104528463268,0.,0.994521895368));
#12806 = DIRECTION('',(0.994521895368,0.,-0.104528463268));
#12807 = ADVANCED_FACE('',(#12808),#12811,.F.);
#12808 = FACE_BOUND('',#12809,.T.);
#12809 = EDGE_LOOP('',(#12810));
#12810 = ORIENTED_EDGE('',*,*,#12786,.F.);
#12811 = PLANE('',#12812);
#12812 = AXIS2_PLACEMENT_3D('',#12813,#12814,#12815);
#12813 = CARTESIAN_POINT('',(46.012957291323,0.,2.535363802835));
#12814 = DIRECTION('',(0.104528463268,0.,0.994521895368));
#12815 = DIRECTION('',(0.994521895368,0.,-0.104528463268));
#12816 = MANIFOLD_SOLID_BREP('',#12817);
#12817 = CLOSED_SHELL('',(#12818,#12845));
#12818 = ADVANCED_FACE('',(#12819),#12840,.T.);
#12819 = FACE_BOUND('',#12820,.T.);
#12820 = EDGE_LOOP('',(#12821,#12832,#12839));
#12821 = ORIENTED_EDGE('',*,*,#12822,.F.);
#12822 = EDGE_CURVE('',#12823,#12825,#12827,.T.);
#12823 = VERTEX_POINT('',#12824);
#12824 = CARTESIAN_POINT('',(46.565227936014,-5.878304635907E-17,
    5.493842657756));
#12825 = VERTEX_POINT('',#12826);
#12826 = CARTESIAN_POINT('',(46.35162951231,0.,5.757614743829));
#12827 = CIRCLE('',#12828,0.24);
#12828 = AXIS2_PLACEMENT_3D('',#12829,#12830,#12831);
#12829 = CARTESIAN_POINT('',(46.326542681126,0.,5.51892948894));
#12830 = DIRECTION('',(-2.435876111689E-16,-1.,2.56020895921E-17));
#12831 = DIRECTION('',(0.994521895368,-2.449293598295E-16,
    -0.104528463268));
#12832 = ORIENTED_EDGE('',*,*,#12833,.T.);
#12833 = EDGE_CURVE('',#12823,#12823,#12834,.T.);
#12834 = CIRCLE('',#12835,0.24);
#12835 = AXIS2_PLACEMENT_3D('',#12836,#12837,#12838);
#12836 = CARTESIAN_POINT('',(46.326542681126,0.,5.51892948894));
#12837 = DIRECTION('',(0.104528463268,-0.,0.994521895368));
#12838 = DIRECTION('',(0.994521895368,0.,-0.104528463268));
#12839 = ORIENTED_EDGE('',*,*,#12822,.T.);
#12840 = SPHERICAL_SURFACE('',#12841,0.24);
#12841 = AXIS2_PLACEMENT_3D('',#12842,#12843,#12844);
#12842 = CARTESIAN_POINT('',(46.326542681126,0.,5.51892948894));
#12843 = DIRECTION('',(0.104528463268,0.,0.994521895368));
#12844 = DIRECTION('',(0.994521895368,0.,-0.104528463268));
#12845 = ADVANCED_FACE('',(#12846),#12849,.F.);
#12846 = FACE_BOUND('',#12847,.T.);
#12847 = EDGE_LOOP('',(#12848));
#12848 = ORIENTED_EDGE('',*,*,#12833,.F.);
#12849 = PLANE('',#12850);
#12850 = AXIS2_PLACEMENT_3D('',#12851,#12852,#12853);
#12851 = CARTESIAN_POINT('',(46.326542681126,0.,5.51892948894));
#12852 = DIRECTION('',(0.104528463268,0.,0.994521895368));
#12853 = DIRECTION('',(0.994521895368,0.,-0.104528463268));
#12854 = MANIFOLD_SOLID_BREP('',#12855);
#12855 = CLOSED_SHELL('',(#12856,#12889,#12898));
#12856 = ADVANCED_FACE('',(#12857),#12884,.T.);
#12857 = FACE_BOUND('',#12858,.T.);
#12858 = EDGE_LOOP('',(#12859,#12868,#12876,#12883));
#12859 = ORIENTED_EDGE('',*,*,#12860,.F.);
#12860 = EDGE_CURVE('',#12861,#12861,#12863,.T.);
#12861 = VERTEX_POINT('',#12862);
#12862 = CARTESIAN_POINT('',(47.671628197663,-8.327598234202E-17,
    2.914060019427));
#12863 = CIRCLE('',#12864,0.34);
#12864 = AXIS2_PLACEMENT_3D('',#12865,#12866,#12867);
#12865 = CARTESIAN_POINT('',(47.333490753238,0.,2.949599696938));
#12866 = DIRECTION('',(0.104528463268,-0.,0.994521895368));
#12867 = DIRECTION('',(0.994521895368,0.,-0.104528463268));
#12868 = ORIENTED_EDGE('',*,*,#12869,.F.);
#12869 = EDGE_CURVE('',#12870,#12861,#12872,.T.);
#12870 = VERTEX_POINT('',#12871);
#12871 = CARTESIAN_POINT('',(47.556646888068,-8.327598234202E-17,
    1.820085934522));
#12872 = LINE('',#12873,#12874);
#12873 = CARTESIAN_POINT('',(47.556646888068,-8.327598234202E-17,
    1.820085934522));
#12874 = VECTOR('',#12875,1.);
#12875 = DIRECTION('',(0.104528463268,0.,0.994521895368));
#12876 = ORIENTED_EDGE('',*,*,#12877,.T.);
#12877 = EDGE_CURVE('',#12870,#12870,#12878,.T.);
#12878 = CIRCLE('',#12879,0.34);
#12879 = AXIS2_PLACEMENT_3D('',#12880,#12881,#12882);
#12880 = CARTESIAN_POINT('',(47.218509443643,0.,1.855625612033));
#12881 = DIRECTION('',(0.104528463268,-0.,0.994521895368));
#12882 = DIRECTION('',(0.994521895368,0.,-0.104528463268));
#12883 = ORIENTED_EDGE('',*,*,#12869,.T.);
#12884 = CYLINDRICAL_SURFACE('',#12885,0.34);
#12885 = AXIS2_PLACEMENT_3D('',#12886,#12887,#12888);
#12886 = CARTESIAN_POINT('',(47.218509443643,0.,1.855625612033));
#12887 = DIRECTION('',(0.104528463268,0.,0.994521895368));
#12888 = DIRECTION('',(0.994521895368,0.,-0.104528463268));
#12889 = ADVANCED_FACE('',(#12890),#12893,.T.);
#12890 = FACE_BOUND('',#12891,.T.);
#12891 = EDGE_LOOP('',(#12892));
#12892 = ORIENTED_EDGE('',*,*,#12860,.T.);
#12893 = PLANE('',#12894);
#12894 = AXIS2_PLACEMENT_3D('',#12895,#12896,#12897);
#12895 = CARTESIAN_POINT('',(47.333490753238,0.,2.949599696938));
#12896 = DIRECTION('',(0.104528463268,0.,0.994521895368));
#12897 = DIRECTION('',(0.994521895368,0.,-0.104528463268));
#12898 = ADVANCED_FACE('',(#12899),#12902,.F.);
#12899 = FACE_BOUND('',#12900,.T.);
#12900 = EDGE_LOOP('',(#12901));
#12901 = ORIENTED_EDGE('',*,*,#12877,.F.);
#12902 = PLANE('',#12903);
#12903 = AXIS2_PLACEMENT_3D('',#12904,#12905,#12906);
#12904 = CARTESIAN_POINT('',(47.218509443643,0.,1.855625612033));
#12905 = DIRECTION('',(0.104528463268,0.,0.994521895368));
#12906 = DIRECTION('',(0.994521895368,0.,-0.104528463268));
#12907 = MANIFOLD_SOLID_BREP('',#12908);
#12908 = CLOSED_SHELL('',(#12909,#12942,#12951));
#12909 = ADVANCED_FACE('',(#12910),#12937,.T.);
#12910 = FACE_BOUND('',#12911,.T.);
#12911 = EDGE_LOOP('',(#12912,#12921,#12929,#12936));
#12912 = ORIENTED_EDGE('',*,*,#12913,.F.);
#12913 = EDGE_CURVE('',#12914,#12914,#12916,.T.);
#12914 = VERTEX_POINT('',#12915);
#12915 = CARTESIAN_POINT('',(47.853357574316,-5.878304635907E-17,
    5.599776764294));
#12916 = CIRCLE('',#12917,0.24);
#12917 = AXIS2_PLACEMENT_3D('',#12918,#12919,#12920);
#12918 = CARTESIAN_POINT('',(47.614672319428,0.,5.624863595479));
#12919 = DIRECTION('',(0.104528463268,-0.,0.994521895368));
#12920 = DIRECTION('',(0.994521895368,0.,-0.104528463268));
#12921 = ORIENTED_EDGE('',*,*,#12922,.F.);
#12922 = EDGE_CURVE('',#12923,#12914,#12925,.T.);
#12923 = VERTEX_POINT('',#12924);
#12924 = CARTESIAN_POINT('',(47.514685353329,-5.878304635907E-17,
    2.377525823301));
#12925 = LINE('',#12926,#12927);
#12926 = CARTESIAN_POINT('',(47.514685353329,-5.878304635907E-17,
    2.377525823301));
#12927 = VECTOR('',#12928,1.);
#12928 = DIRECTION('',(0.104528463268,0.,0.994521895368));
#12929 = ORIENTED_EDGE('',*,*,#12930,.T.);
#12930 = EDGE_CURVE('',#12923,#12923,#12931,.T.);
#12931 = CIRCLE('',#12932,0.24);
#12932 = AXIS2_PLACEMENT_3D('',#12933,#12934,#12935);
#12933 = CARTESIAN_POINT('',(47.27600009844,0.,2.402612654486));
#12934 = DIRECTION('',(0.104528463268,-0.,0.994521895368));
#12935 = DIRECTION('',(0.994521895368,0.,-0.104528463268));
#12936 = ORIENTED_EDGE('',*,*,#12922,.T.);
#12937 = CYLINDRICAL_SURFACE('',#12938,0.24);
#12938 = AXIS2_PLACEMENT_3D('',#12939,#12940,#12941);
#12939 = CARTESIAN_POINT('',(47.27600009844,0.,2.402612654486));
#12940 = DIRECTION('',(0.104528463268,0.,0.994521895368));
#12941 = DIRECTION('',(0.994521895368,0.,-0.104528463268));
#12942 = ADVANCED_FACE('',(#12943),#12946,.T.);
#12943 = FACE_BOUND('',#12944,.T.);
#12944 = EDGE_LOOP('',(#12945));
#12945 = ORIENTED_EDGE('',*,*,#12913,.T.);
#12946 = PLANE('',#12947);
#12947 = AXIS2_PLACEMENT_3D('',#12948,#12949,#12950);
#12948 = CARTESIAN_POINT('',(47.614672319428,0.,5.624863595479));
#12949 = DIRECTION('',(0.104528463268,0.,0.994521895368));
#12950 = DIRECTION('',(0.994521895368,0.,-0.104528463268));
#12951 = ADVANCED_FACE('',(#12952),#12955,.F.);
#12952 = FACE_BOUND('',#12953,.T.);
#12953 = EDGE_LOOP('',(#12954));
#12954 = ORIENTED_EDGE('',*,*,#12930,.F.);
#12955 = PLANE('',#12956);
#12956 = AXIS2_PLACEMENT_3D('',#12957,#12958,#12959);
#12957 = CARTESIAN_POINT('',(47.27600009844,0.,2.402612654486));
#12958 = DIRECTION('',(0.104528463268,0.,0.994521895368));
#12959 = DIRECTION('',(0.994521895368,0.,-0.104528463268));
#12960 = MANIFOLD_SOLID_BREP('',#12961);
#12961 = CLOSED_SHELL('',(#12962,#12989));
#12962 = ADVANCED_FACE('',(#12963),#12984,.T.);
#12963 = FACE_BOUND('',#12964,.T.);
#12964 = EDGE_LOOP('',(#12965,#12976,#12983));
#12965 = ORIENTED_EDGE('',*,*,#12966,.F.);
#12966 = EDGE_CURVE('',#12967,#12969,#12971,.T.);
#12967 = VERTEX_POINT('',#12968);
#12968 = CARTESIAN_POINT('',(47.828270743132,-5.878304635907E-17,
    5.361091509406));
#12969 = VERTEX_POINT('',#12970);
#12970 = CARTESIAN_POINT('',(47.614672319428,0.,5.624863595479));
#12971 = CIRCLE('',#12972,0.24);
#12972 = AXIS2_PLACEMENT_3D('',#12973,#12974,#12975);
#12973 = CARTESIAN_POINT('',(47.589585488243,0.,5.38617834059));
#12974 = DIRECTION('',(-2.435876111689E-16,-1.,2.56020895921E-17));
#12975 = DIRECTION('',(0.994521895368,-2.449293598295E-16,
    -0.104528463268));
#12976 = ORIENTED_EDGE('',*,*,#12977,.T.);
#12977 = EDGE_CURVE('',#12967,#12967,#12978,.T.);
#12978 = CIRCLE('',#12979,0.24);
#12979 = AXIS2_PLACEMENT_3D('',#12980,#12981,#12982);
#12980 = CARTESIAN_POINT('',(47.589585488243,0.,5.38617834059));
#12981 = DIRECTION('',(0.104528463268,-0.,0.994521895368));
#12982 = DIRECTION('',(0.994521895368,0.,-0.104528463268));
#12983 = ORIENTED_EDGE('',*,*,#12966,.T.);
#12984 = SPHERICAL_SURFACE('',#12985,0.24);
#12985 = AXIS2_PLACEMENT_3D('',#12986,#12987,#12988);
#12986 = CARTESIAN_POINT('',(47.589585488243,0.,5.38617834059));
#12987 = DIRECTION('',(0.104528463268,0.,0.994521895368));
#12988 = DIRECTION('',(0.994521895368,0.,-0.104528463268));
#12989 = ADVANCED_FACE('',(#12990),#12993,.F.);
#12990 = FACE_BOUND('',#12991,.T.);
#12991 = EDGE_LOOP('',(#12992));
#12992 = ORIENTED_EDGE('',*,*,#12977,.F.);
#12993 = PLANE('',#12994);
#12994 = AXIS2_PLACEMENT_3D('',#12995,#12996,#12997);
#12995 = CARTESIAN_POINT('',(47.589585488243,0.,5.38617834059));
#12996 = DIRECTION('',(0.104528463268,0.,0.994521895368));
#12997 = DIRECTION('',(0.994521895368,0.,-0.104528463268));
#12998 = ( GEOMETRIC_REPRESENTATION_CONTEXT(3) 
GLOBAL_UNCERTAINTY_ASSIGNED_CONTEXT((#13002)) 
GLOBAL_UNIT_ASSIGNED_CONTEXT((#12999,#13000,#13001)) 
REPRESENTATION_CONTEXT('Context #1',
  '3D Context with UNIT and UNCERTAINTY') );
#12999 = ( LENGTH_UNIT() NAMED_UNIT(*) SI_UNIT(.MILLI.,.METRE.) );
#13000 = ( NAMED_UNIT(*) PLANE_ANGLE_UNIT() SI_UNIT($,.RADIAN.) );
#13001 = ( NAMED_UNIT(*) SI_UNIT($,.STERADIAN.) SOLID_ANGLE_UNIT() );
#13002 = UNCERTAINTY_MEASURE_WITH_UNIT(LENGTH_MEASURE(1.E-07),#12999,
  'distance_accuracy_value','confusion accuracy');
#13003 = CONTEXT_DEPENDENT_SHAPE_REPRESENTATION(#13004,#13006);
#13004 = ( REPRESENTATION_RELATIONSHIP('','',#11119,#10) 
REPRESENTATION_RELATIONSHIP_WITH_TRANSFORMATION(#13005) 
SHAPE_REPRESENTATION_RELATIONSHIP() );
#13005 = ITEM_DEFINED_TRANSFORMATION('','',#11,#83);
#13006 = PRODUCT_DEFINITION_SHAPE('Placement','Placement of an item',
  #13007);
#13007 = NEXT_ASSEMBLY_USAGE_OCCURRENCE('18',
  'Right Mill-Max 854 spring connector','',#5,#11114,$);
#13008 = PRODUCT_RELATED_PRODUCT_CATEGORY('part',$,(#11116));
#13009 = SHAPE_DEFINITION_REPRESENTATION(#13010,#13016);
#13010 = PRODUCT_DEFINITION_SHAPE('','',#13011);
#13011 = PRODUCT_DEFINITION('design','',#13012,#13015);
#13012 = PRODUCT_DEFINITION_FORMATION('','',#13013);
#13013 = PRODUCT('Right pogo maximum-extension envelope',
  'Right pogo maximum-extension envelope','',(#13014));
#13014 = PRODUCT_CONTEXT('',#2,'mechanical');
#13015 = PRODUCT_DEFINITION_CONTEXT('part definition',#2,'design');
#13016 = ADVANCED_BREP_SHAPE_REPRESENTATION('',(#11,#13017),#13167);
#13017 = MANIFOLD_SOLID_BREP('',#13018);
#13018 = CLOSED_SHELL('',(#13019,#13059,#13099,#13121,#13143,#13155));
#13019 = ADVANCED_FACE('',(#13020),#13054,.F.);
#13020 = FACE_BOUND('',#13021,.F.);
#13021 = EDGE_LOOP('',(#13022,#13032,#13040,#13048));
#13022 = ORIENTED_EDGE('',*,*,#13023,.F.);
#13023 = EDGE_CURVE('',#13024,#13026,#13028,.T.);
#13024 = VERTEX_POINT('',#13025);
#13025 = CARTESIAN_POINT('',(33.136079405229,-0.95,3.335748651903));
#13026 = VERTEX_POINT('',#13027);
#13027 = CARTESIAN_POINT('',(33.576771406365,-0.95,7.528652962776));
#13028 = LINE('',#13029,#13030);
#13029 = CARTESIAN_POINT('',(33.136079405229,-0.95,3.335748651903));
#13030 = VECTOR('',#13031,1.);
#13031 = DIRECTION('',(0.104528463268,0.,0.994521895368));
#13032 = ORIENTED_EDGE('',*,*,#13033,.T.);
#13033 = EDGE_CURVE('',#13024,#13034,#13036,.T.);
#13034 = VERTEX_POINT('',#13035);
#13035 = CARTESIAN_POINT('',(33.136079405229,0.95,3.335748651903));
#13036 = LINE('',#13037,#13038);
#13037 = CARTESIAN_POINT('',(33.136079405229,-0.95,3.335748651903));
#13038 = VECTOR('',#13039,1.);
#13039 = DIRECTION('',(0.,1.,0.));
#13040 = ORIENTED_EDGE('',*,*,#13041,.T.);
#13041 = EDGE_CURVE('',#13034,#13042,#13044,.T.);
#13042 = VERTEX_POINT('',#13043);
#13043 = CARTESIAN_POINT('',(33.576771406365,0.95,7.528652962776));
#13044 = LINE('',#13045,#13046);
#13045 = CARTESIAN_POINT('',(33.136079405229,0.95,3.335748651903));
#13046 = VECTOR('',#13047,1.);
#13047 = DIRECTION('',(0.104528463268,0.,0.994521895368));
#13048 = ORIENTED_EDGE('',*,*,#13049,.F.);
#13049 = EDGE_CURVE('',#13026,#13042,#13050,.T.);
#13050 = LINE('',#13051,#13052);
#13051 = CARTESIAN_POINT('',(33.576771406365,-0.95,7.528652962776));
#13052 = VECTOR('',#13053,1.);
#13053 = DIRECTION('',(0.,1.,0.));
#13054 = PLANE('',#13055);
#13055 = AXIS2_PLACEMENT_3D('',#13056,#13057,#13058);
#13056 = CARTESIAN_POINT('',(33.136079405229,-0.95,3.335748651903));
#13057 = DIRECTION('',(0.994521895368,0.,-0.104528463268));
#13058 = DIRECTION('',(0.104528463268,0.,0.994521895368));
#13059 = ADVANCED_FACE('',(#13060),#13094,.T.);
#13060 = FACE_BOUND('',#13061,.T.);
#13061 = EDGE_LOOP('',(#13062,#13072,#13080,#13088));
#13062 = ORIENTED_EDGE('',*,*,#13063,.F.);
#13063 = EDGE_CURVE('',#13064,#13066,#13068,.T.);
#13064 = VERTEX_POINT('',#13065);
#13065 = CARTESIAN_POINT('',(47.407468603763,-0.95,1.835765204012));
#13066 = VERTEX_POINT('',#13067);
#13067 = CARTESIAN_POINT('',(47.8481606049,-0.95,6.028669514885));
#13068 = LINE('',#13069,#13070);
#13069 = CARTESIAN_POINT('',(47.407468603763,-0.95,1.835765204012));
#13070 = VECTOR('',#13071,1.);
#13071 = DIRECTION('',(0.104528463268,0.,0.994521895368));
#13072 = ORIENTED_EDGE('',*,*,#13073,.T.);
#13073 = EDGE_CURVE('',#13064,#13074,#13076,.T.);
#13074 = VERTEX_POINT('',#13075);
#13075 = CARTESIAN_POINT('',(47.407468603763,0.95,1.835765204012));
#13076 = LINE('',#13077,#13078);
#13077 = CARTESIAN_POINT('',(47.407468603763,-0.95,1.835765204012));
#13078 = VECTOR('',#13079,1.);
#13079 = DIRECTION('',(0.,1.,0.));
#13080 = ORIENTED_EDGE('',*,*,#13081,.T.);
#13081 = EDGE_CURVE('',#13074,#13082,#13084,.T.);
#13082 = VERTEX_POINT('',#13083);
#13083 = CARTESIAN_POINT('',(47.8481606049,0.95,6.028669514885));
#13084 = LINE('',#13085,#13086);
#13085 = CARTESIAN_POINT('',(47.407468603763,0.95,1.835765204012));
#13086 = VECTOR('',#13087,1.);
#13087 = DIRECTION('',(0.104528463268,0.,0.994521895368));
#13088 = ORIENTED_EDGE('',*,*,#13089,.F.);
#13089 = EDGE_CURVE('',#13066,#13082,#13090,.T.);
#13090 = LINE('',#13091,#13092);
#13091 = CARTESIAN_POINT('',(47.8481606049,-0.95,6.028669514885));
#13092 = VECTOR('',#13093,1.);
#13093 = DIRECTION('',(0.,1.,0.));
#13094 = PLANE('',#13095);
#13095 = AXIS2_PLACEMENT_3D('',#13096,#13097,#13098);
#13096 = CARTESIAN_POINT('',(47.407468603763,-0.95,1.835765204012));
#13097 = DIRECTION('',(0.994521895368,0.,-0.104528463268));
#13098 = DIRECTION('',(0.104528463268,0.,0.994521895368));
#13099 = ADVANCED_FACE('',(#13100),#13116,.F.);
#13100 = FACE_BOUND('',#13101,.F.);
#13101 = EDGE_LOOP('',(#13102,#13108,#13109,#13115));
#13102 = ORIENTED_EDGE('',*,*,#13103,.F.);
#13103 = EDGE_CURVE('',#13024,#13064,#13104,.T.);
#13104 = LINE('',#13105,#13106);
#13105 = CARTESIAN_POINT('',(33.136079405229,-0.95,3.335748651903));
#13106 = VECTOR('',#13107,1.);
#13107 = DIRECTION('',(0.994521895368,0.,-0.104528463268));
#13108 = ORIENTED_EDGE('',*,*,#13023,.T.);
#13109 = ORIENTED_EDGE('',*,*,#13110,.T.);
#13110 = EDGE_CURVE('',#13026,#13066,#13111,.T.);
#13111 = LINE('',#13112,#13113);
#13112 = CARTESIAN_POINT('',(33.576771406365,-0.95,7.528652962776));
#13113 = VECTOR('',#13114,1.);
#13114 = DIRECTION('',(0.994521895368,0.,-0.104528463268));
#13115 = ORIENTED_EDGE('',*,*,#13063,.F.);
#13116 = PLANE('',#13117);
#13117 = AXIS2_PLACEMENT_3D('',#13118,#13119,#13120);
#13118 = CARTESIAN_POINT('',(33.136079405229,-0.95,3.335748651903));
#13119 = DIRECTION('',(0.,1.,0.));
#13120 = DIRECTION('',(0.104528463268,0.,0.994521895368));
#13121 = ADVANCED_FACE('',(#13122),#13138,.T.);
#13122 = FACE_BOUND('',#13123,.T.);
#13123 = EDGE_LOOP('',(#13124,#13130,#13131,#13137));
#13124 = ORIENTED_EDGE('',*,*,#13125,.F.);
#13125 = EDGE_CURVE('',#13034,#13074,#13126,.T.);
#13126 = LINE('',#13127,#13128);
#13127 = CARTESIAN_POINT('',(33.136079405229,0.95,3.335748651903));
#13128 = VECTOR('',#13129,1.);
#13129 = DIRECTION('',(0.994521895368,0.,-0.104528463268));
#13130 = ORIENTED_EDGE('',*,*,#13041,.T.);
#13131 = ORIENTED_EDGE('',*,*,#13132,.T.);
#13132 = EDGE_CURVE('',#13042,#13082,#13133,.T.);
#13133 = LINE('',#13134,#13135);
#13134 = CARTESIAN_POINT('',(33.576771406365,0.95,7.528652962776));
#13135 = VECTOR('',#13136,1.);
#13136 = DIRECTION('',(0.994521895368,0.,-0.104528463268));
#13137 = ORIENTED_EDGE('',*,*,#13081,.F.);
#13138 = PLANE('',#13139);
#13139 = AXIS2_PLACEMENT_3D('',#13140,#13141,#13142);
#13140 = CARTESIAN_POINT('',(33.136079405229,0.95,3.335748651903));
#13141 = DIRECTION('',(0.,1.,0.));
#13142 = DIRECTION('',(0.104528463268,0.,0.994521895368));
#13143 = ADVANCED_FACE('',(#13144),#13150,.F.);
#13144 = FACE_BOUND('',#13145,.F.);
#13145 = EDGE_LOOP('',(#13146,#13147,#13148,#13149));
#13146 = ORIENTED_EDGE('',*,*,#13033,.F.);
#13147 = ORIENTED_EDGE('',*,*,#13103,.T.);
#13148 = ORIENTED_EDGE('',*,*,#13073,.T.);
#13149 = ORIENTED_EDGE('',*,*,#13125,.F.);
#13150 = PLANE('',#13151);
#13151 = AXIS2_PLACEMENT_3D('',#13152,#13153,#13154);
#13152 = CARTESIAN_POINT('',(33.136079405229,-0.95,3.335748651903));
#13153 = DIRECTION('',(0.104528463268,0.,0.994521895368));
#13154 = DIRECTION('',(0.994521895368,0.,-0.104528463268));
#13155 = ADVANCED_FACE('',(#13156),#13162,.T.);
#13156 = FACE_BOUND('',#13157,.T.);
#13157 = EDGE_LOOP('',(#13158,#13159,#13160,#13161));
#13158 = ORIENTED_EDGE('',*,*,#13049,.F.);
#13159 = ORIENTED_EDGE('',*,*,#13110,.T.);
#13160 = ORIENTED_EDGE('',*,*,#13089,.T.);
#13161 = ORIENTED_EDGE('',*,*,#13132,.F.);
#13162 = PLANE('',#13163);
#13163 = AXIS2_PLACEMENT_3D('',#13164,#13165,#13166);
#13164 = CARTESIAN_POINT('',(33.576771406365,-0.95,7.528652962776));
#13165 = DIRECTION('',(0.104528463268,0.,0.994521895368));
#13166 = DIRECTION('',(0.994521895368,0.,-0.104528463268));
#13167 = ( GEOMETRIC_REPRESENTATION_CONTEXT(3) 
GLOBAL_UNCERTAINTY_ASSIGNED_CONTEXT((#13171)) 
GLOBAL_UNIT_ASSIGNED_CONTEXT((#13168,#13169,#13170)) 
REPRESENTATION_CONTEXT('Context #1',
  '3D Context with UNIT and UNCERTAINTY') );
#13168 = ( LENGTH_UNIT() NAMED_UNIT(*) SI_UNIT(.MILLI.,.METRE.) );
#13169 = ( NAMED_UNIT(*) PLANE_ANGLE_UNIT() SI_UNIT($,.RADIAN.) );
#13170 = ( NAMED_UNIT(*) SI_UNIT($,.STERADIAN.) SOLID_ANGLE_UNIT() );
#13171 = UNCERTAINTY_MEASURE_WITH_UNIT(LENGTH_MEASURE(1.E-07),#13168,
  'distance_accuracy_value','confusion accuracy');
#13172 = CONTEXT_DEPENDENT_SHAPE_REPRESENTATION(#13173,#13175);
#13173 = ( REPRESENTATION_RELATIONSHIP('','',#13016,#10) 
REPRESENTATION_RELATIONSHIP_WITH_TRANSFORMATION(#13174) 
SHAPE_REPRESENTATION_RELATIONSHIP() );
#13174 = ITEM_DEFINED_TRANSFORMATION('','',#11,#87);
#13175 = PRODUCT_DEFINITION_SHAPE('Placement','Placement of an item',
  #13176);
#13176 = NEXT_ASSEMBLY_USAGE_OCCURRENCE('19',
  'Right pogo maximum-extension envelope','',#5,#13011,$);
#13177 = PRODUCT_RELATED_PRODUCT_CATEGORY('part',$,(#13013));
#13178 = SHAPE_DEFINITION_REPRESENTATION(#13179,#13185);
#13179 = PRODUCT_DEFINITION_SHAPE('','',#13180);
#13180 = PRODUCT_DEFINITION('design','',#13181,#13184);
#13181 = PRODUCT_DEFINITION_FORMATION('','',#13182);
#13182 = PRODUCT('Right controller-to-spring FFC connector',
  'Right controller-to-spring FFC connector','',(#13183));
#13183 = PRODUCT_CONTEXT('',#2,'mechanical');
#13184 = PRODUCT_DEFINITION_CONTEXT('part definition',#2,'design');
#13185 = ADVANCED_BREP_SHAPE_REPRESENTATION('',(#11,#13186),#13336);
#13186 = MANIFOLD_SOLID_BREP('',#13187);
#13187 = CLOSED_SHELL('',(#13188,#13228,#13268,#13290,#13312,#13324));
#13188 = ADVANCED_FACE('',(#13189),#13223,.F.);
#13189 = FACE_BOUND('',#13190,.F.);
#13190 = EDGE_LOOP('',(#13191,#13201,#13209,#13217));
#13191 = ORIENTED_EDGE('',*,*,#13192,.F.);
#13192 = EDGE_CURVE('',#13193,#13195,#13197,.T.);
#13193 = VERTEX_POINT('',#13194);
#13194 = CARTESIAN_POINT('',(33.26039464215,2.55,3.322682593994));
#13195 = VERTEX_POINT('',#13196);
#13196 = CARTESIAN_POINT('',(33.553074339299,2.55,6.107343901026));
#13197 = LINE('',#13198,#13199);
#13198 = CARTESIAN_POINT('',(33.26039464215,2.55,3.322682593994));
#13199 = VECTOR('',#13200,1.);
#13200 = DIRECTION('',(0.104528463268,0.,0.994521895368));
#13201 = ORIENTED_EDGE('',*,*,#13202,.T.);
#13202 = EDGE_CURVE('',#13193,#13203,#13205,.T.);
#13203 = VERTEX_POINT('',#13204);
#13204 = CARTESIAN_POINT('',(33.26039464215,7.45,3.322682593994));
#13205 = LINE('',#13206,#13207);
#13206 = CARTESIAN_POINT('',(33.26039464215,2.55,3.322682593994));
#13207 = VECTOR('',#13208,1.);
#13208 = DIRECTION('',(0.,1.,0.));
#13209 = ORIENTED_EDGE('',*,*,#13210,.T.);
#13210 = EDGE_CURVE('',#13203,#13211,#13213,.T.);
#13211 = VERTEX_POINT('',#13212);
#13212 = CARTESIAN_POINT('',(33.553074339299,7.45,6.107343901026));
#13213 = LINE('',#13214,#13215);
#13214 = CARTESIAN_POINT('',(33.26039464215,7.45,3.322682593994));
#13215 = VECTOR('',#13216,1.);
#13216 = DIRECTION('',(0.104528463268,0.,0.994521895368));
#13217 = ORIENTED_EDGE('',*,*,#13218,.F.);
#13218 = EDGE_CURVE('',#13195,#13211,#13219,.T.);
#13219 = LINE('',#13220,#13221);
#13220 = CARTESIAN_POINT('',(33.553074339299,2.55,6.107343901026));
#13221 = VECTOR('',#13222,1.);
#13222 = DIRECTION('',(0.,1.,0.));
#13223 = PLANE('',#13224);
#13224 = AXIS2_PLACEMENT_3D('',#13225,#13226,#13227);
#13225 = CARTESIAN_POINT('',(33.26039464215,2.55,3.322682593994));
#13226 = DIRECTION('',(0.994521895368,0.,-0.104528463268));
#13227 = DIRECTION('',(0.104528463268,0.,0.994521895368));
#13228 = ADVANCED_FACE('',(#13229),#13263,.T.);
#13229 = FACE_BOUND('',#13230,.T.);
#13230 = EDGE_LOOP('',(#13231,#13241,#13249,#13257));
#13231 = ORIENTED_EDGE('',*,*,#13232,.F.);
#13232 = EDGE_CURVE('',#13233,#13235,#13237,.T.);
#13233 = VERTEX_POINT('',#13234);
#13234 = CARTESIAN_POINT('',(47.283153366842,2.55,1.848831261921));
#13235 = VERTEX_POINT('',#13236);
#13236 = CARTESIAN_POINT('',(47.575833063992,2.55,4.633492568952));
#13237 = LINE('',#13238,#13239);
#13238 = CARTESIAN_POINT('',(47.283153366842,2.55,1.848831261921));
#13239 = VECTOR('',#13240,1.);
#13240 = DIRECTION('',(0.104528463268,0.,0.994521895368));
#13241 = ORIENTED_EDGE('',*,*,#13242,.T.);
#13242 = EDGE_CURVE('',#13233,#13243,#13245,.T.);
#13243 = VERTEX_POINT('',#13244);
#13244 = CARTESIAN_POINT('',(47.283153366842,7.45,1.848831261921));
#13245 = LINE('',#13246,#13247);
#13246 = CARTESIAN_POINT('',(47.283153366842,2.55,1.848831261921));
#13247 = VECTOR('',#13248,1.);
#13248 = DIRECTION('',(0.,1.,0.));
#13249 = ORIENTED_EDGE('',*,*,#13250,.T.);
#13250 = EDGE_CURVE('',#13243,#13251,#13253,.T.);
#13251 = VERTEX_POINT('',#13252);
#13252 = CARTESIAN_POINT('',(47.575833063992,7.45,4.633492568952));
#13253 = LINE('',#13254,#13255);
#13254 = CARTESIAN_POINT('',(47.283153366842,7.45,1.848831261921));
#13255 = VECTOR('',#13256,1.);
#13256 = DIRECTION('',(0.104528463268,0.,0.994521895368));
#13257 = ORIENTED_EDGE('',*,*,#13258,.F.);
#13258 = EDGE_CURVE('',#13235,#13251,#13259,.T.);
#13259 = LINE('',#13260,#13261);
#13260 = CARTESIAN_POINT('',(47.575833063992,2.55,4.633492568952));
#13261 = VECTOR('',#13262,1.);
#13262 = DIRECTION('',(0.,1.,0.));
#13263 = PLANE('',#13264);
#13264 = AXIS2_PLACEMENT_3D('',#13265,#13266,#13267);
#13265 = CARTESIAN_POINT('',(47.283153366842,2.55,1.848831261921));
#13266 = DIRECTION('',(0.994521895368,0.,-0.104528463268));
#13267 = DIRECTION('',(0.104528463268,0.,0.994521895368));
#13268 = ADVANCED_FACE('',(#13269),#13285,.F.);
#13269 = FACE_BOUND('',#13270,.F.);
#13270 = EDGE_LOOP('',(#13271,#13277,#13278,#13284));
#13271 = ORIENTED_EDGE('',*,*,#13272,.F.);
#13272 = EDGE_CURVE('',#13193,#13233,#13273,.T.);
#13273 = LINE('',#13274,#13275);
#13274 = CARTESIAN_POINT('',(33.26039464215,2.55,3.322682593994));
#13275 = VECTOR('',#13276,1.);
#13276 = DIRECTION('',(0.994521895368,0.,-0.104528463268));
#13277 = ORIENTED_EDGE('',*,*,#13192,.T.);
#13278 = ORIENTED_EDGE('',*,*,#13279,.T.);
#13279 = EDGE_CURVE('',#13195,#13235,#13280,.T.);
#13280 = LINE('',#13281,#13282);
#13281 = CARTESIAN_POINT('',(33.553074339299,2.55,6.107343901026));
#13282 = VECTOR('',#13283,1.);
#13283 = DIRECTION('',(0.994521895368,0.,-0.104528463268));
#13284 = ORIENTED_EDGE('',*,*,#13232,.F.);
#13285 = PLANE('',#13286);
#13286 = AXIS2_PLACEMENT_3D('',#13287,#13288,#13289);
#13287 = CARTESIAN_POINT('',(33.26039464215,2.55,3.322682593994));
#13288 = DIRECTION('',(0.,1.,0.));
#13289 = DIRECTION('',(0.104528463268,0.,0.994521895368));
#13290 = ADVANCED_FACE('',(#13291),#13307,.T.);
#13291 = FACE_BOUND('',#13292,.T.);
#13292 = EDGE_LOOP('',(#13293,#13299,#13300,#13306));
#13293 = ORIENTED_EDGE('',*,*,#13294,.F.);
#13294 = EDGE_CURVE('',#13203,#13243,#13295,.T.);
#13295 = LINE('',#13296,#13297);
#13296 = CARTESIAN_POINT('',(33.26039464215,7.45,3.322682593994));
#13297 = VECTOR('',#13298,1.);
#13298 = DIRECTION('',(0.994521895368,0.,-0.104528463268));
#13299 = ORIENTED_EDGE('',*,*,#13210,.T.);
#13300 = ORIENTED_EDGE('',*,*,#13301,.T.);
#13301 = EDGE_CURVE('',#13211,#13251,#13302,.T.);
#13302 = LINE('',#13303,#13304);
#13303 = CARTESIAN_POINT('',(33.553074339299,7.45,6.107343901026));
#13304 = VECTOR('',#13305,1.);
#13305 = DIRECTION('',(0.994521895368,0.,-0.104528463268));
#13306 = ORIENTED_EDGE('',*,*,#13250,.F.);
#13307 = PLANE('',#13308);
#13308 = AXIS2_PLACEMENT_3D('',#13309,#13310,#13311);
#13309 = CARTESIAN_POINT('',(33.26039464215,7.45,3.322682593994));
#13310 = DIRECTION('',(0.,1.,0.));
#13311 = DIRECTION('',(0.104528463268,0.,0.994521895368));
#13312 = ADVANCED_FACE('',(#13313),#13319,.F.);
#13313 = FACE_BOUND('',#13314,.F.);
#13314 = EDGE_LOOP('',(#13315,#13316,#13317,#13318));
#13315 = ORIENTED_EDGE('',*,*,#13202,.F.);
#13316 = ORIENTED_EDGE('',*,*,#13272,.T.);
#13317 = ORIENTED_EDGE('',*,*,#13242,.T.);
#13318 = ORIENTED_EDGE('',*,*,#13294,.F.);
#13319 = PLANE('',#13320);
#13320 = AXIS2_PLACEMENT_3D('',#13321,#13322,#13323);
#13321 = CARTESIAN_POINT('',(33.26039464215,2.55,3.322682593994));
#13322 = DIRECTION('',(0.104528463268,0.,0.994521895368));
#13323 = DIRECTION('',(0.994521895368,0.,-0.104528463268));
#13324 = ADVANCED_FACE('',(#13325),#13331,.T.);
#13325 = FACE_BOUND('',#13326,.T.);
#13326 = EDGE_LOOP('',(#13327,#13328,#13329,#13330));
#13327 = ORIENTED_EDGE('',*,*,#13218,.F.);
#13328 = ORIENTED_EDGE('',*,*,#13279,.T.);
#13329 = ORIENTED_EDGE('',*,*,#13258,.T.);
#13330 = ORIENTED_EDGE('',*,*,#13301,.F.);
#13331 = PLANE('',#13332);
#13332 = AXIS2_PLACEMENT_3D('',#13333,#13334,#13335);
#13333 = CARTESIAN_POINT('',(33.553074339299,2.55,6.107343901026));
#13334 = DIRECTION('',(0.104528463268,0.,0.994521895368));
#13335 = DIRECTION('',(0.994521895368,0.,-0.104528463268));
#13336 = ( GEOMETRIC_REPRESENTATION_CONTEXT(3) 
GLOBAL_UNCERTAINTY_ASSIGNED_CONTEXT((#13340)) 
GLOBAL_UNIT_ASSIGNED_CONTEXT((#13337,#13338,#13339)) 
REPRESENTATION_CONTEXT('Context #1',
  '3D Context with UNIT and UNCERTAINTY') );
#13337 = ( LENGTH_UNIT() NAMED_UNIT(*) SI_UNIT(.MILLI.,.METRE.) );
#13338 = ( NAMED_UNIT(*) PLANE_ANGLE_UNIT() SI_UNIT($,.RADIAN.) );
#13339 = ( NAMED_UNIT(*) SI_UNIT($,.STERADIAN.) SOLID_ANGLE_UNIT() );
#13340 = UNCERTAINTY_MEASURE_WITH_UNIT(LENGTH_MEASURE(1.E-07),#13337,
  'distance_accuracy_value','confusion accuracy');
#13341 = CONTEXT_DEPENDENT_SHAPE_REPRESENTATION(#13342,#13344);
#13342 = ( REPRESENTATION_RELATIONSHIP('','',#13185,#10) 
REPRESENTATION_RELATIONSHIP_WITH_TRANSFORMATION(#13343) 
SHAPE_REPRESENTATION_RELATIONSHIP() );
#13343 = ITEM_DEFINED_TRANSFORMATION('','',#11,#91);
#13344 = PRODUCT_DEFINITION_SHAPE('Placement','Placement of an item',
  #13345);
#13345 = NEXT_ASSEMBLY_USAGE_OCCURRENCE('20',
  'Right controller-to-spring FFC connector','',#5,#13180,$);
#13346 = PRODUCT_RELATED_PRODUCT_CATEGORY('part',$,(#13182));
#13347 = SHAPE_DEFINITION_REPRESENTATION(#13348,#13354);
#13348 = PRODUCT_DEFINITION_SHAPE('','',#13349);
#13349 = PRODUCT_DEFINITION('design','',#13350,#13353);
#13350 = PRODUCT_DEFINITION_FORMATION('','',#13351);
#13351 = PRODUCT('Right Hall-PCB target interface',
  'Right Hall-PCB target interface','',(#13352));
#13352 = PRODUCT_CONTEXT('',#2,'mechanical');
#13353 = PRODUCT_DEFINITION_CONTEXT('part definition',#2,'design');
#13354 = SHAPE_REPRESENTATION('',(#11,#13355,#13505,#13558,#13611,#13664
    ,#13717,#13770,#13823,#13876,#13929,#13982,#14035,#14088,#14141,
    #14194,#14247,#14300,#14353,#14406,#14459,#14512,#14565,#14618,
    #14671,#14724),#14777);
#13355 = MANIFOLD_SOLID_BREP('',#13356);
#13356 = CLOSED_SHELL('',(#13357,#13397,#13437,#13459,#13481,#13493));
#13357 = ADVANCED_FACE('',(#13358),#13392,.F.);
#13358 = FACE_BOUND('',#13359,.F.);
#13359 = EDGE_LOOP('',(#13360,#13370,#13378,#13386));
#13360 = ORIENTED_EDGE('',*,*,#13361,.F.);
#13361 = EDGE_CURVE('',#13362,#13364,#13366,.T.);
#13362 = VERTEX_POINT('',#13363);
#13363 = CARTESIAN_POINT('',(33.64826887524,-0.95,8.208905939207));
#13364 = VERTEX_POINT('',#13365);
#13365 = CARTESIAN_POINT('',(33.763250184834,-0.95,9.302880024113));
#13366 = LINE('',#13367,#13368);
#13367 = CARTESIAN_POINT('',(33.64826887524,-0.95,8.208905939207));
#13368 = VECTOR('',#13369,1.);
#13369 = DIRECTION('',(0.104528463268,0.,0.994521895368));
#13370 = ORIENTED_EDGE('',*,*,#13371,.T.);
#13371 = EDGE_CURVE('',#13362,#13372,#13374,.T.);
#13372 = VERTEX_POINT('',#13373);
#13373 = CARTESIAN_POINT('',(33.64826887524,0.95,8.208905939207));
#13374 = LINE('',#13375,#13376);
#13375 = CARTESIAN_POINT('',(33.64826887524,-0.95,8.208905939207));
#13376 = VECTOR('',#13377,1.);
#13377 = DIRECTION('',(0.,1.,0.));
#13378 = ORIENTED_EDGE('',*,*,#13379,.T.);
#13379 = EDGE_CURVE('',#13372,#13380,#13382,.T.);
#13380 = VERTEX_POINT('',#13381);
#13381 = CARTESIAN_POINT('',(33.763250184834,0.95,9.302880024113));
#13382 = LINE('',#13383,#13384);
#13383 = CARTESIAN_POINT('',(33.64826887524,0.95,8.208905939207));
#13384 = VECTOR('',#13385,1.);
#13385 = DIRECTION('',(0.104528463268,0.,0.994521895368));
#13386 = ORIENTED_EDGE('',*,*,#13387,.F.);
#13387 = EDGE_CURVE('',#13364,#13380,#13388,.T.);
#13388 = LINE('',#13389,#13390);
#13389 = CARTESIAN_POINT('',(33.763250184834,-0.95,9.302880024113));
#13390 = VECTOR('',#13391,1.);
#13391 = DIRECTION('',(0.,1.,0.));
#13392 = PLANE('',#13393);
#13393 = AXIS2_PLACEMENT_3D('',#13394,#13395,#13396);
#13394 = CARTESIAN_POINT('',(33.64826887524,-0.95,8.208905939207));
#13395 = DIRECTION('',(0.994521895368,0.,-0.104528463268));
#13396 = DIRECTION('',(0.104528463268,0.,0.994521895368));
#13397 = ADVANCED_FACE('',(#13398),#13432,.T.);
#13398 = FACE_BOUND('',#13399,.T.);
#13399 = EDGE_LOOP('',(#13400,#13410,#13418,#13426));
#13400 = ORIENTED_EDGE('',*,*,#13401,.F.);
#13401 = EDGE_CURVE('',#13402,#13404,#13406,.T.);
#13402 = VERTEX_POINT('',#13403);
#13403 = CARTESIAN_POINT('',(47.919658073775,-0.95,6.708922491317));
#13404 = VERTEX_POINT('',#13405);
#13405 = CARTESIAN_POINT('',(48.034639383369,-0.95,7.802896576222));
#13406 = LINE('',#13407,#13408);
#13407 = CARTESIAN_POINT('',(47.919658073775,-0.95,6.708922491317));
#13408 = VECTOR('',#13409,1.);
#13409 = DIRECTION('',(0.104528463268,0.,0.994521895368));
#13410 = ORIENTED_EDGE('',*,*,#13411,.T.);
#13411 = EDGE_CURVE('',#13402,#13412,#13414,.T.);
#13412 = VERTEX_POINT('',#13413);
#13413 = CARTESIAN_POINT('',(47.919658073775,0.95,6.708922491317));
#13414 = LINE('',#13415,#13416);
#13415 = CARTESIAN_POINT('',(47.919658073775,-0.95,6.708922491317));
#13416 = VECTOR('',#13417,1.);
#13417 = DIRECTION('',(0.,1.,0.));
#13418 = ORIENTED_EDGE('',*,*,#13419,.T.);
#13419 = EDGE_CURVE('',#13412,#13420,#13422,.T.);
#13420 = VERTEX_POINT('',#13421);
#13421 = CARTESIAN_POINT('',(48.034639383369,0.95,7.802896576222));
#13422 = LINE('',#13423,#13424);
#13423 = CARTESIAN_POINT('',(47.919658073775,0.95,6.708922491317));
#13424 = VECTOR('',#13425,1.);
#13425 = DIRECTION('',(0.104528463268,0.,0.994521895368));
#13426 = ORIENTED_EDGE('',*,*,#13427,.F.);
#13427 = EDGE_CURVE('',#13404,#13420,#13428,.T.);
#13428 = LINE('',#13429,#13430);
#13429 = CARTESIAN_POINT('',(48.034639383369,-0.95,7.802896576222));
#13430 = VECTOR('',#13431,1.);
#13431 = DIRECTION('',(0.,1.,0.));
#13432 = PLANE('',#13433);
#13433 = AXIS2_PLACEMENT_3D('',#13434,#13435,#13436);
#13434 = CARTESIAN_POINT('',(47.919658073775,-0.95,6.708922491317));
#13435 = DIRECTION('',(0.994521895368,0.,-0.104528463268));
#13436 = DIRECTION('',(0.104528463268,0.,0.994521895368));
#13437 = ADVANCED_FACE('',(#13438),#13454,.F.);
#13438 = FACE_BOUND('',#13439,.F.);
#13439 = EDGE_LOOP('',(#13440,#13446,#13447,#13453));
#13440 = ORIENTED_EDGE('',*,*,#13441,.F.);
#13441 = EDGE_CURVE('',#13362,#13402,#13442,.T.);
#13442 = LINE('',#13443,#13444);
#13443 = CARTESIAN_POINT('',(33.64826887524,-0.95,8.208905939207));
#13444 = VECTOR('',#13445,1.);
#13445 = DIRECTION('',(0.994521895368,0.,-0.104528463268));
#13446 = ORIENTED_EDGE('',*,*,#13361,.T.);
#13447 = ORIENTED_EDGE('',*,*,#13448,.T.);
#13448 = EDGE_CURVE('',#13364,#13404,#13449,.T.);
#13449 = LINE('',#13450,#13451);
#13450 = CARTESIAN_POINT('',(33.763250184834,-0.95,9.302880024113));
#13451 = VECTOR('',#13452,1.);
#13452 = DIRECTION('',(0.994521895368,0.,-0.104528463268));
#13453 = ORIENTED_EDGE('',*,*,#13401,.F.);
#13454 = PLANE('',#13455);
#13455 = AXIS2_PLACEMENT_3D('',#13456,#13457,#13458);
#13456 = CARTESIAN_POINT('',(33.64826887524,-0.95,8.208905939207));
#13457 = DIRECTION('',(0.,1.,0.));
#13458 = DIRECTION('',(0.104528463268,0.,0.994521895368));
#13459 = ADVANCED_FACE('',(#13460),#13476,.T.);
#13460 = FACE_BOUND('',#13461,.T.);
#13461 = EDGE_LOOP('',(#13462,#13468,#13469,#13475));
#13462 = ORIENTED_EDGE('',*,*,#13463,.F.);
#13463 = EDGE_CURVE('',#13372,#13412,#13464,.T.);
#13464 = LINE('',#13465,#13466);
#13465 = CARTESIAN_POINT('',(33.64826887524,0.95,8.208905939207));
#13466 = VECTOR('',#13467,1.);
#13467 = DIRECTION('',(0.994521895368,0.,-0.104528463268));
#13468 = ORIENTED_EDGE('',*,*,#13379,.T.);
#13469 = ORIENTED_EDGE('',*,*,#13470,.T.);
#13470 = EDGE_CURVE('',#13380,#13420,#13471,.T.);
#13471 = LINE('',#13472,#13473);
#13472 = CARTESIAN_POINT('',(33.763250184834,0.95,9.302880024113));
#13473 = VECTOR('',#13474,1.);
#13474 = DIRECTION('',(0.994521895368,0.,-0.104528463268));
#13475 = ORIENTED_EDGE('',*,*,#13419,.F.);
#13476 = PLANE('',#13477);
#13477 = AXIS2_PLACEMENT_3D('',#13478,#13479,#13480);
#13478 = CARTESIAN_POINT('',(33.64826887524,0.95,8.208905939207));
#13479 = DIRECTION('',(0.,1.,0.));
#13480 = DIRECTION('',(0.104528463268,0.,0.994521895368));
#13481 = ADVANCED_FACE('',(#13482),#13488,.F.);
#13482 = FACE_BOUND('',#13483,.F.);
#13483 = EDGE_LOOP('',(#13484,#13485,#13486,#13487));
#13484 = ORIENTED_EDGE('',*,*,#13371,.F.);
#13485 = ORIENTED_EDGE('',*,*,#13441,.T.);
#13486 = ORIENTED_EDGE('',*,*,#13411,.T.);
#13487 = ORIENTED_EDGE('',*,*,#13463,.F.);
#13488 = PLANE('',#13489);
#13489 = AXIS2_PLACEMENT_3D('',#13490,#13491,#13492);
#13490 = CARTESIAN_POINT('',(33.64826887524,-0.95,8.208905939207));
#13491 = DIRECTION('',(0.104528463268,0.,0.994521895368));
#13492 = DIRECTION('',(0.994521895368,0.,-0.104528463268));
#13493 = ADVANCED_FACE('',(#13494),#13500,.T.);
#13494 = FACE_BOUND('',#13495,.T.);
#13495 = EDGE_LOOP('',(#13496,#13497,#13498,#13499));
#13496 = ORIENTED_EDGE('',*,*,#13387,.F.);
#13497 = ORIENTED_EDGE('',*,*,#13448,.T.);
#13498 = ORIENTED_EDGE('',*,*,#13427,.T.);
#13499 = ORIENTED_EDGE('',*,*,#13470,.F.);
#13500 = PLANE('',#13501);
#13501 = AXIS2_PLACEMENT_3D('',#13502,#13503,#13504);
#13502 = CARTESIAN_POINT('',(33.763250184834,-0.95,9.302880024113));
#13503 = DIRECTION('',(0.104528463268,0.,0.994521895368));
#13504 = DIRECTION('',(0.994521895368,0.,-0.104528463268));
#13505 = MANIFOLD_SOLID_BREP('',#13506);
#13506 = CLOSED_SHELL('',(#13507,#13540,#13549));
#13507 = ADVANCED_FACE('',(#13508),#13535,.T.);
#13508 = FACE_BOUND('',#13509,.T.);
#13509 = EDGE_LOOP('',(#13510,#13519,#13527,#13534));
#13510 = ORIENTED_EDGE('',*,*,#13511,.F.);
#13511 = EDGE_CURVE('',#13512,#13512,#13514,.T.);
#13512 = VERTEX_POINT('',#13513);
#13513 = CARTESIAN_POINT('',(34.279402770972,-1.310372075088E-16,
    7.277833973322));
#13514 = CIRCLE('',#13515,0.535);
#13515 = AXIS2_PLACEMENT_3D('',#13516,#13517,#13518);
#13516 = CARTESIAN_POINT('',(33.74733355695,0.,7.33375670117));
#13517 = DIRECTION('',(0.104528463268,-0.,0.994521895368));
#13518 = DIRECTION('',(0.994521895368,0.,-0.104528463268));
#13519 = ORIENTED_EDGE('',*,*,#13520,.F.);
#13520 = EDGE_CURVE('',#13521,#13512,#13523,.T.);
#13521 = VERTEX_POINT('',#13522);
#13522 = CARTESIAN_POINT('',(34.253270655155,-1.310372075088E-16,
    7.02920349948));
#13523 = LINE('',#13524,#13525);
#13524 = CARTESIAN_POINT('',(34.253270655155,-1.310372075088E-16,
    7.02920349948));
#13525 = VECTOR('',#13526,1.);
#13526 = DIRECTION('',(0.104528463268,0.,0.994521895368));
#13527 = ORIENTED_EDGE('',*,*,#13528,.T.);
#13528 = EDGE_CURVE('',#13521,#13521,#13529,.T.);
#13529 = CIRCLE('',#13530,0.535);
#13530 = AXIS2_PLACEMENT_3D('',#13531,#13532,#13533);
#13531 = CARTESIAN_POINT('',(33.721201441133,0.,7.085126227328));
#13532 = DIRECTION('',(0.104528463268,-0.,0.994521895368));
#13533 = DIRECTION('',(0.994521895368,0.,-0.104528463268));
#13534 = ORIENTED_EDGE('',*,*,#13520,.T.);
#13535 = CYLINDRICAL_SURFACE('',#13536,0.535);
#13536 = AXIS2_PLACEMENT_3D('',#13537,#13538,#13539);
#13537 = CARTESIAN_POINT('',(33.721201441133,0.,7.085126227328));
#13538 = DIRECTION('',(0.104528463268,0.,0.994521895368));
#13539 = DIRECTION('',(0.994521895368,0.,-0.104528463268));
#13540 = ADVANCED_FACE('',(#13541),#13544,.T.);
#13541 = FACE_BOUND('',#13542,.T.);
#13542 = EDGE_LOOP('',(#13543));
#13543 = ORIENTED_EDGE('',*,*,#13511,.T.);
#13544 = PLANE('',#13545);
#13545 = AXIS2_PLACEMENT_3D('',#13546,#13547,#13548);
#13546 = CARTESIAN_POINT('',(33.74733355695,0.,7.33375670117));
#13547 = DIRECTION('',(0.104528463268,0.,0.994521895368));
#13548 = DIRECTION('',(0.994521895368,0.,-0.104528463268));
#13549 = ADVANCED_FACE('',(#13550),#13553,.F.);
#13550 = FACE_BOUND('',#13551,.T.);
#13551 = EDGE_LOOP('',(#13552));
#13552 = ORIENTED_EDGE('',*,*,#13528,.F.);
#13553 = PLANE('',#13554);
#13554 = AXIS2_PLACEMENT_3D('',#13555,#13556,#13557);
#13555 = CARTESIAN_POINT('',(33.721201441133,0.,7.085126227328));
#13556 = DIRECTION('',(0.104528463268,0.,0.994521895368));
#13557 = DIRECTION('',(0.994521895368,0.,-0.104528463268));
#13558 = MANIFOLD_SOLID_BREP('',#13559);
#13559 = CLOSED_SHELL('',(#13560,#13593,#13602));
#13560 = ADVANCED_FACE('',(#13561),#13588,.T.);
#13561 = FACE_BOUND('',#13562,.T.);
#13562 = EDGE_LOOP('',(#13563,#13572,#13580,#13587));
#13563 = ORIENTED_EDGE('',*,*,#13564,.F.);
#13564 = EDGE_CURVE('',#13565,#13565,#13567,.T.);
#13565 = VERTEX_POINT('',#13566);
#13566 = CARTESIAN_POINT('',(34.280401570426,-8.082668874373E-17,
    9.248525223213));
#13567 = CIRCLE('',#13568,0.33);
#13568 = AXIS2_PLACEMENT_3D('',#13569,#13570,#13571);
#13569 = CARTESIAN_POINT('',(33.952209344954,0.,9.283019616092));
#13570 = DIRECTION('',(0.104528463268,-0.,0.994521895368));
#13571 = DIRECTION('',(0.994521895368,0.,-0.104528463268));
#13572 = ORIENTED_EDGE('',*,*,#13573,.F.);
#13573 = EDGE_CURVE('',#13574,#13565,#13576,.T.);
#13574 = VERTEX_POINT('',#13575);
#13575 = CARTESIAN_POINT('',(34.049393666604,-8.082668874373E-17,
    7.050631834449));
#13576 = LINE('',#13577,#13578);
#13577 = CARTESIAN_POINT('',(34.049393666604,-8.082668874373E-17,
    7.050631834449));
#13578 = VECTOR('',#13579,1.);
#13579 = DIRECTION('',(0.104528463268,0.,0.994521895368));
#13580 = ORIENTED_EDGE('',*,*,#13581,.T.);
#13581 = EDGE_CURVE('',#13574,#13574,#13582,.T.);
#13582 = CIRCLE('',#13583,0.33);
#13583 = AXIS2_PLACEMENT_3D('',#13584,#13585,#13586);
#13584 = CARTESIAN_POINT('',(33.721201441133,0.,7.085126227328));
#13585 = DIRECTION('',(0.104528463268,-0.,0.994521895368));
#13586 = DIRECTION('',(0.994521895368,0.,-0.104528463268));
#13587 = ORIENTED_EDGE('',*,*,#13573,.T.);
#13588 = CYLINDRICAL_SURFACE('',#13589,0.33);
#13589 = AXIS2_PLACEMENT_3D('',#13590,#13591,#13592);
#13590 = CARTESIAN_POINT('',(33.721201441133,0.,7.085126227328));
#13591 = DIRECTION('',(0.104528463268,0.,0.994521895368));
#13592 = DIRECTION('',(0.994521895368,0.,-0.104528463268));
#13593 = ADVANCED_FACE('',(#13594),#13597,.T.);
#13594 = FACE_BOUND('',#13595,.T.);
#13595 = EDGE_LOOP('',(#13596));
#13596 = ORIENTED_EDGE('',*,*,#13564,.T.);
#13597 = PLANE('',#13598);
#13598 = AXIS2_PLACEMENT_3D('',#13599,#13600,#13601);
#13599 = CARTESIAN_POINT('',(33.952209344954,0.,9.283019616092));
#13600 = DIRECTION('',(0.104528463268,0.,0.994521895368));
#13601 = DIRECTION('',(0.994521895368,0.,-0.104528463268));
#13602 = ADVANCED_FACE('',(#13603),#13606,.F.);
#13603 = FACE_BOUND('',#13604,.T.);
#13604 = EDGE_LOOP('',(#13605));
#13605 = ORIENTED_EDGE('',*,*,#13581,.F.);
#13606 = PLANE('',#13607);
#13607 = AXIS2_PLACEMENT_3D('',#13608,#13609,#13610);
#13608 = CARTESIAN_POINT('',(33.721201441133,0.,7.085126227328));
#13609 = DIRECTION('',(0.104528463268,0.,0.994521895368));
#13610 = DIRECTION('',(0.994521895368,0.,-0.104528463268));
#13611 = MANIFOLD_SOLID_BREP('',#13612);
#13612 = CLOSED_SHELL('',(#13613,#13646,#13655));
#13613 = ADVANCED_FACE('',(#13614),#13641,.T.);
#13614 = FACE_BOUND('',#13615,.T.);
#13615 = EDGE_LOOP('',(#13616,#13625,#13633,#13640));
#13616 = ORIENTED_EDGE('',*,*,#13617,.F.);
#13617 = EDGE_CURVE('',#13618,#13618,#13620,.T.);
#13618 = VERTEX_POINT('',#13619);
#13619 = CARTESIAN_POINT('',(35.54244557809,-1.310372075088E-16,
    7.145082824972));
#13620 = CIRCLE('',#13621,0.535);
#13621 = AXIS2_PLACEMENT_3D('',#13622,#13623,#13624);
#13622 = CARTESIAN_POINT('',(35.010376364068,0.,7.20100555282));
#13623 = DIRECTION('',(0.104528463268,-0.,0.994521895368));
#13624 = DIRECTION('',(0.994521895368,0.,-0.104528463268));
#13625 = ORIENTED_EDGE('',*,*,#13626,.F.);
#13626 = EDGE_CURVE('',#13627,#13618,#13629,.T.);
#13627 = VERTEX_POINT('',#13628);
#13628 = CARTESIAN_POINT('',(35.516313462273,-1.310372075088E-16,
    6.89645235113));
#13629 = LINE('',#13630,#13631);
#13630 = CARTESIAN_POINT('',(35.516313462273,-1.310372075088E-16,
    6.89645235113));
#13631 = VECTOR('',#13632,1.);
#13632 = DIRECTION('',(0.104528463268,0.,0.994521895368));
#13633 = ORIENTED_EDGE('',*,*,#13634,.T.);
#13634 = EDGE_CURVE('',#13627,#13627,#13635,.T.);
#13635 = CIRCLE('',#13636,0.535);
#13636 = AXIS2_PLACEMENT_3D('',#13637,#13638,#13639);
#13637 = CARTESIAN_POINT('',(34.984244248251,0.,6.952375078978));
#13638 = DIRECTION('',(0.104528463268,-0.,0.994521895368));
#13639 = DIRECTION('',(0.994521895368,0.,-0.104528463268));
#13640 = ORIENTED_EDGE('',*,*,#13626,.T.);
#13641 = CYLINDRICAL_SURFACE('',#13642,0.535);
#13642 = AXIS2_PLACEMENT_3D('',#13643,#13644,#13645);
#13643 = CARTESIAN_POINT('',(34.984244248251,0.,6.952375078978));
#13644 = DIRECTION('',(0.104528463268,0.,0.994521895368));
#13645 = DIRECTION('',(0.994521895368,0.,-0.104528463268));
#13646 = ADVANCED_FACE('',(#13647),#13650,.T.);
#13647 = FACE_BOUND('',#13648,.T.);
#13648 = EDGE_LOOP('',(#13649));
#13649 = ORIENTED_EDGE('',*,*,#13617,.T.);
#13650 = PLANE('',#13651);
#13651 = AXIS2_PLACEMENT_3D('',#13652,#13653,#13654);
#13652 = CARTESIAN_POINT('',(35.010376364068,0.,7.20100555282));
#13653 = DIRECTION('',(0.104528463268,0.,0.994521895368));
#13654 = DIRECTION('',(0.994521895368,0.,-0.104528463268));
#13655 = ADVANCED_FACE('',(#13656),#13659,.F.);
#13656 = FACE_BOUND('',#13657,.T.);
#13657 = EDGE_LOOP('',(#13658));
#13658 = ORIENTED_EDGE('',*,*,#13634,.F.);
#13659 = PLANE('',#13660);
#13660 = AXIS2_PLACEMENT_3D('',#13661,#13662,#13663);
#13661 = CARTESIAN_POINT('',(34.984244248251,0.,6.952375078978));
#13662 = DIRECTION('',(0.104528463268,0.,0.994521895368));
#13663 = DIRECTION('',(0.994521895368,0.,-0.104528463268));
#13664 = MANIFOLD_SOLID_BREP('',#13665);
#13665 = CLOSED_SHELL('',(#13666,#13699,#13708));
#13666 = ADVANCED_FACE('',(#13667),#13694,.T.);
#13667 = FACE_BOUND('',#13668,.T.);
#13668 = EDGE_LOOP('',(#13669,#13678,#13686,#13693));
#13669 = ORIENTED_EDGE('',*,*,#13670,.F.);
#13670 = EDGE_CURVE('',#13671,#13671,#13673,.T.);
#13671 = VERTEX_POINT('',#13672);
#13672 = CARTESIAN_POINT('',(35.543444377544,-8.082668874373E-17,
    9.115774074863));
#13673 = CIRCLE('',#13674,0.33);
#13674 = AXIS2_PLACEMENT_3D('',#13675,#13676,#13677);
#13675 = CARTESIAN_POINT('',(35.215252152072,0.,9.150268467742));
#13676 = DIRECTION('',(0.104528463268,-0.,0.994521895368));
#13677 = DIRECTION('',(0.994521895368,0.,-0.104528463268));
#13678 = ORIENTED_EDGE('',*,*,#13679,.F.);
#13679 = EDGE_CURVE('',#13680,#13671,#13682,.T.);
#13680 = VERTEX_POINT('',#13681);
#13681 = CARTESIAN_POINT('',(35.312436473722,-8.082668874373E-17,
    6.9178806861));
#13682 = LINE('',#13683,#13684);
#13683 = CARTESIAN_POINT('',(35.312436473722,-8.082668874373E-17,
    6.9178806861));
#13684 = VECTOR('',#13685,1.);
#13685 = DIRECTION('',(0.104528463268,0.,0.994521895368));
#13686 = ORIENTED_EDGE('',*,*,#13687,.T.);
#13687 = EDGE_CURVE('',#13680,#13680,#13688,.T.);
#13688 = CIRCLE('',#13689,0.33);
#13689 = AXIS2_PLACEMENT_3D('',#13690,#13691,#13692);
#13690 = CARTESIAN_POINT('',(34.984244248251,0.,6.952375078978));
#13691 = DIRECTION('',(0.104528463268,-0.,0.994521895368));
#13692 = DIRECTION('',(0.994521895368,0.,-0.104528463268));
#13693 = ORIENTED_EDGE('',*,*,#13679,.T.);
#13694 = CYLINDRICAL_SURFACE('',#13695,0.33);
#13695 = AXIS2_PLACEMENT_3D('',#13696,#13697,#13698);
#13696 = CARTESIAN_POINT('',(34.984244248251,0.,6.952375078978));
#13697 = DIRECTION('',(0.104528463268,0.,0.994521895368));
#13698 = DIRECTION('',(0.994521895368,0.,-0.104528463268));
#13699 = ADVANCED_FACE('',(#13700),#13703,.T.);
#13700 = FACE_BOUND('',#13701,.T.);
#13701 = EDGE_LOOP('',(#13702));
#13702 = ORIENTED_EDGE('',*,*,#13670,.T.);
#13703 = PLANE('',#13704);
#13704 = AXIS2_PLACEMENT_3D('',#13705,#13706,#13707);
#13705 = CARTESIAN_POINT('',(35.215252152072,0.,9.150268467742));
#13706 = DIRECTION('',(0.104528463268,0.,0.994521895368));
#13707 = DIRECTION('',(0.994521895368,0.,-0.104528463268));
#13708 = ADVANCED_FACE('',(#13709),#13712,.F.);
#13709 = FACE_BOUND('',#13710,.T.);
#13710 = EDGE_LOOP('',(#13711));
#13711 = ORIENTED_EDGE('',*,*,#13687,.F.);
#13712 = PLANE('',#13713);
#13713 = AXIS2_PLACEMENT_3D('',#13714,#13715,#13716);
#13714 = CARTESIAN_POINT('',(34.984244248251,0.,6.952375078978));
#13715 = DIRECTION('',(0.104528463268,0.,0.994521895368));
#13716 = DIRECTION('',(0.994521895368,0.,-0.104528463268));
#13717 = MANIFOLD_SOLID_BREP('',#13718);
#13718 = CLOSED_SHELL('',(#13719,#13752,#13761));
#13719 = ADVANCED_FACE('',(#13720),#13747,.T.);
#13720 = FACE_BOUND('',#13721,.T.);
#13721 = EDGE_LOOP('',(#13722,#13731,#13739,#13746));
#13722 = ORIENTED_EDGE('',*,*,#13723,.F.);
#13723 = EDGE_CURVE('',#13724,#13724,#13726,.T.);
#13724 = VERTEX_POINT('',#13725);
#13725 = CARTESIAN_POINT('',(36.805488385207,-1.310372075088E-16,
    7.012331676622));
#13726 = CIRCLE('',#13727,0.535);
#13727 = AXIS2_PLACEMENT_3D('',#13728,#13729,#13730);
#13728 = CARTESIAN_POINT('',(36.273419171185,0.,7.06825440447));
#13729 = DIRECTION('',(0.104528463268,-0.,0.994521895368));
#13730 = DIRECTION('',(0.994521895368,0.,-0.104528463268));
#13731 = ORIENTED_EDGE('',*,*,#13732,.F.);
#13732 = EDGE_CURVE('',#13733,#13724,#13735,.T.);
#13733 = VERTEX_POINT('',#13734);
#13734 = CARTESIAN_POINT('',(36.77935626939,-1.310372075088E-16,
    6.76370120278));
#13735 = LINE('',#13736,#13737);
#13736 = CARTESIAN_POINT('',(36.77935626939,-1.310372075088E-16,
    6.76370120278));
#13737 = VECTOR('',#13738,1.);
#13738 = DIRECTION('',(0.104528463268,0.,0.994521895368));
#13739 = ORIENTED_EDGE('',*,*,#13740,.T.);
#13740 = EDGE_CURVE('',#13733,#13733,#13741,.T.);
#13741 = CIRCLE('',#13742,0.535);
#13742 = AXIS2_PLACEMENT_3D('',#13743,#13744,#13745);
#13743 = CARTESIAN_POINT('',(36.247287055368,0.,6.819623930628));
#13744 = DIRECTION('',(0.104528463268,-0.,0.994521895368));
#13745 = DIRECTION('',(0.994521895368,0.,-0.104528463268));
#13746 = ORIENTED_EDGE('',*,*,#13732,.T.);
#13747 = CYLINDRICAL_SURFACE('',#13748,0.535);
#13748 = AXIS2_PLACEMENT_3D('',#13749,#13750,#13751);
#13749 = CARTESIAN_POINT('',(36.247287055368,0.,6.819623930628));
#13750 = DIRECTION('',(0.104528463268,0.,0.994521895368));
#13751 = DIRECTION('',(0.994521895368,0.,-0.104528463268));
#13752 = ADVANCED_FACE('',(#13753),#13756,.T.);
#13753 = FACE_BOUND('',#13754,.T.);
#13754 = EDGE_LOOP('',(#13755));
#13755 = ORIENTED_EDGE('',*,*,#13723,.T.);
#13756 = PLANE('',#13757);
#13757 = AXIS2_PLACEMENT_3D('',#13758,#13759,#13760);
#13758 = CARTESIAN_POINT('',(36.273419171185,0.,7.06825440447));
#13759 = DIRECTION('',(0.104528463268,0.,0.994521895368));
#13760 = DIRECTION('',(0.994521895368,0.,-0.104528463268));
#13761 = ADVANCED_FACE('',(#13762),#13765,.F.);
#13762 = FACE_BOUND('',#13763,.T.);
#13763 = EDGE_LOOP('',(#13764));
#13764 = ORIENTED_EDGE('',*,*,#13740,.F.);
#13765 = PLANE('',#13766);
#13766 = AXIS2_PLACEMENT_3D('',#13767,#13768,#13769);
#13767 = CARTESIAN_POINT('',(36.247287055368,0.,6.819623930628));
#13768 = DIRECTION('',(0.104528463268,0.,0.994521895368));
#13769 = DIRECTION('',(0.994521895368,0.,-0.104528463268));
#13770 = MANIFOLD_SOLID_BREP('',#13771);
#13771 = CLOSED_SHELL('',(#13772,#13805,#13814));
#13772 = ADVANCED_FACE('',(#13773),#13800,.T.);
#13773 = FACE_BOUND('',#13774,.T.);
#13774 = EDGE_LOOP('',(#13775,#13784,#13792,#13799));
#13775 = ORIENTED_EDGE('',*,*,#13776,.F.);
#13776 = EDGE_CURVE('',#13777,#13777,#13779,.T.);
#13777 = VERTEX_POINT('',#13778);
#13778 = CARTESIAN_POINT('',(36.806487184661,-8.082668874373E-17,
    8.983022926514));
#13779 = CIRCLE('',#13780,0.33);
#13780 = AXIS2_PLACEMENT_3D('',#13781,#13782,#13783);
#13781 = CARTESIAN_POINT('',(36.47829495919,0.,9.017517319392));
#13782 = DIRECTION('',(0.104528463268,-0.,0.994521895368));
#13783 = DIRECTION('',(0.994521895368,0.,-0.104528463268));
#13784 = ORIENTED_EDGE('',*,*,#13785,.F.);
#13785 = EDGE_CURVE('',#13786,#13777,#13788,.T.);
#13786 = VERTEX_POINT('',#13787);
#13787 = CARTESIAN_POINT('',(36.57547928084,-8.082668874373E-17,
    6.78512953775));
#13788 = LINE('',#13789,#13790);
#13789 = CARTESIAN_POINT('',(36.57547928084,-8.082668874373E-17,
    6.78512953775));
#13790 = VECTOR('',#13791,1.);
#13791 = DIRECTION('',(0.104528463268,0.,0.994521895368));
#13792 = ORIENTED_EDGE('',*,*,#13793,.T.);
#13793 = EDGE_CURVE('',#13786,#13786,#13794,.T.);
#13794 = CIRCLE('',#13795,0.33);
#13795 = AXIS2_PLACEMENT_3D('',#13796,#13797,#13798);
#13796 = CARTESIAN_POINT('',(36.247287055368,0.,6.819623930628));
#13797 = DIRECTION('',(0.104528463268,-0.,0.994521895368));
#13798 = DIRECTION('',(0.994521895368,0.,-0.104528463268));
#13799 = ORIENTED_EDGE('',*,*,#13785,.T.);
#13800 = CYLINDRICAL_SURFACE('',#13801,0.33);
#13801 = AXIS2_PLACEMENT_3D('',#13802,#13803,#13804);
#13802 = CARTESIAN_POINT('',(36.247287055368,0.,6.819623930628));
#13803 = DIRECTION('',(0.104528463268,0.,0.994521895368));
#13804 = DIRECTION('',(0.994521895368,0.,-0.104528463268));
#13805 = ADVANCED_FACE('',(#13806),#13809,.T.);
#13806 = FACE_BOUND('',#13807,.T.);
#13807 = EDGE_LOOP('',(#13808));
#13808 = ORIENTED_EDGE('',*,*,#13776,.T.);
#13809 = PLANE('',#13810);
#13810 = AXIS2_PLACEMENT_3D('',#13811,#13812,#13813);
#13811 = CARTESIAN_POINT('',(36.47829495919,0.,9.017517319392));
#13812 = DIRECTION('',(0.104528463268,0.,0.994521895368));
#13813 = DIRECTION('',(0.994521895368,0.,-0.104528463268));
#13814 = ADVANCED_FACE('',(#13815),#13818,.F.);
#13815 = FACE_BOUND('',#13816,.T.);
#13816 = EDGE_LOOP('',(#13817));
#13817 = ORIENTED_EDGE('',*,*,#13793,.F.);
#13818 = PLANE('',#13819);
#13819 = AXIS2_PLACEMENT_3D('',#13820,#13821,#13822);
#13820 = CARTESIAN_POINT('',(36.247287055368,0.,6.819623930628));
#13821 = DIRECTION('',(0.104528463268,0.,0.994521895368));
#13822 = DIRECTION('',(0.994521895368,0.,-0.104528463268));
#13823 = MANIFOLD_SOLID_BREP('',#13824);
#13824 = CLOSED_SHELL('',(#13825,#13858,#13867));
#13825 = ADVANCED_FACE('',(#13826),#13853,.T.);
#13826 = FACE_BOUND('',#13827,.T.);
#13827 = EDGE_LOOP('',(#13828,#13837,#13845,#13852));
#13828 = ORIENTED_EDGE('',*,*,#13829,.F.);
#13829 = EDGE_CURVE('',#13830,#13830,#13832,.T.);
#13830 = VERTEX_POINT('',#13831);
#13831 = CARTESIAN_POINT('',(38.068531192325,-1.310372075088E-16,
    6.879580528272));
#13832 = CIRCLE('',#13833,0.535);
#13833 = AXIS2_PLACEMENT_3D('',#13834,#13835,#13836);
#13834 = CARTESIAN_POINT('',(37.536461978303,0.,6.93550325612));
#13835 = DIRECTION('',(0.104528463268,-0.,0.994521895368));
#13836 = DIRECTION('',(0.994521895368,0.,-0.104528463268));
#13837 = ORIENTED_EDGE('',*,*,#13838,.F.);
#13838 = EDGE_CURVE('',#13839,#13830,#13841,.T.);
#13839 = VERTEX_POINT('',#13840);
#13840 = CARTESIAN_POINT('',(38.042399076508,-1.310372075088E-16,
    6.63095005443));
#13841 = LINE('',#13842,#13843);
#13842 = CARTESIAN_POINT('',(38.042399076508,-1.310372075088E-16,
    6.63095005443));
#13843 = VECTOR('',#13844,1.);
#13844 = DIRECTION('',(0.104528463268,0.,0.994521895368));
#13845 = ORIENTED_EDGE('',*,*,#13846,.T.);
#13846 = EDGE_CURVE('',#13839,#13839,#13847,.T.);
#13847 = CIRCLE('',#13848,0.535);
#13848 = AXIS2_PLACEMENT_3D('',#13849,#13850,#13851);
#13849 = CARTESIAN_POINT('',(37.510329862486,0.,6.686872782278));
#13850 = DIRECTION('',(0.104528463268,-0.,0.994521895368));
#13851 = DIRECTION('',(0.994521895368,0.,-0.104528463268));
#13852 = ORIENTED_EDGE('',*,*,#13838,.T.);
#13853 = CYLINDRICAL_SURFACE('',#13854,0.535);
#13854 = AXIS2_PLACEMENT_3D('',#13855,#13856,#13857);
#13855 = CARTESIAN_POINT('',(37.510329862486,0.,6.686872782278));
#13856 = DIRECTION('',(0.104528463268,0.,0.994521895368));
#13857 = DIRECTION('',(0.994521895368,0.,-0.104528463268));
#13858 = ADVANCED_FACE('',(#13859),#13862,.T.);
#13859 = FACE_BOUND('',#13860,.T.);
#13860 = EDGE_LOOP('',(#13861));
#13861 = ORIENTED_EDGE('',*,*,#13829,.T.);
#13862 = PLANE('',#13863);
#13863 = AXIS2_PLACEMENT_3D('',#13864,#13865,#13866);
#13864 = CARTESIAN_POINT('',(37.536461978303,0.,6.93550325612));
#13865 = DIRECTION('',(0.104528463268,0.,0.994521895368));
#13866 = DIRECTION('',(0.994521895368,0.,-0.104528463268));
#13867 = ADVANCED_FACE('',(#13868),#13871,.F.);
#13868 = FACE_BOUND('',#13869,.T.);
#13869 = EDGE_LOOP('',(#13870));
#13870 = ORIENTED_EDGE('',*,*,#13846,.F.);
#13871 = PLANE('',#13872);
#13872 = AXIS2_PLACEMENT_3D('',#13873,#13874,#13875);
#13873 = CARTESIAN_POINT('',(37.510329862486,0.,6.686872782278));
#13874 = DIRECTION('',(0.104528463268,0.,0.994521895368));
#13875 = DIRECTION('',(0.994521895368,0.,-0.104528463268));
#13876 = MANIFOLD_SOLID_BREP('',#13877);
#13877 = CLOSED_SHELL('',(#13878,#13911,#13920));
#13878 = ADVANCED_FACE('',(#13879),#13906,.T.);
#13879 = FACE_BOUND('',#13880,.T.);
#13880 = EDGE_LOOP('',(#13881,#13890,#13898,#13905));
#13881 = ORIENTED_EDGE('',*,*,#13882,.F.);
#13882 = EDGE_CURVE('',#13883,#13883,#13885,.T.);
#13883 = VERTEX_POINT('',#13884);
#13884 = CARTESIAN_POINT('',(38.069529991779,-8.082668874373E-17,
    8.850271778164));
#13885 = CIRCLE('',#13886,0.33);
#13886 = AXIS2_PLACEMENT_3D('',#13887,#13888,#13889);
#13887 = CARTESIAN_POINT('',(37.741337766308,0.,8.884766171042));
#13888 = DIRECTION('',(0.104528463268,-0.,0.994521895368));
#13889 = DIRECTION('',(0.994521895368,0.,-0.104528463268));
#13890 = ORIENTED_EDGE('',*,*,#13891,.F.);
#13891 = EDGE_CURVE('',#13892,#13883,#13894,.T.);
#13892 = VERTEX_POINT('',#13893);
#13893 = CARTESIAN_POINT('',(37.838522087958,-8.082668874373E-17,
    6.6523783894));
#13894 = LINE('',#13895,#13896);
#13895 = CARTESIAN_POINT('',(37.838522087958,-8.082668874373E-17,
    6.6523783894));
#13896 = VECTOR('',#13897,1.);
#13897 = DIRECTION('',(0.104528463268,0.,0.994521895368));
#13898 = ORIENTED_EDGE('',*,*,#13899,.T.);
#13899 = EDGE_CURVE('',#13892,#13892,#13900,.T.);
#13900 = CIRCLE('',#13901,0.33);
#13901 = AXIS2_PLACEMENT_3D('',#13902,#13903,#13904);
#13902 = CARTESIAN_POINT('',(37.510329862486,0.,6.686872782278));
#13903 = DIRECTION('',(0.104528463268,-0.,0.994521895368));
#13904 = DIRECTION('',(0.994521895368,0.,-0.104528463268));
#13905 = ORIENTED_EDGE('',*,*,#13891,.T.);
#13906 = CYLINDRICAL_SURFACE('',#13907,0.33);
#13907 = AXIS2_PLACEMENT_3D('',#13908,#13909,#13910);
#13908 = CARTESIAN_POINT('',(37.510329862486,0.,6.686872782278));
#13909 = DIRECTION('',(0.104528463268,0.,0.994521895368));
#13910 = DIRECTION('',(0.994521895368,0.,-0.104528463268));
#13911 = ADVANCED_FACE('',(#13912),#13915,.T.);
#13912 = FACE_BOUND('',#13913,.T.);
#13913 = EDGE_LOOP('',(#13914));
#13914 = ORIENTED_EDGE('',*,*,#13882,.T.);
#13915 = PLANE('',#13916);
#13916 = AXIS2_PLACEMENT_3D('',#13917,#13918,#13919);
#13917 = CARTESIAN_POINT('',(37.741337766308,0.,8.884766171042));
#13918 = DIRECTION('',(0.104528463268,0.,0.994521895368));
#13919 = DIRECTION('',(0.994521895368,0.,-0.104528463268));
#13920 = ADVANCED_FACE('',(#13921),#13924,.F.);
#13921 = FACE_BOUND('',#13922,.T.);
#13922 = EDGE_LOOP('',(#13923));
#13923 = ORIENTED_EDGE('',*,*,#13899,.F.);
#13924 = PLANE('',#13925);
#13925 = AXIS2_PLACEMENT_3D('',#13926,#13927,#13928);
#13926 = CARTESIAN_POINT('',(37.510329862486,0.,6.686872782278));
#13927 = DIRECTION('',(0.104528463268,0.,0.994521895368));
#13928 = DIRECTION('',(0.994521895368,0.,-0.104528463268));
#13929 = MANIFOLD_SOLID_BREP('',#13930);
#13930 = CLOSED_SHELL('',(#13931,#13964,#13973));
#13931 = ADVANCED_FACE('',(#13932),#13959,.T.);
#13932 = FACE_BOUND('',#13933,.T.);
#13933 = EDGE_LOOP('',(#13934,#13943,#13951,#13958));
#13934 = ORIENTED_EDGE('',*,*,#13935,.F.);
#13935 = EDGE_CURVE('',#13936,#13936,#13938,.T.);
#13936 = VERTEX_POINT('',#13937);
#13937 = CARTESIAN_POINT('',(39.331573999443,-1.310372075088E-16,
    6.746829379922));
#13938 = CIRCLE('',#13939,0.535);
#13939 = AXIS2_PLACEMENT_3D('',#13940,#13941,#13942);
#13940 = CARTESIAN_POINT('',(38.799504785421,0.,6.80275210777));
#13941 = DIRECTION('',(0.104528463268,-0.,0.994521895368));
#13942 = DIRECTION('',(0.994521895368,0.,-0.104528463268));
#13943 = ORIENTED_EDGE('',*,*,#13944,.F.);
#13944 = EDGE_CURVE('',#13945,#13936,#13947,.T.);
#13945 = VERTEX_POINT('',#13946);
#13946 = CARTESIAN_POINT('',(39.305441883626,-1.310372075088E-16,
    6.49819890608));
#13947 = LINE('',#13948,#13949);
#13948 = CARTESIAN_POINT('',(39.305441883626,-1.310372075088E-16,
    6.49819890608));
#13949 = VECTOR('',#13950,1.);
#13950 = DIRECTION('',(0.104528463268,0.,0.994521895368));
#13951 = ORIENTED_EDGE('',*,*,#13952,.T.);
#13952 = EDGE_CURVE('',#13945,#13945,#13953,.T.);
#13953 = CIRCLE('',#13954,0.535);
#13954 = AXIS2_PLACEMENT_3D('',#13955,#13956,#13957);
#13955 = CARTESIAN_POINT('',(38.773372669604,0.,6.554121633928));
#13956 = DIRECTION('',(0.104528463268,-0.,0.994521895368));
#13957 = DIRECTION('',(0.994521895368,0.,-0.104528463268));
#13958 = ORIENTED_EDGE('',*,*,#13944,.T.);
#13959 = CYLINDRICAL_SURFACE('',#13960,0.535);
#13960 = AXIS2_PLACEMENT_3D('',#13961,#13962,#13963);
#13961 = CARTESIAN_POINT('',(38.773372669604,0.,6.554121633928));
#13962 = DIRECTION('',(0.104528463268,0.,0.994521895368));
#13963 = DIRECTION('',(0.994521895368,0.,-0.104528463268));
#13964 = ADVANCED_FACE('',(#13965),#13968,.T.);
#13965 = FACE_BOUND('',#13966,.T.);
#13966 = EDGE_LOOP('',(#13967));
#13967 = ORIENTED_EDGE('',*,*,#13935,.T.);
#13968 = PLANE('',#13969);
#13969 = AXIS2_PLACEMENT_3D('',#13970,#13971,#13972);
#13970 = CARTESIAN_POINT('',(38.799504785421,0.,6.80275210777));
#13971 = DIRECTION('',(0.104528463268,0.,0.994521895368));
#13972 = DIRECTION('',(0.994521895368,0.,-0.104528463268));
#13973 = ADVANCED_FACE('',(#13974),#13977,.F.);
#13974 = FACE_BOUND('',#13975,.T.);
#13975 = EDGE_LOOP('',(#13976));
#13976 = ORIENTED_EDGE('',*,*,#13952,.F.);
#13977 = PLANE('',#13978);
#13978 = AXIS2_PLACEMENT_3D('',#13979,#13980,#13981);
#13979 = CARTESIAN_POINT('',(38.773372669604,0.,6.554121633928));
#13980 = DIRECTION('',(0.104528463268,0.,0.994521895368));
#13981 = DIRECTION('',(0.994521895368,0.,-0.104528463268));
#13982 = MANIFOLD_SOLID_BREP('',#13983);
#13983 = CLOSED_SHELL('',(#13984,#14017,#14026));
#13984 = ADVANCED_FACE('',(#13985),#14012,.T.);
#13985 = FACE_BOUND('',#13986,.T.);
#13986 = EDGE_LOOP('',(#13987,#13996,#14004,#14011));
#13987 = ORIENTED_EDGE('',*,*,#13988,.F.);
#13988 = EDGE_CURVE('',#13989,#13989,#13991,.T.);
#13989 = VERTEX_POINT('',#13990);
#13990 = CARTESIAN_POINT('',(39.332572798897,-8.082668874373E-17,
    8.717520629814));
#13991 = CIRCLE('',#13992,0.33);
#13992 = AXIS2_PLACEMENT_3D('',#13993,#13994,#13995);
#13993 = CARTESIAN_POINT('',(39.004380573425,0.,8.752015022692));
#13994 = DIRECTION('',(0.104528463268,-0.,0.994521895368));
#13995 = DIRECTION('',(0.994521895368,0.,-0.104528463268));
#13996 = ORIENTED_EDGE('',*,*,#13997,.F.);
#13997 = EDGE_CURVE('',#13998,#13989,#14000,.T.);
#13998 = VERTEX_POINT('',#13999);
#13999 = CARTESIAN_POINT('',(39.101564895075,-8.082668874373E-17,
    6.51962724105));
#14000 = LINE('',#14001,#14002);
#14001 = CARTESIAN_POINT('',(39.101564895075,-8.082668874373E-17,
    6.51962724105));
#14002 = VECTOR('',#14003,1.);
#14003 = DIRECTION('',(0.104528463268,0.,0.994521895368));
#14004 = ORIENTED_EDGE('',*,*,#14005,.T.);
#14005 = EDGE_CURVE('',#13998,#13998,#14006,.T.);
#14006 = CIRCLE('',#14007,0.33);
#14007 = AXIS2_PLACEMENT_3D('',#14008,#14009,#14010);
#14008 = CARTESIAN_POINT('',(38.773372669604,0.,6.554121633928));
#14009 = DIRECTION('',(0.104528463268,-0.,0.994521895368));
#14010 = DIRECTION('',(0.994521895368,0.,-0.104528463268));
#14011 = ORIENTED_EDGE('',*,*,#13997,.T.);
#14012 = CYLINDRICAL_SURFACE('',#14013,0.33);
#14013 = AXIS2_PLACEMENT_3D('',#14014,#14015,#14016);
#14014 = CARTESIAN_POINT('',(38.773372669604,0.,6.554121633928));
#14015 = DIRECTION('',(0.104528463268,0.,0.994521895368));
#14016 = DIRECTION('',(0.994521895368,0.,-0.104528463268));
#14017 = ADVANCED_FACE('',(#14018),#14021,.T.);
#14018 = FACE_BOUND('',#14019,.T.);
#14019 = EDGE_LOOP('',(#14020));
#14020 = ORIENTED_EDGE('',*,*,#13988,.T.);
#14021 = PLANE('',#14022);
#14022 = AXIS2_PLACEMENT_3D('',#14023,#14024,#14025);
#14023 = CARTESIAN_POINT('',(39.004380573425,0.,8.752015022692));
#14024 = DIRECTION('',(0.104528463268,0.,0.994521895368));
#14025 = DIRECTION('',(0.994521895368,0.,-0.104528463268));
#14026 = ADVANCED_FACE('',(#14027),#14030,.F.);
#14027 = FACE_BOUND('',#14028,.T.);
#14028 = EDGE_LOOP('',(#14029));
#14029 = ORIENTED_EDGE('',*,*,#14005,.F.);
#14030 = PLANE('',#14031);
#14031 = AXIS2_PLACEMENT_3D('',#14032,#14033,#14034);
#14032 = CARTESIAN_POINT('',(38.773372669604,0.,6.554121633928));
#14033 = DIRECTION('',(0.104528463268,0.,0.994521895368));
#14034 = DIRECTION('',(0.994521895368,0.,-0.104528463268));
#14035 = MANIFOLD_SOLID_BREP('',#14036);
#14036 = CLOSED_SHELL('',(#14037,#14070,#14079));
#14037 = ADVANCED_FACE('',(#14038),#14065,.T.);
#14038 = FACE_BOUND('',#14039,.T.);
#14039 = EDGE_LOOP('',(#14040,#14049,#14057,#14064));
#14040 = ORIENTED_EDGE('',*,*,#14041,.F.);
#14041 = EDGE_CURVE('',#14042,#14042,#14044,.T.);
#14042 = VERTEX_POINT('',#14043);
#14043 = CARTESIAN_POINT('',(40.59461680656,-1.310372075088E-16,
    6.614078231572));
#14044 = CIRCLE('',#14045,0.535);
#14045 = AXIS2_PLACEMENT_3D('',#14046,#14047,#14048);
#14046 = CARTESIAN_POINT('',(40.062547592538,0.,6.67000095942));
#14047 = DIRECTION('',(0.104528463268,-0.,0.994521895368));
#14048 = DIRECTION('',(0.994521895368,0.,-0.104528463268));
#14049 = ORIENTED_EDGE('',*,*,#14050,.F.);
#14050 = EDGE_CURVE('',#14051,#14042,#14053,.T.);
#14051 = VERTEX_POINT('',#14052);
#14052 = CARTESIAN_POINT('',(40.568484690743,-1.310372075088E-16,
    6.36544775773));
#14053 = LINE('',#14054,#14055);
#14054 = CARTESIAN_POINT('',(40.568484690743,-1.310372075088E-16,
    6.36544775773));
#14055 = VECTOR('',#14056,1.);
#14056 = DIRECTION('',(0.104528463268,0.,0.994521895368));
#14057 = ORIENTED_EDGE('',*,*,#14058,.T.);
#14058 = EDGE_CURVE('',#14051,#14051,#14059,.T.);
#14059 = CIRCLE('',#14060,0.535);
#14060 = AXIS2_PLACEMENT_3D('',#14061,#14062,#14063);
#14061 = CARTESIAN_POINT('',(40.036415476721,0.,6.421370485578));
#14062 = DIRECTION('',(0.104528463268,-0.,0.994521895368));
#14063 = DIRECTION('',(0.994521895368,0.,-0.104528463268));
#14064 = ORIENTED_EDGE('',*,*,#14050,.T.);
#14065 = CYLINDRICAL_SURFACE('',#14066,0.535);
#14066 = AXIS2_PLACEMENT_3D('',#14067,#14068,#14069);
#14067 = CARTESIAN_POINT('',(40.036415476721,0.,6.421370485578));
#14068 = DIRECTION('',(0.104528463268,0.,0.994521895368));
#14069 = DIRECTION('',(0.994521895368,0.,-0.104528463268));
#14070 = ADVANCED_FACE('',(#14071),#14074,.T.);
#14071 = FACE_BOUND('',#14072,.T.);
#14072 = EDGE_LOOP('',(#14073));
#14073 = ORIENTED_EDGE('',*,*,#14041,.T.);
#14074 = PLANE('',#14075);
#14075 = AXIS2_PLACEMENT_3D('',#14076,#14077,#14078);
#14076 = CARTESIAN_POINT('',(40.062547592538,0.,6.67000095942));
#14077 = DIRECTION('',(0.104528463268,0.,0.994521895368));
#14078 = DIRECTION('',(0.994521895368,0.,-0.104528463268));
#14079 = ADVANCED_FACE('',(#14080),#14083,.F.);
#14080 = FACE_BOUND('',#14081,.T.);
#14081 = EDGE_LOOP('',(#14082));
#14082 = ORIENTED_EDGE('',*,*,#14058,.F.);
#14083 = PLANE('',#14084);
#14084 = AXIS2_PLACEMENT_3D('',#14085,#14086,#14087);
#14085 = CARTESIAN_POINT('',(40.036415476721,0.,6.421370485578));
#14086 = DIRECTION('',(0.104528463268,0.,0.994521895368));
#14087 = DIRECTION('',(0.994521895368,0.,-0.104528463268));
#14088 = MANIFOLD_SOLID_BREP('',#14089);
#14089 = CLOSED_SHELL('',(#14090,#14123,#14132));
#14090 = ADVANCED_FACE('',(#14091),#14118,.T.);
#14091 = FACE_BOUND('',#14092,.T.);
#14092 = EDGE_LOOP('',(#14093,#14102,#14110,#14117));
#14093 = ORIENTED_EDGE('',*,*,#14094,.F.);
#14094 = EDGE_CURVE('',#14095,#14095,#14097,.T.);
#14095 = VERTEX_POINT('',#14096);
#14096 = CARTESIAN_POINT('',(40.595615606014,-8.082668874373E-17,
    8.584769481464));
#14097 = CIRCLE('',#14098,0.33);
#14098 = AXIS2_PLACEMENT_3D('',#14099,#14100,#14101);
#14099 = CARTESIAN_POINT('',(40.267423380543,0.,8.619263874342));
#14100 = DIRECTION('',(0.104528463268,-0.,0.994521895368));
#14101 = DIRECTION('',(0.994521895368,0.,-0.104528463268));
#14102 = ORIENTED_EDGE('',*,*,#14103,.F.);
#14103 = EDGE_CURVE('',#14104,#14095,#14106,.T.);
#14104 = VERTEX_POINT('',#14105);
#14105 = CARTESIAN_POINT('',(40.364607702193,-8.082668874373E-17,
    6.3868760927));
#14106 = LINE('',#14107,#14108);
#14107 = CARTESIAN_POINT('',(40.364607702193,-8.082668874373E-17,
    6.3868760927));
#14108 = VECTOR('',#14109,1.);
#14109 = DIRECTION('',(0.104528463268,0.,0.994521895368));
#14110 = ORIENTED_EDGE('',*,*,#14111,.T.);
#14111 = EDGE_CURVE('',#14104,#14104,#14112,.T.);
#14112 = CIRCLE('',#14113,0.33);
#14113 = AXIS2_PLACEMENT_3D('',#14114,#14115,#14116);
#14114 = CARTESIAN_POINT('',(40.036415476721,0.,6.421370485578));
#14115 = DIRECTION('',(0.104528463268,-0.,0.994521895368));
#14116 = DIRECTION('',(0.994521895368,0.,-0.104528463268));
#14117 = ORIENTED_EDGE('',*,*,#14103,.T.);
#14118 = CYLINDRICAL_SURFACE('',#14119,0.33);
#14119 = AXIS2_PLACEMENT_3D('',#14120,#14121,#14122);
#14120 = CARTESIAN_POINT('',(40.036415476721,0.,6.421370485578));
#14121 = DIRECTION('',(0.104528463268,0.,0.994521895368));
#14122 = DIRECTION('',(0.994521895368,0.,-0.104528463268));
#14123 = ADVANCED_FACE('',(#14124),#14127,.T.);
#14124 = FACE_BOUND('',#14125,.T.);
#14125 = EDGE_LOOP('',(#14126));
#14126 = ORIENTED_EDGE('',*,*,#14094,.T.);
#14127 = PLANE('',#14128);
#14128 = AXIS2_PLACEMENT_3D('',#14129,#14130,#14131);
#14129 = CARTESIAN_POINT('',(40.267423380543,0.,8.619263874342));
#14130 = DIRECTION('',(0.104528463268,0.,0.994521895368));
#14131 = DIRECTION('',(0.994521895368,0.,-0.104528463268));
#14132 = ADVANCED_FACE('',(#14133),#14136,.F.);
#14133 = FACE_BOUND('',#14134,.T.);
#14134 = EDGE_LOOP('',(#14135));
#14135 = ORIENTED_EDGE('',*,*,#14111,.F.);
#14136 = PLANE('',#14137);
#14137 = AXIS2_PLACEMENT_3D('',#14138,#14139,#14140);
#14138 = CARTESIAN_POINT('',(40.036415476721,0.,6.421370485578));
#14139 = DIRECTION('',(0.104528463268,0.,0.994521895368));
#14140 = DIRECTION('',(0.994521895368,0.,-0.104528463268));
#14141 = MANIFOLD_SOLID_BREP('',#14142);
#14142 = CLOSED_SHELL('',(#14143,#14176,#14185));
#14143 = ADVANCED_FACE('',(#14144),#14171,.T.);
#14144 = FACE_BOUND('',#14145,.T.);
#14145 = EDGE_LOOP('',(#14146,#14155,#14163,#14170));
#14146 = ORIENTED_EDGE('',*,*,#14147,.F.);
#14147 = EDGE_CURVE('',#14148,#14148,#14150,.T.);
#14148 = VERTEX_POINT('',#14149);
#14149 = CARTESIAN_POINT('',(41.857659613678,-1.310372075088E-16,
    6.481327083222));
#14150 = CIRCLE('',#14151,0.535);
#14151 = AXIS2_PLACEMENT_3D('',#14152,#14153,#14154);
#14152 = CARTESIAN_POINT('',(41.325590399656,0.,6.53724981107));
#14153 = DIRECTION('',(0.104528463268,-0.,0.994521895368));
#14154 = DIRECTION('',(0.994521895368,0.,-0.104528463268));
#14155 = ORIENTED_EDGE('',*,*,#14156,.F.);
#14156 = EDGE_CURVE('',#14157,#14148,#14159,.T.);
#14157 = VERTEX_POINT('',#14158);
#14158 = CARTESIAN_POINT('',(41.831527497861,-1.310372075088E-16,
    6.23269660938));
#14159 = LINE('',#14160,#14161);
#14160 = CARTESIAN_POINT('',(41.831527497861,-1.310372075088E-16,
    6.23269660938));
#14161 = VECTOR('',#14162,1.);
#14162 = DIRECTION('',(0.104528463268,0.,0.994521895368));
#14163 = ORIENTED_EDGE('',*,*,#14164,.T.);
#14164 = EDGE_CURVE('',#14157,#14157,#14165,.T.);
#14165 = CIRCLE('',#14166,0.535);
#14166 = AXIS2_PLACEMENT_3D('',#14167,#14168,#14169);
#14167 = CARTESIAN_POINT('',(41.299458283839,0.,6.288619337228));
#14168 = DIRECTION('',(0.104528463268,-0.,0.994521895368));
#14169 = DIRECTION('',(0.994521895368,0.,-0.104528463268));
#14170 = ORIENTED_EDGE('',*,*,#14156,.T.);
#14171 = CYLINDRICAL_SURFACE('',#14172,0.535);
#14172 = AXIS2_PLACEMENT_3D('',#14173,#14174,#14175);
#14173 = CARTESIAN_POINT('',(41.299458283839,0.,6.288619337228));
#14174 = DIRECTION('',(0.104528463268,0.,0.994521895368));
#14175 = DIRECTION('',(0.994521895368,0.,-0.104528463268));
#14176 = ADVANCED_FACE('',(#14177),#14180,.T.);
#14177 = FACE_BOUND('',#14178,.T.);
#14178 = EDGE_LOOP('',(#14179));
#14179 = ORIENTED_EDGE('',*,*,#14147,.T.);
#14180 = PLANE('',#14181);
#14181 = AXIS2_PLACEMENT_3D('',#14182,#14183,#14184);
#14182 = CARTESIAN_POINT('',(41.325590399656,0.,6.53724981107));
#14183 = DIRECTION('',(0.104528463268,0.,0.994521895368));
#14184 = DIRECTION('',(0.994521895368,0.,-0.104528463268));
#14185 = ADVANCED_FACE('',(#14186),#14189,.F.);
#14186 = FACE_BOUND('',#14187,.T.);
#14187 = EDGE_LOOP('',(#14188));
#14188 = ORIENTED_EDGE('',*,*,#14164,.F.);
#14189 = PLANE('',#14190);
#14190 = AXIS2_PLACEMENT_3D('',#14191,#14192,#14193);
#14191 = CARTESIAN_POINT('',(41.299458283839,0.,6.288619337228));
#14192 = DIRECTION('',(0.104528463268,0.,0.994521895368));
#14193 = DIRECTION('',(0.994521895368,0.,-0.104528463268));
#14194 = MANIFOLD_SOLID_BREP('',#14195);
#14195 = CLOSED_SHELL('',(#14196,#14229,#14238));
#14196 = ADVANCED_FACE('',(#14197),#14224,.T.);
#14197 = FACE_BOUND('',#14198,.T.);
#14198 = EDGE_LOOP('',(#14199,#14208,#14216,#14223));
#14199 = ORIENTED_EDGE('',*,*,#14200,.F.);
#14200 = EDGE_CURVE('',#14201,#14201,#14203,.T.);
#14201 = VERTEX_POINT('',#14202);
#14202 = CARTESIAN_POINT('',(41.858658413132,-8.082668874373E-17,
    8.452018333114));
#14203 = CIRCLE('',#14204,0.33);
#14204 = AXIS2_PLACEMENT_3D('',#14205,#14206,#14207);
#14205 = CARTESIAN_POINT('',(41.530466187661,0.,8.486512725992));
#14206 = DIRECTION('',(0.104528463268,-0.,0.994521895368));
#14207 = DIRECTION('',(0.994521895368,0.,-0.104528463268));
#14208 = ORIENTED_EDGE('',*,*,#14209,.F.);
#14209 = EDGE_CURVE('',#14210,#14201,#14212,.T.);
#14210 = VERTEX_POINT('',#14211);
#14211 = CARTESIAN_POINT('',(41.627650509311,-8.082668874373E-17,
    6.25412494435));
#14212 = LINE('',#14213,#14214);
#14213 = CARTESIAN_POINT('',(41.627650509311,-8.082668874373E-17,
    6.25412494435));
#14214 = VECTOR('',#14215,1.);
#14215 = DIRECTION('',(0.104528463268,0.,0.994521895368));
#14216 = ORIENTED_EDGE('',*,*,#14217,.T.);
#14217 = EDGE_CURVE('',#14210,#14210,#14218,.T.);
#14218 = CIRCLE('',#14219,0.33);
#14219 = AXIS2_PLACEMENT_3D('',#14220,#14221,#14222);
#14220 = CARTESIAN_POINT('',(41.299458283839,0.,6.288619337228));
#14221 = DIRECTION('',(0.104528463268,-0.,0.994521895368));
#14222 = DIRECTION('',(0.994521895368,0.,-0.104528463268));
#14223 = ORIENTED_EDGE('',*,*,#14209,.T.);
#14224 = CYLINDRICAL_SURFACE('',#14225,0.33);
#14225 = AXIS2_PLACEMENT_3D('',#14226,#14227,#14228);
#14226 = CARTESIAN_POINT('',(41.299458283839,0.,6.288619337228));
#14227 = DIRECTION('',(0.104528463268,0.,0.994521895368));
#14228 = DIRECTION('',(0.994521895368,0.,-0.104528463268));
#14229 = ADVANCED_FACE('',(#14230),#14233,.T.);
#14230 = FACE_BOUND('',#14231,.T.);
#14231 = EDGE_LOOP('',(#14232));
#14232 = ORIENTED_EDGE('',*,*,#14200,.T.);
#14233 = PLANE('',#14234);
#14234 = AXIS2_PLACEMENT_3D('',#14235,#14236,#14237);
#14235 = CARTESIAN_POINT('',(41.530466187661,0.,8.486512725992));
#14236 = DIRECTION('',(0.104528463268,0.,0.994521895368));
#14237 = DIRECTION('',(0.994521895368,0.,-0.104528463268));
#14238 = ADVANCED_FACE('',(#14239),#14242,.F.);
#14239 = FACE_BOUND('',#14240,.T.);
#14240 = EDGE_LOOP('',(#14241));
#14241 = ORIENTED_EDGE('',*,*,#14217,.F.);
#14242 = PLANE('',#14243);
#14243 = AXIS2_PLACEMENT_3D('',#14244,#14245,#14246);
#14244 = CARTESIAN_POINT('',(41.299458283839,0.,6.288619337228));
#14245 = DIRECTION('',(0.104528463268,0.,0.994521895368));
#14246 = DIRECTION('',(0.994521895368,0.,-0.104528463268));
#14247 = MANIFOLD_SOLID_BREP('',#14248);
#14248 = CLOSED_SHELL('',(#14249,#14282,#14291));
#14249 = ADVANCED_FACE('',(#14250),#14277,.T.);
#14250 = FACE_BOUND('',#14251,.T.);
#14251 = EDGE_LOOP('',(#14252,#14261,#14269,#14276));
#14252 = ORIENTED_EDGE('',*,*,#14253,.F.);
#14253 = EDGE_CURVE('',#14254,#14254,#14256,.T.);
#14254 = VERTEX_POINT('',#14255);
#14255 = CARTESIAN_POINT('',(43.120702420796,-1.310372075088E-16,
    6.348575934872));
#14256 = CIRCLE('',#14257,0.535);
#14257 = AXIS2_PLACEMENT_3D('',#14258,#14259,#14260);
#14258 = CARTESIAN_POINT('',(42.588633206774,0.,6.40449866272));
#14259 = DIRECTION('',(0.104528463268,-0.,0.994521895368));
#14260 = DIRECTION('',(0.994521895368,0.,-0.104528463268));
#14261 = ORIENTED_EDGE('',*,*,#14262,.F.);
#14262 = EDGE_CURVE('',#14263,#14254,#14265,.T.);
#14263 = VERTEX_POINT('',#14264);
#14264 = CARTESIAN_POINT('',(43.094570304979,-1.310372075088E-16,
    6.09994546103));
#14265 = LINE('',#14266,#14267);
#14266 = CARTESIAN_POINT('',(43.094570304979,-1.310372075088E-16,
    6.09994546103));
#14267 = VECTOR('',#14268,1.);
#14268 = DIRECTION('',(0.104528463268,0.,0.994521895368));
#14269 = ORIENTED_EDGE('',*,*,#14270,.T.);
#14270 = EDGE_CURVE('',#14263,#14263,#14271,.T.);
#14271 = CIRCLE('',#14272,0.535);
#14272 = AXIS2_PLACEMENT_3D('',#14273,#14274,#14275);
#14273 = CARTESIAN_POINT('',(42.562501090957,0.,6.155868188878));
#14274 = DIRECTION('',(0.104528463268,-0.,0.994521895368));
#14275 = DIRECTION('',(0.994521895368,0.,-0.104528463268));
#14276 = ORIENTED_EDGE('',*,*,#14262,.T.);
#14277 = CYLINDRICAL_SURFACE('',#14278,0.535);
#14278 = AXIS2_PLACEMENT_3D('',#14279,#14280,#14281);
#14279 = CARTESIAN_POINT('',(42.562501090957,0.,6.155868188878));
#14280 = DIRECTION('',(0.104528463268,0.,0.994521895368));
#14281 = DIRECTION('',(0.994521895368,0.,-0.104528463268));
#14282 = ADVANCED_FACE('',(#14283),#14286,.T.);
#14283 = FACE_BOUND('',#14284,.T.);
#14284 = EDGE_LOOP('',(#14285));
#14285 = ORIENTED_EDGE('',*,*,#14253,.T.);
#14286 = PLANE('',#14287);
#14287 = AXIS2_PLACEMENT_3D('',#14288,#14289,#14290);
#14288 = CARTESIAN_POINT('',(42.588633206774,0.,6.40449866272));
#14289 = DIRECTION('',(0.104528463268,0.,0.994521895368));
#14290 = DIRECTION('',(0.994521895368,0.,-0.104528463268));
#14291 = ADVANCED_FACE('',(#14292),#14295,.F.);
#14292 = FACE_BOUND('',#14293,.T.);
#14293 = EDGE_LOOP('',(#14294));
#14294 = ORIENTED_EDGE('',*,*,#14270,.F.);
#14295 = PLANE('',#14296);
#14296 = AXIS2_PLACEMENT_3D('',#14297,#14298,#14299);
#14297 = CARTESIAN_POINT('',(42.562501090957,0.,6.155868188878));
#14298 = DIRECTION('',(0.104528463268,0.,0.994521895368));
#14299 = DIRECTION('',(0.994521895368,0.,-0.104528463268));
#14300 = MANIFOLD_SOLID_BREP('',#14301);
#14301 = CLOSED_SHELL('',(#14302,#14335,#14344));
#14302 = ADVANCED_FACE('',(#14303),#14330,.T.);
#14303 = FACE_BOUND('',#14304,.T.);
#14304 = EDGE_LOOP('',(#14305,#14314,#14322,#14329));
#14305 = ORIENTED_EDGE('',*,*,#14306,.F.);
#14306 = EDGE_CURVE('',#14307,#14307,#14309,.T.);
#14307 = VERTEX_POINT('',#14308);
#14308 = CARTESIAN_POINT('',(43.12170122025,-8.082668874373E-17,
    8.319267184764));
#14309 = CIRCLE('',#14310,0.33);
#14310 = AXIS2_PLACEMENT_3D('',#14311,#14312,#14313);
#14311 = CARTESIAN_POINT('',(42.793508994778,0.,8.353761577642));
#14312 = DIRECTION('',(0.104528463268,-0.,0.994521895368));
#14313 = DIRECTION('',(0.994521895368,0.,-0.104528463268));
#14314 = ORIENTED_EDGE('',*,*,#14315,.F.);
#14315 = EDGE_CURVE('',#14316,#14307,#14318,.T.);
#14316 = VERTEX_POINT('',#14317);
#14317 = CARTESIAN_POINT('',(42.890693316428,-8.082668874373E-17,
    6.121373796));
#14318 = LINE('',#14319,#14320);
#14319 = CARTESIAN_POINT('',(42.890693316428,-8.082668874373E-17,
    6.121373796));
#14320 = VECTOR('',#14321,1.);
#14321 = DIRECTION('',(0.104528463268,0.,0.994521895368));
#14322 = ORIENTED_EDGE('',*,*,#14323,.T.);
#14323 = EDGE_CURVE('',#14316,#14316,#14324,.T.);
#14324 = CIRCLE('',#14325,0.33);
#14325 = AXIS2_PLACEMENT_3D('',#14326,#14327,#14328);
#14326 = CARTESIAN_POINT('',(42.562501090957,0.,6.155868188878));
#14327 = DIRECTION('',(0.104528463268,-0.,0.994521895368));
#14328 = DIRECTION('',(0.994521895368,0.,-0.104528463268));
#14329 = ORIENTED_EDGE('',*,*,#14315,.T.);
#14330 = CYLINDRICAL_SURFACE('',#14331,0.33);
#14331 = AXIS2_PLACEMENT_3D('',#14332,#14333,#14334);
#14332 = CARTESIAN_POINT('',(42.562501090957,0.,6.155868188878));
#14333 = DIRECTION('',(0.104528463268,0.,0.994521895368));
#14334 = DIRECTION('',(0.994521895368,0.,-0.104528463268));
#14335 = ADVANCED_FACE('',(#14336),#14339,.T.);
#14336 = FACE_BOUND('',#14337,.T.);
#14337 = EDGE_LOOP('',(#14338));
#14338 = ORIENTED_EDGE('',*,*,#14306,.T.);
#14339 = PLANE('',#14340);
#14340 = AXIS2_PLACEMENT_3D('',#14341,#14342,#14343);
#14341 = CARTESIAN_POINT('',(42.793508994778,0.,8.353761577642));
#14342 = DIRECTION('',(0.104528463268,0.,0.994521895368));
#14343 = DIRECTION('',(0.994521895368,0.,-0.104528463268));
#14344 = ADVANCED_FACE('',(#14345),#14348,.F.);
#14345 = FACE_BOUND('',#14346,.T.);
#14346 = EDGE_LOOP('',(#14347));
#14347 = ORIENTED_EDGE('',*,*,#14323,.F.);
#14348 = PLANE('',#14349);
#14349 = AXIS2_PLACEMENT_3D('',#14350,#14351,#14352);
#14350 = CARTESIAN_POINT('',(42.562501090957,0.,6.155868188878));
#14351 = DIRECTION('',(0.104528463268,0.,0.994521895368));
#14352 = DIRECTION('',(0.994521895368,0.,-0.104528463268));
#14353 = MANIFOLD_SOLID_BREP('',#14354);
#14354 = CLOSED_SHELL('',(#14355,#14388,#14397));
#14355 = ADVANCED_FACE('',(#14356),#14383,.T.);
#14356 = FACE_BOUND('',#14357,.T.);
#14357 = EDGE_LOOP('',(#14358,#14367,#14375,#14382));
#14358 = ORIENTED_EDGE('',*,*,#14359,.F.);
#14359 = EDGE_CURVE('',#14360,#14360,#14362,.T.);
#14360 = VERTEX_POINT('',#14361);
#14361 = CARTESIAN_POINT('',(44.383745227914,-1.310372075088E-16,
    6.215824786522));
#14362 = CIRCLE('',#14363,0.535);
#14363 = AXIS2_PLACEMENT_3D('',#14364,#14365,#14366);
#14364 = CARTESIAN_POINT('',(43.851676013891,0.,6.271747514371));
#14365 = DIRECTION('',(0.104528463268,-0.,0.994521895368));
#14366 = DIRECTION('',(0.994521895368,0.,-0.104528463268));
#14367 = ORIENTED_EDGE('',*,*,#14368,.F.);
#14368 = EDGE_CURVE('',#14369,#14360,#14371,.T.);
#14369 = VERTEX_POINT('',#14370);
#14370 = CARTESIAN_POINT('',(44.357613112097,-1.310372075088E-16,
    5.96719431268));
#14371 = LINE('',#14372,#14373);
#14372 = CARTESIAN_POINT('',(44.357613112097,-1.310372075088E-16,
    5.96719431268));
#14373 = VECTOR('',#14374,1.);
#14374 = DIRECTION('',(0.104528463268,0.,0.994521895368));
#14375 = ORIENTED_EDGE('',*,*,#14376,.T.);
#14376 = EDGE_CURVE('',#14369,#14369,#14377,.T.);
#14377 = CIRCLE('',#14378,0.535);
#14378 = AXIS2_PLACEMENT_3D('',#14379,#14380,#14381);
#14379 = CARTESIAN_POINT('',(43.825543898075,0.,6.023117040528));
#14380 = DIRECTION('',(0.104528463268,-0.,0.994521895368));
#14381 = DIRECTION('',(0.994521895368,0.,-0.104528463268));
#14382 = ORIENTED_EDGE('',*,*,#14368,.T.);
#14383 = CYLINDRICAL_SURFACE('',#14384,0.535);
#14384 = AXIS2_PLACEMENT_3D('',#14385,#14386,#14387);
#14385 = CARTESIAN_POINT('',(43.825543898075,0.,6.023117040528));
#14386 = DIRECTION('',(0.104528463268,0.,0.994521895368));
#14387 = DIRECTION('',(0.994521895368,0.,-0.104528463268));
#14388 = ADVANCED_FACE('',(#14389),#14392,.T.);
#14389 = FACE_BOUND('',#14390,.T.);
#14390 = EDGE_LOOP('',(#14391));
#14391 = ORIENTED_EDGE('',*,*,#14359,.T.);
#14392 = PLANE('',#14393);
#14393 = AXIS2_PLACEMENT_3D('',#14394,#14395,#14396);
#14394 = CARTESIAN_POINT('',(43.851676013891,0.,6.271747514371));
#14395 = DIRECTION('',(0.104528463268,0.,0.994521895368));
#14396 = DIRECTION('',(0.994521895368,0.,-0.104528463268));
#14397 = ADVANCED_FACE('',(#14398),#14401,.F.);
#14398 = FACE_BOUND('',#14399,.T.);
#14399 = EDGE_LOOP('',(#14400));
#14400 = ORIENTED_EDGE('',*,*,#14376,.F.);
#14401 = PLANE('',#14402);
#14402 = AXIS2_PLACEMENT_3D('',#14403,#14404,#14405);
#14403 = CARTESIAN_POINT('',(43.825543898075,0.,6.023117040528));
#14404 = DIRECTION('',(0.104528463268,0.,0.994521895368));
#14405 = DIRECTION('',(0.994521895368,0.,-0.104528463268));
#14406 = MANIFOLD_SOLID_BREP('',#14407);
#14407 = CLOSED_SHELL('',(#14408,#14441,#14450));
#14408 = ADVANCED_FACE('',(#14409),#14436,.T.);
#14409 = FACE_BOUND('',#14410,.T.);
#14410 = EDGE_LOOP('',(#14411,#14420,#14428,#14435));
#14411 = ORIENTED_EDGE('',*,*,#14412,.F.);
#14412 = EDGE_CURVE('',#14413,#14413,#14415,.T.);
#14413 = VERTEX_POINT('',#14414);
#14414 = CARTESIAN_POINT('',(44.384744027368,-8.082668874373E-17,
    8.186516036414));
#14415 = CIRCLE('',#14416,0.33);
#14416 = AXIS2_PLACEMENT_3D('',#14417,#14418,#14419);
#14417 = CARTESIAN_POINT('',(44.056551801896,0.,8.221010429292));
#14418 = DIRECTION('',(0.104528463268,-0.,0.994521895368));
#14419 = DIRECTION('',(0.994521895368,0.,-0.104528463268));
#14420 = ORIENTED_EDGE('',*,*,#14421,.F.);
#14421 = EDGE_CURVE('',#14422,#14413,#14424,.T.);
#14422 = VERTEX_POINT('',#14423);
#14423 = CARTESIAN_POINT('',(44.153736123546,-8.082668874373E-17,
    5.98862264765));
#14424 = LINE('',#14425,#14426);
#14425 = CARTESIAN_POINT('',(44.153736123546,-8.082668874373E-17,
    5.98862264765));
#14426 = VECTOR('',#14427,1.);
#14427 = DIRECTION('',(0.104528463268,0.,0.994521895368));
#14428 = ORIENTED_EDGE('',*,*,#14429,.T.);
#14429 = EDGE_CURVE('',#14422,#14422,#14430,.T.);
#14430 = CIRCLE('',#14431,0.33);
#14431 = AXIS2_PLACEMENT_3D('',#14432,#14433,#14434);
#14432 = CARTESIAN_POINT('',(43.825543898075,0.,6.023117040528));
#14433 = DIRECTION('',(0.104528463268,-0.,0.994521895368));
#14434 = DIRECTION('',(0.994521895368,0.,-0.104528463268));
#14435 = ORIENTED_EDGE('',*,*,#14421,.T.);
#14436 = CYLINDRICAL_SURFACE('',#14437,0.33);
#14437 = AXIS2_PLACEMENT_3D('',#14438,#14439,#14440);
#14438 = CARTESIAN_POINT('',(43.825543898075,0.,6.023117040528));
#14439 = DIRECTION('',(0.104528463268,0.,0.994521895368));
#14440 = DIRECTION('',(0.994521895368,0.,-0.104528463268));
#14441 = ADVANCED_FACE('',(#14442),#14445,.T.);
#14442 = FACE_BOUND('',#14443,.T.);
#14443 = EDGE_LOOP('',(#14444));
#14444 = ORIENTED_EDGE('',*,*,#14412,.T.);
#14445 = PLANE('',#14446);
#14446 = AXIS2_PLACEMENT_3D('',#14447,#14448,#14449);
#14447 = CARTESIAN_POINT('',(44.056551801896,0.,8.221010429292));
#14448 = DIRECTION('',(0.104528463268,0.,0.994521895368));
#14449 = DIRECTION('',(0.994521895368,0.,-0.104528463268));
#14450 = ADVANCED_FACE('',(#14451),#14454,.F.);
#14451 = FACE_BOUND('',#14452,.T.);
#14452 = EDGE_LOOP('',(#14453));
#14453 = ORIENTED_EDGE('',*,*,#14429,.F.);
#14454 = PLANE('',#14455);
#14455 = AXIS2_PLACEMENT_3D('',#14456,#14457,#14458);
#14456 = CARTESIAN_POINT('',(43.825543898075,0.,6.023117040528));
#14457 = DIRECTION('',(0.104528463268,0.,0.994521895368));
#14458 = DIRECTION('',(0.994521895368,0.,-0.104528463268));
#14459 = MANIFOLD_SOLID_BREP('',#14460);
#14460 = CLOSED_SHELL('',(#14461,#14494,#14503));
#14461 = ADVANCED_FACE('',(#14462),#14489,.T.);
#14462 = FACE_BOUND('',#14463,.T.);
#14463 = EDGE_LOOP('',(#14464,#14473,#14481,#14488));
#14464 = ORIENTED_EDGE('',*,*,#14465,.F.);
#14465 = EDGE_CURVE('',#14466,#14466,#14468,.T.);
#14466 = VERTEX_POINT('',#14467);
#14467 = CARTESIAN_POINT('',(45.646788035031,-1.310372075088E-16,
    6.083073638172));
#14468 = CIRCLE('',#14469,0.535);
#14469 = AXIS2_PLACEMENT_3D('',#14470,#14471,#14472);
#14470 = CARTESIAN_POINT('',(45.114718821009,0.,6.138996366021));
#14471 = DIRECTION('',(0.104528463268,-0.,0.994521895368));
#14472 = DIRECTION('',(0.994521895368,0.,-0.104528463268));
#14473 = ORIENTED_EDGE('',*,*,#14474,.F.);
#14474 = EDGE_CURVE('',#14475,#14466,#14477,.T.);
#14475 = VERTEX_POINT('',#14476);
#14476 = CARTESIAN_POINT('',(45.620655919214,-1.310372075088E-16,
    5.83444316433));
#14477 = LINE('',#14478,#14479);
#14478 = CARTESIAN_POINT('',(45.620655919214,-1.310372075088E-16,
    5.83444316433));
#14479 = VECTOR('',#14480,1.);
#14480 = DIRECTION('',(0.104528463268,0.,0.994521895368));
#14481 = ORIENTED_EDGE('',*,*,#14482,.T.);
#14482 = EDGE_CURVE('',#14475,#14475,#14483,.T.);
#14483 = CIRCLE('',#14484,0.535);
#14484 = AXIS2_PLACEMENT_3D('',#14485,#14486,#14487);
#14485 = CARTESIAN_POINT('',(45.088586705192,0.,5.890365892179));
#14486 = DIRECTION('',(0.104528463268,-0.,0.994521895368));
#14487 = DIRECTION('',(0.994521895368,0.,-0.104528463268));
#14488 = ORIENTED_EDGE('',*,*,#14474,.T.);
#14489 = CYLINDRICAL_SURFACE('',#14490,0.535);
#14490 = AXIS2_PLACEMENT_3D('',#14491,#14492,#14493);
#14491 = CARTESIAN_POINT('',(45.088586705192,0.,5.890365892179));
#14492 = DIRECTION('',(0.104528463268,0.,0.994521895368));
#14493 = DIRECTION('',(0.994521895368,0.,-0.104528463268));
#14494 = ADVANCED_FACE('',(#14495),#14498,.T.);
#14495 = FACE_BOUND('',#14496,.T.);
#14496 = EDGE_LOOP('',(#14497));
#14497 = ORIENTED_EDGE('',*,*,#14465,.T.);
#14498 = PLANE('',#14499);
#14499 = AXIS2_PLACEMENT_3D('',#14500,#14501,#14502);
#14500 = CARTESIAN_POINT('',(45.114718821009,0.,6.138996366021));
#14501 = DIRECTION('',(0.104528463268,0.,0.994521895368));
#14502 = DIRECTION('',(0.994521895368,0.,-0.104528463268));
#14503 = ADVANCED_FACE('',(#14504),#14507,.F.);
#14504 = FACE_BOUND('',#14505,.T.);
#14505 = EDGE_LOOP('',(#14506));
#14506 = ORIENTED_EDGE('',*,*,#14482,.F.);
#14507 = PLANE('',#14508);
#14508 = AXIS2_PLACEMENT_3D('',#14509,#14510,#14511);
#14509 = CARTESIAN_POINT('',(45.088586705192,0.,5.890365892179));
#14510 = DIRECTION('',(0.104528463268,0.,0.994521895368));
#14511 = DIRECTION('',(0.994521895368,0.,-0.104528463268));
#14512 = MANIFOLD_SOLID_BREP('',#14513);
#14513 = CLOSED_SHELL('',(#14514,#14547,#14556));
#14514 = ADVANCED_FACE('',(#14515),#14542,.T.);
#14515 = FACE_BOUND('',#14516,.T.);
#14516 = EDGE_LOOP('',(#14517,#14526,#14534,#14541));
#14517 = ORIENTED_EDGE('',*,*,#14518,.F.);
#14518 = EDGE_CURVE('',#14519,#14519,#14521,.T.);
#14519 = VERTEX_POINT('',#14520);
#14520 = CARTESIAN_POINT('',(45.647786834485,-8.082668874373E-17,
    8.053764888064));
#14521 = CIRCLE('',#14522,0.33);
#14522 = AXIS2_PLACEMENT_3D('',#14523,#14524,#14525);
#14523 = CARTESIAN_POINT('',(45.319594609014,0.,8.088259280942));
#14524 = DIRECTION('',(0.104528463268,-0.,0.994521895368));
#14525 = DIRECTION('',(0.994521895368,0.,-0.104528463268));
#14526 = ORIENTED_EDGE('',*,*,#14527,.F.);
#14527 = EDGE_CURVE('',#14528,#14519,#14530,.T.);
#14528 = VERTEX_POINT('',#14529);
#14529 = CARTESIAN_POINT('',(45.416778930664,-8.082668874373E-17,
    5.8558714993));
#14530 = LINE('',#14531,#14532);
#14531 = CARTESIAN_POINT('',(45.416778930664,-8.082668874373E-17,
    5.8558714993));
#14532 = VECTOR('',#14533,1.);
#14533 = DIRECTION('',(0.104528463268,0.,0.994521895368));
#14534 = ORIENTED_EDGE('',*,*,#14535,.T.);
#14535 = EDGE_CURVE('',#14528,#14528,#14536,.T.);
#14536 = CIRCLE('',#14537,0.33);
#14537 = AXIS2_PLACEMENT_3D('',#14538,#14539,#14540);
#14538 = CARTESIAN_POINT('',(45.088586705192,0.,5.890365892179));
#14539 = DIRECTION('',(0.104528463268,-0.,0.994521895368));
#14540 = DIRECTION('',(0.994521895368,0.,-0.104528463268));
#14541 = ORIENTED_EDGE('',*,*,#14527,.T.);
#14542 = CYLINDRICAL_SURFACE('',#14543,0.33);
#14543 = AXIS2_PLACEMENT_3D('',#14544,#14545,#14546);
#14544 = CARTESIAN_POINT('',(45.088586705192,0.,5.890365892179));
#14545 = DIRECTION('',(0.104528463268,0.,0.994521895368));
#14546 = DIRECTION('',(0.994521895368,0.,-0.104528463268));
#14547 = ADVANCED_FACE('',(#14548),#14551,.T.);
#14548 = FACE_BOUND('',#14549,.T.);
#14549 = EDGE_LOOP('',(#14550));
#14550 = ORIENTED_EDGE('',*,*,#14518,.T.);
#14551 = PLANE('',#14552);
#14552 = AXIS2_PLACEMENT_3D('',#14553,#14554,#14555);
#14553 = CARTESIAN_POINT('',(45.319594609014,0.,8.088259280942));
#14554 = DIRECTION('',(0.104528463268,0.,0.994521895368));
#14555 = DIRECTION('',(0.994521895368,0.,-0.104528463268));
#14556 = ADVANCED_FACE('',(#14557),#14560,.F.);
#14557 = FACE_BOUND('',#14558,.T.);
#14558 = EDGE_LOOP('',(#14559));
#14559 = ORIENTED_EDGE('',*,*,#14535,.F.);
#14560 = PLANE('',#14561);
#14561 = AXIS2_PLACEMENT_3D('',#14562,#14563,#14564);
#14562 = CARTESIAN_POINT('',(45.088586705192,0.,5.890365892179));
#14563 = DIRECTION('',(0.104528463268,0.,0.994521895368));
#14564 = DIRECTION('',(0.994521895368,0.,-0.104528463268));
#14565 = MANIFOLD_SOLID_BREP('',#14566);
#14566 = CLOSED_SHELL('',(#14567,#14600,#14609));
#14567 = ADVANCED_FACE('',(#14568),#14595,.T.);
#14568 = FACE_BOUND('',#14569,.T.);
#14569 = EDGE_LOOP('',(#14570,#14579,#14587,#14594));
#14570 = ORIENTED_EDGE('',*,*,#14571,.F.);
#14571 = EDGE_CURVE('',#14572,#14572,#14574,.T.);
#14572 = VERTEX_POINT('',#14573);
#14573 = CARTESIAN_POINT('',(46.909830842149,-1.310372075088E-16,
    5.950322489822));
#14574 = CIRCLE('',#14575,0.535);
#14575 = AXIS2_PLACEMENT_3D('',#14576,#14577,#14578);
#14576 = CARTESIAN_POINT('',(46.377761628127,0.,6.006245217671));
#14577 = DIRECTION('',(0.104528463268,-0.,0.994521895368));
#14578 = DIRECTION('',(0.994521895368,0.,-0.104528463268));
#14579 = ORIENTED_EDGE('',*,*,#14580,.F.);
#14580 = EDGE_CURVE('',#14581,#14572,#14583,.T.);
#14581 = VERTEX_POINT('',#14582);
#14582 = CARTESIAN_POINT('',(46.883698726332,-1.310372075088E-16,
    5.70169201598));
#14583 = LINE('',#14584,#14585);
#14584 = CARTESIAN_POINT('',(46.883698726332,-1.310372075088E-16,
    5.70169201598));
#14585 = VECTOR('',#14586,1.);
#14586 = DIRECTION('',(0.104528463268,0.,0.994521895368));
#14587 = ORIENTED_EDGE('',*,*,#14588,.T.);
#14588 = EDGE_CURVE('',#14581,#14581,#14589,.T.);
#14589 = CIRCLE('',#14590,0.535);
#14590 = AXIS2_PLACEMENT_3D('',#14591,#14592,#14593);
#14591 = CARTESIAN_POINT('',(46.35162951231,0.,5.757614743829));
#14592 = DIRECTION('',(0.104528463268,-0.,0.994521895368));
#14593 = DIRECTION('',(0.994521895368,0.,-0.104528463268));
#14594 = ORIENTED_EDGE('',*,*,#14580,.T.);
#14595 = CYLINDRICAL_SURFACE('',#14596,0.535);
#14596 = AXIS2_PLACEMENT_3D('',#14597,#14598,#14599);
#14597 = CARTESIAN_POINT('',(46.35162951231,0.,5.757614743829));
#14598 = DIRECTION('',(0.104528463268,0.,0.994521895368));
#14599 = DIRECTION('',(0.994521895368,0.,-0.104528463268));
#14600 = ADVANCED_FACE('',(#14601),#14604,.T.);
#14601 = FACE_BOUND('',#14602,.T.);
#14602 = EDGE_LOOP('',(#14603));
#14603 = ORIENTED_EDGE('',*,*,#14571,.T.);
#14604 = PLANE('',#14605);
#14605 = AXIS2_PLACEMENT_3D('',#14606,#14607,#14608);
#14606 = CARTESIAN_POINT('',(46.377761628127,0.,6.006245217671));
#14607 = DIRECTION('',(0.104528463268,0.,0.994521895368));
#14608 = DIRECTION('',(0.994521895368,0.,-0.104528463268));
#14609 = ADVANCED_FACE('',(#14610),#14613,.F.);
#14610 = FACE_BOUND('',#14611,.T.);
#14611 = EDGE_LOOP('',(#14612));
#14612 = ORIENTED_EDGE('',*,*,#14588,.F.);
#14613 = PLANE('',#14614);
#14614 = AXIS2_PLACEMENT_3D('',#14615,#14616,#14617);
#14615 = CARTESIAN_POINT('',(46.35162951231,0.,5.757614743829));
#14616 = DIRECTION('',(0.104528463268,0.,0.994521895368));
#14617 = DIRECTION('',(0.994521895368,0.,-0.104528463268));
#14618 = MANIFOLD_SOLID_BREP('',#14619);
#14619 = CLOSED_SHELL('',(#14620,#14653,#14662));
#14620 = ADVANCED_FACE('',(#14621),#14648,.T.);
#14621 = FACE_BOUND('',#14622,.T.);
#14622 = EDGE_LOOP('',(#14623,#14632,#14640,#14647));
#14623 = ORIENTED_EDGE('',*,*,#14624,.F.);
#14624 = EDGE_CURVE('',#14625,#14625,#14627,.T.);
#14625 = VERTEX_POINT('',#14626);
#14626 = CARTESIAN_POINT('',(46.910829641603,-8.082668874373E-17,
    7.921013739714));
#14627 = CIRCLE('',#14628,0.33);
#14628 = AXIS2_PLACEMENT_3D('',#14629,#14630,#14631);
#14629 = CARTESIAN_POINT('',(46.582637416132,0.,7.955508132593));
#14630 = DIRECTION('',(0.104528463268,-0.,0.994521895368));
#14631 = DIRECTION('',(0.994521895368,0.,-0.104528463268));
#14632 = ORIENTED_EDGE('',*,*,#14633,.F.);
#14633 = EDGE_CURVE('',#14634,#14625,#14636,.T.);
#14634 = VERTEX_POINT('',#14635);
#14635 = CARTESIAN_POINT('',(46.679821737782,-8.082668874373E-17,
    5.72312035095));
#14636 = LINE('',#14637,#14638);
#14637 = CARTESIAN_POINT('',(46.679821737782,-8.082668874373E-17,
    5.72312035095));
#14638 = VECTOR('',#14639,1.);
#14639 = DIRECTION('',(0.104528463268,0.,0.994521895368));
#14640 = ORIENTED_EDGE('',*,*,#14641,.T.);
#14641 = EDGE_CURVE('',#14634,#14634,#14642,.T.);
#14642 = CIRCLE('',#14643,0.33);
#14643 = AXIS2_PLACEMENT_3D('',#14644,#14645,#14646);
#14644 = CARTESIAN_POINT('',(46.35162951231,0.,5.757614743829));
#14645 = DIRECTION('',(0.104528463268,-0.,0.994521895368));
#14646 = DIRECTION('',(0.994521895368,0.,-0.104528463268));
#14647 = ORIENTED_EDGE('',*,*,#14633,.T.);
#14648 = CYLINDRICAL_SURFACE('',#14649,0.33);
#14649 = AXIS2_PLACEMENT_3D('',#14650,#14651,#14652);
#14650 = CARTESIAN_POINT('',(46.35162951231,0.,5.757614743829));
#14651 = DIRECTION('',(0.104528463268,0.,0.994521895368));
#14652 = DIRECTION('',(0.994521895368,0.,-0.104528463268));
#14653 = ADVANCED_FACE('',(#14654),#14657,.T.);
#14654 = FACE_BOUND('',#14655,.T.);
#14655 = EDGE_LOOP('',(#14656));
#14656 = ORIENTED_EDGE('',*,*,#14624,.T.);
#14657 = PLANE('',#14658);
#14658 = AXIS2_PLACEMENT_3D('',#14659,#14660,#14661);
#14659 = CARTESIAN_POINT('',(46.582637416132,0.,7.955508132593));
#14660 = DIRECTION('',(0.104528463268,0.,0.994521895368));
#14661 = DIRECTION('',(0.994521895368,0.,-0.104528463268));
#14662 = ADVANCED_FACE('',(#14663),#14666,.F.);
#14663 = FACE_BOUND('',#14664,.T.);
#14664 = EDGE_LOOP('',(#14665));
#14665 = ORIENTED_EDGE('',*,*,#14641,.F.);
#14666 = PLANE('',#14667);
#14667 = AXIS2_PLACEMENT_3D('',#14668,#14669,#14670);
#14668 = CARTESIAN_POINT('',(46.35162951231,0.,5.757614743829));
#14669 = DIRECTION('',(0.104528463268,0.,0.994521895368));
#14670 = DIRECTION('',(0.994521895368,0.,-0.104528463268));
#14671 = MANIFOLD_SOLID_BREP('',#14672);
#14672 = CLOSED_SHELL('',(#14673,#14706,#14715));
#14673 = ADVANCED_FACE('',(#14674),#14701,.T.);
#14674 = FACE_BOUND('',#14675,.T.);
#14675 = EDGE_LOOP('',(#14676,#14685,#14693,#14700));
#14676 = ORIENTED_EDGE('',*,*,#14677,.F.);
#14677 = EDGE_CURVE('',#14678,#14678,#14680,.T.);
#14678 = VERTEX_POINT('',#14679);
#14679 = CARTESIAN_POINT('',(48.172873649267,-1.310372075088E-16,
    5.817571341473));
#14680 = CIRCLE('',#14681,0.535);
#14681 = AXIS2_PLACEMENT_3D('',#14682,#14683,#14684);
#14682 = CARTESIAN_POINT('',(47.640804435245,0.,5.873494069321));
#14683 = DIRECTION('',(0.104528463268,-0.,0.994521895368));
#14684 = DIRECTION('',(0.994521895368,0.,-0.104528463268));
#14685 = ORIENTED_EDGE('',*,*,#14686,.F.);
#14686 = EDGE_CURVE('',#14687,#14678,#14689,.T.);
#14687 = VERTEX_POINT('',#14688);
#14688 = CARTESIAN_POINT('',(48.14674153345,-1.310372075088E-16,
    5.568940867631));
#14689 = LINE('',#14690,#14691);
#14690 = CARTESIAN_POINT('',(48.14674153345,-1.310372075088E-16,
    5.568940867631));
#14691 = VECTOR('',#14692,1.);
#14692 = DIRECTION('',(0.104528463268,0.,0.994521895368));
#14693 = ORIENTED_EDGE('',*,*,#14694,.T.);
#14694 = EDGE_CURVE('',#14687,#14687,#14695,.T.);
#14695 = CIRCLE('',#14696,0.535);
#14696 = AXIS2_PLACEMENT_3D('',#14697,#14698,#14699);
#14697 = CARTESIAN_POINT('',(47.614672319428,0.,5.624863595479));
#14698 = DIRECTION('',(0.104528463268,-0.,0.994521895368));
#14699 = DIRECTION('',(0.994521895368,0.,-0.104528463268));
#14700 = ORIENTED_EDGE('',*,*,#14686,.T.);
#14701 = CYLINDRICAL_SURFACE('',#14702,0.535);
#14702 = AXIS2_PLACEMENT_3D('',#14703,#14704,#14705);
#14703 = CARTESIAN_POINT('',(47.614672319428,0.,5.624863595479));
#14704 = DIRECTION('',(0.104528463268,0.,0.994521895368));
#14705 = DIRECTION('',(0.994521895368,0.,-0.104528463268));
#14706 = ADVANCED_FACE('',(#14707),#14710,.T.);
#14707 = FACE_BOUND('',#14708,.T.);
#14708 = EDGE_LOOP('',(#14709));
#14709 = ORIENTED_EDGE('',*,*,#14677,.T.);
#14710 = PLANE('',#14711);
#14711 = AXIS2_PLACEMENT_3D('',#14712,#14713,#14714);
#14712 = CARTESIAN_POINT('',(47.640804435245,0.,5.873494069321));
#14713 = DIRECTION('',(0.104528463268,0.,0.994521895368));
#14714 = DIRECTION('',(0.994521895368,0.,-0.104528463268));
#14715 = ADVANCED_FACE('',(#14716),#14719,.F.);
#14716 = FACE_BOUND('',#14717,.T.);
#14717 = EDGE_LOOP('',(#14718));
#14718 = ORIENTED_EDGE('',*,*,#14694,.F.);
#14719 = PLANE('',#14720);
#14720 = AXIS2_PLACEMENT_3D('',#14721,#14722,#14723);
#14721 = CARTESIAN_POINT('',(47.614672319428,0.,5.624863595479));
#14722 = DIRECTION('',(0.104528463268,0.,0.994521895368));
#14723 = DIRECTION('',(0.994521895368,0.,-0.104528463268));
#14724 = MANIFOLD_SOLID_BREP('',#14725);
#14725 = CLOSED_SHELL('',(#14726,#14759,#14768));
#14726 = ADVANCED_FACE('',(#14727),#14754,.T.);
#14727 = FACE_BOUND('',#14728,.T.);
#14728 = EDGE_LOOP('',(#14729,#14738,#14746,#14753));
#14729 = ORIENTED_EDGE('',*,*,#14730,.F.);
#14730 = EDGE_CURVE('',#14731,#14731,#14733,.T.);
#14731 = VERTEX_POINT('',#14732);
#14732 = CARTESIAN_POINT('',(48.173872448721,-8.082668874373E-17,
    7.788262591364));
#14733 = CIRCLE('',#14734,0.33);
#14734 = AXIS2_PLACEMENT_3D('',#14735,#14736,#14737);
#14735 = CARTESIAN_POINT('',(47.845680223249,0.,7.822756984243));
#14736 = DIRECTION('',(0.104528463268,-0.,0.994521895368));
#14737 = DIRECTION('',(0.994521895368,0.,-0.104528463268));
#14738 = ORIENTED_EDGE('',*,*,#14739,.F.);
#14739 = EDGE_CURVE('',#14740,#14731,#14742,.T.);
#14740 = VERTEX_POINT('',#14741);
#14741 = CARTESIAN_POINT('',(47.942864544899,-8.082668874373E-17,
    5.5903692026));
#14742 = LINE('',#14743,#14744);
#14743 = CARTESIAN_POINT('',(47.942864544899,-8.082668874373E-17,
    5.5903692026));
#14744 = VECTOR('',#14745,1.);
#14745 = DIRECTION('',(0.104528463268,0.,0.994521895368));
#14746 = ORIENTED_EDGE('',*,*,#14747,.T.);
#14747 = EDGE_CURVE('',#14740,#14740,#14748,.T.);
#14748 = CIRCLE('',#14749,0.33);
#14749 = AXIS2_PLACEMENT_3D('',#14750,#14751,#14752);
#14750 = CARTESIAN_POINT('',(47.614672319428,0.,5.624863595479));
#14751 = DIRECTION('',(0.104528463268,-0.,0.994521895368));
#14752 = DIRECTION('',(0.994521895368,0.,-0.104528463268));
#14753 = ORIENTED_EDGE('',*,*,#14739,.T.);
#14754 = CYLINDRICAL_SURFACE('',#14755,0.33);
#14755 = AXIS2_PLACEMENT_3D('',#14756,#14757,#14758);
#14756 = CARTESIAN_POINT('',(47.614672319428,0.,5.624863595479));
#14757 = DIRECTION('',(0.104528463268,0.,0.994521895368));
#14758 = DIRECTION('',(0.994521895368,0.,-0.104528463268));
#14759 = ADVANCED_FACE('',(#14760),#14763,.T.);
#14760 = FACE_BOUND('',#14761,.T.);
#14761 = EDGE_LOOP('',(#14762));
#14762 = ORIENTED_EDGE('',*,*,#14730,.T.);
#14763 = PLANE('',#14764);
#14764 = AXIS2_PLACEMENT_3D('',#14765,#14766,#14767);
#14765 = CARTESIAN_POINT('',(47.845680223249,0.,7.822756984243));
#14766 = DIRECTION('',(0.104528463268,0.,0.994521895368));
#14767 = DIRECTION('',(0.994521895368,0.,-0.104528463268));
#14768 = ADVANCED_FACE('',(#14769),#14772,.F.);
#14769 = FACE_BOUND('',#14770,.T.);
#14770 = EDGE_LOOP('',(#14771));
#14771 = ORIENTED_EDGE('',*,*,#14747,.F.);
#14772 = PLANE('',#14773);
#14773 = AXIS2_PLACEMENT_3D('',#14774,#14775,#14776);
#14774 = CARTESIAN_POINT('',(47.614672319428,0.,5.624863595479));
#14775 = DIRECTION('',(0.104528463268,0.,0.994521895368));
#14776 = DIRECTION('',(0.994521895368,0.,-0.104528463268));
#14777 = ( GEOMETRIC_REPRESENTATION_CONTEXT(3) 
GLOBAL_UNCERTAINTY_ASSIGNED_CONTEXT((#14781)) 
GLOBAL_UNIT_ASSIGNED_CONTEXT((#14778,#14779,#14780)) 
REPRESENTATION_CONTEXT('Context #1',
  '3D Context with UNIT and UNCERTAINTY') );
#14778 = ( LENGTH_UNIT() NAMED_UNIT(*) SI_UNIT(.MILLI.,.METRE.) );
#14779 = ( NAMED_UNIT(*) PLANE_ANGLE_UNIT() SI_UNIT($,.RADIAN.) );
#14780 = ( NAMED_UNIT(*) SI_UNIT($,.STERADIAN.) SOLID_ANGLE_UNIT() );
#14781 = UNCERTAINTY_MEASURE_WITH_UNIT(LENGTH_MEASURE(1.E-07),#14778,
  'distance_accuracy_value','confusion accuracy');
#14782 = CONTEXT_DEPENDENT_SHAPE_REPRESENTATION(#14783,#14785);
#14783 = ( REPRESENTATION_RELATIONSHIP('','',#13354,#10) 
REPRESENTATION_RELATIONSHIP_WITH_TRANSFORMATION(#14784) 
SHAPE_REPRESENTATION_RELATIONSHIP() );
#14784 = ITEM_DEFINED_TRANSFORMATION('','',#11,#95);
#14785 = PRODUCT_DEFINITION_SHAPE('Placement','Placement of an item',
  #14786);
#14786 = NEXT_ASSEMBLY_USAGE_OCCURRENCE('21',
  'Right Hall-PCB target interface','',#5,#13349,$);
#14787 = PRODUCT_RELATED_PRODUCT_CATEGORY('part',$,(#13351));
#14788 = SHAPE_DEFINITION_REPRESENTATION(#14789,#14795);
#14789 = PRODUCT_DEFINITION_SHAPE('','',#14790);
#14790 = PRODUCT_DEFINITION('design','',#14791,#14794);
#14791 = PRODUCT_DEFINITION_FORMATION('','',#14792);
#14792 = PRODUCT('Right asymmetric perimeter keys',
  'Right asymmetric perimeter keys','',(#14793));
#14793 = PRODUCT_CONTEXT('',#2,'mechanical');
#14794 = PRODUCT_DEFINITION_CONTEXT('part definition',#2,'design');
#14795 = SHAPE_REPRESENTATION('',(#11,#14796,#14946,#15096),#15246);
#14796 = MANIFOLD_SOLID_BREP('',#14797);
#14797 = CLOSED_SHELL('',(#14798,#14838,#14878,#14900,#14922,#14934));
#14798 = ADVANCED_FACE('',(#14799),#14833,.F.);
#14799 = FACE_BOUND('',#14800,.F.);
#14800 = EDGE_LOOP('',(#14801,#14811,#14819,#14827));
#14801 = ORIENTED_EDGE('',*,*,#14802,.F.);
#14802 = EDGE_CURVE('',#14803,#14805,#14807,.T.);
#14803 = VERTEX_POINT('',#14804);
#14804 = CARTESIAN_POINT('',(29.332033155445,-11.5,3.735570023902));
#14805 = VERTEX_POINT('',#14806);
#14806 = CARTESIAN_POINT('',(29.959203935051,-11.5,9.702701396111));
#14807 = LINE('',#14808,#14809);
#14808 = CARTESIAN_POINT('',(29.332033155445,-11.5,3.735570023902));
#14809 = VECTOR('',#14810,1.);
#14810 = DIRECTION('',(0.104528463268,0.,0.994521895368));
#14811 = ORIENTED_EDGE('',*,*,#14812,.T.);
#14812 = EDGE_CURVE('',#14803,#14813,#14815,.T.);
#14813 = VERTEX_POINT('',#14814);
#14814 = CARTESIAN_POINT('',(29.332033155445,-6.5,3.735570023902));
#14815 = LINE('',#14816,#14817);
#14816 = CARTESIAN_POINT('',(29.332033155445,-11.5,3.735570023902));
#14817 = VECTOR('',#14818,1.);
#14818 = DIRECTION('',(0.,1.,0.));
#14819 = ORIENTED_EDGE('',*,*,#14820,.T.);
#14820 = EDGE_CURVE('',#14813,#14821,#14823,.T.);
#14821 = VERTEX_POINT('',#14822);
#14822 = CARTESIAN_POINT('',(29.959203935051,-6.5,9.702701396111));
#14823 = LINE('',#14824,#14825);
#14824 = CARTESIAN_POINT('',(29.332033155445,-6.5,3.735570023902));
#14825 = VECTOR('',#14826,1.);
#14826 = DIRECTION('',(0.104528463268,0.,0.994521895368));
#14827 = ORIENTED_EDGE('',*,*,#14828,.F.);
#14828 = EDGE_CURVE('',#14805,#14821,#14829,.T.);
#14829 = LINE('',#14830,#14831);
#14830 = CARTESIAN_POINT('',(29.959203935051,-11.5,9.702701396111));
#14831 = VECTOR('',#14832,1.);
#14832 = DIRECTION('',(0.,1.,0.));
#14833 = PLANE('',#14834);
#14834 = AXIS2_PLACEMENT_3D('',#14835,#14836,#14837);
#14835 = CARTESIAN_POINT('',(29.332033155445,-11.5,3.735570023902));
#14836 = DIRECTION('',(0.994521895368,0.,-0.104528463268));
#14837 = DIRECTION('',(0.104528463268,0.,0.994521895368));
#14838 = ADVANCED_FACE('',(#14839),#14873,.T.);
#14839 = FACE_BOUND('',#14840,.T.);
#14840 = EDGE_LOOP('',(#14841,#14851,#14859,#14867));
#14841 = ORIENTED_EDGE('',*,*,#14842,.F.);
#14842 = EDGE_CURVE('',#14843,#14845,#14847,.T.);
#14843 = VERTEX_POINT('',#14844);
#14844 = CARTESIAN_POINT('',(30.326555050813,-11.5,3.631041560634));
#14845 = VERTEX_POINT('',#14846);
#14846 = CARTESIAN_POINT('',(30.953725830419,-11.5,9.598172932844));
#14847 = LINE('',#14848,#14849);
#14848 = CARTESIAN_POINT('',(30.326555050813,-11.5,3.631041560634));
#14849 = VECTOR('',#14850,1.);
#14850 = DIRECTION('',(0.104528463268,0.,0.994521895368));
#14851 = ORIENTED_EDGE('',*,*,#14852,.T.);
#14852 = EDGE_CURVE('',#14843,#14853,#14855,.T.);
#14853 = VERTEX_POINT('',#14854);
#14854 = CARTESIAN_POINT('',(30.326555050813,-6.5,3.631041560634));
#14855 = LINE('',#14856,#14857);
#14856 = CARTESIAN_POINT('',(30.326555050813,-11.5,3.631041560634));
#14857 = VECTOR('',#14858,1.);
#14858 = DIRECTION('',(0.,1.,0.));
#14859 = ORIENTED_EDGE('',*,*,#14860,.T.);
#14860 = EDGE_CURVE('',#14853,#14861,#14863,.T.);
#14861 = VERTEX_POINT('',#14862);
#14862 = CARTESIAN_POINT('',(30.953725830419,-6.5,9.598172932844));
#14863 = LINE('',#14864,#14865);
#14864 = CARTESIAN_POINT('',(30.326555050813,-6.5,3.631041560634));
#14865 = VECTOR('',#14866,1.);
#14866 = DIRECTION('',(0.104528463268,0.,0.994521895368));
#14867 = ORIENTED_EDGE('',*,*,#14868,.F.);
#14868 = EDGE_CURVE('',#14845,#14861,#14869,.T.);
#14869 = LINE('',#14870,#14871);
#14870 = CARTESIAN_POINT('',(30.953725830419,-11.5,9.598172932844));
#14871 = VECTOR('',#14872,1.);
#14872 = DIRECTION('',(0.,1.,0.));
#14873 = PLANE('',#14874);
#14874 = AXIS2_PLACEMENT_3D('',#14875,#14876,#14877);
#14875 = CARTESIAN_POINT('',(30.326555050813,-11.5,3.631041560634));
#14876 = DIRECTION('',(0.994521895368,0.,-0.104528463268));
#14877 = DIRECTION('',(0.104528463268,0.,0.994521895368));
#14878 = ADVANCED_FACE('',(#14879),#14895,.F.);
#14879 = FACE_BOUND('',#14880,.F.);
#14880 = EDGE_LOOP('',(#14881,#14887,#14888,#14894));
#14881 = ORIENTED_EDGE('',*,*,#14882,.F.);
#14882 = EDGE_CURVE('',#14803,#14843,#14883,.T.);
#14883 = LINE('',#14884,#14885);
#14884 = CARTESIAN_POINT('',(29.332033155445,-11.5,3.735570023902));
#14885 = VECTOR('',#14886,1.);
#14886 = DIRECTION('',(0.994521895368,0.,-0.104528463268));
#14887 = ORIENTED_EDGE('',*,*,#14802,.T.);
#14888 = ORIENTED_EDGE('',*,*,#14889,.T.);
#14889 = EDGE_CURVE('',#14805,#14845,#14890,.T.);
#14890 = LINE('',#14891,#14892);
#14891 = CARTESIAN_POINT('',(29.959203935051,-11.5,9.702701396111));
#14892 = VECTOR('',#14893,1.);
#14893 = DIRECTION('',(0.994521895368,0.,-0.104528463268));
#14894 = ORIENTED_EDGE('',*,*,#14842,.F.);
#14895 = PLANE('',#14896);
#14896 = AXIS2_PLACEMENT_3D('',#14897,#14898,#14899);
#14897 = CARTESIAN_POINT('',(29.332033155445,-11.5,3.735570023902));
#14898 = DIRECTION('',(0.,1.,0.));
#14899 = DIRECTION('',(0.104528463268,0.,0.994521895368));
#14900 = ADVANCED_FACE('',(#14901),#14917,.T.);
#14901 = FACE_BOUND('',#14902,.T.);
#14902 = EDGE_LOOP('',(#14903,#14909,#14910,#14916));
#14903 = ORIENTED_EDGE('',*,*,#14904,.F.);
#14904 = EDGE_CURVE('',#14813,#14853,#14905,.T.);
#14905 = LINE('',#14906,#14907);
#14906 = CARTESIAN_POINT('',(29.332033155445,-6.5,3.735570023902));
#14907 = VECTOR('',#14908,1.);
#14908 = DIRECTION('',(0.994521895368,0.,-0.104528463268));
#14909 = ORIENTED_EDGE('',*,*,#14820,.T.);
#14910 = ORIENTED_EDGE('',*,*,#14911,.T.);
#14911 = EDGE_CURVE('',#14821,#14861,#14912,.T.);
#14912 = LINE('',#14913,#14914);
#14913 = CARTESIAN_POINT('',(29.959203935051,-6.5,9.702701396111));
#14914 = VECTOR('',#14915,1.);
#14915 = DIRECTION('',(0.994521895368,0.,-0.104528463268));
#14916 = ORIENTED_EDGE('',*,*,#14860,.F.);
#14917 = PLANE('',#14918);
#14918 = AXIS2_PLACEMENT_3D('',#14919,#14920,#14921);
#14919 = CARTESIAN_POINT('',(29.332033155445,-6.5,3.735570023902));
#14920 = DIRECTION('',(0.,1.,0.));
#14921 = DIRECTION('',(0.104528463268,0.,0.994521895368));
#14922 = ADVANCED_FACE('',(#14923),#14929,.F.);
#14923 = FACE_BOUND('',#14924,.F.);
#14924 = EDGE_LOOP('',(#14925,#14926,#14927,#14928));
#14925 = ORIENTED_EDGE('',*,*,#14812,.F.);
#14926 = ORIENTED_EDGE('',*,*,#14882,.T.);
#14927 = ORIENTED_EDGE('',*,*,#14852,.T.);
#14928 = ORIENTED_EDGE('',*,*,#14904,.F.);
#14929 = PLANE('',#14930);
#14930 = AXIS2_PLACEMENT_3D('',#14931,#14932,#14933);
#14931 = CARTESIAN_POINT('',(29.332033155445,-11.5,3.735570023902));
#14932 = DIRECTION('',(0.104528463268,0.,0.994521895368));
#14933 = DIRECTION('',(0.994521895368,0.,-0.104528463268));
#14934 = ADVANCED_FACE('',(#14935),#14941,.T.);
#14935 = FACE_BOUND('',#14936,.T.);
#14936 = EDGE_LOOP('',(#14937,#14938,#14939,#14940));
#14937 = ORIENTED_EDGE('',*,*,#14828,.F.);
#14938 = ORIENTED_EDGE('',*,*,#14889,.T.);
#14939 = ORIENTED_EDGE('',*,*,#14868,.T.);
#14940 = ORIENTED_EDGE('',*,*,#14911,.F.);
#14941 = PLANE('',#14942);
#14942 = AXIS2_PLACEMENT_3D('',#14943,#14944,#14945);
#14943 = CARTESIAN_POINT('',(29.959203935051,-11.5,9.702701396111));
#14944 = DIRECTION('',(0.104528463268,0.,0.994521895368));
#14945 = DIRECTION('',(0.994521895368,0.,-0.104528463268));
#14946 = MANIFOLD_SOLID_BREP('',#14947);
#14947 = CLOSED_SHELL('',(#14948,#14988,#15028,#15050,#15072,#15084));
#14948 = ADVANCED_FACE('',(#14949),#14983,.F.);
#14949 = FACE_BOUND('',#14950,.F.);
#14950 = EDGE_LOOP('',(#14951,#14961,#14969,#14977));
#14951 = ORIENTED_EDGE('',*,*,#14952,.F.);
#14952 = EDGE_CURVE('',#14953,#14955,#14957,.T.);
#14953 = VERTEX_POINT('',#14954);
#14954 = CARTESIAN_POINT('',(50.216992958179,-11.5,1.540472295281));
#14955 = VERTEX_POINT('',#14956);
#14956 = CARTESIAN_POINT('',(50.844163737785,-11.5,7.507603667491));
#14957 = LINE('',#14958,#14959);
#14958 = CARTESIAN_POINT('',(50.216992958179,-11.5,1.540472295281));
#14959 = VECTOR('',#14960,1.);
#14960 = DIRECTION('',(0.104528463268,0.,0.994521895368));
#14961 = ORIENTED_EDGE('',*,*,#14962,.T.);
#14962 = EDGE_CURVE('',#14953,#14963,#14965,.T.);
#14963 = VERTEX_POINT('',#14964);
#14964 = CARTESIAN_POINT('',(50.216992958179,-6.5,1.540472295281));
#14965 = LINE('',#14966,#14967);
#14966 = CARTESIAN_POINT('',(50.216992958179,-11.5,1.540472295281));
#14967 = VECTOR('',#14968,1.);
#14968 = DIRECTION('',(0.,1.,0.));
#14969 = ORIENTED_EDGE('',*,*,#14970,.T.);
#14970 = EDGE_CURVE('',#14963,#14971,#14973,.T.);
#14971 = VERTEX_POINT('',#14972);
#14972 = CARTESIAN_POINT('',(50.844163737785,-6.5,7.507603667491));
#14973 = LINE('',#14974,#14975);
#14974 = CARTESIAN_POINT('',(50.216992958179,-6.5,1.540472295281));
#14975 = VECTOR('',#14976,1.);
#14976 = DIRECTION('',(0.104528463268,0.,0.994521895368));
#14977 = ORIENTED_EDGE('',*,*,#14978,.F.);
#14978 = EDGE_CURVE('',#14955,#14971,#14979,.T.);
#14979 = LINE('',#14980,#14981);
#14980 = CARTESIAN_POINT('',(50.844163737785,-11.5,7.507603667491));
#14981 = VECTOR('',#14982,1.);
#14982 = DIRECTION('',(0.,1.,0.));
#14983 = PLANE('',#14984);
#14984 = AXIS2_PLACEMENT_3D('',#14985,#14986,#14987);
#14985 = CARTESIAN_POINT('',(50.216992958179,-11.5,1.540472295281));
#14986 = DIRECTION('',(0.994521895368,0.,-0.104528463268));
#14987 = DIRECTION('',(0.104528463268,0.,0.994521895368));
#14988 = ADVANCED_FACE('',(#14989),#15023,.T.);
#14989 = FACE_BOUND('',#14990,.T.);
#14990 = EDGE_LOOP('',(#14991,#15001,#15009,#15017));
#14991 = ORIENTED_EDGE('',*,*,#14992,.F.);
#14992 = EDGE_CURVE('',#14993,#14995,#14997,.T.);
#14993 = VERTEX_POINT('',#14994);
#14994 = CARTESIAN_POINT('',(51.211514853547,-11.5,1.435943832013));
#14995 = VERTEX_POINT('',#14996);
#14996 = CARTESIAN_POINT('',(51.838685633153,-11.5,7.403075204223));
#14997 = LINE('',#14998,#14999);
#14998 = CARTESIAN_POINT('',(51.211514853547,-11.5,1.435943832013));
#14999 = VECTOR('',#15000,1.);
#15000 = DIRECTION('',(0.104528463268,0.,0.994521895368));
#15001 = ORIENTED_EDGE('',*,*,#15002,.T.);
#15002 = EDGE_CURVE('',#14993,#15003,#15005,.T.);
#15003 = VERTEX_POINT('',#15004);
#15004 = CARTESIAN_POINT('',(51.211514853547,-6.5,1.435943832013));
#15005 = LINE('',#15006,#15007);
#15006 = CARTESIAN_POINT('',(51.211514853547,-11.5,1.435943832013));
#15007 = VECTOR('',#15008,1.);
#15008 = DIRECTION('',(0.,1.,0.));
#15009 = ORIENTED_EDGE('',*,*,#15010,.T.);
#15010 = EDGE_CURVE('',#15003,#15011,#15013,.T.);
#15011 = VERTEX_POINT('',#15012);
#15012 = CARTESIAN_POINT('',(51.838685633153,-6.5,7.403075204223));
#15013 = LINE('',#15014,#15015);
#15014 = CARTESIAN_POINT('',(51.211514853547,-6.5,1.435943832013));
#15015 = VECTOR('',#15016,1.);
#15016 = DIRECTION('',(0.104528463268,0.,0.994521895368));
#15017 = ORIENTED_EDGE('',*,*,#15018,.F.);
#15018 = EDGE_CURVE('',#14995,#15011,#15019,.T.);
#15019 = LINE('',#15020,#15021);
#15020 = CARTESIAN_POINT('',(51.838685633153,-11.5,7.403075204223));
#15021 = VECTOR('',#15022,1.);
#15022 = DIRECTION('',(0.,1.,0.));
#15023 = PLANE('',#15024);
#15024 = AXIS2_PLACEMENT_3D('',#15025,#15026,#15027);
#15025 = CARTESIAN_POINT('',(51.211514853547,-11.5,1.435943832013));
#15026 = DIRECTION('',(0.994521895368,0.,-0.104528463268));
#15027 = DIRECTION('',(0.104528463268,0.,0.994521895368));
#15028 = ADVANCED_FACE('',(#15029),#15045,.F.);
#15029 = FACE_BOUND('',#15030,.F.);
#15030 = EDGE_LOOP('',(#15031,#15037,#15038,#15044));
#15031 = ORIENTED_EDGE('',*,*,#15032,.F.);
#15032 = EDGE_CURVE('',#14953,#14993,#15033,.T.);
#15033 = LINE('',#15034,#15035);
#15034 = CARTESIAN_POINT('',(50.216992958179,-11.5,1.540472295281));
#15035 = VECTOR('',#15036,1.);
#15036 = DIRECTION('',(0.994521895368,0.,-0.104528463268));
#15037 = ORIENTED_EDGE('',*,*,#14952,.T.);
#15038 = ORIENTED_EDGE('',*,*,#15039,.T.);
#15039 = EDGE_CURVE('',#14955,#14995,#15040,.T.);
#15040 = LINE('',#15041,#15042);
#15041 = CARTESIAN_POINT('',(50.844163737785,-11.5,7.507603667491));
#15042 = VECTOR('',#15043,1.);
#15043 = DIRECTION('',(0.994521895368,0.,-0.104528463268));
#15044 = ORIENTED_EDGE('',*,*,#14992,.F.);
#15045 = PLANE('',#15046);
#15046 = AXIS2_PLACEMENT_3D('',#15047,#15048,#15049);
#15047 = CARTESIAN_POINT('',(50.216992958179,-11.5,1.540472295281));
#15048 = DIRECTION('',(0.,1.,0.));
#15049 = DIRECTION('',(0.104528463268,0.,0.994521895368));
#15050 = ADVANCED_FACE('',(#15051),#15067,.T.);
#15051 = FACE_BOUND('',#15052,.T.);
#15052 = EDGE_LOOP('',(#15053,#15059,#15060,#15066));
#15053 = ORIENTED_EDGE('',*,*,#15054,.F.);
#15054 = EDGE_CURVE('',#14963,#15003,#15055,.T.);
#15055 = LINE('',#15056,#15057);
#15056 = CARTESIAN_POINT('',(50.216992958179,-6.5,1.540472295281));
#15057 = VECTOR('',#15058,1.);
#15058 = DIRECTION('',(0.994521895368,0.,-0.104528463268));
#15059 = ORIENTED_EDGE('',*,*,#14970,.T.);
#15060 = ORIENTED_EDGE('',*,*,#15061,.T.);
#15061 = EDGE_CURVE('',#14971,#15011,#15062,.T.);
#15062 = LINE('',#15063,#15064);
#15063 = CARTESIAN_POINT('',(50.844163737785,-6.5,7.507603667491));
#15064 = VECTOR('',#15065,1.);
#15065 = DIRECTION('',(0.994521895368,0.,-0.104528463268));
#15066 = ORIENTED_EDGE('',*,*,#15010,.F.);
#15067 = PLANE('',#15068);
#15068 = AXIS2_PLACEMENT_3D('',#15069,#15070,#15071);
#15069 = CARTESIAN_POINT('',(50.216992958179,-6.5,1.540472295281));
#15070 = DIRECTION('',(0.,1.,0.));
#15071 = DIRECTION('',(0.104528463268,0.,0.994521895368));
#15072 = ADVANCED_FACE('',(#15073),#15079,.F.);
#15073 = FACE_BOUND('',#15074,.F.);
#15074 = EDGE_LOOP('',(#15075,#15076,#15077,#15078));
#15075 = ORIENTED_EDGE('',*,*,#14962,.F.);
#15076 = ORIENTED_EDGE('',*,*,#15032,.T.);
#15077 = ORIENTED_EDGE('',*,*,#15002,.T.);
#15078 = ORIENTED_EDGE('',*,*,#15054,.F.);
#15079 = PLANE('',#15080);
#15080 = AXIS2_PLACEMENT_3D('',#15081,#15082,#15083);
#15081 = CARTESIAN_POINT('',(50.216992958179,-11.5,1.540472295281));
#15082 = DIRECTION('',(0.104528463268,0.,0.994521895368));
#15083 = DIRECTION('',(0.994521895368,0.,-0.104528463268));
#15084 = ADVANCED_FACE('',(#15085),#15091,.T.);
#15085 = FACE_BOUND('',#15086,.T.);
#15086 = EDGE_LOOP('',(#15087,#15088,#15089,#15090));
#15087 = ORIENTED_EDGE('',*,*,#14978,.F.);
#15088 = ORIENTED_EDGE('',*,*,#15039,.T.);
#15089 = ORIENTED_EDGE('',*,*,#15018,.T.);
#15090 = ORIENTED_EDGE('',*,*,#15061,.F.);
#15091 = PLANE('',#15092);
#15092 = AXIS2_PLACEMENT_3D('',#15093,#15094,#15095);
#15093 = CARTESIAN_POINT('',(50.844163737785,-11.5,7.507603667491));
#15094 = DIRECTION('',(0.104528463268,0.,0.994521895368));
#15095 = DIRECTION('',(0.994521895368,0.,-0.104528463268));
#15096 = MANIFOLD_SOLID_BREP('',#15097);
#15097 = CLOSED_SHELL('',(#15098,#15138,#15178,#15200,#15222,#15234));
#15098 = ADVANCED_FACE('',(#15099),#15133,.F.);
#15099 = FACE_BOUND('',#15100,.F.);
#15100 = EDGE_LOOP('',(#15101,#15111,#15119,#15127));
#15101 = ORIENTED_EDGE('',*,*,#15102,.F.);
#15102 = EDGE_CURVE('',#15103,#15105,#15107,.T.);
#15103 = VERTEX_POINT('',#15104);
#15104 = CARTESIAN_POINT('',(50.216992958179,4.5,1.540472295281));
#15105 = VERTEX_POINT('',#15106);
#15106 = CARTESIAN_POINT('',(50.844163737785,4.5,7.507603667491));
#15107 = LINE('',#15108,#15109);
#15108 = CARTESIAN_POINT('',(50.216992958179,4.5,1.540472295281));
#15109 = VECTOR('',#15110,1.);
#15110 = DIRECTION('',(0.104528463268,0.,0.994521895368));
#15111 = ORIENTED_EDGE('',*,*,#15112,.T.);
#15112 = EDGE_CURVE('',#15103,#15113,#15115,.T.);
#15113 = VERTEX_POINT('',#15114);
#15114 = CARTESIAN_POINT('',(50.216992958179,11.5,1.540472295281));
#15115 = LINE('',#15116,#15117);
#15116 = CARTESIAN_POINT('',(50.216992958179,4.5,1.540472295281));
#15117 = VECTOR('',#15118,1.);
#15118 = DIRECTION('',(0.,1.,0.));
#15119 = ORIENTED_EDGE('',*,*,#15120,.T.);
#15120 = EDGE_CURVE('',#15113,#15121,#15123,.T.);
#15121 = VERTEX_POINT('',#15122);
#15122 = CARTESIAN_POINT('',(50.844163737785,11.5,7.507603667491));
#15123 = LINE('',#15124,#15125);
#15124 = CARTESIAN_POINT('',(50.216992958179,11.5,1.540472295281));
#15125 = VECTOR('',#15126,1.);
#15126 = DIRECTION('',(0.104528463268,0.,0.994521895368));
#15127 = ORIENTED_EDGE('',*,*,#15128,.F.);
#15128 = EDGE_CURVE('',#15105,#15121,#15129,.T.);
#15129 = LINE('',#15130,#15131);
#15130 = CARTESIAN_POINT('',(50.844163737785,4.5,7.507603667491));
#15131 = VECTOR('',#15132,1.);
#15132 = DIRECTION('',(0.,1.,0.));
#15133 = PLANE('',#15134);
#15134 = AXIS2_PLACEMENT_3D('',#15135,#15136,#15137);
#15135 = CARTESIAN_POINT('',(50.216992958179,4.5,1.540472295281));
#15136 = DIRECTION('',(0.994521895368,0.,-0.104528463268));
#15137 = DIRECTION('',(0.104528463268,0.,0.994521895368));
#15138 = ADVANCED_FACE('',(#15139),#15173,.T.);
#15139 = FACE_BOUND('',#15140,.T.);
#15140 = EDGE_LOOP('',(#15141,#15151,#15159,#15167));
#15141 = ORIENTED_EDGE('',*,*,#15142,.F.);
#15142 = EDGE_CURVE('',#15143,#15145,#15147,.T.);
#15143 = VERTEX_POINT('',#15144);
#15144 = CARTESIAN_POINT('',(51.708775801231,4.5,1.383679600379));
#15145 = VERTEX_POINT('',#15146);
#15146 = CARTESIAN_POINT('',(52.335946580837,4.5,7.350810972589));
#15147 = LINE('',#15148,#15149);
#15148 = CARTESIAN_POINT('',(51.708775801231,4.5,1.383679600379));
#15149 = VECTOR('',#15150,1.);
#15150 = DIRECTION('',(0.104528463268,0.,0.994521895368));
#15151 = ORIENTED_EDGE('',*,*,#15152,.T.);
#15152 = EDGE_CURVE('',#15143,#15153,#15155,.T.);
#15153 = VERTEX_POINT('',#15154);
#15154 = CARTESIAN_POINT('',(51.708775801231,11.5,1.383679600379));
#15155 = LINE('',#15156,#15157);
#15156 = CARTESIAN_POINT('',(51.708775801231,4.5,1.383679600379));
#15157 = VECTOR('',#15158,1.);
#15158 = DIRECTION('',(0.,1.,0.));
#15159 = ORIENTED_EDGE('',*,*,#15160,.T.);
#15160 = EDGE_CURVE('',#15153,#15161,#15163,.T.);
#15161 = VERTEX_POINT('',#15162);
#15162 = CARTESIAN_POINT('',(52.335946580837,11.5,7.350810972589));
#15163 = LINE('',#15164,#15165);
#15164 = CARTESIAN_POINT('',(51.708775801231,11.5,1.383679600379));
#15165 = VECTOR('',#15166,1.);
#15166 = DIRECTION('',(0.104528463268,0.,0.994521895368));
#15167 = ORIENTED_EDGE('',*,*,#15168,.F.);
#15168 = EDGE_CURVE('',#15145,#15161,#15169,.T.);
#15169 = LINE('',#15170,#15171);
#15170 = CARTESIAN_POINT('',(52.335946580837,4.5,7.350810972589));
#15171 = VECTOR('',#15172,1.);
#15172 = DIRECTION('',(0.,1.,0.));
#15173 = PLANE('',#15174);
#15174 = AXIS2_PLACEMENT_3D('',#15175,#15176,#15177);
#15175 = CARTESIAN_POINT('',(51.708775801231,4.5,1.383679600379));
#15176 = DIRECTION('',(0.994521895368,0.,-0.104528463268));
#15177 = DIRECTION('',(0.104528463268,0.,0.994521895368));
#15178 = ADVANCED_FACE('',(#15179),#15195,.F.);
#15179 = FACE_BOUND('',#15180,.F.);
#15180 = EDGE_LOOP('',(#15181,#15187,#15188,#15194));
#15181 = ORIENTED_EDGE('',*,*,#15182,.F.);
#15182 = EDGE_CURVE('',#15103,#15143,#15183,.T.);
#15183 = LINE('',#15184,#15185);
#15184 = CARTESIAN_POINT('',(50.216992958179,4.5,1.540472295281));
#15185 = VECTOR('',#15186,1.);
#15186 = DIRECTION('',(0.994521895368,0.,-0.104528463268));
#15187 = ORIENTED_EDGE('',*,*,#15102,.T.);
#15188 = ORIENTED_EDGE('',*,*,#15189,.T.);
#15189 = EDGE_CURVE('',#15105,#15145,#15190,.T.);
#15190 = LINE('',#15191,#15192);
#15191 = CARTESIAN_POINT('',(50.844163737785,4.5,7.507603667491));
#15192 = VECTOR('',#15193,1.);
#15193 = DIRECTION('',(0.994521895368,0.,-0.104528463268));
#15194 = ORIENTED_EDGE('',*,*,#15142,.F.);
#15195 = PLANE('',#15196);
#15196 = AXIS2_PLACEMENT_3D('',#15197,#15198,#15199);
#15197 = CARTESIAN_POINT('',(50.216992958179,4.5,1.540472295281));
#15198 = DIRECTION('',(0.,1.,0.));
#15199 = DIRECTION('',(0.104528463268,0.,0.994521895368));
#15200 = ADVANCED_FACE('',(#15201),#15217,.T.);
#15201 = FACE_BOUND('',#15202,.T.);
#15202 = EDGE_LOOP('',(#15203,#15209,#15210,#15216));
#15203 = ORIENTED_EDGE('',*,*,#15204,.F.);
#15204 = EDGE_CURVE('',#15113,#15153,#15205,.T.);
#15205 = LINE('',#15206,#15207);
#15206 = CARTESIAN_POINT('',(50.216992958179,11.5,1.540472295281));
#15207 = VECTOR('',#15208,1.);
#15208 = DIRECTION('',(0.994521895368,0.,-0.104528463268));
#15209 = ORIENTED_EDGE('',*,*,#15120,.T.);
#15210 = ORIENTED_EDGE('',*,*,#15211,.T.);
#15211 = EDGE_CURVE('',#15121,#15161,#15212,.T.);
#15212 = LINE('',#15213,#15214);
#15213 = CARTESIAN_POINT('',(50.844163737785,11.5,7.507603667491));
#15214 = VECTOR('',#15215,1.);
#15215 = DIRECTION('',(0.994521895368,0.,-0.104528463268));
#15216 = ORIENTED_EDGE('',*,*,#15160,.F.);
#15217 = PLANE('',#15218);
#15218 = AXIS2_PLACEMENT_3D('',#15219,#15220,#15221);
#15219 = CARTESIAN_POINT('',(50.216992958179,11.5,1.540472295281));
#15220 = DIRECTION('',(0.,1.,0.));
#15221 = DIRECTION('',(0.104528463268,0.,0.994521895368));
#15222 = ADVANCED_FACE('',(#15223),#15229,.F.);
#15223 = FACE_BOUND('',#15224,.F.);
#15224 = EDGE_LOOP('',(#15225,#15226,#15227,#15228));
#15225 = ORIENTED_EDGE('',*,*,#15112,.F.);
#15226 = ORIENTED_EDGE('',*,*,#15182,.T.);
#15227 = ORIENTED_EDGE('',*,*,#15152,.T.);
#15228 = ORIENTED_EDGE('',*,*,#15204,.F.);
#15229 = PLANE('',#15230);
#15230 = AXIS2_PLACEMENT_3D('',#15231,#15232,#15233);
#15231 = CARTESIAN_POINT('',(50.216992958179,4.5,1.540472295281));
#15232 = DIRECTION('',(0.104528463268,0.,0.994521895368));
#15233 = DIRECTION('',(0.994521895368,0.,-0.104528463268));
#15234 = ADVANCED_FACE('',(#15235),#15241,.T.);
#15235 = FACE_BOUND('',#15236,.T.);
#15236 = EDGE_LOOP('',(#15237,#15238,#15239,#15240));
#15237 = ORIENTED_EDGE('',*,*,#15128,.F.);
#15238 = ORIENTED_EDGE('',*,*,#15189,.T.);
#15239 = ORIENTED_EDGE('',*,*,#15168,.T.);
#15240 = ORIENTED_EDGE('',*,*,#15211,.F.);
#15241 = PLANE('',#15242);
#15242 = AXIS2_PLACEMENT_3D('',#15243,#15244,#15245);
#15243 = CARTESIAN_POINT('',(50.844163737785,4.5,7.507603667491));
#15244 = DIRECTION('',(0.104528463268,0.,0.994521895368));
#15245 = DIRECTION('',(0.994521895368,0.,-0.104528463268));
#15246 = ( GEOMETRIC_REPRESENTATION_CONTEXT(3) 
GLOBAL_UNCERTAINTY_ASSIGNED_CONTEXT((#15250)) 
GLOBAL_UNIT_ASSIGNED_CONTEXT((#15247,#15248,#15249)) 
REPRESENTATION_CONTEXT('Context #1',
  '3D Context with UNIT and UNCERTAINTY') );
#15247 = ( LENGTH_UNIT() NAMED_UNIT(*) SI_UNIT(.MILLI.,.METRE.) );
#15248 = ( NAMED_UNIT(*) PLANE_ANGLE_UNIT() SI_UNIT($,.RADIAN.) );
#15249 = ( NAMED_UNIT(*) SI_UNIT($,.STERADIAN.) SOLID_ANGLE_UNIT() );
#15250 = UNCERTAINTY_MEASURE_WITH_UNIT(LENGTH_MEASURE(1.E-07),#15247,
  'distance_accuracy_value','confusion accuracy');
#15251 = CONTEXT_DEPENDENT_SHAPE_REPRESENTATION(#15252,#15254);
#15252 = ( REPRESENTATION_RELATIONSHIP('','',#14795,#10) 
REPRESENTATION_RELATIONSHIP_WITH_TRANSFORMATION(#15253) 
SHAPE_REPRESENTATION_RELATIONSHIP() );
#15253 = ITEM_DEFINED_TRANSFORMATION('','',#11,#99);
#15254 = PRODUCT_DEFINITION_SHAPE('Placement','Placement of an item',
  #15255);
#15255 = NEXT_ASSEMBLY_USAGE_OCCURRENCE('22',
  'Right asymmetric perimeter keys','',#5,#14790,$);
#15256 = PRODUCT_RELATED_PRODUCT_CATEGORY('part',$,(#14792));
#15257 = SHAPE_DEFINITION_REPRESENTATION(#15258,#15264);
#15258 = PRODUCT_DEFINITION_SHAPE('','',#15259);
#15259 = PRODUCT_DEFINITION('design','',#15260,#15263);
#15260 = PRODUCT_DEFINITION_FORMATION('','',#15261);
#15261 = PRODUCT('Right compression hard stops',
  'Right compression hard stops','',(#15262));
#15262 = PRODUCT_CONTEXT('',#2,'mechanical');
#15263 = PRODUCT_DEFINITION_CONTEXT('part definition',#2,'design');
#15264 = SHAPE_REPRESENTATION('',(#11,#15265,#15415,#15565,#15715),
  #15865);
#15265 = MANIFOLD_SOLID_BREP('',#15266);
#15266 = CLOSED_SHELL('',(#15267,#15307,#15347,#15369,#15391,#15403));
#15267 = ADVANCED_FACE('',(#15268),#15302,.F.);
#15268 = FACE_BOUND('',#15269,.F.);
#15269 = EDGE_LOOP('',(#15270,#15280,#15288,#15296));
#15270 = ORIENTED_EDGE('',*,*,#15271,.F.);
#15271 = EDGE_CURVE('',#15272,#15274,#15276,.T.);
#15272 = VERTEX_POINT('',#15273);
#15273 = CARTESIAN_POINT('',(30.72436380896,-7.6,3.589230175327));
#15274 = VERTEX_POINT('',#15275);
#15275 = CARTESIAN_POINT('',(31.351534588566,-7.6,9.556361547537));
#15276 = LINE('',#15277,#15278);
#15277 = CARTESIAN_POINT('',(30.72436380896,-7.6,3.589230175327));
#15278 = VECTOR('',#15279,1.);
#15279 = DIRECTION('',(0.104528463268,0.,0.994521895368));
#15280 = ORIENTED_EDGE('',*,*,#15281,.T.);
#15281 = EDGE_CURVE('',#15272,#15282,#15284,.T.);
#15282 = VERTEX_POINT('',#15283);
#15283 = CARTESIAN_POINT('',(30.72436380896,-5.2,3.589230175327));
#15284 = LINE('',#15285,#15286);
#15285 = CARTESIAN_POINT('',(30.72436380896,-7.6,3.589230175327));
#15286 = VECTOR('',#15287,1.);
#15287 = DIRECTION('',(0.,1.,0.));
#15288 = ORIENTED_EDGE('',*,*,#15289,.T.);
#15289 = EDGE_CURVE('',#15282,#15290,#15292,.T.);
#15290 = VERTEX_POINT('',#15291);
#15291 = CARTESIAN_POINT('',(31.351534588566,-5.2,9.556361547537));
#15292 = LINE('',#15293,#15294);
#15293 = CARTESIAN_POINT('',(30.72436380896,-5.2,3.589230175327));
#15294 = VECTOR('',#15295,1.);
#15295 = DIRECTION('',(0.104528463268,0.,0.994521895368));
#15296 = ORIENTED_EDGE('',*,*,#15297,.F.);
#15297 = EDGE_CURVE('',#15274,#15290,#15298,.T.);
#15298 = LINE('',#15299,#15300);
#15299 = CARTESIAN_POINT('',(31.351534588566,-7.6,9.556361547537));
#15300 = VECTOR('',#15301,1.);
#15301 = DIRECTION('',(0.,1.,0.));
#15302 = PLANE('',#15303);
#15303 = AXIS2_PLACEMENT_3D('',#15304,#15305,#15306);
#15304 = CARTESIAN_POINT('',(30.72436380896,-7.6,3.589230175327));
#15305 = DIRECTION('',(0.994521895368,0.,-0.104528463268));
#15306 = DIRECTION('',(0.104528463268,0.,0.994521895368));
#15307 = ADVANCED_FACE('',(#15308),#15342,.T.);
#15308 = FACE_BOUND('',#15309,.T.);
#15309 = EDGE_LOOP('',(#15310,#15320,#15328,#15336));
#15310 = ORIENTED_EDGE('',*,*,#15311,.F.);
#15311 = EDGE_CURVE('',#15312,#15314,#15316,.T.);
#15312 = VERTEX_POINT('',#15313);
#15313 = CARTESIAN_POINT('',(33.111216357844,-7.6,3.338361863485));
#15314 = VERTEX_POINT('',#15315);
#15315 = CARTESIAN_POINT('',(33.73838713745,-7.6,9.305493235694));
#15316 = LINE('',#15317,#15318);
#15317 = CARTESIAN_POINT('',(33.111216357844,-7.6,3.338361863485));
#15318 = VECTOR('',#15319,1.);
#15319 = DIRECTION('',(0.104528463268,0.,0.994521895368));
#15320 = ORIENTED_EDGE('',*,*,#15321,.T.);
#15321 = EDGE_CURVE('',#15312,#15322,#15324,.T.);
#15322 = VERTEX_POINT('',#15323);
#15323 = CARTESIAN_POINT('',(33.111216357844,-5.2,3.338361863485));
#15324 = LINE('',#15325,#15326);
#15325 = CARTESIAN_POINT('',(33.111216357844,-7.6,3.338361863485));
#15326 = VECTOR('',#15327,1.);
#15327 = DIRECTION('',(0.,1.,0.));
#15328 = ORIENTED_EDGE('',*,*,#15329,.T.);
#15329 = EDGE_CURVE('',#15322,#15330,#15332,.T.);
#15330 = VERTEX_POINT('',#15331);
#15331 = CARTESIAN_POINT('',(33.73838713745,-5.2,9.305493235694));
#15332 = LINE('',#15333,#15334);
#15333 = CARTESIAN_POINT('',(33.111216357844,-5.2,3.338361863485));
#15334 = VECTOR('',#15335,1.);
#15335 = DIRECTION('',(0.104528463268,0.,0.994521895368));
#15336 = ORIENTED_EDGE('',*,*,#15337,.F.);
#15337 = EDGE_CURVE('',#15314,#15330,#15338,.T.);
#15338 = LINE('',#15339,#15340);
#15339 = CARTESIAN_POINT('',(33.73838713745,-7.6,9.305493235694));
#15340 = VECTOR('',#15341,1.);
#15341 = DIRECTION('',(0.,1.,0.));
#15342 = PLANE('',#15343);
#15343 = AXIS2_PLACEMENT_3D('',#15344,#15345,#15346);
#15344 = CARTESIAN_POINT('',(33.111216357844,-7.6,3.338361863485));
#15345 = DIRECTION('',(0.994521895368,0.,-0.104528463268));
#15346 = DIRECTION('',(0.104528463268,0.,0.994521895368));
#15347 = ADVANCED_FACE('',(#15348),#15364,.F.);
#15348 = FACE_BOUND('',#15349,.F.);
#15349 = EDGE_LOOP('',(#15350,#15356,#15357,#15363));
#15350 = ORIENTED_EDGE('',*,*,#15351,.F.);
#15351 = EDGE_CURVE('',#15272,#15312,#15352,.T.);
#15352 = LINE('',#15353,#15354);
#15353 = CARTESIAN_POINT('',(30.72436380896,-7.6,3.589230175327));
#15354 = VECTOR('',#15355,1.);
#15355 = DIRECTION('',(0.994521895368,0.,-0.104528463268));
#15356 = ORIENTED_EDGE('',*,*,#15271,.T.);
#15357 = ORIENTED_EDGE('',*,*,#15358,.T.);
#15358 = EDGE_CURVE('',#15274,#15314,#15359,.T.);
#15359 = LINE('',#15360,#15361);
#15360 = CARTESIAN_POINT('',(31.351534588566,-7.6,9.556361547537));
#15361 = VECTOR('',#15362,1.);
#15362 = DIRECTION('',(0.994521895368,0.,-0.104528463268));
#15363 = ORIENTED_EDGE('',*,*,#15311,.F.);
#15364 = PLANE('',#15365);
#15365 = AXIS2_PLACEMENT_3D('',#15366,#15367,#15368);
#15366 = CARTESIAN_POINT('',(30.72436380896,-7.6,3.589230175327));
#15367 = DIRECTION('',(0.,1.,0.));
#15368 = DIRECTION('',(0.104528463268,0.,0.994521895368));
#15369 = ADVANCED_FACE('',(#15370),#15386,.T.);
#15370 = FACE_BOUND('',#15371,.T.);
#15371 = EDGE_LOOP('',(#15372,#15378,#15379,#15385));
#15372 = ORIENTED_EDGE('',*,*,#15373,.F.);
#15373 = EDGE_CURVE('',#15282,#15322,#15374,.T.);
#15374 = LINE('',#15375,#15376);
#15375 = CARTESIAN_POINT('',(30.72436380896,-5.2,3.589230175327));
#15376 = VECTOR('',#15377,1.);
#15377 = DIRECTION('',(0.994521895368,0.,-0.104528463268));
#15378 = ORIENTED_EDGE('',*,*,#15289,.T.);
#15379 = ORIENTED_EDGE('',*,*,#15380,.T.);
#15380 = EDGE_CURVE('',#15290,#15330,#15381,.T.);
#15381 = LINE('',#15382,#15383);
#15382 = CARTESIAN_POINT('',(31.351534588566,-5.2,9.556361547537));
#15383 = VECTOR('',#15384,1.);
#15384 = DIRECTION('',(0.994521895368,0.,-0.104528463268));
#15385 = ORIENTED_EDGE('',*,*,#15329,.F.);
#15386 = PLANE('',#15387);
#15387 = AXIS2_PLACEMENT_3D('',#15388,#15389,#15390);
#15388 = CARTESIAN_POINT('',(30.72436380896,-5.2,3.589230175327));
#15389 = DIRECTION('',(0.,1.,0.));
#15390 = DIRECTION('',(0.104528463268,0.,0.994521895368));
#15391 = ADVANCED_FACE('',(#15392),#15398,.F.);
#15392 = FACE_BOUND('',#15393,.F.);
#15393 = EDGE_LOOP('',(#15394,#15395,#15396,#15397));
#15394 = ORIENTED_EDGE('',*,*,#15281,.F.);
#15395 = ORIENTED_EDGE('',*,*,#15351,.T.);
#15396 = ORIENTED_EDGE('',*,*,#15321,.T.);
#15397 = ORIENTED_EDGE('',*,*,#15373,.F.);
#15398 = PLANE('',#15399);
#15399 = AXIS2_PLACEMENT_3D('',#15400,#15401,#15402);
#15400 = CARTESIAN_POINT('',(30.72436380896,-7.6,3.589230175327));
#15401 = DIRECTION('',(0.104528463268,0.,0.994521895368));
#15402 = DIRECTION('',(0.994521895368,0.,-0.104528463268));
#15403 = ADVANCED_FACE('',(#15404),#15410,.T.);
#15404 = FACE_BOUND('',#15405,.T.);
#15405 = EDGE_LOOP('',(#15406,#15407,#15408,#15409));
#15406 = ORIENTED_EDGE('',*,*,#15297,.F.);
#15407 = ORIENTED_EDGE('',*,*,#15358,.T.);
#15408 = ORIENTED_EDGE('',*,*,#15337,.T.);
#15409 = ORIENTED_EDGE('',*,*,#15380,.F.);
#15410 = PLANE('',#15411);
#15411 = AXIS2_PLACEMENT_3D('',#15412,#15413,#15414);
#15412 = CARTESIAN_POINT('',(31.351534588566,-7.6,9.556361547537));
#15413 = DIRECTION('',(0.104528463268,0.,0.994521895368));
#15414 = DIRECTION('',(0.994521895368,0.,-0.104528463268));
#15415 = MANIFOLD_SOLID_BREP('',#15416);
#15416 = CLOSED_SHELL('',(#15417,#15457,#15497,#15519,#15541,#15553));
#15417 = ADVANCED_FACE('',(#15418),#15452,.F.);
#15418 = FACE_BOUND('',#15419,.F.);
#15419 = EDGE_LOOP('',(#15420,#15430,#15438,#15446));
#15420 = ORIENTED_EDGE('',*,*,#15421,.F.);
#15421 = EDGE_CURVE('',#15422,#15424,#15426,.T.);
#15422 = VERTEX_POINT('',#15423);
#15423 = CARTESIAN_POINT('',(47.432331651147,-7.6,1.83315199243));
#15424 = VERTEX_POINT('',#15425);
#15425 = CARTESIAN_POINT('',(48.059502430753,-7.6,7.80028336464));
#15426 = LINE('',#15427,#15428);
#15427 = CARTESIAN_POINT('',(47.432331651147,-7.6,1.83315199243));
#15428 = VECTOR('',#15429,1.);
#15429 = DIRECTION('',(0.104528463268,0.,0.994521895368));
#15430 = ORIENTED_EDGE('',*,*,#15431,.T.);
#15431 = EDGE_CURVE('',#15422,#15432,#15434,.T.);
#15432 = VERTEX_POINT('',#15433);
#15433 = CARTESIAN_POINT('',(47.432331651147,-5.2,1.83315199243));
#15434 = LINE('',#15435,#15436);
#15435 = CARTESIAN_POINT('',(47.432331651147,-7.6,1.83315199243));
#15436 = VECTOR('',#15437,1.);
#15437 = DIRECTION('',(0.,1.,0.));
#15438 = ORIENTED_EDGE('',*,*,#15439,.T.);
#15439 = EDGE_CURVE('',#15432,#15440,#15442,.T.);
#15440 = VERTEX_POINT('',#15441);
#15441 = CARTESIAN_POINT('',(48.059502430753,-5.2,7.80028336464));
#15442 = LINE('',#15443,#15444);
#15443 = CARTESIAN_POINT('',(47.432331651147,-5.2,1.83315199243));
#15444 = VECTOR('',#15445,1.);
#15445 = DIRECTION('',(0.104528463268,0.,0.994521895368));
#15446 = ORIENTED_EDGE('',*,*,#15447,.F.);
#15447 = EDGE_CURVE('',#15424,#15440,#15448,.T.);
#15448 = LINE('',#15449,#15450);
#15449 = CARTESIAN_POINT('',(48.059502430753,-7.6,7.80028336464));
#15450 = VECTOR('',#15451,1.);
#15451 = DIRECTION('',(0.,1.,0.));
#15452 = PLANE('',#15453);
#15453 = AXIS2_PLACEMENT_3D('',#15454,#15455,#15456);
#15454 = CARTESIAN_POINT('',(47.432331651147,-7.6,1.83315199243));
#15455 = DIRECTION('',(0.994521895368,0.,-0.104528463268));
#15456 = DIRECTION('',(0.104528463268,0.,0.994521895368));
#15457 = ADVANCED_FACE('',(#15458),#15492,.T.);
#15458 = FACE_BOUND('',#15459,.T.);
#15459 = EDGE_LOOP('',(#15460,#15470,#15478,#15486));
#15460 = ORIENTED_EDGE('',*,*,#15461,.F.);
#15461 = EDGE_CURVE('',#15462,#15464,#15466,.T.);
#15462 = VERTEX_POINT('',#15463);
#15463 = CARTESIAN_POINT('',(49.819184200031,-7.6,1.582283680588));
#15464 = VERTEX_POINT('',#15465);
#15465 = CARTESIAN_POINT('',(50.446354979637,-7.6,7.549415052798));
#15466 = LINE('',#15467,#15468);
#15467 = CARTESIAN_POINT('',(49.819184200031,-7.6,1.582283680588));
#15468 = VECTOR('',#15469,1.);
#15469 = DIRECTION('',(0.104528463268,0.,0.994521895368));
#15470 = ORIENTED_EDGE('',*,*,#15471,.T.);
#15471 = EDGE_CURVE('',#15462,#15472,#15474,.T.);
#15472 = VERTEX_POINT('',#15473);
#15473 = CARTESIAN_POINT('',(49.819184200031,-5.2,1.582283680588));
#15474 = LINE('',#15475,#15476);
#15475 = CARTESIAN_POINT('',(49.819184200031,-7.6,1.582283680588));
#15476 = VECTOR('',#15477,1.);
#15477 = DIRECTION('',(0.,1.,0.));
#15478 = ORIENTED_EDGE('',*,*,#15479,.T.);
#15479 = EDGE_CURVE('',#15472,#15480,#15482,.T.);
#15480 = VERTEX_POINT('',#15481);
#15481 = CARTESIAN_POINT('',(50.446354979637,-5.2,7.549415052798));
#15482 = LINE('',#15483,#15484);
#15483 = CARTESIAN_POINT('',(49.819184200031,-5.2,1.582283680588));
#15484 = VECTOR('',#15485,1.);
#15485 = DIRECTION('',(0.104528463268,0.,0.994521895368));
#15486 = ORIENTED_EDGE('',*,*,#15487,.F.);
#15487 = EDGE_CURVE('',#15464,#15480,#15488,.T.);
#15488 = LINE('',#15489,#15490);
#15489 = CARTESIAN_POINT('',(50.446354979637,-7.6,7.549415052798));
#15490 = VECTOR('',#15491,1.);
#15491 = DIRECTION('',(0.,1.,0.));
#15492 = PLANE('',#15493);
#15493 = AXIS2_PLACEMENT_3D('',#15494,#15495,#15496);
#15494 = CARTESIAN_POINT('',(49.819184200031,-7.6,1.582283680588));
#15495 = DIRECTION('',(0.994521895368,0.,-0.104528463268));
#15496 = DIRECTION('',(0.104528463268,0.,0.994521895368));
#15497 = ADVANCED_FACE('',(#15498),#15514,.F.);
#15498 = FACE_BOUND('',#15499,.F.);
#15499 = EDGE_LOOP('',(#15500,#15506,#15507,#15513));
#15500 = ORIENTED_EDGE('',*,*,#15501,.F.);
#15501 = EDGE_CURVE('',#15422,#15462,#15502,.T.);
#15502 = LINE('',#15503,#15504);
#15503 = CARTESIAN_POINT('',(47.432331651147,-7.6,1.83315199243));
#15504 = VECTOR('',#15505,1.);
#15505 = DIRECTION('',(0.994521895368,0.,-0.104528463268));
#15506 = ORIENTED_EDGE('',*,*,#15421,.T.);
#15507 = ORIENTED_EDGE('',*,*,#15508,.T.);
#15508 = EDGE_CURVE('',#15424,#15464,#15509,.T.);
#15509 = LINE('',#15510,#15511);
#15510 = CARTESIAN_POINT('',(48.059502430753,-7.6,7.80028336464));
#15511 = VECTOR('',#15512,1.);
#15512 = DIRECTION('',(0.994521895368,0.,-0.104528463268));
#15513 = ORIENTED_EDGE('',*,*,#15461,.F.);
#15514 = PLANE('',#15515);
#15515 = AXIS2_PLACEMENT_3D('',#15516,#15517,#15518);
#15516 = CARTESIAN_POINT('',(47.432331651147,-7.6,1.83315199243));
#15517 = DIRECTION('',(0.,1.,0.));
#15518 = DIRECTION('',(0.104528463268,0.,0.994521895368));
#15519 = ADVANCED_FACE('',(#15520),#15536,.T.);
#15520 = FACE_BOUND('',#15521,.T.);
#15521 = EDGE_LOOP('',(#15522,#15528,#15529,#15535));
#15522 = ORIENTED_EDGE('',*,*,#15523,.F.);
#15523 = EDGE_CURVE('',#15432,#15472,#15524,.T.);
#15524 = LINE('',#15525,#15526);
#15525 = CARTESIAN_POINT('',(47.432331651147,-5.2,1.83315199243));
#15526 = VECTOR('',#15527,1.);
#15527 = DIRECTION('',(0.994521895368,0.,-0.104528463268));
#15528 = ORIENTED_EDGE('',*,*,#15439,.T.);
#15529 = ORIENTED_EDGE('',*,*,#15530,.T.);
#15530 = EDGE_CURVE('',#15440,#15480,#15531,.T.);
#15531 = LINE('',#15532,#15533);
#15532 = CARTESIAN_POINT('',(48.059502430753,-5.2,7.80028336464));
#15533 = VECTOR('',#15534,1.);
#15534 = DIRECTION('',(0.994521895368,0.,-0.104528463268));
#15535 = ORIENTED_EDGE('',*,*,#15479,.F.);
#15536 = PLANE('',#15537);
#15537 = AXIS2_PLACEMENT_3D('',#15538,#15539,#15540);
#15538 = CARTESIAN_POINT('',(47.432331651147,-5.2,1.83315199243));
#15539 = DIRECTION('',(0.,1.,0.));
#15540 = DIRECTION('',(0.104528463268,0.,0.994521895368));
#15541 = ADVANCED_FACE('',(#15542),#15548,.F.);
#15542 = FACE_BOUND('',#15543,.F.);
#15543 = EDGE_LOOP('',(#15544,#15545,#15546,#15547));
#15544 = ORIENTED_EDGE('',*,*,#15431,.F.);
#15545 = ORIENTED_EDGE('',*,*,#15501,.T.);
#15546 = ORIENTED_EDGE('',*,*,#15471,.T.);
#15547 = ORIENTED_EDGE('',*,*,#15523,.F.);
#15548 = PLANE('',#15549);
#15549 = AXIS2_PLACEMENT_3D('',#15550,#15551,#15552);
#15550 = CARTESIAN_POINT('',(47.432331651147,-7.6,1.83315199243));
#15551 = DIRECTION('',(0.104528463268,0.,0.994521895368));
#15552 = DIRECTION('',(0.994521895368,0.,-0.104528463268));
#15553 = ADVANCED_FACE('',(#15554),#15560,.T.);
#15554 = FACE_BOUND('',#15555,.T.);
#15555 = EDGE_LOOP('',(#15556,#15557,#15558,#15559));
#15556 = ORIENTED_EDGE('',*,*,#15447,.F.);
#15557 = ORIENTED_EDGE('',*,*,#15508,.T.);
#15558 = ORIENTED_EDGE('',*,*,#15487,.T.);
#15559 = ORIENTED_EDGE('',*,*,#15530,.F.);
#15560 = PLANE('',#15561);
#15561 = AXIS2_PLACEMENT_3D('',#15562,#15563,#15564);
#15562 = CARTESIAN_POINT('',(48.059502430753,-7.6,7.80028336464));
#15563 = DIRECTION('',(0.104528463268,0.,0.994521895368));
#15564 = DIRECTION('',(0.994521895368,0.,-0.104528463268));
#15565 = MANIFOLD_SOLID_BREP('',#15566);
#15566 = CLOSED_SHELL('',(#15567,#15607,#15647,#15669,#15691,#15703));
#15567 = ADVANCED_FACE('',(#15568),#15602,.F.);
#15568 = FACE_BOUND('',#15569,.F.);
#15569 = EDGE_LOOP('',(#15570,#15580,#15588,#15596));
#15570 = ORIENTED_EDGE('',*,*,#15571,.F.);
#15571 = EDGE_CURVE('',#15572,#15574,#15576,.T.);
#15572 = VERTEX_POINT('',#15573);
#15573 = CARTESIAN_POINT('',(30.72436380896,5.2,3.589230175327));
#15574 = VERTEX_POINT('',#15575);
#15575 = CARTESIAN_POINT('',(31.351534588566,5.2,9.556361547537));
#15576 = LINE('',#15577,#15578);
#15577 = CARTESIAN_POINT('',(30.72436380896,5.2,3.589230175327));
#15578 = VECTOR('',#15579,1.);
#15579 = DIRECTION('',(0.104528463268,0.,0.994521895368));
#15580 = ORIENTED_EDGE('',*,*,#15581,.T.);
#15581 = EDGE_CURVE('',#15572,#15582,#15584,.T.);
#15582 = VERTEX_POINT('',#15583);
#15583 = CARTESIAN_POINT('',(30.72436380896,7.6,3.589230175327));
#15584 = LINE('',#15585,#15586);
#15585 = CARTESIAN_POINT('',(30.72436380896,5.2,3.589230175327));
#15586 = VECTOR('',#15587,1.);
#15587 = DIRECTION('',(0.,1.,0.));
#15588 = ORIENTED_EDGE('',*,*,#15589,.T.);
#15589 = EDGE_CURVE('',#15582,#15590,#15592,.T.);
#15590 = VERTEX_POINT('',#15591);
#15591 = CARTESIAN_POINT('',(31.351534588566,7.6,9.556361547537));
#15592 = LINE('',#15593,#15594);
#15593 = CARTESIAN_POINT('',(30.72436380896,7.6,3.589230175327));
#15594 = VECTOR('',#15595,1.);
#15595 = DIRECTION('',(0.104528463268,0.,0.994521895368));
#15596 = ORIENTED_EDGE('',*,*,#15597,.F.);
#15597 = EDGE_CURVE('',#15574,#15590,#15598,.T.);
#15598 = LINE('',#15599,#15600);
#15599 = CARTESIAN_POINT('',(31.351534588566,5.2,9.556361547537));
#15600 = VECTOR('',#15601,1.);
#15601 = DIRECTION('',(0.,1.,0.));
#15602 = PLANE('',#15603);
#15603 = AXIS2_PLACEMENT_3D('',#15604,#15605,#15606);
#15604 = CARTESIAN_POINT('',(30.72436380896,5.2,3.589230175327));
#15605 = DIRECTION('',(0.994521895368,0.,-0.104528463268));
#15606 = DIRECTION('',(0.104528463268,0.,0.994521895368));
#15607 = ADVANCED_FACE('',(#15608),#15642,.T.);
#15608 = FACE_BOUND('',#15609,.T.);
#15609 = EDGE_LOOP('',(#15610,#15620,#15628,#15636));
#15610 = ORIENTED_EDGE('',*,*,#15611,.F.);
#15611 = EDGE_CURVE('',#15612,#15614,#15616,.T.);
#15612 = VERTEX_POINT('',#15613);
#15613 = CARTESIAN_POINT('',(33.111216357844,5.2,3.338361863485));
#15614 = VERTEX_POINT('',#15615);
#15615 = CARTESIAN_POINT('',(33.73838713745,5.2,9.305493235694));
#15616 = LINE('',#15617,#15618);
#15617 = CARTESIAN_POINT('',(33.111216357844,5.2,3.338361863485));
#15618 = VECTOR('',#15619,1.);
#15619 = DIRECTION('',(0.104528463268,0.,0.994521895368));
#15620 = ORIENTED_EDGE('',*,*,#15621,.T.);
#15621 = EDGE_CURVE('',#15612,#15622,#15624,.T.);
#15622 = VERTEX_POINT('',#15623);
#15623 = CARTESIAN_POINT('',(33.111216357844,7.6,3.338361863485));
#15624 = LINE('',#15625,#15626);
#15625 = CARTESIAN_POINT('',(33.111216357844,5.2,3.338361863485));
#15626 = VECTOR('',#15627,1.);
#15627 = DIRECTION('',(0.,1.,0.));
#15628 = ORIENTED_EDGE('',*,*,#15629,.T.);
#15629 = EDGE_CURVE('',#15622,#15630,#15632,.T.);
#15630 = VERTEX_POINT('',#15631);
#15631 = CARTESIAN_POINT('',(33.73838713745,7.6,9.305493235694));
#15632 = LINE('',#15633,#15634);
#15633 = CARTESIAN_POINT('',(33.111216357844,7.6,3.338361863485));
#15634 = VECTOR('',#15635,1.);
#15635 = DIRECTION('',(0.104528463268,0.,0.994521895368));
#15636 = ORIENTED_EDGE('',*,*,#15637,.F.);
#15637 = EDGE_CURVE('',#15614,#15630,#15638,.T.);
#15638 = LINE('',#15639,#15640);
#15639 = CARTESIAN_POINT('',(33.73838713745,5.2,9.305493235694));
#15640 = VECTOR('',#15641,1.);
#15641 = DIRECTION('',(0.,1.,0.));
#15642 = PLANE('',#15643);
#15643 = AXIS2_PLACEMENT_3D('',#15644,#15645,#15646);
#15644 = CARTESIAN_POINT('',(33.111216357844,5.2,3.338361863485));
#15645 = DIRECTION('',(0.994521895368,0.,-0.104528463268));
#15646 = DIRECTION('',(0.104528463268,0.,0.994521895368));
#15647 = ADVANCED_FACE('',(#15648),#15664,.F.);
#15648 = FACE_BOUND('',#15649,.F.);
#15649 = EDGE_LOOP('',(#15650,#15656,#15657,#15663));
#15650 = ORIENTED_EDGE('',*,*,#15651,.F.);
#15651 = EDGE_CURVE('',#15572,#15612,#15652,.T.);
#15652 = LINE('',#15653,#15654);
#15653 = CARTESIAN_POINT('',(30.72436380896,5.2,3.589230175327));
#15654 = VECTOR('',#15655,1.);
#15655 = DIRECTION('',(0.994521895368,0.,-0.104528463268));
#15656 = ORIENTED_EDGE('',*,*,#15571,.T.);
#15657 = ORIENTED_EDGE('',*,*,#15658,.T.);
#15658 = EDGE_CURVE('',#15574,#15614,#15659,.T.);
#15659 = LINE('',#15660,#15661);
#15660 = CARTESIAN_POINT('',(31.351534588566,5.2,9.556361547537));
#15661 = VECTOR('',#15662,1.);
#15662 = DIRECTION('',(0.994521895368,0.,-0.104528463268));
#15663 = ORIENTED_EDGE('',*,*,#15611,.F.);
#15664 = PLANE('',#15665);
#15665 = AXIS2_PLACEMENT_3D('',#15666,#15667,#15668);
#15666 = CARTESIAN_POINT('',(30.72436380896,5.2,3.589230175327));
#15667 = DIRECTION('',(0.,1.,0.));
#15668 = DIRECTION('',(0.104528463268,0.,0.994521895368));
#15669 = ADVANCED_FACE('',(#15670),#15686,.T.);
#15670 = FACE_BOUND('',#15671,.T.);
#15671 = EDGE_LOOP('',(#15672,#15678,#15679,#15685));
#15672 = ORIENTED_EDGE('',*,*,#15673,.F.);
#15673 = EDGE_CURVE('',#15582,#15622,#15674,.T.);
#15674 = LINE('',#15675,#15676);
#15675 = CARTESIAN_POINT('',(30.72436380896,7.6,3.589230175327));
#15676 = VECTOR('',#15677,1.);
#15677 = DIRECTION('',(0.994521895368,0.,-0.104528463268));
#15678 = ORIENTED_EDGE('',*,*,#15589,.T.);
#15679 = ORIENTED_EDGE('',*,*,#15680,.T.);
#15680 = EDGE_CURVE('',#15590,#15630,#15681,.T.);
#15681 = LINE('',#15682,#15683);
#15682 = CARTESIAN_POINT('',(31.351534588566,7.6,9.556361547537));
#15683 = VECTOR('',#15684,1.);
#15684 = DIRECTION('',(0.994521895368,0.,-0.104528463268));
#15685 = ORIENTED_EDGE('',*,*,#15629,.F.);
#15686 = PLANE('',#15687);
#15687 = AXIS2_PLACEMENT_3D('',#15688,#15689,#15690);
#15688 = CARTESIAN_POINT('',(30.72436380896,7.6,3.589230175327));
#15689 = DIRECTION('',(0.,1.,0.));
#15690 = DIRECTION('',(0.104528463268,0.,0.994521895368));
#15691 = ADVANCED_FACE('',(#15692),#15698,.F.);
#15692 = FACE_BOUND('',#15693,.F.);
#15693 = EDGE_LOOP('',(#15694,#15695,#15696,#15697));
#15694 = ORIENTED_EDGE('',*,*,#15581,.F.);
#15695 = ORIENTED_EDGE('',*,*,#15651,.T.);
#15696 = ORIENTED_EDGE('',*,*,#15621,.T.);
#15697 = ORIENTED_EDGE('',*,*,#15673,.F.);
#15698 = PLANE('',#15699);
#15699 = AXIS2_PLACEMENT_3D('',#15700,#15701,#15702);
#15700 = CARTESIAN_POINT('',(30.72436380896,5.2,3.589230175327));
#15701 = DIRECTION('',(0.104528463268,0.,0.994521895368));
#15702 = DIRECTION('',(0.994521895368,0.,-0.104528463268));
#15703 = ADVANCED_FACE('',(#15704),#15710,.T.);
#15704 = FACE_BOUND('',#15705,.T.);
#15705 = EDGE_LOOP('',(#15706,#15707,#15708,#15709));
#15706 = ORIENTED_EDGE('',*,*,#15597,.F.);
#15707 = ORIENTED_EDGE('',*,*,#15658,.T.);
#15708 = ORIENTED_EDGE('',*,*,#15637,.T.);
#15709 = ORIENTED_EDGE('',*,*,#15680,.F.);
#15710 = PLANE('',#15711);
#15711 = AXIS2_PLACEMENT_3D('',#15712,#15713,#15714);
#15712 = CARTESIAN_POINT('',(31.351534588566,5.2,9.556361547537));
#15713 = DIRECTION('',(0.104528463268,0.,0.994521895368));
#15714 = DIRECTION('',(0.994521895368,0.,-0.104528463268));
#15715 = MANIFOLD_SOLID_BREP('',#15716);
#15716 = CLOSED_SHELL('',(#15717,#15757,#15797,#15819,#15841,#15853));
#15717 = ADVANCED_FACE('',(#15718),#15752,.F.);
#15718 = FACE_BOUND('',#15719,.F.);
#15719 = EDGE_LOOP('',(#15720,#15730,#15738,#15746));
#15720 = ORIENTED_EDGE('',*,*,#15721,.F.);
#15721 = EDGE_CURVE('',#15722,#15724,#15726,.T.);
#15722 = VERTEX_POINT('',#15723);
#15723 = CARTESIAN_POINT('',(47.432331651147,5.2,1.83315199243));
#15724 = VERTEX_POINT('',#15725);
#15725 = CARTESIAN_POINT('',(48.059502430753,5.2,7.80028336464));
#15726 = LINE('',#15727,#15728);
#15727 = CARTESIAN_POINT('',(47.432331651147,5.2,1.83315199243));
#15728 = VECTOR('',#15729,1.);
#15729 = DIRECTION('',(0.104528463268,0.,0.994521895368));
#15730 = ORIENTED_EDGE('',*,*,#15731,.T.);
#15731 = EDGE_CURVE('',#15722,#15732,#15734,.T.);
#15732 = VERTEX_POINT('',#15733);
#15733 = CARTESIAN_POINT('',(47.432331651147,7.6,1.83315199243));
#15734 = LINE('',#15735,#15736);
#15735 = CARTESIAN_POINT('',(47.432331651147,5.2,1.83315199243));
#15736 = VECTOR('',#15737,1.);
#15737 = DIRECTION('',(0.,1.,0.));
#15738 = ORIENTED_EDGE('',*,*,#15739,.T.);
#15739 = EDGE_CURVE('',#15732,#15740,#15742,.T.);
#15740 = VERTEX_POINT('',#15741);
#15741 = CARTESIAN_POINT('',(48.059502430753,7.6,7.80028336464));
#15742 = LINE('',#15743,#15744);
#15743 = CARTESIAN_POINT('',(47.432331651147,7.6,1.83315199243));
#15744 = VECTOR('',#15745,1.);
#15745 = DIRECTION('',(0.104528463268,0.,0.994521895368));
#15746 = ORIENTED_EDGE('',*,*,#15747,.F.);
#15747 = EDGE_CURVE('',#15724,#15740,#15748,.T.);
#15748 = LINE('',#15749,#15750);
#15749 = CARTESIAN_POINT('',(48.059502430753,5.2,7.80028336464));
#15750 = VECTOR('',#15751,1.);
#15751 = DIRECTION('',(0.,1.,0.));
#15752 = PLANE('',#15753);
#15753 = AXIS2_PLACEMENT_3D('',#15754,#15755,#15756);
#15754 = CARTESIAN_POINT('',(47.432331651147,5.2,1.83315199243));
#15755 = DIRECTION('',(0.994521895368,0.,-0.104528463268));
#15756 = DIRECTION('',(0.104528463268,0.,0.994521895368));
#15757 = ADVANCED_FACE('',(#15758),#15792,.T.);
#15758 = FACE_BOUND('',#15759,.T.);
#15759 = EDGE_LOOP('',(#15760,#15770,#15778,#15786));
#15760 = ORIENTED_EDGE('',*,*,#15761,.F.);
#15761 = EDGE_CURVE('',#15762,#15764,#15766,.T.);
#15762 = VERTEX_POINT('',#15763);
#15763 = CARTESIAN_POINT('',(49.819184200031,5.2,1.582283680588));
#15764 = VERTEX_POINT('',#15765);
#15765 = CARTESIAN_POINT('',(50.446354979637,5.2,7.549415052798));
#15766 = LINE('',#15767,#15768);
#15767 = CARTESIAN_POINT('',(49.819184200031,5.2,1.582283680588));
#15768 = VECTOR('',#15769,1.);
#15769 = DIRECTION('',(0.104528463268,0.,0.994521895368));
#15770 = ORIENTED_EDGE('',*,*,#15771,.T.);
#15771 = EDGE_CURVE('',#15762,#15772,#15774,.T.);
#15772 = VERTEX_POINT('',#15773);
#15773 = CARTESIAN_POINT('',(49.819184200031,7.6,1.582283680588));
#15774 = LINE('',#15775,#15776);
#15775 = CARTESIAN_POINT('',(49.819184200031,5.2,1.582283680588));
#15776 = VECTOR('',#15777,1.);
#15777 = DIRECTION('',(0.,1.,0.));
#15778 = ORIENTED_EDGE('',*,*,#15779,.T.);
#15779 = EDGE_CURVE('',#15772,#15780,#15782,.T.);
#15780 = VERTEX_POINT('',#15781);
#15781 = CARTESIAN_POINT('',(50.446354979637,7.6,7.549415052798));
#15782 = LINE('',#15783,#15784);
#15783 = CARTESIAN_POINT('',(49.819184200031,7.6,1.582283680588));
#15784 = VECTOR('',#15785,1.);
#15785 = DIRECTION('',(0.104528463268,0.,0.994521895368));
#15786 = ORIENTED_EDGE('',*,*,#15787,.F.);
#15787 = EDGE_CURVE('',#15764,#15780,#15788,.T.);
#15788 = LINE('',#15789,#15790);
#15789 = CARTESIAN_POINT('',(50.446354979637,5.2,7.549415052798));
#15790 = VECTOR('',#15791,1.);
#15791 = DIRECTION('',(0.,1.,0.));
#15792 = PLANE('',#15793);
#15793 = AXIS2_PLACEMENT_3D('',#15794,#15795,#15796);
#15794 = CARTESIAN_POINT('',(49.819184200031,5.2,1.582283680588));
#15795 = DIRECTION('',(0.994521895368,0.,-0.104528463268));
#15796 = DIRECTION('',(0.104528463268,0.,0.994521895368));
#15797 = ADVANCED_FACE('',(#15798),#15814,.F.);
#15798 = FACE_BOUND('',#15799,.F.);
#15799 = EDGE_LOOP('',(#15800,#15806,#15807,#15813));
#15800 = ORIENTED_EDGE('',*,*,#15801,.F.);
#15801 = EDGE_CURVE('',#15722,#15762,#15802,.T.);
#15802 = LINE('',#15803,#15804);
#15803 = CARTESIAN_POINT('',(47.432331651147,5.2,1.83315199243));
#15804 = VECTOR('',#15805,1.);
#15805 = DIRECTION('',(0.994521895368,0.,-0.104528463268));
#15806 = ORIENTED_EDGE('',*,*,#15721,.T.);
#15807 = ORIENTED_EDGE('',*,*,#15808,.T.);
#15808 = EDGE_CURVE('',#15724,#15764,#15809,.T.);
#15809 = LINE('',#15810,#15811);
#15810 = CARTESIAN_POINT('',(48.059502430753,5.2,7.80028336464));
#15811 = VECTOR('',#15812,1.);
#15812 = DIRECTION('',(0.994521895368,0.,-0.104528463268));
#15813 = ORIENTED_EDGE('',*,*,#15761,.F.);
#15814 = PLANE('',#15815);
#15815 = AXIS2_PLACEMENT_3D('',#15816,#15817,#15818);
#15816 = CARTESIAN_POINT('',(47.432331651147,5.2,1.83315199243));
#15817 = DIRECTION('',(0.,1.,0.));
#15818 = DIRECTION('',(0.104528463268,0.,0.994521895368));
#15819 = ADVANCED_FACE('',(#15820),#15836,.T.);
#15820 = FACE_BOUND('',#15821,.T.);
#15821 = EDGE_LOOP('',(#15822,#15828,#15829,#15835));
#15822 = ORIENTED_EDGE('',*,*,#15823,.F.);
#15823 = EDGE_CURVE('',#15732,#15772,#15824,.T.);
#15824 = LINE('',#15825,#15826);
#15825 = CARTESIAN_POINT('',(47.432331651147,7.6,1.83315199243));
#15826 = VECTOR('',#15827,1.);
#15827 = DIRECTION('',(0.994521895368,0.,-0.104528463268));
#15828 = ORIENTED_EDGE('',*,*,#15739,.T.);
#15829 = ORIENTED_EDGE('',*,*,#15830,.T.);
#15830 = EDGE_CURVE('',#15740,#15780,#15831,.T.);
#15831 = LINE('',#15832,#15833);
#15832 = CARTESIAN_POINT('',(48.059502430753,7.6,7.80028336464));
#15833 = VECTOR('',#15834,1.);
#15834 = DIRECTION('',(0.994521895368,0.,-0.104528463268));
#15835 = ORIENTED_EDGE('',*,*,#15779,.F.);
#15836 = PLANE('',#15837);
#15837 = AXIS2_PLACEMENT_3D('',#15838,#15839,#15840);
#15838 = CARTESIAN_POINT('',(47.432331651147,7.6,1.83315199243));
#15839 = DIRECTION('',(0.,1.,0.));
#15840 = DIRECTION('',(0.104528463268,0.,0.994521895368));
#15841 = ADVANCED_FACE('',(#15842),#15848,.F.);
#15842 = FACE_BOUND('',#15843,.F.);
#15843 = EDGE_LOOP('',(#15844,#15845,#15846,#15847));
#15844 = ORIENTED_EDGE('',*,*,#15731,.F.);
#15845 = ORIENTED_EDGE('',*,*,#15801,.T.);
#15846 = ORIENTED_EDGE('',*,*,#15771,.T.);
#15847 = ORIENTED_EDGE('',*,*,#15823,.F.);
#15848 = PLANE('',#15849);
#15849 = AXIS2_PLACEMENT_3D('',#15850,#15851,#15852);
#15850 = CARTESIAN_POINT('',(47.432331651147,5.2,1.83315199243));
#15851 = DIRECTION('',(0.104528463268,0.,0.994521895368));
#15852 = DIRECTION('',(0.994521895368,0.,-0.104528463268));
#15853 = ADVANCED_FACE('',(#15854),#15860,.T.);
#15854 = FACE_BOUND('',#15855,.T.);
#15855 = EDGE_LOOP('',(#15856,#15857,#15858,#15859));
#15856 = ORIENTED_EDGE('',*,*,#15747,.F.);
#15857 = ORIENTED_EDGE('',*,*,#15808,.T.);
#15858 = ORIENTED_EDGE('',*,*,#15787,.T.);
#15859 = ORIENTED_EDGE('',*,*,#15830,.F.);
#15860 = PLANE('',#15861);
#15861 = AXIS2_PLACEMENT_3D('',#15862,#15863,#15864);
#15862 = CARTESIAN_POINT('',(48.059502430753,5.2,7.80028336464));
#15863 = DIRECTION('',(0.104528463268,0.,0.994521895368));
#15864 = DIRECTION('',(0.994521895368,0.,-0.104528463268));
#15865 = ( GEOMETRIC_REPRESENTATION_CONTEXT(3) 
GLOBAL_UNCERTAINTY_ASSIGNED_CONTEXT((#15869)) 
GLOBAL_UNIT_ASSIGNED_CONTEXT((#15866,#15867,#15868)) 
REPRESENTATION_CONTEXT('Context #1',
  '3D Context with UNIT and UNCERTAINTY') );
#15866 = ( LENGTH_UNIT() NAMED_UNIT(*) SI_UNIT(.MILLI.,.METRE.) );
#15867 = ( NAMED_UNIT(*) PLANE_ANGLE_UNIT() SI_UNIT($,.RADIAN.) );
#15868 = ( NAMED_UNIT(*) SI_UNIT($,.STERADIAN.) SOLID_ANGLE_UNIT() );
#15869 = UNCERTAINTY_MEASURE_WITH_UNIT(LENGTH_MEASURE(1.E-07),#15866,
  'distance_accuracy_value','confusion accuracy');
#15870 = CONTEXT_DEPENDENT_SHAPE_REPRESENTATION(#15871,#15873);
#15871 = ( REPRESENTATION_RELATIONSHIP('','',#15264,#10) 
REPRESENTATION_RELATIONSHIP_WITH_TRANSFORMATION(#15872) 
SHAPE_REPRESENTATION_RELATIONSHIP() );
#15872 = ITEM_DEFINED_TRANSFORMATION('','',#11,#103);
#15873 = PRODUCT_DEFINITION_SHAPE('Placement','Placement of an item',
  #15874);
#15874 = NEXT_ASSEMBLY_USAGE_OCCURRENCE('23',
  'Right compression hard stops','',#5,#15259,$);
#15875 = PRODUCT_RELATED_PRODUCT_CATEGORY('part',$,(#15261));
#15876 = SHAPE_DEFINITION_REPRESENTATION(#15877,#15883);
#15877 = PRODUCT_DEFINITION_SHAPE('','',#15878);
#15878 = PRODUCT_DEFINITION('design','',#15879,#15882);
#15879 = PRODUCT_DEFINITION_FORMATION('','',#15880);
#15880 = PRODUCT('Right floating-head capture lips',
  'Right floating-head capture lips','',(#15881));
#15881 = PRODUCT_CONTEXT('',#2,'mechanical');
#15882 = PRODUCT_DEFINITION_CONTEXT('part definition',#2,'design');
#15883 = SHAPE_REPRESENTATION('',(#11,#15884,#16034,#16184,#16334),
  #16484);
#15884 = MANIFOLD_SOLID_BREP('',#15885);
#15885 = CLOSED_SHELL('',(#15886,#15926,#15966,#15988,#16010,#16022));
#15886 = ADVANCED_FACE('',(#15887),#15921,.F.);
#15887 = FACE_BOUND('',#15888,.F.);
#15888 = EDGE_LOOP('',(#15889,#15899,#15907,#15915));
#15889 = ORIENTED_EDGE('',*,*,#15890,.F.);
#15890 = EDGE_CURVE('',#15891,#15893,#15895,.T.);
#15891 = VERTEX_POINT('',#15892);
#15892 = CARTESIAN_POINT('',(30.389272128774,-11.5,4.227754697855));
#15893 = VERTEX_POINT('',#15894);
#15894 = CARTESIAN_POINT('',(30.493800592041,-11.5,5.222276593223));
#15895 = LINE('',#15896,#15897);
#15896 = CARTESIAN_POINT('',(30.389272128774,-11.5,4.227754697855));
#15897 = VECTOR('',#15898,1.);
#15898 = DIRECTION('',(0.104528463268,0.,0.994521895368));
#15899 = ORIENTED_EDGE('',*,*,#15900,.T.);
#15900 = EDGE_CURVE('',#15891,#15901,#15903,.T.);
#15901 = VERTEX_POINT('',#15902);
#15902 = CARTESIAN_POINT('',(30.389272128774,-9.5,4.227754697855));
#15903 = LINE('',#15904,#15905);
#15904 = CARTESIAN_POINT('',(30.389272128774,-11.5,4.227754697855));
#15905 = VECTOR('',#15906,1.);
#15906 = DIRECTION('',(0.,1.,0.));
#15907 = ORIENTED_EDGE('',*,*,#15908,.T.);
#15908 = EDGE_CURVE('',#15901,#15909,#15911,.T.);
#15909 = VERTEX_POINT('',#15910);
#15910 = CARTESIAN_POINT('',(30.493800592041,-9.5,5.222276593223));
#15911 = LINE('',#15912,#15913);
#15912 = CARTESIAN_POINT('',(30.389272128774,-9.5,4.227754697855));
#15913 = VECTOR('',#15914,1.);
#15914 = DIRECTION('',(0.104528463268,0.,0.994521895368));
#15915 = ORIENTED_EDGE('',*,*,#15916,.F.);
#15916 = EDGE_CURVE('',#15893,#15909,#15917,.T.);
#15917 = LINE('',#15918,#15919);
#15918 = CARTESIAN_POINT('',(30.493800592041,-11.5,5.222276593223));
#15919 = VECTOR('',#15920,1.);
#15920 = DIRECTION('',(0.,1.,0.));
#15921 = PLANE('',#15922);
#15922 = AXIS2_PLACEMENT_3D('',#15923,#15924,#15925);
#15923 = CARTESIAN_POINT('',(30.389272128774,-11.5,4.227754697855));
#15924 = DIRECTION('',(0.994521895368,0.,-0.104528463268));
#15925 = DIRECTION('',(0.104528463268,0.,0.994521895368));
#15926 = ADVANCED_FACE('',(#15927),#15961,.T.);
#15927 = FACE_BOUND('',#15928,.T.);
#15928 = EDGE_LOOP('',(#15929,#15939,#15947,#15955));
#15929 = ORIENTED_EDGE('',*,*,#15930,.F.);
#15930 = EDGE_CURVE('',#15931,#15933,#15935,.T.);
#15931 = VERTEX_POINT('',#15932);
#15932 = CARTESIAN_POINT('',(36.356403500983,-11.5,3.600583918249));
#15933 = VERTEX_POINT('',#15934);
#15934 = CARTESIAN_POINT('',(36.460931964251,-11.5,4.595105813617));
#15935 = LINE('',#15936,#15937);
#15936 = CARTESIAN_POINT('',(36.356403500983,-11.5,3.600583918249));
#15937 = VECTOR('',#15938,1.);
#15938 = DIRECTION('',(0.104528463268,0.,0.994521895368));
#15939 = ORIENTED_EDGE('',*,*,#15940,.T.);
#15940 = EDGE_CURVE('',#15931,#15941,#15943,.T.);
#15941 = VERTEX_POINT('',#15942);
#15942 = CARTESIAN_POINT('',(36.356403500983,-9.5,3.600583918249));
#15943 = LINE('',#15944,#15945);
#15944 = CARTESIAN_POINT('',(36.356403500983,-11.5,3.600583918249));
#15945 = VECTOR('',#15946,1.);
#15946 = DIRECTION('',(0.,1.,0.));
#15947 = ORIENTED_EDGE('',*,*,#15948,.T.);
#15948 = EDGE_CURVE('',#15941,#15949,#15951,.T.);
#15949 = VERTEX_POINT('',#15950);
#15950 = CARTESIAN_POINT('',(36.460931964251,-9.5,4.595105813617));
#15951 = LINE('',#15952,#15953);
#15952 = CARTESIAN_POINT('',(36.356403500983,-9.5,3.600583918249));
#15953 = VECTOR('',#15954,1.);
#15954 = DIRECTION('',(0.104528463268,0.,0.994521895368));
#15955 = ORIENTED_EDGE('',*,*,#15956,.F.);
#15956 = EDGE_CURVE('',#15933,#15949,#15957,.T.);
#15957 = LINE('',#15958,#15959);
#15958 = CARTESIAN_POINT('',(36.460931964251,-11.5,4.595105813617));
#15959 = VECTOR('',#15960,1.);
#15960 = DIRECTION('',(0.,1.,0.));
#15961 = PLANE('',#15962);
#15962 = AXIS2_PLACEMENT_3D('',#15963,#15964,#15965);
#15963 = CARTESIAN_POINT('',(36.356403500983,-11.5,3.600583918249));
#15964 = DIRECTION('',(0.994521895368,0.,-0.104528463268));
#15965 = DIRECTION('',(0.104528463268,0.,0.994521895368));
#15966 = ADVANCED_FACE('',(#15967),#15983,.F.);
#15967 = FACE_BOUND('',#15968,.F.);
#15968 = EDGE_LOOP('',(#15969,#15975,#15976,#15982));
#15969 = ORIENTED_EDGE('',*,*,#15970,.F.);
#15970 = EDGE_CURVE('',#15891,#15931,#15971,.T.);
#15971 = LINE('',#15972,#15973);
#15972 = CARTESIAN_POINT('',(30.389272128774,-11.5,4.227754697855));
#15973 = VECTOR('',#15974,1.);
#15974 = DIRECTION('',(0.994521895368,0.,-0.104528463268));
#15975 = ORIENTED_EDGE('',*,*,#15890,.T.);
#15976 = ORIENTED_EDGE('',*,*,#15977,.T.);
#15977 = EDGE_CURVE('',#15893,#15933,#15978,.T.);
#15978 = LINE('',#15979,#15980);
#15979 = CARTESIAN_POINT('',(30.493800592041,-11.5,5.222276593223));
#15980 = VECTOR('',#15981,1.);
#15981 = DIRECTION('',(0.994521895368,0.,-0.104528463268));
#15982 = ORIENTED_EDGE('',*,*,#15930,.F.);
#15983 = PLANE('',#15984);
#15984 = AXIS2_PLACEMENT_3D('',#15985,#15986,#15987);
#15985 = CARTESIAN_POINT('',(30.389272128774,-11.5,4.227754697855));
#15986 = DIRECTION('',(0.,1.,0.));
#15987 = DIRECTION('',(0.104528463268,0.,0.994521895368));
#15988 = ADVANCED_FACE('',(#15989),#16005,.T.);
#15989 = FACE_BOUND('',#15990,.T.);
#15990 = EDGE_LOOP('',(#15991,#15997,#15998,#16004));
#15991 = ORIENTED_EDGE('',*,*,#15992,.F.);
#15992 = EDGE_CURVE('',#15901,#15941,#15993,.T.);
#15993 = LINE('',#15994,#15995);
#15994 = CARTESIAN_POINT('',(30.389272128774,-9.5,4.227754697855));
#15995 = VECTOR('',#15996,1.);
#15996 = DIRECTION('',(0.994521895368,0.,-0.104528463268));
#15997 = ORIENTED_EDGE('',*,*,#15908,.T.);
#15998 = ORIENTED_EDGE('',*,*,#15999,.T.);
#15999 = EDGE_CURVE('',#15909,#15949,#16000,.T.);
#16000 = LINE('',#16001,#16002);
#16001 = CARTESIAN_POINT('',(30.493800592041,-9.5,5.222276593223));
#16002 = VECTOR('',#16003,1.);
#16003 = DIRECTION('',(0.994521895368,0.,-0.104528463268));
#16004 = ORIENTED_EDGE('',*,*,#15948,.F.);
#16005 = PLANE('',#16006);
#16006 = AXIS2_PLACEMENT_3D('',#16007,#16008,#16009);
#16007 = CARTESIAN_POINT('',(30.389272128774,-9.5,4.227754697855));
#16008 = DIRECTION('',(0.,1.,0.));
#16009 = DIRECTION('',(0.104528463268,0.,0.994521895368));
#16010 = ADVANCED_FACE('',(#16011),#16017,.F.);
#16011 = FACE_BOUND('',#16012,.F.);
#16012 = EDGE_LOOP('',(#16013,#16014,#16015,#16016));
#16013 = ORIENTED_EDGE('',*,*,#15900,.F.);
#16014 = ORIENTED_EDGE('',*,*,#15970,.T.);
#16015 = ORIENTED_EDGE('',*,*,#15940,.T.);
#16016 = ORIENTED_EDGE('',*,*,#15992,.F.);
#16017 = PLANE('',#16018);
#16018 = AXIS2_PLACEMENT_3D('',#16019,#16020,#16021);
#16019 = CARTESIAN_POINT('',(30.389272128774,-11.5,4.227754697855));
#16020 = DIRECTION('',(0.104528463268,0.,0.994521895368));
#16021 = DIRECTION('',(0.994521895368,0.,-0.104528463268));
#16022 = ADVANCED_FACE('',(#16023),#16029,.T.);
#16023 = FACE_BOUND('',#16024,.T.);
#16024 = EDGE_LOOP('',(#16025,#16026,#16027,#16028));
#16025 = ORIENTED_EDGE('',*,*,#15916,.F.);
#16026 = ORIENTED_EDGE('',*,*,#15977,.T.);
#16027 = ORIENTED_EDGE('',*,*,#15956,.T.);
#16028 = ORIENTED_EDGE('',*,*,#15999,.F.);
#16029 = PLANE('',#16030);
#16030 = AXIS2_PLACEMENT_3D('',#16031,#16032,#16033);
#16031 = CARTESIAN_POINT('',(30.493800592041,-11.5,5.222276593223));
#16032 = DIRECTION('',(0.104528463268,0.,0.994521895368));
#16033 = DIRECTION('',(0.994521895368,0.,-0.104528463268));
#16034 = MANIFOLD_SOLID_BREP('',#16035);
#16035 = CLOSED_SHELL('',(#16036,#16076,#16116,#16138,#16160,#16172));
#16036 = ADVANCED_FACE('',(#16037),#16071,.F.);
#16037 = FACE_BOUND('',#16038,.F.);
#16038 = EDGE_LOOP('',(#16039,#16049,#16057,#16065));
#16039 = ORIENTED_EDGE('',*,*,#16040,.F.);
#16040 = EDGE_CURVE('',#16041,#16043,#16045,.T.);
#16041 = VERTEX_POINT('',#16042);
#16042 = CARTESIAN_POINT('',(30.389272128774,9.5,4.227754697855));
#16043 = VERTEX_POINT('',#16044);
#16044 = CARTESIAN_POINT('',(30.493800592041,9.5,5.222276593223));
#16045 = LINE('',#16046,#16047);
#16046 = CARTESIAN_POINT('',(30.389272128774,9.5,4.227754697855));
#16047 = VECTOR('',#16048,1.);
#16048 = DIRECTION('',(0.104528463268,0.,0.994521895368));
#16049 = ORIENTED_EDGE('',*,*,#16050,.T.);
#16050 = EDGE_CURVE('',#16041,#16051,#16053,.T.);
#16051 = VERTEX_POINT('',#16052);
#16052 = CARTESIAN_POINT('',(30.389272128774,11.5,4.227754697855));
#16053 = LINE('',#16054,#16055);
#16054 = CARTESIAN_POINT('',(30.389272128774,9.5,4.227754697855));
#16055 = VECTOR('',#16056,1.);
#16056 = DIRECTION('',(0.,1.,0.));
#16057 = ORIENTED_EDGE('',*,*,#16058,.T.);
#16058 = EDGE_CURVE('',#16051,#16059,#16061,.T.);
#16059 = VERTEX_POINT('',#16060);
#16060 = CARTESIAN_POINT('',(30.493800592041,11.5,5.222276593223));
#16061 = LINE('',#16062,#16063);
#16062 = CARTESIAN_POINT('',(30.389272128774,11.5,4.227754697855));
#16063 = VECTOR('',#16064,1.);
#16064 = DIRECTION('',(0.104528463268,0.,0.994521895368));
#16065 = ORIENTED_EDGE('',*,*,#16066,.F.);
#16066 = EDGE_CURVE('',#16043,#16059,#16067,.T.);
#16067 = LINE('',#16068,#16069);
#16068 = CARTESIAN_POINT('',(30.493800592041,9.5,5.222276593223));
#16069 = VECTOR('',#16070,1.);
#16070 = DIRECTION('',(0.,1.,0.));
#16071 = PLANE('',#16072);
#16072 = AXIS2_PLACEMENT_3D('',#16073,#16074,#16075);
#16073 = CARTESIAN_POINT('',(30.389272128774,9.5,4.227754697855));
#16074 = DIRECTION('',(0.994521895368,0.,-0.104528463268));
#16075 = DIRECTION('',(0.104528463268,0.,0.994521895368));
#16076 = ADVANCED_FACE('',(#16077),#16111,.T.);
#16077 = FACE_BOUND('',#16078,.T.);
#16078 = EDGE_LOOP('',(#16079,#16089,#16097,#16105));
#16079 = ORIENTED_EDGE('',*,*,#16080,.F.);
#16080 = EDGE_CURVE('',#16081,#16083,#16085,.T.);
#16081 = VERTEX_POINT('',#16082);
#16082 = CARTESIAN_POINT('',(36.356403500983,9.5,3.600583918249));
#16083 = VERTEX_POINT('',#16084);
#16084 = CARTESIAN_POINT('',(36.460931964251,9.5,4.595105813617));
#16085 = LINE('',#16086,#16087);
#16086 = CARTESIAN_POINT('',(36.356403500983,9.5,3.600583918249));
#16087 = VECTOR('',#16088,1.);
#16088 = DIRECTION('',(0.104528463268,0.,0.994521895368));
#16089 = ORIENTED_EDGE('',*,*,#16090,.T.);
#16090 = EDGE_CURVE('',#16081,#16091,#16093,.T.);
#16091 = VERTEX_POINT('',#16092);
#16092 = CARTESIAN_POINT('',(36.356403500983,11.5,3.600583918249));
#16093 = LINE('',#16094,#16095);
#16094 = CARTESIAN_POINT('',(36.356403500983,9.5,3.600583918249));
#16095 = VECTOR('',#16096,1.);
#16096 = DIRECTION('',(0.,1.,0.));
#16097 = ORIENTED_EDGE('',*,*,#16098,.T.);
#16098 = EDGE_CURVE('',#16091,#16099,#16101,.T.);
#16099 = VERTEX_POINT('',#16100);
#16100 = CARTESIAN_POINT('',(36.460931964251,11.5,4.595105813617));
#16101 = LINE('',#16102,#16103);
#16102 = CARTESIAN_POINT('',(36.356403500983,11.5,3.600583918249));
#16103 = VECTOR('',#16104,1.);
#16104 = DIRECTION('',(0.104528463268,0.,0.994521895368));
#16105 = ORIENTED_EDGE('',*,*,#16106,.F.);
#16106 = EDGE_CURVE('',#16083,#16099,#16107,.T.);
#16107 = LINE('',#16108,#16109);
#16108 = CARTESIAN_POINT('',(36.460931964251,9.5,4.595105813617));
#16109 = VECTOR('',#16110,1.);
#16110 = DIRECTION('',(0.,1.,0.));
#16111 = PLANE('',#16112);
#16112 = AXIS2_PLACEMENT_3D('',#16113,#16114,#16115);
#16113 = CARTESIAN_POINT('',(36.356403500983,9.5,3.600583918249));
#16114 = DIRECTION('',(0.994521895368,0.,-0.104528463268));
#16115 = DIRECTION('',(0.104528463268,0.,0.994521895368));
#16116 = ADVANCED_FACE('',(#16117),#16133,.F.);
#16117 = FACE_BOUND('',#16118,.F.);
#16118 = EDGE_LOOP('',(#16119,#16125,#16126,#16132));
#16119 = ORIENTED_EDGE('',*,*,#16120,.F.);
#16120 = EDGE_CURVE('',#16041,#16081,#16121,.T.);
#16121 = LINE('',#16122,#16123);
#16122 = CARTESIAN_POINT('',(30.389272128774,9.5,4.227754697855));
#16123 = VECTOR('',#16124,1.);
#16124 = DIRECTION('',(0.994521895368,0.,-0.104528463268));
#16125 = ORIENTED_EDGE('',*,*,#16040,.T.);
#16126 = ORIENTED_EDGE('',*,*,#16127,.T.);
#16127 = EDGE_CURVE('',#16043,#16083,#16128,.T.);
#16128 = LINE('',#16129,#16130);
#16129 = CARTESIAN_POINT('',(30.493800592041,9.5,5.222276593223));
#16130 = VECTOR('',#16131,1.);
#16131 = DIRECTION('',(0.994521895368,0.,-0.104528463268));
#16132 = ORIENTED_EDGE('',*,*,#16080,.F.);
#16133 = PLANE('',#16134);
#16134 = AXIS2_PLACEMENT_3D('',#16135,#16136,#16137);
#16135 = CARTESIAN_POINT('',(30.389272128774,9.5,4.227754697855));
#16136 = DIRECTION('',(0.,1.,0.));
#16137 = DIRECTION('',(0.104528463268,0.,0.994521895368));
#16138 = ADVANCED_FACE('',(#16139),#16155,.T.);
#16139 = FACE_BOUND('',#16140,.T.);
#16140 = EDGE_LOOP('',(#16141,#16147,#16148,#16154));
#16141 = ORIENTED_EDGE('',*,*,#16142,.F.);
#16142 = EDGE_CURVE('',#16051,#16091,#16143,.T.);
#16143 = LINE('',#16144,#16145);
#16144 = CARTESIAN_POINT('',(30.389272128774,11.5,4.227754697855));
#16145 = VECTOR('',#16146,1.);
#16146 = DIRECTION('',(0.994521895368,0.,-0.104528463268));
#16147 = ORIENTED_EDGE('',*,*,#16058,.T.);
#16148 = ORIENTED_EDGE('',*,*,#16149,.T.);
#16149 = EDGE_CURVE('',#16059,#16099,#16150,.T.);
#16150 = LINE('',#16151,#16152);
#16151 = CARTESIAN_POINT('',(30.493800592041,11.5,5.222276593223));
#16152 = VECTOR('',#16153,1.);
#16153 = DIRECTION('',(0.994521895368,0.,-0.104528463268));
#16154 = ORIENTED_EDGE('',*,*,#16098,.F.);
#16155 = PLANE('',#16156);
#16156 = AXIS2_PLACEMENT_3D('',#16157,#16158,#16159);
#16157 = CARTESIAN_POINT('',(30.389272128774,11.5,4.227754697855));
#16158 = DIRECTION('',(0.,1.,0.));
#16159 = DIRECTION('',(0.104528463268,0.,0.994521895368));
#16160 = ADVANCED_FACE('',(#16161),#16167,.F.);
#16161 = FACE_BOUND('',#16162,.F.);
#16162 = EDGE_LOOP('',(#16163,#16164,#16165,#16166));
#16163 = ORIENTED_EDGE('',*,*,#16050,.F.);
#16164 = ORIENTED_EDGE('',*,*,#16120,.T.);
#16165 = ORIENTED_EDGE('',*,*,#16090,.T.);
#16166 = ORIENTED_EDGE('',*,*,#16142,.F.);
#16167 = PLANE('',#16168);
#16168 = AXIS2_PLACEMENT_3D('',#16169,#16170,#16171);
#16169 = CARTESIAN_POINT('',(30.389272128774,9.5,4.227754697855));
#16170 = DIRECTION('',(0.104528463268,0.,0.994521895368));
#16171 = DIRECTION('',(0.994521895368,0.,-0.104528463268));
#16172 = ADVANCED_FACE('',(#16173),#16179,.T.);
#16173 = FACE_BOUND('',#16174,.T.);
#16174 = EDGE_LOOP('',(#16175,#16176,#16177,#16178));
#16175 = ORIENTED_EDGE('',*,*,#16066,.F.);
#16176 = ORIENTED_EDGE('',*,*,#16127,.T.);
#16177 = ORIENTED_EDGE('',*,*,#16106,.T.);
#16178 = ORIENTED_EDGE('',*,*,#16149,.F.);
#16179 = PLANE('',#16180);
#16180 = AXIS2_PLACEMENT_3D('',#16181,#16182,#16183);
#16181 = CARTESIAN_POINT('',(30.493800592041,9.5,5.222276593223));
#16182 = DIRECTION('',(0.104528463268,0.,0.994521895368));
#16183 = DIRECTION('',(0.994521895368,0.,-0.104528463268));
#16184 = MANIFOLD_SOLID_BREP('',#16185);
#16185 = CLOSED_SHELL('',(#16186,#16226,#16266,#16288,#16310,#16322));
#16186 = ADVANCED_FACE('',(#16187),#16221,.F.);
#16187 = FACE_BOUND('',#16188,.F.);
#16188 = EDGE_LOOP('',(#16189,#16199,#16207,#16215));
#16189 = ORIENTED_EDGE('',*,*,#16190,.F.);
#16190 = EDGE_CURVE('',#16191,#16193,#16195,.T.);
#16191 = VERTEX_POINT('',#16192);
#16192 = CARTESIAN_POINT('',(44.31257866393,-11.5,2.764356212108));
#16193 = VERTEX_POINT('',#16194);
#16194 = CARTESIAN_POINT('',(44.417107127197,-11.5,3.758878107476));
#16195 = LINE('',#16196,#16197);
#16196 = CARTESIAN_POINT('',(44.31257866393,-11.5,2.764356212108));
#16197 = VECTOR('',#16198,1.);
#16198 = DIRECTION('',(0.104528463268,0.,0.994521895368));
#16199 = ORIENTED_EDGE('',*,*,#16200,.T.);
#16200 = EDGE_CURVE('',#16191,#16201,#16203,.T.);
#16201 = VERTEX_POINT('',#16202);
#16202 = CARTESIAN_POINT('',(44.31257866393,-9.5,2.764356212108));
#16203 = LINE('',#16204,#16205);
#16204 = CARTESIAN_POINT('',(44.31257866393,-11.5,2.764356212108));
#16205 = VECTOR('',#16206,1.);
#16206 = DIRECTION('',(0.,1.,0.));
#16207 = ORIENTED_EDGE('',*,*,#16208,.T.);
#16208 = EDGE_CURVE('',#16201,#16209,#16211,.T.);
#16209 = VERTEX_POINT('',#16210);
#16210 = CARTESIAN_POINT('',(44.417107127197,-9.5,3.758878107476));
#16211 = LINE('',#16212,#16213);
#16212 = CARTESIAN_POINT('',(44.31257866393,-9.5,2.764356212108));
#16213 = VECTOR('',#16214,1.);
#16214 = DIRECTION('',(0.104528463268,0.,0.994521895368));
#16215 = ORIENTED_EDGE('',*,*,#16216,.F.);
#16216 = EDGE_CURVE('',#16193,#16209,#16217,.T.);
#16217 = LINE('',#16218,#16219);
#16218 = CARTESIAN_POINT('',(44.417107127197,-11.5,3.758878107476));
#16219 = VECTOR('',#16220,1.);
#16220 = DIRECTION('',(0.,1.,0.));
#16221 = PLANE('',#16222);
#16222 = AXIS2_PLACEMENT_3D('',#16223,#16224,#16225);
#16223 = CARTESIAN_POINT('',(44.31257866393,-11.5,2.764356212108));
#16224 = DIRECTION('',(0.994521895368,0.,-0.104528463268));
#16225 = DIRECTION('',(0.104528463268,0.,0.994521895368));
#16226 = ADVANCED_FACE('',(#16227),#16261,.T.);
#16227 = FACE_BOUND('',#16228,.T.);
#16228 = EDGE_LOOP('',(#16229,#16239,#16247,#16255));
#16229 = ORIENTED_EDGE('',*,*,#16230,.F.);
#16230 = EDGE_CURVE('',#16231,#16233,#16235,.T.);
#16231 = VERTEX_POINT('',#16232);
#16232 = CARTESIAN_POINT('',(50.279710036139,-11.5,2.137185432502));
#16233 = VERTEX_POINT('',#16234);
#16234 = CARTESIAN_POINT('',(50.384238499407,-11.5,3.13170732787));
#16235 = LINE('',#16236,#16237);
#16236 = CARTESIAN_POINT('',(50.279710036139,-11.5,2.137185432502));
#16237 = VECTOR('',#16238,1.);
#16238 = DIRECTION('',(0.104528463268,0.,0.994521895368));
#16239 = ORIENTED_EDGE('',*,*,#16240,.T.);
#16240 = EDGE_CURVE('',#16231,#16241,#16243,.T.);
#16241 = VERTEX_POINT('',#16242);
#16242 = CARTESIAN_POINT('',(50.279710036139,-9.5,2.137185432502));
#16243 = LINE('',#16244,#16245);
#16244 = CARTESIAN_POINT('',(50.279710036139,-11.5,2.137185432502));
#16245 = VECTOR('',#16246,1.);
#16246 = DIRECTION('',(0.,1.,0.));
#16247 = ORIENTED_EDGE('',*,*,#16248,.T.);
#16248 = EDGE_CURVE('',#16241,#16249,#16251,.T.);
#16249 = VERTEX_POINT('',#16250);
#16250 = CARTESIAN_POINT('',(50.384238499407,-9.5,3.13170732787));
#16251 = LINE('',#16252,#16253);
#16252 = CARTESIAN_POINT('',(50.279710036139,-9.5,2.137185432502));
#16253 = VECTOR('',#16254,1.);
#16254 = DIRECTION('',(0.104528463268,0.,0.994521895368));
#16255 = ORIENTED_EDGE('',*,*,#16256,.F.);
#16256 = EDGE_CURVE('',#16233,#16249,#16257,.T.);
#16257 = LINE('',#16258,#16259);
#16258 = CARTESIAN_POINT('',(50.384238499407,-11.5,3.13170732787));
#16259 = VECTOR('',#16260,1.);
#16260 = DIRECTION('',(0.,1.,0.));
#16261 = PLANE('',#16262);
#16262 = AXIS2_PLACEMENT_3D('',#16263,#16264,#16265);
#16263 = CARTESIAN_POINT('',(50.279710036139,-11.5,2.137185432502));
#16264 = DIRECTION('',(0.994521895368,0.,-0.104528463268));
#16265 = DIRECTION('',(0.104528463268,0.,0.994521895368));
#16266 = ADVANCED_FACE('',(#16267),#16283,.F.);
#16267 = FACE_BOUND('',#16268,.F.);
#16268 = EDGE_LOOP('',(#16269,#16275,#16276,#16282));
#16269 = ORIENTED_EDGE('',*,*,#16270,.F.);
#16270 = EDGE_CURVE('',#16191,#16231,#16271,.T.);
#16271 = LINE('',#16272,#16273);
#16272 = CARTESIAN_POINT('',(44.31257866393,-11.5,2.764356212108));
#16273 = VECTOR('',#16274,1.);
#16274 = DIRECTION('',(0.994521895368,0.,-0.104528463268));
#16275 = ORIENTED_EDGE('',*,*,#16190,.T.);
#16276 = ORIENTED_EDGE('',*,*,#16277,.T.);
#16277 = EDGE_CURVE('',#16193,#16233,#16278,.T.);
#16278 = LINE('',#16279,#16280);
#16279 = CARTESIAN_POINT('',(44.417107127197,-11.5,3.758878107476));
#16280 = VECTOR('',#16281,1.);
#16281 = DIRECTION('',(0.994521895368,0.,-0.104528463268));
#16282 = ORIENTED_EDGE('',*,*,#16230,.F.);
#16283 = PLANE('',#16284);
#16284 = AXIS2_PLACEMENT_3D('',#16285,#16286,#16287);
#16285 = CARTESIAN_POINT('',(44.31257866393,-11.5,2.764356212108));
#16286 = DIRECTION('',(0.,1.,0.));
#16287 = DIRECTION('',(0.104528463268,0.,0.994521895368));
#16288 = ADVANCED_FACE('',(#16289),#16305,.T.);
#16289 = FACE_BOUND('',#16290,.T.);
#16290 = EDGE_LOOP('',(#16291,#16297,#16298,#16304));
#16291 = ORIENTED_EDGE('',*,*,#16292,.F.);
#16292 = EDGE_CURVE('',#16201,#16241,#16293,.T.);
#16293 = LINE('',#16294,#16295);
#16294 = CARTESIAN_POINT('',(44.31257866393,-9.5,2.764356212108));
#16295 = VECTOR('',#16296,1.);
#16296 = DIRECTION('',(0.994521895368,0.,-0.104528463268));
#16297 = ORIENTED_EDGE('',*,*,#16208,.T.);
#16298 = ORIENTED_EDGE('',*,*,#16299,.T.);
#16299 = EDGE_CURVE('',#16209,#16249,#16300,.T.);
#16300 = LINE('',#16301,#16302);
#16301 = CARTESIAN_POINT('',(44.417107127197,-9.5,3.758878107476));
#16302 = VECTOR('',#16303,1.);
#16303 = DIRECTION('',(0.994521895368,0.,-0.104528463268));
#16304 = ORIENTED_EDGE('',*,*,#16248,.F.);
#16305 = PLANE('',#16306);
#16306 = AXIS2_PLACEMENT_3D('',#16307,#16308,#16309);
#16307 = CARTESIAN_POINT('',(44.31257866393,-9.5,2.764356212108));
#16308 = DIRECTION('',(0.,1.,0.));
#16309 = DIRECTION('',(0.104528463268,0.,0.994521895368));
#16310 = ADVANCED_FACE('',(#16311),#16317,.F.);
#16311 = FACE_BOUND('',#16312,.F.);
#16312 = EDGE_LOOP('',(#16313,#16314,#16315,#16316));
#16313 = ORIENTED_EDGE('',*,*,#16200,.F.);
#16314 = ORIENTED_EDGE('',*,*,#16270,.T.);
#16315 = ORIENTED_EDGE('',*,*,#16240,.T.);
#16316 = ORIENTED_EDGE('',*,*,#16292,.F.);
#16317 = PLANE('',#16318);
#16318 = AXIS2_PLACEMENT_3D('',#16319,#16320,#16321);
#16319 = CARTESIAN_POINT('',(44.31257866393,-11.5,2.764356212108));
#16320 = DIRECTION('',(0.104528463268,0.,0.994521895368));
#16321 = DIRECTION('',(0.994521895368,0.,-0.104528463268));
#16322 = ADVANCED_FACE('',(#16323),#16329,.T.);
#16323 = FACE_BOUND('',#16324,.T.);
#16324 = EDGE_LOOP('',(#16325,#16326,#16327,#16328));
#16325 = ORIENTED_EDGE('',*,*,#16216,.F.);
#16326 = ORIENTED_EDGE('',*,*,#16277,.T.);
#16327 = ORIENTED_EDGE('',*,*,#16256,.T.);
#16328 = ORIENTED_EDGE('',*,*,#16299,.F.);
#16329 = PLANE('',#16330);
#16330 = AXIS2_PLACEMENT_3D('',#16331,#16332,#16333);
#16331 = CARTESIAN_POINT('',(44.417107127197,-11.5,3.758878107476));
#16332 = DIRECTION('',(0.104528463268,0.,0.994521895368));
#16333 = DIRECTION('',(0.994521895368,0.,-0.104528463268));
#16334 = MANIFOLD_SOLID_BREP('',#16335);
#16335 = CLOSED_SHELL('',(#16336,#16376,#16416,#16438,#16460,#16472));
#16336 = ADVANCED_FACE('',(#16337),#16371,.F.);
#16337 = FACE_BOUND('',#16338,.F.);
#16338 = EDGE_LOOP('',(#16339,#16349,#16357,#16365));
#16339 = ORIENTED_EDGE('',*,*,#16340,.F.);
#16340 = EDGE_CURVE('',#16341,#16343,#16345,.T.);
#16341 = VERTEX_POINT('',#16342);
#16342 = CARTESIAN_POINT('',(44.31257866393,9.5,2.764356212108));
#16343 = VERTEX_POINT('',#16344);
#16344 = CARTESIAN_POINT('',(44.417107127197,9.5,3.758878107476));
#16345 = LINE('',#16346,#16347);
#16346 = CARTESIAN_POINT('',(44.31257866393,9.5,2.764356212108));
#16347 = VECTOR('',#16348,1.);
#16348 = DIRECTION('',(0.104528463268,0.,0.994521895368));
#16349 = ORIENTED_EDGE('',*,*,#16350,.T.);
#16350 = EDGE_CURVE('',#16341,#16351,#16353,.T.);
#16351 = VERTEX_POINT('',#16352);
#16352 = CARTESIAN_POINT('',(44.31257866393,11.5,2.764356212108));
#16353 = LINE('',#16354,#16355);
#16354 = CARTESIAN_POINT('',(44.31257866393,9.5,2.764356212108));
#16355 = VECTOR('',#16356,1.);
#16356 = DIRECTION('',(0.,1.,0.));
#16357 = ORIENTED_EDGE('',*,*,#16358,.T.);
#16358 = EDGE_CURVE('',#16351,#16359,#16361,.T.);
#16359 = VERTEX_POINT('',#16360);
#16360 = CARTESIAN_POINT('',(44.417107127197,11.5,3.758878107476));
#16361 = LINE('',#16362,#16363);
#16362 = CARTESIAN_POINT('',(44.31257866393,11.5,2.764356212108));
#16363 = VECTOR('',#16364,1.);
#16364 = DIRECTION('',(0.104528463268,0.,0.994521895368));
#16365 = ORIENTED_EDGE('',*,*,#16366,.F.);
#16366 = EDGE_CURVE('',#16343,#16359,#16367,.T.);
#16367 = LINE('',#16368,#16369);
#16368 = CARTESIAN_POINT('',(44.417107127197,9.5,3.758878107476));
#16369 = VECTOR('',#16370,1.);
#16370 = DIRECTION('',(0.,1.,0.));
#16371 = PLANE('',#16372);
#16372 = AXIS2_PLACEMENT_3D('',#16373,#16374,#16375);
#16373 = CARTESIAN_POINT('',(44.31257866393,9.5,2.764356212108));
#16374 = DIRECTION('',(0.994521895368,0.,-0.104528463268));
#16375 = DIRECTION('',(0.104528463268,0.,0.994521895368));
#16376 = ADVANCED_FACE('',(#16377),#16411,.T.);
#16377 = FACE_BOUND('',#16378,.T.);
#16378 = EDGE_LOOP('',(#16379,#16389,#16397,#16405));
#16379 = ORIENTED_EDGE('',*,*,#16380,.F.);
#16380 = EDGE_CURVE('',#16381,#16383,#16385,.T.);
#16381 = VERTEX_POINT('',#16382);
#16382 = CARTESIAN_POINT('',(50.279710036139,9.5,2.137185432502));
#16383 = VERTEX_POINT('',#16384);
#16384 = CARTESIAN_POINT('',(50.384238499407,9.5,3.13170732787));
#16385 = LINE('',#16386,#16387);
#16386 = CARTESIAN_POINT('',(50.279710036139,9.5,2.137185432502));
#16387 = VECTOR('',#16388,1.);
#16388 = DIRECTION('',(0.104528463268,0.,0.994521895368));
#16389 = ORIENTED_EDGE('',*,*,#16390,.T.);
#16390 = EDGE_CURVE('',#16381,#16391,#16393,.T.);
#16391 = VERTEX_POINT('',#16392);
#16392 = CARTESIAN_POINT('',(50.279710036139,11.5,2.137185432502));
#16393 = LINE('',#16394,#16395);
#16394 = CARTESIAN_POINT('',(50.279710036139,9.5,2.137185432502));
#16395 = VECTOR('',#16396,1.);
#16396 = DIRECTION('',(0.,1.,0.));
#16397 = ORIENTED_EDGE('',*,*,#16398,.T.);
#16398 = EDGE_CURVE('',#16391,#16399,#16401,.T.);
#16399 = VERTEX_POINT('',#16400);
#16400 = CARTESIAN_POINT('',(50.384238499407,11.5,3.13170732787));
#16401 = LINE('',#16402,#16403);
#16402 = CARTESIAN_POINT('',(50.279710036139,11.5,2.137185432502));
#16403 = VECTOR('',#16404,1.);
#16404 = DIRECTION('',(0.104528463268,0.,0.994521895368));
#16405 = ORIENTED_EDGE('',*,*,#16406,.F.);
#16406 = EDGE_CURVE('',#16383,#16399,#16407,.T.);
#16407 = LINE('',#16408,#16409);
#16408 = CARTESIAN_POINT('',(50.384238499407,9.5,3.13170732787));
#16409 = VECTOR('',#16410,1.);
#16410 = DIRECTION('',(0.,1.,0.));
#16411 = PLANE('',#16412);
#16412 = AXIS2_PLACEMENT_3D('',#16413,#16414,#16415);
#16413 = CARTESIAN_POINT('',(50.279710036139,9.5,2.137185432502));
#16414 = DIRECTION('',(0.994521895368,0.,-0.104528463268));
#16415 = DIRECTION('',(0.104528463268,0.,0.994521895368));
#16416 = ADVANCED_FACE('',(#16417),#16433,.F.);
#16417 = FACE_BOUND('',#16418,.F.);
#16418 = EDGE_LOOP('',(#16419,#16425,#16426,#16432));
#16419 = ORIENTED_EDGE('',*,*,#16420,.F.);
#16420 = EDGE_CURVE('',#16341,#16381,#16421,.T.);
#16421 = LINE('',#16422,#16423);
#16422 = CARTESIAN_POINT('',(44.31257866393,9.5,2.764356212108));
#16423 = VECTOR('',#16424,1.);
#16424 = DIRECTION('',(0.994521895368,0.,-0.104528463268));
#16425 = ORIENTED_EDGE('',*,*,#16340,.T.);
#16426 = ORIENTED_EDGE('',*,*,#16427,.T.);
#16427 = EDGE_CURVE('',#16343,#16383,#16428,.T.);
#16428 = LINE('',#16429,#16430);
#16429 = CARTESIAN_POINT('',(44.417107127197,9.5,3.758878107476));
#16430 = VECTOR('',#16431,1.);
#16431 = DIRECTION('',(0.994521895368,0.,-0.104528463268));
#16432 = ORIENTED_EDGE('',*,*,#16380,.F.);
#16433 = PLANE('',#16434);
#16434 = AXIS2_PLACEMENT_3D('',#16435,#16436,#16437);
#16435 = CARTESIAN_POINT('',(44.31257866393,9.5,2.764356212108));
#16436 = DIRECTION('',(0.,1.,0.));
#16437 = DIRECTION('',(0.104528463268,0.,0.994521895368));
#16438 = ADVANCED_FACE('',(#16439),#16455,.T.);
#16439 = FACE_BOUND('',#16440,.T.);
#16440 = EDGE_LOOP('',(#16441,#16447,#16448,#16454));
#16441 = ORIENTED_EDGE('',*,*,#16442,.F.);
#16442 = EDGE_CURVE('',#16351,#16391,#16443,.T.);
#16443 = LINE('',#16444,#16445);
#16444 = CARTESIAN_POINT('',(44.31257866393,11.5,2.764356212108));
#16445 = VECTOR('',#16446,1.);
#16446 = DIRECTION('',(0.994521895368,0.,-0.104528463268));
#16447 = ORIENTED_EDGE('',*,*,#16358,.T.);
#16448 = ORIENTED_EDGE('',*,*,#16449,.T.);
#16449 = EDGE_CURVE('',#16359,#16399,#16450,.T.);
#16450 = LINE('',#16451,#16452);
#16451 = CARTESIAN_POINT('',(44.417107127197,11.5,3.758878107476));
#16452 = VECTOR('',#16453,1.);
#16453 = DIRECTION('',(0.994521895368,0.,-0.104528463268));
#16454 = ORIENTED_EDGE('',*,*,#16398,.F.);
#16455 = PLANE('',#16456);
#16456 = AXIS2_PLACEMENT_3D('',#16457,#16458,#16459);
#16457 = CARTESIAN_POINT('',(44.31257866393,11.5,2.764356212108));
#16458 = DIRECTION('',(0.,1.,0.));
#16459 = DIRECTION('',(0.104528463268,0.,0.994521895368));
#16460 = ADVANCED_FACE('',(#16461),#16467,.F.);
#16461 = FACE_BOUND('',#16462,.F.);
#16462 = EDGE_LOOP('',(#16463,#16464,#16465,#16466));
#16463 = ORIENTED_EDGE('',*,*,#16350,.F.);
#16464 = ORIENTED_EDGE('',*,*,#16420,.T.);
#16465 = ORIENTED_EDGE('',*,*,#16390,.T.);
#16466 = ORIENTED_EDGE('',*,*,#16442,.F.);
#16467 = PLANE('',#16468);
#16468 = AXIS2_PLACEMENT_3D('',#16469,#16470,#16471);
#16469 = CARTESIAN_POINT('',(44.31257866393,9.5,2.764356212108));
#16470 = DIRECTION('',(0.104528463268,0.,0.994521895368));
#16471 = DIRECTION('',(0.994521895368,0.,-0.104528463268));
#16472 = ADVANCED_FACE('',(#16473),#16479,.T.);
#16473 = FACE_BOUND('',#16474,.T.);
#16474 = EDGE_LOOP('',(#16475,#16476,#16477,#16478));
#16475 = ORIENTED_EDGE('',*,*,#16366,.F.);
#16476 = ORIENTED_EDGE('',*,*,#16427,.T.);
#16477 = ORIENTED_EDGE('',*,*,#16406,.T.);
#16478 = ORIENTED_EDGE('',*,*,#16449,.F.);
#16479 = PLANE('',#16480);
#16480 = AXIS2_PLACEMENT_3D('',#16481,#16482,#16483);
#16481 = CARTESIAN_POINT('',(44.417107127197,9.5,3.758878107476));
#16482 = DIRECTION('',(0.104528463268,0.,0.994521895368));
#16483 = DIRECTION('',(0.994521895368,0.,-0.104528463268));
#16484 = ( GEOMETRIC_REPRESENTATION_CONTEXT(3) 
GLOBAL_UNCERTAINTY_ASSIGNED_CONTEXT((#16488)) 
GLOBAL_UNIT_ASSIGNED_CONTEXT((#16485,#16486,#16487)) 
REPRESENTATION_CONTEXT('Context #1',
  '3D Context with UNIT and UNCERTAINTY') );
#16485 = ( LENGTH_UNIT() NAMED_UNIT(*) SI_UNIT(.MILLI.,.METRE.) );
#16486 = ( NAMED_UNIT(*) PLANE_ANGLE_UNIT() SI_UNIT($,.RADIAN.) );
#16487 = ( NAMED_UNIT(*) SI_UNIT($,.STERADIAN.) SOLID_ANGLE_UNIT() );
#16488 = UNCERTAINTY_MEASURE_WITH_UNIT(LENGTH_MEASURE(1.E-07),#16485,
  'distance_accuracy_value','confusion accuracy');
#16489 = CONTEXT_DEPENDENT_SHAPE_REPRESENTATION(#16490,#16492);
#16490 = ( REPRESENTATION_RELATIONSHIP('','',#15883,#10) 
REPRESENTATION_RELATIONSHIP_WITH_TRANSFORMATION(#16491) 
SHAPE_REPRESENTATION_RELATIONSHIP() );
#16491 = ITEM_DEFINED_TRANSFORMATION('','',#11,#107);
#16492 = PRODUCT_DEFINITION_SHAPE('Placement','Placement of an item',
  #16493);
#16493 = NEXT_ASSEMBLY_USAGE_OCCURRENCE('24',
  'Right floating-head capture lips','',#5,#15878,$);
#16494 = PRODUCT_RELATED_PRODUCT_CATEGORY('part',$,(#15880));
#16495 = SHAPE_DEFINITION_REPRESENTATION(#16496,#16502);
#16496 = PRODUCT_DEFINITION_SHAPE('','',#16497);
#16497 = PRODUCT_DEFINITION('design','',#16498,#16501);
#16498 = PRODUCT_DEFINITION_FORMATION('','',#16499);
#16499 = PRODUCT('Right Poron supports','Right Poron supports','',(
    #16500));
#16500 = PRODUCT_CONTEXT('',#2,'mechanical');
#16501 = PRODUCT_DEFINITION_CONTEXT('part definition',#2,'design');
#16502 = SHAPE_REPRESENTATION('',(#11,#16503,#16653,#16803,#16953),
  #17103);
#16503 = MANIFOLD_SOLID_BREP('',#16504);
#16504 = CLOSED_SHELL('',(#16505,#16545,#16585,#16607,#16629,#16641));
#16505 = ADVANCED_FACE('',(#16506),#16540,.F.);
#16506 = FACE_BOUND('',#16507,.F.);
#16507 = EDGE_LOOP('',(#16508,#16518,#16526,#16534));
#16508 = ORIENTED_EDGE('',*,*,#16509,.F.);
#16509 = EDGE_CURVE('',#16510,#16512,#16514,.T.);
#16510 = VERTEX_POINT('',#16511);
#16511 = CARTESIAN_POINT('',(31.112020019646,-8.,1.53746930663));
#16512 = VERTEX_POINT('',#16513);
#16513 = CARTESIAN_POINT('',(31.19564279026,-8.,2.333086822924));
#16514 = LINE('',#16515,#16516);
#16515 = CARTESIAN_POINT('',(31.112020019646,-8.,1.53746930663));
#16516 = VECTOR('',#16517,1.);
#16517 = DIRECTION('',(0.104528463268,0.,0.994521895368));
#16518 = ORIENTED_EDGE('',*,*,#16519,.T.);
#16519 = EDGE_CURVE('',#16510,#16520,#16522,.T.);
#16520 = VERTEX_POINT('',#16521);
#16521 = CARTESIAN_POINT('',(31.112020019646,-4.,1.53746930663));
#16522 = LINE('',#16523,#16524);
#16523 = CARTESIAN_POINT('',(31.112020019646,-8.,1.53746930663));
#16524 = VECTOR('',#16525,1.);
#16525 = DIRECTION('',(0.,1.,0.));
#16526 = ORIENTED_EDGE('',*,*,#16527,.T.);
#16527 = EDGE_CURVE('',#16520,#16528,#16530,.T.);
#16528 = VERTEX_POINT('',#16529);
#16529 = CARTESIAN_POINT('',(31.19564279026,-4.,2.333086822924));
#16530 = LINE('',#16531,#16532);
#16531 = CARTESIAN_POINT('',(31.112020019646,-4.,1.53746930663));
#16532 = VECTOR('',#16533,1.);
#16533 = DIRECTION('',(0.104528463268,0.,0.994521895368));
#16534 = ORIENTED_EDGE('',*,*,#16535,.F.);
#16535 = EDGE_CURVE('',#16512,#16528,#16536,.T.);
#16536 = LINE('',#16537,#16538);
#16537 = CARTESIAN_POINT('',(31.19564279026,-8.,2.333086822924));
#16538 = VECTOR('',#16539,1.);
#16539 = DIRECTION('',(0.,1.,0.));
#16540 = PLANE('',#16541);
#16541 = AXIS2_PLACEMENT_3D('',#16542,#16543,#16544);
#16542 = CARTESIAN_POINT('',(31.112020019646,-8.,1.53746930663));
#16543 = DIRECTION('',(0.994521895368,0.,-0.104528463268));
#16544 = DIRECTION('',(0.104528463268,0.,0.994521895368));
#16545 = ADVANCED_FACE('',(#16546),#16580,.T.);
#16546 = FACE_BOUND('',#16547,.T.);
#16547 = EDGE_LOOP('',(#16548,#16558,#16566,#16574));
#16548 = ORIENTED_EDGE('',*,*,#16549,.F.);
#16549 = EDGE_CURVE('',#16550,#16552,#16554,.T.);
#16550 = VERTEX_POINT('',#16551);
#16551 = CARTESIAN_POINT('',(35.090107601119,-8.,1.119355453559));
#16552 = VERTEX_POINT('',#16553);
#16553 = CARTESIAN_POINT('',(35.173730371733,-8.,1.914972969854));
#16554 = LINE('',#16555,#16556);
#16555 = CARTESIAN_POINT('',(35.090107601119,-8.,1.119355453559));
#16556 = VECTOR('',#16557,1.);
#16557 = DIRECTION('',(0.104528463268,0.,0.994521895368));
#16558 = ORIENTED_EDGE('',*,*,#16559,.T.);
#16559 = EDGE_CURVE('',#16550,#16560,#16562,.T.);
#16560 = VERTEX_POINT('',#16561);
#16561 = CARTESIAN_POINT('',(35.090107601119,-4.,1.119355453559));
#16562 = LINE('',#16563,#16564);
#16563 = CARTESIAN_POINT('',(35.090107601119,-8.,1.119355453559));
#16564 = VECTOR('',#16565,1.);
#16565 = DIRECTION('',(0.,1.,0.));
#16566 = ORIENTED_EDGE('',*,*,#16567,.T.);
#16567 = EDGE_CURVE('',#16560,#16568,#16570,.T.);
#16568 = VERTEX_POINT('',#16569);
#16569 = CARTESIAN_POINT('',(35.173730371733,-4.,1.914972969854));
#16570 = LINE('',#16571,#16572);
#16571 = CARTESIAN_POINT('',(35.090107601119,-4.,1.119355453559));
#16572 = VECTOR('',#16573,1.);
#16573 = DIRECTION('',(0.104528463268,0.,0.994521895368));
#16574 = ORIENTED_EDGE('',*,*,#16575,.F.);
#16575 = EDGE_CURVE('',#16552,#16568,#16576,.T.);
#16576 = LINE('',#16577,#16578);
#16577 = CARTESIAN_POINT('',(35.173730371733,-8.,1.914972969854));
#16578 = VECTOR('',#16579,1.);
#16579 = DIRECTION('',(0.,1.,0.));
#16580 = PLANE('',#16581);
#16581 = AXIS2_PLACEMENT_3D('',#16582,#16583,#16584);
#16582 = CARTESIAN_POINT('',(35.090107601119,-8.,1.119355453559));
#16583 = DIRECTION('',(0.994521895368,0.,-0.104528463268));
#16584 = DIRECTION('',(0.104528463268,0.,0.994521895368));
#16585 = ADVANCED_FACE('',(#16586),#16602,.F.);
#16586 = FACE_BOUND('',#16587,.F.);
#16587 = EDGE_LOOP('',(#16588,#16594,#16595,#16601));
#16588 = ORIENTED_EDGE('',*,*,#16589,.F.);
#16589 = EDGE_CURVE('',#16510,#16550,#16590,.T.);
#16590 = LINE('',#16591,#16592);
#16591 = CARTESIAN_POINT('',(31.112020019646,-8.,1.53746930663));
#16592 = VECTOR('',#16593,1.);
#16593 = DIRECTION('',(0.994521895368,0.,-0.104528463268));
#16594 = ORIENTED_EDGE('',*,*,#16509,.T.);
#16595 = ORIENTED_EDGE('',*,*,#16596,.T.);
#16596 = EDGE_CURVE('',#16512,#16552,#16597,.T.);
#16597 = LINE('',#16598,#16599);
#16598 = CARTESIAN_POINT('',(31.19564279026,-8.,2.333086822924));
#16599 = VECTOR('',#16600,1.);
#16600 = DIRECTION('',(0.994521895368,0.,-0.104528463268));
#16601 = ORIENTED_EDGE('',*,*,#16549,.F.);
#16602 = PLANE('',#16603);
#16603 = AXIS2_PLACEMENT_3D('',#16604,#16605,#16606);
#16604 = CARTESIAN_POINT('',(31.112020019646,-8.,1.53746930663));
#16605 = DIRECTION('',(0.,1.,0.));
#16606 = DIRECTION('',(0.104528463268,0.,0.994521895368));
#16607 = ADVANCED_FACE('',(#16608),#16624,.T.);
#16608 = FACE_BOUND('',#16609,.T.);
#16609 = EDGE_LOOP('',(#16610,#16616,#16617,#16623));
#16610 = ORIENTED_EDGE('',*,*,#16611,.F.);
#16611 = EDGE_CURVE('',#16520,#16560,#16612,.T.);
#16612 = LINE('',#16613,#16614);
#16613 = CARTESIAN_POINT('',(31.112020019646,-4.,1.53746930663));
#16614 = VECTOR('',#16615,1.);
#16615 = DIRECTION('',(0.994521895368,0.,-0.104528463268));
#16616 = ORIENTED_EDGE('',*,*,#16527,.T.);
#16617 = ORIENTED_EDGE('',*,*,#16618,.T.);
#16618 = EDGE_CURVE('',#16528,#16568,#16619,.T.);
#16619 = LINE('',#16620,#16621);
#16620 = CARTESIAN_POINT('',(31.19564279026,-4.,2.333086822924));
#16621 = VECTOR('',#16622,1.);
#16622 = DIRECTION('',(0.994521895368,0.,-0.104528463268));
#16623 = ORIENTED_EDGE('',*,*,#16567,.F.);
#16624 = PLANE('',#16625);
#16625 = AXIS2_PLACEMENT_3D('',#16626,#16627,#16628);
#16626 = CARTESIAN_POINT('',(31.112020019646,-4.,1.53746930663));
#16627 = DIRECTION('',(0.,1.,0.));
#16628 = DIRECTION('',(0.104528463268,0.,0.994521895368));
#16629 = ADVANCED_FACE('',(#16630),#16636,.F.);
#16630 = FACE_BOUND('',#16631,.F.);
#16631 = EDGE_LOOP('',(#16632,#16633,#16634,#16635));
#16632 = ORIENTED_EDGE('',*,*,#16519,.F.);
#16633 = ORIENTED_EDGE('',*,*,#16589,.T.);
#16634 = ORIENTED_EDGE('',*,*,#16559,.T.);
#16635 = ORIENTED_EDGE('',*,*,#16611,.F.);
#16636 = PLANE('',#16637);
#16637 = AXIS2_PLACEMENT_3D('',#16638,#16639,#16640);
#16638 = CARTESIAN_POINT('',(31.112020019646,-8.,1.53746930663));
#16639 = DIRECTION('',(0.104528463268,0.,0.994521895368));
#16640 = DIRECTION('',(0.994521895368,0.,-0.104528463268));
#16641 = ADVANCED_FACE('',(#16642),#16648,.T.);
#16642 = FACE_BOUND('',#16643,.T.);
#16643 = EDGE_LOOP('',(#16644,#16645,#16646,#16647));
#16644 = ORIENTED_EDGE('',*,*,#16535,.F.);
#16645 = ORIENTED_EDGE('',*,*,#16596,.T.);
#16646 = ORIENTED_EDGE('',*,*,#16575,.T.);
#16647 = ORIENTED_EDGE('',*,*,#16618,.F.);
#16648 = PLANE('',#16649);
#16649 = AXIS2_PLACEMENT_3D('',#16650,#16651,#16652);
#16650 = CARTESIAN_POINT('',(31.19564279026,-8.,2.333086822924));
#16651 = DIRECTION('',(0.104528463268,0.,0.994521895368));
#16652 = DIRECTION('',(0.994521895368,0.,-0.104528463268));
#16653 = MANIFOLD_SOLID_BREP('',#16654);
#16654 = CLOSED_SHELL('',(#16655,#16695,#16735,#16757,#16779,#16791));
#16655 = ADVANCED_FACE('',(#16656),#16690,.F.);
#16656 = FACE_BOUND('',#16657,.F.);
#16657 = EDGE_LOOP('',(#16658,#16668,#16676,#16684));
#16658 = ORIENTED_EDGE('',*,*,#16659,.F.);
#16659 = EDGE_CURVE('',#16660,#16662,#16664,.T.);
#16660 = VERTEX_POINT('',#16661);
#16661 = CARTESIAN_POINT('',(45.035326554802,-8.,7.40708208827E-02));
#16662 = VERTEX_POINT('',#16663);
#16663 = CARTESIAN_POINT('',(45.118949325416,-8.,0.869688337177));
#16664 = LINE('',#16665,#16666);
#16665 = CARTESIAN_POINT('',(45.035326554802,-8.,7.40708208827E-02));
#16666 = VECTOR('',#16667,1.);
#16667 = DIRECTION('',(0.104528463268,0.,0.994521895368));
#16668 = ORIENTED_EDGE('',*,*,#16669,.T.);
#16669 = EDGE_CURVE('',#16660,#16670,#16672,.T.);
#16670 = VERTEX_POINT('',#16671);
#16671 = CARTESIAN_POINT('',(45.035326554802,-4.,7.40708208827E-02));
#16672 = LINE('',#16673,#16674);
#16673 = CARTESIAN_POINT('',(45.035326554802,-8.,7.40708208827E-02));
#16674 = VECTOR('',#16675,1.);
#16675 = DIRECTION('',(0.,1.,0.));
#16676 = ORIENTED_EDGE('',*,*,#16677,.T.);
#16677 = EDGE_CURVE('',#16670,#16678,#16680,.T.);
#16678 = VERTEX_POINT('',#16679);
#16679 = CARTESIAN_POINT('',(45.118949325416,-4.,0.869688337177));
#16680 = LINE('',#16681,#16682);
#16681 = CARTESIAN_POINT('',(45.035326554802,-4.,7.40708208827E-02));
#16682 = VECTOR('',#16683,1.);
#16683 = DIRECTION('',(0.104528463268,0.,0.994521895368));
#16684 = ORIENTED_EDGE('',*,*,#16685,.F.);
#16685 = EDGE_CURVE('',#16662,#16678,#16686,.T.);
#16686 = LINE('',#16687,#16688);
#16687 = CARTESIAN_POINT('',(45.118949325416,-8.,0.869688337177));
#16688 = VECTOR('',#16689,1.);
#16689 = DIRECTION('',(0.,1.,0.));
#16690 = PLANE('',#16691);
#16691 = AXIS2_PLACEMENT_3D('',#16692,#16693,#16694);
#16692 = CARTESIAN_POINT('',(45.035326554802,-8.,7.40708208827E-02));
#16693 = DIRECTION('',(0.994521895368,0.,-0.104528463268));
#16694 = DIRECTION('',(0.104528463268,0.,0.994521895368));
#16695 = ADVANCED_FACE('',(#16696),#16730,.T.);
#16696 = FACE_BOUND('',#16697,.T.);
#16697 = EDGE_LOOP('',(#16698,#16708,#16716,#16724));
#16698 = ORIENTED_EDGE('',*,*,#16699,.F.);
#16699 = EDGE_CURVE('',#16700,#16702,#16704,.T.);
#16700 = VERTEX_POINT('',#16701);
#16701 = CARTESIAN_POINT('',(49.013414136275,-8.,-0.344043032188));
#16702 = VERTEX_POINT('',#16703);
#16703 = CARTESIAN_POINT('',(49.097036906889,-8.,0.451574484107));
#16704 = LINE('',#16705,#16706);
#16705 = CARTESIAN_POINT('',(49.013414136275,-8.,-0.344043032188));
#16706 = VECTOR('',#16707,1.);
#16707 = DIRECTION('',(0.104528463268,0.,0.994521895368));
#16708 = ORIENTED_EDGE('',*,*,#16709,.T.);
#16709 = EDGE_CURVE('',#16700,#16710,#16712,.T.);
#16710 = VERTEX_POINT('',#16711);
#16711 = CARTESIAN_POINT('',(49.013414136275,-4.,-0.344043032188));
#16712 = LINE('',#16713,#16714);
#16713 = CARTESIAN_POINT('',(49.013414136275,-8.,-0.344043032188));
#16714 = VECTOR('',#16715,1.);
#16715 = DIRECTION('',(0.,1.,0.));
#16716 = ORIENTED_EDGE('',*,*,#16717,.T.);
#16717 = EDGE_CURVE('',#16710,#16718,#16720,.T.);
#16718 = VERTEX_POINT('',#16719);
#16719 = CARTESIAN_POINT('',(49.097036906889,-4.,0.451574484107));
#16720 = LINE('',#16721,#16722);
#16721 = CARTESIAN_POINT('',(49.013414136275,-4.,-0.344043032188));
#16722 = VECTOR('',#16723,1.);
#16723 = DIRECTION('',(0.104528463268,0.,0.994521895368));
#16724 = ORIENTED_EDGE('',*,*,#16725,.F.);
#16725 = EDGE_CURVE('',#16702,#16718,#16726,.T.);
#16726 = LINE('',#16727,#16728);
#16727 = CARTESIAN_POINT('',(49.097036906889,-8.,0.451574484107));
#16728 = VECTOR('',#16729,1.);
#16729 = DIRECTION('',(0.,1.,0.));
#16730 = PLANE('',#16731);
#16731 = AXIS2_PLACEMENT_3D('',#16732,#16733,#16734);
#16732 = CARTESIAN_POINT('',(49.013414136275,-8.,-0.344043032188));
#16733 = DIRECTION('',(0.994521895368,0.,-0.104528463268));
#16734 = DIRECTION('',(0.104528463268,0.,0.994521895368));
#16735 = ADVANCED_FACE('',(#16736),#16752,.F.);
#16736 = FACE_BOUND('',#16737,.F.);
#16737 = EDGE_LOOP('',(#16738,#16744,#16745,#16751));
#16738 = ORIENTED_EDGE('',*,*,#16739,.F.);
#16739 = EDGE_CURVE('',#16660,#16700,#16740,.T.);
#16740 = LINE('',#16741,#16742);
#16741 = CARTESIAN_POINT('',(45.035326554802,-8.,7.40708208827E-02));
#16742 = VECTOR('',#16743,1.);
#16743 = DIRECTION('',(0.994521895368,0.,-0.104528463268));
#16744 = ORIENTED_EDGE('',*,*,#16659,.T.);
#16745 = ORIENTED_EDGE('',*,*,#16746,.T.);
#16746 = EDGE_CURVE('',#16662,#16702,#16747,.T.);
#16747 = LINE('',#16748,#16749);
#16748 = CARTESIAN_POINT('',(45.118949325416,-8.,0.869688337177));
#16749 = VECTOR('',#16750,1.);
#16750 = DIRECTION('',(0.994521895368,0.,-0.104528463268));
#16751 = ORIENTED_EDGE('',*,*,#16699,.F.);
#16752 = PLANE('',#16753);
#16753 = AXIS2_PLACEMENT_3D('',#16754,#16755,#16756);
#16754 = CARTESIAN_POINT('',(45.035326554802,-8.,7.40708208827E-02));
#16755 = DIRECTION('',(0.,1.,0.));
#16756 = DIRECTION('',(0.104528463268,0.,0.994521895368));
#16757 = ADVANCED_FACE('',(#16758),#16774,.T.);
#16758 = FACE_BOUND('',#16759,.T.);
#16759 = EDGE_LOOP('',(#16760,#16766,#16767,#16773));
#16760 = ORIENTED_EDGE('',*,*,#16761,.F.);
#16761 = EDGE_CURVE('',#16670,#16710,#16762,.T.);
#16762 = LINE('',#16763,#16764);
#16763 = CARTESIAN_POINT('',(45.035326554802,-4.,7.40708208827E-02));
#16764 = VECTOR('',#16765,1.);
#16765 = DIRECTION('',(0.994521895368,0.,-0.104528463268));
#16766 = ORIENTED_EDGE('',*,*,#16677,.T.);
#16767 = ORIENTED_EDGE('',*,*,#16768,.T.);
#16768 = EDGE_CURVE('',#16678,#16718,#16769,.T.);
#16769 = LINE('',#16770,#16771);
#16770 = CARTESIAN_POINT('',(45.118949325416,-4.,0.869688337177));
#16771 = VECTOR('',#16772,1.);
#16772 = DIRECTION('',(0.994521895368,0.,-0.104528463268));
#16773 = ORIENTED_EDGE('',*,*,#16717,.F.);
#16774 = PLANE('',#16775);
#16775 = AXIS2_PLACEMENT_3D('',#16776,#16777,#16778);
#16776 = CARTESIAN_POINT('',(45.035326554802,-4.,7.40708208827E-02));
#16777 = DIRECTION('',(0.,1.,0.));
#16778 = DIRECTION('',(0.104528463268,0.,0.994521895368));
#16779 = ADVANCED_FACE('',(#16780),#16786,.F.);
#16780 = FACE_BOUND('',#16781,.F.);
#16781 = EDGE_LOOP('',(#16782,#16783,#16784,#16785));
#16782 = ORIENTED_EDGE('',*,*,#16669,.F.);
#16783 = ORIENTED_EDGE('',*,*,#16739,.T.);
#16784 = ORIENTED_EDGE('',*,*,#16709,.T.);
#16785 = ORIENTED_EDGE('',*,*,#16761,.F.);
#16786 = PLANE('',#16787);
#16787 = AXIS2_PLACEMENT_3D('',#16788,#16789,#16790);
#16788 = CARTESIAN_POINT('',(45.035326554802,-8.,7.40708208827E-02));
#16789 = DIRECTION('',(0.104528463268,0.,0.994521895368));
#16790 = DIRECTION('',(0.994521895368,0.,-0.104528463268));
#16791 = ADVANCED_FACE('',(#16792),#16798,.T.);
#16792 = FACE_BOUND('',#16793,.T.);
#16793 = EDGE_LOOP('',(#16794,#16795,#16796,#16797));
#16794 = ORIENTED_EDGE('',*,*,#16685,.F.);
#16795 = ORIENTED_EDGE('',*,*,#16746,.T.);
#16796 = ORIENTED_EDGE('',*,*,#16725,.T.);
#16797 = ORIENTED_EDGE('',*,*,#16768,.F.);
#16798 = PLANE('',#16799);
#16799 = AXIS2_PLACEMENT_3D('',#16800,#16801,#16802);
#16800 = CARTESIAN_POINT('',(45.118949325416,-8.,0.869688337177));
#16801 = DIRECTION('',(0.104528463268,0.,0.994521895368));
#16802 = DIRECTION('',(0.994521895368,0.,-0.104528463268));
#16803 = MANIFOLD_SOLID_BREP('',#16804);
#16804 = CLOSED_SHELL('',(#16805,#16845,#16885,#16907,#16929,#16941));
#16805 = ADVANCED_FACE('',(#16806),#16840,.F.);
#16806 = FACE_BOUND('',#16807,.F.);
#16807 = EDGE_LOOP('',(#16808,#16818,#16826,#16834));
#16808 = ORIENTED_EDGE('',*,*,#16809,.F.);
#16809 = EDGE_CURVE('',#16810,#16812,#16814,.T.);
#16810 = VERTEX_POINT('',#16811);
#16811 = CARTESIAN_POINT('',(31.112020019646,4.,1.53746930663));
#16812 = VERTEX_POINT('',#16813);
#16813 = CARTESIAN_POINT('',(31.19564279026,4.,2.333086822924));
#16814 = LINE('',#16815,#16816);
#16815 = CARTESIAN_POINT('',(31.112020019646,4.,1.53746930663));
#16816 = VECTOR('',#16817,1.);
#16817 = DIRECTION('',(0.104528463268,0.,0.994521895368));
#16818 = ORIENTED_EDGE('',*,*,#16819,.T.);
#16819 = EDGE_CURVE('',#16810,#16820,#16822,.T.);
#16820 = VERTEX_POINT('',#16821);
#16821 = CARTESIAN_POINT('',(31.112020019646,8.,1.53746930663));
#16822 = LINE('',#16823,#16824);
#16823 = CARTESIAN_POINT('',(31.112020019646,4.,1.53746930663));
#16824 = VECTOR('',#16825,1.);
#16825 = DIRECTION('',(0.,1.,0.));
#16826 = ORIENTED_EDGE('',*,*,#16827,.T.);
#16827 = EDGE_CURVE('',#16820,#16828,#16830,.T.);
#16828 = VERTEX_POINT('',#16829);
#16829 = CARTESIAN_POINT('',(31.19564279026,8.,2.333086822924));
#16830 = LINE('',#16831,#16832);
#16831 = CARTESIAN_POINT('',(31.112020019646,8.,1.53746930663));
#16832 = VECTOR('',#16833,1.);
#16833 = DIRECTION('',(0.104528463268,0.,0.994521895368));
#16834 = ORIENTED_EDGE('',*,*,#16835,.F.);
#16835 = EDGE_CURVE('',#16812,#16828,#16836,.T.);
#16836 = LINE('',#16837,#16838);
#16837 = CARTESIAN_POINT('',(31.19564279026,4.,2.333086822924));
#16838 = VECTOR('',#16839,1.);
#16839 = DIRECTION('',(0.,1.,0.));
#16840 = PLANE('',#16841);
#16841 = AXIS2_PLACEMENT_3D('',#16842,#16843,#16844);
#16842 = CARTESIAN_POINT('',(31.112020019646,4.,1.53746930663));
#16843 = DIRECTION('',(0.994521895368,0.,-0.104528463268));
#16844 = DIRECTION('',(0.104528463268,0.,0.994521895368));
#16845 = ADVANCED_FACE('',(#16846),#16880,.T.);
#16846 = FACE_BOUND('',#16847,.T.);
#16847 = EDGE_LOOP('',(#16848,#16858,#16866,#16874));
#16848 = ORIENTED_EDGE('',*,*,#16849,.F.);
#16849 = EDGE_CURVE('',#16850,#16852,#16854,.T.);
#16850 = VERTEX_POINT('',#16851);
#16851 = CARTESIAN_POINT('',(35.090107601119,4.,1.119355453559));
#16852 = VERTEX_POINT('',#16853);
#16853 = CARTESIAN_POINT('',(35.173730371733,4.,1.914972969854));
#16854 = LINE('',#16855,#16856);
#16855 = CARTESIAN_POINT('',(35.090107601119,4.,1.119355453559));
#16856 = VECTOR('',#16857,1.);
#16857 = DIRECTION('',(0.104528463268,0.,0.994521895368));
#16858 = ORIENTED_EDGE('',*,*,#16859,.T.);
#16859 = EDGE_CURVE('',#16850,#16860,#16862,.T.);
#16860 = VERTEX_POINT('',#16861);
#16861 = CARTESIAN_POINT('',(35.090107601119,8.,1.119355453559));
#16862 = LINE('',#16863,#16864);
#16863 = CARTESIAN_POINT('',(35.090107601119,4.,1.119355453559));
#16864 = VECTOR('',#16865,1.);
#16865 = DIRECTION('',(0.,1.,0.));
#16866 = ORIENTED_EDGE('',*,*,#16867,.T.);
#16867 = EDGE_CURVE('',#16860,#16868,#16870,.T.);
#16868 = VERTEX_POINT('',#16869);
#16869 = CARTESIAN_POINT('',(35.173730371733,8.,1.914972969854));
#16870 = LINE('',#16871,#16872);
#16871 = CARTESIAN_POINT('',(35.090107601119,8.,1.119355453559));
#16872 = VECTOR('',#16873,1.);
#16873 = DIRECTION('',(0.104528463268,0.,0.994521895368));
#16874 = ORIENTED_EDGE('',*,*,#16875,.F.);
#16875 = EDGE_CURVE('',#16852,#16868,#16876,.T.);
#16876 = LINE('',#16877,#16878);
#16877 = CARTESIAN_POINT('',(35.173730371733,4.,1.914972969854));
#16878 = VECTOR('',#16879,1.);
#16879 = DIRECTION('',(0.,1.,0.));
#16880 = PLANE('',#16881);
#16881 = AXIS2_PLACEMENT_3D('',#16882,#16883,#16884);
#16882 = CARTESIAN_POINT('',(35.090107601119,4.,1.119355453559));
#16883 = DIRECTION('',(0.994521895368,0.,-0.104528463268));
#16884 = DIRECTION('',(0.104528463268,0.,0.994521895368));
#16885 = ADVANCED_FACE('',(#16886),#16902,.F.);
#16886 = FACE_BOUND('',#16887,.F.);
#16887 = EDGE_LOOP('',(#16888,#16894,#16895,#16901));
#16888 = ORIENTED_EDGE('',*,*,#16889,.F.);
#16889 = EDGE_CURVE('',#16810,#16850,#16890,.T.);
#16890 = LINE('',#16891,#16892);
#16891 = CARTESIAN_POINT('',(31.112020019646,4.,1.53746930663));
#16892 = VECTOR('',#16893,1.);
#16893 = DIRECTION('',(0.994521895368,0.,-0.104528463268));
#16894 = ORIENTED_EDGE('',*,*,#16809,.T.);
#16895 = ORIENTED_EDGE('',*,*,#16896,.T.);
#16896 = EDGE_CURVE('',#16812,#16852,#16897,.T.);
#16897 = LINE('',#16898,#16899);
#16898 = CARTESIAN_POINT('',(31.19564279026,4.,2.333086822924));
#16899 = VECTOR('',#16900,1.);
#16900 = DIRECTION('',(0.994521895368,0.,-0.104528463268));
#16901 = ORIENTED_EDGE('',*,*,#16849,.F.);
#16902 = PLANE('',#16903);
#16903 = AXIS2_PLACEMENT_3D('',#16904,#16905,#16906);
#16904 = CARTESIAN_POINT('',(31.112020019646,4.,1.53746930663));
#16905 = DIRECTION('',(0.,1.,0.));
#16906 = DIRECTION('',(0.104528463268,0.,0.994521895368));
#16907 = ADVANCED_FACE('',(#16908),#16924,.T.);
#16908 = FACE_BOUND('',#16909,.T.);
#16909 = EDGE_LOOP('',(#16910,#16916,#16917,#16923));
#16910 = ORIENTED_EDGE('',*,*,#16911,.F.);
#16911 = EDGE_CURVE('',#16820,#16860,#16912,.T.);
#16912 = LINE('',#16913,#16914);
#16913 = CARTESIAN_POINT('',(31.112020019646,8.,1.53746930663));
#16914 = VECTOR('',#16915,1.);
#16915 = DIRECTION('',(0.994521895368,0.,-0.104528463268));
#16916 = ORIENTED_EDGE('',*,*,#16827,.T.);
#16917 = ORIENTED_EDGE('',*,*,#16918,.T.);
#16918 = EDGE_CURVE('',#16828,#16868,#16919,.T.);
#16919 = LINE('',#16920,#16921);
#16920 = CARTESIAN_POINT('',(31.19564279026,8.,2.333086822924));
#16921 = VECTOR('',#16922,1.);
#16922 = DIRECTION('',(0.994521895368,0.,-0.104528463268));
#16923 = ORIENTED_EDGE('',*,*,#16867,.F.);
#16924 = PLANE('',#16925);
#16925 = AXIS2_PLACEMENT_3D('',#16926,#16927,#16928);
#16926 = CARTESIAN_POINT('',(31.112020019646,8.,1.53746930663));
#16927 = DIRECTION('',(0.,1.,0.));
#16928 = DIRECTION('',(0.104528463268,0.,0.994521895368));
#16929 = ADVANCED_FACE('',(#16930),#16936,.F.);
#16930 = FACE_BOUND('',#16931,.F.);
#16931 = EDGE_LOOP('',(#16932,#16933,#16934,#16935));
#16932 = ORIENTED_EDGE('',*,*,#16819,.F.);
#16933 = ORIENTED_EDGE('',*,*,#16889,.T.);
#16934 = ORIENTED_EDGE('',*,*,#16859,.T.);
#16935 = ORIENTED_EDGE('',*,*,#16911,.F.);
#16936 = PLANE('',#16937);
#16937 = AXIS2_PLACEMENT_3D('',#16938,#16939,#16940);
#16938 = CARTESIAN_POINT('',(31.112020019646,4.,1.53746930663));
#16939 = DIRECTION('',(0.104528463268,0.,0.994521895368));
#16940 = DIRECTION('',(0.994521895368,0.,-0.104528463268));
#16941 = ADVANCED_FACE('',(#16942),#16948,.T.);
#16942 = FACE_BOUND('',#16943,.T.);
#16943 = EDGE_LOOP('',(#16944,#16945,#16946,#16947));
#16944 = ORIENTED_EDGE('',*,*,#16835,.F.);
#16945 = ORIENTED_EDGE('',*,*,#16896,.T.);
#16946 = ORIENTED_EDGE('',*,*,#16875,.T.);
#16947 = ORIENTED_EDGE('',*,*,#16918,.F.);
#16948 = PLANE('',#16949);
#16949 = AXIS2_PLACEMENT_3D('',#16950,#16951,#16952);
#16950 = CARTESIAN_POINT('',(31.19564279026,4.,2.333086822924));
#16951 = DIRECTION('',(0.104528463268,0.,0.994521895368));
#16952 = DIRECTION('',(0.994521895368,0.,-0.104528463268));
#16953 = MANIFOLD_SOLID_BREP('',#16954);
#16954 = CLOSED_SHELL('',(#16955,#16995,#17035,#17057,#17079,#17091));
#16955 = ADVANCED_FACE('',(#16956),#16990,.F.);
#16956 = FACE_BOUND('',#16957,.F.);
#16957 = EDGE_LOOP('',(#16958,#16968,#16976,#16984));
#16958 = ORIENTED_EDGE('',*,*,#16959,.F.);
#16959 = EDGE_CURVE('',#16960,#16962,#16964,.T.);
#16960 = VERTEX_POINT('',#16961);
#16961 = CARTESIAN_POINT('',(45.035326554802,4.,7.40708208827E-02));
#16962 = VERTEX_POINT('',#16963);
#16963 = CARTESIAN_POINT('',(45.118949325416,4.,0.869688337177));
#16964 = LINE('',#16965,#16966);
#16965 = CARTESIAN_POINT('',(45.035326554802,4.,7.40708208827E-02));
#16966 = VECTOR('',#16967,1.);
#16967 = DIRECTION('',(0.104528463268,0.,0.994521895368));
#16968 = ORIENTED_EDGE('',*,*,#16969,.T.);
#16969 = EDGE_CURVE('',#16960,#16970,#16972,.T.);
#16970 = VERTEX_POINT('',#16971);
#16971 = CARTESIAN_POINT('',(45.035326554802,8.,7.40708208827E-02));
#16972 = LINE('',#16973,#16974);
#16973 = CARTESIAN_POINT('',(45.035326554802,4.,7.40708208827E-02));
#16974 = VECTOR('',#16975,1.);
#16975 = DIRECTION('',(0.,1.,0.));
#16976 = ORIENTED_EDGE('',*,*,#16977,.T.);
#16977 = EDGE_CURVE('',#16970,#16978,#16980,.T.);
#16978 = VERTEX_POINT('',#16979);
#16979 = CARTESIAN_POINT('',(45.118949325416,8.,0.869688337177));
#16980 = LINE('',#16981,#16982);
#16981 = CARTESIAN_POINT('',(45.035326554802,8.,7.40708208827E-02));
#16982 = VECTOR('',#16983,1.);
#16983 = DIRECTION('',(0.104528463268,0.,0.994521895368));
#16984 = ORIENTED_EDGE('',*,*,#16985,.F.);
#16985 = EDGE_CURVE('',#16962,#16978,#16986,.T.);
#16986 = LINE('',#16987,#16988);
#16987 = CARTESIAN_POINT('',(45.118949325416,4.,0.869688337177));
#16988 = VECTOR('',#16989,1.);
#16989 = DIRECTION('',(0.,1.,0.));
#16990 = PLANE('',#16991);
#16991 = AXIS2_PLACEMENT_3D('',#16992,#16993,#16994);
#16992 = CARTESIAN_POINT('',(45.035326554802,4.,7.40708208827E-02));
#16993 = DIRECTION('',(0.994521895368,0.,-0.104528463268));
#16994 = DIRECTION('',(0.104528463268,0.,0.994521895368));
#16995 = ADVANCED_FACE('',(#16996),#17030,.T.);
#16996 = FACE_BOUND('',#16997,.T.);
#16997 = EDGE_LOOP('',(#16998,#17008,#17016,#17024));
#16998 = ORIENTED_EDGE('',*,*,#16999,.F.);
#16999 = EDGE_CURVE('',#17000,#17002,#17004,.T.);
#17000 = VERTEX_POINT('',#17001);
#17001 = CARTESIAN_POINT('',(49.013414136275,4.,-0.344043032188));
#17002 = VERTEX_POINT('',#17003);
#17003 = CARTESIAN_POINT('',(49.097036906889,4.,0.451574484107));
#17004 = LINE('',#17005,#17006);
#17005 = CARTESIAN_POINT('',(49.013414136275,4.,-0.344043032188));
#17006 = VECTOR('',#17007,1.);
#17007 = DIRECTION('',(0.104528463268,0.,0.994521895368));
#17008 = ORIENTED_EDGE('',*,*,#17009,.T.);
#17009 = EDGE_CURVE('',#17000,#17010,#17012,.T.);
#17010 = VERTEX_POINT('',#17011);
#17011 = CARTESIAN_POINT('',(49.013414136275,8.,-0.344043032188));
#17012 = LINE('',#17013,#17014);
#17013 = CARTESIAN_POINT('',(49.013414136275,4.,-0.344043032188));
#17014 = VECTOR('',#17015,1.);
#17015 = DIRECTION('',(0.,1.,0.));
#17016 = ORIENTED_EDGE('',*,*,#17017,.T.);
#17017 = EDGE_CURVE('',#17010,#17018,#17020,.T.);
#17018 = VERTEX_POINT('',#17019);
#17019 = CARTESIAN_POINT('',(49.097036906889,8.,0.451574484107));
#17020 = LINE('',#17021,#17022);
#17021 = CARTESIAN_POINT('',(49.013414136275,8.,-0.344043032188));
#17022 = VECTOR('',#17023,1.);
#17023 = DIRECTION('',(0.104528463268,0.,0.994521895368));
#17024 = ORIENTED_EDGE('',*,*,#17025,.F.);
#17025 = EDGE_CURVE('',#17002,#17018,#17026,.T.);
#17026 = LINE('',#17027,#17028);
#17027 = CARTESIAN_POINT('',(49.097036906889,4.,0.451574484107));
#17028 = VECTOR('',#17029,1.);
#17029 = DIRECTION('',(0.,1.,0.));
#17030 = PLANE('',#17031);
#17031 = AXIS2_PLACEMENT_3D('',#17032,#17033,#17034);
#17032 = CARTESIAN_POINT('',(49.013414136275,4.,-0.344043032188));
#17033 = DIRECTION('',(0.994521895368,0.,-0.104528463268));
#17034 = DIRECTION('',(0.104528463268,0.,0.994521895368));
#17035 = ADVANCED_FACE('',(#17036),#17052,.F.);
#17036 = FACE_BOUND('',#17037,.F.);
#17037 = EDGE_LOOP('',(#17038,#17044,#17045,#17051));
#17038 = ORIENTED_EDGE('',*,*,#17039,.F.);
#17039 = EDGE_CURVE('',#16960,#17000,#17040,.T.);
#17040 = LINE('',#17041,#17042);
#17041 = CARTESIAN_POINT('',(45.035326554802,4.,7.40708208827E-02));
#17042 = VECTOR('',#17043,1.);
#17043 = DIRECTION('',(0.994521895368,0.,-0.104528463268));
#17044 = ORIENTED_EDGE('',*,*,#16959,.T.);
#17045 = ORIENTED_EDGE('',*,*,#17046,.T.);
#17046 = EDGE_CURVE('',#16962,#17002,#17047,.T.);
#17047 = LINE('',#17048,#17049);
#17048 = CARTESIAN_POINT('',(45.118949325416,4.,0.869688337177));
#17049 = VECTOR('',#17050,1.);
#17050 = DIRECTION('',(0.994521895368,0.,-0.104528463268));
#17051 = ORIENTED_EDGE('',*,*,#16999,.F.);
#17052 = PLANE('',#17053);
#17053 = AXIS2_PLACEMENT_3D('',#17054,#17055,#17056);
#17054 = CARTESIAN_POINT('',(45.035326554802,4.,7.40708208827E-02));
#17055 = DIRECTION('',(0.,1.,0.));
#17056 = DIRECTION('',(0.104528463268,0.,0.994521895368));
#17057 = ADVANCED_FACE('',(#17058),#17074,.T.);
#17058 = FACE_BOUND('',#17059,.T.);
#17059 = EDGE_LOOP('',(#17060,#17066,#17067,#17073));
#17060 = ORIENTED_EDGE('',*,*,#17061,.F.);
#17061 = EDGE_CURVE('',#16970,#17010,#17062,.T.);
#17062 = LINE('',#17063,#17064);
#17063 = CARTESIAN_POINT('',(45.035326554802,8.,7.40708208827E-02));
#17064 = VECTOR('',#17065,1.);
#17065 = DIRECTION('',(0.994521895368,0.,-0.104528463268));
#17066 = ORIENTED_EDGE('',*,*,#16977,.T.);
#17067 = ORIENTED_EDGE('',*,*,#17068,.T.);
#17068 = EDGE_CURVE('',#16978,#17018,#17069,.T.);
#17069 = LINE('',#17070,#17071);
#17070 = CARTESIAN_POINT('',(45.118949325416,8.,0.869688337177));
#17071 = VECTOR('',#17072,1.);
#17072 = DIRECTION('',(0.994521895368,0.,-0.104528463268));
#17073 = ORIENTED_EDGE('',*,*,#17017,.F.);
#17074 = PLANE('',#17075);
#17075 = AXIS2_PLACEMENT_3D('',#17076,#17077,#17078);
#17076 = CARTESIAN_POINT('',(45.035326554802,8.,7.40708208827E-02));
#17077 = DIRECTION('',(0.,1.,0.));
#17078 = DIRECTION('',(0.104528463268,0.,0.994521895368));
#17079 = ADVANCED_FACE('',(#17080),#17086,.F.);
#17080 = FACE_BOUND('',#17081,.F.);
#17081 = EDGE_LOOP('',(#17082,#17083,#17084,#17085));
#17082 = ORIENTED_EDGE('',*,*,#16969,.F.);
#17083 = ORIENTED_EDGE('',*,*,#17039,.T.);
#17084 = ORIENTED_EDGE('',*,*,#17009,.T.);
#17085 = ORIENTED_EDGE('',*,*,#17061,.F.);
#17086 = PLANE('',#17087);
#17087 = AXIS2_PLACEMENT_3D('',#17088,#17089,#17090);
#17088 = CARTESIAN_POINT('',(45.035326554802,4.,7.40708208827E-02));
#17089 = DIRECTION('',(0.104528463268,0.,0.994521895368));
#17090 = DIRECTION('',(0.994521895368,0.,-0.104528463268));
#17091 = ADVANCED_FACE('',(#17092),#17098,.T.);
#17092 = FACE_BOUND('',#17093,.T.);
#17093 = EDGE_LOOP('',(#17094,#17095,#17096,#17097));
#17094 = ORIENTED_EDGE('',*,*,#16985,.F.);
#17095 = ORIENTED_EDGE('',*,*,#17046,.T.);
#17096 = ORIENTED_EDGE('',*,*,#17025,.T.);
#17097 = ORIENTED_EDGE('',*,*,#17068,.F.);
#17098 = PLANE('',#17099);
#17099 = AXIS2_PLACEMENT_3D('',#17100,#17101,#17102);
#17100 = CARTESIAN_POINT('',(45.118949325416,4.,0.869688337177));
#17101 = DIRECTION('',(0.104528463268,0.,0.994521895368));
#17102 = DIRECTION('',(0.994521895368,0.,-0.104528463268));
#17103 = ( GEOMETRIC_REPRESENTATION_CONTEXT(3) 
GLOBAL_UNCERTAINTY_ASSIGNED_CONTEXT((#17107)) 
GLOBAL_UNIT_ASSIGNED_CONTEXT((#17104,#17105,#17106)) 
REPRESENTATION_CONTEXT('Context #1',
  '3D Context with UNIT and UNCERTAINTY') );
#17104 = ( LENGTH_UNIT() NAMED_UNIT(*) SI_UNIT(.MILLI.,.METRE.) );
#17105 = ( NAMED_UNIT(*) PLANE_ANGLE_UNIT() SI_UNIT($,.RADIAN.) );
#17106 = ( NAMED_UNIT(*) SI_UNIT($,.STERADIAN.) SOLID_ANGLE_UNIT() );
#17107 = UNCERTAINTY_MEASURE_WITH_UNIT(LENGTH_MEASURE(1.E-07),#17104,
  'distance_accuracy_value','confusion accuracy');
#17108 = CONTEXT_DEPENDENT_SHAPE_REPRESENTATION(#17109,#17111);
#17109 = ( REPRESENTATION_RELATIONSHIP('','',#16502,#10) 
REPRESENTATION_RELATIONSHIP_WITH_TRANSFORMATION(#17110) 
SHAPE_REPRESENTATION_RELATIONSHIP() );
#17110 = ITEM_DEFINED_TRANSFORMATION('','',#11,#111);
#17111 = PRODUCT_DEFINITION_SHAPE('Placement','Placement of an item',
  #17112);
#17112 = NEXT_ASSEMBLY_USAGE_OCCURRENCE('25','Right Poron supports','',
  #5,#16497,$);
#17113 = PRODUCT_RELATED_PRODUCT_CATEGORY('part',$,(#16499));
#17114 = SHAPE_DEFINITION_REPRESENTATION(#17115,#17121);
#17115 = PRODUCT_DEFINITION_SHAPE('','',#17116);
#17116 = PRODUCT_DEFINITION('design','',#17117,#17120);
#17117 = PRODUCT_DEFINITION_FORMATION('','',#17118);
#17118 = PRODUCT('Right optional magnet envelopes',
  'Right optional magnet envelopes','',(#17119));
#17119 = PRODUCT_CONTEXT('',#2,'mechanical');
#17120 = PRODUCT_DEFINITION_CONTEXT('part definition',#2,'design');
#17121 = SHAPE_REPRESENTATION('',(#11,#17122,#17175),#17228);
#17122 = MANIFOLD_SOLID_BREP('',#17123);
#17123 = CLOSED_SHELL('',(#17124,#17157,#17166));
#17124 = ADVANCED_FACE('',(#17125),#17152,.T.);
#17125 = FACE_BOUND('',#17126,.T.);
#17126 = EDGE_LOOP('',(#17127,#17136,#17144,#17151));
#17127 = ORIENTED_EDGE('',*,*,#17128,.F.);
#17128 = EDGE_CURVE('',#17129,#17129,#17131,.T.);
#17129 = VERTEX_POINT('',#17130);
#17130 = CARTESIAN_POINT('',(42.114477946658,-5.5,0.984369347907));
#17131 = CIRCLE('',#17132,2.);
#17132 = AXIS2_PLACEMENT_3D('',#17133,#17134,#17135);
#17133 = CARTESIAN_POINT('',(40.125434155921,-5.5,1.193426274442));
#17134 = DIRECTION('',(0.104528463268,-0.,0.994521895368));
#17135 = DIRECTION('',(0.994521895368,0.,-0.104528463268));
#17136 = ORIENTED_EDGE('',*,*,#17137,.F.);
#17137 = EDGE_CURVE('',#17138,#17129,#17140,.T.);
#17138 = VERTEX_POINT('',#17139);
#17139 = CARTESIAN_POINT('',(41.905421020122,-5.5,-1.00467444283));
#17140 = LINE('',#17141,#17142);
#17141 = CARTESIAN_POINT('',(41.905421020122,-5.5,-1.00467444283));
#17142 = VECTOR('',#17143,1.);
#17143 = DIRECTION('',(0.104528463268,0.,0.994521895368));
#17144 = ORIENTED_EDGE('',*,*,#17145,.T.);
#17145 = EDGE_CURVE('',#17138,#17138,#17146,.T.);
#17146 = CIRCLE('',#17147,2.);
#17147 = AXIS2_PLACEMENT_3D('',#17148,#17149,#17150);
#17148 = CARTESIAN_POINT('',(39.916377229386,-5.5,-0.795617516295));
#17149 = DIRECTION('',(0.104528463268,-0.,0.994521895368));
#17150 = DIRECTION('',(0.994521895368,0.,-0.104528463268));
#17151 = ORIENTED_EDGE('',*,*,#17137,.T.);
#17152 = CYLINDRICAL_SURFACE('',#17153,2.);
#17153 = AXIS2_PLACEMENT_3D('',#17154,#17155,#17156);
#17154 = CARTESIAN_POINT('',(39.916377229386,-5.5,-0.795617516295));
#17155 = DIRECTION('',(0.104528463268,0.,0.994521895368));
#17156 = DIRECTION('',(0.994521895368,0.,-0.104528463268));
#17157 = ADVANCED_FACE('',(#17158),#17161,.T.);
#17158 = FACE_BOUND('',#17159,.T.);
#17159 = EDGE_LOOP('',(#17160));
#17160 = ORIENTED_EDGE('',*,*,#17128,.T.);
#17161 = PLANE('',#17162);
#17162 = AXIS2_PLACEMENT_3D('',#17163,#17164,#17165);
#17163 = CARTESIAN_POINT('',(40.125434155921,-5.5,1.193426274442));
#17164 = DIRECTION('',(0.104528463268,0.,0.994521895368));
#17165 = DIRECTION('',(0.994521895368,0.,-0.104528463268));
#17166 = ADVANCED_FACE('',(#17167),#17170,.F.);
#17167 = FACE_BOUND('',#17168,.T.);
#17168 = EDGE_LOOP('',(#17169));
#17169 = ORIENTED_EDGE('',*,*,#17145,.F.);
#17170 = PLANE('',#17171);
#17171 = AXIS2_PLACEMENT_3D('',#17172,#17173,#17174);
#17172 = CARTESIAN_POINT('',(39.916377229386,-5.5,-0.795617516295));
#17173 = DIRECTION('',(0.104528463268,0.,0.994521895368));
#17174 = DIRECTION('',(0.994521895368,0.,-0.104528463268));
#17175 = MANIFOLD_SOLID_BREP('',#17176);
#17176 = CLOSED_SHELL('',(#17177,#17210,#17219));
#17177 = ADVANCED_FACE('',(#17178),#17205,.T.);
#17178 = FACE_BOUND('',#17179,.T.);
#17179 = EDGE_LOOP('',(#17180,#17189,#17197,#17204));
#17180 = ORIENTED_EDGE('',*,*,#17181,.F.);
#17181 = EDGE_CURVE('',#17182,#17182,#17184,.T.);
#17182 = VERTEX_POINT('',#17183);
#17183 = CARTESIAN_POINT('',(42.114477946658,5.5,0.984369347907));
#17184 = CIRCLE('',#17185,2.);
#17185 = AXIS2_PLACEMENT_3D('',#17186,#17187,#17188);
#17186 = CARTESIAN_POINT('',(40.125434155921,5.5,1.193426274442));
#17187 = DIRECTION('',(0.104528463268,-0.,0.994521895368));
#17188 = DIRECTION('',(0.994521895368,0.,-0.104528463268));
#17189 = ORIENTED_EDGE('',*,*,#17190,.F.);
#17190 = EDGE_CURVE('',#17191,#17182,#17193,.T.);
#17191 = VERTEX_POINT('',#17192);
#17192 = CARTESIAN_POINT('',(41.905421020122,5.5,-1.00467444283));
#17193 = LINE('',#17194,#17195);
#17194 = CARTESIAN_POINT('',(41.905421020122,5.5,-1.00467444283));
#17195 = VECTOR('',#17196,1.);
#17196 = DIRECTION('',(0.104528463268,0.,0.994521895368));
#17197 = ORIENTED_EDGE('',*,*,#17198,.T.);
#17198 = EDGE_CURVE('',#17191,#17191,#17199,.T.);
#17199 = CIRCLE('',#17200,2.);
#17200 = AXIS2_PLACEMENT_3D('',#17201,#17202,#17203);
#17201 = CARTESIAN_POINT('',(39.916377229386,5.5,-0.795617516295));
#17202 = DIRECTION('',(0.104528463268,-0.,0.994521895368));
#17203 = DIRECTION('',(0.994521895368,0.,-0.104528463268));
#17204 = ORIENTED_EDGE('',*,*,#17190,.T.);
#17205 = CYLINDRICAL_SURFACE('',#17206,2.);
#17206 = AXIS2_PLACEMENT_3D('',#17207,#17208,#17209);
#17207 = CARTESIAN_POINT('',(39.916377229386,5.5,-0.795617516295));
#17208 = DIRECTION('',(0.104528463268,0.,0.994521895368));
#17209 = DIRECTION('',(0.994521895368,0.,-0.104528463268));
#17210 = ADVANCED_FACE('',(#17211),#17214,.T.);
#17211 = FACE_BOUND('',#17212,.T.);
#17212 = EDGE_LOOP('',(#17213));
#17213 = ORIENTED_EDGE('',*,*,#17181,.T.);
#17214 = PLANE('',#17215);
#17215 = AXIS2_PLACEMENT_3D('',#17216,#17217,#17218);
#17216 = CARTESIAN_POINT('',(40.125434155921,5.5,1.193426274442));
#17217 = DIRECTION('',(0.104528463268,0.,0.994521895368));
#17218 = DIRECTION('',(0.994521895368,0.,-0.104528463268));
#17219 = ADVANCED_FACE('',(#17220),#17223,.F.);
#17220 = FACE_BOUND('',#17221,.T.);
#17221 = EDGE_LOOP('',(#17222));
#17222 = ORIENTED_EDGE('',*,*,#17198,.F.);
#17223 = PLANE('',#17224);
#17224 = AXIS2_PLACEMENT_3D('',#17225,#17226,#17227);
#17225 = CARTESIAN_POINT('',(39.916377229386,5.5,-0.795617516295));
#17226 = DIRECTION('',(0.104528463268,0.,0.994521895368));
#17227 = DIRECTION('',(0.994521895368,0.,-0.104528463268));
#17228 = ( GEOMETRIC_REPRESENTATION_CONTEXT(3) 
GLOBAL_UNCERTAINTY_ASSIGNED_CONTEXT((#17232)) 
GLOBAL_UNIT_ASSIGNED_CONTEXT((#17229,#17230,#17231)) 
REPRESENTATION_CONTEXT('Context #1',
  '3D Context with UNIT and UNCERTAINTY') );
#17229 = ( LENGTH_UNIT() NAMED_UNIT(*) SI_UNIT(.MILLI.,.METRE.) );
#17230 = ( NAMED_UNIT(*) PLANE_ANGLE_UNIT() SI_UNIT($,.RADIAN.) );
#17231 = ( NAMED_UNIT(*) SI_UNIT($,.STERADIAN.) SOLID_ANGLE_UNIT() );
#17232 = UNCERTAINTY_MEASURE_WITH_UNIT(LENGTH_MEASURE(1.E-07),#17229,
  'distance_accuracy_value','confusion accuracy');
#17233 = CONTEXT_DEPENDENT_SHAPE_REPRESENTATION(#17234,#17236);
#17234 = ( REPRESENTATION_RELATIONSHIP('','',#17121,#10) 
REPRESENTATION_RELATIONSHIP_WITH_TRANSFORMATION(#17235) 
SHAPE_REPRESENTATION_RELATIONSHIP() );
#17235 = ITEM_DEFINED_TRANSFORMATION('','',#11,#115);
#17236 = PRODUCT_DEFINITION_SHAPE('Placement','Placement of an item',
  #17237);
#17237 = NEXT_ASSEMBLY_USAGE_OCCURRENCE('26',
  'Right optional magnet envelopes','',#5,#17116,$);
#17238 = PRODUCT_RELATED_PRODUCT_CATEGORY('part',$,(#17118));
#17239 = SHAPE_DEFINITION_REPRESENTATION(#17240,#17246);
#17240 = PRODUCT_DEFINITION_SHAPE('','',#17241);
#17241 = PRODUCT_DEFINITION('design','',#17242,#17245);
#17242 = PRODUCT_DEFINITION_FORMATION('','',#17243);
#17243 = PRODUCT('Right fixed-angle bridge ribs',
  'Right fixed-angle bridge ribs','',(#17244));
#17244 = PRODUCT_CONTEXT('',#2,'mechanical');
#17245 = PRODUCT_DEFINITION_CONTEXT('part definition',#2,'design');
#17246 = SHAPE_REPRESENTATION('',(#11,#17247,#17397),#17547);
#17247 = MANIFOLD_SOLID_BREP('',#17248);
#17248 = CLOSED_SHELL('',(#17249,#17289,#17320,#17351,#17373,#17385));
#17249 = ADVANCED_FACE('',(#17250),#17284,.T.);
#17250 = FACE_BOUND('',#17251,.T.);
#17251 = EDGE_LOOP('',(#17252,#17262,#17270,#17278));
#17252 = ORIENTED_EDGE('',*,*,#17253,.T.);
#17253 = EDGE_CURVE('',#17254,#17256,#17258,.T.);
#17254 = VERTEX_POINT('',#17255);
#17255 = CARTESIAN_POINT('',(14.5,-12.,1.839324117149));
#17256 = VERTEX_POINT('',#17257);
#17257 = CARTESIAN_POINT('',(14.5,-8.,1.839324117149));
#17258 = LINE('',#17259,#17260);
#17259 = CARTESIAN_POINT('',(14.5,-12.,1.839324117149));
#17260 = VECTOR('',#17261,1.);
#17261 = DIRECTION('',(0.,1.,0.));
#17262 = ORIENTED_EDGE('',*,*,#17263,.T.);
#17263 = EDGE_CURVE('',#17256,#17264,#17266,.T.);
#17264 = VERTEX_POINT('',#17265);
#17265 = CARTESIAN_POINT('',(32.,-8.,0.));
#17266 = LINE('',#17267,#17268);
#17267 = CARTESIAN_POINT('',(14.5,-8.,1.839324117149));
#17268 = VECTOR('',#17269,1.);
#17269 = DIRECTION('',(0.994521895368,0.,-0.104528463268));
#17270 = ORIENTED_EDGE('',*,*,#17271,.F.);
#17271 = EDGE_CURVE('',#17272,#17264,#17274,.T.);
#17272 = VERTEX_POINT('',#17273);
#17273 = CARTESIAN_POINT('',(32.,-12.,0.));
#17274 = LINE('',#17275,#17276);
#17275 = CARTESIAN_POINT('',(32.,-12.,0.));
#17276 = VECTOR('',#17277,1.);
#17277 = DIRECTION('',(0.,1.,0.));
#17278 = ORIENTED_EDGE('',*,*,#17279,.F.);
#17279 = EDGE_CURVE('',#17254,#17272,#17280,.T.);
#17280 = LINE('',#17281,#17282);
#17281 = CARTESIAN_POINT('',(14.5,-12.,1.839324117149));
#17282 = VECTOR('',#17283,1.);
#17283 = DIRECTION('',(0.994521895368,0.,-0.104528463268));
#17284 = PLANE('',#17285);
#17285 = AXIS2_PLACEMENT_3D('',#17286,#17287,#17288);
#17286 = CARTESIAN_POINT('',(14.5,-12.,1.839324117149));
#17287 = DIRECTION('',(-0.104528463268,0.,-0.994521895368));
#17288 = DIRECTION('',(0.994521895368,0.,-0.104528463268));
#17289 = ADVANCED_FACE('',(#17290),#17315,.T.);
#17290 = FACE_BOUND('',#17291,.T.);
#17291 = EDGE_LOOP('',(#17292,#17293,#17301,#17309));
#17292 = ORIENTED_EDGE('',*,*,#17271,.T.);
#17293 = ORIENTED_EDGE('',*,*,#17294,.T.);
#17294 = EDGE_CURVE('',#17264,#17295,#17297,.T.);
#17295 = VERTEX_POINT('',#17296);
#17296 = CARTESIAN_POINT('',(32.,-8.,2.4));
#17297 = LINE('',#17298,#17299);
#17298 = CARTESIAN_POINT('',(32.,-8.,0.));
#17299 = VECTOR('',#17300,1.);
#17300 = DIRECTION('',(0.,0.,1.));
#17301 = ORIENTED_EDGE('',*,*,#17302,.F.);
#17302 = EDGE_CURVE('',#17303,#17295,#17305,.T.);
#17303 = VERTEX_POINT('',#17304);
#17304 = CARTESIAN_POINT('',(32.,-12.,2.4));
#17305 = LINE('',#17306,#17307);
#17306 = CARTESIAN_POINT('',(32.,-12.,2.4));
#17307 = VECTOR('',#17308,1.);
#17308 = DIRECTION('',(0.,1.,0.));
#17309 = ORIENTED_EDGE('',*,*,#17310,.F.);
#17310 = EDGE_CURVE('',#17272,#17303,#17311,.T.);
#17311 = LINE('',#17312,#17313);
#17312 = CARTESIAN_POINT('',(32.,-12.,0.));
#17313 = VECTOR('',#17314,1.);
#17314 = DIRECTION('',(0.,0.,1.));
#17315 = PLANE('',#17316);
#17316 = AXIS2_PLACEMENT_3D('',#17317,#17318,#17319);
#17317 = CARTESIAN_POINT('',(32.,-12.,0.));
#17318 = DIRECTION('',(1.,0.,0.));
#17319 = DIRECTION('',(0.,0.,1.));
#17320 = ADVANCED_FACE('',(#17321),#17346,.T.);
#17321 = FACE_BOUND('',#17322,.T.);
#17322 = EDGE_LOOP('',(#17323,#17324,#17332,#17340));
#17323 = ORIENTED_EDGE('',*,*,#17302,.T.);
#17324 = ORIENTED_EDGE('',*,*,#17325,.T.);
#17325 = EDGE_CURVE('',#17295,#17326,#17328,.T.);
#17326 = VERTEX_POINT('',#17327);
#17327 = CARTESIAN_POINT('',(14.5,-8.,4.239324117149));
#17328 = LINE('',#17329,#17330);
#17329 = CARTESIAN_POINT('',(32.,-8.,2.4));
#17330 = VECTOR('',#17331,1.);
#17331 = DIRECTION('',(-0.994521895368,0.,0.104528463268));
#17332 = ORIENTED_EDGE('',*,*,#17333,.F.);
#17333 = EDGE_CURVE('',#17334,#17326,#17336,.T.);
#17334 = VERTEX_POINT('',#17335);
#17335 = CARTESIAN_POINT('',(14.5,-12.,4.239324117149));
#17336 = LINE('',#17337,#17338);
#17337 = CARTESIAN_POINT('',(14.5,-12.,4.239324117149));
#17338 = VECTOR('',#17339,1.);
#17339 = DIRECTION('',(0.,1.,0.));
#17340 = ORIENTED_EDGE('',*,*,#17341,.F.);
#17341 = EDGE_CURVE('',#17303,#17334,#17342,.T.);
#17342 = LINE('',#17343,#17344);
#17343 = CARTESIAN_POINT('',(32.,-12.,2.4));
#17344 = VECTOR('',#17345,1.);
#17345 = DIRECTION('',(-0.994521895368,0.,0.104528463268));
#17346 = PLANE('',#17347);
#17347 = AXIS2_PLACEMENT_3D('',#17348,#17349,#17350);
#17348 = CARTESIAN_POINT('',(32.,-12.,2.4));
#17349 = DIRECTION('',(0.104528463268,-0.,0.994521895368));
#17350 = DIRECTION('',(-0.994521895368,0.,0.104528463268));
#17351 = ADVANCED_FACE('',(#17352),#17368,.T.);
#17352 = FACE_BOUND('',#17353,.T.);
#17353 = EDGE_LOOP('',(#17354,#17355,#17361,#17362));
#17354 = ORIENTED_EDGE('',*,*,#17333,.T.);
#17355 = ORIENTED_EDGE('',*,*,#17356,.T.);
#17356 = EDGE_CURVE('',#17326,#17256,#17357,.T.);
#17357 = LINE('',#17358,#17359);
#17358 = CARTESIAN_POINT('',(14.5,-8.,4.239324117149));
#17359 = VECTOR('',#17360,1.);
#17360 = DIRECTION('',(0.,0.,-1.));
#17361 = ORIENTED_EDGE('',*,*,#17253,.F.);
#17362 = ORIENTED_EDGE('',*,*,#17363,.F.);
#17363 = EDGE_CURVE('',#17334,#17254,#17364,.T.);
#17364 = LINE('',#17365,#17366);
#17365 = CARTESIAN_POINT('',(14.5,-12.,4.239324117149));
#17366 = VECTOR('',#17367,1.);
#17367 = DIRECTION('',(0.,0.,-1.));
#17368 = PLANE('',#17369);
#17369 = AXIS2_PLACEMENT_3D('',#17370,#17371,#17372);
#17370 = CARTESIAN_POINT('',(14.5,-12.,4.239324117149));
#17371 = DIRECTION('',(-1.,0.,0.));
#17372 = DIRECTION('',(0.,0.,-1.));
#17373 = ADVANCED_FACE('',(#17374),#17380,.T.);
#17374 = FACE_BOUND('',#17375,.T.);
#17375 = EDGE_LOOP('',(#17376,#17377,#17378,#17379));
#17376 = ORIENTED_EDGE('',*,*,#17279,.T.);
#17377 = ORIENTED_EDGE('',*,*,#17310,.T.);
#17378 = ORIENTED_EDGE('',*,*,#17341,.T.);
#17379 = ORIENTED_EDGE('',*,*,#17363,.T.);
#17380 = PLANE('',#17381);
#17381 = AXIS2_PLACEMENT_3D('',#17382,#17383,#17384);
#17382 = CARTESIAN_POINT('',(23.25,-12.,2.119662058575));
#17383 = DIRECTION('',(-0.,-1.,-0.));
#17384 = DIRECTION('',(0.,0.,-1.));
#17385 = ADVANCED_FACE('',(#17386),#17392,.F.);
#17386 = FACE_BOUND('',#17387,.F.);
#17387 = EDGE_LOOP('',(#17388,#17389,#17390,#17391));
#17388 = ORIENTED_EDGE('',*,*,#17263,.T.);
#17389 = ORIENTED_EDGE('',*,*,#17294,.T.);
#17390 = ORIENTED_EDGE('',*,*,#17325,.T.);
#17391 = ORIENTED_EDGE('',*,*,#17356,.T.);
#17392 = PLANE('',#17393);
#17393 = AXIS2_PLACEMENT_3D('',#17394,#17395,#17396);
#17394 = CARTESIAN_POINT('',(23.25,-8.,2.119662058575));
#17395 = DIRECTION('',(-0.,-1.,-0.));
#17396 = DIRECTION('',(0.,0.,-1.));
#17397 = MANIFOLD_SOLID_BREP('',#17398);
#17398 = CLOSED_SHELL('',(#17399,#17439,#17470,#17501,#17523,#17535));
#17399 = ADVANCED_FACE('',(#17400),#17434,.T.);
#17400 = FACE_BOUND('',#17401,.T.);
#17401 = EDGE_LOOP('',(#17402,#17412,#17420,#17428));
#17402 = ORIENTED_EDGE('',*,*,#17403,.T.);
#17403 = EDGE_CURVE('',#17404,#17406,#17408,.T.);
#17404 = VERTEX_POINT('',#17405);
#17405 = CARTESIAN_POINT('',(14.5,8.,1.839324117149));
#17406 = VERTEX_POINT('',#17407);
#17407 = CARTESIAN_POINT('',(14.5,12.,1.839324117149));
#17408 = LINE('',#17409,#17410);
#17409 = CARTESIAN_POINT('',(14.5,8.,1.839324117149));
#17410 = VECTOR('',#17411,1.);
#17411 = DIRECTION('',(0.,1.,0.));
#17412 = ORIENTED_EDGE('',*,*,#17413,.T.);
#17413 = EDGE_CURVE('',#17406,#17414,#17416,.T.);
#17414 = VERTEX_POINT('',#17415);
#17415 = CARTESIAN_POINT('',(32.,12.,0.));
#17416 = LINE('',#17417,#17418);
#17417 = CARTESIAN_POINT('',(14.5,12.,1.839324117149));
#17418 = VECTOR('',#17419,1.);
#17419 = DIRECTION('',(0.994521895368,0.,-0.104528463268));
#17420 = ORIENTED_EDGE('',*,*,#17421,.F.);
#17421 = EDGE_CURVE('',#17422,#17414,#17424,.T.);
#17422 = VERTEX_POINT('',#17423);
#17423 = CARTESIAN_POINT('',(32.,8.,0.));
#17424 = LINE('',#17425,#17426);
#17425 = CARTESIAN_POINT('',(32.,8.,0.));
#17426 = VECTOR('',#17427,1.);
#17427 = DIRECTION('',(0.,1.,0.));
#17428 = ORIENTED_EDGE('',*,*,#17429,.F.);
#17429 = EDGE_CURVE('',#17404,#17422,#17430,.T.);
#17430 = LINE('',#17431,#17432);
#17431 = CARTESIAN_POINT('',(14.5,8.,1.839324117149));
#17432 = VECTOR('',#17433,1.);
#17433 = DIRECTION('',(0.994521895368,0.,-0.104528463268));
#17434 = PLANE('',#17435);
#17435 = AXIS2_PLACEMENT_3D('',#17436,#17437,#17438);
#17436 = CARTESIAN_POINT('',(14.5,8.,1.839324117149));
#17437 = DIRECTION('',(-0.104528463268,0.,-0.994521895368));
#17438 = DIRECTION('',(0.994521895368,0.,-0.104528463268));
#17439 = ADVANCED_FACE('',(#17440),#17465,.T.);
#17440 = FACE_BOUND('',#17441,.T.);
#17441 = EDGE_LOOP('',(#17442,#17443,#17451,#17459));
#17442 = ORIENTED_EDGE('',*,*,#17421,.T.);
#17443 = ORIENTED_EDGE('',*,*,#17444,.T.);
#17444 = EDGE_CURVE('',#17414,#17445,#17447,.T.);
#17445 = VERTEX_POINT('',#17446);
#17446 = CARTESIAN_POINT('',(32.,12.,2.4));
#17447 = LINE('',#17448,#17449);
#17448 = CARTESIAN_POINT('',(32.,12.,0.));
#17449 = VECTOR('',#17450,1.);
#17450 = DIRECTION('',(0.,0.,1.));
#17451 = ORIENTED_EDGE('',*,*,#17452,.F.);
#17452 = EDGE_CURVE('',#17453,#17445,#17455,.T.);
#17453 = VERTEX_POINT('',#17454);
#17454 = CARTESIAN_POINT('',(32.,8.,2.4));
#17455 = LINE('',#17456,#17457);
#17456 = CARTESIAN_POINT('',(32.,8.,2.4));
#17457 = VECTOR('',#17458,1.);
#17458 = DIRECTION('',(0.,1.,0.));
#17459 = ORIENTED_EDGE('',*,*,#17460,.F.);
#17460 = EDGE_CURVE('',#17422,#17453,#17461,.T.);
#17461 = LINE('',#17462,#17463);
#17462 = CARTESIAN_POINT('',(32.,8.,0.));
#17463 = VECTOR('',#17464,1.);
#17464 = DIRECTION('',(0.,0.,1.));
#17465 = PLANE('',#17466);
#17466 = AXIS2_PLACEMENT_3D('',#17467,#17468,#17469);
#17467 = CARTESIAN_POINT('',(32.,8.,0.));
#17468 = DIRECTION('',(1.,0.,0.));
#17469 = DIRECTION('',(0.,0.,1.));
#17470 = ADVANCED_FACE('',(#17471),#17496,.T.);
#17471 = FACE_BOUND('',#17472,.T.);
#17472 = EDGE_LOOP('',(#17473,#17474,#17482,#17490));
#17473 = ORIENTED_EDGE('',*,*,#17452,.T.);
#17474 = ORIENTED_EDGE('',*,*,#17475,.T.);
#17475 = EDGE_CURVE('',#17445,#17476,#17478,.T.);
#17476 = VERTEX_POINT('',#17477);
#17477 = CARTESIAN_POINT('',(14.5,12.,4.239324117149));
#17478 = LINE('',#17479,#17480);
#17479 = CARTESIAN_POINT('',(32.,12.,2.4));
#17480 = VECTOR('',#17481,1.);
#17481 = DIRECTION('',(-0.994521895368,0.,0.104528463268));
#17482 = ORIENTED_EDGE('',*,*,#17483,.F.);
#17483 = EDGE_CURVE('',#17484,#17476,#17486,.T.);
#17484 = VERTEX_POINT('',#17485);
#17485 = CARTESIAN_POINT('',(14.5,8.,4.239324117149));
#17486 = LINE('',#17487,#17488);
#17487 = CARTESIAN_POINT('',(14.5,8.,4.239324117149));
#17488 = VECTOR('',#17489,1.);
#17489 = DIRECTION('',(0.,1.,0.));
#17490 = ORIENTED_EDGE('',*,*,#17491,.F.);
#17491 = EDGE_CURVE('',#17453,#17484,#17492,.T.);
#17492 = LINE('',#17493,#17494);
#17493 = CARTESIAN_POINT('',(32.,8.,2.4));
#17494 = VECTOR('',#17495,1.);
#17495 = DIRECTION('',(-0.994521895368,0.,0.104528463268));
#17496 = PLANE('',#17497);
#17497 = AXIS2_PLACEMENT_3D('',#17498,#17499,#17500);
#17498 = CARTESIAN_POINT('',(32.,8.,2.4));
#17499 = DIRECTION('',(0.104528463268,-0.,0.994521895368));
#17500 = DIRECTION('',(-0.994521895368,0.,0.104528463268));
#17501 = ADVANCED_FACE('',(#17502),#17518,.T.);
#17502 = FACE_BOUND('',#17503,.T.);
#17503 = EDGE_LOOP('',(#17504,#17505,#17511,#17512));
#17504 = ORIENTED_EDGE('',*,*,#17483,.T.);
#17505 = ORIENTED_EDGE('',*,*,#17506,.T.);
#17506 = EDGE_CURVE('',#17476,#17406,#17507,.T.);
#17507 = LINE('',#17508,#17509);
#17508 = CARTESIAN_POINT('',(14.5,12.,4.239324117149));
#17509 = VECTOR('',#17510,1.);
#17510 = DIRECTION('',(0.,0.,-1.));
#17511 = ORIENTED_EDGE('',*,*,#17403,.F.);
#17512 = ORIENTED_EDGE('',*,*,#17513,.F.);
#17513 = EDGE_CURVE('',#17484,#17404,#17514,.T.);
#17514 = LINE('',#17515,#17516);
#17515 = CARTESIAN_POINT('',(14.5,8.,4.239324117149));
#17516 = VECTOR('',#17517,1.);
#17517 = DIRECTION('',(0.,0.,-1.));
#17518 = PLANE('',#17519);
#17519 = AXIS2_PLACEMENT_3D('',#17520,#17521,#17522);
#17520 = CARTESIAN_POINT('',(14.5,8.,4.239324117149));
#17521 = DIRECTION('',(-1.,0.,0.));
#17522 = DIRECTION('',(0.,0.,-1.));
#17523 = ADVANCED_FACE('',(#17524),#17530,.T.);
#17524 = FACE_BOUND('',#17525,.T.);
#17525 = EDGE_LOOP('',(#17526,#17527,#17528,#17529));
#17526 = ORIENTED_EDGE('',*,*,#17429,.T.);
#17527 = ORIENTED_EDGE('',*,*,#17460,.T.);
#17528 = ORIENTED_EDGE('',*,*,#17491,.T.);
#17529 = ORIENTED_EDGE('',*,*,#17513,.T.);
#17530 = PLANE('',#17531);
#17531 = AXIS2_PLACEMENT_3D('',#17532,#17533,#17534);
#17532 = CARTESIAN_POINT('',(23.25,8.,2.119662058575));
#17533 = DIRECTION('',(-0.,-1.,-0.));
#17534 = DIRECTION('',(0.,0.,-1.));
#17535 = ADVANCED_FACE('',(#17536),#17542,.F.);
#17536 = FACE_BOUND('',#17537,.F.);
#17537 = EDGE_LOOP('',(#17538,#17539,#17540,#17541));
#17538 = ORIENTED_EDGE('',*,*,#17413,.T.);
#17539 = ORIENTED_EDGE('',*,*,#17444,.T.);
#17540 = ORIENTED_EDGE('',*,*,#17475,.T.);
#17541 = ORIENTED_EDGE('',*,*,#17506,.T.);
#17542 = PLANE('',#17543);
#17543 = AXIS2_PLACEMENT_3D('',#17544,#17545,#17546);
#17544 = CARTESIAN_POINT('',(23.25,12.,2.119662058575));
#17545 = DIRECTION('',(-0.,-1.,-0.));
#17546 = DIRECTION('',(0.,0.,-1.));
#17547 = ( GEOMETRIC_REPRESENTATION_CONTEXT(3) 
GLOBAL_UNCERTAINTY_ASSIGNED_CONTEXT((#17551)) 
GLOBAL_UNIT_ASSIGNED_CONTEXT((#17548,#17549,#17550)) 
REPRESENTATION_CONTEXT('Context #1',
  '3D Context with UNIT and UNCERTAINTY') );
#17548 = ( LENGTH_UNIT() NAMED_UNIT(*) SI_UNIT(.MILLI.,.METRE.) );
#17549 = ( NAMED_UNIT(*) PLANE_ANGLE_UNIT() SI_UNIT($,.RADIAN.) );
#17550 = ( NAMED_UNIT(*) SI_UNIT($,.STERADIAN.) SOLID_ANGLE_UNIT() );
#17551 = UNCERTAINTY_MEASURE_WITH_UNIT(LENGTH_MEASURE(1.E-07),#17548,
  'distance_accuracy_value','confusion accuracy');
#17552 = CONTEXT_DEPENDENT_SHAPE_REPRESENTATION(#17553,#17555);
#17553 = ( REPRESENTATION_RELATIONSHIP('','',#17246,#10) 
REPRESENTATION_RELATIONSHIP_WITH_TRANSFORMATION(#17554) 
SHAPE_REPRESENTATION_RELATIONSHIP() );
#17554 = ITEM_DEFINED_TRANSFORMATION('','',#11,#119);
#17555 = PRODUCT_DEFINITION_SHAPE('Placement','Placement of an item',
  #17556);
#17556 = NEXT_ASSEMBLY_USAGE_OCCURRENCE('27',
  'Right fixed-angle bridge ribs','',#5,#17241,$);
#17557 = PRODUCT_RELATED_PRODUCT_CATEGORY('part',$,(#17243));
ENDSEC;
END-ISO-10303-21;
