ISO-10303-21;
HEADER;
FILE_DESCRIPTION(('FreeCAD Model'),'2;1');
FILE_NAME('Open CASCADE Shape Model','2026-09-13T18:08:19',('FreeCAD'),(
    'FreeCAD'),'Open CASCADE STEP processor 7.8','FreeCAD','Unknown');
FILE_SCHEMA(('AUTOMOTIVE_DESIGN { 1 0 10303 214 1 1 1 1 }'));
ENDSEC;
DATA;
#1 = APPLICATION_PROTOCOL_DEFINITION('international standard',
  'automotive_design',2000,#2);
#2 = APPLICATION_CONTEXT(
  'core data for automotive mechanical design processes');
#3 = SHAPE_DEFINITION_REPRESENTATION(#4,#10);
#4 = PRODUCT_DEFINITION_SHAPE('','',#5);
#5 = PRODUCT_DEFINITION('design','',#6,#9);
#6 = PRODUCT_DEFINITION_FORMATION('','',#7);
#7 = PRODUCT('Open CASCADE STEP translator 7.8 27',
  'Open CASCADE STEP translator 7.8 27','',(#8));
#8 = PRODUCT_CONTEXT('',#2,'mechanical');
#9 = PRODUCT_DEFINITION_CONTEXT('part definition',#2,'design');
#10 = SHAPE_REPRESENTATION('',(#11,#15,#4353,#4701,#5049,#5397,#5745,
    #6093,#6441,#6789,#7137,#7485,#7833,#8181),#8529);
#11 = AXIS2_PLACEMENT_3D('',#12,#13,#14);
#12 = CARTESIAN_POINT('',(0.,0.,0.));
#13 = DIRECTION('',(0.,0.,1.));
#14 = DIRECTION('',(1.,0.,-0.));
#15 = MANIFOLD_SOLID_BREP('',#16);
#16 = CLOSED_SHELL('',(#17,#59,#101,#143,#185,#227,#269,#311,#353,#395,
    #437,#479,#521,#561,#601,#632,#663,#703,#743,#774,#805,#845,#885,
    #916,#947,#987,#1027,#1058,#1089,#1129,#1169,#1200,#1231,#1271,#1311
    ,#1342,#1373,#1413,#1453,#1484,#1515,#1555,#1595,#1626,#1657,#1697,
    #1737,#1768,#1799,#1839,#1879,#1910,#1941,#1981,#2021,#2052,#2083,
    #2123,#2163,#2194,#2225,#2265,#2328,#2635,#2668,#2961,#2985,#3117,
    #3141,#3616,#3633,#3645,#3657,#3669,#3681,#3693,#3705,#3717,#3729,
    #3741,#3753,#3765,#3777,#3789,#3801,#3813,#3825,#3837,#3849,#3861,
    #3873,#3885,#3897,#3909,#3921,#3933,#3945,#3957,#3969,#3981,#3993,
    #4005,#4017,#4029,#4041,#4053,#4065,#4077,#4089,#4101,#4113,#4125,
    #4137,#4149,#4161,#4173,#4185,#4197,#4209,#4221,#4233,#4245,#4257,
    #4269,#4281,#4293,#4305,#4317,#4329,#4341));
#17 = ADVANCED_FACE('',(#18),#54,.F.);
#18 = FACE_BOUND('',#19,.F.);
#19 = EDGE_LOOP('',(#20,#30,#39,#47));
#20 = ORIENTED_EDGE('',*,*,#21,.T.);
#21 = EDGE_CURVE('',#22,#24,#26,.T.);
#22 = VERTEX_POINT('',#23);
#23 = CARTESIAN_POINT('',(144.41891482782,49.589416061298,7.451465960048
    ));
#24 = VERTEX_POINT('',#25);
#25 = CARTESIAN_POINT('',(144.31995797984,49.821577160485,9.339675102665
    ));
#26 = LINE('',#27,#28);
#27 = CARTESIAN_POINT('',(144.31995797984,49.821577160485,9.339675102665
    ));
#28 = VECTOR('',#29,1.);
#29 = DIRECTION('',(-5.19458519614E-02,0.121869343405,0.991185901636));
#30 = ORIENTED_EDGE('',*,*,#31,.F.);
#31 = EDGE_CURVE('',#32,#24,#34,.T.);
#32 = VERTEX_POINT('',#33);
#33 = CARTESIAN_POINT('',(145.18237444605,49.821577160485,9.384872434476
    ));
#34 = CIRCLE('',#35,0.4318);
#35 = AXIS2_PLACEMENT_3D('',#36,#37,#38);
#36 = CARTESIAN_POINT('',(144.75116621294,49.821577160485,9.362273768571
    ));
#37 = DIRECTION('',(-5.19458519614E-02,0.121869343405,0.991185901636));
#38 = DIRECTION('',(-0.998629534755,-1.413873079185E-16,
    -5.233595624294E-02));
#39 = ORIENTED_EDGE('',*,*,#40,.F.);
#40 = EDGE_CURVE('',#41,#32,#43,.T.);
#41 = VERTEX_POINT('',#42);
#42 = CARTESIAN_POINT('',(145.28133129404,49.589416061298,7.49666329186)
  );
#43 = LINE('',#44,#45);
#44 = CARTESIAN_POINT('',(145.18237444605,49.821577160485,9.384872434476
    ));
#45 = VECTOR('',#46,1.);
#46 = DIRECTION('',(-5.19458519614E-02,0.121869343405,0.991185901636));
#47 = ORIENTED_EDGE('',*,*,#48,.T.);
#48 = EDGE_CURVE('',#41,#22,#49,.T.);
#49 = CIRCLE('',#50,0.4318);
#50 = AXIS2_PLACEMENT_3D('',#51,#52,#53);
#51 = CARTESIAN_POINT('',(144.85012306093,49.589416061298,7.474064625954
    ));
#52 = DIRECTION('',(-5.19458519614E-02,0.121869343405,0.991185901636));
#53 = DIRECTION('',(-0.998629534755,-1.413873079185E-16,
    -5.233595624294E-02));
#54 = CYLINDRICAL_SURFACE('',#55,0.4318);
#55 = AXIS2_PLACEMENT_3D('',#56,#57,#58);
#56 = CARTESIAN_POINT('',(144.75116621294,49.821577160485,9.362273768571
    ));
#57 = DIRECTION('',(-5.19458519614E-02,0.121869343405,0.991185901636));
#58 = DIRECTION('',(-0.998629534755,-1.413873079185E-16,
    -5.233595624294E-02));
#59 = ADVANCED_FACE('',(#60),#96,.F.);
#60 = FACE_BOUND('',#61,.F.);
#61 = EDGE_LOOP('',(#62,#72,#81,#89));
#62 = ORIENTED_EDGE('',*,*,#63,.T.);
#63 = EDGE_CURVE('',#64,#66,#68,.T.);
#64 = VERTEX_POINT('',#65);
#65 = CARTESIAN_POINT('',(144.42701507657,50.849949673883,7.296904006402
    ));
#66 = VERTEX_POINT('',#67);
#67 = CARTESIAN_POINT('',(144.32805822859,51.08211077307,9.185113149019)
  );
#68 = LINE('',#69,#70);
#69 = CARTESIAN_POINT('',(144.32805822859,51.08211077307,9.185113149019)
  );
#70 = VECTOR('',#71,1.);
#71 = DIRECTION('',(-5.19458519614E-02,0.121869343405,0.991185901636));
#72 = ORIENTED_EDGE('',*,*,#73,.F.);
#73 = EDGE_CURVE('',#74,#66,#76,.T.);
#74 = VERTEX_POINT('',#75);
#75 = CARTESIAN_POINT('',(145.1904746948,51.08211077307,9.23031048083));
#76 = CIRCLE('',#77,0.4318);
#77 = AXIS2_PLACEMENT_3D('',#78,#79,#80);
#78 = CARTESIAN_POINT('',(144.7592664617,51.08211077307,9.207711814925)
  );
#79 = DIRECTION('',(-5.19458519614E-02,0.121869343405,0.991185901636));
#80 = DIRECTION('',(-0.998629534755,-1.413873079185E-16,
    -5.233595624294E-02));
#81 = ORIENTED_EDGE('',*,*,#82,.F.);
#82 = EDGE_CURVE('',#83,#74,#85,.T.);
#83 = VERTEX_POINT('',#84);
#84 = CARTESIAN_POINT('',(145.28943154279,50.849949673883,7.342101338214
    ));
#85 = LINE('',#86,#87);
#86 = CARTESIAN_POINT('',(145.1904746948,51.08211077307,9.23031048083));
#87 = VECTOR('',#88,1.);
#88 = DIRECTION('',(-5.19458519614E-02,0.121869343405,0.991185901636));
#89 = ORIENTED_EDGE('',*,*,#90,.T.);
#90 = EDGE_CURVE('',#83,#64,#91,.T.);
#91 = CIRCLE('',#92,0.4318);
#92 = AXIS2_PLACEMENT_3D('',#93,#94,#95);
#93 = CARTESIAN_POINT('',(144.85822330968,50.849949673883,7.319502672308
    ));
#94 = DIRECTION('',(-5.19458519614E-02,0.121869343405,0.991185901636));
#95 = DIRECTION('',(-0.998629534755,-1.413873079185E-16,
    -5.233595624294E-02));
#96 = CYLINDRICAL_SURFACE('',#97,0.4318);
#97 = AXIS2_PLACEMENT_3D('',#98,#99,#100);
#98 = CARTESIAN_POINT('',(144.7592664617,51.08211077307,9.207711814925)
  );
#99 = DIRECTION('',(-5.19458519614E-02,0.121869343405,0.991185901636));
#100 = DIRECTION('',(-0.998629534755,-1.413873079185E-16,
    -5.233595624294E-02));
#101 = ADVANCED_FACE('',(#102),#138,.F.);
#102 = FACE_BOUND('',#103,.F.);
#103 = EDGE_LOOP('',(#104,#114,#123,#131));
#104 = ORIENTED_EDGE('',*,*,#105,.T.);
#105 = EDGE_CURVE('',#106,#108,#110,.T.);
#106 = VERTEX_POINT('',#107);
#107 = CARTESIAN_POINT('',(144.43511532533,52.110483286467,
    7.142342052756));
#108 = VERTEX_POINT('',#109);
#109 = CARTESIAN_POINT('',(144.33615847734,52.342644385654,
    9.030551195373));
#110 = LINE('',#111,#112);
#111 = CARTESIAN_POINT('',(144.33615847734,52.342644385654,
    9.030551195373));
#112 = VECTOR('',#113,1.);
#113 = DIRECTION('',(-5.19458519614E-02,0.121869343405,0.991185901636));
#114 = ORIENTED_EDGE('',*,*,#115,.F.);
#115 = EDGE_CURVE('',#116,#108,#118,.T.);
#116 = VERTEX_POINT('',#117);
#117 = CARTESIAN_POINT('',(145.19857494355,52.342644385654,
    9.075748527184));
#118 = CIRCLE('',#119,0.4318);
#119 = AXIS2_PLACEMENT_3D('',#120,#121,#122);
#120 = CARTESIAN_POINT('',(144.76736671045,52.342644385654,
    9.053149861279));
#121 = DIRECTION('',(-5.19458519614E-02,0.121869343405,0.991185901636));
#122 = DIRECTION('',(-0.998629534755,-1.413873079185E-16,
    -5.233595624294E-02));
#123 = ORIENTED_EDGE('',*,*,#124,.F.);
#124 = EDGE_CURVE('',#125,#116,#127,.T.);
#125 = VERTEX_POINT('',#126);
#126 = CARTESIAN_POINT('',(145.29753179154,52.110483286467,
    7.187539384568));
#127 = LINE('',#128,#129);
#128 = CARTESIAN_POINT('',(145.19857494355,52.342644385654,
    9.075748527184));
#129 = VECTOR('',#130,1.);
#130 = DIRECTION('',(-5.19458519614E-02,0.121869343405,0.991185901636));
#131 = ORIENTED_EDGE('',*,*,#132,.T.);
#132 = EDGE_CURVE('',#125,#106,#133,.T.);
#133 = CIRCLE('',#134,0.4318);
#134 = AXIS2_PLACEMENT_3D('',#135,#136,#137);
#135 = CARTESIAN_POINT('',(144.86632355843,52.110483286467,
    7.164940718662));
#136 = DIRECTION('',(-5.19458519614E-02,0.121869343405,0.991185901636));
#137 = DIRECTION('',(-0.998629534755,-1.413873079185E-16,
    -5.233595624294E-02));
#138 = CYLINDRICAL_SURFACE('',#139,0.4318);
#139 = AXIS2_PLACEMENT_3D('',#140,#141,#142);
#140 = CARTESIAN_POINT('',(144.76736671045,52.342644385654,
    9.053149861279));
#141 = DIRECTION('',(-5.19458519614E-02,0.121869343405,0.991185901636));
#142 = DIRECTION('',(-0.998629534755,-1.413873079185E-16,
    -5.233595624294E-02));
#143 = ADVANCED_FACE('',(#144),#180,.F.);
#144 = FACE_BOUND('',#145,.F.);
#145 = EDGE_LOOP('',(#146,#156,#165,#173));
#146 = ORIENTED_EDGE('',*,*,#147,.T.);
#147 = EDGE_CURVE('',#148,#150,#152,.T.);
#148 = VERTEX_POINT('',#149);
#149 = CARTESIAN_POINT('',(144.44321557408,53.371016899052,6.98778009911
    ));
#150 = VERTEX_POINT('',#151);
#151 = CARTESIAN_POINT('',(144.34425872609,53.603177998239,
    8.875989241727));
#152 = LINE('',#153,#154);
#153 = CARTESIAN_POINT('',(144.34425872609,53.603177998239,
    8.875989241727));
#154 = VECTOR('',#155,1.);
#155 = DIRECTION('',(-5.19458519614E-02,0.121869343405,0.991185901636));
#156 = ORIENTED_EDGE('',*,*,#157,.F.);
#157 = EDGE_CURVE('',#158,#150,#160,.T.);
#158 = VERTEX_POINT('',#159);
#159 = CARTESIAN_POINT('',(145.20667519231,53.603177998239,
    8.921186573538));
#160 = CIRCLE('',#161,0.4318);
#161 = AXIS2_PLACEMENT_3D('',#162,#163,#164);
#162 = CARTESIAN_POINT('',(144.7754669592,53.603177998239,8.898587907633
    ));
#163 = DIRECTION('',(-5.19458519614E-02,0.121869343405,0.991185901636));
#164 = DIRECTION('',(-0.998629534755,-1.413873079185E-16,
    -5.233595624294E-02));
#165 = ORIENTED_EDGE('',*,*,#166,.F.);
#166 = EDGE_CURVE('',#167,#158,#169,.T.);
#167 = VERTEX_POINT('',#168);
#168 = CARTESIAN_POINT('',(145.30563204029,53.371016899052,
    7.032977430922));
#169 = LINE('',#170,#171);
#170 = CARTESIAN_POINT('',(145.20667519231,53.603177998239,
    8.921186573538));
#171 = VECTOR('',#172,1.);
#172 = DIRECTION('',(-5.19458519614E-02,0.121869343405,0.991185901636));
#173 = ORIENTED_EDGE('',*,*,#174,.T.);
#174 = EDGE_CURVE('',#167,#148,#175,.T.);
#175 = CIRCLE('',#176,0.4318);
#176 = AXIS2_PLACEMENT_3D('',#177,#178,#179);
#177 = CARTESIAN_POINT('',(144.87442380719,53.371016899052,
    7.010378765016));
#178 = DIRECTION('',(-5.19458519614E-02,0.121869343405,0.991185901636));
#179 = DIRECTION('',(-0.998629534755,-1.413873079185E-16,
    -5.233595624294E-02));
#180 = CYLINDRICAL_SURFACE('',#181,0.4318);
#181 = AXIS2_PLACEMENT_3D('',#182,#183,#184);
#182 = CARTESIAN_POINT('',(144.7754669592,53.603177998239,8.898587907633
    ));
#183 = DIRECTION('',(-5.19458519614E-02,0.121869343405,0.991185901636));
#184 = DIRECTION('',(-0.998629534755,-1.413873079185E-16,
    -5.233595624294E-02));
#185 = ADVANCED_FACE('',(#186),#222,.F.);
#186 = FACE_BOUND('',#187,.F.);
#187 = EDGE_LOOP('',(#188,#198,#207,#215));
#188 = ORIENTED_EDGE('',*,*,#189,.T.);
#189 = EDGE_CURVE('',#190,#192,#194,.T.);
#190 = VERTEX_POINT('',#191);
#191 = CARTESIAN_POINT('',(144.45131582283,54.631550511636,
    6.833218145464));
#192 = VERTEX_POINT('',#193);
#193 = CARTESIAN_POINT('',(144.35235897485,54.863711610823,
    8.721427288081));
#194 = LINE('',#195,#196);
#195 = CARTESIAN_POINT('',(144.35235897485,54.863711610823,
    8.721427288081));
#196 = VECTOR('',#197,1.);
#197 = DIRECTION('',(-5.19458519614E-02,0.121869343405,0.991185901636));
#198 = ORIENTED_EDGE('',*,*,#199,.F.);
#199 = EDGE_CURVE('',#200,#192,#202,.T.);
#200 = VERTEX_POINT('',#201);
#201 = CARTESIAN_POINT('',(145.21477544106,54.863711610823,
    8.766624619892));
#202 = CIRCLE('',#203,0.4318);
#203 = AXIS2_PLACEMENT_3D('',#204,#205,#206);
#204 = CARTESIAN_POINT('',(144.78356720795,54.863711610823,
    8.744025953987));
#205 = DIRECTION('',(-5.19458519614E-02,0.121869343405,0.991185901636));
#206 = DIRECTION('',(-0.998629534755,-1.413873079185E-16,
    -5.233595624294E-02));
#207 = ORIENTED_EDGE('',*,*,#208,.F.);
#208 = EDGE_CURVE('',#209,#200,#211,.T.);
#209 = VERTEX_POINT('',#210);
#210 = CARTESIAN_POINT('',(145.31373228905,54.631550511636,
    6.878415477276));
#211 = LINE('',#212,#213);
#212 = CARTESIAN_POINT('',(145.21477544106,54.863711610823,
    8.766624619892));
#213 = VECTOR('',#214,1.);
#214 = DIRECTION('',(-5.19458519614E-02,0.121869343405,0.991185901636));
#215 = ORIENTED_EDGE('',*,*,#216,.T.);
#216 = EDGE_CURVE('',#209,#190,#217,.T.);
#217 = CIRCLE('',#218,0.4318);
#218 = AXIS2_PLACEMENT_3D('',#219,#220,#221);
#219 = CARTESIAN_POINT('',(144.88252405594,54.631550511636,6.85581681137
    ));
#220 = DIRECTION('',(-5.19458519614E-02,0.121869343405,0.991185901636));
#221 = DIRECTION('',(-0.998629534755,-1.413873079185E-16,
    -5.233595624294E-02));
#222 = CYLINDRICAL_SURFACE('',#223,0.4318);
#223 = AXIS2_PLACEMENT_3D('',#224,#225,#226);
#224 = CARTESIAN_POINT('',(144.78356720795,54.863711610823,
    8.744025953987));
#225 = DIRECTION('',(-5.19458519614E-02,0.121869343405,0.991185901636));
#226 = DIRECTION('',(-0.998629534755,-1.413873079185E-16,
    -5.233595624294E-02));
#227 = ADVANCED_FACE('',(#228),#264,.F.);
#228 = FACE_BOUND('',#229,.F.);
#229 = EDGE_LOOP('',(#230,#240,#249,#257));
#230 = ORIENTED_EDGE('',*,*,#231,.T.);
#231 = EDGE_CURVE('',#232,#234,#236,.T.);
#232 = VERTEX_POINT('',#233);
#233 = CARTESIAN_POINT('',(144.45941607158,55.892084124221,
    6.678656191818));
#234 = VERTEX_POINT('',#235);
#235 = CARTESIAN_POINT('',(144.3604592236,56.124245223408,8.566865334435
    ));
#236 = LINE('',#237,#238);
#237 = CARTESIAN_POINT('',(144.3604592236,56.124245223408,8.566865334435
    ));
#238 = VECTOR('',#239,1.);
#239 = DIRECTION('',(-5.19458519614E-02,0.121869343405,0.991185901636));
#240 = ORIENTED_EDGE('',*,*,#241,.F.);
#241 = EDGE_CURVE('',#242,#234,#244,.T.);
#242 = VERTEX_POINT('',#243);
#243 = CARTESIAN_POINT('',(145.22287568981,56.124245223408,
    8.612062666246));
#244 = CIRCLE('',#245,0.4318);
#245 = AXIS2_PLACEMENT_3D('',#246,#247,#248);
#246 = CARTESIAN_POINT('',(144.7916674567,56.124245223408,8.589464000341
    ));
#247 = DIRECTION('',(-5.19458519614E-02,0.121869343405,0.991185901636));
#248 = DIRECTION('',(-0.998629534755,-1.413873079185E-16,
    -5.233595624294E-02));
#249 = ORIENTED_EDGE('',*,*,#250,.F.);
#250 = EDGE_CURVE('',#251,#242,#253,.T.);
#251 = VERTEX_POINT('',#252);
#252 = CARTESIAN_POINT('',(145.3218325378,55.892084124221,6.72385352363)
  );
#253 = LINE('',#254,#255);
#254 = CARTESIAN_POINT('',(145.22287568981,56.124245223408,
    8.612062666246));
#255 = VECTOR('',#256,1.);
#256 = DIRECTION('',(-5.19458519614E-02,0.121869343405,0.991185901636));
#257 = ORIENTED_EDGE('',*,*,#258,.T.);
#258 = EDGE_CURVE('',#251,#232,#259,.T.);
#259 = CIRCLE('',#260,0.4318);
#260 = AXIS2_PLACEMENT_3D('',#261,#262,#263);
#261 = CARTESIAN_POINT('',(144.89062430469,55.892084124221,
    6.701254857724));
#262 = DIRECTION('',(-5.19458519614E-02,0.121869343405,0.991185901636));
#263 = DIRECTION('',(-0.998629534755,-1.413873079185E-16,
    -5.233595624294E-02));
#264 = CYLINDRICAL_SURFACE('',#265,0.4318);
#265 = AXIS2_PLACEMENT_3D('',#266,#267,#268);
#266 = CARTESIAN_POINT('',(144.7916674567,56.124245223408,8.589464000341
    ));
#267 = DIRECTION('',(-5.19458519614E-02,0.121869343405,0.991185901636));
#268 = DIRECTION('',(-0.998629534755,-1.413873079185E-16,
    -5.233595624294E-02));
#269 = ADVANCED_FACE('',(#270),#306,.F.);
#270 = FACE_BOUND('',#271,.F.);
#271 = EDGE_LOOP('',(#272,#282,#291,#299));
#272 = ORIENTED_EDGE('',*,*,#273,.T.);
#273 = EDGE_CURVE('',#274,#276,#278,.T.);
#274 = VERTEX_POINT('',#275);
#275 = CARTESIAN_POINT('',(144.46751632034,57.152617736805,
    6.524094238172));
#276 = VERTEX_POINT('',#277);
#277 = CARTESIAN_POINT('',(144.36855947235,57.384778835992,
    8.412303380789));
#278 = LINE('',#279,#280);
#279 = CARTESIAN_POINT('',(144.36855947235,57.384778835992,
    8.412303380789));
#280 = VECTOR('',#281,1.);
#281 = DIRECTION('',(-5.19458519614E-02,0.121869343405,0.991185901636));
#282 = ORIENTED_EDGE('',*,*,#283,.F.);
#283 = EDGE_CURVE('',#284,#276,#286,.T.);
#284 = VERTEX_POINT('',#285);
#285 = CARTESIAN_POINT('',(145.23097593856,57.384778835992,8.4575007126)
  );
#286 = CIRCLE('',#287,0.4318);
#287 = AXIS2_PLACEMENT_3D('',#288,#289,#290);
#288 = CARTESIAN_POINT('',(144.79976770546,57.384778835992,
    8.434902046695));
#289 = DIRECTION('',(-5.19458519614E-02,0.121869343405,0.991185901636));
#290 = DIRECTION('',(-0.998629534755,-1.413873079185E-16,
    -5.233595624294E-02));
#291 = ORIENTED_EDGE('',*,*,#292,.F.);
#292 = EDGE_CURVE('',#293,#284,#295,.T.);
#293 = VERTEX_POINT('',#294);
#294 = CARTESIAN_POINT('',(145.32993278655,57.152617736805,
    6.569291569984));
#295 = LINE('',#296,#297);
#296 = CARTESIAN_POINT('',(145.23097593856,57.384778835992,8.4575007126)
  );
#297 = VECTOR('',#298,1.);
#298 = DIRECTION('',(-5.19458519614E-02,0.121869343405,0.991185901636));
#299 = ORIENTED_EDGE('',*,*,#300,.T.);
#300 = EDGE_CURVE('',#293,#274,#301,.T.);
#301 = CIRCLE('',#302,0.4318);
#302 = AXIS2_PLACEMENT_3D('',#303,#304,#305);
#303 = CARTESIAN_POINT('',(144.89872455344,57.152617736805,
    6.546692904078));
#304 = DIRECTION('',(-5.19458519614E-02,0.121869343405,0.991185901636));
#305 = DIRECTION('',(-0.998629534755,-1.413873079185E-16,
    -5.233595624294E-02));
#306 = CYLINDRICAL_SURFACE('',#307,0.4318);
#307 = AXIS2_PLACEMENT_3D('',#308,#309,#310);
#308 = CARTESIAN_POINT('',(144.79976770546,57.384778835992,
    8.434902046695));
#309 = DIRECTION('',(-5.19458519614E-02,0.121869343405,0.991185901636));
#310 = DIRECTION('',(-0.998629534755,-1.413873079185E-16,
    -5.233595624294E-02));
#311 = ADVANCED_FACE('',(#312),#348,.F.);
#312 = FACE_BOUND('',#313,.F.);
#313 = EDGE_LOOP('',(#314,#324,#333,#341));
#314 = ORIENTED_EDGE('',*,*,#315,.T.);
#315 = EDGE_CURVE('',#316,#318,#320,.T.);
#316 = VERTEX_POINT('',#317);
#317 = CARTESIAN_POINT('',(144.47561656909,58.41315134939,6.369532284526
    ));
#318 = VERTEX_POINT('',#319);
#319 = CARTESIAN_POINT('',(144.3766597211,58.645312448577,8.257741427143
    ));
#320 = LINE('',#321,#322);
#321 = CARTESIAN_POINT('',(144.3766597211,58.645312448577,8.257741427143
    ));
#322 = VECTOR('',#323,1.);
#323 = DIRECTION('',(-5.19458519614E-02,0.121869343405,0.991185901636));
#324 = ORIENTED_EDGE('',*,*,#325,.F.);
#325 = EDGE_CURVE('',#326,#318,#328,.T.);
#326 = VERTEX_POINT('',#327);
#327 = CARTESIAN_POINT('',(145.23907618732,58.645312448577,
    8.302938758954));
#328 = CIRCLE('',#329,0.4318);
#329 = AXIS2_PLACEMENT_3D('',#330,#331,#332);
#330 = CARTESIAN_POINT('',(144.80786795421,58.645312448577,
    8.280340093049));
#331 = DIRECTION('',(-5.19458519614E-02,0.121869343405,0.991185901636));
#332 = DIRECTION('',(-0.998629534755,-1.413873079185E-16,
    -5.233595624294E-02));
#333 = ORIENTED_EDGE('',*,*,#334,.F.);
#334 = EDGE_CURVE('',#335,#326,#337,.T.);
#335 = VERTEX_POINT('',#336);
#336 = CARTESIAN_POINT('',(145.3380330353,58.41315134939,6.414729616338)
  );
#337 = LINE('',#338,#339);
#338 = CARTESIAN_POINT('',(145.23907618732,58.645312448577,
    8.302938758954));
#339 = VECTOR('',#340,1.);
#340 = DIRECTION('',(-5.19458519614E-02,0.121869343405,0.991185901636));
#341 = ORIENTED_EDGE('',*,*,#342,.T.);
#342 = EDGE_CURVE('',#335,#316,#343,.T.);
#343 = CIRCLE('',#344,0.4318);
#344 = AXIS2_PLACEMENT_3D('',#345,#346,#347);
#345 = CARTESIAN_POINT('',(144.9068248022,58.41315134939,6.392130950432)
  );
#346 = DIRECTION('',(-5.19458519614E-02,0.121869343405,0.991185901636));
#347 = DIRECTION('',(-0.998629534755,-1.413873079185E-16,
    -5.233595624294E-02));
#348 = CYLINDRICAL_SURFACE('',#349,0.4318);
#349 = AXIS2_PLACEMENT_3D('',#350,#351,#352);
#350 = CARTESIAN_POINT('',(144.80786795421,58.645312448577,
    8.280340093049));
#351 = DIRECTION('',(-5.19458519614E-02,0.121869343405,0.991185901636));
#352 = DIRECTION('',(-0.998629534755,-1.413873079185E-16,
    -5.233595624294E-02));
#353 = ADVANCED_FACE('',(#354),#390,.F.);
#354 = FACE_BOUND('',#355,.F.);
#355 = EDGE_LOOP('',(#356,#366,#375,#383));
#356 = ORIENTED_EDGE('',*,*,#357,.T.);
#357 = EDGE_CURVE('',#358,#360,#362,.T.);
#358 = VERTEX_POINT('',#359);
#359 = CARTESIAN_POINT('',(144.48371681784,59.673684961974,6.21497033088
    ));
#360 = VERTEX_POINT('',#361);
#361 = CARTESIAN_POINT('',(144.38475996985,59.905846061161,
    8.103179473497));
#362 = LINE('',#363,#364);
#363 = CARTESIAN_POINT('',(144.38475996985,59.905846061161,
    8.103179473497));
#364 = VECTOR('',#365,1.);
#365 = DIRECTION('',(-5.19458519614E-02,0.121869343405,0.991185901636));
#366 = ORIENTED_EDGE('',*,*,#367,.F.);
#367 = EDGE_CURVE('',#368,#360,#370,.T.);
#368 = VERTEX_POINT('',#369);
#369 = CARTESIAN_POINT('',(145.24717643607,59.905846061161,
    8.148376805308));
#370 = CIRCLE('',#371,0.4318);
#371 = AXIS2_PLACEMENT_3D('',#372,#373,#374);
#372 = CARTESIAN_POINT('',(144.81596820296,59.905846061161,
    8.125778139403));
#373 = DIRECTION('',(-5.19458519614E-02,0.121869343405,0.991185901636));
#374 = DIRECTION('',(-0.998629534755,-1.413873079185E-16,
    -5.233595624294E-02));
#375 = ORIENTED_EDGE('',*,*,#376,.F.);
#376 = EDGE_CURVE('',#377,#368,#379,.T.);
#377 = VERTEX_POINT('',#378);
#378 = CARTESIAN_POINT('',(145.34613328405,59.673684961974,
    6.260167662692));
#379 = LINE('',#380,#381);
#380 = CARTESIAN_POINT('',(145.24717643607,59.905846061161,
    8.148376805308));
#381 = VECTOR('',#382,1.);
#382 = DIRECTION('',(-5.19458519614E-02,0.121869343405,0.991185901636));
#383 = ORIENTED_EDGE('',*,*,#384,.T.);
#384 = EDGE_CURVE('',#377,#358,#385,.T.);
#385 = CIRCLE('',#386,0.4318);
#386 = AXIS2_PLACEMENT_3D('',#387,#388,#389);
#387 = CARTESIAN_POINT('',(144.91492505095,59.673684961974,
    6.237568996786));
#388 = DIRECTION('',(-5.19458519614E-02,0.121869343405,0.991185901636));
#389 = DIRECTION('',(-0.998629534755,-1.413873079185E-16,
    -5.233595624294E-02));
#390 = CYLINDRICAL_SURFACE('',#391,0.4318);
#391 = AXIS2_PLACEMENT_3D('',#392,#393,#394);
#392 = CARTESIAN_POINT('',(144.81596820296,59.905846061161,
    8.125778139403));
#393 = DIRECTION('',(-5.19458519614E-02,0.121869343405,0.991185901636));
#394 = DIRECTION('',(-0.998629534755,-1.413873079185E-16,
    -5.233595624294E-02));
#395 = ADVANCED_FACE('',(#396),#432,.F.);
#396 = FACE_BOUND('',#397,.F.);
#397 = EDGE_LOOP('',(#398,#408,#417,#425));
#398 = ORIENTED_EDGE('',*,*,#399,.T.);
#399 = EDGE_CURVE('',#400,#402,#404,.T.);
#400 = VERTEX_POINT('',#401);
#401 = CARTESIAN_POINT('',(144.49181706659,60.934218574559,
    6.060408377234));
#402 = VERTEX_POINT('',#403);
#403 = CARTESIAN_POINT('',(144.39286021861,61.166379673746,
    7.948617519851));
#404 = LINE('',#405,#406);
#405 = CARTESIAN_POINT('',(144.39286021861,61.166379673746,
    7.948617519851));
#406 = VECTOR('',#407,1.);
#407 = DIRECTION('',(-5.19458519614E-02,0.121869343405,0.991185901636));
#408 = ORIENTED_EDGE('',*,*,#409,.F.);
#409 = EDGE_CURVE('',#410,#402,#412,.T.);
#410 = VERTEX_POINT('',#411);
#411 = CARTESIAN_POINT('',(145.25527668482,61.166379673746,
    7.993814851662));
#412 = CIRCLE('',#413,0.4318);
#413 = AXIS2_PLACEMENT_3D('',#414,#415,#416);
#414 = CARTESIAN_POINT('',(144.82406845171,61.166379673746,
    7.971216185757));
#415 = DIRECTION('',(-5.19458519614E-02,0.121869343405,0.991185901636));
#416 = DIRECTION('',(-0.998629534755,-1.413873079185E-16,
    -5.233595624294E-02));
#417 = ORIENTED_EDGE('',*,*,#418,.F.);
#418 = EDGE_CURVE('',#419,#410,#421,.T.);
#419 = VERTEX_POINT('',#420);
#420 = CARTESIAN_POINT('',(145.35423353281,60.934218574559,
    6.105605709046));
#421 = LINE('',#422,#423);
#422 = CARTESIAN_POINT('',(145.25527668482,61.166379673746,
    7.993814851662));
#423 = VECTOR('',#424,1.);
#424 = DIRECTION('',(-5.19458519614E-02,0.121869343405,0.991185901636));
#425 = ORIENTED_EDGE('',*,*,#426,.T.);
#426 = EDGE_CURVE('',#419,#400,#427,.T.);
#427 = CIRCLE('',#428,0.4318);
#428 = AXIS2_PLACEMENT_3D('',#429,#430,#431);
#429 = CARTESIAN_POINT('',(144.9230252997,60.934218574559,6.08300704314)
  );
#430 = DIRECTION('',(-5.19458519614E-02,0.121869343405,0.991185901636));
#431 = DIRECTION('',(-0.998629534755,-1.413873079185E-16,
    -5.233595624294E-02));
#432 = CYLINDRICAL_SURFACE('',#433,0.4318);
#433 = AXIS2_PLACEMENT_3D('',#434,#435,#436);
#434 = CARTESIAN_POINT('',(144.82406845171,61.166379673746,
    7.971216185757));
#435 = DIRECTION('',(-5.19458519614E-02,0.121869343405,0.991185901636));
#436 = DIRECTION('',(-0.998629534755,-1.413873079185E-16,
    -5.233595624294E-02));
#437 = ADVANCED_FACE('',(#438),#474,.F.);
#438 = FACE_BOUND('',#439,.F.);
#439 = EDGE_LOOP('',(#440,#450,#459,#467));
#440 = ORIENTED_EDGE('',*,*,#441,.T.);
#441 = EDGE_CURVE('',#442,#444,#446,.T.);
#442 = VERTEX_POINT('',#443);
#443 = CARTESIAN_POINT('',(144.49991731535,62.194752187143,
    5.905846423588));
#444 = VERTEX_POINT('',#445);
#445 = CARTESIAN_POINT('',(144.40096046736,62.42691328633,7.794055566205
    ));
#446 = LINE('',#447,#448);
#447 = CARTESIAN_POINT('',(144.40096046736,62.42691328633,7.794055566205
    ));
#448 = VECTOR('',#449,1.);
#449 = DIRECTION('',(-5.19458519614E-02,0.121869343405,0.991185901636));
#450 = ORIENTED_EDGE('',*,*,#451,.F.);
#451 = EDGE_CURVE('',#452,#444,#454,.T.);
#452 = VERTEX_POINT('',#453);
#453 = CARTESIAN_POINT('',(145.26337693357,62.42691328633,7.839252898016
    ));
#454 = CIRCLE('',#455,0.4318);
#455 = AXIS2_PLACEMENT_3D('',#456,#457,#458);
#456 = CARTESIAN_POINT('',(144.83216870047,62.42691328633,7.81665423211)
  );
#457 = DIRECTION('',(-5.19458519614E-02,0.121869343405,0.991185901636));
#458 = DIRECTION('',(-0.998629534755,-1.413873079185E-16,
    -5.233595624294E-02));
#459 = ORIENTED_EDGE('',*,*,#460,.F.);
#460 = EDGE_CURVE('',#461,#452,#463,.T.);
#461 = VERTEX_POINT('',#462);
#462 = CARTESIAN_POINT('',(145.36233378156,62.194752187143,5.9510437554)
  );
#463 = LINE('',#464,#465);
#464 = CARTESIAN_POINT('',(145.26337693357,62.42691328633,7.839252898016
    ));
#465 = VECTOR('',#466,1.);
#466 = DIRECTION('',(-5.19458519614E-02,0.121869343405,0.991185901636));
#467 = ORIENTED_EDGE('',*,*,#468,.T.);
#468 = EDGE_CURVE('',#461,#442,#469,.T.);
#469 = CIRCLE('',#470,0.4318);
#470 = AXIS2_PLACEMENT_3D('',#471,#472,#473);
#471 = CARTESIAN_POINT('',(144.93112554845,62.194752187143,
    5.928445089494));
#472 = DIRECTION('',(-5.19458519614E-02,0.121869343405,0.991185901636));
#473 = DIRECTION('',(-0.998629534755,-1.413873079185E-16,
    -5.233595624294E-02));
#474 = CYLINDRICAL_SURFACE('',#475,0.4318);
#475 = AXIS2_PLACEMENT_3D('',#476,#477,#478);
#476 = CARTESIAN_POINT('',(144.83216870047,62.42691328633,7.81665423211)
  );
#477 = DIRECTION('',(-5.19458519614E-02,0.121869343405,0.991185901636));
#478 = DIRECTION('',(-0.998629534755,-1.413873079185E-16,
    -5.233595624294E-02));
#479 = ADVANCED_FACE('',(#480),#516,.F.);
#480 = FACE_BOUND('',#481,.F.);
#481 = EDGE_LOOP('',(#482,#492,#501,#509));
#482 = ORIENTED_EDGE('',*,*,#483,.T.);
#483 = EDGE_CURVE('',#484,#486,#488,.T.);
#484 = VERTEX_POINT('',#485);
#485 = CARTESIAN_POINT('',(144.5080175641,63.455285799728,5.751284469942
    ));
#486 = VERTEX_POINT('',#487);
#487 = CARTESIAN_POINT('',(144.40906071611,63.687446898914,
    7.639493612559));
#488 = LINE('',#489,#490);
#489 = CARTESIAN_POINT('',(144.40906071611,63.687446898914,
    7.639493612559));
#490 = VECTOR('',#491,1.);
#491 = DIRECTION('',(-5.19458519614E-02,0.121869343405,0.991185901636));
#492 = ORIENTED_EDGE('',*,*,#493,.F.);
#493 = EDGE_CURVE('',#494,#486,#496,.T.);
#494 = VERTEX_POINT('',#495);
#495 = CARTESIAN_POINT('',(145.27147718232,63.687446898914,7.68469094437
    ));
#496 = CIRCLE('',#497,0.4318);
#497 = AXIS2_PLACEMENT_3D('',#498,#499,#500);
#498 = CARTESIAN_POINT('',(144.84026894922,63.687446898914,
    7.662092278464));
#499 = DIRECTION('',(-5.19458519614E-02,0.121869343405,0.991185901636));
#500 = DIRECTION('',(-0.998629534755,-1.413873079185E-16,
    -5.233595624294E-02));
#501 = ORIENTED_EDGE('',*,*,#502,.F.);
#502 = EDGE_CURVE('',#503,#494,#505,.T.);
#503 = VERTEX_POINT('',#504);
#504 = CARTESIAN_POINT('',(145.37043403031,63.455285799728,
    5.796481801754));
#505 = LINE('',#506,#507);
#506 = CARTESIAN_POINT('',(145.27147718232,63.687446898914,7.68469094437
    ));
#507 = VECTOR('',#508,1.);
#508 = DIRECTION('',(-5.19458519614E-02,0.121869343405,0.991185901636));
#509 = ORIENTED_EDGE('',*,*,#510,.T.);
#510 = EDGE_CURVE('',#503,#484,#511,.T.);
#511 = CIRCLE('',#512,0.4318);
#512 = AXIS2_PLACEMENT_3D('',#513,#514,#515);
#513 = CARTESIAN_POINT('',(144.9392257972,63.455285799728,5.773883135848
    ));
#514 = DIRECTION('',(-5.19458519614E-02,0.121869343405,0.991185901636));
#515 = DIRECTION('',(-0.998629534755,-1.413873079185E-16,
    -5.233595624294E-02));
#516 = CYLINDRICAL_SURFACE('',#517,0.4318);
#517 = AXIS2_PLACEMENT_3D('',#518,#519,#520);
#518 = CARTESIAN_POINT('',(144.84026894922,63.687446898914,
    7.662092278464));
#519 = DIRECTION('',(-5.19458519614E-02,0.121869343405,0.991185901636));
#520 = DIRECTION('',(-0.998629534755,-1.413873079185E-16,
    -5.233595624294E-02));
#521 = ADVANCED_FACE('',(#522),#556,.F.);
#522 = FACE_BOUND('',#523,.T.);
#523 = EDGE_LOOP('',(#524,#534,#542,#550));
#524 = ORIENTED_EDGE('',*,*,#525,.F.);
#525 = EDGE_CURVE('',#526,#528,#530,.T.);
#526 = VERTEX_POINT('',#527);
#527 = CARTESIAN_POINT('',(143.75982793052,49.12549890198,7.166454288342
    ));
#528 = VERTEX_POINT('',#529);
#529 = CARTESIAN_POINT('',(143.75730522197,48.732923437249,
    7.214590434953));
#530 = LINE('',#531,#532);
#531 = CARTESIAN_POINT('',(143.85693828162,64.237486872038,
    5.313478405106));
#532 = VECTOR('',#533,1.);
#533 = DIRECTION('',(-6.378148623808E-03,-0.992546151641,0.121702325706)
  );
#534 = ORIENTED_EDGE('',*,*,#535,.F.);
#535 = EDGE_CURVE('',#536,#526,#538,.T.);
#536 = VERTEX_POINT('',#537);
#537 = CARTESIAN_POINT('',(143.98993578088,49.12549890198,7.178513729776
    ));
#538 = LINE('',#539,#540);
#539 = CARTESIAN_POINT('',(145.96659947642,49.12549890198,7.282106284448
    ));
#540 = VECTOR('',#541,1.);
#541 = DIRECTION('',(-0.998629534755,-1.413873079185E-16,
    -5.233595624294E-02));
#542 = ORIENTED_EDGE('',*,*,#543,.T.);
#543 = EDGE_CURVE('',#536,#544,#546,.T.);
#544 = VERTEX_POINT('',#545);
#545 = CARTESIAN_POINT('',(143.98741307233,48.732923437249,
    7.226649876386));
#546 = LINE('',#547,#548);
#547 = CARTESIAN_POINT('',(144.08704613198,64.237486872038,5.32553784654
    ));
#548 = VECTOR('',#549,1.);
#549 = DIRECTION('',(-6.378148623808E-03,-0.992546151641,0.121702325706)
  );
#550 = ORIENTED_EDGE('',*,*,#551,.F.);
#551 = EDGE_CURVE('',#528,#544,#552,.T.);
#552 = LINE('',#553,#554);
#553 = CARTESIAN_POINT('',(143.75730522197,48.732923437249,
    7.214590434953));
#554 = VECTOR('',#555,1.);
#555 = DIRECTION('',(0.998629534755,1.413873079185E-16,
    5.233595624294E-02));
#556 = PLANE('',#557);
#557 = AXIS2_PLACEMENT_3D('',#558,#559,#560);
#558 = CARTESIAN_POINT('',(143.85693828162,64.237486872038,
    5.313478405106));
#559 = DIRECTION('',(-5.19458519614E-02,0.121869343405,0.991185901636));
#560 = DIRECTION('',(-0.998629534755,-1.413873079185E-16,
    -5.233595624294E-02));
#561 = ADVANCED_FACE('',(#562),#596,.F.);
#562 = FACE_BOUND('',#563,.T.);
#563 = EDGE_LOOP('',(#564,#574,#582,#590));
#564 = ORIENTED_EDGE('',*,*,#565,.T.);
#565 = EDGE_CURVE('',#566,#568,#570,.T.);
#566 = VERTEX_POINT('',#567);
#567 = CARTESIAN_POINT('',(145.73396891751,48.732923437249,
    7.318182989625));
#568 = VERTEX_POINT('',#569);
#569 = CARTESIAN_POINT('',(145.73649162605,49.12549890198,7.270046843015
    ));
#570 = LINE('',#571,#572);
#571 = CARTESIAN_POINT('',(145.83360197716,64.237486872038,
    5.417070959779));
#572 = VECTOR('',#573,1.);
#573 = DIRECTION('',(6.378148623808E-03,0.992546151641,-0.121702325706)
  );
#574 = ORIENTED_EDGE('',*,*,#575,.F.);
#575 = EDGE_CURVE('',#576,#568,#578,.T.);
#576 = VERTEX_POINT('',#577);
#577 = CARTESIAN_POINT('',(145.96659947642,49.12549890198,7.282106284448
    ));
#578 = LINE('',#579,#580);
#579 = CARTESIAN_POINT('',(145.96659947642,49.12549890198,7.282106284448
    ));
#580 = VECTOR('',#581,1.);
#581 = DIRECTION('',(-0.998629534755,-1.413873079185E-16,
    -5.233595624294E-02));
#582 = ORIENTED_EDGE('',*,*,#583,.F.);
#583 = EDGE_CURVE('',#584,#576,#586,.T.);
#584 = VERTEX_POINT('',#585);
#585 = CARTESIAN_POINT('',(145.96407676787,48.732923437249,
    7.330242431058));
#586 = LINE('',#587,#588);
#587 = CARTESIAN_POINT('',(145.96407676787,48.732923437249,
    7.330242431058));
#588 = VECTOR('',#589,1.);
#589 = DIRECTION('',(6.378148623808E-03,0.992546151641,-0.121702325706)
  );
#590 = ORIENTED_EDGE('',*,*,#591,.F.);
#591 = EDGE_CURVE('',#566,#584,#592,.T.);
#592 = LINE('',#593,#594);
#593 = CARTESIAN_POINT('',(143.75730522197,48.732923437249,
    7.214590434953));
#594 = VECTOR('',#595,1.);
#595 = DIRECTION('',(0.998629534755,1.413873079185E-16,
    5.233595624294E-02));
#596 = PLANE('',#597);
#597 = AXIS2_PLACEMENT_3D('',#598,#599,#600);
#598 = CARTESIAN_POINT('',(143.85693828162,64.237486872038,
    5.313478405106));
#599 = DIRECTION('',(-5.19458519614E-02,0.121869343405,0.991185901636));
#600 = DIRECTION('',(-0.998629534755,-1.413873079185E-16,
    -5.233595624294E-02));
#601 = ADVANCED_FACE('',(#602),#627,.F.);
#602 = FACE_BOUND('',#603,.T.);
#603 = EDGE_LOOP('',(#604,#605,#613,#621));
#604 = ORIENTED_EDGE('',*,*,#543,.F.);
#605 = ORIENTED_EDGE('',*,*,#606,.T.);
#606 = EDGE_CURVE('',#536,#607,#609,.T.);
#607 = VERTEX_POINT('',#608);
#608 = CARTESIAN_POINT('',(144.15096028115,49.337309338782,
    7.468420351248));
#609 = LINE('',#610,#611);
#610 = CARTESIAN_POINT('',(155.73703977663,64.577552622079,
    28.327861969863));
#611 = VECTOR('',#612,1.);
#612 = DIRECTION('',(0.409216015679,0.538279720659,0.736747714512));
#613 = ORIENTED_EDGE('',*,*,#614,.T.);
#614 = EDGE_CURVE('',#607,#615,#617,.T.);
#615 = VERTEX_POINT('',#616);
#616 = CARTESIAN_POINT('',(144.14731516921,48.770069213118,
    7.537973230388));
#617 = LINE('',#618,#619);
#618 = CARTESIAN_POINT('',(144.55475768145,112.17490992611,
    -0.236493038007));
#619 = VECTOR('',#620,1.);
#620 = DIRECTION('',(-6.378148623808E-03,-0.992546151641,0.121702325706)
  );
#621 = ORIENTED_EDGE('',*,*,#622,.T.);
#622 = EDGE_CURVE('',#615,#544,#623,.T.);
#623 = LINE('',#624,#625);
#624 = CARTESIAN_POINT('',(144.14731516921,48.770069213118,
    7.537973230388));
#625 = VECTOR('',#626,1.);
#626 = DIRECTION('',(-0.454328339957,-0.105541947331,-0.884560148811));
#627 = PLANE('',#628);
#628 = AXIS2_PLACEMENT_3D('',#629,#630,#631);
#629 = CARTESIAN_POINT('',(144.55475768145,112.17490992611,
    -0.236493038007));
#630 = DIRECTION('',(-0.890811472048,6.093467170257E-02,0.45026868318));
#631 = DIRECTION('',(-0.454328339957,-0.105541947331,-0.884560148811));
#632 = ADVANCED_FACE('',(#633),#658,.F.);
#633 = FACE_BOUND('',#634,.T.);
#634 = EDGE_LOOP('',(#635,#645,#651,#652));
#635 = ORIENTED_EDGE('',*,*,#636,.F.);
#636 = EDGE_CURVE('',#637,#639,#641,.T.);
#637 = VERTEX_POINT('',#638);
#638 = CARTESIAN_POINT('',(145.54604574121,49.337309338782,
    7.541533682119));
#639 = VERTEX_POINT('',#640);
#640 = CARTESIAN_POINT('',(145.54240062927,48.770069213118,7.61108656126
    ));
#641 = LINE('',#642,#643);
#642 = CARTESIAN_POINT('',(145.9498431415,112.17490992611,
    -0.163379707135));
#643 = VECTOR('',#644,1.);
#644 = DIRECTION('',(-6.378148623808E-03,-0.992546151641,0.121702325706)
  );
#645 = ORIENTED_EDGE('',*,*,#646,.T.);
#646 = EDGE_CURVE('',#637,#568,#647,.T.);
#647 = LINE('',#648,#649);
#648 = CARTESIAN_POINT('',(131.84303062446,64.577552622079,
    27.075630012029));
#649 = VECTOR('',#650,1.);
#650 = DIRECTION('',(0.483985393942,-0.538279720659,-0.689937012182));
#651 = ORIENTED_EDGE('',*,*,#565,.F.);
#652 = ORIENTED_EDGE('',*,*,#653,.T.);
#653 = EDGE_CURVE('',#566,#639,#654,.T.);
#654 = LINE('',#655,#656);
#655 = CARTESIAN_POINT('',(145.54240062927,48.770069213118,7.61108656126
    ));
#656 = VECTOR('',#657,1.);
#657 = DIRECTION('',(-0.544301194797,0.105541947331,0.832224192568));
#658 = PLANE('',#659);
#659 = AXIS2_PLACEMENT_3D('',#660,#661,#662);
#660 = CARTESIAN_POINT('',(145.9498431415,112.17490992611,
    -0.163379707135));
#661 = DIRECTION('',(0.838865620086,6.093467170258E-02,0.540917218456));
#662 = DIRECTION('',(-0.544301194797,0.105541947331,0.832224192568));
#663 = ADVANCED_FACE('',(#664),#698,.F.);
#664 = FACE_BOUND('',#665,.T.);
#665 = EDGE_LOOP('',(#666,#676,#684,#692));
#666 = ORIENTED_EDGE('',*,*,#667,.T.);
#667 = EDGE_CURVE('',#668,#670,#672,.T.);
#668 = VERTEX_POINT('',#669);
#669 = CARTESIAN_POINT('',(143.99803602963,50.386032514565,
    7.023951776129));
#670 = VERTEX_POINT('',#671);
#671 = CARTESIAN_POINT('',(143.99542068716,49.979041668877,
    7.073855483256));
#672 = LINE('',#673,#674);
#673 = CARTESIAN_POINT('',(144.08704613198,64.237486872038,5.32553784654
    ));
#674 = VECTOR('',#675,1.);
#675 = DIRECTION('',(-6.378148623808E-03,-0.992546151641,0.121702325706)
  );
#676 = ORIENTED_EDGE('',*,*,#677,.T.);
#677 = EDGE_CURVE('',#670,#678,#680,.T.);
#678 = VERTEX_POINT('',#679);
#679 = CARTESIAN_POINT('',(143.7653128368,49.979041668877,7.061796041823
    ));
#680 = LINE('',#681,#682);
#681 = CARTESIAN_POINT('',(145.9720843827,49.979041668877,7.177448037928
    ));
#682 = VECTOR('',#683,1.);
#683 = DIRECTION('',(-0.998629534755,-1.413873079185E-16,
    -5.233595624294E-02));
#684 = ORIENTED_EDGE('',*,*,#685,.F.);
#685 = EDGE_CURVE('',#686,#678,#688,.T.);
#686 = VERTEX_POINT('',#687);
#687 = CARTESIAN_POINT('',(143.76792817927,50.386032514565,
    7.011892334696));
#688 = LINE('',#689,#690);
#689 = CARTESIAN_POINT('',(143.85693828162,64.237486872038,
    5.313478405106));
#690 = VECTOR('',#691,1.);
#691 = DIRECTION('',(-6.378148623808E-03,-0.992546151641,0.121702325706)
  );
#692 = ORIENTED_EDGE('',*,*,#693,.F.);
#693 = EDGE_CURVE('',#668,#686,#694,.T.);
#694 = LINE('',#695,#696);
#695 = CARTESIAN_POINT('',(145.97469972517,50.386032514565,
    7.127544330802));
#696 = VECTOR('',#697,1.);
#697 = DIRECTION('',(-0.998629534755,-1.413873079185E-16,
    -5.233595624294E-02));
#698 = PLANE('',#699);
#699 = AXIS2_PLACEMENT_3D('',#700,#701,#702);
#700 = CARTESIAN_POINT('',(143.85693828162,64.237486872038,
    5.313478405106));
#701 = DIRECTION('',(-5.19458519614E-02,0.121869343405,0.991185901636));
#702 = DIRECTION('',(-0.998629534755,-1.413873079185E-16,
    -5.233595624294E-02));
#703 = ADVANCED_FACE('',(#704),#738,.F.);
#704 = FACE_BOUND('',#705,.T.);
#705 = EDGE_LOOP('',(#706,#716,#724,#732));
#706 = ORIENTED_EDGE('',*,*,#707,.F.);
#707 = EDGE_CURVE('',#708,#710,#712,.T.);
#708 = VERTEX_POINT('',#709);
#709 = CARTESIAN_POINT('',(145.9720843827,49.979041668877,7.177448037928
    ));
#710 = VERTEX_POINT('',#711);
#711 = CARTESIAN_POINT('',(145.97469972517,50.386032514565,
    7.127544330802));
#712 = LINE('',#713,#714);
#713 = CARTESIAN_POINT('',(145.96407676787,48.732923437249,
    7.330242431058));
#714 = VECTOR('',#715,1.);
#715 = DIRECTION('',(6.378148623808E-03,0.992546151641,-0.121702325706)
  );
#716 = ORIENTED_EDGE('',*,*,#717,.T.);
#717 = EDGE_CURVE('',#708,#718,#720,.T.);
#718 = VERTEX_POINT('',#719);
#719 = CARTESIAN_POINT('',(145.74197653234,49.979041668877,
    7.165388596495));
#720 = LINE('',#721,#722);
#721 = CARTESIAN_POINT('',(145.9720843827,49.979041668877,7.177448037928
    ));
#722 = VECTOR('',#723,1.);
#723 = DIRECTION('',(-0.998629534755,-1.413873079185E-16,
    -5.233595624294E-02));
#724 = ORIENTED_EDGE('',*,*,#725,.T.);
#725 = EDGE_CURVE('',#718,#726,#728,.T.);
#726 = VERTEX_POINT('',#727);
#727 = CARTESIAN_POINT('',(145.7445918748,50.386032514565,7.115484889369
    ));
#728 = LINE('',#729,#730);
#729 = CARTESIAN_POINT('',(145.83360197716,64.237486872038,
    5.417070959779));
#730 = VECTOR('',#731,1.);
#731 = DIRECTION('',(6.378148623808E-03,0.992546151641,-0.121702325706)
  );
#732 = ORIENTED_EDGE('',*,*,#733,.F.);
#733 = EDGE_CURVE('',#710,#726,#734,.T.);
#734 = LINE('',#735,#736);
#735 = CARTESIAN_POINT('',(145.97469972517,50.386032514565,
    7.127544330802));
#736 = VECTOR('',#737,1.);
#737 = DIRECTION('',(-0.998629534755,-1.413873079185E-16,
    -5.233595624294E-02));
#738 = PLANE('',#739);
#739 = AXIS2_PLACEMENT_3D('',#740,#741,#742);
#740 = CARTESIAN_POINT('',(143.85693828162,64.237486872038,
    5.313478405106));
#741 = DIRECTION('',(-5.19458519614E-02,0.121869343405,0.991185901636));
#742 = DIRECTION('',(-0.998629534755,-1.413873079185E-16,
    -5.233595624294E-02));
#743 = ADVANCED_FACE('',(#744),#769,.F.);
#744 = FACE_BOUND('',#745,.T.);
#745 = EDGE_LOOP('',(#746,#756,#762,#763));
#746 = ORIENTED_EDGE('',*,*,#747,.T.);
#747 = EDGE_CURVE('',#748,#750,#752,.T.);
#748 = VERTEX_POINT('',#749);
#749 = CARTESIAN_POINT('',(144.15906052991,50.597842951366,
    7.313858397602));
#750 = VERTEX_POINT('',#751);
#751 = CARTESIAN_POINT('',(144.15420038065,49.841522783815,
    7.406595569789));
#752 = LINE('',#753,#754);
#753 = CARTESIAN_POINT('',(144.55475768145,112.17490992611,
    -0.236493038007));
#754 = VECTOR('',#755,1.);
#755 = DIRECTION('',(-6.378148623808E-03,-0.992546151641,0.121702325706)
  );
#756 = ORIENTED_EDGE('',*,*,#757,.T.);
#757 = EDGE_CURVE('',#750,#670,#758,.T.);
#758 = LINE('',#759,#760);
#759 = CARTESIAN_POINT('',(132.82131134408,59.656923170143,
    -16.34270382599));
#760 = VECTOR('',#761,1.);
#761 = DIRECTION('',(-0.403511226121,0.349480545691,-0.845601583831));
#762 = ORIENTED_EDGE('',*,*,#667,.F.);
#763 = ORIENTED_EDGE('',*,*,#764,.T.);
#764 = EDGE_CURVE('',#668,#748,#765,.T.);
#765 = LINE('',#766,#767);
#766 = CARTESIAN_POINT('',(155.51272117893,65.532364202902,
    27.75485585135));
#767 = VECTOR('',#768,1.);
#768 = DIRECTION('',(0.409216015679,0.538279720659,0.736747714512));
#769 = PLANE('',#770);
#770 = AXIS2_PLACEMENT_3D('',#771,#772,#773);
#771 = CARTESIAN_POINT('',(144.55475768145,112.17490992611,
    -0.236493038007));
#772 = DIRECTION('',(-0.890811472048,6.093467170257E-02,0.45026868318));
#773 = DIRECTION('',(-0.454328339957,-0.105541947331,-0.884560148811));
#774 = ADVANCED_FACE('',(#775),#800,.F.);
#775 = FACE_BOUND('',#776,.T.);
#776 = EDGE_LOOP('',(#777,#778,#786,#794));
#777 = ORIENTED_EDGE('',*,*,#725,.F.);
#778 = ORIENTED_EDGE('',*,*,#779,.T.);
#779 = EDGE_CURVE('',#718,#780,#782,.T.);
#780 = VERTEX_POINT('',#781);
#781 = CARTESIAN_POINT('',(145.54928584071,49.841522783815,
    7.479708900661));
#782 = LINE('',#783,#784);
#783 = CARTESIAN_POINT('',(159.30256989489,59.656923170143,
    -14.95487987272));
#784 = VECTOR('',#785,1.);
#785 = DIRECTION('',(-0.489690183499,-0.349480545691,0.798790881501));
#786 = ORIENTED_EDGE('',*,*,#787,.F.);
#787 = EDGE_CURVE('',#788,#780,#790,.T.);
#788 = VERTEX_POINT('',#789);
#789 = CARTESIAN_POINT('',(145.55414598996,50.597842951366,
    7.386971728473));
#790 = LINE('',#791,#792);
#791 = CARTESIAN_POINT('',(145.9498431415,112.17490992611,
    -0.163379707135));
#792 = VECTOR('',#793,1.);
#793 = DIRECTION('',(-6.378148623808E-03,-0.992546151641,0.121702325706)
  );
#794 = ORIENTED_EDGE('',*,*,#795,.T.);
#795 = EDGE_CURVE('',#788,#726,#796,.T.);
#796 = LINE('',#797,#798);
#797 = CARTESIAN_POINT('',(132.12601583042,65.532364202902,
    26.529210559288));
#798 = VECTOR('',#799,1.);
#799 = DIRECTION('',(0.483985393942,-0.538279720659,-0.689937012182));
#800 = PLANE('',#801);
#801 = AXIS2_PLACEMENT_3D('',#802,#803,#804);
#802 = CARTESIAN_POINT('',(145.9498431415,112.17490992611,
    -0.163379707135));
#803 = DIRECTION('',(0.838865620086,6.093467170258E-02,0.540917218456));
#804 = DIRECTION('',(-0.544301194797,0.105541947331,0.832224192568));
#805 = ADVANCED_FACE('',(#806),#840,.F.);
#806 = FACE_BOUND('',#807,.T.);
#807 = EDGE_LOOP('',(#808,#818,#826,#834));
#808 = ORIENTED_EDGE('',*,*,#809,.T.);
#809 = EDGE_CURVE('',#810,#812,#814,.T.);
#810 = VERTEX_POINT('',#811);
#811 = CARTESIAN_POINT('',(144.00613627838,51.646566127149,
    6.869389822483));
#812 = VERTEX_POINT('',#813);
#813 = CARTESIAN_POINT('',(144.00352093591,51.239575281461,6.91929352961
    ));
#814 = LINE('',#815,#816);
#815 = CARTESIAN_POINT('',(144.08704613198,64.237486872038,5.32553784654
    ));
#816 = VECTOR('',#817,1.);
#817 = DIRECTION('',(-6.378148623808E-03,-0.992546151641,0.121702325706)
  );
#818 = ORIENTED_EDGE('',*,*,#819,.T.);
#819 = EDGE_CURVE('',#812,#820,#822,.T.);
#820 = VERTEX_POINT('',#821);
#821 = CARTESIAN_POINT('',(143.77341308555,51.239575281461,
    6.907234088177));
#822 = LINE('',#823,#824);
#823 = CARTESIAN_POINT('',(145.98018463145,51.239575281461,
    7.022886084282));
#824 = VECTOR('',#825,1.);
#825 = DIRECTION('',(-0.998629534755,-1.413873079185E-16,
    -5.233595624294E-02));
#826 = ORIENTED_EDGE('',*,*,#827,.F.);
#827 = EDGE_CURVE('',#828,#820,#830,.T.);
#828 = VERTEX_POINT('',#829);
#829 = CARTESIAN_POINT('',(143.77602842802,51.646566127149,6.85733038105
    ));
#830 = LINE('',#831,#832);
#831 = CARTESIAN_POINT('',(143.85693828162,64.237486872038,
    5.313478405106));
#832 = VECTOR('',#833,1.);
#833 = DIRECTION('',(-6.378148623808E-03,-0.992546151641,0.121702325706)
  );
#834 = ORIENTED_EDGE('',*,*,#835,.F.);
#835 = EDGE_CURVE('',#810,#828,#836,.T.);
#836 = LINE('',#837,#838);
#837 = CARTESIAN_POINT('',(145.98279997392,51.646566127149,
    6.972982377156));
#838 = VECTOR('',#839,1.);
#839 = DIRECTION('',(-0.998629534755,-1.413873079185E-16,
    -5.233595624294E-02));
#840 = PLANE('',#841);
#841 = AXIS2_PLACEMENT_3D('',#842,#843,#844);
#842 = CARTESIAN_POINT('',(143.85693828162,64.237486872038,
    5.313478405106));
#843 = DIRECTION('',(-5.19458519614E-02,0.121869343405,0.991185901636));
#844 = DIRECTION('',(-0.998629534755,-1.413873079185E-16,
    -5.233595624294E-02));
#845 = ADVANCED_FACE('',(#846),#880,.F.);
#846 = FACE_BOUND('',#847,.T.);
#847 = EDGE_LOOP('',(#848,#858,#866,#874));
#848 = ORIENTED_EDGE('',*,*,#849,.F.);
#849 = EDGE_CURVE('',#850,#852,#854,.T.);
#850 = VERTEX_POINT('',#851);
#851 = CARTESIAN_POINT('',(145.98018463145,51.239575281461,
    7.022886084282));
#852 = VERTEX_POINT('',#853);
#853 = CARTESIAN_POINT('',(145.98279997392,51.646566127149,
    6.972982377156));
#854 = LINE('',#855,#856);
#855 = CARTESIAN_POINT('',(145.96407676787,48.732923437249,
    7.330242431058));
#856 = VECTOR('',#857,1.);
#857 = DIRECTION('',(6.378148623808E-03,0.992546151641,-0.121702325706)
  );
#858 = ORIENTED_EDGE('',*,*,#859,.T.);
#859 = EDGE_CURVE('',#850,#860,#862,.T.);
#860 = VERTEX_POINT('',#861);
#861 = CARTESIAN_POINT('',(145.75007678109,51.239575281461,
    7.010826642849));
#862 = LINE('',#863,#864);
#863 = CARTESIAN_POINT('',(145.98018463145,51.239575281461,
    7.022886084282));
#864 = VECTOR('',#865,1.);
#865 = DIRECTION('',(-0.998629534755,-1.413873079185E-16,
    -5.233595624294E-02));
#866 = ORIENTED_EDGE('',*,*,#867,.T.);
#867 = EDGE_CURVE('',#860,#868,#870,.T.);
#868 = VERTEX_POINT('',#869);
#869 = CARTESIAN_POINT('',(145.75269212356,51.646566127149,
    6.960922935723));
#870 = LINE('',#871,#872);
#871 = CARTESIAN_POINT('',(145.83360197716,64.237486872038,
    5.417070959779));
#872 = VECTOR('',#873,1.);
#873 = DIRECTION('',(6.378148623808E-03,0.992546151641,-0.121702325706)
  );
#874 = ORIENTED_EDGE('',*,*,#875,.F.);
#875 = EDGE_CURVE('',#852,#868,#876,.T.);
#876 = LINE('',#877,#878);
#877 = CARTESIAN_POINT('',(145.98279997392,51.646566127149,
    6.972982377156));
#878 = VECTOR('',#879,1.);
#879 = DIRECTION('',(-0.998629534755,-1.413873079185E-16,
    -5.233595624294E-02));
#880 = PLANE('',#881);
#881 = AXIS2_PLACEMENT_3D('',#882,#883,#884);
#882 = CARTESIAN_POINT('',(143.85693828162,64.237486872038,
    5.313478405106));
#883 = DIRECTION('',(-5.19458519614E-02,0.121869343405,0.991185901636));
#884 = DIRECTION('',(-0.998629534755,-1.413873079185E-16,
    -5.233595624294E-02));
#885 = ADVANCED_FACE('',(#886),#911,.F.);
#886 = FACE_BOUND('',#887,.T.);
#887 = EDGE_LOOP('',(#888,#898,#904,#905));
#888 = ORIENTED_EDGE('',*,*,#889,.T.);
#889 = EDGE_CURVE('',#890,#892,#894,.T.);
#890 = VERTEX_POINT('',#891);
#891 = CARTESIAN_POINT('',(144.16716077866,51.85837656395,7.159296443956
    ));
#892 = VERTEX_POINT('',#893);
#893 = CARTESIAN_POINT('',(144.16230062941,51.1020563964,7.252033616143)
  );
#894 = LINE('',#895,#896);
#895 = CARTESIAN_POINT('',(144.55475768145,112.17490992611,
    -0.236493038007));
#896 = VECTOR('',#897,1.);
#897 = DIRECTION('',(-6.378148623808E-03,-0.992546151641,0.121702325706)
  );
#898 = ORIENTED_EDGE('',*,*,#899,.T.);
#899 = EDGE_CURVE('',#892,#812,#900,.T.);
#900 = LINE('',#901,#902);
#901 = CARTESIAN_POINT('',(133.05859033978,60.718965369455,
    -16.01699683331));
#902 = VECTOR('',#903,1.);
#903 = DIRECTION('',(-0.403511226121,0.349480545691,-0.845601583831));
#904 = ORIENTED_EDGE('',*,*,#809,.F.);
#905 = ORIENTED_EDGE('',*,*,#906,.T.);
#906 = EDGE_CURVE('',#810,#890,#907,.T.);
#907 = LINE('',#908,#909);
#908 = CARTESIAN_POINT('',(155.28840258124,66.487175783726,
    27.181849732837));
#909 = VECTOR('',#910,1.);
#910 = DIRECTION('',(0.409216015679,0.538279720659,0.736747714512));
#911 = PLANE('',#912);
#912 = AXIS2_PLACEMENT_3D('',#913,#914,#915);
#913 = CARTESIAN_POINT('',(144.55475768145,112.17490992611,
    -0.236493038007));
#914 = DIRECTION('',(-0.890811472048,6.093467170257E-02,0.45026868318));
#915 = DIRECTION('',(-0.454328339957,-0.105541947331,-0.884560148811));
#916 = ADVANCED_FACE('',(#917),#942,.F.);
#917 = FACE_BOUND('',#918,.T.);
#918 = EDGE_LOOP('',(#919,#920,#928,#936));
#919 = ORIENTED_EDGE('',*,*,#867,.F.);
#920 = ORIENTED_EDGE('',*,*,#921,.T.);
#921 = EDGE_CURVE('',#860,#922,#924,.T.);
#922 = VERTEX_POINT('',#923);
#923 = CARTESIAN_POINT('',(145.55738608946,51.1020563964,7.325146947015)
  );
#924 = LINE('',#925,#926);
#925 = CARTESIAN_POINT('',(159.03254508693,60.718965369455,
    -14.65575954582));
#926 = VECTOR('',#927,1.);
#927 = DIRECTION('',(-0.489690183499,-0.349480545691,0.798790881501));
#928 = ORIENTED_EDGE('',*,*,#929,.F.);
#929 = EDGE_CURVE('',#930,#922,#932,.T.);
#930 = VERTEX_POINT('',#931);
#931 = CARTESIAN_POINT('',(145.56224623871,51.85837656395,7.232409774827
    ));
#932 = LINE('',#933,#934);
#933 = CARTESIAN_POINT('',(145.9498431415,112.17490992611,
    -0.163379707135));
#934 = VECTOR('',#935,1.);
#935 = DIRECTION('',(-6.378148623808E-03,-0.992546151641,0.121702325706)
  );
#936 = ORIENTED_EDGE('',*,*,#937,.T.);
#937 = EDGE_CURVE('',#930,#868,#938,.T.);
#938 = LINE('',#939,#940);
#939 = CARTESIAN_POINT('',(132.40900103638,66.487175783725,
    25.982791106546));
#940 = VECTOR('',#941,1.);
#941 = DIRECTION('',(0.483985393942,-0.538279720659,-0.689937012182));
#942 = PLANE('',#943);
#943 = AXIS2_PLACEMENT_3D('',#944,#945,#946);
#944 = CARTESIAN_POINT('',(145.9498431415,112.17490992611,
    -0.163379707135));
#945 = DIRECTION('',(0.838865620086,6.093467170258E-02,0.540917218456));
#946 = DIRECTION('',(-0.544301194797,0.105541947331,0.832224192568));
#947 = ADVANCED_FACE('',(#948),#982,.F.);
#948 = FACE_BOUND('',#949,.T.);
#949 = EDGE_LOOP('',(#950,#960,#968,#976));
#950 = ORIENTED_EDGE('',*,*,#951,.T.);
#951 = EDGE_CURVE('',#952,#954,#956,.T.);
#952 = VERTEX_POINT('',#953);
#953 = CARTESIAN_POINT('',(144.01423652714,52.907099739733,
    6.714827868837));
#954 = VERTEX_POINT('',#955);
#955 = CARTESIAN_POINT('',(144.01162118467,52.500108894046,
    6.764731575964));
#956 = LINE('',#957,#958);
#957 = CARTESIAN_POINT('',(144.08704613198,64.237486872038,5.32553784654
    ));
#958 = VECTOR('',#959,1.);
#959 = DIRECTION('',(-6.378148623808E-03,-0.992546151641,0.121702325706)
  );
#960 = ORIENTED_EDGE('',*,*,#961,.T.);
#961 = EDGE_CURVE('',#954,#962,#964,.T.);
#962 = VERTEX_POINT('',#963);
#963 = CARTESIAN_POINT('',(143.7815133343,52.500108894046,6.752672134531
    ));
#964 = LINE('',#965,#966);
#965 = CARTESIAN_POINT('',(145.9882848802,52.500108894046,6.868324130636
    ));
#966 = VECTOR('',#967,1.);
#967 = DIRECTION('',(-0.998629534755,-1.413873079185E-16,
    -5.233595624294E-02));
#968 = ORIENTED_EDGE('',*,*,#969,.F.);
#969 = EDGE_CURVE('',#970,#962,#972,.T.);
#970 = VERTEX_POINT('',#971);
#971 = CARTESIAN_POINT('',(143.78412867677,52.907099739733,
    6.702768427404));
#972 = LINE('',#973,#974);
#973 = CARTESIAN_POINT('',(143.85693828162,64.237486872038,
    5.313478405106));
#974 = VECTOR('',#975,1.);
#975 = DIRECTION('',(-6.378148623808E-03,-0.992546151641,0.121702325706)
  );
#976 = ORIENTED_EDGE('',*,*,#977,.F.);
#977 = EDGE_CURVE('',#952,#970,#978,.T.);
#978 = LINE('',#979,#980);
#979 = CARTESIAN_POINT('',(145.99090022267,52.907099739733,6.81842042351
    ));
#980 = VECTOR('',#981,1.);
#981 = DIRECTION('',(-0.998629534755,-1.413873079185E-16,
    -5.233595624294E-02));
#982 = PLANE('',#983);
#983 = AXIS2_PLACEMENT_3D('',#984,#985,#986);
#984 = CARTESIAN_POINT('',(143.85693828162,64.237486872038,
    5.313478405106));
#985 = DIRECTION('',(-5.19458519614E-02,0.121869343405,0.991185901636));
#986 = DIRECTION('',(-0.998629534755,-1.413873079185E-16,
    -5.233595624294E-02));
#987 = ADVANCED_FACE('',(#988),#1022,.F.);
#988 = FACE_BOUND('',#989,.T.);
#989 = EDGE_LOOP('',(#990,#1000,#1008,#1016));
#990 = ORIENTED_EDGE('',*,*,#991,.F.);
#991 = EDGE_CURVE('',#992,#994,#996,.T.);
#992 = VERTEX_POINT('',#993);
#993 = CARTESIAN_POINT('',(145.9882848802,52.500108894046,6.868324130636
    ));
#994 = VERTEX_POINT('',#995);
#995 = CARTESIAN_POINT('',(145.99090022267,52.907099739733,6.81842042351
    ));
#996 = LINE('',#997,#998);
#997 = CARTESIAN_POINT('',(145.96407676787,48.732923437249,
    7.330242431058));
#998 = VECTOR('',#999,1.);
#999 = DIRECTION('',(6.378148623808E-03,0.992546151641,-0.121702325706)
  );
#1000 = ORIENTED_EDGE('',*,*,#1001,.T.);
#1001 = EDGE_CURVE('',#992,#1002,#1004,.T.);
#1002 = VERTEX_POINT('',#1003);
#1003 = CARTESIAN_POINT('',(145.75817702984,52.500108894046,
    6.856264689203));
#1004 = LINE('',#1005,#1006);
#1005 = CARTESIAN_POINT('',(145.9882848802,52.500108894046,
    6.868324130636));
#1006 = VECTOR('',#1007,1.);
#1007 = DIRECTION('',(-0.998629534755,-1.413873079185E-16,
    -5.233595624294E-02));
#1008 = ORIENTED_EDGE('',*,*,#1009,.T.);
#1009 = EDGE_CURVE('',#1002,#1010,#1012,.T.);
#1010 = VERTEX_POINT('',#1011);
#1011 = CARTESIAN_POINT('',(145.76079237231,52.907099739733,
    6.806360982077));
#1012 = LINE('',#1013,#1014);
#1013 = CARTESIAN_POINT('',(145.83360197716,64.237486872038,
    5.417070959779));
#1014 = VECTOR('',#1015,1.);
#1015 = DIRECTION('',(6.378148623808E-03,0.992546151641,-0.121702325706)
  );
#1016 = ORIENTED_EDGE('',*,*,#1017,.F.);
#1017 = EDGE_CURVE('',#994,#1010,#1018,.T.);
#1018 = LINE('',#1019,#1020);
#1019 = CARTESIAN_POINT('',(145.99090022267,52.907099739733,
    6.81842042351));
#1020 = VECTOR('',#1021,1.);
#1021 = DIRECTION('',(-0.998629534755,-1.413873079185E-16,
    -5.233595624294E-02));
#1022 = PLANE('',#1023);
#1023 = AXIS2_PLACEMENT_3D('',#1024,#1025,#1026);
#1024 = CARTESIAN_POINT('',(143.85693828162,64.237486872038,
    5.313478405106));
#1025 = DIRECTION('',(-5.19458519614E-02,0.121869343405,0.991185901636)
  );
#1026 = DIRECTION('',(-0.998629534755,-1.413873079185E-16,
    -5.233595624294E-02));
#1027 = ADVANCED_FACE('',(#1028),#1053,.F.);
#1028 = FACE_BOUND('',#1029,.T.);
#1029 = EDGE_LOOP('',(#1030,#1040,#1046,#1047));
#1030 = ORIENTED_EDGE('',*,*,#1031,.T.);
#1031 = EDGE_CURVE('',#1032,#1034,#1036,.T.);
#1032 = VERTEX_POINT('',#1033);
#1033 = CARTESIAN_POINT('',(144.17526102741,53.118910176535,
    7.00473449031));
#1034 = VERTEX_POINT('',#1035);
#1035 = CARTESIAN_POINT('',(144.17040087816,52.362590008984,
    7.097471662497));
#1036 = LINE('',#1037,#1038);
#1037 = CARTESIAN_POINT('',(144.55475768145,112.17490992611,
    -0.236493038007));
#1038 = VECTOR('',#1039,1.);
#1039 = DIRECTION('',(-6.378148623808E-03,-0.992546151641,0.121702325706
    ));
#1040 = ORIENTED_EDGE('',*,*,#1041,.T.);
#1041 = EDGE_CURVE('',#1034,#954,#1042,.T.);
#1042 = LINE('',#1043,#1044);
#1043 = CARTESIAN_POINT('',(133.29586933548,61.781007568767,
    -15.69128984063));
#1044 = VECTOR('',#1045,1.);
#1045 = DIRECTION('',(-0.403511226121,0.349480545691,-0.845601583831));
#1046 = ORIENTED_EDGE('',*,*,#951,.F.);
#1047 = ORIENTED_EDGE('',*,*,#1048,.T.);
#1048 = EDGE_CURVE('',#952,#1032,#1049,.T.);
#1049 = LINE('',#1050,#1051);
#1050 = CARTESIAN_POINT('',(155.06408398354,67.441987364549,
    26.608843614324));
#1051 = VECTOR('',#1052,1.);
#1052 = DIRECTION('',(0.409216015679,0.538279720659,0.736747714512));
#1053 = PLANE('',#1054);
#1054 = AXIS2_PLACEMENT_3D('',#1055,#1056,#1057);
#1055 = CARTESIAN_POINT('',(144.55475768145,112.17490992611,
    -0.236493038007));
#1056 = DIRECTION('',(-0.890811472048,6.093467170257E-02,0.45026868318)
  );
#1057 = DIRECTION('',(-0.454328339957,-0.105541947331,-0.884560148811));
#1058 = ADVANCED_FACE('',(#1059),#1084,.F.);
#1059 = FACE_BOUND('',#1060,.T.);
#1060 = EDGE_LOOP('',(#1061,#1062,#1070,#1078));
#1061 = ORIENTED_EDGE('',*,*,#1009,.F.);
#1062 = ORIENTED_EDGE('',*,*,#1063,.T.);
#1063 = EDGE_CURVE('',#1002,#1064,#1066,.T.);
#1064 = VERTEX_POINT('',#1065);
#1065 = CARTESIAN_POINT('',(145.56548633821,52.362590008984,
    7.170584993369));
#1066 = LINE('',#1067,#1068);
#1067 = CARTESIAN_POINT('',(158.76252027898,61.781007568767,
    -14.35663921891));
#1068 = VECTOR('',#1069,1.);
#1069 = DIRECTION('',(-0.489690183499,-0.349480545691,0.798790881501));
#1070 = ORIENTED_EDGE('',*,*,#1071,.F.);
#1071 = EDGE_CURVE('',#1072,#1064,#1074,.T.);
#1072 = VERTEX_POINT('',#1073);
#1073 = CARTESIAN_POINT('',(145.57034648746,53.118910176535,
    7.077847821181));
#1074 = LINE('',#1075,#1076);
#1075 = CARTESIAN_POINT('',(145.9498431415,112.17490992611,
    -0.163379707135));
#1076 = VECTOR('',#1077,1.);
#1077 = DIRECTION('',(-6.378148623808E-03,-0.992546151641,0.121702325706
    ));
#1078 = ORIENTED_EDGE('',*,*,#1079,.T.);
#1079 = EDGE_CURVE('',#1072,#1010,#1080,.T.);
#1080 = LINE('',#1081,#1082);
#1081 = CARTESIAN_POINT('',(132.69198624234,67.441987364549,
    25.436371653804));
#1082 = VECTOR('',#1083,1.);
#1083 = DIRECTION('',(0.483985393942,-0.538279720659,-0.689937012182));
#1084 = PLANE('',#1085);
#1085 = AXIS2_PLACEMENT_3D('',#1086,#1087,#1088);
#1086 = CARTESIAN_POINT('',(145.9498431415,112.17490992611,
    -0.163379707135));
#1087 = DIRECTION('',(0.838865620086,6.093467170258E-02,0.540917218456)
  );
#1088 = DIRECTION('',(-0.544301194797,0.105541947331,0.832224192568));
#1089 = ADVANCED_FACE('',(#1090),#1124,.F.);
#1090 = FACE_BOUND('',#1091,.T.);
#1091 = EDGE_LOOP('',(#1092,#1102,#1110,#1118));
#1092 = ORIENTED_EDGE('',*,*,#1093,.T.);
#1093 = EDGE_CURVE('',#1094,#1096,#1098,.T.);
#1094 = VERTEX_POINT('',#1095);
#1095 = CARTESIAN_POINT('',(144.02233677589,54.167633352318,
    6.560265915191));
#1096 = VERTEX_POINT('',#1097);
#1097 = CARTESIAN_POINT('',(144.01972143342,53.76064250663,
    6.610169622318));
#1098 = LINE('',#1099,#1100);
#1099 = CARTESIAN_POINT('',(144.08704613198,64.237486872038,
    5.32553784654));
#1100 = VECTOR('',#1101,1.);
#1101 = DIRECTION('',(-6.378148623808E-03,-0.992546151641,0.121702325706
    ));
#1102 = ORIENTED_EDGE('',*,*,#1103,.T.);
#1103 = EDGE_CURVE('',#1096,#1104,#1106,.T.);
#1104 = VERTEX_POINT('',#1105);
#1105 = CARTESIAN_POINT('',(143.78961358306,53.76064250663,
    6.598110180885));
#1106 = LINE('',#1107,#1108);
#1107 = CARTESIAN_POINT('',(145.99638512896,53.76064250663,6.71376217699
    ));
#1108 = VECTOR('',#1109,1.);
#1109 = DIRECTION('',(-0.998629534755,-1.413873079185E-16,
    -5.233595624294E-02));
#1110 = ORIENTED_EDGE('',*,*,#1111,.F.);
#1111 = EDGE_CURVE('',#1112,#1104,#1114,.T.);
#1112 = VERTEX_POINT('',#1113);
#1113 = CARTESIAN_POINT('',(143.79222892552,54.167633352318,
    6.548206473758));
#1114 = LINE('',#1115,#1116);
#1115 = CARTESIAN_POINT('',(143.85693828162,64.237486872038,
    5.313478405106));
#1116 = VECTOR('',#1117,1.);
#1117 = DIRECTION('',(-6.378148623808E-03,-0.992546151641,0.121702325706
    ));
#1118 = ORIENTED_EDGE('',*,*,#1119,.F.);
#1119 = EDGE_CURVE('',#1094,#1112,#1120,.T.);
#1120 = LINE('',#1121,#1122);
#1121 = CARTESIAN_POINT('',(145.99900047142,54.167633352318,
    6.663858469864));
#1122 = VECTOR('',#1123,1.);
#1123 = DIRECTION('',(-0.998629534755,-1.413873079185E-16,
    -5.233595624294E-02));
#1124 = PLANE('',#1125);
#1125 = AXIS2_PLACEMENT_3D('',#1126,#1127,#1128);
#1126 = CARTESIAN_POINT('',(143.85693828162,64.237486872038,
    5.313478405106));
#1127 = DIRECTION('',(-5.19458519614E-02,0.121869343405,0.991185901636)
  );
#1128 = DIRECTION('',(-0.998629534755,-1.413873079185E-16,
    -5.233595624294E-02));
#1129 = ADVANCED_FACE('',(#1130),#1164,.F.);
#1130 = FACE_BOUND('',#1131,.T.);
#1131 = EDGE_LOOP('',(#1132,#1142,#1150,#1158));
#1132 = ORIENTED_EDGE('',*,*,#1133,.F.);
#1133 = EDGE_CURVE('',#1134,#1136,#1138,.T.);
#1134 = VERTEX_POINT('',#1135);
#1135 = CARTESIAN_POINT('',(145.99638512896,53.76064250663,6.71376217699
    ));
#1136 = VERTEX_POINT('',#1137);
#1137 = CARTESIAN_POINT('',(145.99900047142,54.167633352318,
    6.663858469864));
#1138 = LINE('',#1139,#1140);
#1139 = CARTESIAN_POINT('',(145.96407676787,48.732923437249,
    7.330242431058));
#1140 = VECTOR('',#1141,1.);
#1141 = DIRECTION('',(6.378148623808E-03,0.992546151641,-0.121702325706)
  );
#1142 = ORIENTED_EDGE('',*,*,#1143,.T.);
#1143 = EDGE_CURVE('',#1134,#1144,#1146,.T.);
#1144 = VERTEX_POINT('',#1145);
#1145 = CARTESIAN_POINT('',(145.76627727859,53.76064250663,
    6.701702735557));
#1146 = LINE('',#1147,#1148);
#1147 = CARTESIAN_POINT('',(145.99638512896,53.76064250663,6.71376217699
    ));
#1148 = VECTOR('',#1149,1.);
#1149 = DIRECTION('',(-0.998629534755,-1.413873079185E-16,
    -5.233595624294E-02));
#1150 = ORIENTED_EDGE('',*,*,#1151,.T.);
#1151 = EDGE_CURVE('',#1144,#1152,#1154,.T.);
#1152 = VERTEX_POINT('',#1153);
#1153 = CARTESIAN_POINT('',(145.76889262106,54.167633352318,
    6.651799028431));
#1154 = LINE('',#1155,#1156);
#1155 = CARTESIAN_POINT('',(145.83360197716,64.237486872038,
    5.417070959779));
#1156 = VECTOR('',#1157,1.);
#1157 = DIRECTION('',(6.378148623808E-03,0.992546151641,-0.121702325706)
  );
#1158 = ORIENTED_EDGE('',*,*,#1159,.F.);
#1159 = EDGE_CURVE('',#1136,#1152,#1160,.T.);
#1160 = LINE('',#1161,#1162);
#1161 = CARTESIAN_POINT('',(145.99900047142,54.167633352318,
    6.663858469864));
#1162 = VECTOR('',#1163,1.);
#1163 = DIRECTION('',(-0.998629534755,-1.413873079185E-16,
    -5.233595624294E-02));
#1164 = PLANE('',#1165);
#1165 = AXIS2_PLACEMENT_3D('',#1166,#1167,#1168);
#1166 = CARTESIAN_POINT('',(143.85693828162,64.237486872038,
    5.313478405106));
#1167 = DIRECTION('',(-5.19458519614E-02,0.121869343405,0.991185901636)
  );
#1168 = DIRECTION('',(-0.998629534755,-1.413873079185E-16,
    -5.233595624294E-02));
#1169 = ADVANCED_FACE('',(#1170),#1195,.F.);
#1170 = FACE_BOUND('',#1171,.T.);
#1171 = EDGE_LOOP('',(#1172,#1182,#1188,#1189));
#1172 = ORIENTED_EDGE('',*,*,#1173,.T.);
#1173 = EDGE_CURVE('',#1174,#1176,#1178,.T.);
#1174 = VERTEX_POINT('',#1175);
#1175 = CARTESIAN_POINT('',(144.18336127616,54.379443789119,
    6.850172536664));
#1176 = VERTEX_POINT('',#1177);
#1177 = CARTESIAN_POINT('',(144.17850112691,53.623123621569,
    6.942909708851));
#1178 = LINE('',#1179,#1180);
#1179 = CARTESIAN_POINT('',(144.55475768145,112.17490992611,
    -0.236493038007));
#1180 = VECTOR('',#1181,1.);
#1181 = DIRECTION('',(-6.378148623808E-03,-0.992546151641,0.121702325706
    ));
#1182 = ORIENTED_EDGE('',*,*,#1183,.T.);
#1183 = EDGE_CURVE('',#1176,#1096,#1184,.T.);
#1184 = LINE('',#1185,#1186);
#1185 = CARTESIAN_POINT('',(133.53314833118,62.843049768079,
    -15.36558284796));
#1186 = VECTOR('',#1187,1.);
#1187 = DIRECTION('',(-0.403511226121,0.349480545691,-0.845601583831));
#1188 = ORIENTED_EDGE('',*,*,#1093,.F.);
#1189 = ORIENTED_EDGE('',*,*,#1190,.T.);
#1190 = EDGE_CURVE('',#1094,#1174,#1191,.T.);
#1191 = LINE('',#1192,#1193);
#1192 = CARTESIAN_POINT('',(154.83976538584,68.396798945372,
    26.035837495811));
#1193 = VECTOR('',#1194,1.);
#1194 = DIRECTION('',(0.409216015679,0.538279720659,0.736747714512));
#1195 = PLANE('',#1196);
#1196 = AXIS2_PLACEMENT_3D('',#1197,#1198,#1199);
#1197 = CARTESIAN_POINT('',(144.55475768145,112.17490992611,
    -0.236493038007));
#1198 = DIRECTION('',(-0.890811472048,6.093467170257E-02,0.45026868318)
  );
#1199 = DIRECTION('',(-0.454328339957,-0.105541947331,-0.884560148811));
#1200 = ADVANCED_FACE('',(#1201),#1226,.F.);
#1201 = FACE_BOUND('',#1202,.T.);
#1202 = EDGE_LOOP('',(#1203,#1204,#1212,#1220));
#1203 = ORIENTED_EDGE('',*,*,#1151,.F.);
#1204 = ORIENTED_EDGE('',*,*,#1205,.T.);
#1205 = EDGE_CURVE('',#1144,#1206,#1208,.T.);
#1206 = VERTEX_POINT('',#1207);
#1207 = CARTESIAN_POINT('',(145.57358658696,53.623123621569,
    7.016023039723));
#1208 = LINE('',#1209,#1210);
#1209 = CARTESIAN_POINT('',(158.49249547102,62.843049768078,
    -14.057518892));
#1210 = VECTOR('',#1211,1.);
#1211 = DIRECTION('',(-0.489690183499,-0.349480545691,0.798790881501));
#1212 = ORIENTED_EDGE('',*,*,#1213,.F.);
#1213 = EDGE_CURVE('',#1214,#1206,#1216,.T.);
#1214 = VERTEX_POINT('',#1215);
#1215 = CARTESIAN_POINT('',(145.57844673621,54.379443789119,
    6.923285867535));
#1216 = LINE('',#1217,#1218);
#1217 = CARTESIAN_POINT('',(145.9498431415,112.17490992611,
    -0.163379707135));
#1218 = VECTOR('',#1219,1.);
#1219 = DIRECTION('',(-6.378148623808E-03,-0.992546151641,0.121702325706
    ));
#1220 = ORIENTED_EDGE('',*,*,#1221,.T.);
#1221 = EDGE_CURVE('',#1214,#1152,#1222,.T.);
#1222 = LINE('',#1223,#1224);
#1223 = CARTESIAN_POINT('',(132.9749714483,68.396798945372,
    24.889952201063));
#1224 = VECTOR('',#1225,1.);
#1225 = DIRECTION('',(0.483985393942,-0.538279720659,-0.689937012182));
#1226 = PLANE('',#1227);
#1227 = AXIS2_PLACEMENT_3D('',#1228,#1229,#1230);
#1228 = CARTESIAN_POINT('',(145.9498431415,112.17490992611,
    -0.163379707135));
#1229 = DIRECTION('',(0.838865620086,6.093467170258E-02,0.540917218456)
  );
#1230 = DIRECTION('',(-0.544301194797,0.105541947331,0.832224192568));
#1231 = ADVANCED_FACE('',(#1232),#1266,.F.);
#1232 = FACE_BOUND('',#1233,.T.);
#1233 = EDGE_LOOP('',(#1234,#1244,#1252,#1260));
#1234 = ORIENTED_EDGE('',*,*,#1235,.T.);
#1235 = EDGE_CURVE('',#1236,#1238,#1240,.T.);
#1236 = VERTEX_POINT('',#1237);
#1237 = CARTESIAN_POINT('',(144.03043702464,55.428166964902,
    6.405703961545));
#1238 = VERTEX_POINT('',#1239);
#1239 = CARTESIAN_POINT('',(144.02782168217,55.021176119215,
    6.455607668672));
#1240 = LINE('',#1241,#1242);
#1241 = CARTESIAN_POINT('',(144.08704613198,64.237486872038,
    5.32553784654));
#1242 = VECTOR('',#1243,1.);
#1243 = DIRECTION('',(-6.378148623808E-03,-0.992546151641,0.121702325706
    ));
#1244 = ORIENTED_EDGE('',*,*,#1245,.T.);
#1245 = EDGE_CURVE('',#1238,#1246,#1248,.T.);
#1246 = VERTEX_POINT('',#1247);
#1247 = CARTESIAN_POINT('',(143.79771383181,55.021176119215,
    6.443548227239));
#1248 = LINE('',#1249,#1250);
#1249 = CARTESIAN_POINT('',(146.00448537771,55.021176119215,
    6.559200223344));
#1250 = VECTOR('',#1251,1.);
#1251 = DIRECTION('',(-0.998629534755,-1.413873079185E-16,
    -5.233595624294E-02));
#1252 = ORIENTED_EDGE('',*,*,#1253,.F.);
#1253 = EDGE_CURVE('',#1254,#1246,#1256,.T.);
#1254 = VERTEX_POINT('',#1255);
#1255 = CARTESIAN_POINT('',(143.80032917428,55.428166964902,
    6.393644520112));
#1256 = LINE('',#1257,#1258);
#1257 = CARTESIAN_POINT('',(143.85693828162,64.237486872038,
    5.313478405106));
#1258 = VECTOR('',#1259,1.);
#1259 = DIRECTION('',(-6.378148623808E-03,-0.992546151641,0.121702325706
    ));
#1260 = ORIENTED_EDGE('',*,*,#1261,.F.);
#1261 = EDGE_CURVE('',#1236,#1254,#1262,.T.);
#1262 = LINE('',#1263,#1264);
#1263 = CARTESIAN_POINT('',(146.00710072018,55.428166964902,
    6.509296516218));
#1264 = VECTOR('',#1265,1.);
#1265 = DIRECTION('',(-0.998629534755,-1.413873079185E-16,
    -5.233595624294E-02));
#1266 = PLANE('',#1267);
#1267 = AXIS2_PLACEMENT_3D('',#1268,#1269,#1270);
#1268 = CARTESIAN_POINT('',(143.85693828162,64.237486872038,
    5.313478405106));
#1269 = DIRECTION('',(-5.19458519614E-02,0.121869343405,0.991185901636)
  );
#1270 = DIRECTION('',(-0.998629534755,-1.413873079185E-16,
    -5.233595624294E-02));
#1271 = ADVANCED_FACE('',(#1272),#1306,.F.);
#1272 = FACE_BOUND('',#1273,.T.);
#1273 = EDGE_LOOP('',(#1274,#1284,#1292,#1300));
#1274 = ORIENTED_EDGE('',*,*,#1275,.F.);
#1275 = EDGE_CURVE('',#1276,#1278,#1280,.T.);
#1276 = VERTEX_POINT('',#1277);
#1277 = CARTESIAN_POINT('',(146.00448537771,55.021176119215,
    6.559200223344));
#1278 = VERTEX_POINT('',#1279);
#1279 = CARTESIAN_POINT('',(146.00710072018,55.428166964902,
    6.509296516218));
#1280 = LINE('',#1281,#1282);
#1281 = CARTESIAN_POINT('',(145.96407676787,48.732923437249,
    7.330242431058));
#1282 = VECTOR('',#1283,1.);
#1283 = DIRECTION('',(6.378148623808E-03,0.992546151641,-0.121702325706)
  );
#1284 = ORIENTED_EDGE('',*,*,#1285,.T.);
#1285 = EDGE_CURVE('',#1276,#1286,#1288,.T.);
#1286 = VERTEX_POINT('',#1287);
#1287 = CARTESIAN_POINT('',(145.77437752735,55.021176119215,
    6.547140781911));
#1288 = LINE('',#1289,#1290);
#1289 = CARTESIAN_POINT('',(146.00448537771,55.021176119215,
    6.559200223344));
#1290 = VECTOR('',#1291,1.);
#1291 = DIRECTION('',(-0.998629534755,-1.413873079185E-16,
    -5.233595624294E-02));
#1292 = ORIENTED_EDGE('',*,*,#1293,.T.);
#1293 = EDGE_CURVE('',#1286,#1294,#1296,.T.);
#1294 = VERTEX_POINT('',#1295);
#1295 = CARTESIAN_POINT('',(145.77699286981,55.428166964902,
    6.497237074785));
#1296 = LINE('',#1297,#1298);
#1297 = CARTESIAN_POINT('',(145.83360197716,64.237486872038,
    5.417070959779));
#1298 = VECTOR('',#1299,1.);
#1299 = DIRECTION('',(6.378148623808E-03,0.992546151641,-0.121702325706)
  );
#1300 = ORIENTED_EDGE('',*,*,#1301,.F.);
#1301 = EDGE_CURVE('',#1278,#1294,#1302,.T.);
#1302 = LINE('',#1303,#1304);
#1303 = CARTESIAN_POINT('',(146.00710072018,55.428166964902,
    6.509296516218));
#1304 = VECTOR('',#1305,1.);
#1305 = DIRECTION('',(-0.998629534755,-1.413873079185E-16,
    -5.233595624294E-02));
#1306 = PLANE('',#1307);
#1307 = AXIS2_PLACEMENT_3D('',#1308,#1309,#1310);
#1308 = CARTESIAN_POINT('',(143.85693828162,64.237486872038,
    5.313478405106));
#1309 = DIRECTION('',(-5.19458519614E-02,0.121869343405,0.991185901636)
  );
#1310 = DIRECTION('',(-0.998629534755,-1.413873079185E-16,
    -5.233595624294E-02));
#1311 = ADVANCED_FACE('',(#1312),#1337,.F.);
#1312 = FACE_BOUND('',#1313,.T.);
#1313 = EDGE_LOOP('',(#1314,#1324,#1330,#1331));
#1314 = ORIENTED_EDGE('',*,*,#1315,.T.);
#1315 = EDGE_CURVE('',#1316,#1318,#1320,.T.);
#1316 = VERTEX_POINT('',#1317);
#1317 = CARTESIAN_POINT('',(144.19146152491,55.639977401704,
    6.695610583017));
#1318 = VERTEX_POINT('',#1319);
#1319 = CARTESIAN_POINT('',(144.18660137566,54.883657234153,
    6.788347755205));
#1320 = LINE('',#1321,#1322);
#1321 = CARTESIAN_POINT('',(144.55475768145,112.17490992611,
    -0.236493038007));
#1322 = VECTOR('',#1323,1.);
#1323 = DIRECTION('',(-6.378148623808E-03,-0.992546151641,0.121702325706
    ));
#1324 = ORIENTED_EDGE('',*,*,#1325,.T.);
#1325 = EDGE_CURVE('',#1318,#1238,#1326,.T.);
#1326 = LINE('',#1327,#1328);
#1327 = CARTESIAN_POINT('',(133.77042732688,63.90509196739,
    -15.03987585528));
#1328 = VECTOR('',#1329,1.);
#1329 = DIRECTION('',(-0.403511226121,0.349480545691,-0.845601583831));
#1330 = ORIENTED_EDGE('',*,*,#1235,.F.);
#1331 = ORIENTED_EDGE('',*,*,#1332,.T.);
#1332 = EDGE_CURVE('',#1236,#1316,#1333,.T.);
#1333 = LINE('',#1334,#1335);
#1334 = CARTESIAN_POINT('',(154.61544678815,69.351610526195,
    25.462831377298));
#1335 = VECTOR('',#1336,1.);
#1336 = DIRECTION('',(0.409216015679,0.538279720659,0.736747714512));
#1337 = PLANE('',#1338);
#1338 = AXIS2_PLACEMENT_3D('',#1339,#1340,#1341);
#1339 = CARTESIAN_POINT('',(144.55475768145,112.17490992611,
    -0.236493038007));
#1340 = DIRECTION('',(-0.890811472048,6.093467170257E-02,0.45026868318)
  );
#1341 = DIRECTION('',(-0.454328339957,-0.105541947331,-0.884560148811));
#1342 = ADVANCED_FACE('',(#1343),#1368,.F.);
#1343 = FACE_BOUND('',#1344,.T.);
#1344 = EDGE_LOOP('',(#1345,#1346,#1354,#1362));
#1345 = ORIENTED_EDGE('',*,*,#1293,.F.);
#1346 = ORIENTED_EDGE('',*,*,#1347,.T.);
#1347 = EDGE_CURVE('',#1286,#1348,#1350,.T.);
#1348 = VERTEX_POINT('',#1349);
#1349 = CARTESIAN_POINT('',(145.58168683572,54.883657234153,
    6.861461086076));
#1350 = LINE('',#1351,#1352);
#1351 = CARTESIAN_POINT('',(158.22247066307,63.90509196739,
    -13.75839856509));
#1352 = VECTOR('',#1353,1.);
#1353 = DIRECTION('',(-0.489690183499,-0.349480545691,0.798790881501));
#1354 = ORIENTED_EDGE('',*,*,#1355,.F.);
#1355 = EDGE_CURVE('',#1356,#1348,#1358,.T.);
#1356 = VERTEX_POINT('',#1357);
#1357 = CARTESIAN_POINT('',(145.58654698497,55.639977401704,
    6.768723913889));
#1358 = LINE('',#1359,#1360);
#1359 = CARTESIAN_POINT('',(145.9498431415,112.17490992611,
    -0.163379707135));
#1360 = VECTOR('',#1361,1.);
#1361 = DIRECTION('',(-6.378148623808E-03,-0.992546151641,0.121702325706
    ));
#1362 = ORIENTED_EDGE('',*,*,#1363,.T.);
#1363 = EDGE_CURVE('',#1356,#1294,#1364,.T.);
#1364 = LINE('',#1365,#1366);
#1365 = CARTESIAN_POINT('',(133.25795665426,69.351610526195,
    24.343532748321));
#1366 = VECTOR('',#1367,1.);
#1367 = DIRECTION('',(0.483985393942,-0.538279720659,-0.689937012182));
#1368 = PLANE('',#1369);
#1369 = AXIS2_PLACEMENT_3D('',#1370,#1371,#1372);
#1370 = CARTESIAN_POINT('',(145.9498431415,112.17490992611,
    -0.163379707135));
#1371 = DIRECTION('',(0.838865620086,6.093467170258E-02,0.540917218456)
  );
#1372 = DIRECTION('',(-0.544301194797,0.105541947331,0.832224192568));
#1373 = ADVANCED_FACE('',(#1374),#1408,.F.);
#1374 = FACE_BOUND('',#1375,.T.);
#1375 = EDGE_LOOP('',(#1376,#1386,#1394,#1402));
#1376 = ORIENTED_EDGE('',*,*,#1377,.T.);
#1377 = EDGE_CURVE('',#1378,#1380,#1382,.T.);
#1378 = VERTEX_POINT('',#1379);
#1379 = CARTESIAN_POINT('',(144.03853727339,56.688700577487,
    6.251142007899));
#1380 = VERTEX_POINT('',#1381);
#1381 = CARTESIAN_POINT('',(144.03592193092,56.281709731799,
    6.301045715026));
#1382 = LINE('',#1383,#1384);
#1383 = CARTESIAN_POINT('',(144.08704613198,64.237486872038,
    5.32553784654));
#1384 = VECTOR('',#1385,1.);
#1385 = DIRECTION('',(-6.378148623808E-03,-0.992546151641,0.121702325706
    ));
#1386 = ORIENTED_EDGE('',*,*,#1387,.T.);
#1387 = EDGE_CURVE('',#1380,#1388,#1390,.T.);
#1388 = VERTEX_POINT('',#1389);
#1389 = CARTESIAN_POINT('',(143.80581408056,56.281709731799,
    6.288986273593));
#1390 = LINE('',#1391,#1392);
#1391 = CARTESIAN_POINT('',(146.01258562646,56.281709731799,
    6.404638269698));
#1392 = VECTOR('',#1393,1.);
#1393 = DIRECTION('',(-0.998629534755,-1.413873079185E-16,
    -5.233595624294E-02));
#1394 = ORIENTED_EDGE('',*,*,#1395,.F.);
#1395 = EDGE_CURVE('',#1396,#1388,#1398,.T.);
#1396 = VERTEX_POINT('',#1397);
#1397 = CARTESIAN_POINT('',(143.80842942303,56.688700577487,
    6.239082566466));
#1398 = LINE('',#1399,#1400);
#1399 = CARTESIAN_POINT('',(143.85693828162,64.237486872038,
    5.313478405106));
#1400 = VECTOR('',#1401,1.);
#1401 = DIRECTION('',(-6.378148623808E-03,-0.992546151641,0.121702325706
    ));
#1402 = ORIENTED_EDGE('',*,*,#1403,.F.);
#1403 = EDGE_CURVE('',#1378,#1396,#1404,.T.);
#1404 = LINE('',#1405,#1406);
#1405 = CARTESIAN_POINT('',(146.01520096893,56.688700577487,
    6.354734562572));
#1406 = VECTOR('',#1407,1.);
#1407 = DIRECTION('',(-0.998629534755,-1.413873079185E-16,
    -5.233595624294E-02));
#1408 = PLANE('',#1409);
#1409 = AXIS2_PLACEMENT_3D('',#1410,#1411,#1412);
#1410 = CARTESIAN_POINT('',(143.85693828162,64.237486872038,
    5.313478405106));
#1411 = DIRECTION('',(-5.19458519614E-02,0.121869343405,0.991185901636)
  );
#1412 = DIRECTION('',(-0.998629534755,-1.413873079185E-16,
    -5.233595624294E-02));
#1413 = ADVANCED_FACE('',(#1414),#1448,.F.);
#1414 = FACE_BOUND('',#1415,.T.);
#1415 = EDGE_LOOP('',(#1416,#1426,#1434,#1442));
#1416 = ORIENTED_EDGE('',*,*,#1417,.F.);
#1417 = EDGE_CURVE('',#1418,#1420,#1422,.T.);
#1418 = VERTEX_POINT('',#1419);
#1419 = CARTESIAN_POINT('',(146.01258562646,56.281709731799,
    6.404638269698));
#1420 = VERTEX_POINT('',#1421);
#1421 = CARTESIAN_POINT('',(146.01520096893,56.688700577487,
    6.354734562572));
#1422 = LINE('',#1423,#1424);
#1423 = CARTESIAN_POINT('',(145.96407676787,48.732923437249,
    7.330242431058));
#1424 = VECTOR('',#1425,1.);
#1425 = DIRECTION('',(6.378148623808E-03,0.992546151641,-0.121702325706)
  );
#1426 = ORIENTED_EDGE('',*,*,#1427,.T.);
#1427 = EDGE_CURVE('',#1418,#1428,#1430,.T.);
#1428 = VERTEX_POINT('',#1429);
#1429 = CARTESIAN_POINT('',(145.7824777761,56.281709731799,
    6.392578828265));
#1430 = LINE('',#1431,#1432);
#1431 = CARTESIAN_POINT('',(146.01258562646,56.281709731799,
    6.404638269698));
#1432 = VECTOR('',#1433,1.);
#1433 = DIRECTION('',(-0.998629534755,-1.413873079185E-16,
    -5.233595624294E-02));
#1434 = ORIENTED_EDGE('',*,*,#1435,.T.);
#1435 = EDGE_CURVE('',#1428,#1436,#1438,.T.);
#1436 = VERTEX_POINT('',#1437);
#1437 = CARTESIAN_POINT('',(145.78509311857,56.688700577487,
    6.342675121139));
#1438 = LINE('',#1439,#1440);
#1439 = CARTESIAN_POINT('',(145.83360197716,64.237486872038,
    5.417070959779));
#1440 = VECTOR('',#1441,1.);
#1441 = DIRECTION('',(6.378148623808E-03,0.992546151641,-0.121702325706)
  );
#1442 = ORIENTED_EDGE('',*,*,#1443,.F.);
#1443 = EDGE_CURVE('',#1420,#1436,#1444,.T.);
#1444 = LINE('',#1445,#1446);
#1445 = CARTESIAN_POINT('',(146.01520096893,56.688700577487,
    6.354734562572));
#1446 = VECTOR('',#1447,1.);
#1447 = DIRECTION('',(-0.998629534755,-1.413873079185E-16,
    -5.233595624294E-02));
#1448 = PLANE('',#1449);
#1449 = AXIS2_PLACEMENT_3D('',#1450,#1451,#1452);
#1450 = CARTESIAN_POINT('',(143.85693828162,64.237486872038,
    5.313478405106));
#1451 = DIRECTION('',(-5.19458519614E-02,0.121869343405,0.991185901636)
  );
#1452 = DIRECTION('',(-0.998629534755,-1.413873079185E-16,
    -5.233595624294E-02));
#1453 = ADVANCED_FACE('',(#1454),#1479,.F.);
#1454 = FACE_BOUND('',#1455,.T.);
#1455 = EDGE_LOOP('',(#1456,#1466,#1472,#1473));
#1456 = ORIENTED_EDGE('',*,*,#1457,.T.);
#1457 = EDGE_CURVE('',#1458,#1460,#1462,.T.);
#1458 = VERTEX_POINT('',#1459);
#1459 = CARTESIAN_POINT('',(144.19956177367,56.900511014288,
    6.541048629371));
#1460 = VERTEX_POINT('',#1461);
#1461 = CARTESIAN_POINT('',(144.19470162442,56.144190846738,
    6.633785801559));
#1462 = LINE('',#1463,#1464);
#1463 = CARTESIAN_POINT('',(144.55475768145,112.17490992611,
    -0.236493038007));
#1464 = VECTOR('',#1465,1.);
#1465 = DIRECTION('',(-6.378148623808E-03,-0.992546151641,0.121702325706
    ));
#1466 = ORIENTED_EDGE('',*,*,#1467,.T.);
#1467 = EDGE_CURVE('',#1460,#1380,#1468,.T.);
#1468 = LINE('',#1469,#1470);
#1469 = CARTESIAN_POINT('',(134.00770632258,64.967134166702,
    -14.7141688626));
#1470 = VECTOR('',#1471,1.);
#1471 = DIRECTION('',(-0.403511226121,0.349480545691,-0.845601583831));
#1472 = ORIENTED_EDGE('',*,*,#1377,.F.);
#1473 = ORIENTED_EDGE('',*,*,#1474,.T.);
#1474 = EDGE_CURVE('',#1378,#1458,#1475,.T.);
#1475 = LINE('',#1476,#1477);
#1476 = CARTESIAN_POINT('',(154.39112819045,70.306422107019,
    24.889825258785));
#1477 = VECTOR('',#1478,1.);
#1478 = DIRECTION('',(0.409216015679,0.538279720659,0.736747714512));
#1479 = PLANE('',#1480);
#1480 = AXIS2_PLACEMENT_3D('',#1481,#1482,#1483);
#1481 = CARTESIAN_POINT('',(144.55475768145,112.17490992611,
    -0.236493038007));
#1482 = DIRECTION('',(-0.890811472048,6.093467170257E-02,0.45026868318)
  );
#1483 = DIRECTION('',(-0.454328339957,-0.105541947331,-0.884560148811));
#1484 = ADVANCED_FACE('',(#1485),#1510,.F.);
#1485 = FACE_BOUND('',#1486,.T.);
#1486 = EDGE_LOOP('',(#1487,#1488,#1496,#1504));
#1487 = ORIENTED_EDGE('',*,*,#1435,.F.);
#1488 = ORIENTED_EDGE('',*,*,#1489,.T.);
#1489 = EDGE_CURVE('',#1428,#1490,#1492,.T.);
#1490 = VERTEX_POINT('',#1491);
#1491 = CARTESIAN_POINT('',(145.58978708447,56.144190846738,
    6.70689913243));
#1492 = LINE('',#1493,#1494);
#1493 = CARTESIAN_POINT('',(157.95244585511,64.967134166702,
    -13.45927823819));
#1494 = VECTOR('',#1495,1.);
#1495 = DIRECTION('',(-0.489690183499,-0.349480545691,0.798790881501));
#1496 = ORIENTED_EDGE('',*,*,#1497,.F.);
#1497 = EDGE_CURVE('',#1498,#1490,#1500,.T.);
#1498 = VERTEX_POINT('',#1499);
#1499 = CARTESIAN_POINT('',(145.59464723372,56.900511014288,
    6.614161960243));
#1500 = LINE('',#1501,#1502);
#1501 = CARTESIAN_POINT('',(145.9498431415,112.17490992611,
    -0.163379707135));
#1502 = VECTOR('',#1503,1.);
#1503 = DIRECTION('',(-6.378148623808E-03,-0.992546151641,0.121702325706
    ));
#1504 = ORIENTED_EDGE('',*,*,#1505,.T.);
#1505 = EDGE_CURVE('',#1498,#1436,#1506,.T.);
#1506 = LINE('',#1507,#1508);
#1507 = CARTESIAN_POINT('',(133.54094186021,70.306422107018,
    23.79711329558));
#1508 = VECTOR('',#1509,1.);
#1509 = DIRECTION('',(0.483985393942,-0.538279720659,-0.689937012182));
#1510 = PLANE('',#1511);
#1511 = AXIS2_PLACEMENT_3D('',#1512,#1513,#1514);
#1512 = CARTESIAN_POINT('',(145.9498431415,112.17490992611,
    -0.163379707135));
#1513 = DIRECTION('',(0.838865620086,6.093467170258E-02,0.540917218456)
  );
#1514 = DIRECTION('',(-0.544301194797,0.105541947331,0.832224192568));
#1515 = ADVANCED_FACE('',(#1516),#1550,.F.);
#1516 = FACE_BOUND('',#1517,.T.);
#1517 = EDGE_LOOP('',(#1518,#1528,#1536,#1544));
#1518 = ORIENTED_EDGE('',*,*,#1519,.T.);
#1519 = EDGE_CURVE('',#1520,#1522,#1524,.T.);
#1520 = VERTEX_POINT('',#1521);
#1521 = CARTESIAN_POINT('',(144.04663752214,57.949234190071,
    6.096580054253));
#1522 = VERTEX_POINT('',#1523);
#1523 = CARTESIAN_POINT('',(144.04402217968,57.542243344384,
    6.14648376138));
#1524 = LINE('',#1525,#1526);
#1525 = CARTESIAN_POINT('',(144.08704613198,64.237486872038,
    5.32553784654));
#1526 = VECTOR('',#1527,1.);
#1527 = DIRECTION('',(-6.378148623808E-03,-0.992546151641,0.121702325706
    ));
#1528 = ORIENTED_EDGE('',*,*,#1529,.T.);
#1529 = EDGE_CURVE('',#1522,#1530,#1532,.T.);
#1530 = VERTEX_POINT('',#1531);
#1531 = CARTESIAN_POINT('',(143.81391432931,57.542243344384,
    6.134424319947));
#1532 = LINE('',#1533,#1534);
#1533 = CARTESIAN_POINT('',(146.02068587521,57.542243344384,
    6.250076316052));
#1534 = VECTOR('',#1535,1.);
#1535 = DIRECTION('',(-0.998629534755,-1.413873079185E-16,
    -5.233595624294E-02));
#1536 = ORIENTED_EDGE('',*,*,#1537,.F.);
#1537 = EDGE_CURVE('',#1538,#1530,#1540,.T.);
#1538 = VERTEX_POINT('',#1539);
#1539 = CARTESIAN_POINT('',(143.81652967178,57.949234190071,
    6.08452061282));
#1540 = LINE('',#1541,#1542);
#1541 = CARTESIAN_POINT('',(143.85693828162,64.237486872038,
    5.313478405106));
#1542 = VECTOR('',#1543,1.);
#1543 = DIRECTION('',(-6.378148623808E-03,-0.992546151641,0.121702325706
    ));
#1544 = ORIENTED_EDGE('',*,*,#1545,.F.);
#1545 = EDGE_CURVE('',#1520,#1538,#1546,.T.);
#1546 = LINE('',#1547,#1548);
#1547 = CARTESIAN_POINT('',(146.02330121768,57.949234190071,
    6.200172608926));
#1548 = VECTOR('',#1549,1.);
#1549 = DIRECTION('',(-0.998629534755,-1.413873079185E-16,
    -5.233595624294E-02));
#1550 = PLANE('',#1551);
#1551 = AXIS2_PLACEMENT_3D('',#1552,#1553,#1554);
#1552 = CARTESIAN_POINT('',(143.85693828162,64.237486872038,
    5.313478405106));
#1553 = DIRECTION('',(-5.19458519614E-02,0.121869343405,0.991185901636)
  );
#1554 = DIRECTION('',(-0.998629534755,-1.413873079185E-16,
    -5.233595624294E-02));
#1555 = ADVANCED_FACE('',(#1556),#1590,.F.);
#1556 = FACE_BOUND('',#1557,.T.);
#1557 = EDGE_LOOP('',(#1558,#1568,#1576,#1584));
#1558 = ORIENTED_EDGE('',*,*,#1559,.F.);
#1559 = EDGE_CURVE('',#1560,#1562,#1564,.T.);
#1560 = VERTEX_POINT('',#1561);
#1561 = CARTESIAN_POINT('',(146.02068587521,57.542243344384,
    6.250076316052));
#1562 = VERTEX_POINT('',#1563);
#1563 = CARTESIAN_POINT('',(146.02330121768,57.949234190071,
    6.200172608926));
#1564 = LINE('',#1565,#1566);
#1565 = CARTESIAN_POINT('',(145.96407676787,48.732923437249,
    7.330242431058));
#1566 = VECTOR('',#1567,1.);
#1567 = DIRECTION('',(6.378148623808E-03,0.992546151641,-0.121702325706)
  );
#1568 = ORIENTED_EDGE('',*,*,#1569,.T.);
#1569 = EDGE_CURVE('',#1560,#1570,#1572,.T.);
#1570 = VERTEX_POINT('',#1571);
#1571 = CARTESIAN_POINT('',(145.79057802485,57.542243344384,
    6.238016874619));
#1572 = LINE('',#1573,#1574);
#1573 = CARTESIAN_POINT('',(146.02068587521,57.542243344384,
    6.250076316052));
#1574 = VECTOR('',#1575,1.);
#1575 = DIRECTION('',(-0.998629534755,-1.413873079185E-16,
    -5.233595624294E-02));
#1576 = ORIENTED_EDGE('',*,*,#1577,.T.);
#1577 = EDGE_CURVE('',#1570,#1578,#1580,.T.);
#1578 = VERTEX_POINT('',#1579);
#1579 = CARTESIAN_POINT('',(145.79319336732,57.949234190071,
    6.188113167493));
#1580 = LINE('',#1581,#1582);
#1581 = CARTESIAN_POINT('',(145.83360197716,64.237486872038,
    5.417070959779));
#1582 = VECTOR('',#1583,1.);
#1583 = DIRECTION('',(6.378148623808E-03,0.992546151641,-0.121702325706)
  );
#1584 = ORIENTED_EDGE('',*,*,#1585,.F.);
#1585 = EDGE_CURVE('',#1562,#1578,#1586,.T.);
#1586 = LINE('',#1587,#1588);
#1587 = CARTESIAN_POINT('',(146.02330121768,57.949234190071,
    6.200172608926));
#1588 = VECTOR('',#1589,1.);
#1589 = DIRECTION('',(-0.998629534755,-1.413873079185E-16,
    -5.233595624294E-02));
#1590 = PLANE('',#1591);
#1591 = AXIS2_PLACEMENT_3D('',#1592,#1593,#1594);
#1592 = CARTESIAN_POINT('',(143.85693828162,64.237486872038,
    5.313478405106));
#1593 = DIRECTION('',(-5.19458519614E-02,0.121869343405,0.991185901636)
  );
#1594 = DIRECTION('',(-0.998629534755,-1.413873079185E-16,
    -5.233595624294E-02));
#1595 = ADVANCED_FACE('',(#1596),#1621,.F.);
#1596 = FACE_BOUND('',#1597,.T.);
#1597 = EDGE_LOOP('',(#1598,#1608,#1614,#1615));
#1598 = ORIENTED_EDGE('',*,*,#1599,.T.);
#1599 = EDGE_CURVE('',#1600,#1602,#1604,.T.);
#1600 = VERTEX_POINT('',#1601);
#1601 = CARTESIAN_POINT('',(144.20766202242,58.161044626873,
    6.386486675725));
#1602 = VERTEX_POINT('',#1603);
#1603 = CARTESIAN_POINT('',(144.20280187317,57.404724459322,
    6.479223847913));
#1604 = LINE('',#1605,#1606);
#1605 = CARTESIAN_POINT('',(144.55475768145,112.17490992611,
    -0.236493038007));
#1606 = VECTOR('',#1607,1.);
#1607 = DIRECTION('',(-6.378148623808E-03,-0.992546151641,0.121702325706
    ));
#1608 = ORIENTED_EDGE('',*,*,#1609,.T.);
#1609 = EDGE_CURVE('',#1602,#1522,#1610,.T.);
#1610 = LINE('',#1611,#1612);
#1611 = CARTESIAN_POINT('',(134.24498531828,66.029176366014,
    -14.38846186992));
#1612 = VECTOR('',#1613,1.);
#1613 = DIRECTION('',(-0.403511226121,0.349480545691,-0.845601583831));
#1614 = ORIENTED_EDGE('',*,*,#1519,.F.);
#1615 = ORIENTED_EDGE('',*,*,#1616,.T.);
#1616 = EDGE_CURVE('',#1520,#1600,#1617,.T.);
#1617 = LINE('',#1618,#1619);
#1618 = CARTESIAN_POINT('',(154.16680959275,71.261233687842,
    24.316819140272));
#1619 = VECTOR('',#1620,1.);
#1620 = DIRECTION('',(0.409216015679,0.538279720659,0.736747714512));
#1621 = PLANE('',#1622);
#1622 = AXIS2_PLACEMENT_3D('',#1623,#1624,#1625);
#1623 = CARTESIAN_POINT('',(144.55475768145,112.17490992611,
    -0.236493038007));
#1624 = DIRECTION('',(-0.890811472048,6.093467170257E-02,0.45026868318)
  );
#1625 = DIRECTION('',(-0.454328339957,-0.105541947331,-0.884560148811));
#1626 = ADVANCED_FACE('',(#1627),#1652,.F.);
#1627 = FACE_BOUND('',#1628,.T.);
#1628 = EDGE_LOOP('',(#1629,#1630,#1638,#1646));
#1629 = ORIENTED_EDGE('',*,*,#1577,.F.);
#1630 = ORIENTED_EDGE('',*,*,#1631,.T.);
#1631 = EDGE_CURVE('',#1570,#1632,#1634,.T.);
#1632 = VERTEX_POINT('',#1633);
#1633 = CARTESIAN_POINT('',(145.59788733322,57.404724459322,
    6.552337178784));
#1634 = LINE('',#1635,#1636);
#1635 = CARTESIAN_POINT('',(157.68242104715,66.029176366014,
    -13.16015791128));
#1636 = VECTOR('',#1637,1.);
#1637 = DIRECTION('',(-0.489690183499,-0.349480545691,0.798790881501));
#1638 = ORIENTED_EDGE('',*,*,#1639,.F.);
#1639 = EDGE_CURVE('',#1640,#1632,#1642,.T.);
#1640 = VERTEX_POINT('',#1641);
#1641 = CARTESIAN_POINT('',(145.60274748247,58.161044626873,
    6.459600006597));
#1642 = LINE('',#1643,#1644);
#1643 = CARTESIAN_POINT('',(145.9498431415,112.17490992611,
    -0.163379707135));
#1644 = VECTOR('',#1645,1.);
#1645 = DIRECTION('',(-6.378148623808E-03,-0.992546151641,0.121702325706
    ));
#1646 = ORIENTED_EDGE('',*,*,#1647,.T.);
#1647 = EDGE_CURVE('',#1640,#1578,#1648,.T.);
#1648 = LINE('',#1649,#1650);
#1649 = CARTESIAN_POINT('',(133.82392706617,71.261233687842,
    23.250693842838));
#1650 = VECTOR('',#1651,1.);
#1651 = DIRECTION('',(0.483985393942,-0.538279720659,-0.689937012182));
#1652 = PLANE('',#1653);
#1653 = AXIS2_PLACEMENT_3D('',#1654,#1655,#1656);
#1654 = CARTESIAN_POINT('',(145.9498431415,112.17490992611,
    -0.163379707135));
#1655 = DIRECTION('',(0.838865620086,6.093467170258E-02,0.540917218456)
  );
#1656 = DIRECTION('',(-0.544301194797,0.105541947331,0.832224192568));
#1657 = ADVANCED_FACE('',(#1658),#1692,.F.);
#1658 = FACE_BOUND('',#1659,.T.);
#1659 = EDGE_LOOP('',(#1660,#1670,#1678,#1686));
#1660 = ORIENTED_EDGE('',*,*,#1661,.T.);
#1661 = EDGE_CURVE('',#1662,#1664,#1666,.T.);
#1662 = VERTEX_POINT('',#1663);
#1663 = CARTESIAN_POINT('',(144.0547377709,59.209767802656,
    5.942018100607));
#1664 = VERTEX_POINT('',#1665);
#1665 = CARTESIAN_POINT('',(144.05212242843,58.802776956968,
    5.991921807734));
#1666 = LINE('',#1667,#1668);
#1667 = CARTESIAN_POINT('',(144.08704613198,64.237486872038,
    5.32553784654));
#1668 = VECTOR('',#1669,1.);
#1669 = DIRECTION('',(-6.378148623808E-03,-0.992546151641,0.121702325706
    ));
#1670 = ORIENTED_EDGE('',*,*,#1671,.T.);
#1671 = EDGE_CURVE('',#1664,#1672,#1674,.T.);
#1672 = VERTEX_POINT('',#1673);
#1673 = CARTESIAN_POINT('',(143.82201457806,58.802776956968,
    5.979862366301));
#1674 = LINE('',#1675,#1676);
#1675 = CARTESIAN_POINT('',(146.02878612397,58.802776956968,
    6.095514362406));
#1676 = VECTOR('',#1677,1.);
#1677 = DIRECTION('',(-0.998629534755,-1.413873079185E-16,
    -5.233595624294E-02));
#1678 = ORIENTED_EDGE('',*,*,#1679,.F.);
#1679 = EDGE_CURVE('',#1680,#1672,#1682,.T.);
#1680 = VERTEX_POINT('',#1681);
#1681 = CARTESIAN_POINT('',(143.82462992053,59.209767802656,
    5.929958659174));
#1682 = LINE('',#1683,#1684);
#1683 = CARTESIAN_POINT('',(143.85693828162,64.237486872038,
    5.313478405106));
#1684 = VECTOR('',#1685,1.);
#1685 = DIRECTION('',(-6.378148623808E-03,-0.992546151641,0.121702325706
    ));
#1686 = ORIENTED_EDGE('',*,*,#1687,.F.);
#1687 = EDGE_CURVE('',#1662,#1680,#1688,.T.);
#1688 = LINE('',#1689,#1690);
#1689 = CARTESIAN_POINT('',(146.03140146643,59.209767802656,
    6.04561065528));
#1690 = VECTOR('',#1691,1.);
#1691 = DIRECTION('',(-0.998629534755,-1.413873079185E-16,
    -5.233595624294E-02));
#1692 = PLANE('',#1693);
#1693 = AXIS2_PLACEMENT_3D('',#1694,#1695,#1696);
#1694 = CARTESIAN_POINT('',(143.85693828162,64.237486872038,
    5.313478405106));
#1695 = DIRECTION('',(-5.19458519614E-02,0.121869343405,0.991185901636)
  );
#1696 = DIRECTION('',(-0.998629534755,-1.413873079185E-16,
    -5.233595624294E-02));
#1697 = ADVANCED_FACE('',(#1698),#1732,.F.);
#1698 = FACE_BOUND('',#1699,.T.);
#1699 = EDGE_LOOP('',(#1700,#1710,#1718,#1726));
#1700 = ORIENTED_EDGE('',*,*,#1701,.F.);
#1701 = EDGE_CURVE('',#1702,#1704,#1706,.T.);
#1702 = VERTEX_POINT('',#1703);
#1703 = CARTESIAN_POINT('',(146.02878612397,58.802776956968,
    6.095514362406));
#1704 = VERTEX_POINT('',#1705);
#1705 = CARTESIAN_POINT('',(146.03140146643,59.209767802656,
    6.04561065528));
#1706 = LINE('',#1707,#1708);
#1707 = CARTESIAN_POINT('',(145.96407676787,48.732923437249,
    7.330242431058));
#1708 = VECTOR('',#1709,1.);
#1709 = DIRECTION('',(6.378148623808E-03,0.992546151641,-0.121702325706)
  );
#1710 = ORIENTED_EDGE('',*,*,#1711,.T.);
#1711 = EDGE_CURVE('',#1702,#1712,#1714,.T.);
#1712 = VERTEX_POINT('',#1713);
#1713 = CARTESIAN_POINT('',(145.7986782736,58.802776956968,
    6.083454920973));
#1714 = LINE('',#1715,#1716);
#1715 = CARTESIAN_POINT('',(146.02878612397,58.802776956968,
    6.095514362406));
#1716 = VECTOR('',#1717,1.);
#1717 = DIRECTION('',(-0.998629534755,-1.413873079185E-16,
    -5.233595624294E-02));
#1718 = ORIENTED_EDGE('',*,*,#1719,.T.);
#1719 = EDGE_CURVE('',#1712,#1720,#1722,.T.);
#1720 = VERTEX_POINT('',#1721);
#1721 = CARTESIAN_POINT('',(145.80129361607,59.209767802656,
    6.033551213847));
#1722 = LINE('',#1723,#1724);
#1723 = CARTESIAN_POINT('',(145.83360197716,64.237486872038,
    5.417070959779));
#1724 = VECTOR('',#1725,1.);
#1725 = DIRECTION('',(6.378148623808E-03,0.992546151641,-0.121702325706)
  );
#1726 = ORIENTED_EDGE('',*,*,#1727,.F.);
#1727 = EDGE_CURVE('',#1704,#1720,#1728,.T.);
#1728 = LINE('',#1729,#1730);
#1729 = CARTESIAN_POINT('',(146.03140146643,59.209767802656,
    6.04561065528));
#1730 = VECTOR('',#1731,1.);
#1731 = DIRECTION('',(-0.998629534755,-1.413873079185E-16,
    -5.233595624294E-02));
#1732 = PLANE('',#1733);
#1733 = AXIS2_PLACEMENT_3D('',#1734,#1735,#1736);
#1734 = CARTESIAN_POINT('',(143.85693828162,64.237486872038,
    5.313478405106));
#1735 = DIRECTION('',(-5.19458519614E-02,0.121869343405,0.991185901636)
  );
#1736 = DIRECTION('',(-0.998629534755,-1.413873079185E-16,
    -5.233595624294E-02));
#1737 = ADVANCED_FACE('',(#1738),#1763,.F.);
#1738 = FACE_BOUND('',#1739,.T.);
#1739 = EDGE_LOOP('',(#1740,#1750,#1756,#1757));
#1740 = ORIENTED_EDGE('',*,*,#1741,.T.);
#1741 = EDGE_CURVE('',#1742,#1744,#1746,.T.);
#1742 = VERTEX_POINT('',#1743);
#1743 = CARTESIAN_POINT('',(144.21576227117,59.421578239457,
    6.231924722079));
#1744 = VERTEX_POINT('',#1745);
#1745 = CARTESIAN_POINT('',(144.21090212192,58.665258071907,
    6.324661894267));
#1746 = LINE('',#1747,#1748);
#1747 = CARTESIAN_POINT('',(144.55475768145,112.17490992611,
    -0.236493038007));
#1748 = VECTOR('',#1749,1.);
#1749 = DIRECTION('',(-6.378148623808E-03,-0.992546151641,0.121702325706
    ));
#1750 = ORIENTED_EDGE('',*,*,#1751,.T.);
#1751 = EDGE_CURVE('',#1744,#1664,#1752,.T.);
#1752 = LINE('',#1753,#1754);
#1753 = CARTESIAN_POINT('',(134.48226431398,67.091218565326,
    -14.06275487724));
#1754 = VECTOR('',#1755,1.);
#1755 = DIRECTION('',(-0.403511226121,0.349480545691,-0.845601583831));
#1756 = ORIENTED_EDGE('',*,*,#1661,.F.);
#1757 = ORIENTED_EDGE('',*,*,#1758,.T.);
#1758 = EDGE_CURVE('',#1662,#1742,#1759,.T.);
#1759 = LINE('',#1760,#1761);
#1760 = CARTESIAN_POINT('',(153.94249099506,72.216045268665,
    23.743813021759));
#1761 = VECTOR('',#1762,1.);
#1762 = DIRECTION('',(0.409216015679,0.538279720659,0.736747714512));
#1763 = PLANE('',#1764);
#1764 = AXIS2_PLACEMENT_3D('',#1765,#1766,#1767);
#1765 = CARTESIAN_POINT('',(144.55475768145,112.17490992611,
    -0.236493038007));
#1766 = DIRECTION('',(-0.890811472048,6.093467170257E-02,0.45026868318)
  );
#1767 = DIRECTION('',(-0.454328339957,-0.105541947331,-0.884560148811));
#1768 = ADVANCED_FACE('',(#1769),#1794,.F.);
#1769 = FACE_BOUND('',#1770,.T.);
#1770 = EDGE_LOOP('',(#1771,#1772,#1780,#1788));
#1771 = ORIENTED_EDGE('',*,*,#1719,.F.);
#1772 = ORIENTED_EDGE('',*,*,#1773,.T.);
#1773 = EDGE_CURVE('',#1712,#1774,#1776,.T.);
#1774 = VERTEX_POINT('',#1775);
#1775 = CARTESIAN_POINT('',(145.60598758197,58.665258071907,
    6.397775225138));
#1776 = LINE('',#1777,#1778);
#1777 = CARTESIAN_POINT('',(157.4123962392,67.091218565326,
    -12.86103758437));
#1778 = VECTOR('',#1779,1.);
#1779 = DIRECTION('',(-0.489690183499,-0.349480545691,0.798790881501));
#1780 = ORIENTED_EDGE('',*,*,#1781,.F.);
#1781 = EDGE_CURVE('',#1782,#1774,#1784,.T.);
#1782 = VERTEX_POINT('',#1783);
#1783 = CARTESIAN_POINT('',(145.61084773122,59.421578239457,
    6.305038052951));
#1784 = LINE('',#1785,#1786);
#1785 = CARTESIAN_POINT('',(145.9498431415,112.17490992611,
    -0.163379707135));
#1786 = VECTOR('',#1787,1.);
#1787 = DIRECTION('',(-6.378148623808E-03,-0.992546151641,0.121702325706
    ));
#1788 = ORIENTED_EDGE('',*,*,#1789,.T.);
#1789 = EDGE_CURVE('',#1782,#1720,#1790,.T.);
#1790 = LINE('',#1791,#1792);
#1791 = CARTESIAN_POINT('',(134.10691227213,72.216045268665,
    22.704274390097));
#1792 = VECTOR('',#1793,1.);
#1793 = DIRECTION('',(0.483985393942,-0.538279720659,-0.689937012182));
#1794 = PLANE('',#1795);
#1795 = AXIS2_PLACEMENT_3D('',#1796,#1797,#1798);
#1796 = CARTESIAN_POINT('',(145.9498431415,112.17490992611,
    -0.163379707135));
#1797 = DIRECTION('',(0.838865620086,6.093467170258E-02,0.540917218456)
  );
#1798 = DIRECTION('',(-0.544301194797,0.105541947331,0.832224192568));
#1799 = ADVANCED_FACE('',(#1800),#1834,.F.);
#1800 = FACE_BOUND('',#1801,.T.);
#1801 = EDGE_LOOP('',(#1802,#1812,#1820,#1828));
#1802 = ORIENTED_EDGE('',*,*,#1803,.T.);
#1803 = EDGE_CURVE('',#1804,#1806,#1808,.T.);
#1804 = VERTEX_POINT('',#1805);
#1805 = CARTESIAN_POINT('',(144.06283801965,60.47030141524,
    5.787456146961));
#1806 = VERTEX_POINT('',#1807);
#1807 = CARTESIAN_POINT('',(144.06022267718,60.063310569553,
    5.837359854088));
#1808 = LINE('',#1809,#1810);
#1809 = CARTESIAN_POINT('',(144.08704613198,64.237486872038,
    5.32553784654));
#1810 = VECTOR('',#1811,1.);
#1811 = DIRECTION('',(-6.378148623808E-03,-0.992546151641,0.121702325706
    ));
#1812 = ORIENTED_EDGE('',*,*,#1813,.T.);
#1813 = EDGE_CURVE('',#1806,#1814,#1816,.T.);
#1814 = VERTEX_POINT('',#1815);
#1815 = CARTESIAN_POINT('',(143.83011482682,60.063310569553,
    5.825300412655));
#1816 = LINE('',#1817,#1818);
#1817 = CARTESIAN_POINT('',(146.03688637272,60.063310569553,
    5.94095240876));
#1818 = VECTOR('',#1819,1.);
#1819 = DIRECTION('',(-0.998629534755,-1.413873079185E-16,
    -5.233595624294E-02));
#1820 = ORIENTED_EDGE('',*,*,#1821,.F.);
#1821 = EDGE_CURVE('',#1822,#1814,#1824,.T.);
#1822 = VERTEX_POINT('',#1823);
#1823 = CARTESIAN_POINT('',(143.83273016929,60.47030141524,
    5.775396705528));
#1824 = LINE('',#1825,#1826);
#1825 = CARTESIAN_POINT('',(143.85693828162,64.237486872038,
    5.313478405106));
#1826 = VECTOR('',#1827,1.);
#1827 = DIRECTION('',(-6.378148623808E-03,-0.992546151641,0.121702325706
    ));
#1828 = ORIENTED_EDGE('',*,*,#1829,.F.);
#1829 = EDGE_CURVE('',#1804,#1822,#1830,.T.);
#1830 = LINE('',#1831,#1832);
#1831 = CARTESIAN_POINT('',(146.03950171519,60.47030141524,
    5.891048701634));
#1832 = VECTOR('',#1833,1.);
#1833 = DIRECTION('',(-0.998629534755,-1.413873079185E-16,
    -5.233595624294E-02));
#1834 = PLANE('',#1835);
#1835 = AXIS2_PLACEMENT_3D('',#1836,#1837,#1838);
#1836 = CARTESIAN_POINT('',(143.85693828162,64.237486872038,
    5.313478405106));
#1837 = DIRECTION('',(-5.19458519614E-02,0.121869343405,0.991185901636)
  );
#1838 = DIRECTION('',(-0.998629534755,-1.413873079185E-16,
    -5.233595624294E-02));
#1839 = ADVANCED_FACE('',(#1840),#1874,.F.);
#1840 = FACE_BOUND('',#1841,.T.);
#1841 = EDGE_LOOP('',(#1842,#1852,#1860,#1868));
#1842 = ORIENTED_EDGE('',*,*,#1843,.F.);
#1843 = EDGE_CURVE('',#1844,#1846,#1848,.T.);
#1844 = VERTEX_POINT('',#1845);
#1845 = CARTESIAN_POINT('',(146.03688637272,60.063310569553,
    5.94095240876));
#1846 = VERTEX_POINT('',#1847);
#1847 = CARTESIAN_POINT('',(146.03950171519,60.47030141524,
    5.891048701634));
#1848 = LINE('',#1849,#1850);
#1849 = CARTESIAN_POINT('',(145.96407676787,48.732923437249,
    7.330242431058));
#1850 = VECTOR('',#1851,1.);
#1851 = DIRECTION('',(6.378148623808E-03,0.992546151641,-0.121702325706)
  );
#1852 = ORIENTED_EDGE('',*,*,#1853,.T.);
#1853 = EDGE_CURVE('',#1844,#1854,#1856,.T.);
#1854 = VERTEX_POINT('',#1855);
#1855 = CARTESIAN_POINT('',(145.80677852235,60.063310569553,
    5.928892967327));
#1856 = LINE('',#1857,#1858);
#1857 = CARTESIAN_POINT('',(146.03688637272,60.063310569553,
    5.94095240876));
#1858 = VECTOR('',#1859,1.);
#1859 = DIRECTION('',(-0.998629534755,-1.413873079185E-16,
    -5.233595624294E-02));
#1860 = ORIENTED_EDGE('',*,*,#1861,.T.);
#1861 = EDGE_CURVE('',#1854,#1862,#1864,.T.);
#1862 = VERTEX_POINT('',#1863);
#1863 = CARTESIAN_POINT('',(145.80939386482,60.47030141524,
    5.878989260201));
#1864 = LINE('',#1865,#1866);
#1865 = CARTESIAN_POINT('',(145.83360197716,64.237486872038,
    5.417070959779));
#1866 = VECTOR('',#1867,1.);
#1867 = DIRECTION('',(6.378148623808E-03,0.992546151641,-0.121702325706)
  );
#1868 = ORIENTED_EDGE('',*,*,#1869,.F.);
#1869 = EDGE_CURVE('',#1846,#1862,#1870,.T.);
#1870 = LINE('',#1871,#1872);
#1871 = CARTESIAN_POINT('',(146.03950171519,60.47030141524,
    5.891048701634));
#1872 = VECTOR('',#1873,1.);
#1873 = DIRECTION('',(-0.998629534755,-1.413873079185E-16,
    -5.233595624294E-02));
#1874 = PLANE('',#1875);
#1875 = AXIS2_PLACEMENT_3D('',#1876,#1877,#1878);
#1876 = CARTESIAN_POINT('',(143.85693828162,64.237486872038,
    5.313478405106));
#1877 = DIRECTION('',(-5.19458519614E-02,0.121869343405,0.991185901636)
  );
#1878 = DIRECTION('',(-0.998629534755,-1.413873079185E-16,
    -5.233595624294E-02));
#1879 = ADVANCED_FACE('',(#1880),#1905,.F.);
#1880 = FACE_BOUND('',#1881,.T.);
#1881 = EDGE_LOOP('',(#1882,#1892,#1898,#1899));
#1882 = ORIENTED_EDGE('',*,*,#1883,.T.);
#1883 = EDGE_CURVE('',#1884,#1886,#1888,.T.);
#1884 = VERTEX_POINT('',#1885);
#1885 = CARTESIAN_POINT('',(144.22386251992,60.682111852042,
    6.077362768433));
#1886 = VERTEX_POINT('',#1887);
#1887 = CARTESIAN_POINT('',(144.21900237067,59.925791684491,
    6.170099940621));
#1888 = LINE('',#1889,#1890);
#1889 = CARTESIAN_POINT('',(144.55475768145,112.17490992611,
    -0.236493038007));
#1890 = VECTOR('',#1891,1.);
#1891 = DIRECTION('',(-6.378148623808E-03,-0.992546151641,0.121702325706
    ));
#1892 = ORIENTED_EDGE('',*,*,#1893,.T.);
#1893 = EDGE_CURVE('',#1886,#1806,#1894,.T.);
#1894 = LINE('',#1895,#1896);
#1895 = CARTESIAN_POINT('',(134.71954330968,68.153260764638,
    -13.73704788456));
#1896 = VECTOR('',#1897,1.);
#1897 = DIRECTION('',(-0.403511226121,0.349480545691,-0.845601583831));
#1898 = ORIENTED_EDGE('',*,*,#1803,.F.);
#1899 = ORIENTED_EDGE('',*,*,#1900,.T.);
#1900 = EDGE_CURVE('',#1804,#1884,#1901,.T.);
#1901 = LINE('',#1902,#1903);
#1902 = CARTESIAN_POINT('',(153.71817239736,73.170856849488,
    23.170806903246));
#1903 = VECTOR('',#1904,1.);
#1904 = DIRECTION('',(0.409216015679,0.538279720659,0.736747714512));
#1905 = PLANE('',#1906);
#1906 = AXIS2_PLACEMENT_3D('',#1907,#1908,#1909);
#1907 = CARTESIAN_POINT('',(144.55475768145,112.17490992611,
    -0.236493038007));
#1908 = DIRECTION('',(-0.890811472048,6.093467170257E-02,0.45026868318)
  );
#1909 = DIRECTION('',(-0.454328339957,-0.105541947331,-0.884560148811));
#1910 = ADVANCED_FACE('',(#1911),#1936,.F.);
#1911 = FACE_BOUND('',#1912,.T.);
#1912 = EDGE_LOOP('',(#1913,#1914,#1922,#1930));
#1913 = ORIENTED_EDGE('',*,*,#1861,.F.);
#1914 = ORIENTED_EDGE('',*,*,#1915,.T.);
#1915 = EDGE_CURVE('',#1854,#1916,#1918,.T.);
#1916 = VERTEX_POINT('',#1917);
#1917 = CARTESIAN_POINT('',(145.61408783072,59.925791684491,
    6.243213271492));
#1918 = LINE('',#1919,#1920);
#1919 = CARTESIAN_POINT('',(157.14237143124,68.153260764638,
    -12.56191725746));
#1920 = VECTOR('',#1921,1.);
#1921 = DIRECTION('',(-0.489690183499,-0.349480545691,0.798790881501));
#1922 = ORIENTED_EDGE('',*,*,#1923,.F.);
#1923 = EDGE_CURVE('',#1924,#1916,#1926,.T.);
#1924 = VERTEX_POINT('',#1925);
#1925 = CARTESIAN_POINT('',(145.61894797998,60.682111852042,
    6.150476099305));
#1926 = LINE('',#1927,#1928);
#1927 = CARTESIAN_POINT('',(145.9498431415,112.17490992611,
    -0.163379707135));
#1928 = VECTOR('',#1929,1.);
#1929 = DIRECTION('',(-6.378148623808E-03,-0.992546151641,0.121702325706
    ));
#1930 = ORIENTED_EDGE('',*,*,#1931,.T.);
#1931 = EDGE_CURVE('',#1924,#1862,#1932,.T.);
#1932 = LINE('',#1933,#1934);
#1933 = CARTESIAN_POINT('',(134.38989747809,73.170856849488,
    22.157854937355));
#1934 = VECTOR('',#1935,1.);
#1935 = DIRECTION('',(0.483985393942,-0.538279720659,-0.689937012182));
#1936 = PLANE('',#1937);
#1937 = AXIS2_PLACEMENT_3D('',#1938,#1939,#1940);
#1938 = CARTESIAN_POINT('',(145.9498431415,112.17490992611,
    -0.163379707135));
#1939 = DIRECTION('',(0.838865620086,6.093467170258E-02,0.540917218456)
  );
#1940 = DIRECTION('',(-0.544301194797,0.105541947331,0.832224192568));
#1941 = ADVANCED_FACE('',(#1942),#1976,.F.);
#1942 = FACE_BOUND('',#1943,.T.);
#1943 = EDGE_LOOP('',(#1944,#1954,#1962,#1970));
#1944 = ORIENTED_EDGE('',*,*,#1945,.T.);
#1945 = EDGE_CURVE('',#1946,#1948,#1950,.T.);
#1946 = VERTEX_POINT('',#1947);
#1947 = CARTESIAN_POINT('',(144.0709382684,61.730835027825,
    5.632894193315));
#1948 = VERTEX_POINT('',#1949);
#1949 = CARTESIAN_POINT('',(144.06832292593,61.323844182137,
    5.682797900442));
#1950 = LINE('',#1951,#1952);
#1951 = CARTESIAN_POINT('',(144.08704613198,64.237486872038,
    5.32553784654));
#1952 = VECTOR('',#1953,1.);
#1953 = DIRECTION('',(-6.378148623808E-03,-0.992546151641,0.121702325706
    ));
#1954 = ORIENTED_EDGE('',*,*,#1955,.T.);
#1955 = EDGE_CURVE('',#1948,#1956,#1958,.T.);
#1956 = VERTEX_POINT('',#1957);
#1957 = CARTESIAN_POINT('',(143.83821507557,61.323844182137,
    5.670738459009));
#1958 = LINE('',#1959,#1960);
#1959 = CARTESIAN_POINT('',(146.04498662147,61.323844182137,
    5.786390455114));
#1960 = VECTOR('',#1961,1.);
#1961 = DIRECTION('',(-0.998629534755,-1.413873079185E-16,
    -5.233595624294E-02));
#1962 = ORIENTED_EDGE('',*,*,#1963,.F.);
#1963 = EDGE_CURVE('',#1964,#1956,#1966,.T.);
#1964 = VERTEX_POINT('',#1965);
#1965 = CARTESIAN_POINT('',(143.84083041804,61.730835027825,
    5.620834751882));
#1966 = LINE('',#1967,#1968);
#1967 = CARTESIAN_POINT('',(143.85693828162,64.237486872038,
    5.313478405106));
#1968 = VECTOR('',#1969,1.);
#1969 = DIRECTION('',(-6.378148623808E-03,-0.992546151641,0.121702325706
    ));
#1970 = ORIENTED_EDGE('',*,*,#1971,.F.);
#1971 = EDGE_CURVE('',#1946,#1964,#1972,.T.);
#1972 = LINE('',#1973,#1974);
#1973 = CARTESIAN_POINT('',(146.04760196394,61.730835027825,
    5.736486747988));
#1974 = VECTOR('',#1975,1.);
#1975 = DIRECTION('',(-0.998629534755,-1.413873079185E-16,
    -5.233595624294E-02));
#1976 = PLANE('',#1977);
#1977 = AXIS2_PLACEMENT_3D('',#1978,#1979,#1980);
#1978 = CARTESIAN_POINT('',(143.85693828162,64.237486872038,
    5.313478405106));
#1979 = DIRECTION('',(-5.19458519614E-02,0.121869343405,0.991185901636)
  );
#1980 = DIRECTION('',(-0.998629534755,-1.413873079185E-16,
    -5.233595624294E-02));
#1981 = ADVANCED_FACE('',(#1982),#2016,.F.);
#1982 = FACE_BOUND('',#1983,.T.);
#1983 = EDGE_LOOP('',(#1984,#1994,#2002,#2010));
#1984 = ORIENTED_EDGE('',*,*,#1985,.F.);
#1985 = EDGE_CURVE('',#1986,#1988,#1990,.T.);
#1986 = VERTEX_POINT('',#1987);
#1987 = CARTESIAN_POINT('',(146.04498662147,61.323844182137,
    5.786390455114));
#1988 = VERTEX_POINT('',#1989);
#1989 = CARTESIAN_POINT('',(146.04760196394,61.730835027825,
    5.736486747988));
#1990 = LINE('',#1991,#1992);
#1991 = CARTESIAN_POINT('',(145.96407676787,48.732923437249,
    7.330242431058));
#1992 = VECTOR('',#1993,1.);
#1993 = DIRECTION('',(6.378148623808E-03,0.992546151641,-0.121702325706)
  );
#1994 = ORIENTED_EDGE('',*,*,#1995,.T.);
#1995 = EDGE_CURVE('',#1986,#1996,#1998,.T.);
#1996 = VERTEX_POINT('',#1997);
#1997 = CARTESIAN_POINT('',(145.81487877111,61.323844182137,
    5.774331013681));
#1998 = LINE('',#1999,#2000);
#1999 = CARTESIAN_POINT('',(146.04498662147,61.323844182137,
    5.786390455114));
#2000 = VECTOR('',#2001,1.);
#2001 = DIRECTION('',(-0.998629534755,-1.413873079185E-16,
    -5.233595624294E-02));
#2002 = ORIENTED_EDGE('',*,*,#2003,.T.);
#2003 = EDGE_CURVE('',#1996,#2004,#2006,.T.);
#2004 = VERTEX_POINT('',#2005);
#2005 = CARTESIAN_POINT('',(145.81749411357,61.730835027825,
    5.724427306555));
#2006 = LINE('',#2007,#2008);
#2007 = CARTESIAN_POINT('',(145.83360197716,64.237486872038,
    5.417070959779));
#2008 = VECTOR('',#2009,1.);
#2009 = DIRECTION('',(6.378148623808E-03,0.992546151641,-0.121702325706)
  );
#2010 = ORIENTED_EDGE('',*,*,#2011,.F.);
#2011 = EDGE_CURVE('',#1988,#2004,#2012,.T.);
#2012 = LINE('',#2013,#2014);
#2013 = CARTESIAN_POINT('',(146.04760196394,61.730835027825,
    5.736486747988));
#2014 = VECTOR('',#2015,1.);
#2015 = DIRECTION('',(-0.998629534755,-1.413873079185E-16,
    -5.233595624294E-02));
#2016 = PLANE('',#2017);
#2017 = AXIS2_PLACEMENT_3D('',#2018,#2019,#2020);
#2018 = CARTESIAN_POINT('',(143.85693828162,64.237486872038,
    5.313478405106));
#2019 = DIRECTION('',(-5.19458519614E-02,0.121869343405,0.991185901636)
  );
#2020 = DIRECTION('',(-0.998629534755,-1.413873079185E-16,
    -5.233595624294E-02));
#2021 = ADVANCED_FACE('',(#2022),#2047,.F.);
#2022 = FACE_BOUND('',#2023,.T.);
#2023 = EDGE_LOOP('',(#2024,#2034,#2040,#2041));
#2024 = ORIENTED_EDGE('',*,*,#2025,.T.);
#2025 = EDGE_CURVE('',#2026,#2028,#2030,.T.);
#2026 = VERTEX_POINT('',#2027);
#2027 = CARTESIAN_POINT('',(144.23196276868,61.942645464626,
    5.922800814787));
#2028 = VERTEX_POINT('',#2029);
#2029 = CARTESIAN_POINT('',(144.22710261942,61.186325297076,
    6.015537986975));
#2030 = LINE('',#2031,#2032);
#2031 = CARTESIAN_POINT('',(144.55475768145,112.17490992611,
    -0.236493038007));
#2032 = VECTOR('',#2033,1.);
#2033 = DIRECTION('',(-6.378148623808E-03,-0.992546151641,0.121702325706
    ));
#2034 = ORIENTED_EDGE('',*,*,#2035,.T.);
#2035 = EDGE_CURVE('',#2028,#1948,#2036,.T.);
#2036 = LINE('',#2037,#2038);
#2037 = CARTESIAN_POINT('',(134.95682230538,69.21530296395,
    -13.41134089188));
#2038 = VECTOR('',#2039,1.);
#2039 = DIRECTION('',(-0.403511226121,0.349480545691,-0.845601583831));
#2040 = ORIENTED_EDGE('',*,*,#1945,.F.);
#2041 = ORIENTED_EDGE('',*,*,#2042,.T.);
#2042 = EDGE_CURVE('',#1946,#2026,#2043,.T.);
#2043 = LINE('',#2044,#2045);
#2044 = CARTESIAN_POINT('',(153.49385379966,74.125668430312,
    22.597800784734));
#2045 = VECTOR('',#2046,1.);
#2046 = DIRECTION('',(0.409216015679,0.538279720659,0.736747714512));
#2047 = PLANE('',#2048);
#2048 = AXIS2_PLACEMENT_3D('',#2049,#2050,#2051);
#2049 = CARTESIAN_POINT('',(144.55475768145,112.17490992611,
    -0.236493038007));
#2050 = DIRECTION('',(-0.890811472048,6.093467170257E-02,0.45026868318)
  );
#2051 = DIRECTION('',(-0.454328339957,-0.105541947331,-0.884560148811));
#2052 = ADVANCED_FACE('',(#2053),#2078,.F.);
#2053 = FACE_BOUND('',#2054,.T.);
#2054 = EDGE_LOOP('',(#2055,#2056,#2064,#2072));
#2055 = ORIENTED_EDGE('',*,*,#2003,.F.);
#2056 = ORIENTED_EDGE('',*,*,#2057,.T.);
#2057 = EDGE_CURVE('',#1996,#2058,#2060,.T.);
#2058 = VERTEX_POINT('',#2059);
#2059 = CARTESIAN_POINT('',(145.62218807948,61.186325297076,
    6.088651317846));
#2060 = LINE('',#2061,#2062);
#2061 = CARTESIAN_POINT('',(156.87234662329,69.21530296395,
    -12.26279693055));
#2062 = VECTOR('',#2063,1.);
#2063 = DIRECTION('',(-0.489690183499,-0.349480545691,0.798790881501));
#2064 = ORIENTED_EDGE('',*,*,#2065,.F.);
#2065 = EDGE_CURVE('',#2066,#2058,#2068,.T.);
#2066 = VERTEX_POINT('',#2067);
#2067 = CARTESIAN_POINT('',(145.62704822873,61.942645464626,
    5.995914145659));
#2068 = LINE('',#2069,#2070);
#2069 = CARTESIAN_POINT('',(145.9498431415,112.17490992611,
    -0.163379707135));
#2070 = VECTOR('',#2071,1.);
#2071 = DIRECTION('',(-6.378148623808E-03,-0.992546151641,0.121702325706
    ));
#2072 = ORIENTED_EDGE('',*,*,#2073,.T.);
#2073 = EDGE_CURVE('',#2066,#2004,#2074,.T.);
#2074 = LINE('',#2075,#2076);
#2075 = CARTESIAN_POINT('',(134.67288268405,74.125668430311,
    21.611435484614));
#2076 = VECTOR('',#2077,1.);
#2077 = DIRECTION('',(0.483985393942,-0.538279720659,-0.689937012182));
#2078 = PLANE('',#2079);
#2079 = AXIS2_PLACEMENT_3D('',#2080,#2081,#2082);
#2080 = CARTESIAN_POINT('',(145.9498431415,112.17490992611,
    -0.163379707135));
#2081 = DIRECTION('',(0.838865620086,6.093467170258E-02,0.540917218456)
  );
#2082 = DIRECTION('',(-0.544301194797,0.105541947331,0.832224192568));
#2083 = ADVANCED_FACE('',(#2084),#2118,.F.);
#2084 = FACE_BOUND('',#2085,.T.);
#2085 = EDGE_LOOP('',(#2086,#2096,#2104,#2112));
#2086 = ORIENTED_EDGE('',*,*,#2087,.T.);
#2087 = EDGE_CURVE('',#2088,#2090,#2092,.T.);
#2088 = VERTEX_POINT('',#2089);
#2089 = CARTESIAN_POINT('',(144.07903851715,62.991368640409,
    5.478332239669));
#2090 = VERTEX_POINT('',#2091);
#2091 = CARTESIAN_POINT('',(144.07642317468,62.584377794722,
    5.528235946796));
#2092 = LINE('',#2093,#2094);
#2093 = CARTESIAN_POINT('',(144.08704613198,64.237486872038,
    5.32553784654));
#2094 = VECTOR('',#2095,1.);
#2095 = DIRECTION('',(-6.378148623808E-03,-0.992546151641,0.121702325706
    ));
#2096 = ORIENTED_EDGE('',*,*,#2097,.T.);
#2097 = EDGE_CURVE('',#2090,#2098,#2100,.T.);
#2098 = VERTEX_POINT('',#2099);
#2099 = CARTESIAN_POINT('',(143.84631532432,62.584377794722,
    5.516176505363));
#2100 = LINE('',#2101,#2102);
#2101 = CARTESIAN_POINT('',(146.05308687022,62.584377794722,
    5.631828501468));
#2102 = VECTOR('',#2103,1.);
#2103 = DIRECTION('',(-0.998629534755,-1.413873079185E-16,
    -5.233595624294E-02));
#2104 = ORIENTED_EDGE('',*,*,#2105,.F.);
#2105 = EDGE_CURVE('',#2106,#2098,#2108,.T.);
#2106 = VERTEX_POINT('',#2107);
#2107 = CARTESIAN_POINT('',(143.84893066679,62.991368640409,
    5.466272798236));
#2108 = LINE('',#2109,#2110);
#2109 = CARTESIAN_POINT('',(143.85693828162,64.237486872038,
    5.313478405106));
#2110 = VECTOR('',#2111,1.);
#2111 = DIRECTION('',(-6.378148623808E-03,-0.992546151641,0.121702325706
    ));
#2112 = ORIENTED_EDGE('',*,*,#2113,.F.);
#2113 = EDGE_CURVE('',#2088,#2106,#2114,.T.);
#2114 = LINE('',#2115,#2116);
#2115 = CARTESIAN_POINT('',(146.05570221269,62.991368640409,
    5.581924794342));
#2116 = VECTOR('',#2117,1.);
#2117 = DIRECTION('',(-0.998629534755,-1.413873079185E-16,
    -5.233595624294E-02));
#2118 = PLANE('',#2119);
#2119 = AXIS2_PLACEMENT_3D('',#2120,#2121,#2122);
#2120 = CARTESIAN_POINT('',(143.85693828162,64.237486872038,
    5.313478405106));
#2121 = DIRECTION('',(-5.19458519614E-02,0.121869343405,0.991185901636)
  );
#2122 = DIRECTION('',(-0.998629534755,-1.413873079185E-16,
    -5.233595624294E-02));
#2123 = ADVANCED_FACE('',(#2124),#2158,.F.);
#2124 = FACE_BOUND('',#2125,.T.);
#2125 = EDGE_LOOP('',(#2126,#2136,#2144,#2152));
#2126 = ORIENTED_EDGE('',*,*,#2127,.F.);
#2127 = EDGE_CURVE('',#2128,#2130,#2132,.T.);
#2128 = VERTEX_POINT('',#2129);
#2129 = CARTESIAN_POINT('',(146.05308687022,62.584377794722,
    5.631828501468));
#2130 = VERTEX_POINT('',#2131);
#2131 = CARTESIAN_POINT('',(146.05570221269,62.991368640409,
    5.581924794342));
#2132 = LINE('',#2133,#2134);
#2133 = CARTESIAN_POINT('',(145.96407676787,48.732923437249,
    7.330242431058));
#2134 = VECTOR('',#2135,1.);
#2135 = DIRECTION('',(6.378148623808E-03,0.992546151641,-0.121702325706)
  );
#2136 = ORIENTED_EDGE('',*,*,#2137,.T.);
#2137 = EDGE_CURVE('',#2128,#2138,#2140,.T.);
#2138 = VERTEX_POINT('',#2139);
#2139 = CARTESIAN_POINT('',(145.82297901986,62.584377794722,
    5.619769060035));
#2140 = LINE('',#2141,#2142);
#2141 = CARTESIAN_POINT('',(146.05308687022,62.584377794722,
    5.631828501468));
#2142 = VECTOR('',#2143,1.);
#2143 = DIRECTION('',(-0.998629534755,-1.413873079185E-16,
    -5.233595624294E-02));
#2144 = ORIENTED_EDGE('',*,*,#2145,.T.);
#2145 = EDGE_CURVE('',#2138,#2146,#2148,.T.);
#2146 = VERTEX_POINT('',#2147);
#2147 = CARTESIAN_POINT('',(145.82559436233,62.991368640409,
    5.569865352909));
#2148 = LINE('',#2149,#2150);
#2149 = CARTESIAN_POINT('',(145.83360197716,64.237486872038,
    5.417070959779));
#2150 = VECTOR('',#2151,1.);
#2151 = DIRECTION('',(6.378148623808E-03,0.992546151641,-0.121702325706)
  );
#2152 = ORIENTED_EDGE('',*,*,#2153,.F.);
#2153 = EDGE_CURVE('',#2130,#2146,#2154,.T.);
#2154 = LINE('',#2155,#2156);
#2155 = CARTESIAN_POINT('',(146.05570221269,62.991368640409,
    5.581924794342));
#2156 = VECTOR('',#2157,1.);
#2157 = DIRECTION('',(-0.998629534755,-1.413873079185E-16,
    -5.233595624294E-02));
#2158 = PLANE('',#2159);
#2159 = AXIS2_PLACEMENT_3D('',#2160,#2161,#2162);
#2160 = CARTESIAN_POINT('',(143.85693828162,64.237486872038,
    5.313478405106));
#2161 = DIRECTION('',(-5.19458519614E-02,0.121869343405,0.991185901636)
  );
#2162 = DIRECTION('',(-0.998629534755,-1.413873079185E-16,
    -5.233595624294E-02));
#2163 = ADVANCED_FACE('',(#2164),#2189,.F.);
#2164 = FACE_BOUND('',#2165,.T.);
#2165 = EDGE_LOOP('',(#2166,#2176,#2182,#2183));
#2166 = ORIENTED_EDGE('',*,*,#2167,.T.);
#2167 = EDGE_CURVE('',#2168,#2170,#2172,.T.);
#2168 = VERTEX_POINT('',#2169);
#2169 = CARTESIAN_POINT('',(144.24006301743,63.203179077211,
    5.768238861141));
#2170 = VERTEX_POINT('',#2171);
#2171 = CARTESIAN_POINT('',(144.23520286818,62.44685890966,
    5.860976033329));
#2172 = LINE('',#2173,#2174);
#2173 = CARTESIAN_POINT('',(144.55475768145,112.17490992611,
    -0.236493038007));
#2174 = VECTOR('',#2175,1.);
#2175 = DIRECTION('',(-6.378148623808E-03,-0.992546151641,0.121702325706
    ));
#2176 = ORIENTED_EDGE('',*,*,#2177,.T.);
#2177 = EDGE_CURVE('',#2170,#2090,#2178,.T.);
#2178 = LINE('',#2179,#2180);
#2179 = CARTESIAN_POINT('',(135.19410130108,70.277345163262,
    -13.0856338992));
#2180 = VECTOR('',#2181,1.);
#2181 = DIRECTION('',(-0.403511226121,0.349480545691,-0.845601583831));
#2182 = ORIENTED_EDGE('',*,*,#2087,.F.);
#2183 = ORIENTED_EDGE('',*,*,#2184,.T.);
#2184 = EDGE_CURVE('',#2088,#2168,#2185,.T.);
#2185 = LINE('',#2186,#2187);
#2186 = CARTESIAN_POINT('',(153.26953520197,75.080480011135,
    22.024794666221));
#2187 = VECTOR('',#2188,1.);
#2188 = DIRECTION('',(0.409216015679,0.538279720659,0.736747714512));
#2189 = PLANE('',#2190);
#2190 = AXIS2_PLACEMENT_3D('',#2191,#2192,#2193);
#2191 = CARTESIAN_POINT('',(144.55475768145,112.17490992611,
    -0.236493038007));
#2192 = DIRECTION('',(-0.890811472048,6.093467170257E-02,0.45026868318)
  );
#2193 = DIRECTION('',(-0.454328339957,-0.105541947331,-0.884560148811));
#2194 = ADVANCED_FACE('',(#2195),#2220,.F.);
#2195 = FACE_BOUND('',#2196,.T.);
#2196 = EDGE_LOOP('',(#2197,#2198,#2206,#2214));
#2197 = ORIENTED_EDGE('',*,*,#2145,.F.);
#2198 = ORIENTED_EDGE('',*,*,#2199,.T.);
#2199 = EDGE_CURVE('',#2138,#2200,#2202,.T.);
#2200 = VERTEX_POINT('',#2201);
#2201 = CARTESIAN_POINT('',(145.63028832823,62.44685890966,5.9340893642)
  );
#2202 = LINE('',#2203,#2204);
#2203 = CARTESIAN_POINT('',(156.60232181533,70.277345163262,
    -11.96367660365));
#2204 = VECTOR('',#2205,1.);
#2205 = DIRECTION('',(-0.489690183499,-0.349480545691,0.798790881501));
#2206 = ORIENTED_EDGE('',*,*,#2207,.F.);
#2207 = EDGE_CURVE('',#2208,#2200,#2210,.T.);
#2208 = VERTEX_POINT('',#2209);
#2209 = CARTESIAN_POINT('',(145.63514847748,63.203179077211,
    5.841352192013));
#2210 = LINE('',#2211,#2212);
#2211 = CARTESIAN_POINT('',(145.9498431415,112.17490992611,
    -0.163379707135));
#2212 = VECTOR('',#2213,1.);
#2213 = DIRECTION('',(-6.378148623808E-03,-0.992546151641,0.121702325706
    ));
#2214 = ORIENTED_EDGE('',*,*,#2215,.T.);
#2215 = EDGE_CURVE('',#2208,#2146,#2216,.T.);
#2216 = LINE('',#2217,#2218);
#2217 = CARTESIAN_POINT('',(134.95586789001,75.080480011135,
    21.065016031872));
#2218 = VECTOR('',#2219,1.);
#2219 = DIRECTION('',(0.483985393942,-0.538279720659,-0.689937012182));
#2220 = PLANE('',#2221);
#2221 = AXIS2_PLACEMENT_3D('',#2222,#2223,#2224);
#2222 = CARTESIAN_POINT('',(145.9498431415,112.17490992611,
    -0.163379707135));
#2223 = DIRECTION('',(0.838865620086,6.093467170258E-02,0.540917218456)
  );
#2224 = DIRECTION('',(-0.544301194797,0.105541947331,0.832224192568));
#2225 = ADVANCED_FACE('',(#2226),#2260,.F.);
#2226 = FACE_BOUND('',#2227,.T.);
#2227 = EDGE_LOOP('',(#2228,#2238,#2246,#2254));
#2228 = ORIENTED_EDGE('',*,*,#2229,.T.);
#2229 = EDGE_CURVE('',#2230,#2232,#2234,.T.);
#2230 = VERTEX_POINT('',#2231);
#2231 = CARTESIAN_POINT('',(144.08704613198,64.237486872038,
    5.32553784654));
#2232 = VERTEX_POINT('',#2233);
#2233 = CARTESIAN_POINT('',(144.08452342344,63.844911407306,
    5.37367399315));
#2234 = LINE('',#2235,#2236);
#2235 = CARTESIAN_POINT('',(144.08704613198,64.237486872038,
    5.32553784654));
#2236 = VECTOR('',#2237,1.);
#2237 = DIRECTION('',(-6.378148623808E-03,-0.992546151641,0.121702325706
    ));
#2238 = ORIENTED_EDGE('',*,*,#2239,.T.);
#2239 = EDGE_CURVE('',#2232,#2240,#2242,.T.);
#2240 = VERTEX_POINT('',#2241);
#2241 = CARTESIAN_POINT('',(143.85441557307,63.844911407306,
    5.361614551717));
#2242 = LINE('',#2243,#2244);
#2243 = CARTESIAN_POINT('',(146.06118711897,63.844911407306,
    5.477266547822));
#2244 = VECTOR('',#2245,1.);
#2245 = DIRECTION('',(-0.998629534755,-1.413873079185E-16,
    -5.233595624294E-02));
#2246 = ORIENTED_EDGE('',*,*,#2247,.F.);
#2247 = EDGE_CURVE('',#2248,#2240,#2250,.T.);
#2248 = VERTEX_POINT('',#2249);
#2249 = CARTESIAN_POINT('',(143.85693828162,64.237486872038,
    5.313478405106));
#2250 = LINE('',#2251,#2252);
#2251 = CARTESIAN_POINT('',(143.85693828162,64.237486872038,
    5.313478405106));
#2252 = VECTOR('',#2253,1.);
#2253 = DIRECTION('',(-6.378148623808E-03,-0.992546151641,0.121702325706
    ));
#2254 = ORIENTED_EDGE('',*,*,#2255,.F.);
#2255 = EDGE_CURVE('',#2230,#2248,#2256,.T.);
#2256 = LINE('',#2257,#2258);
#2257 = CARTESIAN_POINT('',(146.06370982752,64.237486872038,
    5.429130401212));
#2258 = VECTOR('',#2259,1.);
#2259 = DIRECTION('',(-0.998629534755,-1.699712142965E-15,
    -5.233595624294E-02));
#2260 = PLANE('',#2261);
#2261 = AXIS2_PLACEMENT_3D('',#2262,#2263,#2264);
#2262 = CARTESIAN_POINT('',(143.85693828162,64.237486872038,
    5.313478405106));
#2263 = DIRECTION('',(-5.19458519614E-02,0.121869343405,0.991185901636)
  );
#2264 = DIRECTION('',(-0.998629534755,-1.413873079185E-16,
    -5.233595624294E-02));
#2265 = ADVANCED_FACE('',(#2266),#2323,.T.);
#2266 = FACE_BOUND('',#2267,.T.);
#2267 = EDGE_LOOP('',(#2268,#2276,#2277,#2285,#2293,#2301,#2309,#2317));
#2268 = ORIENTED_EDGE('',*,*,#2269,.F.);
#2269 = EDGE_CURVE('',#2230,#2270,#2272,.T.);
#2270 = VERTEX_POINT('',#2271);
#2271 = CARTESIAN_POINT('',(144.24694822887,64.274632647908,
    5.636861200542));
#2272 = LINE('',#2273,#2274);
#2273 = CARTESIAN_POINT('',(144.53668952034,64.341940489914,
    6.200976571223));
#2274 = VECTOR('',#2275,1.);
#2275 = DIRECTION('',(0.454328339957,0.105541947331,0.884560148811));
#2276 = ORIENTED_EDGE('',*,*,#2255,.T.);
#2277 = ORIENTED_EDGE('',*,*,#2278,.T.);
#2278 = EDGE_CURVE('',#2248,#2279,#2281,.T.);
#2279 = VERTEX_POINT('',#2280);
#2280 = CARTESIAN_POINT('',(143.74214833796,64.506793747094,
    7.503801010542));
#2281 = LINE('',#2282,#2283);
#2282 = CARTESIAN_POINT('',(143.85693828162,64.237486872038,
    5.313478405106));
#2283 = VECTOR('',#2284,1.);
#2284 = DIRECTION('',(-5.19458519614E-02,0.121869343405,0.991185901636)
  );
#2285 = ORIENTED_EDGE('',*,*,#2286,.F.);
#2286 = EDGE_CURVE('',#2287,#2279,#2289,.T.);
#2287 = VERTEX_POINT('',#2288);
#2288 = CARTESIAN_POINT('',(145.94891988386,64.506793747094,
    7.619453006647));
#2289 = LINE('',#2290,#2291);
#2290 = CARTESIAN_POINT('',(145.94891988386,64.506793747094,
    7.619453006647));
#2291 = VECTOR('',#2292,1.);
#2292 = DIRECTION('',(-0.998629534755,-1.699712142965E-15,
    -5.233595624294E-02));
#2293 = ORIENTED_EDGE('',*,*,#2294,.F.);
#2294 = EDGE_CURVE('',#2295,#2287,#2297,.T.);
#2295 = VERTEX_POINT('',#2296);
#2296 = CARTESIAN_POINT('',(146.06370982752,64.237486872038,
    5.429130401212));
#2297 = LINE('',#2298,#2299);
#2298 = CARTESIAN_POINT('',(146.06370982752,64.237486872038,
    5.429130401212));
#2299 = VECTOR('',#2300,1.);
#2300 = DIRECTION('',(-5.19458519614E-02,0.121869343405,0.991185901636)
  );
#2301 = ORIENTED_EDGE('',*,*,#2302,.T.);
#2302 = EDGE_CURVE('',#2295,#2303,#2305,.T.);
#2303 = VERTEX_POINT('',#2304);
#2304 = CARTESIAN_POINT('',(145.83360197716,64.237486872038,
    5.417070959779));
#2305 = LINE('',#2306,#2307);
#2306 = CARTESIAN_POINT('',(146.06370982752,64.237486872038,
    5.429130401212));
#2307 = VECTOR('',#2308,1.);
#2308 = DIRECTION('',(-0.998629534755,-1.699712142965E-15,
    -5.233595624294E-02));
#2309 = ORIENTED_EDGE('',*,*,#2310,.F.);
#2310 = EDGE_CURVE('',#2311,#2303,#2313,.T.);
#2311 = VERTEX_POINT('',#2312);
#2312 = CARTESIAN_POINT('',(145.64203368892,64.274632647908,
    5.709974531414));
#2313 = LINE('',#2314,#2315);
#2314 = CARTESIAN_POINT('',(145.89631190788,64.225327192307,
    5.321188896758));
#2315 = VECTOR('',#2316,1.);
#2316 = DIRECTION('',(0.544301194797,-0.105541947331,-0.832224192568));
#2317 = ORIENTED_EDGE('',*,*,#2318,.F.);
#2318 = EDGE_CURVE('',#2270,#2311,#2319,.T.);
#2319 = LINE('',#2320,#2321);
#2320 = CARTESIAN_POINT('',(146.04787673184,64.274632647908,
    5.731243864031));
#2321 = VECTOR('',#2322,1.);
#2322 = DIRECTION('',(0.998629534755,1.699712142965E-15,
    5.233595624294E-02));
#2323 = PLANE('',#2324);
#2324 = AXIS2_PLACEMENT_3D('',#2325,#2326,#2327);
#2325 = CARTESIAN_POINT('',(146.06370982752,64.237486872038,
    5.429130401212));
#2326 = DIRECTION('',(6.378148623806E-03,0.992546151641,-0.121702325706)
  );
#2327 = DIRECTION('',(-0.998629534755,-1.699712142965E-15,
    -5.233595624294E-02));
#2328 = ADVANCED_FACE('',(#2329),#2630,.T.);
#2329 = FACE_BOUND('',#2330,.T.);
#2330 = EDGE_LOOP('',(#2331,#2339,#2347,#2353,#2354,#2362,#2370,#2376,
    #2377,#2385,#2393,#2399,#2400,#2408,#2416,#2422,#2423,#2431,#2439,
    #2445,#2446,#2454,#2462,#2468,#2469,#2477,#2485,#2491,#2492,#2500,
    #2508,#2514,#2515,#2523,#2531,#2537,#2538,#2546,#2554,#2560,#2561,
    #2569,#2577,#2583,#2584,#2592,#2600,#2608,#2614,#2615,#2623,#2629));
#2331 = ORIENTED_EDGE('',*,*,#2332,.T.);
#2332 = EDGE_CURVE('',#576,#2333,#2335,.T.);
#2333 = VERTEX_POINT('',#2334);
#2334 = CARTESIAN_POINT('',(145.95188878413,49.337309338782,
    7.562803014736));
#2335 = LINE('',#2336,#2337);
#2336 = CARTESIAN_POINT('',(145.96659947642,49.12549890198,
    7.282106284448));
#2337 = VECTOR('',#2338,1.);
#2338 = DIRECTION('',(-4.17973531079E-02,0.601815023152,0.797541007837)
  );
#2339 = ORIENTED_EDGE('',*,*,#2340,.T.);
#2340 = EDGE_CURVE('',#2333,#2341,#2343,.T.);
#2341 = VERTEX_POINT('',#2342);
#2342 = CARTESIAN_POINT('',(145.95512888363,49.841522783815,
    7.500978233278));
#2343 = LINE('',#2344,#2345);
#2344 = CARTESIAN_POINT('',(145.95512888363,49.841522783815,
    7.500978233278));
#2345 = VECTOR('',#2346,1.);
#2346 = DIRECTION('',(6.378148623808E-03,0.992546151641,-0.121702325706)
  );
#2347 = ORIENTED_EDGE('',*,*,#2348,.T.);
#2348 = EDGE_CURVE('',#2341,#708,#2349,.T.);
#2349 = LINE('',#2350,#2351);
#2350 = CARTESIAN_POINT('',(145.9720843827,49.979041668877,
    7.177448037928));
#2351 = VECTOR('',#2352,1.);
#2352 = DIRECTION('',(4.81755017317E-02,0.390731128489,-0.919243333543)
  );
#2353 = ORIENTED_EDGE('',*,*,#707,.T.);
#2354 = ORIENTED_EDGE('',*,*,#2355,.T.);
#2355 = EDGE_CURVE('',#710,#2356,#2358,.T.);
#2356 = VERTEX_POINT('',#2357);
#2357 = CARTESIAN_POINT('',(145.95998903288,50.597842951366,
    7.40824106109));
#2358 = LINE('',#2359,#2360);
#2359 = CARTESIAN_POINT('',(145.97469972517,50.386032514565,
    7.127544330802));
#2360 = VECTOR('',#2361,1.);
#2361 = DIRECTION('',(-4.17973531079E-02,0.601815023152,0.797541007837)
  );
#2362 = ORIENTED_EDGE('',*,*,#2363,.T.);
#2363 = EDGE_CURVE('',#2356,#2364,#2366,.T.);
#2364 = VERTEX_POINT('',#2365);
#2365 = CARTESIAN_POINT('',(145.96322913238,51.1020563964,7.346416279632
    ));
#2366 = LINE('',#2367,#2368);
#2367 = CARTESIAN_POINT('',(145.96322913238,51.1020563964,7.346416279632
    ));
#2368 = VECTOR('',#2369,1.);
#2369 = DIRECTION('',(6.378148623808E-03,0.992546151641,-0.121702325706)
  );
#2370 = ORIENTED_EDGE('',*,*,#2371,.T.);
#2371 = EDGE_CURVE('',#2364,#850,#2372,.T.);
#2372 = LINE('',#2373,#2374);
#2373 = CARTESIAN_POINT('',(145.98018463145,51.239575281461,
    7.022886084282));
#2374 = VECTOR('',#2375,1.);
#2375 = DIRECTION('',(4.81755017317E-02,0.390731128489,-0.919243333543)
  );
#2376 = ORIENTED_EDGE('',*,*,#849,.T.);
#2377 = ORIENTED_EDGE('',*,*,#2378,.T.);
#2378 = EDGE_CURVE('',#852,#2379,#2381,.T.);
#2379 = VERTEX_POINT('',#2380);
#2380 = CARTESIAN_POINT('',(145.96808928163,51.85837656395,
    7.253679107444));
#2381 = LINE('',#2382,#2383);
#2382 = CARTESIAN_POINT('',(145.98279997392,51.646566127149,
    6.972982377156));
#2383 = VECTOR('',#2384,1.);
#2384 = DIRECTION('',(-4.17973531079E-02,0.601815023152,0.797541007837)
  );
#2385 = ORIENTED_EDGE('',*,*,#2386,.T.);
#2386 = EDGE_CURVE('',#2379,#2387,#2389,.T.);
#2387 = VERTEX_POINT('',#2388);
#2388 = CARTESIAN_POINT('',(145.97132938113,52.362590008984,
    7.191854325986));
#2389 = LINE('',#2390,#2391);
#2390 = CARTESIAN_POINT('',(145.97132938113,52.362590008984,
    7.191854325986));
#2391 = VECTOR('',#2392,1.);
#2392 = DIRECTION('',(6.378148623808E-03,0.992546151641,-0.121702325706)
  );
#2393 = ORIENTED_EDGE('',*,*,#2394,.T.);
#2394 = EDGE_CURVE('',#2387,#992,#2395,.T.);
#2395 = LINE('',#2396,#2397);
#2396 = CARTESIAN_POINT('',(145.9882848802,52.500108894046,
    6.868324130636));
#2397 = VECTOR('',#2398,1.);
#2398 = DIRECTION('',(4.81755017317E-02,0.390731128489,-0.919243333543)
  );
#2399 = ORIENTED_EDGE('',*,*,#991,.T.);
#2400 = ORIENTED_EDGE('',*,*,#2401,.T.);
#2401 = EDGE_CURVE('',#994,#2402,#2404,.T.);
#2402 = VERTEX_POINT('',#2403);
#2403 = CARTESIAN_POINT('',(145.97618953039,53.118910176535,
    7.099117153798));
#2404 = LINE('',#2405,#2406);
#2405 = CARTESIAN_POINT('',(145.99090022267,52.907099739733,
    6.81842042351));
#2406 = VECTOR('',#2407,1.);
#2407 = DIRECTION('',(-4.17973531079E-02,0.601815023152,0.797541007837)
  );
#2408 = ORIENTED_EDGE('',*,*,#2409,.T.);
#2409 = EDGE_CURVE('',#2402,#2410,#2412,.T.);
#2410 = VERTEX_POINT('',#2411);
#2411 = CARTESIAN_POINT('',(145.97942962989,53.623123621569,
    7.03729237234));
#2412 = LINE('',#2413,#2414);
#2413 = CARTESIAN_POINT('',(145.97942962989,53.623123621569,
    7.03729237234));
#2414 = VECTOR('',#2415,1.);
#2415 = DIRECTION('',(6.378148623808E-03,0.992546151641,-0.121702325706)
  );
#2416 = ORIENTED_EDGE('',*,*,#2417,.T.);
#2417 = EDGE_CURVE('',#2410,#1134,#2418,.T.);
#2418 = LINE('',#2419,#2420);
#2419 = CARTESIAN_POINT('',(145.99638512896,53.76064250663,6.71376217699
    ));
#2420 = VECTOR('',#2421,1.);
#2421 = DIRECTION('',(4.81755017317E-02,0.390731128489,-0.919243333543)
  );
#2422 = ORIENTED_EDGE('',*,*,#1133,.T.);
#2423 = ORIENTED_EDGE('',*,*,#2424,.T.);
#2424 = EDGE_CURVE('',#1136,#2425,#2427,.T.);
#2425 = VERTEX_POINT('',#2426);
#2426 = CARTESIAN_POINT('',(145.98428977914,54.379443789119,
    6.944555200152));
#2427 = LINE('',#2428,#2429);
#2428 = CARTESIAN_POINT('',(145.99900047142,54.167633352318,
    6.663858469864));
#2429 = VECTOR('',#2430,1.);
#2430 = DIRECTION('',(-4.17973531079E-02,0.601815023152,0.797541007837)
  );
#2431 = ORIENTED_EDGE('',*,*,#2432,.T.);
#2432 = EDGE_CURVE('',#2425,#2433,#2435,.T.);
#2433 = VERTEX_POINT('',#2434);
#2434 = CARTESIAN_POINT('',(145.98752987864,54.883657234153,
    6.882730418694));
#2435 = LINE('',#2436,#2437);
#2436 = CARTESIAN_POINT('',(145.98752987864,54.883657234153,
    6.882730418694));
#2437 = VECTOR('',#2438,1.);
#2438 = DIRECTION('',(6.378148623808E-03,0.992546151641,-0.121702325706)
  );
#2439 = ORIENTED_EDGE('',*,*,#2440,.T.);
#2440 = EDGE_CURVE('',#2433,#1276,#2441,.T.);
#2441 = LINE('',#2442,#2443);
#2442 = CARTESIAN_POINT('',(146.00448537771,55.021176119215,
    6.559200223344));
#2443 = VECTOR('',#2444,1.);
#2444 = DIRECTION('',(4.81755017317E-02,0.390731128489,-0.919243333543)
  );
#2445 = ORIENTED_EDGE('',*,*,#1275,.T.);
#2446 = ORIENTED_EDGE('',*,*,#2447,.T.);
#2447 = EDGE_CURVE('',#1278,#2448,#2450,.T.);
#2448 = VERTEX_POINT('',#2449);
#2449 = CARTESIAN_POINT('',(145.99239002789,55.639977401704,
    6.789993246506));
#2450 = LINE('',#2451,#2452);
#2451 = CARTESIAN_POINT('',(146.00710072018,55.428166964902,
    6.509296516218));
#2452 = VECTOR('',#2453,1.);
#2453 = DIRECTION('',(-4.17973531079E-02,0.601815023152,0.797541007837)
  );
#2454 = ORIENTED_EDGE('',*,*,#2455,.T.);
#2455 = EDGE_CURVE('',#2448,#2456,#2458,.T.);
#2456 = VERTEX_POINT('',#2457);
#2457 = CARTESIAN_POINT('',(145.99563012739,56.144190846738,
    6.728168465048));
#2458 = LINE('',#2459,#2460);
#2459 = CARTESIAN_POINT('',(145.99563012739,56.144190846738,
    6.728168465048));
#2460 = VECTOR('',#2461,1.);
#2461 = DIRECTION('',(6.378148623808E-03,0.992546151641,-0.121702325706)
  );
#2462 = ORIENTED_EDGE('',*,*,#2463,.T.);
#2463 = EDGE_CURVE('',#2456,#1418,#2464,.T.);
#2464 = LINE('',#2465,#2466);
#2465 = CARTESIAN_POINT('',(146.01258562646,56.281709731799,
    6.404638269698));
#2466 = VECTOR('',#2467,1.);
#2467 = DIRECTION('',(4.81755017317E-02,0.390731128489,-0.919243333543)
  );
#2468 = ORIENTED_EDGE('',*,*,#1417,.T.);
#2469 = ORIENTED_EDGE('',*,*,#2470,.T.);
#2470 = EDGE_CURVE('',#1420,#2471,#2473,.T.);
#2471 = VERTEX_POINT('',#2472);
#2472 = CARTESIAN_POINT('',(146.00049027664,56.900511014288,
    6.63543129286));
#2473 = LINE('',#2474,#2475);
#2474 = CARTESIAN_POINT('',(146.01520096893,56.688700577487,
    6.354734562572));
#2475 = VECTOR('',#2476,1.);
#2476 = DIRECTION('',(-4.17973531079E-02,0.601815023152,0.797541007837)
  );
#2477 = ORIENTED_EDGE('',*,*,#2478,.T.);
#2478 = EDGE_CURVE('',#2471,#2479,#2481,.T.);
#2479 = VERTEX_POINT('',#2480);
#2480 = CARTESIAN_POINT('',(146.00373037614,57.404724459322,
    6.573606511402));
#2481 = LINE('',#2482,#2483);
#2482 = CARTESIAN_POINT('',(146.00373037614,57.404724459322,
    6.573606511402));
#2483 = VECTOR('',#2484,1.);
#2484 = DIRECTION('',(6.378148623808E-03,0.992546151641,-0.121702325706)
  );
#2485 = ORIENTED_EDGE('',*,*,#2486,.T.);
#2486 = EDGE_CURVE('',#2479,#1560,#2487,.T.);
#2487 = LINE('',#2488,#2489);
#2488 = CARTESIAN_POINT('',(146.02068587521,57.542243344384,
    6.250076316052));
#2489 = VECTOR('',#2490,1.);
#2490 = DIRECTION('',(4.81755017317E-02,0.390731128489,-0.919243333543)
  );
#2491 = ORIENTED_EDGE('',*,*,#1559,.T.);
#2492 = ORIENTED_EDGE('',*,*,#2493,.T.);
#2493 = EDGE_CURVE('',#1562,#2494,#2496,.T.);
#2494 = VERTEX_POINT('',#2495);
#2495 = CARTESIAN_POINT('',(146.0085905254,58.161044626873,
    6.480869339214));
#2496 = LINE('',#2497,#2498);
#2497 = CARTESIAN_POINT('',(146.02330121768,57.949234190071,
    6.200172608926));
#2498 = VECTOR('',#2499,1.);
#2499 = DIRECTION('',(-4.17973531079E-02,0.601815023152,0.797541007837)
  );
#2500 = ORIENTED_EDGE('',*,*,#2501,.T.);
#2501 = EDGE_CURVE('',#2494,#2502,#2504,.T.);
#2502 = VERTEX_POINT('',#2503);
#2503 = CARTESIAN_POINT('',(146.0118306249,58.665258071907,
    6.419044557756));
#2504 = LINE('',#2505,#2506);
#2505 = CARTESIAN_POINT('',(146.0118306249,58.665258071907,
    6.419044557756));
#2506 = VECTOR('',#2507,1.);
#2507 = DIRECTION('',(6.378148623808E-03,0.992546151641,-0.121702325706)
  );
#2508 = ORIENTED_EDGE('',*,*,#2509,.T.);
#2509 = EDGE_CURVE('',#2502,#1702,#2510,.T.);
#2510 = LINE('',#2511,#2512);
#2511 = CARTESIAN_POINT('',(146.02878612397,58.802776956968,
    6.095514362406));
#2512 = VECTOR('',#2513,1.);
#2513 = DIRECTION('',(4.81755017317E-02,0.390731128489,-0.919243333543)
  );
#2514 = ORIENTED_EDGE('',*,*,#1701,.T.);
#2515 = ORIENTED_EDGE('',*,*,#2516,.T.);
#2516 = EDGE_CURVE('',#1704,#2517,#2519,.T.);
#2517 = VERTEX_POINT('',#2518);
#2518 = CARTESIAN_POINT('',(146.01669077415,59.421578239457,
    6.326307385568));
#2519 = LINE('',#2520,#2521);
#2520 = CARTESIAN_POINT('',(146.03140146643,59.209767802656,
    6.04561065528));
#2521 = VECTOR('',#2522,1.);
#2522 = DIRECTION('',(-4.17973531079E-02,0.601815023152,0.797541007837)
  );
#2523 = ORIENTED_EDGE('',*,*,#2524,.T.);
#2524 = EDGE_CURVE('',#2517,#2525,#2527,.T.);
#2525 = VERTEX_POINT('',#2526);
#2526 = CARTESIAN_POINT('',(146.01993087365,59.925791684491,
    6.26448260411));
#2527 = LINE('',#2528,#2529);
#2528 = CARTESIAN_POINT('',(146.01993087365,59.925791684491,
    6.26448260411));
#2529 = VECTOR('',#2530,1.);
#2530 = DIRECTION('',(6.378148623808E-03,0.992546151641,-0.121702325706)
  );
#2531 = ORIENTED_EDGE('',*,*,#2532,.T.);
#2532 = EDGE_CURVE('',#2525,#1844,#2533,.T.);
#2533 = LINE('',#2534,#2535);
#2534 = CARTESIAN_POINT('',(146.03688637272,60.063310569553,
    5.94095240876));
#2535 = VECTOR('',#2536,1.);
#2536 = DIRECTION('',(4.81755017317E-02,0.390731128489,-0.919243333543)
  );
#2537 = ORIENTED_EDGE('',*,*,#1843,.T.);
#2538 = ORIENTED_EDGE('',*,*,#2539,.T.);
#2539 = EDGE_CURVE('',#1846,#2540,#2542,.T.);
#2540 = VERTEX_POINT('',#2541);
#2541 = CARTESIAN_POINT('',(146.0247910229,60.682111852042,
    6.171745431922));
#2542 = LINE('',#2543,#2544);
#2543 = CARTESIAN_POINT('',(146.03950171519,60.47030141524,
    5.891048701634));
#2544 = VECTOR('',#2545,1.);
#2545 = DIRECTION('',(-4.17973531079E-02,0.601815023152,0.797541007837)
  );
#2546 = ORIENTED_EDGE('',*,*,#2547,.T.);
#2547 = EDGE_CURVE('',#2540,#2548,#2550,.T.);
#2548 = VERTEX_POINT('',#2549);
#2549 = CARTESIAN_POINT('',(146.0280311224,61.186325297076,
    6.109920650464));
#2550 = LINE('',#2551,#2552);
#2551 = CARTESIAN_POINT('',(146.0280311224,61.186325297076,
    6.109920650464));
#2552 = VECTOR('',#2553,1.);
#2553 = DIRECTION('',(6.378148623808E-03,0.992546151641,-0.121702325706)
  );
#2554 = ORIENTED_EDGE('',*,*,#2555,.T.);
#2555 = EDGE_CURVE('',#2548,#1986,#2556,.T.);
#2556 = LINE('',#2557,#2558);
#2557 = CARTESIAN_POINT('',(146.04498662147,61.323844182137,
    5.786390455114));
#2558 = VECTOR('',#2559,1.);
#2559 = DIRECTION('',(4.81755017317E-02,0.390731128489,-0.919243333543)
  );
#2560 = ORIENTED_EDGE('',*,*,#1985,.T.);
#2561 = ORIENTED_EDGE('',*,*,#2562,.T.);
#2562 = EDGE_CURVE('',#1988,#2563,#2565,.T.);
#2563 = VERTEX_POINT('',#2564);
#2564 = CARTESIAN_POINT('',(146.03289127165,61.942645464626,
    6.017183478276));
#2565 = LINE('',#2566,#2567);
#2566 = CARTESIAN_POINT('',(146.04760196394,61.730835027825,
    5.736486747988));
#2567 = VECTOR('',#2568,1.);
#2568 = DIRECTION('',(-4.17973531079E-02,0.601815023152,0.797541007837)
  );
#2569 = ORIENTED_EDGE('',*,*,#2570,.T.);
#2570 = EDGE_CURVE('',#2563,#2571,#2573,.T.);
#2571 = VERTEX_POINT('',#2572);
#2572 = CARTESIAN_POINT('',(146.03613137115,62.44685890966,
    5.955358696818));
#2573 = LINE('',#2574,#2575);
#2574 = CARTESIAN_POINT('',(146.03613137115,62.44685890966,
    5.955358696818));
#2575 = VECTOR('',#2576,1.);
#2576 = DIRECTION('',(6.378148623808E-03,0.992546151641,-0.121702325706)
  );
#2577 = ORIENTED_EDGE('',*,*,#2578,.T.);
#2578 = EDGE_CURVE('',#2571,#2128,#2579,.T.);
#2579 = LINE('',#2580,#2581);
#2580 = CARTESIAN_POINT('',(146.05308687022,62.584377794722,
    5.631828501468));
#2581 = VECTOR('',#2582,1.);
#2582 = DIRECTION('',(4.81755017317E-02,0.390731128489,-0.919243333543)
  );
#2583 = ORIENTED_EDGE('',*,*,#2127,.T.);
#2584 = ORIENTED_EDGE('',*,*,#2585,.T.);
#2585 = EDGE_CURVE('',#2130,#2586,#2588,.T.);
#2586 = VERTEX_POINT('',#2587);
#2587 = CARTESIAN_POINT('',(146.0409915204,63.203179077211,5.86262152463
    ));
#2588 = LINE('',#2589,#2590);
#2589 = CARTESIAN_POINT('',(146.05570221269,62.991368640409,
    5.581924794342));
#2590 = VECTOR('',#2591,1.);
#2591 = DIRECTION('',(-4.17973531079E-02,0.601815023152,0.797541007837)
  );
#2592 = ORIENTED_EDGE('',*,*,#2593,.T.);
#2593 = EDGE_CURVE('',#2586,#2594,#2596,.T.);
#2594 = VERTEX_POINT('',#2595);
#2595 = CARTESIAN_POINT('',(146.04423161991,63.707392522245,
    5.800796743171));
#2596 = LINE('',#2597,#2598);
#2597 = CARTESIAN_POINT('',(146.04423161991,63.707392522245,
    5.800796743171));
#2598 = VECTOR('',#2599,1.);
#2599 = DIRECTION('',(6.378148623808E-03,0.992546151641,-0.121702325706)
  );
#2600 = ORIENTED_EDGE('',*,*,#2601,.T.);
#2601 = EDGE_CURVE('',#2594,#2602,#2604,.T.);
#2602 = VERTEX_POINT('',#2603);
#2603 = CARTESIAN_POINT('',(146.06118711897,63.844911407306,
    5.477266547822));
#2604 = LINE('',#2605,#2606);
#2605 = CARTESIAN_POINT('',(146.06118711897,63.844911407306,
    5.477266547822));
#2606 = VECTOR('',#2607,1.);
#2607 = DIRECTION('',(4.81755017317E-02,0.390731128489,-0.919243333543)
  );
#2608 = ORIENTED_EDGE('',*,*,#2609,.T.);
#2609 = EDGE_CURVE('',#2602,#2295,#2610,.T.);
#2610 = LINE('',#2611,#2612);
#2611 = CARTESIAN_POINT('',(145.96407676787,48.732923437249,
    7.330242431058));
#2612 = VECTOR('',#2613,1.);
#2613 = DIRECTION('',(6.378148623808E-03,0.992546151641,-0.121702325706)
  );
#2614 = ORIENTED_EDGE('',*,*,#2294,.T.);
#2615 = ORIENTED_EDGE('',*,*,#2616,.F.);
#2616 = EDGE_CURVE('',#2617,#2287,#2619,.T.);
#2617 = VERTEX_POINT('',#2618);
#2618 = CARTESIAN_POINT('',(145.8492868242,49.002230312305,
    9.520565036493));
#2619 = LINE('',#2620,#2621);
#2620 = CARTESIAN_POINT('',(145.8492868242,49.002230312305,
    9.520565036493));
#2621 = VECTOR('',#2622,1.);
#2622 = DIRECTION('',(6.378148623808E-03,0.992546151641,-0.121702325706)
  );
#2623 = ORIENTED_EDGE('',*,*,#2624,.F.);
#2624 = EDGE_CURVE('',#584,#2617,#2625,.T.);
#2625 = LINE('',#2626,#2627);
#2626 = CARTESIAN_POINT('',(145.96407676787,48.732923437249,
    7.330242431058));
#2627 = VECTOR('',#2628,1.);
#2628 = DIRECTION('',(-5.19458519614E-02,0.121869343405,0.991185901636)
  );
#2629 = ORIENTED_EDGE('',*,*,#583,.T.);
#2630 = PLANE('',#2631);
#2631 = AXIS2_PLACEMENT_3D('',#2632,#2633,#2634);
#2632 = CARTESIAN_POINT('',(145.96407676787,48.732923437249,
    7.330242431058));
#2633 = DIRECTION('',(0.998629534755,3.116433178108E-17,
    5.233595624294E-02));
#2634 = DIRECTION('',(6.378148623808E-03,0.992546151641,-0.121702325706)
  );
#2635 = ADVANCED_FACE('',(#2636),#2663,.T.);
#2636 = FACE_BOUND('',#2637,.T.);
#2637 = EDGE_LOOP('',(#2638,#2639,#2645,#2646,#2647,#2648,#2656,#2662));
#2638 = ORIENTED_EDGE('',*,*,#622,.F.);
#2639 = ORIENTED_EDGE('',*,*,#2640,.F.);
#2640 = EDGE_CURVE('',#639,#615,#2641,.T.);
#2641 = LINE('',#2642,#2643);
#2642 = CARTESIAN_POINT('',(144.14731516921,48.770069213118,
    7.537973230388));
#2643 = VECTOR('',#2644,1.);
#2644 = DIRECTION('',(-0.998629534755,-1.413873079185E-16,
    -5.233595624294E-02));
#2645 = ORIENTED_EDGE('',*,*,#653,.F.);
#2646 = ORIENTED_EDGE('',*,*,#591,.T.);
#2647 = ORIENTED_EDGE('',*,*,#2624,.T.);
#2648 = ORIENTED_EDGE('',*,*,#2649,.F.);
#2649 = EDGE_CURVE('',#2650,#2617,#2652,.T.);
#2650 = VERTEX_POINT('',#2651);
#2651 = CARTESIAN_POINT('',(143.6425152783,49.002230312305,
    9.404913040388));
#2652 = LINE('',#2653,#2654);
#2653 = CARTESIAN_POINT('',(143.6425152783,49.002230312305,
    9.404913040388));
#2654 = VECTOR('',#2655,1.);
#2655 = DIRECTION('',(0.998629534755,1.413873079185E-16,
    5.233595624294E-02));
#2656 = ORIENTED_EDGE('',*,*,#2657,.F.);
#2657 = EDGE_CURVE('',#528,#2650,#2658,.T.);
#2658 = LINE('',#2659,#2660);
#2659 = CARTESIAN_POINT('',(143.75730522197,48.732923437249,
    7.214590434953));
#2660 = VECTOR('',#2661,1.);
#2661 = DIRECTION('',(-5.19458519614E-02,0.121869343405,0.991185901636)
  );
#2662 = ORIENTED_EDGE('',*,*,#551,.T.);
#2663 = PLANE('',#2664);
#2664 = AXIS2_PLACEMENT_3D('',#2665,#2666,#2667);
#2665 = CARTESIAN_POINT('',(143.75730522197,48.732923437249,
    7.214590434953));
#2666 = DIRECTION('',(-6.378148623808E-03,-0.992546151641,0.121702325706
    ));
#2667 = DIRECTION('',(0.998629534755,1.413873079185E-16,
    5.233595624294E-02));
#2668 = ADVANCED_FACE('',(#2669),#2956,.T.);
#2669 = FACE_BOUND('',#2670,.T.);
#2670 = EDGE_LOOP('',(#2671,#2679,#2680,#2681,#2687,#2688,#2689,#2697,
    #2705,#2711,#2712,#2720,#2728,#2734,#2735,#2743,#2751,#2757,#2758,
    #2766,#2774,#2780,#2781,#2789,#2797,#2803,#2804,#2812,#2820,#2826,
    #2827,#2835,#2843,#2849,#2850,#2858,#2866,#2872,#2873,#2881,#2889,
    #2895,#2896,#2904,#2912,#2918,#2919,#2927,#2935,#2941,#2942,#2950));
#2671 = ORIENTED_EDGE('',*,*,#2672,.F.);
#2672 = EDGE_CURVE('',#526,#2673,#2675,.T.);
#2673 = VERTEX_POINT('',#2674);
#2674 = CARTESIAN_POINT('',(143.74511723823,49.337309338782,
    7.44715101863));
#2675 = LINE('',#2676,#2677);
#2676 = CARTESIAN_POINT('',(143.75982793052,49.12549890198,
    7.166454288342));
#2677 = VECTOR('',#2678,1.);
#2678 = DIRECTION('',(-4.17973531079E-02,0.601815023152,0.797541007837)
  );
#2679 = ORIENTED_EDGE('',*,*,#525,.T.);
#2680 = ORIENTED_EDGE('',*,*,#2657,.T.);
#2681 = ORIENTED_EDGE('',*,*,#2682,.F.);
#2682 = EDGE_CURVE('',#2279,#2650,#2683,.T.);
#2683 = LINE('',#2684,#2685);
#2684 = CARTESIAN_POINT('',(143.74214833796,64.506793747094,
    7.503801010542));
#2685 = VECTOR('',#2686,1.);
#2686 = DIRECTION('',(-6.378148623808E-03,-0.992546151641,0.121702325706
    ));
#2687 = ORIENTED_EDGE('',*,*,#2278,.F.);
#2688 = ORIENTED_EDGE('',*,*,#2247,.T.);
#2689 = ORIENTED_EDGE('',*,*,#2690,.F.);
#2690 = EDGE_CURVE('',#2691,#2240,#2693,.T.);
#2691 = VERTEX_POINT('',#2692);
#2692 = CARTESIAN_POINT('',(143.837460074,63.707392522245,5.685144747066
    ));
#2693 = LINE('',#2694,#2695);
#2694 = CARTESIAN_POINT('',(143.85441557307,63.844911407306,
    5.361614551717));
#2695 = VECTOR('',#2696,1.);
#2696 = DIRECTION('',(4.81755017317E-02,0.390731128489,-0.919243333543)
  );
#2697 = ORIENTED_EDGE('',*,*,#2698,.F.);
#2698 = EDGE_CURVE('',#2699,#2691,#2701,.T.);
#2699 = VERTEX_POINT('',#2700);
#2700 = CARTESIAN_POINT('',(143.8342199745,63.203179077211,
    5.746969528524));
#2701 = LINE('',#2702,#2703);
#2702 = CARTESIAN_POINT('',(143.837460074,63.707392522245,5.685144747066
    ));
#2703 = VECTOR('',#2704,1.);
#2704 = DIRECTION('',(6.378148623808E-03,0.992546151641,-0.121702325706)
  );
#2705 = ORIENTED_EDGE('',*,*,#2706,.F.);
#2706 = EDGE_CURVE('',#2106,#2699,#2707,.T.);
#2707 = LINE('',#2708,#2709);
#2708 = CARTESIAN_POINT('',(143.84893066679,62.991368640409,
    5.466272798236));
#2709 = VECTOR('',#2710,1.);
#2710 = DIRECTION('',(-4.17973531079E-02,0.601815023152,0.797541007837)
  );
#2711 = ORIENTED_EDGE('',*,*,#2105,.T.);
#2712 = ORIENTED_EDGE('',*,*,#2713,.F.);
#2713 = EDGE_CURVE('',#2714,#2098,#2716,.T.);
#2714 = VERTEX_POINT('',#2715);
#2715 = CARTESIAN_POINT('',(143.82935982525,62.44685890966,
    5.839706700712));
#2716 = LINE('',#2717,#2718);
#2717 = CARTESIAN_POINT('',(143.84631532432,62.584377794722,
    5.516176505363));
#2718 = VECTOR('',#2719,1.);
#2719 = DIRECTION('',(4.81755017317E-02,0.390731128489,-0.919243333543)
  );
#2720 = ORIENTED_EDGE('',*,*,#2721,.F.);
#2721 = EDGE_CURVE('',#2722,#2714,#2724,.T.);
#2722 = VERTEX_POINT('',#2723);
#2723 = CARTESIAN_POINT('',(143.82611972575,61.942645464626,
    5.90153148217));
#2724 = LINE('',#2725,#2726);
#2725 = CARTESIAN_POINT('',(143.82935982525,62.44685890966,
    5.839706700712));
#2726 = VECTOR('',#2727,1.);
#2727 = DIRECTION('',(6.378148623808E-03,0.992546151641,-0.121702325706)
  );
#2728 = ORIENTED_EDGE('',*,*,#2729,.F.);
#2729 = EDGE_CURVE('',#1964,#2722,#2730,.T.);
#2730 = LINE('',#2731,#2732);
#2731 = CARTESIAN_POINT('',(143.84083041804,61.730835027825,
    5.620834751882));
#2732 = VECTOR('',#2733,1.);
#2733 = DIRECTION('',(-4.17973531079E-02,0.601815023152,0.797541007837)
  );
#2734 = ORIENTED_EDGE('',*,*,#1963,.T.);
#2735 = ORIENTED_EDGE('',*,*,#2736,.F.);
#2736 = EDGE_CURVE('',#2737,#1956,#2739,.T.);
#2737 = VERTEX_POINT('',#2738);
#2738 = CARTESIAN_POINT('',(143.8212595765,61.186325297076,
    5.994268654358));
#2739 = LINE('',#2740,#2741);
#2740 = CARTESIAN_POINT('',(143.83821507557,61.323844182137,
    5.670738459009));
#2741 = VECTOR('',#2742,1.);
#2742 = DIRECTION('',(4.81755017317E-02,0.390731128489,-0.919243333543)
  );
#2743 = ORIENTED_EDGE('',*,*,#2744,.F.);
#2744 = EDGE_CURVE('',#2745,#2737,#2747,.T.);
#2745 = VERTEX_POINT('',#2746);
#2746 = CARTESIAN_POINT('',(143.818019477,60.682111852042,6.056093435816
    ));
#2747 = LINE('',#2748,#2749);
#2748 = CARTESIAN_POINT('',(143.8212595765,61.186325297076,
    5.994268654358));
#2749 = VECTOR('',#2750,1.);
#2750 = DIRECTION('',(6.378148623808E-03,0.992546151641,-0.121702325706)
  );
#2751 = ORIENTED_EDGE('',*,*,#2752,.F.);
#2752 = EDGE_CURVE('',#1822,#2745,#2753,.T.);
#2753 = LINE('',#2754,#2755);
#2754 = CARTESIAN_POINT('',(143.83273016929,60.47030141524,
    5.775396705528));
#2755 = VECTOR('',#2756,1.);
#2756 = DIRECTION('',(-4.17973531079E-02,0.601815023152,0.797541007837)
  );
#2757 = ORIENTED_EDGE('',*,*,#1821,.T.);
#2758 = ORIENTED_EDGE('',*,*,#2759,.F.);
#2759 = EDGE_CURVE('',#2760,#1814,#2762,.T.);
#2760 = VERTEX_POINT('',#2761);
#2761 = CARTESIAN_POINT('',(143.81315932775,59.925791684491,
    6.148830608004));
#2762 = LINE('',#2763,#2764);
#2763 = CARTESIAN_POINT('',(143.83011482682,60.063310569553,
    5.825300412655));
#2764 = VECTOR('',#2765,1.);
#2765 = DIRECTION('',(4.81755017317E-02,0.390731128489,-0.919243333543)
  );
#2766 = ORIENTED_EDGE('',*,*,#2767,.F.);
#2767 = EDGE_CURVE('',#2768,#2760,#2770,.T.);
#2768 = VERTEX_POINT('',#2769);
#2769 = CARTESIAN_POINT('',(143.80991922825,59.421578239457,
    6.210655389462));
#2770 = LINE('',#2771,#2772);
#2771 = CARTESIAN_POINT('',(143.81315932775,59.925791684491,
    6.148830608004));
#2772 = VECTOR('',#2773,1.);
#2773 = DIRECTION('',(6.378148623808E-03,0.992546151641,-0.121702325706)
  );
#2774 = ORIENTED_EDGE('',*,*,#2775,.F.);
#2775 = EDGE_CURVE('',#1680,#2768,#2776,.T.);
#2776 = LINE('',#2777,#2778);
#2777 = CARTESIAN_POINT('',(143.82462992053,59.209767802656,
    5.929958659174));
#2778 = VECTOR('',#2779,1.);
#2779 = DIRECTION('',(-4.17973531079E-02,0.601815023152,0.797541007837)
  );
#2780 = ORIENTED_EDGE('',*,*,#1679,.T.);
#2781 = ORIENTED_EDGE('',*,*,#2782,.F.);
#2782 = EDGE_CURVE('',#2783,#1672,#2785,.T.);
#2783 = VERTEX_POINT('',#2784);
#2784 = CARTESIAN_POINT('',(143.805059079,58.665258071907,6.30339256165)
  );
#2785 = LINE('',#2786,#2787);
#2786 = CARTESIAN_POINT('',(143.82201457806,58.802776956968,
    5.979862366301));
#2787 = VECTOR('',#2788,1.);
#2788 = DIRECTION('',(4.81755017317E-02,0.390731128489,-0.919243333543)
  );
#2789 = ORIENTED_EDGE('',*,*,#2790,.F.);
#2790 = EDGE_CURVE('',#2791,#2783,#2793,.T.);
#2791 = VERTEX_POINT('',#2792);
#2792 = CARTESIAN_POINT('',(143.80181897949,58.161044626873,
    6.365217343108));
#2793 = LINE('',#2794,#2795);
#2794 = CARTESIAN_POINT('',(143.805059079,58.665258071907,6.30339256165)
  );
#2795 = VECTOR('',#2796,1.);
#2796 = DIRECTION('',(6.378148623808E-03,0.992546151641,-0.121702325706)
  );
#2797 = ORIENTED_EDGE('',*,*,#2798,.F.);
#2798 = EDGE_CURVE('',#1538,#2791,#2799,.T.);
#2799 = LINE('',#2800,#2801);
#2800 = CARTESIAN_POINT('',(143.81652967178,57.949234190071,
    6.08452061282));
#2801 = VECTOR('',#2802,1.);
#2802 = DIRECTION('',(-4.17973531079E-02,0.601815023152,0.797541007837)
  );
#2803 = ORIENTED_EDGE('',*,*,#1537,.T.);
#2804 = ORIENTED_EDGE('',*,*,#2805,.F.);
#2805 = EDGE_CURVE('',#2806,#1530,#2808,.T.);
#2806 = VERTEX_POINT('',#2807);
#2807 = CARTESIAN_POINT('',(143.79695883024,57.404724459322,
    6.457954515296));
#2808 = LINE('',#2809,#2810);
#2809 = CARTESIAN_POINT('',(143.81391432931,57.542243344384,
    6.134424319947));
#2810 = VECTOR('',#2811,1.);
#2811 = DIRECTION('',(4.81755017317E-02,0.390731128489,-0.919243333543)
  );
#2812 = ORIENTED_EDGE('',*,*,#2813,.F.);
#2813 = EDGE_CURVE('',#2814,#2806,#2816,.T.);
#2814 = VERTEX_POINT('',#2815);
#2815 = CARTESIAN_POINT('',(143.79371873074,56.900511014288,
    6.519779296754));
#2816 = LINE('',#2817,#2818);
#2817 = CARTESIAN_POINT('',(143.79695883024,57.404724459322,
    6.457954515296));
#2818 = VECTOR('',#2819,1.);
#2819 = DIRECTION('',(6.378148623808E-03,0.992546151641,-0.121702325706)
  );
#2820 = ORIENTED_EDGE('',*,*,#2821,.F.);
#2821 = EDGE_CURVE('',#1396,#2814,#2822,.T.);
#2822 = LINE('',#2823,#2824);
#2823 = CARTESIAN_POINT('',(143.80842942303,56.688700577487,
    6.239082566466));
#2824 = VECTOR('',#2825,1.);
#2825 = DIRECTION('',(-4.17973531079E-02,0.601815023152,0.797541007837)
  );
#2826 = ORIENTED_EDGE('',*,*,#1395,.T.);
#2827 = ORIENTED_EDGE('',*,*,#2828,.F.);
#2828 = EDGE_CURVE('',#2829,#1388,#2831,.T.);
#2829 = VERTEX_POINT('',#2830);
#2830 = CARTESIAN_POINT('',(143.78885858149,56.144190846738,
    6.612516468942));
#2831 = LINE('',#2832,#2833);
#2832 = CARTESIAN_POINT('',(143.80581408056,56.281709731799,
    6.288986273593));
#2833 = VECTOR('',#2834,1.);
#2834 = DIRECTION('',(4.81755017317E-02,0.390731128489,-0.919243333543)
  );
#2835 = ORIENTED_EDGE('',*,*,#2836,.F.);
#2836 = EDGE_CURVE('',#2837,#2829,#2839,.T.);
#2837 = VERTEX_POINT('',#2838);
#2838 = CARTESIAN_POINT('',(143.78561848199,55.639977401704,6.6743412504
    ));
#2839 = LINE('',#2840,#2841);
#2840 = CARTESIAN_POINT('',(143.78885858149,56.144190846738,
    6.612516468942));
#2841 = VECTOR('',#2842,1.);
#2842 = DIRECTION('',(6.378148623808E-03,0.992546151641,-0.121702325706)
  );
#2843 = ORIENTED_EDGE('',*,*,#2844,.F.);
#2844 = EDGE_CURVE('',#1254,#2837,#2845,.T.);
#2845 = LINE('',#2846,#2847);
#2846 = CARTESIAN_POINT('',(143.80032917428,55.428166964902,
    6.393644520112));
#2847 = VECTOR('',#2848,1.);
#2848 = DIRECTION('',(-4.17973531079E-02,0.601815023152,0.797541007837)
  );
#2849 = ORIENTED_EDGE('',*,*,#1253,.T.);
#2850 = ORIENTED_EDGE('',*,*,#2851,.F.);
#2851 = EDGE_CURVE('',#2852,#1246,#2854,.T.);
#2852 = VERTEX_POINT('',#2853);
#2853 = CARTESIAN_POINT('',(143.78075833274,54.883657234153,
    6.767078422588));
#2854 = LINE('',#2855,#2856);
#2855 = CARTESIAN_POINT('',(143.79771383181,55.021176119215,
    6.443548227239));
#2856 = VECTOR('',#2857,1.);
#2857 = DIRECTION('',(4.81755017317E-02,0.390731128489,-0.919243333543)
  );
#2858 = ORIENTED_EDGE('',*,*,#2859,.F.);
#2859 = EDGE_CURVE('',#2860,#2852,#2862,.T.);
#2860 = VERTEX_POINT('',#2861);
#2861 = CARTESIAN_POINT('',(143.77751823324,54.379443789119,
    6.828903204046));
#2862 = LINE('',#2863,#2864);
#2863 = CARTESIAN_POINT('',(143.78075833274,54.883657234153,
    6.767078422588));
#2864 = VECTOR('',#2865,1.);
#2865 = DIRECTION('',(6.378148623808E-03,0.992546151641,-0.121702325706)
  );
#2866 = ORIENTED_EDGE('',*,*,#2867,.F.);
#2867 = EDGE_CURVE('',#1112,#2860,#2868,.T.);
#2868 = LINE('',#2869,#2870);
#2869 = CARTESIAN_POINT('',(143.79222892552,54.167633352318,
    6.548206473758));
#2870 = VECTOR('',#2871,1.);
#2871 = DIRECTION('',(-4.17973531079E-02,0.601815023152,0.797541007837)
  );
#2872 = ORIENTED_EDGE('',*,*,#1111,.T.);
#2873 = ORIENTED_EDGE('',*,*,#2874,.F.);
#2874 = EDGE_CURVE('',#2875,#1104,#2877,.T.);
#2875 = VERTEX_POINT('',#2876);
#2876 = CARTESIAN_POINT('',(143.77265808399,53.623123621569,
    6.921640376234));
#2877 = LINE('',#2878,#2879);
#2878 = CARTESIAN_POINT('',(143.78961358306,53.76064250663,
    6.598110180885));
#2879 = VECTOR('',#2880,1.);
#2880 = DIRECTION('',(4.81755017317E-02,0.390731128489,-0.919243333543)
  );
#2881 = ORIENTED_EDGE('',*,*,#2882,.F.);
#2882 = EDGE_CURVE('',#2883,#2875,#2885,.T.);
#2883 = VERTEX_POINT('',#2884);
#2884 = CARTESIAN_POINT('',(143.76941798449,53.118910176535,
    6.983465157692));
#2885 = LINE('',#2886,#2887);
#2886 = CARTESIAN_POINT('',(143.77265808399,53.623123621569,
    6.921640376234));
#2887 = VECTOR('',#2888,1.);
#2888 = DIRECTION('',(6.378148623808E-03,0.992546151641,-0.121702325706)
  );
#2889 = ORIENTED_EDGE('',*,*,#2890,.F.);
#2890 = EDGE_CURVE('',#970,#2883,#2891,.T.);
#2891 = LINE('',#2892,#2893);
#2892 = CARTESIAN_POINT('',(143.78412867677,52.907099739733,
    6.702768427404));
#2893 = VECTOR('',#2894,1.);
#2894 = DIRECTION('',(-4.17973531079E-02,0.601815023152,0.797541007837)
  );
#2895 = ORIENTED_EDGE('',*,*,#969,.T.);
#2896 = ORIENTED_EDGE('',*,*,#2897,.F.);
#2897 = EDGE_CURVE('',#2898,#962,#2900,.T.);
#2898 = VERTEX_POINT('',#2899);
#2899 = CARTESIAN_POINT('',(143.76455783523,52.362590008984,
    7.07620232988));
#2900 = LINE('',#2901,#2902);
#2901 = CARTESIAN_POINT('',(143.7815133343,52.500108894046,
    6.752672134531));
#2902 = VECTOR('',#2903,1.);
#2903 = DIRECTION('',(4.81755017317E-02,0.390731128489,-0.919243333543)
  );
#2904 = ORIENTED_EDGE('',*,*,#2905,.F.);
#2905 = EDGE_CURVE('',#2906,#2898,#2908,.T.);
#2906 = VERTEX_POINT('',#2907);
#2907 = CARTESIAN_POINT('',(143.76131773573,51.85837656395,
    7.138027111338));
#2908 = LINE('',#2909,#2910);
#2909 = CARTESIAN_POINT('',(143.76455783523,52.362590008984,
    7.07620232988));
#2910 = VECTOR('',#2911,1.);
#2911 = DIRECTION('',(6.378148623808E-03,0.992546151641,-0.121702325706)
  );
#2912 = ORIENTED_EDGE('',*,*,#2913,.F.);
#2913 = EDGE_CURVE('',#828,#2906,#2914,.T.);
#2914 = LINE('',#2915,#2916);
#2915 = CARTESIAN_POINT('',(143.77602842802,51.646566127149,
    6.85733038105));
#2916 = VECTOR('',#2917,1.);
#2917 = DIRECTION('',(-4.17973531079E-02,0.601815023152,0.797541007837)
  );
#2918 = ORIENTED_EDGE('',*,*,#827,.T.);
#2919 = ORIENTED_EDGE('',*,*,#2920,.F.);
#2920 = EDGE_CURVE('',#2921,#820,#2923,.T.);
#2921 = VERTEX_POINT('',#2922);
#2922 = CARTESIAN_POINT('',(143.75645758648,51.1020563964,7.230764283526
    ));
#2923 = LINE('',#2924,#2925);
#2924 = CARTESIAN_POINT('',(143.77341308555,51.239575281461,
    6.907234088177));
#2925 = VECTOR('',#2926,1.);
#2926 = DIRECTION('',(4.81755017317E-02,0.390731128489,-0.919243333543)
  );
#2927 = ORIENTED_EDGE('',*,*,#2928,.F.);
#2928 = EDGE_CURVE('',#2929,#2921,#2931,.T.);
#2929 = VERTEX_POINT('',#2930);
#2930 = CARTESIAN_POINT('',(143.75321748698,50.597842951366,
    7.292589064984));
#2931 = LINE('',#2932,#2933);
#2932 = CARTESIAN_POINT('',(143.75645758648,51.1020563964,7.230764283526
    ));
#2933 = VECTOR('',#2934,1.);
#2934 = DIRECTION('',(6.378148623808E-03,0.992546151641,-0.121702325706)
  );
#2935 = ORIENTED_EDGE('',*,*,#2936,.F.);
#2936 = EDGE_CURVE('',#686,#2929,#2937,.T.);
#2937 = LINE('',#2938,#2939);
#2938 = CARTESIAN_POINT('',(143.76792817927,50.386032514565,
    7.011892334696));
#2939 = VECTOR('',#2940,1.);
#2940 = DIRECTION('',(-4.17973531079E-02,0.601815023152,0.797541007837)
  );
#2941 = ORIENTED_EDGE('',*,*,#685,.T.);
#2942 = ORIENTED_EDGE('',*,*,#2943,.F.);
#2943 = EDGE_CURVE('',#2944,#678,#2946,.T.);
#2944 = VERTEX_POINT('',#2945);
#2945 = CARTESIAN_POINT('',(143.74835733773,49.841522783815,
    7.385326237172));
#2946 = LINE('',#2947,#2948);
#2947 = CARTESIAN_POINT('',(143.7653128368,49.979041668877,
    7.061796041823));
#2948 = VECTOR('',#2949,1.);
#2949 = DIRECTION('',(4.81755017317E-02,0.390731128489,-0.919243333543)
  );
#2950 = ORIENTED_EDGE('',*,*,#2951,.F.);
#2951 = EDGE_CURVE('',#2673,#2944,#2952,.T.);
#2952 = LINE('',#2953,#2954);
#2953 = CARTESIAN_POINT('',(143.74835733773,49.841522783815,
    7.385326237172));
#2954 = VECTOR('',#2955,1.);
#2955 = DIRECTION('',(6.378148623808E-03,0.992546151641,-0.121702325706)
  );
#2956 = PLANE('',#2957);
#2957 = AXIS2_PLACEMENT_3D('',#2958,#2959,#2960);
#2958 = CARTESIAN_POINT('',(143.85693828162,64.237486872038,
    5.313478405106));
#2959 = DIRECTION('',(-0.998629534755,-1.413873079185E-16,
    -5.233595624294E-02));
#2960 = DIRECTION('',(-6.378148623808E-03,-0.992546151641,0.121702325706
    ));
#2961 = ADVANCED_FACE('',(#2962),#2980,.F.);
#2962 = FACE_BOUND('',#2963,.T.);
#2963 = EDGE_LOOP('',(#2964,#2965,#2973,#2979));
#2964 = ORIENTED_EDGE('',*,*,#2609,.F.);
#2965 = ORIENTED_EDGE('',*,*,#2966,.T.);
#2966 = EDGE_CURVE('',#2602,#2967,#2969,.T.);
#2967 = VERTEX_POINT('',#2968);
#2968 = CARTESIAN_POINT('',(145.83107926861,63.844911407306,
    5.465207106389));
#2969 = LINE('',#2970,#2971);
#2970 = CARTESIAN_POINT('',(146.06118711897,63.844911407306,
    5.477266547822));
#2971 = VECTOR('',#2972,1.);
#2972 = DIRECTION('',(-0.998629534755,-1.413873079185E-16,
    -5.233595624294E-02));
#2973 = ORIENTED_EDGE('',*,*,#2974,.T.);
#2974 = EDGE_CURVE('',#2967,#2303,#2975,.T.);
#2975 = LINE('',#2976,#2977);
#2976 = CARTESIAN_POINT('',(145.83360197716,64.237486872038,
    5.417070959779));
#2977 = VECTOR('',#2978,1.);
#2978 = DIRECTION('',(6.378148623808E-03,0.992546151641,-0.121702325706)
  );
#2979 = ORIENTED_EDGE('',*,*,#2302,.F.);
#2980 = PLANE('',#2981);
#2981 = AXIS2_PLACEMENT_3D('',#2982,#2983,#2984);
#2982 = CARTESIAN_POINT('',(143.85693828162,64.237486872038,
    5.313478405106));
#2983 = DIRECTION('',(-5.19458519614E-02,0.121869343405,0.991185901636)
  );
#2984 = DIRECTION('',(-0.998629534755,-1.413873079185E-16,
    -5.233595624294E-02));
#2985 = ADVANCED_FACE('',(#2986,#2996,#3006,#3016,#3026,#3036,#3046,
    #3056,#3066,#3076,#3086,#3096,#3106),#3112,.T.);
#2986 = FACE_BOUND('',#2987,.T.);
#2987 = EDGE_LOOP('',(#2988,#2995));
#2988 = ORIENTED_EDGE('',*,*,#2989,.F.);
#2989 = EDGE_CURVE('',#24,#32,#2990,.T.);
#2990 = CIRCLE('',#2991,0.4318);
#2991 = AXIS2_PLACEMENT_3D('',#2992,#2993,#2994);
#2992 = CARTESIAN_POINT('',(144.75116621294,49.821577160485,
    9.362273768571));
#2993 = DIRECTION('',(-5.19458519614E-02,0.121869343405,0.991185901636)
  );
#2994 = DIRECTION('',(-0.998629534755,-1.413873079185E-16,
    -5.233595624294E-02));
#2995 = ORIENTED_EDGE('',*,*,#31,.F.);
#2996 = FACE_BOUND('',#2997,.T.);
#2997 = EDGE_LOOP('',(#2998,#3005));
#2998 = ORIENTED_EDGE('',*,*,#2999,.F.);
#2999 = EDGE_CURVE('',#66,#74,#3000,.T.);
#3000 = CIRCLE('',#3001,0.4318);
#3001 = AXIS2_PLACEMENT_3D('',#3002,#3003,#3004);
#3002 = CARTESIAN_POINT('',(144.7592664617,51.08211077307,9.207711814925
    ));
#3003 = DIRECTION('',(-5.19458519614E-02,0.121869343405,0.991185901636)
  );
#3004 = DIRECTION('',(-0.998629534755,-1.413873079185E-16,
    -5.233595624294E-02));
#3005 = ORIENTED_EDGE('',*,*,#73,.F.);
#3006 = FACE_BOUND('',#3007,.T.);
#3007 = EDGE_LOOP('',(#3008,#3015));
#3008 = ORIENTED_EDGE('',*,*,#3009,.F.);
#3009 = EDGE_CURVE('',#108,#116,#3010,.T.);
#3010 = CIRCLE('',#3011,0.4318);
#3011 = AXIS2_PLACEMENT_3D('',#3012,#3013,#3014);
#3012 = CARTESIAN_POINT('',(144.76736671045,52.342644385654,
    9.053149861279));
#3013 = DIRECTION('',(-5.19458519614E-02,0.121869343405,0.991185901636)
  );
#3014 = DIRECTION('',(-0.998629534755,-1.413873079185E-16,
    -5.233595624294E-02));
#3015 = ORIENTED_EDGE('',*,*,#115,.F.);
#3016 = FACE_BOUND('',#3017,.T.);
#3017 = EDGE_LOOP('',(#3018,#3025));
#3018 = ORIENTED_EDGE('',*,*,#3019,.F.);
#3019 = EDGE_CURVE('',#150,#158,#3020,.T.);
#3020 = CIRCLE('',#3021,0.4318);
#3021 = AXIS2_PLACEMENT_3D('',#3022,#3023,#3024);
#3022 = CARTESIAN_POINT('',(144.7754669592,53.603177998239,
    8.898587907633));
#3023 = DIRECTION('',(-5.19458519614E-02,0.121869343405,0.991185901636)
  );
#3024 = DIRECTION('',(-0.998629534755,-1.413873079185E-16,
    -5.233595624294E-02));
#3025 = ORIENTED_EDGE('',*,*,#157,.F.);
#3026 = FACE_BOUND('',#3027,.T.);
#3027 = EDGE_LOOP('',(#3028,#3035));
#3028 = ORIENTED_EDGE('',*,*,#3029,.F.);
#3029 = EDGE_CURVE('',#192,#200,#3030,.T.);
#3030 = CIRCLE('',#3031,0.4318);
#3031 = AXIS2_PLACEMENT_3D('',#3032,#3033,#3034);
#3032 = CARTESIAN_POINT('',(144.78356720795,54.863711610823,
    8.744025953987));
#3033 = DIRECTION('',(-5.19458519614E-02,0.121869343405,0.991185901636)
  );
#3034 = DIRECTION('',(-0.998629534755,-1.413873079185E-16,
    -5.233595624294E-02));
#3035 = ORIENTED_EDGE('',*,*,#199,.F.);
#3036 = FACE_BOUND('',#3037,.T.);
#3037 = EDGE_LOOP('',(#3038,#3045));
#3038 = ORIENTED_EDGE('',*,*,#3039,.F.);
#3039 = EDGE_CURVE('',#234,#242,#3040,.T.);
#3040 = CIRCLE('',#3041,0.4318);
#3041 = AXIS2_PLACEMENT_3D('',#3042,#3043,#3044);
#3042 = CARTESIAN_POINT('',(144.7916674567,56.124245223408,
    8.589464000341));
#3043 = DIRECTION('',(-5.19458519614E-02,0.121869343405,0.991185901636)
  );
#3044 = DIRECTION('',(-0.998629534755,-1.413873079185E-16,
    -5.233595624294E-02));
#3045 = ORIENTED_EDGE('',*,*,#241,.F.);
#3046 = FACE_BOUND('',#3047,.T.);
#3047 = EDGE_LOOP('',(#3048,#3055));
#3048 = ORIENTED_EDGE('',*,*,#3049,.F.);
#3049 = EDGE_CURVE('',#276,#284,#3050,.T.);
#3050 = CIRCLE('',#3051,0.4318);
#3051 = AXIS2_PLACEMENT_3D('',#3052,#3053,#3054);
#3052 = CARTESIAN_POINT('',(144.79976770546,57.384778835992,
    8.434902046695));
#3053 = DIRECTION('',(-5.19458519614E-02,0.121869343405,0.991185901636)
  );
#3054 = DIRECTION('',(-0.998629534755,-1.413873079185E-16,
    -5.233595624294E-02));
#3055 = ORIENTED_EDGE('',*,*,#283,.F.);
#3056 = FACE_BOUND('',#3057,.T.);
#3057 = EDGE_LOOP('',(#3058,#3065));
#3058 = ORIENTED_EDGE('',*,*,#3059,.F.);
#3059 = EDGE_CURVE('',#318,#326,#3060,.T.);
#3060 = CIRCLE('',#3061,0.4318);
#3061 = AXIS2_PLACEMENT_3D('',#3062,#3063,#3064);
#3062 = CARTESIAN_POINT('',(144.80786795421,58.645312448577,
    8.280340093049));
#3063 = DIRECTION('',(-5.19458519614E-02,0.121869343405,0.991185901636)
  );
#3064 = DIRECTION('',(-0.998629534755,-1.413873079185E-16,
    -5.233595624294E-02));
#3065 = ORIENTED_EDGE('',*,*,#325,.F.);
#3066 = FACE_BOUND('',#3067,.T.);
#3067 = EDGE_LOOP('',(#3068,#3075));
#3068 = ORIENTED_EDGE('',*,*,#3069,.F.);
#3069 = EDGE_CURVE('',#360,#368,#3070,.T.);
#3070 = CIRCLE('',#3071,0.4318);
#3071 = AXIS2_PLACEMENT_3D('',#3072,#3073,#3074);
#3072 = CARTESIAN_POINT('',(144.81596820296,59.905846061161,
    8.125778139403));
#3073 = DIRECTION('',(-5.19458519614E-02,0.121869343405,0.991185901636)
  );
#3074 = DIRECTION('',(-0.998629534755,-1.413873079185E-16,
    -5.233595624294E-02));
#3075 = ORIENTED_EDGE('',*,*,#367,.F.);
#3076 = FACE_BOUND('',#3077,.T.);
#3077 = EDGE_LOOP('',(#3078,#3085));
#3078 = ORIENTED_EDGE('',*,*,#3079,.F.);
#3079 = EDGE_CURVE('',#402,#410,#3080,.T.);
#3080 = CIRCLE('',#3081,0.4318);
#3081 = AXIS2_PLACEMENT_3D('',#3082,#3083,#3084);
#3082 = CARTESIAN_POINT('',(144.82406845171,61.166379673746,
    7.971216185757));
#3083 = DIRECTION('',(-5.19458519614E-02,0.121869343405,0.991185901636)
  );
#3084 = DIRECTION('',(-0.998629534755,-1.413873079185E-16,
    -5.233595624294E-02));
#3085 = ORIENTED_EDGE('',*,*,#409,.F.);
#3086 = FACE_BOUND('',#3087,.T.);
#3087 = EDGE_LOOP('',(#3088,#3095));
#3088 = ORIENTED_EDGE('',*,*,#3089,.F.);
#3089 = EDGE_CURVE('',#444,#452,#3090,.T.);
#3090 = CIRCLE('',#3091,0.4318);
#3091 = AXIS2_PLACEMENT_3D('',#3092,#3093,#3094);
#3092 = CARTESIAN_POINT('',(144.83216870047,62.42691328633,7.81665423211
    ));
#3093 = DIRECTION('',(-5.19458519614E-02,0.121869343405,0.991185901636)
  );
#3094 = DIRECTION('',(-0.998629534755,-1.413873079185E-16,
    -5.233595624294E-02));
#3095 = ORIENTED_EDGE('',*,*,#451,.F.);
#3096 = FACE_BOUND('',#3097,.T.);
#3097 = EDGE_LOOP('',(#3098,#3105));
#3098 = ORIENTED_EDGE('',*,*,#3099,.F.);
#3099 = EDGE_CURVE('',#486,#494,#3100,.T.);
#3100 = CIRCLE('',#3101,0.4318);
#3101 = AXIS2_PLACEMENT_3D('',#3102,#3103,#3104);
#3102 = CARTESIAN_POINT('',(144.84026894922,63.687446898914,
    7.662092278464));
#3103 = DIRECTION('',(-5.19458519614E-02,0.121869343405,0.991185901636)
  );
#3104 = DIRECTION('',(-0.998629534755,-1.413873079185E-16,
    -5.233595624294E-02));
#3105 = ORIENTED_EDGE('',*,*,#493,.F.);
#3106 = FACE_BOUND('',#3107,.T.);
#3107 = EDGE_LOOP('',(#3108,#3109,#3110,#3111));
#3108 = ORIENTED_EDGE('',*,*,#2286,.T.);
#3109 = ORIENTED_EDGE('',*,*,#2682,.T.);
#3110 = ORIENTED_EDGE('',*,*,#2649,.T.);
#3111 = ORIENTED_EDGE('',*,*,#2616,.T.);
#3112 = PLANE('',#3113);
#3113 = AXIS2_PLACEMENT_3D('',#3114,#3115,#3116);
#3114 = CARTESIAN_POINT('',(143.74214833796,64.506793747094,
    7.503801010542));
#3115 = DIRECTION('',(-5.19458519614E-02,0.121869343405,0.991185901636)
  );
#3116 = DIRECTION('',(-0.998629534755,-1.413873079185E-16,
    -5.233595624294E-02));
#3117 = ADVANCED_FACE('',(#3118),#3136,.F.);
#3118 = FACE_BOUND('',#3119,.T.);
#3119 = EDGE_LOOP('',(#3120,#3128,#3134,#3135));
#3120 = ORIENTED_EDGE('',*,*,#3121,.T.);
#3121 = EDGE_CURVE('',#2270,#3122,#3124,.T.);
#3122 = VERTEX_POINT('',#3123);
#3123 = CARTESIAN_POINT('',(144.24330311693,63.707392522245,
    5.706414079683));
#3124 = LINE('',#3125,#3126);
#3125 = CARTESIAN_POINT('',(144.55475768145,112.17490992611,
    -0.236493038007));
#3126 = VECTOR('',#3127,1.);
#3127 = DIRECTION('',(-6.378148623808E-03,-0.992546151641,0.121702325706
    ));
#3128 = ORIENTED_EDGE('',*,*,#3129,.T.);
#3129 = EDGE_CURVE('',#3122,#2232,#3130,.T.);
#3130 = LINE('',#3131,#3132);
#3131 = CARTESIAN_POINT('',(135.43138029678,71.339387362574,
    -12.75992690652));
#3132 = VECTOR('',#3133,1.);
#3133 = DIRECTION('',(-0.403511226121,0.349480545691,-0.845601583831));
#3134 = ORIENTED_EDGE('',*,*,#2229,.F.);
#3135 = ORIENTED_EDGE('',*,*,#2269,.T.);
#3136 = PLANE('',#3137);
#3137 = AXIS2_PLACEMENT_3D('',#3138,#3139,#3140);
#3138 = CARTESIAN_POINT('',(144.55475768145,112.17490992611,
    -0.236493038007));
#3139 = DIRECTION('',(-0.890811472048,6.093467170257E-02,0.45026868318)
  );
#3140 = DIRECTION('',(-0.454328339957,-0.105541947331,-0.884560148811));
#3141 = ADVANCED_FACE('',(#3142,#3152,#3162,#3172,#3182,#3192,#3202,
    #3212,#3222,#3232,#3242,#3252,#3262),#3611,.F.);
#3142 = FACE_BOUND('',#3143,.T.);
#3143 = EDGE_LOOP('',(#3144,#3151));
#3144 = ORIENTED_EDGE('',*,*,#3145,.T.);
#3145 = EDGE_CURVE('',#22,#41,#3146,.T.);
#3146 = CIRCLE('',#3147,0.4318);
#3147 = AXIS2_PLACEMENT_3D('',#3148,#3149,#3150);
#3148 = CARTESIAN_POINT('',(144.85012306093,49.589416061298,
    7.474064625954));
#3149 = DIRECTION('',(-5.19458519614E-02,0.121869343405,0.991185901636)
  );
#3150 = DIRECTION('',(-0.998629534755,-1.413873079185E-16,
    -5.233595624294E-02));
#3151 = ORIENTED_EDGE('',*,*,#48,.T.);
#3152 = FACE_BOUND('',#3153,.T.);
#3153 = EDGE_LOOP('',(#3154,#3161));
#3154 = ORIENTED_EDGE('',*,*,#3155,.T.);
#3155 = EDGE_CURVE('',#64,#83,#3156,.T.);
#3156 = CIRCLE('',#3157,0.4318);
#3157 = AXIS2_PLACEMENT_3D('',#3158,#3159,#3160);
#3158 = CARTESIAN_POINT('',(144.85822330968,50.849949673883,
    7.319502672308));
#3159 = DIRECTION('',(-5.19458519614E-02,0.121869343405,0.991185901636)
  );
#3160 = DIRECTION('',(-0.998629534755,-1.413873079185E-16,
    -5.233595624294E-02));
#3161 = ORIENTED_EDGE('',*,*,#90,.T.);
#3162 = FACE_BOUND('',#3163,.T.);
#3163 = EDGE_LOOP('',(#3164,#3171));
#3164 = ORIENTED_EDGE('',*,*,#3165,.T.);
#3165 = EDGE_CURVE('',#106,#125,#3166,.T.);
#3166 = CIRCLE('',#3167,0.4318);
#3167 = AXIS2_PLACEMENT_3D('',#3168,#3169,#3170);
#3168 = CARTESIAN_POINT('',(144.86632355843,52.110483286467,
    7.164940718662));
#3169 = DIRECTION('',(-5.19458519614E-02,0.121869343405,0.991185901636)
  );
#3170 = DIRECTION('',(-0.998629534755,-1.413873079185E-16,
    -5.233595624294E-02));
#3171 = ORIENTED_EDGE('',*,*,#132,.T.);
#3172 = FACE_BOUND('',#3173,.T.);
#3173 = EDGE_LOOP('',(#3174,#3181));
#3174 = ORIENTED_EDGE('',*,*,#3175,.T.);
#3175 = EDGE_CURVE('',#148,#167,#3176,.T.);
#3176 = CIRCLE('',#3177,0.4318);
#3177 = AXIS2_PLACEMENT_3D('',#3178,#3179,#3180);
#3178 = CARTESIAN_POINT('',(144.87442380719,53.371016899052,
    7.010378765016));
#3179 = DIRECTION('',(-5.19458519614E-02,0.121869343405,0.991185901636)
  );
#3180 = DIRECTION('',(-0.998629534755,-1.413873079185E-16,
    -5.233595624294E-02));
#3181 = ORIENTED_EDGE('',*,*,#174,.T.);
#3182 = FACE_BOUND('',#3183,.T.);
#3183 = EDGE_LOOP('',(#3184,#3191));
#3184 = ORIENTED_EDGE('',*,*,#3185,.T.);
#3185 = EDGE_CURVE('',#190,#209,#3186,.T.);
#3186 = CIRCLE('',#3187,0.4318);
#3187 = AXIS2_PLACEMENT_3D('',#3188,#3189,#3190);
#3188 = CARTESIAN_POINT('',(144.88252405594,54.631550511636,
    6.85581681137));
#3189 = DIRECTION('',(-5.19458519614E-02,0.121869343405,0.991185901636)
  );
#3190 = DIRECTION('',(-0.998629534755,-1.413873079185E-16,
    -5.233595624294E-02));
#3191 = ORIENTED_EDGE('',*,*,#216,.T.);
#3192 = FACE_BOUND('',#3193,.T.);
#3193 = EDGE_LOOP('',(#3194,#3201));
#3194 = ORIENTED_EDGE('',*,*,#3195,.T.);
#3195 = EDGE_CURVE('',#232,#251,#3196,.T.);
#3196 = CIRCLE('',#3197,0.4318);
#3197 = AXIS2_PLACEMENT_3D('',#3198,#3199,#3200);
#3198 = CARTESIAN_POINT('',(144.89062430469,55.892084124221,
    6.701254857724));
#3199 = DIRECTION('',(-5.19458519614E-02,0.121869343405,0.991185901636)
  );
#3200 = DIRECTION('',(-0.998629534755,-1.413873079185E-16,
    -5.233595624294E-02));
#3201 = ORIENTED_EDGE('',*,*,#258,.T.);
#3202 = FACE_BOUND('',#3203,.T.);
#3203 = EDGE_LOOP('',(#3204,#3211));
#3204 = ORIENTED_EDGE('',*,*,#3205,.T.);
#3205 = EDGE_CURVE('',#274,#293,#3206,.T.);
#3206 = CIRCLE('',#3207,0.4318);
#3207 = AXIS2_PLACEMENT_3D('',#3208,#3209,#3210);
#3208 = CARTESIAN_POINT('',(144.89872455344,57.152617736805,
    6.546692904078));
#3209 = DIRECTION('',(-5.19458519614E-02,0.121869343405,0.991185901636)
  );
#3210 = DIRECTION('',(-0.998629534755,-1.413873079185E-16,
    -5.233595624294E-02));
#3211 = ORIENTED_EDGE('',*,*,#300,.T.);
#3212 = FACE_BOUND('',#3213,.T.);
#3213 = EDGE_LOOP('',(#3214,#3221));
#3214 = ORIENTED_EDGE('',*,*,#3215,.T.);
#3215 = EDGE_CURVE('',#316,#335,#3216,.T.);
#3216 = CIRCLE('',#3217,0.4318);
#3217 = AXIS2_PLACEMENT_3D('',#3218,#3219,#3220);
#3218 = CARTESIAN_POINT('',(144.9068248022,58.41315134939,6.392130950432
    ));
#3219 = DIRECTION('',(-5.19458519614E-02,0.121869343405,0.991185901636)
  );
#3220 = DIRECTION('',(-0.998629534755,-1.413873079185E-16,
    -5.233595624294E-02));
#3221 = ORIENTED_EDGE('',*,*,#342,.T.);
#3222 = FACE_BOUND('',#3223,.T.);
#3223 = EDGE_LOOP('',(#3224,#3231));
#3224 = ORIENTED_EDGE('',*,*,#3225,.T.);
#3225 = EDGE_CURVE('',#358,#377,#3226,.T.);
#3226 = CIRCLE('',#3227,0.4318);
#3227 = AXIS2_PLACEMENT_3D('',#3228,#3229,#3230);
#3228 = CARTESIAN_POINT('',(144.91492505095,59.673684961974,
    6.237568996786));
#3229 = DIRECTION('',(-5.19458519614E-02,0.121869343405,0.991185901636)
  );
#3230 = DIRECTION('',(-0.998629534755,-1.413873079185E-16,
    -5.233595624294E-02));
#3231 = ORIENTED_EDGE('',*,*,#384,.T.);
#3232 = FACE_BOUND('',#3233,.T.);
#3233 = EDGE_LOOP('',(#3234,#3241));
#3234 = ORIENTED_EDGE('',*,*,#3235,.T.);
#3235 = EDGE_CURVE('',#400,#419,#3236,.T.);
#3236 = CIRCLE('',#3237,0.4318);
#3237 = AXIS2_PLACEMENT_3D('',#3238,#3239,#3240);
#3238 = CARTESIAN_POINT('',(144.9230252997,60.934218574559,6.08300704314
    ));
#3239 = DIRECTION('',(-5.19458519614E-02,0.121869343405,0.991185901636)
  );
#3240 = DIRECTION('',(-0.998629534755,-1.413873079185E-16,
    -5.233595624294E-02));
#3241 = ORIENTED_EDGE('',*,*,#426,.T.);
#3242 = FACE_BOUND('',#3243,.T.);
#3243 = EDGE_LOOP('',(#3244,#3251));
#3244 = ORIENTED_EDGE('',*,*,#3245,.T.);
#3245 = EDGE_CURVE('',#442,#461,#3246,.T.);
#3246 = CIRCLE('',#3247,0.4318);
#3247 = AXIS2_PLACEMENT_3D('',#3248,#3249,#3250);
#3248 = CARTESIAN_POINT('',(144.93112554845,62.194752187143,
    5.928445089494));
#3249 = DIRECTION('',(-5.19458519614E-02,0.121869343405,0.991185901636)
  );
#3250 = DIRECTION('',(-0.998629534755,-1.413873079185E-16,
    -5.233595624294E-02));
#3251 = ORIENTED_EDGE('',*,*,#468,.T.);
#3252 = FACE_BOUND('',#3253,.T.);
#3253 = EDGE_LOOP('',(#3254,#3261));
#3254 = ORIENTED_EDGE('',*,*,#3255,.T.);
#3255 = EDGE_CURVE('',#484,#503,#3256,.T.);
#3256 = CIRCLE('',#3257,0.4318);
#3257 = AXIS2_PLACEMENT_3D('',#3258,#3259,#3260);
#3258 = CARTESIAN_POINT('',(144.9392257972,63.455285799728,
    5.773883135848));
#3259 = DIRECTION('',(-5.19458519614E-02,0.121869343405,0.991185901636)
  );
#3260 = DIRECTION('',(-0.998629534755,-1.413873079185E-16,
    -5.233595624294E-02));
#3261 = ORIENTED_EDGE('',*,*,#510,.T.);
#3262 = FACE_BOUND('',#3263,.T.);
#3263 = EDGE_LOOP('',(#3264,#3265,#3271,#3272,#3278,#3279,#3280,#3281,
    #3287,#3288,#3294,#3295,#3301,#3302,#3308,#3309,#3315,#3316,#3322,
    #3323,#3329,#3330,#3336,#3337,#3343,#3344,#3350,#3351,#3357,#3358,
    #3364,#3365,#3371,#3372,#3378,#3379,#3385,#3386,#3392,#3393,#3399,
    #3400,#3406,#3407,#3413,#3414,#3420,#3421,#3427,#3428,#3434,#3435,
    #3441,#3442,#3448,#3449,#3450,#3458,#3464,#3465,#3471,#3472,#3478,
    #3479,#3485,#3486,#3492,#3493,#3499,#3500,#3506,#3507,#3513,#3514,
    #3520,#3521,#3527,#3528,#3534,#3535,#3541,#3542,#3548,#3549,#3555,
    #3556,#3562,#3563,#3569,#3570,#3576,#3577,#3583,#3584,#3590,#3591,
    #3597,#3598,#3604,#3605));
#3264 = ORIENTED_EDGE('',*,*,#787,.T.);
#3265 = ORIENTED_EDGE('',*,*,#3266,.F.);
#3266 = EDGE_CURVE('',#2341,#780,#3267,.T.);
#3267 = LINE('',#3268,#3269);
#3268 = CARTESIAN_POINT('',(145.95512888363,49.841522783815,
    7.500978233278));
#3269 = VECTOR('',#3270,1.);
#3270 = DIRECTION('',(-0.998629534755,-1.413873079185E-16,
    -5.233595624294E-02));
#3271 = ORIENTED_EDGE('',*,*,#2340,.F.);
#3272 = ORIENTED_EDGE('',*,*,#3273,.T.);
#3273 = EDGE_CURVE('',#2333,#637,#3274,.T.);
#3274 = LINE('',#3275,#3276);
#3275 = CARTESIAN_POINT('',(145.95188878413,49.337309338782,
    7.562803014736));
#3276 = VECTOR('',#3277,1.);
#3277 = DIRECTION('',(-0.998629534755,-1.413873079185E-16,
    -5.233595624294E-02));
#3278 = ORIENTED_EDGE('',*,*,#636,.T.);
#3279 = ORIENTED_EDGE('',*,*,#2640,.T.);
#3280 = ORIENTED_EDGE('',*,*,#614,.F.);
#3281 = ORIENTED_EDGE('',*,*,#3282,.T.);
#3282 = EDGE_CURVE('',#607,#2673,#3283,.T.);
#3283 = LINE('',#3284,#3285);
#3284 = CARTESIAN_POINT('',(145.95188878413,49.337309338782,
    7.562803014736));
#3285 = VECTOR('',#3286,1.);
#3286 = DIRECTION('',(-0.998629534755,-1.413873079185E-16,
    -5.233595624294E-02));
#3287 = ORIENTED_EDGE('',*,*,#2951,.T.);
#3288 = ORIENTED_EDGE('',*,*,#3289,.F.);
#3289 = EDGE_CURVE('',#750,#2944,#3290,.T.);
#3290 = LINE('',#3291,#3292);
#3291 = CARTESIAN_POINT('',(145.95512888363,49.841522783815,
    7.500978233278));
#3292 = VECTOR('',#3293,1.);
#3293 = DIRECTION('',(-0.998629534755,-1.413873079185E-16,
    -5.233595624294E-02));
#3294 = ORIENTED_EDGE('',*,*,#747,.F.);
#3295 = ORIENTED_EDGE('',*,*,#3296,.T.);
#3296 = EDGE_CURVE('',#748,#2929,#3297,.T.);
#3297 = LINE('',#3298,#3299);
#3298 = CARTESIAN_POINT('',(145.95998903288,50.597842951366,
    7.40824106109));
#3299 = VECTOR('',#3300,1.);
#3300 = DIRECTION('',(-0.998629534755,-1.413873079185E-16,
    -5.233595624294E-02));
#3301 = ORIENTED_EDGE('',*,*,#2928,.T.);
#3302 = ORIENTED_EDGE('',*,*,#3303,.F.);
#3303 = EDGE_CURVE('',#892,#2921,#3304,.T.);
#3304 = LINE('',#3305,#3306);
#3305 = CARTESIAN_POINT('',(145.96322913238,51.1020563964,7.346416279632
    ));
#3306 = VECTOR('',#3307,1.);
#3307 = DIRECTION('',(-0.998629534755,-1.413873079185E-16,
    -5.233595624294E-02));
#3308 = ORIENTED_EDGE('',*,*,#889,.F.);
#3309 = ORIENTED_EDGE('',*,*,#3310,.T.);
#3310 = EDGE_CURVE('',#890,#2906,#3311,.T.);
#3311 = LINE('',#3312,#3313);
#3312 = CARTESIAN_POINT('',(145.96808928163,51.85837656395,
    7.253679107444));
#3313 = VECTOR('',#3314,1.);
#3314 = DIRECTION('',(-0.998629534755,-1.413873079185E-16,
    -5.233595624294E-02));
#3315 = ORIENTED_EDGE('',*,*,#2905,.T.);
#3316 = ORIENTED_EDGE('',*,*,#3317,.F.);
#3317 = EDGE_CURVE('',#1034,#2898,#3318,.T.);
#3318 = LINE('',#3319,#3320);
#3319 = CARTESIAN_POINT('',(145.97132938113,52.362590008984,
    7.191854325986));
#3320 = VECTOR('',#3321,1.);
#3321 = DIRECTION('',(-0.998629534755,-1.413873079185E-16,
    -5.233595624294E-02));
#3322 = ORIENTED_EDGE('',*,*,#1031,.F.);
#3323 = ORIENTED_EDGE('',*,*,#3324,.T.);
#3324 = EDGE_CURVE('',#1032,#2883,#3325,.T.);
#3325 = LINE('',#3326,#3327);
#3326 = CARTESIAN_POINT('',(145.97618953039,53.118910176535,
    7.099117153798));
#3327 = VECTOR('',#3328,1.);
#3328 = DIRECTION('',(-0.998629534755,-1.413873079185E-16,
    -5.233595624294E-02));
#3329 = ORIENTED_EDGE('',*,*,#2882,.T.);
#3330 = ORIENTED_EDGE('',*,*,#3331,.F.);
#3331 = EDGE_CURVE('',#1176,#2875,#3332,.T.);
#3332 = LINE('',#3333,#3334);
#3333 = CARTESIAN_POINT('',(145.97942962989,53.623123621569,
    7.03729237234));
#3334 = VECTOR('',#3335,1.);
#3335 = DIRECTION('',(-0.998629534755,-1.413873079185E-16,
    -5.233595624294E-02));
#3336 = ORIENTED_EDGE('',*,*,#1173,.F.);
#3337 = ORIENTED_EDGE('',*,*,#3338,.T.);
#3338 = EDGE_CURVE('',#1174,#2860,#3339,.T.);
#3339 = LINE('',#3340,#3341);
#3340 = CARTESIAN_POINT('',(145.98428977914,54.379443789119,
    6.944555200152));
#3341 = VECTOR('',#3342,1.);
#3342 = DIRECTION('',(-0.998629534755,-1.413873079185E-16,
    -5.233595624294E-02));
#3343 = ORIENTED_EDGE('',*,*,#2859,.T.);
#3344 = ORIENTED_EDGE('',*,*,#3345,.F.);
#3345 = EDGE_CURVE('',#1318,#2852,#3346,.T.);
#3346 = LINE('',#3347,#3348);
#3347 = CARTESIAN_POINT('',(145.98752987864,54.883657234153,
    6.882730418694));
#3348 = VECTOR('',#3349,1.);
#3349 = DIRECTION('',(-0.998629534755,-1.413873079185E-16,
    -5.233595624294E-02));
#3350 = ORIENTED_EDGE('',*,*,#1315,.F.);
#3351 = ORIENTED_EDGE('',*,*,#3352,.T.);
#3352 = EDGE_CURVE('',#1316,#2837,#3353,.T.);
#3353 = LINE('',#3354,#3355);
#3354 = CARTESIAN_POINT('',(145.99239002789,55.639977401704,
    6.789993246506));
#3355 = VECTOR('',#3356,1.);
#3356 = DIRECTION('',(-0.998629534755,-1.413873079185E-16,
    -5.233595624294E-02));
#3357 = ORIENTED_EDGE('',*,*,#2836,.T.);
#3358 = ORIENTED_EDGE('',*,*,#3359,.F.);
#3359 = EDGE_CURVE('',#1460,#2829,#3360,.T.);
#3360 = LINE('',#3361,#3362);
#3361 = CARTESIAN_POINT('',(145.99563012739,56.144190846738,
    6.728168465048));
#3362 = VECTOR('',#3363,1.);
#3363 = DIRECTION('',(-0.998629534755,-1.413873079185E-16,
    -5.233595624294E-02));
#3364 = ORIENTED_EDGE('',*,*,#1457,.F.);
#3365 = ORIENTED_EDGE('',*,*,#3366,.T.);
#3366 = EDGE_CURVE('',#1458,#2814,#3367,.T.);
#3367 = LINE('',#3368,#3369);
#3368 = CARTESIAN_POINT('',(146.00049027664,56.900511014288,
    6.63543129286));
#3369 = VECTOR('',#3370,1.);
#3370 = DIRECTION('',(-0.998629534755,-1.413873079185E-16,
    -5.233595624294E-02));
#3371 = ORIENTED_EDGE('',*,*,#2813,.T.);
#3372 = ORIENTED_EDGE('',*,*,#3373,.F.);
#3373 = EDGE_CURVE('',#1602,#2806,#3374,.T.);
#3374 = LINE('',#3375,#3376);
#3375 = CARTESIAN_POINT('',(146.00373037614,57.404724459322,
    6.573606511402));
#3376 = VECTOR('',#3377,1.);
#3377 = DIRECTION('',(-0.998629534755,-1.413873079185E-16,
    -5.233595624294E-02));
#3378 = ORIENTED_EDGE('',*,*,#1599,.F.);
#3379 = ORIENTED_EDGE('',*,*,#3380,.T.);
#3380 = EDGE_CURVE('',#1600,#2791,#3381,.T.);
#3381 = LINE('',#3382,#3383);
#3382 = CARTESIAN_POINT('',(146.0085905254,58.161044626873,
    6.480869339214));
#3383 = VECTOR('',#3384,1.);
#3384 = DIRECTION('',(-0.998629534755,-1.413873079185E-16,
    -5.233595624294E-02));
#3385 = ORIENTED_EDGE('',*,*,#2790,.T.);
#3386 = ORIENTED_EDGE('',*,*,#3387,.F.);
#3387 = EDGE_CURVE('',#1744,#2783,#3388,.T.);
#3388 = LINE('',#3389,#3390);
#3389 = CARTESIAN_POINT('',(146.0118306249,58.665258071907,
    6.419044557756));
#3390 = VECTOR('',#3391,1.);
#3391 = DIRECTION('',(-0.998629534755,-1.413873079185E-16,
    -5.233595624294E-02));
#3392 = ORIENTED_EDGE('',*,*,#1741,.F.);
#3393 = ORIENTED_EDGE('',*,*,#3394,.T.);
#3394 = EDGE_CURVE('',#1742,#2768,#3395,.T.);
#3395 = LINE('',#3396,#3397);
#3396 = CARTESIAN_POINT('',(146.01669077415,59.421578239457,
    6.326307385568));
#3397 = VECTOR('',#3398,1.);
#3398 = DIRECTION('',(-0.998629534755,-1.413873079185E-16,
    -5.233595624294E-02));
#3399 = ORIENTED_EDGE('',*,*,#2767,.T.);
#3400 = ORIENTED_EDGE('',*,*,#3401,.F.);
#3401 = EDGE_CURVE('',#1886,#2760,#3402,.T.);
#3402 = LINE('',#3403,#3404);
#3403 = CARTESIAN_POINT('',(146.01993087365,59.925791684491,
    6.26448260411));
#3404 = VECTOR('',#3405,1.);
#3405 = DIRECTION('',(-0.998629534755,-1.413873079185E-16,
    -5.233595624294E-02));
#3406 = ORIENTED_EDGE('',*,*,#1883,.F.);
#3407 = ORIENTED_EDGE('',*,*,#3408,.T.);
#3408 = EDGE_CURVE('',#1884,#2745,#3409,.T.);
#3409 = LINE('',#3410,#3411);
#3410 = CARTESIAN_POINT('',(146.0247910229,60.682111852042,
    6.171745431922));
#3411 = VECTOR('',#3412,1.);
#3412 = DIRECTION('',(-0.998629534755,-1.413873079185E-16,
    -5.233595624294E-02));
#3413 = ORIENTED_EDGE('',*,*,#2744,.T.);
#3414 = ORIENTED_EDGE('',*,*,#3415,.F.);
#3415 = EDGE_CURVE('',#2028,#2737,#3416,.T.);
#3416 = LINE('',#3417,#3418);
#3417 = CARTESIAN_POINT('',(146.0280311224,61.186325297076,
    6.109920650464));
#3418 = VECTOR('',#3419,1.);
#3419 = DIRECTION('',(-0.998629534755,-1.413873079185E-16,
    -5.233595624294E-02));
#3420 = ORIENTED_EDGE('',*,*,#2025,.F.);
#3421 = ORIENTED_EDGE('',*,*,#3422,.T.);
#3422 = EDGE_CURVE('',#2026,#2722,#3423,.T.);
#3423 = LINE('',#3424,#3425);
#3424 = CARTESIAN_POINT('',(146.03289127165,61.942645464626,
    6.017183478276));
#3425 = VECTOR('',#3426,1.);
#3426 = DIRECTION('',(-0.998629534755,-1.413873079185E-16,
    -5.233595624294E-02));
#3427 = ORIENTED_EDGE('',*,*,#2721,.T.);
#3428 = ORIENTED_EDGE('',*,*,#3429,.F.);
#3429 = EDGE_CURVE('',#2170,#2714,#3430,.T.);
#3430 = LINE('',#3431,#3432);
#3431 = CARTESIAN_POINT('',(146.03613137115,62.44685890966,
    5.955358696818));
#3432 = VECTOR('',#3433,1.);
#3433 = DIRECTION('',(-0.998629534755,-1.413873079185E-16,
    -5.233595624294E-02));
#3434 = ORIENTED_EDGE('',*,*,#2167,.F.);
#3435 = ORIENTED_EDGE('',*,*,#3436,.T.);
#3436 = EDGE_CURVE('',#2168,#2699,#3437,.T.);
#3437 = LINE('',#3438,#3439);
#3438 = CARTESIAN_POINT('',(146.0409915204,63.203179077211,5.86262152463
    ));
#3439 = VECTOR('',#3440,1.);
#3440 = DIRECTION('',(-0.998629534755,-1.413873079185E-16,
    -5.233595624294E-02));
#3441 = ORIENTED_EDGE('',*,*,#2698,.T.);
#3442 = ORIENTED_EDGE('',*,*,#3443,.F.);
#3443 = EDGE_CURVE('',#3122,#2691,#3444,.T.);
#3444 = LINE('',#3445,#3446);
#3445 = CARTESIAN_POINT('',(146.04423161991,63.707392522245,
    5.800796743171));
#3446 = VECTOR('',#3447,1.);
#3447 = DIRECTION('',(-0.998629534755,-1.413873079185E-16,
    -5.233595624294E-02));
#3448 = ORIENTED_EDGE('',*,*,#3121,.F.);
#3449 = ORIENTED_EDGE('',*,*,#2318,.T.);
#3450 = ORIENTED_EDGE('',*,*,#3451,.T.);
#3451 = EDGE_CURVE('',#2311,#3452,#3454,.T.);
#3452 = VERTEX_POINT('',#3453);
#3453 = CARTESIAN_POINT('',(145.63838857698,63.707392522245,
    5.779527410554));
#3454 = LINE('',#3455,#3456);
#3455 = CARTESIAN_POINT('',(145.9498431415,112.17490992611,
    -0.163379707135));
#3456 = VECTOR('',#3457,1.);
#3457 = DIRECTION('',(-6.378148623808E-03,-0.992546151641,0.121702325706
    ));
#3458 = ORIENTED_EDGE('',*,*,#3459,.F.);
#3459 = EDGE_CURVE('',#2594,#3452,#3460,.T.);
#3460 = LINE('',#3461,#3462);
#3461 = CARTESIAN_POINT('',(146.04423161991,63.707392522245,
    5.800796743171));
#3462 = VECTOR('',#3463,1.);
#3463 = DIRECTION('',(-0.998629534755,-1.413873079185E-16,
    -5.233595624294E-02));
#3464 = ORIENTED_EDGE('',*,*,#2593,.F.);
#3465 = ORIENTED_EDGE('',*,*,#3466,.T.);
#3466 = EDGE_CURVE('',#2586,#2208,#3467,.T.);
#3467 = LINE('',#3468,#3469);
#3468 = CARTESIAN_POINT('',(146.0409915204,63.203179077211,5.86262152463
    ));
#3469 = VECTOR('',#3470,1.);
#3470 = DIRECTION('',(-0.998629534755,-1.413873079185E-16,
    -5.233595624294E-02));
#3471 = ORIENTED_EDGE('',*,*,#2207,.T.);
#3472 = ORIENTED_EDGE('',*,*,#3473,.F.);
#3473 = EDGE_CURVE('',#2571,#2200,#3474,.T.);
#3474 = LINE('',#3475,#3476);
#3475 = CARTESIAN_POINT('',(146.03613137115,62.44685890966,
    5.955358696818));
#3476 = VECTOR('',#3477,1.);
#3477 = DIRECTION('',(-0.998629534755,-1.413873079185E-16,
    -5.233595624294E-02));
#3478 = ORIENTED_EDGE('',*,*,#2570,.F.);
#3479 = ORIENTED_EDGE('',*,*,#3480,.T.);
#3480 = EDGE_CURVE('',#2563,#2066,#3481,.T.);
#3481 = LINE('',#3482,#3483);
#3482 = CARTESIAN_POINT('',(146.03289127165,61.942645464626,
    6.017183478276));
#3483 = VECTOR('',#3484,1.);
#3484 = DIRECTION('',(-0.998629534755,-1.413873079185E-16,
    -5.233595624294E-02));
#3485 = ORIENTED_EDGE('',*,*,#2065,.T.);
#3486 = ORIENTED_EDGE('',*,*,#3487,.F.);
#3487 = EDGE_CURVE('',#2548,#2058,#3488,.T.);
#3488 = LINE('',#3489,#3490);
#3489 = CARTESIAN_POINT('',(146.0280311224,61.186325297076,
    6.109920650464));
#3490 = VECTOR('',#3491,1.);
#3491 = DIRECTION('',(-0.998629534755,-1.413873079185E-16,
    -5.233595624294E-02));
#3492 = ORIENTED_EDGE('',*,*,#2547,.F.);
#3493 = ORIENTED_EDGE('',*,*,#3494,.T.);
#3494 = EDGE_CURVE('',#2540,#1924,#3495,.T.);
#3495 = LINE('',#3496,#3497);
#3496 = CARTESIAN_POINT('',(146.0247910229,60.682111852042,
    6.171745431922));
#3497 = VECTOR('',#3498,1.);
#3498 = DIRECTION('',(-0.998629534755,-1.413873079185E-16,
    -5.233595624294E-02));
#3499 = ORIENTED_EDGE('',*,*,#1923,.T.);
#3500 = ORIENTED_EDGE('',*,*,#3501,.F.);
#3501 = EDGE_CURVE('',#2525,#1916,#3502,.T.);
#3502 = LINE('',#3503,#3504);
#3503 = CARTESIAN_POINT('',(146.01993087365,59.925791684491,
    6.26448260411));
#3504 = VECTOR('',#3505,1.);
#3505 = DIRECTION('',(-0.998629534755,-1.413873079185E-16,
    -5.233595624294E-02));
#3506 = ORIENTED_EDGE('',*,*,#2524,.F.);
#3507 = ORIENTED_EDGE('',*,*,#3508,.T.);
#3508 = EDGE_CURVE('',#2517,#1782,#3509,.T.);
#3509 = LINE('',#3510,#3511);
#3510 = CARTESIAN_POINT('',(146.01669077415,59.421578239457,
    6.326307385568));
#3511 = VECTOR('',#3512,1.);
#3512 = DIRECTION('',(-0.998629534755,-1.413873079185E-16,
    -5.233595624294E-02));
#3513 = ORIENTED_EDGE('',*,*,#1781,.T.);
#3514 = ORIENTED_EDGE('',*,*,#3515,.F.);
#3515 = EDGE_CURVE('',#2502,#1774,#3516,.T.);
#3516 = LINE('',#3517,#3518);
#3517 = CARTESIAN_POINT('',(146.0118306249,58.665258071907,
    6.419044557756));
#3518 = VECTOR('',#3519,1.);
#3519 = DIRECTION('',(-0.998629534755,-1.413873079185E-16,
    -5.233595624294E-02));
#3520 = ORIENTED_EDGE('',*,*,#2501,.F.);
#3521 = ORIENTED_EDGE('',*,*,#3522,.T.);
#3522 = EDGE_CURVE('',#2494,#1640,#3523,.T.);
#3523 = LINE('',#3524,#3525);
#3524 = CARTESIAN_POINT('',(146.0085905254,58.161044626873,
    6.480869339214));
#3525 = VECTOR('',#3526,1.);
#3526 = DIRECTION('',(-0.998629534755,-1.413873079185E-16,
    -5.233595624294E-02));
#3527 = ORIENTED_EDGE('',*,*,#1639,.T.);
#3528 = ORIENTED_EDGE('',*,*,#3529,.F.);
#3529 = EDGE_CURVE('',#2479,#1632,#3530,.T.);
#3530 = LINE('',#3531,#3532);
#3531 = CARTESIAN_POINT('',(146.00373037614,57.404724459322,
    6.573606511402));
#3532 = VECTOR('',#3533,1.);
#3533 = DIRECTION('',(-0.998629534755,-1.413873079185E-16,
    -5.233595624294E-02));
#3534 = ORIENTED_EDGE('',*,*,#2478,.F.);
#3535 = ORIENTED_EDGE('',*,*,#3536,.T.);
#3536 = EDGE_CURVE('',#2471,#1498,#3537,.T.);
#3537 = LINE('',#3538,#3539);
#3538 = CARTESIAN_POINT('',(146.00049027664,56.900511014288,
    6.63543129286));
#3539 = VECTOR('',#3540,1.);
#3540 = DIRECTION('',(-0.998629534755,-1.413873079185E-16,
    -5.233595624294E-02));
#3541 = ORIENTED_EDGE('',*,*,#1497,.T.);
#3542 = ORIENTED_EDGE('',*,*,#3543,.F.);
#3543 = EDGE_CURVE('',#2456,#1490,#3544,.T.);
#3544 = LINE('',#3545,#3546);
#3545 = CARTESIAN_POINT('',(145.99563012739,56.144190846738,
    6.728168465048));
#3546 = VECTOR('',#3547,1.);
#3547 = DIRECTION('',(-0.998629534755,-1.413873079185E-16,
    -5.233595624294E-02));
#3548 = ORIENTED_EDGE('',*,*,#2455,.F.);
#3549 = ORIENTED_EDGE('',*,*,#3550,.T.);
#3550 = EDGE_CURVE('',#2448,#1356,#3551,.T.);
#3551 = LINE('',#3552,#3553);
#3552 = CARTESIAN_POINT('',(145.99239002789,55.639977401704,
    6.789993246506));
#3553 = VECTOR('',#3554,1.);
#3554 = DIRECTION('',(-0.998629534755,-1.413873079185E-16,
    -5.233595624294E-02));
#3555 = ORIENTED_EDGE('',*,*,#1355,.T.);
#3556 = ORIENTED_EDGE('',*,*,#3557,.F.);
#3557 = EDGE_CURVE('',#2433,#1348,#3558,.T.);
#3558 = LINE('',#3559,#3560);
#3559 = CARTESIAN_POINT('',(145.98752987864,54.883657234153,
    6.882730418694));
#3560 = VECTOR('',#3561,1.);
#3561 = DIRECTION('',(-0.998629534755,-1.413873079185E-16,
    -5.233595624294E-02));
#3562 = ORIENTED_EDGE('',*,*,#2432,.F.);
#3563 = ORIENTED_EDGE('',*,*,#3564,.T.);
#3564 = EDGE_CURVE('',#2425,#1214,#3565,.T.);
#3565 = LINE('',#3566,#3567);
#3566 = CARTESIAN_POINT('',(145.98428977914,54.379443789119,
    6.944555200152));
#3567 = VECTOR('',#3568,1.);
#3568 = DIRECTION('',(-0.998629534755,-1.413873079185E-16,
    -5.233595624294E-02));
#3569 = ORIENTED_EDGE('',*,*,#1213,.T.);
#3570 = ORIENTED_EDGE('',*,*,#3571,.F.);
#3571 = EDGE_CURVE('',#2410,#1206,#3572,.T.);
#3572 = LINE('',#3573,#3574);
#3573 = CARTESIAN_POINT('',(145.97942962989,53.623123621569,
    7.03729237234));
#3574 = VECTOR('',#3575,1.);
#3575 = DIRECTION('',(-0.998629534755,-1.413873079185E-16,
    -5.233595624294E-02));
#3576 = ORIENTED_EDGE('',*,*,#2409,.F.);
#3577 = ORIENTED_EDGE('',*,*,#3578,.T.);
#3578 = EDGE_CURVE('',#2402,#1072,#3579,.T.);
#3579 = LINE('',#3580,#3581);
#3580 = CARTESIAN_POINT('',(145.97618953039,53.118910176535,
    7.099117153798));
#3581 = VECTOR('',#3582,1.);
#3582 = DIRECTION('',(-0.998629534755,-1.413873079185E-16,
    -5.233595624294E-02));
#3583 = ORIENTED_EDGE('',*,*,#1071,.T.);
#3584 = ORIENTED_EDGE('',*,*,#3585,.F.);
#3585 = EDGE_CURVE('',#2387,#1064,#3586,.T.);
#3586 = LINE('',#3587,#3588);
#3587 = CARTESIAN_POINT('',(145.97132938113,52.362590008984,
    7.191854325986));
#3588 = VECTOR('',#3589,1.);
#3589 = DIRECTION('',(-0.998629534755,-1.413873079185E-16,
    -5.233595624294E-02));
#3590 = ORIENTED_EDGE('',*,*,#2386,.F.);
#3591 = ORIENTED_EDGE('',*,*,#3592,.T.);
#3592 = EDGE_CURVE('',#2379,#930,#3593,.T.);
#3593 = LINE('',#3594,#3595);
#3594 = CARTESIAN_POINT('',(145.96808928163,51.85837656395,
    7.253679107444));
#3595 = VECTOR('',#3596,1.);
#3596 = DIRECTION('',(-0.998629534755,-1.413873079185E-16,
    -5.233595624294E-02));
#3597 = ORIENTED_EDGE('',*,*,#929,.T.);
#3598 = ORIENTED_EDGE('',*,*,#3599,.F.);
#3599 = EDGE_CURVE('',#2364,#922,#3600,.T.);
#3600 = LINE('',#3601,#3602);
#3601 = CARTESIAN_POINT('',(145.96322913238,51.1020563964,7.346416279632
    ));
#3602 = VECTOR('',#3603,1.);
#3603 = DIRECTION('',(-0.998629534755,-1.413873079185E-16,
    -5.233595624294E-02));
#3604 = ORIENTED_EDGE('',*,*,#2363,.F.);
#3605 = ORIENTED_EDGE('',*,*,#3606,.T.);
#3606 = EDGE_CURVE('',#2356,#788,#3607,.T.);
#3607 = LINE('',#3608,#3609);
#3608 = CARTESIAN_POINT('',(145.95998903288,50.597842951366,
    7.40824106109));
#3609 = VECTOR('',#3610,1.);
#3610 = DIRECTION('',(-0.998629534755,-1.413873079185E-16,
    -5.233595624294E-02));
#3611 = PLANE('',#3612);
#3612 = AXIS2_PLACEMENT_3D('',#3613,#3614,#3615);
#3613 = CARTESIAN_POINT('',(144.55475768145,112.17490992611,
    -0.236493038007));
#3614 = DIRECTION('',(-5.19458519614E-02,0.121869343405,0.991185901636)
  );
#3615 = DIRECTION('',(-0.998629534755,-1.413873079185E-16,
    -5.233595624294E-02));
#3616 = ADVANCED_FACE('',(#3617),#3628,.F.);
#3617 = FACE_BOUND('',#3618,.T.);
#3618 = EDGE_LOOP('',(#3619,#3620,#3626,#3627));
#3619 = ORIENTED_EDGE('',*,*,#2974,.F.);
#3620 = ORIENTED_EDGE('',*,*,#3621,.T.);
#3621 = EDGE_CURVE('',#2967,#3452,#3622,.T.);
#3622 = LINE('',#3623,#3624);
#3623 = CARTESIAN_POINT('',(156.33229700738,71.339387362574,
    -11.66455627674));
#3624 = VECTOR('',#3625,1.);
#3625 = DIRECTION('',(-0.489690183499,-0.349480545691,0.798790881501));
#3626 = ORIENTED_EDGE('',*,*,#3451,.F.);
#3627 = ORIENTED_EDGE('',*,*,#2310,.T.);
#3628 = PLANE('',#3629);
#3629 = AXIS2_PLACEMENT_3D('',#3630,#3631,#3632);
#3630 = CARTESIAN_POINT('',(145.9498431415,112.17490992611,
    -0.163379707135));
#3631 = DIRECTION('',(0.838865620086,6.093467170258E-02,0.540917218456)
  );
#3632 = DIRECTION('',(-0.544301194797,0.105541947331,0.832224192568));
#3633 = ADVANCED_FACE('',(#3634),#3640,.F.);
#3634 = FACE_BOUND('',#3635,.F.);
#3635 = EDGE_LOOP('',(#3636,#3637,#3638,#3639));
#3636 = ORIENTED_EDGE('',*,*,#3099,.F.);
#3637 = ORIENTED_EDGE('',*,*,#483,.F.);
#3638 = ORIENTED_EDGE('',*,*,#3255,.T.);
#3639 = ORIENTED_EDGE('',*,*,#502,.T.);
#3640 = CYLINDRICAL_SURFACE('',#3641,0.4318);
#3641 = AXIS2_PLACEMENT_3D('',#3642,#3643,#3644);
#3642 = CARTESIAN_POINT('',(144.84026894922,63.687446898914,
    7.662092278464));
#3643 = DIRECTION('',(-5.19458519614E-02,0.121869343405,0.991185901636)
  );
#3644 = DIRECTION('',(-0.998629534755,-1.413873079185E-16,
    -5.233595624294E-02));
#3645 = ADVANCED_FACE('',(#3646),#3652,.F.);
#3646 = FACE_BOUND('',#3647,.F.);
#3647 = EDGE_LOOP('',(#3648,#3649,#3650,#3651));
#3648 = ORIENTED_EDGE('',*,*,#3089,.F.);
#3649 = ORIENTED_EDGE('',*,*,#441,.F.);
#3650 = ORIENTED_EDGE('',*,*,#3245,.T.);
#3651 = ORIENTED_EDGE('',*,*,#460,.T.);
#3652 = CYLINDRICAL_SURFACE('',#3653,0.4318);
#3653 = AXIS2_PLACEMENT_3D('',#3654,#3655,#3656);
#3654 = CARTESIAN_POINT('',(144.83216870047,62.42691328633,7.81665423211
    ));
#3655 = DIRECTION('',(-5.19458519614E-02,0.121869343405,0.991185901636)
  );
#3656 = DIRECTION('',(-0.998629534755,-1.413873079185E-16,
    -5.233595624294E-02));
#3657 = ADVANCED_FACE('',(#3658),#3664,.F.);
#3658 = FACE_BOUND('',#3659,.F.);
#3659 = EDGE_LOOP('',(#3660,#3661,#3662,#3663));
#3660 = ORIENTED_EDGE('',*,*,#3079,.F.);
#3661 = ORIENTED_EDGE('',*,*,#399,.F.);
#3662 = ORIENTED_EDGE('',*,*,#3235,.T.);
#3663 = ORIENTED_EDGE('',*,*,#418,.T.);
#3664 = CYLINDRICAL_SURFACE('',#3665,0.4318);
#3665 = AXIS2_PLACEMENT_3D('',#3666,#3667,#3668);
#3666 = CARTESIAN_POINT('',(144.82406845171,61.166379673746,
    7.971216185757));
#3667 = DIRECTION('',(-5.19458519614E-02,0.121869343405,0.991185901636)
  );
#3668 = DIRECTION('',(-0.998629534755,-1.413873079185E-16,
    -5.233595624294E-02));
#3669 = ADVANCED_FACE('',(#3670),#3676,.F.);
#3670 = FACE_BOUND('',#3671,.F.);
#3671 = EDGE_LOOP('',(#3672,#3673,#3674,#3675));
#3672 = ORIENTED_EDGE('',*,*,#3069,.F.);
#3673 = ORIENTED_EDGE('',*,*,#357,.F.);
#3674 = ORIENTED_EDGE('',*,*,#3225,.T.);
#3675 = ORIENTED_EDGE('',*,*,#376,.T.);
#3676 = CYLINDRICAL_SURFACE('',#3677,0.4318);
#3677 = AXIS2_PLACEMENT_3D('',#3678,#3679,#3680);
#3678 = CARTESIAN_POINT('',(144.81596820296,59.905846061161,
    8.125778139403));
#3679 = DIRECTION('',(-5.19458519614E-02,0.121869343405,0.991185901636)
  );
#3680 = DIRECTION('',(-0.998629534755,-1.413873079185E-16,
    -5.233595624294E-02));
#3681 = ADVANCED_FACE('',(#3682),#3688,.F.);
#3682 = FACE_BOUND('',#3683,.F.);
#3683 = EDGE_LOOP('',(#3684,#3685,#3686,#3687));
#3684 = ORIENTED_EDGE('',*,*,#3059,.F.);
#3685 = ORIENTED_EDGE('',*,*,#315,.F.);
#3686 = ORIENTED_EDGE('',*,*,#3215,.T.);
#3687 = ORIENTED_EDGE('',*,*,#334,.T.);
#3688 = CYLINDRICAL_SURFACE('',#3689,0.4318);
#3689 = AXIS2_PLACEMENT_3D('',#3690,#3691,#3692);
#3690 = CARTESIAN_POINT('',(144.80786795421,58.645312448577,
    8.280340093049));
#3691 = DIRECTION('',(-5.19458519614E-02,0.121869343405,0.991185901636)
  );
#3692 = DIRECTION('',(-0.998629534755,-1.413873079185E-16,
    -5.233595624294E-02));
#3693 = ADVANCED_FACE('',(#3694),#3700,.F.);
#3694 = FACE_BOUND('',#3695,.F.);
#3695 = EDGE_LOOP('',(#3696,#3697,#3698,#3699));
#3696 = ORIENTED_EDGE('',*,*,#3049,.F.);
#3697 = ORIENTED_EDGE('',*,*,#273,.F.);
#3698 = ORIENTED_EDGE('',*,*,#3205,.T.);
#3699 = ORIENTED_EDGE('',*,*,#292,.T.);
#3700 = CYLINDRICAL_SURFACE('',#3701,0.4318);
#3701 = AXIS2_PLACEMENT_3D('',#3702,#3703,#3704);
#3702 = CARTESIAN_POINT('',(144.79976770546,57.384778835992,
    8.434902046695));
#3703 = DIRECTION('',(-5.19458519614E-02,0.121869343405,0.991185901636)
  );
#3704 = DIRECTION('',(-0.998629534755,-1.413873079185E-16,
    -5.233595624294E-02));
#3705 = ADVANCED_FACE('',(#3706),#3712,.F.);
#3706 = FACE_BOUND('',#3707,.F.);
#3707 = EDGE_LOOP('',(#3708,#3709,#3710,#3711));
#3708 = ORIENTED_EDGE('',*,*,#3039,.F.);
#3709 = ORIENTED_EDGE('',*,*,#231,.F.);
#3710 = ORIENTED_EDGE('',*,*,#3195,.T.);
#3711 = ORIENTED_EDGE('',*,*,#250,.T.);
#3712 = CYLINDRICAL_SURFACE('',#3713,0.4318);
#3713 = AXIS2_PLACEMENT_3D('',#3714,#3715,#3716);
#3714 = CARTESIAN_POINT('',(144.7916674567,56.124245223408,
    8.589464000341));
#3715 = DIRECTION('',(-5.19458519614E-02,0.121869343405,0.991185901636)
  );
#3716 = DIRECTION('',(-0.998629534755,-1.413873079185E-16,
    -5.233595624294E-02));
#3717 = ADVANCED_FACE('',(#3718),#3724,.F.);
#3718 = FACE_BOUND('',#3719,.F.);
#3719 = EDGE_LOOP('',(#3720,#3721,#3722,#3723));
#3720 = ORIENTED_EDGE('',*,*,#3029,.F.);
#3721 = ORIENTED_EDGE('',*,*,#189,.F.);
#3722 = ORIENTED_EDGE('',*,*,#3185,.T.);
#3723 = ORIENTED_EDGE('',*,*,#208,.T.);
#3724 = CYLINDRICAL_SURFACE('',#3725,0.4318);
#3725 = AXIS2_PLACEMENT_3D('',#3726,#3727,#3728);
#3726 = CARTESIAN_POINT('',(144.78356720795,54.863711610823,
    8.744025953987));
#3727 = DIRECTION('',(-5.19458519614E-02,0.121869343405,0.991185901636)
  );
#3728 = DIRECTION('',(-0.998629534755,-1.413873079185E-16,
    -5.233595624294E-02));
#3729 = ADVANCED_FACE('',(#3730),#3736,.F.);
#3730 = FACE_BOUND('',#3731,.F.);
#3731 = EDGE_LOOP('',(#3732,#3733,#3734,#3735));
#3732 = ORIENTED_EDGE('',*,*,#3019,.F.);
#3733 = ORIENTED_EDGE('',*,*,#147,.F.);
#3734 = ORIENTED_EDGE('',*,*,#3175,.T.);
#3735 = ORIENTED_EDGE('',*,*,#166,.T.);
#3736 = CYLINDRICAL_SURFACE('',#3737,0.4318);
#3737 = AXIS2_PLACEMENT_3D('',#3738,#3739,#3740);
#3738 = CARTESIAN_POINT('',(144.7754669592,53.603177998239,
    8.898587907633));
#3739 = DIRECTION('',(-5.19458519614E-02,0.121869343405,0.991185901636)
  );
#3740 = DIRECTION('',(-0.998629534755,-1.413873079185E-16,
    -5.233595624294E-02));
#3741 = ADVANCED_FACE('',(#3742),#3748,.F.);
#3742 = FACE_BOUND('',#3743,.F.);
#3743 = EDGE_LOOP('',(#3744,#3745,#3746,#3747));
#3744 = ORIENTED_EDGE('',*,*,#3009,.F.);
#3745 = ORIENTED_EDGE('',*,*,#105,.F.);
#3746 = ORIENTED_EDGE('',*,*,#3165,.T.);
#3747 = ORIENTED_EDGE('',*,*,#124,.T.);
#3748 = CYLINDRICAL_SURFACE('',#3749,0.4318);
#3749 = AXIS2_PLACEMENT_3D('',#3750,#3751,#3752);
#3750 = CARTESIAN_POINT('',(144.76736671045,52.342644385654,
    9.053149861279));
#3751 = DIRECTION('',(-5.19458519614E-02,0.121869343405,0.991185901636)
  );
#3752 = DIRECTION('',(-0.998629534755,-1.413873079185E-16,
    -5.233595624294E-02));
#3753 = ADVANCED_FACE('',(#3754),#3760,.F.);
#3754 = FACE_BOUND('',#3755,.F.);
#3755 = EDGE_LOOP('',(#3756,#3757,#3758,#3759));
#3756 = ORIENTED_EDGE('',*,*,#2999,.F.);
#3757 = ORIENTED_EDGE('',*,*,#63,.F.);
#3758 = ORIENTED_EDGE('',*,*,#3155,.T.);
#3759 = ORIENTED_EDGE('',*,*,#82,.T.);
#3760 = CYLINDRICAL_SURFACE('',#3761,0.4318);
#3761 = AXIS2_PLACEMENT_3D('',#3762,#3763,#3764);
#3762 = CARTESIAN_POINT('',(144.7592664617,51.08211077307,9.207711814925
    ));
#3763 = DIRECTION('',(-5.19458519614E-02,0.121869343405,0.991185901636)
  );
#3764 = DIRECTION('',(-0.998629534755,-1.413873079185E-16,
    -5.233595624294E-02));
#3765 = ADVANCED_FACE('',(#3766),#3772,.F.);
#3766 = FACE_BOUND('',#3767,.F.);
#3767 = EDGE_LOOP('',(#3768,#3769,#3770,#3771));
#3768 = ORIENTED_EDGE('',*,*,#2989,.F.);
#3769 = ORIENTED_EDGE('',*,*,#21,.F.);
#3770 = ORIENTED_EDGE('',*,*,#3145,.T.);
#3771 = ORIENTED_EDGE('',*,*,#40,.T.);
#3772 = CYLINDRICAL_SURFACE('',#3773,0.4318);
#3773 = AXIS2_PLACEMENT_3D('',#3774,#3775,#3776);
#3774 = CARTESIAN_POINT('',(144.75116621294,49.821577160485,
    9.362273768571));
#3775 = DIRECTION('',(-5.19458519614E-02,0.121869343405,0.991185901636)
  );
#3776 = DIRECTION('',(-0.998629534755,-1.413873079185E-16,
    -5.233595624294E-02));
#3777 = ADVANCED_FACE('',(#3778),#3784,.F.);
#3778 = FACE_BOUND('',#3779,.T.);
#3779 = EDGE_LOOP('',(#3780,#3781,#3782,#3783));
#3780 = ORIENTED_EDGE('',*,*,#3466,.F.);
#3781 = ORIENTED_EDGE('',*,*,#2585,.F.);
#3782 = ORIENTED_EDGE('',*,*,#2153,.T.);
#3783 = ORIENTED_EDGE('',*,*,#2215,.F.);
#3784 = PLANE('',#3785);
#3785 = AXIS2_PLACEMENT_3D('',#3786,#3787,#3788);
#3786 = CARTESIAN_POINT('',(146.05570221269,62.991368640409,
    5.581924794342));
#3787 = DIRECTION('',(-3.149656471803E-02,-0.798635510047,0.600990256579
    ));
#3788 = DIRECTION('',(-4.17973531079E-02,0.601815023152,0.797541007837)
  );
#3789 = ADVANCED_FACE('',(#3790),#3796,.F.);
#3790 = FACE_BOUND('',#3791,.T.);
#3791 = EDGE_LOOP('',(#3792,#3793,#3794,#3795));
#3792 = ORIENTED_EDGE('',*,*,#2966,.F.);
#3793 = ORIENTED_EDGE('',*,*,#2601,.F.);
#3794 = ORIENTED_EDGE('',*,*,#3459,.T.);
#3795 = ORIENTED_EDGE('',*,*,#3621,.F.);
#3796 = PLANE('',#3797);
#3797 = AXIS2_PLACEMENT_3D('',#3798,#3799,#3800);
#3798 = CARTESIAN_POINT('',(146.06118711897,63.844911407306,
    5.477266547822));
#3799 = DIRECTION('',(-2.044928724337E-02,0.920504853452,0.390195645057)
  );
#3800 = DIRECTION('',(4.81755017317E-02,0.390731128489,-0.919243333543)
  );
#3801 = ADVANCED_FACE('',(#3802),#3808,.F.);
#3802 = FACE_BOUND('',#3803,.T.);
#3803 = EDGE_LOOP('',(#3804,#3805,#3806,#3807));
#3804 = ORIENTED_EDGE('',*,*,#2113,.T.);
#3805 = ORIENTED_EDGE('',*,*,#2706,.T.);
#3806 = ORIENTED_EDGE('',*,*,#3436,.F.);
#3807 = ORIENTED_EDGE('',*,*,#2184,.F.);
#3808 = PLANE('',#3809);
#3809 = AXIS2_PLACEMENT_3D('',#3810,#3811,#3812);
#3810 = CARTESIAN_POINT('',(146.05570221269,62.991368640409,
    5.581924794342));
#3811 = DIRECTION('',(-3.149656471803E-02,-0.798635510047,0.600990256579
    ));
#3812 = DIRECTION('',(-4.17973531079E-02,0.601815023152,0.797541007837)
  );
#3813 = ADVANCED_FACE('',(#3814),#3820,.F.);
#3814 = FACE_BOUND('',#3815,.T.);
#3815 = EDGE_LOOP('',(#3816,#3817,#3818,#3819));
#3816 = ORIENTED_EDGE('',*,*,#3443,.T.);
#3817 = ORIENTED_EDGE('',*,*,#2690,.T.);
#3818 = ORIENTED_EDGE('',*,*,#2239,.F.);
#3819 = ORIENTED_EDGE('',*,*,#3129,.F.);
#3820 = PLANE('',#3821);
#3821 = AXIS2_PLACEMENT_3D('',#3822,#3823,#3824);
#3822 = CARTESIAN_POINT('',(146.06118711897,63.844911407306,
    5.477266547822));
#3823 = DIRECTION('',(-2.044928724337E-02,0.920504853452,0.390195645057)
  );
#3824 = DIRECTION('',(4.81755017317E-02,0.390731128489,-0.919243333543)
  );
#3825 = ADVANCED_FACE('',(#3826),#3832,.F.);
#3826 = FACE_BOUND('',#3827,.T.);
#3827 = EDGE_LOOP('',(#3828,#3829,#3830,#3831));
#3828 = ORIENTED_EDGE('',*,*,#3429,.T.);
#3829 = ORIENTED_EDGE('',*,*,#2713,.T.);
#3830 = ORIENTED_EDGE('',*,*,#2097,.F.);
#3831 = ORIENTED_EDGE('',*,*,#2177,.F.);
#3832 = PLANE('',#3833);
#3833 = AXIS2_PLACEMENT_3D('',#3834,#3835,#3836);
#3834 = CARTESIAN_POINT('',(146.05308687022,62.584377794722,
    5.631828501468));
#3835 = DIRECTION('',(-2.044928724337E-02,0.920504853452,0.390195645057)
  );
#3836 = DIRECTION('',(4.81755017317E-02,0.390731128489,-0.919243333543)
  );
#3837 = ADVANCED_FACE('',(#3838),#3844,.F.);
#3838 = FACE_BOUND('',#3839,.T.);
#3839 = EDGE_LOOP('',(#3840,#3841,#3842,#3843));
#3840 = ORIENTED_EDGE('',*,*,#1971,.T.);
#3841 = ORIENTED_EDGE('',*,*,#2729,.T.);
#3842 = ORIENTED_EDGE('',*,*,#3422,.F.);
#3843 = ORIENTED_EDGE('',*,*,#2042,.F.);
#3844 = PLANE('',#3845);
#3845 = AXIS2_PLACEMENT_3D('',#3846,#3847,#3848);
#3846 = CARTESIAN_POINT('',(146.04760196394,61.730835027825,
    5.736486747988));
#3847 = DIRECTION('',(-3.149656471803E-02,-0.798635510047,0.600990256579
    ));
#3848 = DIRECTION('',(-4.17973531079E-02,0.601815023152,0.797541007837)
  );
#3849 = ADVANCED_FACE('',(#3850),#3856,.F.);
#3850 = FACE_BOUND('',#3851,.T.);
#3851 = EDGE_LOOP('',(#3852,#3853,#3854,#3855));
#3852 = ORIENTED_EDGE('',*,*,#3480,.F.);
#3853 = ORIENTED_EDGE('',*,*,#2562,.F.);
#3854 = ORIENTED_EDGE('',*,*,#2011,.T.);
#3855 = ORIENTED_EDGE('',*,*,#2073,.F.);
#3856 = PLANE('',#3857);
#3857 = AXIS2_PLACEMENT_3D('',#3858,#3859,#3860);
#3858 = CARTESIAN_POINT('',(146.04760196394,61.730835027825,
    5.736486747988));
#3859 = DIRECTION('',(-3.149656471803E-02,-0.798635510047,0.600990256579
    ));
#3860 = DIRECTION('',(-4.17973531079E-02,0.601815023152,0.797541007837)
  );
#3861 = ADVANCED_FACE('',(#3862),#3868,.F.);
#3862 = FACE_BOUND('',#3863,.T.);
#3863 = EDGE_LOOP('',(#3864,#3865,#3866,#3867));
#3864 = ORIENTED_EDGE('',*,*,#2137,.F.);
#3865 = ORIENTED_EDGE('',*,*,#2578,.F.);
#3866 = ORIENTED_EDGE('',*,*,#3473,.T.);
#3867 = ORIENTED_EDGE('',*,*,#2199,.F.);
#3868 = PLANE('',#3869);
#3869 = AXIS2_PLACEMENT_3D('',#3870,#3871,#3872);
#3870 = CARTESIAN_POINT('',(146.05308687022,62.584377794722,
    5.631828501468));
#3871 = DIRECTION('',(-2.044928724337E-02,0.920504853452,0.390195645057)
  );
#3872 = DIRECTION('',(4.81755017317E-02,0.390731128489,-0.919243333543)
  );
#3873 = ADVANCED_FACE('',(#3874),#3880,.F.);
#3874 = FACE_BOUND('',#3875,.T.);
#3875 = EDGE_LOOP('',(#3876,#3877,#3878,#3879));
#3876 = ORIENTED_EDGE('',*,*,#3415,.T.);
#3877 = ORIENTED_EDGE('',*,*,#2736,.T.);
#3878 = ORIENTED_EDGE('',*,*,#1955,.F.);
#3879 = ORIENTED_EDGE('',*,*,#2035,.F.);
#3880 = PLANE('',#3881);
#3881 = AXIS2_PLACEMENT_3D('',#3882,#3883,#3884);
#3882 = CARTESIAN_POINT('',(146.04498662147,61.323844182137,
    5.786390455114));
#3883 = DIRECTION('',(-2.044928724337E-02,0.920504853452,0.390195645057)
  );
#3884 = DIRECTION('',(4.81755017317E-02,0.390731128489,-0.919243333543)
  );
#3885 = ADVANCED_FACE('',(#3886),#3892,.F.);
#3886 = FACE_BOUND('',#3887,.T.);
#3887 = EDGE_LOOP('',(#3888,#3889,#3890,#3891));
#3888 = ORIENTED_EDGE('',*,*,#1829,.T.);
#3889 = ORIENTED_EDGE('',*,*,#2752,.T.);
#3890 = ORIENTED_EDGE('',*,*,#3408,.F.);
#3891 = ORIENTED_EDGE('',*,*,#1900,.F.);
#3892 = PLANE('',#3893);
#3893 = AXIS2_PLACEMENT_3D('',#3894,#3895,#3896);
#3894 = CARTESIAN_POINT('',(146.03950171519,60.47030141524,
    5.891048701634));
#3895 = DIRECTION('',(-3.149656471803E-02,-0.798635510047,0.600990256579
    ));
#3896 = DIRECTION('',(-4.17973531079E-02,0.601815023152,0.797541007837)
  );
#3897 = ADVANCED_FACE('',(#3898),#3904,.F.);
#3898 = FACE_BOUND('',#3899,.T.);
#3899 = EDGE_LOOP('',(#3900,#3901,#3902,#3903));
#3900 = ORIENTED_EDGE('',*,*,#3494,.F.);
#3901 = ORIENTED_EDGE('',*,*,#2539,.F.);
#3902 = ORIENTED_EDGE('',*,*,#1869,.T.);
#3903 = ORIENTED_EDGE('',*,*,#1931,.F.);
#3904 = PLANE('',#3905);
#3905 = AXIS2_PLACEMENT_3D('',#3906,#3907,#3908);
#3906 = CARTESIAN_POINT('',(146.03950171519,60.47030141524,
    5.891048701634));
#3907 = DIRECTION('',(-3.149656471803E-02,-0.798635510047,0.600990256579
    ));
#3908 = DIRECTION('',(-4.17973531079E-02,0.601815023152,0.797541007837)
  );
#3909 = ADVANCED_FACE('',(#3910),#3916,.F.);
#3910 = FACE_BOUND('',#3911,.T.);
#3911 = EDGE_LOOP('',(#3912,#3913,#3914,#3915));
#3912 = ORIENTED_EDGE('',*,*,#1995,.F.);
#3913 = ORIENTED_EDGE('',*,*,#2555,.F.);
#3914 = ORIENTED_EDGE('',*,*,#3487,.T.);
#3915 = ORIENTED_EDGE('',*,*,#2057,.F.);
#3916 = PLANE('',#3917);
#3917 = AXIS2_PLACEMENT_3D('',#3918,#3919,#3920);
#3918 = CARTESIAN_POINT('',(146.04498662147,61.323844182137,
    5.786390455114));
#3919 = DIRECTION('',(-2.044928724337E-02,0.920504853452,0.390195645057)
  );
#3920 = DIRECTION('',(4.81755017317E-02,0.390731128489,-0.919243333543)
  );
#3921 = ADVANCED_FACE('',(#3922),#3928,.F.);
#3922 = FACE_BOUND('',#3923,.T.);
#3923 = EDGE_LOOP('',(#3924,#3925,#3926,#3927));
#3924 = ORIENTED_EDGE('',*,*,#3401,.T.);
#3925 = ORIENTED_EDGE('',*,*,#2759,.T.);
#3926 = ORIENTED_EDGE('',*,*,#1813,.F.);
#3927 = ORIENTED_EDGE('',*,*,#1893,.F.);
#3928 = PLANE('',#3929);
#3929 = AXIS2_PLACEMENT_3D('',#3930,#3931,#3932);
#3930 = CARTESIAN_POINT('',(146.03688637272,60.063310569553,
    5.94095240876));
#3931 = DIRECTION('',(-2.044928724337E-02,0.920504853452,0.390195645057)
  );
#3932 = DIRECTION('',(4.81755017317E-02,0.390731128489,-0.919243333543)
  );
#3933 = ADVANCED_FACE('',(#3934),#3940,.F.);
#3934 = FACE_BOUND('',#3935,.T.);
#3935 = EDGE_LOOP('',(#3936,#3937,#3938,#3939));
#3936 = ORIENTED_EDGE('',*,*,#1687,.T.);
#3937 = ORIENTED_EDGE('',*,*,#2775,.T.);
#3938 = ORIENTED_EDGE('',*,*,#3394,.F.);
#3939 = ORIENTED_EDGE('',*,*,#1758,.F.);
#3940 = PLANE('',#3941);
#3941 = AXIS2_PLACEMENT_3D('',#3942,#3943,#3944);
#3942 = CARTESIAN_POINT('',(146.03140146643,59.209767802656,
    6.04561065528));
#3943 = DIRECTION('',(-3.149656471803E-02,-0.798635510047,0.600990256579
    ));
#3944 = DIRECTION('',(-4.17973531079E-02,0.601815023152,0.797541007837)
  );
#3945 = ADVANCED_FACE('',(#3946),#3952,.F.);
#3946 = FACE_BOUND('',#3947,.T.);
#3947 = EDGE_LOOP('',(#3948,#3949,#3950,#3951));
#3948 = ORIENTED_EDGE('',*,*,#3508,.F.);
#3949 = ORIENTED_EDGE('',*,*,#2516,.F.);
#3950 = ORIENTED_EDGE('',*,*,#1727,.T.);
#3951 = ORIENTED_EDGE('',*,*,#1789,.F.);
#3952 = PLANE('',#3953);
#3953 = AXIS2_PLACEMENT_3D('',#3954,#3955,#3956);
#3954 = CARTESIAN_POINT('',(146.03140146643,59.209767802656,
    6.04561065528));
#3955 = DIRECTION('',(-3.149656471803E-02,-0.798635510047,0.600990256579
    ));
#3956 = DIRECTION('',(-4.17973531079E-02,0.601815023152,0.797541007837)
  );
#3957 = ADVANCED_FACE('',(#3958),#3964,.F.);
#3958 = FACE_BOUND('',#3959,.T.);
#3959 = EDGE_LOOP('',(#3960,#3961,#3962,#3963));
#3960 = ORIENTED_EDGE('',*,*,#1853,.F.);
#3961 = ORIENTED_EDGE('',*,*,#2532,.F.);
#3962 = ORIENTED_EDGE('',*,*,#3501,.T.);
#3963 = ORIENTED_EDGE('',*,*,#1915,.F.);
#3964 = PLANE('',#3965);
#3965 = AXIS2_PLACEMENT_3D('',#3966,#3967,#3968);
#3966 = CARTESIAN_POINT('',(146.03688637272,60.063310569553,
    5.94095240876));
#3967 = DIRECTION('',(-2.044928724337E-02,0.920504853452,0.390195645057)
  );
#3968 = DIRECTION('',(4.81755017317E-02,0.390731128489,-0.919243333543)
  );
#3969 = ADVANCED_FACE('',(#3970),#3976,.F.);
#3970 = FACE_BOUND('',#3971,.T.);
#3971 = EDGE_LOOP('',(#3972,#3973,#3974,#3975));
#3972 = ORIENTED_EDGE('',*,*,#3387,.T.);
#3973 = ORIENTED_EDGE('',*,*,#2782,.T.);
#3974 = ORIENTED_EDGE('',*,*,#1671,.F.);
#3975 = ORIENTED_EDGE('',*,*,#1751,.F.);
#3976 = PLANE('',#3977);
#3977 = AXIS2_PLACEMENT_3D('',#3978,#3979,#3980);
#3978 = CARTESIAN_POINT('',(146.02878612397,58.802776956968,
    6.095514362406));
#3979 = DIRECTION('',(-2.044928724337E-02,0.920504853452,0.390195645057)
  );
#3980 = DIRECTION('',(4.81755017317E-02,0.390731128489,-0.919243333543)
  );
#3981 = ADVANCED_FACE('',(#3982),#3988,.F.);
#3982 = FACE_BOUND('',#3983,.T.);
#3983 = EDGE_LOOP('',(#3984,#3985,#3986,#3987));
#3984 = ORIENTED_EDGE('',*,*,#1545,.T.);
#3985 = ORIENTED_EDGE('',*,*,#2798,.T.);
#3986 = ORIENTED_EDGE('',*,*,#3380,.F.);
#3987 = ORIENTED_EDGE('',*,*,#1616,.F.);
#3988 = PLANE('',#3989);
#3989 = AXIS2_PLACEMENT_3D('',#3990,#3991,#3992);
#3990 = CARTESIAN_POINT('',(146.02330121768,57.949234190071,
    6.200172608926));
#3991 = DIRECTION('',(-3.149656471803E-02,-0.798635510047,0.600990256579
    ));
#3992 = DIRECTION('',(-4.17973531079E-02,0.601815023152,0.797541007837)
  );
#3993 = ADVANCED_FACE('',(#3994),#4000,.F.);
#3994 = FACE_BOUND('',#3995,.T.);
#3995 = EDGE_LOOP('',(#3996,#3997,#3998,#3999));
#3996 = ORIENTED_EDGE('',*,*,#3522,.F.);
#3997 = ORIENTED_EDGE('',*,*,#2493,.F.);
#3998 = ORIENTED_EDGE('',*,*,#1585,.T.);
#3999 = ORIENTED_EDGE('',*,*,#1647,.F.);
#4000 = PLANE('',#4001);
#4001 = AXIS2_PLACEMENT_3D('',#4002,#4003,#4004);
#4002 = CARTESIAN_POINT('',(146.02330121768,57.949234190071,
    6.200172608926));
#4003 = DIRECTION('',(-3.149656471803E-02,-0.798635510047,0.600990256579
    ));
#4004 = DIRECTION('',(-4.17973531079E-02,0.601815023152,0.797541007837)
  );
#4005 = ADVANCED_FACE('',(#4006),#4012,.F.);
#4006 = FACE_BOUND('',#4007,.T.);
#4007 = EDGE_LOOP('',(#4008,#4009,#4010,#4011));
#4008 = ORIENTED_EDGE('',*,*,#1711,.F.);
#4009 = ORIENTED_EDGE('',*,*,#2509,.F.);
#4010 = ORIENTED_EDGE('',*,*,#3515,.T.);
#4011 = ORIENTED_EDGE('',*,*,#1773,.F.);
#4012 = PLANE('',#4013);
#4013 = AXIS2_PLACEMENT_3D('',#4014,#4015,#4016);
#4014 = CARTESIAN_POINT('',(146.02878612397,58.802776956968,
    6.095514362406));
#4015 = DIRECTION('',(-2.044928724337E-02,0.920504853452,0.390195645057)
  );
#4016 = DIRECTION('',(4.81755017317E-02,0.390731128489,-0.919243333543)
  );
#4017 = ADVANCED_FACE('',(#4018),#4024,.F.);
#4018 = FACE_BOUND('',#4019,.T.);
#4019 = EDGE_LOOP('',(#4020,#4021,#4022,#4023));
#4020 = ORIENTED_EDGE('',*,*,#3373,.T.);
#4021 = ORIENTED_EDGE('',*,*,#2805,.T.);
#4022 = ORIENTED_EDGE('',*,*,#1529,.F.);
#4023 = ORIENTED_EDGE('',*,*,#1609,.F.);
#4024 = PLANE('',#4025);
#4025 = AXIS2_PLACEMENT_3D('',#4026,#4027,#4028);
#4026 = CARTESIAN_POINT('',(146.02068587521,57.542243344384,
    6.250076316052));
#4027 = DIRECTION('',(-2.044928724337E-02,0.920504853452,0.390195645057)
  );
#4028 = DIRECTION('',(4.81755017317E-02,0.390731128489,-0.919243333543)
  );
#4029 = ADVANCED_FACE('',(#4030),#4036,.F.);
#4030 = FACE_BOUND('',#4031,.T.);
#4031 = EDGE_LOOP('',(#4032,#4033,#4034,#4035));
#4032 = ORIENTED_EDGE('',*,*,#1403,.T.);
#4033 = ORIENTED_EDGE('',*,*,#2821,.T.);
#4034 = ORIENTED_EDGE('',*,*,#3366,.F.);
#4035 = ORIENTED_EDGE('',*,*,#1474,.F.);
#4036 = PLANE('',#4037);
#4037 = AXIS2_PLACEMENT_3D('',#4038,#4039,#4040);
#4038 = CARTESIAN_POINT('',(146.01520096893,56.688700577487,
    6.354734562572));
#4039 = DIRECTION('',(-3.149656471803E-02,-0.798635510047,0.600990256579
    ));
#4040 = DIRECTION('',(-4.17973531079E-02,0.601815023152,0.797541007837)
  );
#4041 = ADVANCED_FACE('',(#4042),#4048,.F.);
#4042 = FACE_BOUND('',#4043,.T.);
#4043 = EDGE_LOOP('',(#4044,#4045,#4046,#4047));
#4044 = ORIENTED_EDGE('',*,*,#3536,.F.);
#4045 = ORIENTED_EDGE('',*,*,#2470,.F.);
#4046 = ORIENTED_EDGE('',*,*,#1443,.T.);
#4047 = ORIENTED_EDGE('',*,*,#1505,.F.);
#4048 = PLANE('',#4049);
#4049 = AXIS2_PLACEMENT_3D('',#4050,#4051,#4052);
#4050 = CARTESIAN_POINT('',(146.01520096893,56.688700577487,
    6.354734562572));
#4051 = DIRECTION('',(-3.149656471803E-02,-0.798635510047,0.600990256579
    ));
#4052 = DIRECTION('',(-4.17973531079E-02,0.601815023152,0.797541007837)
  );
#4053 = ADVANCED_FACE('',(#4054),#4060,.F.);
#4054 = FACE_BOUND('',#4055,.T.);
#4055 = EDGE_LOOP('',(#4056,#4057,#4058,#4059));
#4056 = ORIENTED_EDGE('',*,*,#1569,.F.);
#4057 = ORIENTED_EDGE('',*,*,#2486,.F.);
#4058 = ORIENTED_EDGE('',*,*,#3529,.T.);
#4059 = ORIENTED_EDGE('',*,*,#1631,.F.);
#4060 = PLANE('',#4061);
#4061 = AXIS2_PLACEMENT_3D('',#4062,#4063,#4064);
#4062 = CARTESIAN_POINT('',(146.02068587521,57.542243344384,
    6.250076316052));
#4063 = DIRECTION('',(-2.044928724337E-02,0.920504853452,0.390195645057)
  );
#4064 = DIRECTION('',(4.81755017317E-02,0.390731128489,-0.919243333543)
  );
#4065 = ADVANCED_FACE('',(#4066),#4072,.F.);
#4066 = FACE_BOUND('',#4067,.T.);
#4067 = EDGE_LOOP('',(#4068,#4069,#4070,#4071));
#4068 = ORIENTED_EDGE('',*,*,#3359,.T.);
#4069 = ORIENTED_EDGE('',*,*,#2828,.T.);
#4070 = ORIENTED_EDGE('',*,*,#1387,.F.);
#4071 = ORIENTED_EDGE('',*,*,#1467,.F.);
#4072 = PLANE('',#4073);
#4073 = AXIS2_PLACEMENT_3D('',#4074,#4075,#4076);
#4074 = CARTESIAN_POINT('',(146.01258562646,56.281709731799,
    6.404638269698));
#4075 = DIRECTION('',(-2.044928724337E-02,0.920504853452,0.390195645057)
  );
#4076 = DIRECTION('',(4.81755017317E-02,0.390731128489,-0.919243333543)
  );
#4077 = ADVANCED_FACE('',(#4078),#4084,.F.);
#4078 = FACE_BOUND('',#4079,.T.);
#4079 = EDGE_LOOP('',(#4080,#4081,#4082,#4083));
#4080 = ORIENTED_EDGE('',*,*,#1261,.T.);
#4081 = ORIENTED_EDGE('',*,*,#2844,.T.);
#4082 = ORIENTED_EDGE('',*,*,#3352,.F.);
#4083 = ORIENTED_EDGE('',*,*,#1332,.F.);
#4084 = PLANE('',#4085);
#4085 = AXIS2_PLACEMENT_3D('',#4086,#4087,#4088);
#4086 = CARTESIAN_POINT('',(146.00710072018,55.428166964902,
    6.509296516218));
#4087 = DIRECTION('',(-3.149656471803E-02,-0.798635510047,0.600990256579
    ));
#4088 = DIRECTION('',(-4.17973531079E-02,0.601815023152,0.797541007837)
  );
#4089 = ADVANCED_FACE('',(#4090),#4096,.F.);
#4090 = FACE_BOUND('',#4091,.T.);
#4091 = EDGE_LOOP('',(#4092,#4093,#4094,#4095));
#4092 = ORIENTED_EDGE('',*,*,#3550,.F.);
#4093 = ORIENTED_EDGE('',*,*,#2447,.F.);
#4094 = ORIENTED_EDGE('',*,*,#1301,.T.);
#4095 = ORIENTED_EDGE('',*,*,#1363,.F.);
#4096 = PLANE('',#4097);
#4097 = AXIS2_PLACEMENT_3D('',#4098,#4099,#4100);
#4098 = CARTESIAN_POINT('',(146.00710072018,55.428166964902,
    6.509296516218));
#4099 = DIRECTION('',(-3.149656471803E-02,-0.798635510047,0.600990256579
    ));
#4100 = DIRECTION('',(-4.17973531079E-02,0.601815023152,0.797541007837)
  );
#4101 = ADVANCED_FACE('',(#4102),#4108,.F.);
#4102 = FACE_BOUND('',#4103,.T.);
#4103 = EDGE_LOOP('',(#4104,#4105,#4106,#4107));
#4104 = ORIENTED_EDGE('',*,*,#1427,.F.);
#4105 = ORIENTED_EDGE('',*,*,#2463,.F.);
#4106 = ORIENTED_EDGE('',*,*,#3543,.T.);
#4107 = ORIENTED_EDGE('',*,*,#1489,.F.);
#4108 = PLANE('',#4109);
#4109 = AXIS2_PLACEMENT_3D('',#4110,#4111,#4112);
#4110 = CARTESIAN_POINT('',(146.01258562646,56.281709731799,
    6.404638269698));
#4111 = DIRECTION('',(-2.044928724337E-02,0.920504853452,0.390195645057)
  );
#4112 = DIRECTION('',(4.81755017317E-02,0.390731128489,-0.919243333543)
  );
#4113 = ADVANCED_FACE('',(#4114),#4120,.F.);
#4114 = FACE_BOUND('',#4115,.T.);
#4115 = EDGE_LOOP('',(#4116,#4117,#4118,#4119));
#4116 = ORIENTED_EDGE('',*,*,#3345,.T.);
#4117 = ORIENTED_EDGE('',*,*,#2851,.T.);
#4118 = ORIENTED_EDGE('',*,*,#1245,.F.);
#4119 = ORIENTED_EDGE('',*,*,#1325,.F.);
#4120 = PLANE('',#4121);
#4121 = AXIS2_PLACEMENT_3D('',#4122,#4123,#4124);
#4122 = CARTESIAN_POINT('',(146.00448537771,55.021176119215,
    6.559200223344));
#4123 = DIRECTION('',(-2.044928724337E-02,0.920504853452,0.390195645057)
  );
#4124 = DIRECTION('',(4.81755017317E-02,0.390731128489,-0.919243333543)
  );
#4125 = ADVANCED_FACE('',(#4126),#4132,.F.);
#4126 = FACE_BOUND('',#4127,.T.);
#4127 = EDGE_LOOP('',(#4128,#4129,#4130,#4131));
#4128 = ORIENTED_EDGE('',*,*,#1119,.T.);
#4129 = ORIENTED_EDGE('',*,*,#2867,.T.);
#4130 = ORIENTED_EDGE('',*,*,#3338,.F.);
#4131 = ORIENTED_EDGE('',*,*,#1190,.F.);
#4132 = PLANE('',#4133);
#4133 = AXIS2_PLACEMENT_3D('',#4134,#4135,#4136);
#4134 = CARTESIAN_POINT('',(145.99900047142,54.167633352318,
    6.663858469864));
#4135 = DIRECTION('',(-3.149656471803E-02,-0.798635510047,0.600990256579
    ));
#4136 = DIRECTION('',(-4.17973531079E-02,0.601815023152,0.797541007837)
  );
#4137 = ADVANCED_FACE('',(#4138),#4144,.F.);
#4138 = FACE_BOUND('',#4139,.T.);
#4139 = EDGE_LOOP('',(#4140,#4141,#4142,#4143));
#4140 = ORIENTED_EDGE('',*,*,#3564,.F.);
#4141 = ORIENTED_EDGE('',*,*,#2424,.F.);
#4142 = ORIENTED_EDGE('',*,*,#1159,.T.);
#4143 = ORIENTED_EDGE('',*,*,#1221,.F.);
#4144 = PLANE('',#4145);
#4145 = AXIS2_PLACEMENT_3D('',#4146,#4147,#4148);
#4146 = CARTESIAN_POINT('',(145.99900047142,54.167633352318,
    6.663858469864));
#4147 = DIRECTION('',(-3.149656471803E-02,-0.798635510047,0.600990256579
    ));
#4148 = DIRECTION('',(-4.17973531079E-02,0.601815023152,0.797541007837)
  );
#4149 = ADVANCED_FACE('',(#4150),#4156,.F.);
#4150 = FACE_BOUND('',#4151,.T.);
#4151 = EDGE_LOOP('',(#4152,#4153,#4154,#4155));
#4152 = ORIENTED_EDGE('',*,*,#1285,.F.);
#4153 = ORIENTED_EDGE('',*,*,#2440,.F.);
#4154 = ORIENTED_EDGE('',*,*,#3557,.T.);
#4155 = ORIENTED_EDGE('',*,*,#1347,.F.);
#4156 = PLANE('',#4157);
#4157 = AXIS2_PLACEMENT_3D('',#4158,#4159,#4160);
#4158 = CARTESIAN_POINT('',(146.00448537771,55.021176119215,
    6.559200223344));
#4159 = DIRECTION('',(-2.044928724337E-02,0.920504853452,0.390195645057)
  );
#4160 = DIRECTION('',(4.81755017317E-02,0.390731128489,-0.919243333543)
  );
#4161 = ADVANCED_FACE('',(#4162),#4168,.F.);
#4162 = FACE_BOUND('',#4163,.T.);
#4163 = EDGE_LOOP('',(#4164,#4165,#4166,#4167));
#4164 = ORIENTED_EDGE('',*,*,#3331,.T.);
#4165 = ORIENTED_EDGE('',*,*,#2874,.T.);
#4166 = ORIENTED_EDGE('',*,*,#1103,.F.);
#4167 = ORIENTED_EDGE('',*,*,#1183,.F.);
#4168 = PLANE('',#4169);
#4169 = AXIS2_PLACEMENT_3D('',#4170,#4171,#4172);
#4170 = CARTESIAN_POINT('',(145.99638512896,53.76064250663,6.71376217699
    ));
#4171 = DIRECTION('',(-2.044928724337E-02,0.920504853452,0.390195645057)
  );
#4172 = DIRECTION('',(4.81755017317E-02,0.390731128489,-0.919243333543)
  );
#4173 = ADVANCED_FACE('',(#4174),#4180,.F.);
#4174 = FACE_BOUND('',#4175,.T.);
#4175 = EDGE_LOOP('',(#4176,#4177,#4178,#4179));
#4176 = ORIENTED_EDGE('',*,*,#977,.T.);
#4177 = ORIENTED_EDGE('',*,*,#2890,.T.);
#4178 = ORIENTED_EDGE('',*,*,#3324,.F.);
#4179 = ORIENTED_EDGE('',*,*,#1048,.F.);
#4180 = PLANE('',#4181);
#4181 = AXIS2_PLACEMENT_3D('',#4182,#4183,#4184);
#4182 = CARTESIAN_POINT('',(145.99090022267,52.907099739733,
    6.81842042351));
#4183 = DIRECTION('',(-3.149656471803E-02,-0.798635510047,0.600990256579
    ));
#4184 = DIRECTION('',(-4.17973531079E-02,0.601815023152,0.797541007837)
  );
#4185 = ADVANCED_FACE('',(#4186),#4192,.F.);
#4186 = FACE_BOUND('',#4187,.T.);
#4187 = EDGE_LOOP('',(#4188,#4189,#4190,#4191));
#4188 = ORIENTED_EDGE('',*,*,#3578,.F.);
#4189 = ORIENTED_EDGE('',*,*,#2401,.F.);
#4190 = ORIENTED_EDGE('',*,*,#1017,.T.);
#4191 = ORIENTED_EDGE('',*,*,#1079,.F.);
#4192 = PLANE('',#4193);
#4193 = AXIS2_PLACEMENT_3D('',#4194,#4195,#4196);
#4194 = CARTESIAN_POINT('',(145.99090022267,52.907099739733,
    6.81842042351));
#4195 = DIRECTION('',(-3.149656471803E-02,-0.798635510047,0.600990256579
    ));
#4196 = DIRECTION('',(-4.17973531079E-02,0.601815023152,0.797541007837)
  );
#4197 = ADVANCED_FACE('',(#4198),#4204,.F.);
#4198 = FACE_BOUND('',#4199,.T.);
#4199 = EDGE_LOOP('',(#4200,#4201,#4202,#4203));
#4200 = ORIENTED_EDGE('',*,*,#1143,.F.);
#4201 = ORIENTED_EDGE('',*,*,#2417,.F.);
#4202 = ORIENTED_EDGE('',*,*,#3571,.T.);
#4203 = ORIENTED_EDGE('',*,*,#1205,.F.);
#4204 = PLANE('',#4205);
#4205 = AXIS2_PLACEMENT_3D('',#4206,#4207,#4208);
#4206 = CARTESIAN_POINT('',(145.99638512896,53.76064250663,6.71376217699
    ));
#4207 = DIRECTION('',(-2.044928724337E-02,0.920504853452,0.390195645057)
  );
#4208 = DIRECTION('',(4.81755017317E-02,0.390731128489,-0.919243333543)
  );
#4209 = ADVANCED_FACE('',(#4210),#4216,.F.);
#4210 = FACE_BOUND('',#4211,.T.);
#4211 = EDGE_LOOP('',(#4212,#4213,#4214,#4215));
#4212 = ORIENTED_EDGE('',*,*,#3317,.T.);
#4213 = ORIENTED_EDGE('',*,*,#2897,.T.);
#4214 = ORIENTED_EDGE('',*,*,#961,.F.);
#4215 = ORIENTED_EDGE('',*,*,#1041,.F.);
#4216 = PLANE('',#4217);
#4217 = AXIS2_PLACEMENT_3D('',#4218,#4219,#4220);
#4218 = CARTESIAN_POINT('',(145.9882848802,52.500108894046,
    6.868324130636));
#4219 = DIRECTION('',(-2.044928724337E-02,0.920504853452,0.390195645057)
  );
#4220 = DIRECTION('',(4.81755017317E-02,0.390731128489,-0.919243333543)
  );
#4221 = ADVANCED_FACE('',(#4222),#4228,.F.);
#4222 = FACE_BOUND('',#4223,.T.);
#4223 = EDGE_LOOP('',(#4224,#4225,#4226,#4227));
#4224 = ORIENTED_EDGE('',*,*,#835,.T.);
#4225 = ORIENTED_EDGE('',*,*,#2913,.T.);
#4226 = ORIENTED_EDGE('',*,*,#3310,.F.);
#4227 = ORIENTED_EDGE('',*,*,#906,.F.);
#4228 = PLANE('',#4229);
#4229 = AXIS2_PLACEMENT_3D('',#4230,#4231,#4232);
#4230 = CARTESIAN_POINT('',(145.98279997392,51.646566127149,
    6.972982377156));
#4231 = DIRECTION('',(-3.149656471803E-02,-0.798635510047,0.600990256579
    ));
#4232 = DIRECTION('',(-4.17973531079E-02,0.601815023152,0.797541007837)
  );
#4233 = ADVANCED_FACE('',(#4234),#4240,.F.);
#4234 = FACE_BOUND('',#4235,.T.);
#4235 = EDGE_LOOP('',(#4236,#4237,#4238,#4239));
#4236 = ORIENTED_EDGE('',*,*,#3592,.F.);
#4237 = ORIENTED_EDGE('',*,*,#2378,.F.);
#4238 = ORIENTED_EDGE('',*,*,#875,.T.);
#4239 = ORIENTED_EDGE('',*,*,#937,.F.);
#4240 = PLANE('',#4241);
#4241 = AXIS2_PLACEMENT_3D('',#4242,#4243,#4244);
#4242 = CARTESIAN_POINT('',(145.98279997392,51.646566127149,
    6.972982377156));
#4243 = DIRECTION('',(-3.149656471803E-02,-0.798635510047,0.600990256579
    ));
#4244 = DIRECTION('',(-4.17973531079E-02,0.601815023152,0.797541007837)
  );
#4245 = ADVANCED_FACE('',(#4246),#4252,.F.);
#4246 = FACE_BOUND('',#4247,.T.);
#4247 = EDGE_LOOP('',(#4248,#4249,#4250,#4251));
#4248 = ORIENTED_EDGE('',*,*,#1001,.F.);
#4249 = ORIENTED_EDGE('',*,*,#2394,.F.);
#4250 = ORIENTED_EDGE('',*,*,#3585,.T.);
#4251 = ORIENTED_EDGE('',*,*,#1063,.F.);
#4252 = PLANE('',#4253);
#4253 = AXIS2_PLACEMENT_3D('',#4254,#4255,#4256);
#4254 = CARTESIAN_POINT('',(145.9882848802,52.500108894046,
    6.868324130636));
#4255 = DIRECTION('',(-2.044928724337E-02,0.920504853452,0.390195645057)
  );
#4256 = DIRECTION('',(4.81755017317E-02,0.390731128489,-0.919243333543)
  );
#4257 = ADVANCED_FACE('',(#4258),#4264,.F.);
#4258 = FACE_BOUND('',#4259,.T.);
#4259 = EDGE_LOOP('',(#4260,#4261,#4262,#4263));
#4260 = ORIENTED_EDGE('',*,*,#3303,.T.);
#4261 = ORIENTED_EDGE('',*,*,#2920,.T.);
#4262 = ORIENTED_EDGE('',*,*,#819,.F.);
#4263 = ORIENTED_EDGE('',*,*,#899,.F.);
#4264 = PLANE('',#4265);
#4265 = AXIS2_PLACEMENT_3D('',#4266,#4267,#4268);
#4266 = CARTESIAN_POINT('',(145.98018463145,51.239575281461,
    7.022886084282));
#4267 = DIRECTION('',(-2.044928724337E-02,0.920504853452,0.390195645057)
  );
#4268 = DIRECTION('',(4.81755017317E-02,0.390731128489,-0.919243333543)
  );
#4269 = ADVANCED_FACE('',(#4270),#4276,.F.);
#4270 = FACE_BOUND('',#4271,.T.);
#4271 = EDGE_LOOP('',(#4272,#4273,#4274,#4275));
#4272 = ORIENTED_EDGE('',*,*,#693,.T.);
#4273 = ORIENTED_EDGE('',*,*,#2936,.T.);
#4274 = ORIENTED_EDGE('',*,*,#3296,.F.);
#4275 = ORIENTED_EDGE('',*,*,#764,.F.);
#4276 = PLANE('',#4277);
#4277 = AXIS2_PLACEMENT_3D('',#4278,#4279,#4280);
#4278 = CARTESIAN_POINT('',(145.97469972517,50.386032514565,
    7.127544330802));
#4279 = DIRECTION('',(-3.149656471803E-02,-0.798635510047,0.600990256579
    ));
#4280 = DIRECTION('',(-4.17973531079E-02,0.601815023152,0.797541007837)
  );
#4281 = ADVANCED_FACE('',(#4282),#4288,.F.);
#4282 = FACE_BOUND('',#4283,.T.);
#4283 = EDGE_LOOP('',(#4284,#4285,#4286,#4287));
#4284 = ORIENTED_EDGE('',*,*,#3606,.F.);
#4285 = ORIENTED_EDGE('',*,*,#2355,.F.);
#4286 = ORIENTED_EDGE('',*,*,#733,.T.);
#4287 = ORIENTED_EDGE('',*,*,#795,.F.);
#4288 = PLANE('',#4289);
#4289 = AXIS2_PLACEMENT_3D('',#4290,#4291,#4292);
#4290 = CARTESIAN_POINT('',(145.97469972517,50.386032514565,
    7.127544330802));
#4291 = DIRECTION('',(-3.149656471803E-02,-0.798635510047,0.600990256579
    ));
#4292 = DIRECTION('',(-4.17973531079E-02,0.601815023152,0.797541007837)
  );
#4293 = ADVANCED_FACE('',(#4294),#4300,.F.);
#4294 = FACE_BOUND('',#4295,.T.);
#4295 = EDGE_LOOP('',(#4296,#4297,#4298,#4299));
#4296 = ORIENTED_EDGE('',*,*,#859,.F.);
#4297 = ORIENTED_EDGE('',*,*,#2371,.F.);
#4298 = ORIENTED_EDGE('',*,*,#3599,.T.);
#4299 = ORIENTED_EDGE('',*,*,#921,.F.);
#4300 = PLANE('',#4301);
#4301 = AXIS2_PLACEMENT_3D('',#4302,#4303,#4304);
#4302 = CARTESIAN_POINT('',(145.98018463145,51.239575281461,
    7.022886084282));
#4303 = DIRECTION('',(-2.044928724337E-02,0.920504853452,0.390195645057)
  );
#4304 = DIRECTION('',(4.81755017317E-02,0.390731128489,-0.919243333543)
  );
#4305 = ADVANCED_FACE('',(#4306),#4312,.F.);
#4306 = FACE_BOUND('',#4307,.T.);
#4307 = EDGE_LOOP('',(#4308,#4309,#4310,#4311));
#4308 = ORIENTED_EDGE('',*,*,#3289,.T.);
#4309 = ORIENTED_EDGE('',*,*,#2943,.T.);
#4310 = ORIENTED_EDGE('',*,*,#677,.F.);
#4311 = ORIENTED_EDGE('',*,*,#757,.F.);
#4312 = PLANE('',#4313);
#4313 = AXIS2_PLACEMENT_3D('',#4314,#4315,#4316);
#4314 = CARTESIAN_POINT('',(145.9720843827,49.979041668877,
    7.177448037928));
#4315 = DIRECTION('',(-2.044928724337E-02,0.920504853452,0.390195645057)
  );
#4316 = DIRECTION('',(4.81755017317E-02,0.390731128489,-0.919243333543)
  );
#4317 = ADVANCED_FACE('',(#4318),#4324,.F.);
#4318 = FACE_BOUND('',#4319,.T.);
#4319 = EDGE_LOOP('',(#4320,#4321,#4322,#4323));
#4320 = ORIENTED_EDGE('',*,*,#535,.T.);
#4321 = ORIENTED_EDGE('',*,*,#2672,.T.);
#4322 = ORIENTED_EDGE('',*,*,#3282,.F.);
#4323 = ORIENTED_EDGE('',*,*,#606,.F.);
#4324 = PLANE('',#4325);
#4325 = AXIS2_PLACEMENT_3D('',#4326,#4327,#4328);
#4326 = CARTESIAN_POINT('',(145.96659947642,49.12549890198,
    7.282106284448));
#4327 = DIRECTION('',(-3.149656471803E-02,-0.798635510047,0.600990256579
    ));
#4328 = DIRECTION('',(-4.17973531079E-02,0.601815023152,0.797541007837)
  );
#4329 = ADVANCED_FACE('',(#4330),#4336,.F.);
#4330 = FACE_BOUND('',#4331,.T.);
#4331 = EDGE_LOOP('',(#4332,#4333,#4334,#4335));
#4332 = ORIENTED_EDGE('',*,*,#3273,.F.);
#4333 = ORIENTED_EDGE('',*,*,#2332,.F.);
#4334 = ORIENTED_EDGE('',*,*,#575,.T.);
#4335 = ORIENTED_EDGE('',*,*,#646,.F.);
#4336 = PLANE('',#4337);
#4337 = AXIS2_PLACEMENT_3D('',#4338,#4339,#4340);
#4338 = CARTESIAN_POINT('',(145.96659947642,49.12549890198,
    7.282106284448));
#4339 = DIRECTION('',(-3.149656471803E-02,-0.798635510047,0.600990256579
    ));
#4340 = DIRECTION('',(-4.17973531079E-02,0.601815023152,0.797541007837)
  );
#4341 = ADVANCED_FACE('',(#4342),#4348,.F.);
#4342 = FACE_BOUND('',#4343,.T.);
#4343 = EDGE_LOOP('',(#4344,#4345,#4346,#4347));
#4344 = ORIENTED_EDGE('',*,*,#717,.F.);
#4345 = ORIENTED_EDGE('',*,*,#2348,.F.);
#4346 = ORIENTED_EDGE('',*,*,#3266,.T.);
#4347 = ORIENTED_EDGE('',*,*,#779,.F.);
#4348 = PLANE('',#4349);
#4349 = AXIS2_PLACEMENT_3D('',#4350,#4351,#4352);
#4350 = CARTESIAN_POINT('',(145.9720843827,49.979041668877,
    7.177448037928));
#4351 = DIRECTION('',(-2.044928724337E-02,0.920504853452,0.390195645057)
  );
#4352 = DIRECTION('',(4.81755017317E-02,0.390731128489,-0.919243333543)
  );
#4353 = MANIFOLD_SOLID_BREP('',#4354);
#4354 = CLOSED_SHELL('',(#4355,#4397,#4439,#4481,#4513,#4545,#4569,#4587
    ,#4605,#4625,#4643,#4663,#4681,#4691));
#4355 = ADVANCED_FACE('',(#4356),#4392,.T.);
#4356 = FACE_BOUND('',#4357,.T.);
#4357 = EDGE_LOOP('',(#4358,#4369,#4377,#4386));
#4358 = ORIENTED_EDGE('',*,*,#4359,.T.);
#4359 = EDGE_CURVE('',#4360,#4362,#4364,.T.);
#4360 = VERTEX_POINT('',#4361);
#4361 = CARTESIAN_POINT('',(144.30759995538,63.687446898914,
    7.634176279404));
#4362 = VERTEX_POINT('',#4363);
#4363 = CARTESIAN_POINT('',(145.37293794306,63.687446898914,
    7.690008277524));
#4364 = CIRCLE('',#4365,0.5334);
#4365 = AXIS2_PLACEMENT_3D('',#4366,#4367,#4368);
#4366 = CARTESIAN_POINT('',(144.84026894922,63.687446898914,
    7.662092278464));
#4367 = DIRECTION('',(-5.19458519614E-02,0.121869343405,0.991185901636)
  );
#4368 = DIRECTION('',(-0.998629534755,-1.413873079185E-16,
    -5.233595624294E-02));
#4369 = ORIENTED_EDGE('',*,*,#4370,.T.);
#4370 = EDGE_CURVE('',#4362,#4371,#4373,.T.);
#4371 = VERTEX_POINT('',#4372);
#4372 = CARTESIAN_POINT('',(145.35974369666,63.718401712139,
    7.94176949654));
#4373 = LINE('',#4374,#4375);
#4374 = CARTESIAN_POINT('',(145.35974369666,63.718401712139,
    7.94176949654));
#4375 = VECTOR('',#4376,1.);
#4376 = DIRECTION('',(-5.19458519614E-02,0.121869343405,0.991185901636)
  );
#4377 = ORIENTED_EDGE('',*,*,#4378,.F.);
#4378 = EDGE_CURVE('',#4379,#4371,#4381,.T.);
#4379 = VERTEX_POINT('',#4380);
#4380 = CARTESIAN_POINT('',(144.29440570898,63.718401712139,
    7.88593749842));
#4381 = CIRCLE('',#4382,0.5334);
#4382 = AXIS2_PLACEMENT_3D('',#4383,#4384,#4385);
#4383 = CARTESIAN_POINT('',(144.82707470282,63.718401712139,
    7.91385349748));
#4384 = DIRECTION('',(-5.19458519614E-02,0.121869343405,0.991185901636)
  );
#4385 = DIRECTION('',(-0.998629534755,-1.413873079185E-16,
    -5.233595624294E-02));
#4386 = ORIENTED_EDGE('',*,*,#4387,.F.);
#4387 = EDGE_CURVE('',#4360,#4379,#4388,.T.);
#4388 = LINE('',#4389,#4390);
#4389 = CARTESIAN_POINT('',(144.29440570898,63.718401712139,
    7.88593749842));
#4390 = VECTOR('',#4391,1.);
#4391 = DIRECTION('',(-5.19458519614E-02,0.121869343405,0.991185901636)
  );
#4392 = CYLINDRICAL_SURFACE('',#4393,0.5334);
#4393 = AXIS2_PLACEMENT_3D('',#4394,#4395,#4396);
#4394 = CARTESIAN_POINT('',(144.82707470282,63.718401712139,
    7.91385349748));
#4395 = DIRECTION('',(-5.19458519614E-02,0.121869343405,0.991185901636)
  );
#4396 = DIRECTION('',(-0.998629534755,-1.413873079185E-16,
    -5.233595624294E-02));
#4397 = ADVANCED_FACE('',(#4398),#4434,.T.);
#4398 = FACE_BOUND('',#4399,.T.);
#4399 = EDGE_LOOP('',(#4400,#4411,#4419,#4428));
#4400 = ORIENTED_EDGE('',*,*,#4401,.T.);
#4401 = EDGE_CURVE('',#4402,#4404,#4406,.T.);
#4402 = VERTEX_POINT('',#4403);
#4403 = CARTESIAN_POINT('',(144.46461917762,63.625537272465,
    7.13749990781));
#4404 = VERTEX_POINT('',#4405);
#4405 = CARTESIAN_POINT('',(145.26869570641,63.625537272465,
    7.179639773057));
#4406 = CIRCLE('',#4407,0.40259);
#4407 = AXIS2_PLACEMENT_3D('',#4408,#4409,#4410);
#4408 = CARTESIAN_POINT('',(144.86665744201,63.625537272465,
    7.158569840433));
#4409 = DIRECTION('',(-5.19458519614E-02,0.121869343405,0.991185901636)
  );
#4410 = DIRECTION('',(-0.998629534755,-1.413873079185E-16,
    -5.233595624294E-02));
#4411 = ORIENTED_EDGE('',*,*,#4412,.T.);
#4412 = EDGE_CURVE('',#4404,#4413,#4415,.T.);
#4413 = VERTEX_POINT('',#4414);
#4414 = CARTESIAN_POINT('',(145.24230721361,63.687446898914,
    7.683162211088));
#4415 = LINE('',#4416,#4417);
#4416 = CARTESIAN_POINT('',(145.22911296722,63.718401712139,
    7.934923430104));
#4417 = VECTOR('',#4418,1.);
#4418 = DIRECTION('',(-5.19458519614E-02,0.121869343405,0.991185901636)
  );
#4419 = ORIENTED_EDGE('',*,*,#4420,.F.);
#4420 = EDGE_CURVE('',#4421,#4413,#4423,.T.);
#4421 = VERTEX_POINT('',#4422);
#4422 = CARTESIAN_POINT('',(144.43823068482,63.687446898914,
    7.641022345841));
#4423 = CIRCLE('',#4424,0.40259);
#4424 = AXIS2_PLACEMENT_3D('',#4425,#4426,#4427);
#4425 = CARTESIAN_POINT('',(144.84026894922,63.687446898914,
    7.662092278464));
#4426 = DIRECTION('',(-5.19458519614E-02,0.121869343405,0.991185901636)
  );
#4427 = DIRECTION('',(-0.998629534755,-1.413873079185E-16,
    -5.233595624294E-02));
#4428 = ORIENTED_EDGE('',*,*,#4429,.F.);
#4429 = EDGE_CURVE('',#4402,#4421,#4430,.T.);
#4430 = LINE('',#4431,#4432);
#4431 = CARTESIAN_POINT('',(144.42503643842,63.718401712139,
    7.892783564856));
#4432 = VECTOR('',#4433,1.);
#4433 = DIRECTION('',(-5.19458519614E-02,0.121869343405,0.991185901636)
  );
#4434 = CYLINDRICAL_SURFACE('',#4435,0.40259);
#4435 = AXIS2_PLACEMENT_3D('',#4436,#4437,#4438);
#4436 = CARTESIAN_POINT('',(144.82707470282,63.718401712139,
    7.91385349748));
#4437 = DIRECTION('',(-5.19458519614E-02,0.121869343405,0.991185901636)
  );
#4438 = DIRECTION('',(-0.998629534755,-1.413873079185E-16,
    -5.233595624294E-02));
#4439 = ADVANCED_FACE('',(#4440),#4476,.T.);
#4440 = FACE_BOUND('',#4441,.T.);
#4441 = EDGE_LOOP('',(#4442,#4453,#4461,#4470));
#4442 = ORIENTED_EDGE('',*,*,#4443,.T.);
#4443 = EDGE_CURVE('',#4444,#4446,#4448,.T.);
#4444 = VERTEX_POINT('',#4445);
#4445 = CARTESIAN_POINT('',(144.47274404128,63.606475658075,
    6.982468273787));
#4446 = VERTEX_POINT('',#4447);
#4447 = CARTESIAN_POINT('',(145.27682057007,63.606475658075,
    7.024608139035));
#4448 = CIRCLE('',#4449,0.40259);
#4449 = AXIS2_PLACEMENT_3D('',#4450,#4451,#4452);
#4450 = CARTESIAN_POINT('',(144.87478230567,63.606475658075,
    7.003538206411));
#4451 = DIRECTION('',(-5.19458519614E-02,0.121869343405,0.991185901636)
  );
#4452 = DIRECTION('',(-0.998629534755,-1.413873079185E-16,
    -5.233595624294E-02));
#4453 = ORIENTED_EDGE('',*,*,#4454,.T.);
#4454 = EDGE_CURVE('',#4446,#4455,#4457,.T.);
#4455 = VERTEX_POINT('',#4456);
#4456 = CARTESIAN_POINT('',(145.31054827021,63.625537272465,
    7.181833172983));
#4457 = LINE('',#4458,#4459);
#4458 = CARTESIAN_POINT('',(145.27682057007,63.606475658075,
    7.024608139035));
#4459 = VECTOR('',#4460,1.);
#4460 = DIRECTION('',(0.208288502618,0.117716746228,0.970957603263));
#4461 = ORIENTED_EDGE('',*,*,#4462,.F.);
#4462 = EDGE_CURVE('',#4463,#4455,#4465,.T.);
#4463 = VERTEX_POINT('',#4464);
#4464 = CARTESIAN_POINT('',(144.42276661382,63.625537272465,
    7.135306507883));
#4465 = CIRCLE('',#4466,0.4445);
#4466 = AXIS2_PLACEMENT_3D('',#4467,#4468,#4469);
#4467 = CARTESIAN_POINT('',(144.86665744201,63.625537272465,
    7.158569840433));
#4468 = DIRECTION('',(-5.19458519614E-02,0.121869343405,0.991185901636)
  );
#4469 = DIRECTION('',(-0.998629534755,-1.413873079185E-16,
    -5.233595624294E-02));
#4470 = ORIENTED_EDGE('',*,*,#4471,.F.);
#4471 = EDGE_CURVE('',#4444,#4463,#4472,.T.);
#4472 = LINE('',#4473,#4474);
#4473 = CARTESIAN_POINT('',(144.47274404128,63.606475658075,
    6.982468273787));
#4474 = VECTOR('',#4475,1.);
#4475 = DIRECTION('',(-0.308640182574,0.117716746228,0.943866518825));
#4476 = CONICAL_SURFACE('',#4477,0.40259,0.261799387799);
#4477 = AXIS2_PLACEMENT_3D('',#4478,#4479,#4480);
#4478 = CARTESIAN_POINT('',(144.87478230567,63.606475658075,
    7.003538206411));
#4479 = DIRECTION('',(-5.19458519614E-02,0.121869343405,0.991185901636)
  );
#4480 = DIRECTION('',(-0.998629534755,-1.413873079185E-16,
    -5.233595624294E-02));
#4481 = ADVANCED_FACE('',(#4482),#4508,.T.);
#4482 = FACE_BOUND('',#4483,.T.);
#4483 = EDGE_LOOP('',(#4484,#4495,#4501,#4502));
#4484 = ORIENTED_EDGE('',*,*,#4485,.T.);
#4485 = EDGE_CURVE('',#4486,#4488,#4490,.T.);
#4486 = VERTEX_POINT('',#4487);
#4487 = CARTESIAN_POINT('',(144.54906235457,63.427426467825,
    5.52622810611));
#4488 = VERTEX_POINT('',#4489);
#4489 = CARTESIAN_POINT('',(145.35313888336,63.427426467825,
    5.568367971358));
#4490 = CIRCLE('',#4491,0.40259);
#4491 = AXIS2_PLACEMENT_3D('',#4492,#4493,#4494);
#4492 = CARTESIAN_POINT('',(144.95110061896,63.427426467825,
    5.547298038734));
#4493 = DIRECTION('',(-5.19458519614E-02,0.121869343405,0.991185901636)
  );
#4494 = DIRECTION('',(-0.998629534755,-1.413873079185E-16,
    -5.233595624294E-02));
#4495 = ORIENTED_EDGE('',*,*,#4496,.T.);
#4496 = EDGE_CURVE('',#4488,#4446,#4497,.T.);
#4497 = LINE('',#4498,#4499);
#4498 = CARTESIAN_POINT('',(145.22911296722,63.718401712139,
    7.934923430104));
#4499 = VECTOR('',#4500,1.);
#4500 = DIRECTION('',(-5.19458519614E-02,0.121869343405,0.991185901636)
  );
#4501 = ORIENTED_EDGE('',*,*,#4443,.F.);
#4502 = ORIENTED_EDGE('',*,*,#4503,.F.);
#4503 = EDGE_CURVE('',#4486,#4444,#4504,.T.);
#4504 = LINE('',#4505,#4506);
#4505 = CARTESIAN_POINT('',(144.42503643842,63.718401712139,
    7.892783564856));
#4506 = VECTOR('',#4507,1.);
#4507 = DIRECTION('',(-5.19458519614E-02,0.121869343405,0.991185901636)
  );
#4508 = CYLINDRICAL_SURFACE('',#4509,0.40259);
#4509 = AXIS2_PLACEMENT_3D('',#4510,#4511,#4512);
#4510 = CARTESIAN_POINT('',(144.82707470282,63.718401712139,
    7.91385349748));
#4511 = DIRECTION('',(-5.19458519614E-02,0.121869343405,0.991185901636)
  );
#4512 = DIRECTION('',(-0.998629534755,-1.413873079185E-16,
    -5.233595624294E-02));
#4513 = ADVANCED_FACE('',(#4514),#4540,.T.);
#4514 = FACE_BOUND('',#4515,.T.);
#4515 = EDGE_LOOP('',(#4516,#4527,#4533,#4534));
#4516 = ORIENTED_EDGE('',*,*,#4517,.T.);
#4517 = EDGE_CURVE('',#4518,#4520,#4522,.T.);
#4518 = VERTEX_POINT('',#4519);
#4519 = CARTESIAN_POINT('',(144.62911619903,63.418140023858,
    5.454687740271));
#4520 = VERTEX_POINT('',#4521);
#4521 = CARTESIAN_POINT('',(145.28100158673,63.418140023858,
    5.488851605787));
#4522 = CIRCLE('',#4523,0.32639);
#4523 = AXIS2_PLACEMENT_3D('',#4524,#4525,#4526);
#4524 = CARTESIAN_POINT('',(144.95505889288,63.418140023858,
    5.471769673029));
#4525 = DIRECTION('',(-5.19458519614E-02,0.121869343405,0.991185901636)
  );
#4526 = DIRECTION('',(-0.998629534755,-1.413873079185E-16,
    -5.233595624294E-02));
#4527 = ORIENTED_EDGE('',*,*,#4528,.T.);
#4528 = EDGE_CURVE('',#4520,#4488,#4529,.T.);
#4529 = LINE('',#4530,#4531);
#4530 = CARTESIAN_POINT('',(145.28100158673,63.418140023858,
    5.488851605787));
#4531 = VECTOR('',#4532,1.);
#4532 = DIRECTION('',(0.669406451742,8.617463914053E-02,0.737881382023)
  );
#4533 = ORIENTED_EDGE('',*,*,#4485,.F.);
#4534 = ORIENTED_EDGE('',*,*,#4535,.F.);
#4535 = EDGE_CURVE('',#4518,#4486,#4536,.T.);
#4536 = LINE('',#4537,#4538);
#4537 = CARTESIAN_POINT('',(144.62911619903,63.418140023858,
    5.454687740271));
#4538 = VECTOR('',#4539,1.);
#4539 = DIRECTION('',(-0.742868980095,8.617463914053E-02,0.663867162904)
  );
#4540 = CONICAL_SURFACE('',#4541,0.32639,0.785398163397);
#4541 = AXIS2_PLACEMENT_3D('',#4542,#4543,#4544);
#4542 = CARTESIAN_POINT('',(144.95505889288,63.418140023858,
    5.471769673029));
#4543 = DIRECTION('',(-5.19458519614E-02,0.121869343405,0.991185901636)
  );
#4544 = DIRECTION('',(-0.998629534755,-1.413873079185E-16,
    -5.233595624294E-02));
#4545 = ADVANCED_FACE('',(#4546),#4564,.T.);
#4546 = FACE_BOUND('',#4547,.T.);
#4547 = EDGE_LOOP('',(#4548,#4549,#4556,#4557));
#4548 = ORIENTED_EDGE('',*,*,#4528,.F.);
#4549 = ORIENTED_EDGE('',*,*,#4550,.T.);
#4550 = EDGE_CURVE('',#4520,#4518,#4551,.T.);
#4551 = CIRCLE('',#4552,0.32639);
#4552 = AXIS2_PLACEMENT_3D('',#4553,#4554,#4555);
#4553 = CARTESIAN_POINT('',(144.95505889288,63.418140023858,
    5.471769673029));
#4554 = DIRECTION('',(-5.19458519614E-02,0.121869343405,0.991185901636)
  );
#4555 = DIRECTION('',(-0.998629534755,-1.413873079185E-16,
    -5.233595624294E-02));
#4556 = ORIENTED_EDGE('',*,*,#4535,.T.);
#4557 = ORIENTED_EDGE('',*,*,#4558,.F.);
#4558 = EDGE_CURVE('',#4488,#4486,#4559,.T.);
#4559 = CIRCLE('',#4560,0.40259);
#4560 = AXIS2_PLACEMENT_3D('',#4561,#4562,#4563);
#4561 = CARTESIAN_POINT('',(144.95110061896,63.427426467825,
    5.547298038734));
#4562 = DIRECTION('',(-5.19458519614E-02,0.121869343405,0.991185901636)
  );
#4563 = DIRECTION('',(-0.998629534755,-1.413873079185E-16,
    -5.233595624294E-02));
#4564 = CONICAL_SURFACE('',#4565,0.32639,0.785398163397);
#4565 = AXIS2_PLACEMENT_3D('',#4566,#4567,#4568);
#4566 = CARTESIAN_POINT('',(144.95505889288,63.418140023858,
    5.471769673029));
#4567 = DIRECTION('',(-5.19458519614E-02,0.121869343405,0.991185901636)
  );
#4568 = DIRECTION('',(-0.998629534755,-1.413873079185E-16,
    -5.233595624294E-02));
#4569 = ADVANCED_FACE('',(#4570),#4582,.T.);
#4570 = FACE_BOUND('',#4571,.T.);
#4571 = EDGE_LOOP('',(#4572,#4573,#4574,#4575));
#4572 = ORIENTED_EDGE('',*,*,#4496,.F.);
#4573 = ORIENTED_EDGE('',*,*,#4558,.T.);
#4574 = ORIENTED_EDGE('',*,*,#4503,.T.);
#4575 = ORIENTED_EDGE('',*,*,#4576,.F.);
#4576 = EDGE_CURVE('',#4446,#4444,#4577,.T.);
#4577 = CIRCLE('',#4578,0.40259);
#4578 = AXIS2_PLACEMENT_3D('',#4579,#4580,#4581);
#4579 = CARTESIAN_POINT('',(144.87478230567,63.606475658075,
    7.003538206411));
#4580 = DIRECTION('',(-5.19458519614E-02,0.121869343405,0.991185901636)
  );
#4581 = DIRECTION('',(-0.998629534755,-1.413873079185E-16,
    -5.233595624294E-02));
#4582 = CYLINDRICAL_SURFACE('',#4583,0.40259);
#4583 = AXIS2_PLACEMENT_3D('',#4584,#4585,#4586);
#4584 = CARTESIAN_POINT('',(144.82707470282,63.718401712139,
    7.91385349748));
#4585 = DIRECTION('',(-5.19458519614E-02,0.121869343405,0.991185901636)
  );
#4586 = DIRECTION('',(-0.998629534755,-1.413873079185E-16,
    -5.233595624294E-02));
#4587 = ADVANCED_FACE('',(#4588),#4600,.T.);
#4588 = FACE_BOUND('',#4589,.T.);
#4589 = EDGE_LOOP('',(#4590,#4591,#4592,#4593));
#4590 = ORIENTED_EDGE('',*,*,#4454,.F.);
#4591 = ORIENTED_EDGE('',*,*,#4576,.T.);
#4592 = ORIENTED_EDGE('',*,*,#4471,.T.);
#4593 = ORIENTED_EDGE('',*,*,#4594,.F.);
#4594 = EDGE_CURVE('',#4455,#4463,#4595,.T.);
#4595 = CIRCLE('',#4596,0.4445);
#4596 = AXIS2_PLACEMENT_3D('',#4597,#4598,#4599);
#4597 = CARTESIAN_POINT('',(144.86665744201,63.625537272465,
    7.158569840433));
#4598 = DIRECTION('',(-5.19458519614E-02,0.121869343405,0.991185901636)
  );
#4599 = DIRECTION('',(-0.998629534755,-1.413873079185E-16,
    -5.233595624294E-02));
#4600 = CONICAL_SURFACE('',#4601,0.40259,0.261799387799);
#4601 = AXIS2_PLACEMENT_3D('',#4602,#4603,#4604);
#4602 = CARTESIAN_POINT('',(144.87478230567,63.606475658075,
    7.003538206411));
#4603 = DIRECTION('',(-5.19458519614E-02,0.121869343405,0.991185901636)
  );
#4604 = DIRECTION('',(-0.998629534755,-1.413873079185E-16,
    -5.233595624294E-02));
#4605 = ADVANCED_FACE('',(#4606,#4616),#4620,.F.);
#4606 = FACE_BOUND('',#4607,.T.);
#4607 = EDGE_LOOP('',(#4608,#4609));
#4608 = ORIENTED_EDGE('',*,*,#4401,.F.);
#4609 = ORIENTED_EDGE('',*,*,#4610,.F.);
#4610 = EDGE_CURVE('',#4404,#4402,#4611,.T.);
#4611 = CIRCLE('',#4612,0.40259);
#4612 = AXIS2_PLACEMENT_3D('',#4613,#4614,#4615);
#4613 = CARTESIAN_POINT('',(144.86665744201,63.625537272465,
    7.158569840433));
#4614 = DIRECTION('',(-5.19458519614E-02,0.121869343405,0.991185901636)
  );
#4615 = DIRECTION('',(-0.998629534755,-1.413873079185E-16,
    -5.233595624294E-02));
#4616 = FACE_BOUND('',#4617,.T.);
#4617 = EDGE_LOOP('',(#4618,#4619));
#4618 = ORIENTED_EDGE('',*,*,#4462,.T.);
#4619 = ORIENTED_EDGE('',*,*,#4594,.T.);
#4620 = PLANE('',#4621);
#4621 = AXIS2_PLACEMENT_3D('',#4622,#4623,#4624);
#4622 = CARTESIAN_POINT('',(144.86408966316,63.225948117275,
    7.207565979739));
#4623 = DIRECTION('',(5.19458519614E-02,-0.121869343405,-0.991185901636)
  );
#4624 = DIRECTION('',(0.998629534755,1.413873079185E-16,
    5.233595624294E-02));
#4625 = ADVANCED_FACE('',(#4626),#4638,.T.);
#4626 = FACE_BOUND('',#4627,.T.);
#4627 = EDGE_LOOP('',(#4628,#4629,#4630,#4631));
#4628 = ORIENTED_EDGE('',*,*,#4412,.F.);
#4629 = ORIENTED_EDGE('',*,*,#4610,.T.);
#4630 = ORIENTED_EDGE('',*,*,#4429,.T.);
#4631 = ORIENTED_EDGE('',*,*,#4632,.F.);
#4632 = EDGE_CURVE('',#4413,#4421,#4633,.T.);
#4633 = CIRCLE('',#4634,0.40259);
#4634 = AXIS2_PLACEMENT_3D('',#4635,#4636,#4637);
#4635 = CARTESIAN_POINT('',(144.84026894922,63.687446898914,
    7.662092278464));
#4636 = DIRECTION('',(-5.19458519614E-02,0.121869343405,0.991185901636)
  );
#4637 = DIRECTION('',(-0.998629534755,-1.413873079185E-16,
    -5.233595624294E-02));
#4638 = CYLINDRICAL_SURFACE('',#4639,0.40259);
#4639 = AXIS2_PLACEMENT_3D('',#4640,#4641,#4642);
#4640 = CARTESIAN_POINT('',(144.82707470282,63.718401712139,
    7.91385349748));
#4641 = DIRECTION('',(-5.19458519614E-02,0.121869343405,0.991185901636)
  );
#4642 = DIRECTION('',(-0.998629534755,-1.413873079185E-16,
    -5.233595624294E-02));
#4643 = ADVANCED_FACE('',(#4644,#4654),#4658,.F.);
#4644 = FACE_BOUND('',#4645,.T.);
#4645 = EDGE_LOOP('',(#4646,#4647));
#4646 = ORIENTED_EDGE('',*,*,#4359,.F.);
#4647 = ORIENTED_EDGE('',*,*,#4648,.F.);
#4648 = EDGE_CURVE('',#4362,#4360,#4649,.T.);
#4649 = CIRCLE('',#4650,0.5334);
#4650 = AXIS2_PLACEMENT_3D('',#4651,#4652,#4653);
#4651 = CARTESIAN_POINT('',(144.84026894922,63.687446898914,
    7.662092278464));
#4652 = DIRECTION('',(-5.19458519614E-02,0.121869343405,0.991185901636)
  );
#4653 = DIRECTION('',(-0.998629534755,-1.413873079185E-16,
    -5.233595624294E-02));
#4654 = FACE_BOUND('',#4655,.T.);
#4655 = EDGE_LOOP('',(#4656,#4657));
#4656 = ORIENTED_EDGE('',*,*,#4420,.T.);
#4657 = ORIENTED_EDGE('',*,*,#4632,.T.);
#4658 = PLANE('',#4659);
#4659 = AXIS2_PLACEMENT_3D('',#4660,#4661,#4662);
#4660 = CARTESIAN_POINT('',(144.83686684474,63.158022781629,
    7.727008298996));
#4661 = DIRECTION('',(-5.19458519614E-02,0.121869343405,0.991185901636)
  );
#4662 = DIRECTION('',(-0.998629534755,-1.413873079185E-16,
    -5.233595624294E-02));
#4663 = ADVANCED_FACE('',(#4664),#4676,.T.);
#4664 = FACE_BOUND('',#4665,.T.);
#4665 = EDGE_LOOP('',(#4666,#4667,#4668,#4669));
#4666 = ORIENTED_EDGE('',*,*,#4370,.F.);
#4667 = ORIENTED_EDGE('',*,*,#4648,.T.);
#4668 = ORIENTED_EDGE('',*,*,#4387,.T.);
#4669 = ORIENTED_EDGE('',*,*,#4670,.F.);
#4670 = EDGE_CURVE('',#4371,#4379,#4671,.T.);
#4671 = CIRCLE('',#4672,0.5334);
#4672 = AXIS2_PLACEMENT_3D('',#4673,#4674,#4675);
#4673 = CARTESIAN_POINT('',(144.82707470282,63.718401712139,
    7.91385349748));
#4674 = DIRECTION('',(-5.19458519614E-02,0.121869343405,0.991185901636)
  );
#4675 = DIRECTION('',(-0.998629534755,-1.413873079185E-16,
    -5.233595624294E-02));
#4676 = CYLINDRICAL_SURFACE('',#4677,0.5334);
#4677 = AXIS2_PLACEMENT_3D('',#4678,#4679,#4680);
#4678 = CARTESIAN_POINT('',(144.82707470282,63.718401712139,
    7.91385349748));
#4679 = DIRECTION('',(-5.19458519614E-02,0.121869343405,0.991185901636)
  );
#4680 = DIRECTION('',(-0.998629534755,-1.413873079185E-16,
    -5.233595624294E-02));
#4681 = ADVANCED_FACE('',(#4682),#4686,.F.);
#4682 = FACE_BOUND('',#4683,.T.);
#4683 = EDGE_LOOP('',(#4684,#4685));
#4684 = ORIENTED_EDGE('',*,*,#4378,.T.);
#4685 = ORIENTED_EDGE('',*,*,#4670,.T.);
#4686 = PLANE('',#4687);
#4687 = AXIS2_PLACEMENT_3D('',#4688,#4689,#4690);
#4688 = CARTESIAN_POINT('',(144.82707470282,63.718401712139,
    7.91385349748));
#4689 = DIRECTION('',(5.19458519614E-02,-0.121869343405,-0.991185901636)
  );
#4690 = DIRECTION('',(0.998629534755,1.413873079185E-16,
    5.233595624294E-02));
#4691 = ADVANCED_FACE('',(#4692),#4696,.F.);
#4692 = FACE_BOUND('',#4693,.T.);
#4693 = EDGE_LOOP('',(#4694,#4695));
#4694 = ORIENTED_EDGE('',*,*,#4517,.F.);
#4695 = ORIENTED_EDGE('',*,*,#4550,.F.);
#4696 = PLANE('',#4697);
#4697 = AXIS2_PLACEMENT_3D('',#4698,#4699,#4700);
#4698 = CARTESIAN_POINT('',(144.95297712895,63.094182885424,
    5.511492095116));
#4699 = DIRECTION('',(-5.19458519614E-02,0.121869343405,0.991185901636)
  );
#4700 = DIRECTION('',(-0.998629534755,-1.413873079185E-16,
    -5.233595624294E-02));
#4701 = MANIFOLD_SOLID_BREP('',#4702);
#4702 = CLOSED_SHELL('',(#4703,#4745,#4787,#4829,#4861,#4893,#4917,#4935
    ,#4953,#4973,#4991,#5011,#5029,#5039));
#4703 = ADVANCED_FACE('',(#4704),#4740,.T.);
#4704 = FACE_BOUND('',#4705,.T.);
#4705 = EDGE_LOOP('',(#4706,#4717,#4725,#4734));
#4706 = ORIENTED_EDGE('',*,*,#4707,.T.);
#4707 = EDGE_CURVE('',#4708,#4710,#4712,.T.);
#4708 = VERTEX_POINT('',#4709);
#4709 = CARTESIAN_POINT('',(144.29949970663,62.42691328633,
    7.788738233051));
#4710 = VERTEX_POINT('',#4711);
#4711 = CARTESIAN_POINT('',(145.3648376943,62.42691328633,7.84457023117)
  );
#4712 = CIRCLE('',#4713,0.5334);
#4713 = AXIS2_PLACEMENT_3D('',#4714,#4715,#4716);
#4714 = CARTESIAN_POINT('',(144.83216870047,62.42691328633,7.81665423211
    ));
#4715 = DIRECTION('',(-5.19458519614E-02,0.121869343405,0.991185901636)
  );
#4716 = DIRECTION('',(-0.998629534755,-1.413873079185E-16,
    -5.233595624294E-02));
#4717 = ORIENTED_EDGE('',*,*,#4718,.T.);
#4718 = EDGE_CURVE('',#4710,#4719,#4721,.T.);
#4719 = VERTEX_POINT('',#4720);
#4720 = CARTESIAN_POINT('',(145.35164344791,62.457868099555,
    8.096331450186));
#4721 = LINE('',#4722,#4723);
#4722 = CARTESIAN_POINT('',(145.35164344791,62.457868099555,
    8.096331450186));
#4723 = VECTOR('',#4724,1.);
#4724 = DIRECTION('',(-5.19458519614E-02,0.121869343405,0.991185901636)
  );
#4725 = ORIENTED_EDGE('',*,*,#4726,.F.);
#4726 = EDGE_CURVE('',#4727,#4719,#4729,.T.);
#4727 = VERTEX_POINT('',#4728);
#4728 = CARTESIAN_POINT('',(144.28630546023,62.457868099555,
    8.040499452066));
#4729 = CIRCLE('',#4730,0.5334);
#4730 = AXIS2_PLACEMENT_3D('',#4731,#4732,#4733);
#4731 = CARTESIAN_POINT('',(144.81897445407,62.457868099555,
    8.068415451126));
#4732 = DIRECTION('',(-5.19458519614E-02,0.121869343405,0.991185901636)
  );
#4733 = DIRECTION('',(-0.998629534755,-1.413873079185E-16,
    -5.233595624294E-02));
#4734 = ORIENTED_EDGE('',*,*,#4735,.F.);
#4735 = EDGE_CURVE('',#4708,#4727,#4736,.T.);
#4736 = LINE('',#4737,#4738);
#4737 = CARTESIAN_POINT('',(144.28630546023,62.457868099555,
    8.040499452066));
#4738 = VECTOR('',#4739,1.);
#4739 = DIRECTION('',(-5.19458519614E-02,0.121869343405,0.991185901636)
  );
#4740 = CYLINDRICAL_SURFACE('',#4741,0.5334);
#4741 = AXIS2_PLACEMENT_3D('',#4742,#4743,#4744);
#4742 = CARTESIAN_POINT('',(144.81897445407,62.457868099555,
    8.068415451126));
#4743 = DIRECTION('',(-5.19458519614E-02,0.121869343405,0.991185901636)
  );
#4744 = DIRECTION('',(-0.998629534755,-1.413873079185E-16,
    -5.233595624294E-02));
#4745 = ADVANCED_FACE('',(#4746),#4782,.T.);
#4746 = FACE_BOUND('',#4747,.T.);
#4747 = EDGE_LOOP('',(#4748,#4759,#4767,#4776));
#4748 = ORIENTED_EDGE('',*,*,#4749,.T.);
#4749 = EDGE_CURVE('',#4750,#4752,#4754,.T.);
#4750 = VERTEX_POINT('',#4751);
#4751 = CARTESIAN_POINT('',(144.45651892887,62.36500365988,
    7.292061861456));
#4752 = VERTEX_POINT('',#4753);
#4753 = CARTESIAN_POINT('',(145.26059545766,62.36500365988,
    7.334201726703));
#4754 = CIRCLE('',#4755,0.40259);
#4755 = AXIS2_PLACEMENT_3D('',#4756,#4757,#4758);
#4756 = CARTESIAN_POINT('',(144.85855719326,62.36500365988,
    7.313131794079));
#4757 = DIRECTION('',(-5.19458519614E-02,0.121869343405,0.991185901636)
  );
#4758 = DIRECTION('',(-0.998629534755,-1.413873079185E-16,
    -5.233595624294E-02));
#4759 = ORIENTED_EDGE('',*,*,#4760,.T.);
#4760 = EDGE_CURVE('',#4752,#4761,#4763,.T.);
#4761 = VERTEX_POINT('',#4762);
#4762 = CARTESIAN_POINT('',(145.23420696486,62.42691328633,
    7.837724164734));
#4763 = LINE('',#4764,#4765);
#4764 = CARTESIAN_POINT('',(145.22101271846,62.457868099555,
    8.08948538375));
#4765 = VECTOR('',#4766,1.);
#4766 = DIRECTION('',(-5.19458519614E-02,0.121869343405,0.991185901636)
  );
#4767 = ORIENTED_EDGE('',*,*,#4768,.F.);
#4768 = EDGE_CURVE('',#4769,#4761,#4771,.T.);
#4769 = VERTEX_POINT('',#4770);
#4770 = CARTESIAN_POINT('',(144.43013043607,62.42691328633,
    7.795584299487));
#4771 = CIRCLE('',#4772,0.40259);
#4772 = AXIS2_PLACEMENT_3D('',#4773,#4774,#4775);
#4773 = CARTESIAN_POINT('',(144.83216870047,62.42691328633,7.81665423211
    ));
#4774 = DIRECTION('',(-5.19458519614E-02,0.121869343405,0.991185901636)
  );
#4775 = DIRECTION('',(-0.998629534755,-1.413873079185E-16,
    -5.233595624294E-02));
#4776 = ORIENTED_EDGE('',*,*,#4777,.F.);
#4777 = EDGE_CURVE('',#4750,#4769,#4778,.T.);
#4778 = LINE('',#4779,#4780);
#4779 = CARTESIAN_POINT('',(144.41693618967,62.457868099555,
    8.047345518502));
#4780 = VECTOR('',#4781,1.);
#4781 = DIRECTION('',(-5.19458519614E-02,0.121869343405,0.991185901636)
  );
#4782 = CYLINDRICAL_SURFACE('',#4783,0.40259);
#4783 = AXIS2_PLACEMENT_3D('',#4784,#4785,#4786);
#4784 = CARTESIAN_POINT('',(144.81897445407,62.457868099555,
    8.068415451126));
#4785 = DIRECTION('',(-5.19458519614E-02,0.121869343405,0.991185901636)
  );
#4786 = DIRECTION('',(-0.998629534755,-1.413873079185E-16,
    -5.233595624294E-02));
#4787 = ADVANCED_FACE('',(#4788),#4824,.T.);
#4788 = FACE_BOUND('',#4789,.T.);
#4789 = EDGE_LOOP('',(#4790,#4801,#4809,#4818));
#4790 = ORIENTED_EDGE('',*,*,#4791,.T.);
#4791 = EDGE_CURVE('',#4792,#4794,#4796,.T.);
#4792 = VERTEX_POINT('',#4793);
#4793 = CARTESIAN_POINT('',(144.46464379252,62.345942045491,
    7.137030227433));
#4794 = VERTEX_POINT('',#4795);
#4795 = CARTESIAN_POINT('',(145.26872032132,62.345942045491,
    7.179170092681));
#4796 = CIRCLE('',#4797,0.40259);
#4797 = AXIS2_PLACEMENT_3D('',#4798,#4799,#4800);
#4798 = CARTESIAN_POINT('',(144.86668205692,62.345942045491,
    7.158100160057));
#4799 = DIRECTION('',(-5.19458519614E-02,0.121869343405,0.991185901636)
  );
#4800 = DIRECTION('',(-0.998629534755,-1.413873079185E-16,
    -5.233595624294E-02));
#4801 = ORIENTED_EDGE('',*,*,#4802,.T.);
#4802 = EDGE_CURVE('',#4794,#4803,#4805,.T.);
#4803 = VERTEX_POINT('',#4804);
#4804 = CARTESIAN_POINT('',(145.30244802146,62.36500365988,
    7.336395126629));
#4805 = LINE('',#4806,#4807);
#4806 = CARTESIAN_POINT('',(145.26872032132,62.345942045491,
    7.179170092681));
#4807 = VECTOR('',#4808,1.);
#4808 = DIRECTION('',(0.208288502618,0.117716746228,0.970957603263));
#4809 = ORIENTED_EDGE('',*,*,#4810,.F.);
#4810 = EDGE_CURVE('',#4811,#4803,#4813,.T.);
#4811 = VERTEX_POINT('',#4812);
#4812 = CARTESIAN_POINT('',(144.41466636506,62.36500365988,
    7.289868461529));
#4813 = CIRCLE('',#4814,0.4445);
#4814 = AXIS2_PLACEMENT_3D('',#4815,#4816,#4817);
#4815 = CARTESIAN_POINT('',(144.85855719326,62.36500365988,
    7.313131794079));
#4816 = DIRECTION('',(-5.19458519614E-02,0.121869343405,0.991185901636)
  );
#4817 = DIRECTION('',(-0.998629534755,-1.413873079185E-16,
    -5.233595624294E-02));
#4818 = ORIENTED_EDGE('',*,*,#4819,.F.);
#4819 = EDGE_CURVE('',#4792,#4811,#4820,.T.);
#4820 = LINE('',#4821,#4822);
#4821 = CARTESIAN_POINT('',(144.46464379252,62.345942045491,
    7.137030227433));
#4822 = VECTOR('',#4823,1.);
#4823 = DIRECTION('',(-0.308640182574,0.117716746228,0.943866518825));
#4824 = CONICAL_SURFACE('',#4825,0.40259,0.261799387799);
#4825 = AXIS2_PLACEMENT_3D('',#4826,#4827,#4828);
#4826 = CARTESIAN_POINT('',(144.86668205692,62.345942045491,
    7.158100160057));
#4827 = DIRECTION('',(-5.19458519614E-02,0.121869343405,0.991185901636)
  );
#4828 = DIRECTION('',(-0.998629534755,-1.413873079185E-16,
    -5.233595624294E-02));
#4829 = ADVANCED_FACE('',(#4830),#4856,.T.);
#4830 = FACE_BOUND('',#4831,.T.);
#4831 = EDGE_LOOP('',(#4832,#4843,#4849,#4850));
#4832 = ORIENTED_EDGE('',*,*,#4833,.T.);
#4833 = EDGE_CURVE('',#4834,#4836,#4838,.T.);
#4834 = VERTEX_POINT('',#4835);
#4835 = CARTESIAN_POINT('',(144.54096210581,62.166892855241,
    5.680790059756));
#4836 = VERTEX_POINT('',#4837);
#4837 = CARTESIAN_POINT('',(145.34503863461,62.166892855241,
    5.722929925004));
#4838 = CIRCLE('',#4839,0.40259);
#4839 = AXIS2_PLACEMENT_3D('',#4840,#4841,#4842);
#4840 = CARTESIAN_POINT('',(144.94300037021,62.166892855241,
    5.70185999238));
#4841 = DIRECTION('',(-5.19458519614E-02,0.121869343405,0.991185901636)
  );
#4842 = DIRECTION('',(-0.998629534755,-1.413873079185E-16,
    -5.233595624294E-02));
#4843 = ORIENTED_EDGE('',*,*,#4844,.T.);
#4844 = EDGE_CURVE('',#4836,#4794,#4845,.T.);
#4845 = LINE('',#4846,#4847);
#4846 = CARTESIAN_POINT('',(145.22101271846,62.457868099555,
    8.08948538375));
#4847 = VECTOR('',#4848,1.);
#4848 = DIRECTION('',(-5.19458519614E-02,0.121869343405,0.991185901636)
  );
#4849 = ORIENTED_EDGE('',*,*,#4791,.F.);
#4850 = ORIENTED_EDGE('',*,*,#4851,.F.);
#4851 = EDGE_CURVE('',#4834,#4792,#4852,.T.);
#4852 = LINE('',#4853,#4854);
#4853 = CARTESIAN_POINT('',(144.41693618967,62.457868099555,
    8.047345518502));
#4854 = VECTOR('',#4855,1.);
#4855 = DIRECTION('',(-5.19458519614E-02,0.121869343405,0.991185901636)
  );
#4856 = CYLINDRICAL_SURFACE('',#4857,0.40259);
#4857 = AXIS2_PLACEMENT_3D('',#4858,#4859,#4860);
#4858 = CARTESIAN_POINT('',(144.81897445407,62.457868099555,
    8.068415451126));
#4859 = DIRECTION('',(-5.19458519614E-02,0.121869343405,0.991185901636)
  );
#4860 = DIRECTION('',(-0.998629534755,-1.413873079185E-16,
    -5.233595624294E-02));
#4861 = ADVANCED_FACE('',(#4862),#4888,.T.);
#4862 = FACE_BOUND('',#4863,.T.);
#4863 = EDGE_LOOP('',(#4864,#4875,#4881,#4882));
#4864 = ORIENTED_EDGE('',*,*,#4865,.T.);
#4865 = EDGE_CURVE('',#4866,#4868,#4870,.T.);
#4866 = VERTEX_POINT('',#4867);
#4867 = CARTESIAN_POINT('',(144.62101595028,62.157606411273,
    5.609249693917));
#4868 = VERTEX_POINT('',#4869);
#4869 = CARTESIAN_POINT('',(145.27290133798,62.157606411273,
    5.643413559433));
#4870 = CIRCLE('',#4871,0.32639);
#4871 = AXIS2_PLACEMENT_3D('',#4872,#4873,#4874);
#4872 = CARTESIAN_POINT('',(144.94695864413,62.157606411273,
    5.626331626675));
#4873 = DIRECTION('',(-5.19458519614E-02,0.121869343405,0.991185901636)
  );
#4874 = DIRECTION('',(-0.998629534755,-1.413873079185E-16,
    -5.233595624294E-02));
#4875 = ORIENTED_EDGE('',*,*,#4876,.T.);
#4876 = EDGE_CURVE('',#4868,#4836,#4877,.T.);
#4877 = LINE('',#4878,#4879);
#4878 = CARTESIAN_POINT('',(145.27290133798,62.157606411273,
    5.643413559433));
#4879 = VECTOR('',#4880,1.);
#4880 = DIRECTION('',(0.669406451742,8.617463914053E-02,0.737881382023)
  );
#4881 = ORIENTED_EDGE('',*,*,#4833,.F.);
#4882 = ORIENTED_EDGE('',*,*,#4883,.F.);
#4883 = EDGE_CURVE('',#4866,#4834,#4884,.T.);
#4884 = LINE('',#4885,#4886);
#4885 = CARTESIAN_POINT('',(144.62101595028,62.157606411273,
    5.609249693917));
#4886 = VECTOR('',#4887,1.);
#4887 = DIRECTION('',(-0.742868980095,8.617463914053E-02,0.663867162904)
  );
#4888 = CONICAL_SURFACE('',#4889,0.32639,0.785398163397);
#4889 = AXIS2_PLACEMENT_3D('',#4890,#4891,#4892);
#4890 = CARTESIAN_POINT('',(144.94695864413,62.157606411273,
    5.626331626675));
#4891 = DIRECTION('',(-5.19458519614E-02,0.121869343405,0.991185901636)
  );
#4892 = DIRECTION('',(-0.998629534755,-1.413873079185E-16,
    -5.233595624294E-02));
#4893 = ADVANCED_FACE('',(#4894),#4912,.T.);
#4894 = FACE_BOUND('',#4895,.T.);
#4895 = EDGE_LOOP('',(#4896,#4897,#4904,#4905));
#4896 = ORIENTED_EDGE('',*,*,#4876,.F.);
#4897 = ORIENTED_EDGE('',*,*,#4898,.T.);
#4898 = EDGE_CURVE('',#4868,#4866,#4899,.T.);
#4899 = CIRCLE('',#4900,0.32639);
#4900 = AXIS2_PLACEMENT_3D('',#4901,#4902,#4903);
#4901 = CARTESIAN_POINT('',(144.94695864413,62.157606411273,
    5.626331626675));
#4902 = DIRECTION('',(-5.19458519614E-02,0.121869343405,0.991185901636)
  );
#4903 = DIRECTION('',(-0.998629534755,-1.413873079185E-16,
    -5.233595624294E-02));
#4904 = ORIENTED_EDGE('',*,*,#4883,.T.);
#4905 = ORIENTED_EDGE('',*,*,#4906,.F.);
#4906 = EDGE_CURVE('',#4836,#4834,#4907,.T.);
#4907 = CIRCLE('',#4908,0.40259);
#4908 = AXIS2_PLACEMENT_3D('',#4909,#4910,#4911);
#4909 = CARTESIAN_POINT('',(144.94300037021,62.166892855241,
    5.70185999238));
#4910 = DIRECTION('',(-5.19458519614E-02,0.121869343405,0.991185901636)
  );
#4911 = DIRECTION('',(-0.998629534755,-1.413873079185E-16,
    -5.233595624294E-02));
#4912 = CONICAL_SURFACE('',#4913,0.32639,0.785398163397);
#4913 = AXIS2_PLACEMENT_3D('',#4914,#4915,#4916);
#4914 = CARTESIAN_POINT('',(144.94695864413,62.157606411273,
    5.626331626675));
#4915 = DIRECTION('',(-5.19458519614E-02,0.121869343405,0.991185901636)
  );
#4916 = DIRECTION('',(-0.998629534755,-1.413873079185E-16,
    -5.233595624294E-02));
#4917 = ADVANCED_FACE('',(#4918),#4930,.T.);
#4918 = FACE_BOUND('',#4919,.T.);
#4919 = EDGE_LOOP('',(#4920,#4921,#4922,#4923));
#4920 = ORIENTED_EDGE('',*,*,#4844,.F.);
#4921 = ORIENTED_EDGE('',*,*,#4906,.T.);
#4922 = ORIENTED_EDGE('',*,*,#4851,.T.);
#4923 = ORIENTED_EDGE('',*,*,#4924,.F.);
#4924 = EDGE_CURVE('',#4794,#4792,#4925,.T.);
#4925 = CIRCLE('',#4926,0.40259);
#4926 = AXIS2_PLACEMENT_3D('',#4927,#4928,#4929);
#4927 = CARTESIAN_POINT('',(144.86668205692,62.345942045491,
    7.158100160057));
#4928 = DIRECTION('',(-5.19458519614E-02,0.121869343405,0.991185901636)
  );
#4929 = DIRECTION('',(-0.998629534755,-1.413873079185E-16,
    -5.233595624294E-02));
#4930 = CYLINDRICAL_SURFACE('',#4931,0.40259);
#4931 = AXIS2_PLACEMENT_3D('',#4932,#4933,#4934);
#4932 = CARTESIAN_POINT('',(144.81897445407,62.457868099555,
    8.068415451126));
#4933 = DIRECTION('',(-5.19458519614E-02,0.121869343405,0.991185901636)
  );
#4934 = DIRECTION('',(-0.998629534755,-1.413873079185E-16,
    -5.233595624294E-02));
#4935 = ADVANCED_FACE('',(#4936),#4948,.T.);
#4936 = FACE_BOUND('',#4937,.T.);
#4937 = EDGE_LOOP('',(#4938,#4939,#4940,#4941));
#4938 = ORIENTED_EDGE('',*,*,#4802,.F.);
#4939 = ORIENTED_EDGE('',*,*,#4924,.T.);
#4940 = ORIENTED_EDGE('',*,*,#4819,.T.);
#4941 = ORIENTED_EDGE('',*,*,#4942,.F.);
#4942 = EDGE_CURVE('',#4803,#4811,#4943,.T.);
#4943 = CIRCLE('',#4944,0.4445);
#4944 = AXIS2_PLACEMENT_3D('',#4945,#4946,#4947);
#4945 = CARTESIAN_POINT('',(144.85855719326,62.36500365988,
    7.313131794079));
#4946 = DIRECTION('',(-5.19458519614E-02,0.121869343405,0.991185901636)
  );
#4947 = DIRECTION('',(-0.998629534755,-1.413873079185E-16,
    -5.233595624294E-02));
#4948 = CONICAL_SURFACE('',#4949,0.40259,0.261799387799);
#4949 = AXIS2_PLACEMENT_3D('',#4950,#4951,#4952);
#4950 = CARTESIAN_POINT('',(144.86668205692,62.345942045491,
    7.158100160057));
#4951 = DIRECTION('',(-5.19458519614E-02,0.121869343405,0.991185901636)
  );
#4952 = DIRECTION('',(-0.998629534755,-1.413873079185E-16,
    -5.233595624294E-02));
#4953 = ADVANCED_FACE('',(#4954,#4964),#4968,.F.);
#4954 = FACE_BOUND('',#4955,.T.);
#4955 = EDGE_LOOP('',(#4956,#4957));
#4956 = ORIENTED_EDGE('',*,*,#4749,.F.);
#4957 = ORIENTED_EDGE('',*,*,#4958,.F.);
#4958 = EDGE_CURVE('',#4752,#4750,#4959,.T.);
#4959 = CIRCLE('',#4960,0.40259);
#4960 = AXIS2_PLACEMENT_3D('',#4961,#4962,#4963);
#4961 = CARTESIAN_POINT('',(144.85855719326,62.36500365988,
    7.313131794079));
#4962 = DIRECTION('',(-5.19458519614E-02,0.121869343405,0.991185901636)
  );
#4963 = DIRECTION('',(-0.998629534755,-1.413873079185E-16,
    -5.233595624294E-02));
#4964 = FACE_BOUND('',#4965,.T.);
#4965 = EDGE_LOOP('',(#4966,#4967));
#4966 = ORIENTED_EDGE('',*,*,#4810,.T.);
#4967 = ORIENTED_EDGE('',*,*,#4942,.T.);
#4968 = PLANE('',#4969);
#4969 = AXIS2_PLACEMENT_3D('',#4970,#4971,#4972);
#4970 = CARTESIAN_POINT('',(144.85598941441,61.965414504691,
    7.362127933385));
#4971 = DIRECTION('',(5.19458519614E-02,-0.121869343405,-0.991185901636)
  );
#4972 = DIRECTION('',(0.998629534755,1.413873079185E-16,
    5.233595624294E-02));
#4973 = ADVANCED_FACE('',(#4974),#4986,.T.);
#4974 = FACE_BOUND('',#4975,.T.);
#4975 = EDGE_LOOP('',(#4976,#4977,#4978,#4979));
#4976 = ORIENTED_EDGE('',*,*,#4760,.F.);
#4977 = ORIENTED_EDGE('',*,*,#4958,.T.);
#4978 = ORIENTED_EDGE('',*,*,#4777,.T.);
#4979 = ORIENTED_EDGE('',*,*,#4980,.F.);
#4980 = EDGE_CURVE('',#4761,#4769,#4981,.T.);
#4981 = CIRCLE('',#4982,0.40259);
#4982 = AXIS2_PLACEMENT_3D('',#4983,#4984,#4985);
#4983 = CARTESIAN_POINT('',(144.83216870047,62.42691328633,7.81665423211
    ));
#4984 = DIRECTION('',(-5.19458519614E-02,0.121869343405,0.991185901636)
  );
#4985 = DIRECTION('',(-0.998629534755,-1.413873079185E-16,
    -5.233595624294E-02));
#4986 = CYLINDRICAL_SURFACE('',#4987,0.40259);
#4987 = AXIS2_PLACEMENT_3D('',#4988,#4989,#4990);
#4988 = CARTESIAN_POINT('',(144.81897445407,62.457868099555,
    8.068415451126));
#4989 = DIRECTION('',(-5.19458519614E-02,0.121869343405,0.991185901636)
  );
#4990 = DIRECTION('',(-0.998629534755,-1.413873079185E-16,
    -5.233595624294E-02));
#4991 = ADVANCED_FACE('',(#4992,#5002),#5006,.F.);
#4992 = FACE_BOUND('',#4993,.T.);
#4993 = EDGE_LOOP('',(#4994,#4995));
#4994 = ORIENTED_EDGE('',*,*,#4707,.F.);
#4995 = ORIENTED_EDGE('',*,*,#4996,.F.);
#4996 = EDGE_CURVE('',#4710,#4708,#4997,.T.);
#4997 = CIRCLE('',#4998,0.5334);
#4998 = AXIS2_PLACEMENT_3D('',#4999,#5000,#5001);
#4999 = CARTESIAN_POINT('',(144.83216870047,62.42691328633,7.81665423211
    ));
#5000 = DIRECTION('',(-5.19458519614E-02,0.121869343405,0.991185901636)
  );
#5001 = DIRECTION('',(-0.998629534755,-1.413873079185E-16,
    -5.233595624294E-02));
#5002 = FACE_BOUND('',#5003,.T.);
#5003 = EDGE_LOOP('',(#5004,#5005));
#5004 = ORIENTED_EDGE('',*,*,#4768,.T.);
#5005 = ORIENTED_EDGE('',*,*,#4980,.T.);
#5006 = PLANE('',#5007);
#5007 = AXIS2_PLACEMENT_3D('',#5008,#5009,#5010);
#5008 = CARTESIAN_POINT('',(144.82876659599,61.897489169045,
    7.881570252642));
#5009 = DIRECTION('',(-5.19458519614E-02,0.121869343405,0.991185901636)
  );
#5010 = DIRECTION('',(-0.998629534755,-1.413873079185E-16,
    -5.233595624294E-02));
#5011 = ADVANCED_FACE('',(#5012),#5024,.T.);
#5012 = FACE_BOUND('',#5013,.T.);
#5013 = EDGE_LOOP('',(#5014,#5015,#5016,#5017));
#5014 = ORIENTED_EDGE('',*,*,#4718,.F.);
#5015 = ORIENTED_EDGE('',*,*,#4996,.T.);
#5016 = ORIENTED_EDGE('',*,*,#4735,.T.);
#5017 = ORIENTED_EDGE('',*,*,#5018,.F.);
#5018 = EDGE_CURVE('',#4719,#4727,#5019,.T.);
#5019 = CIRCLE('',#5020,0.5334);
#5020 = AXIS2_PLACEMENT_3D('',#5021,#5022,#5023);
#5021 = CARTESIAN_POINT('',(144.81897445407,62.457868099555,
    8.068415451126));
#5022 = DIRECTION('',(-5.19458519614E-02,0.121869343405,0.991185901636)
  );
#5023 = DIRECTION('',(-0.998629534755,-1.413873079185E-16,
    -5.233595624294E-02));
#5024 = CYLINDRICAL_SURFACE('',#5025,0.5334);
#5025 = AXIS2_PLACEMENT_3D('',#5026,#5027,#5028);
#5026 = CARTESIAN_POINT('',(144.81897445407,62.457868099555,
    8.068415451126));
#5027 = DIRECTION('',(-5.19458519614E-02,0.121869343405,0.991185901636)
  );
#5028 = DIRECTION('',(-0.998629534755,-1.413873079185E-16,
    -5.233595624294E-02));
#5029 = ADVANCED_FACE('',(#5030),#5034,.F.);
#5030 = FACE_BOUND('',#5031,.T.);
#5031 = EDGE_LOOP('',(#5032,#5033));
#5032 = ORIENTED_EDGE('',*,*,#4726,.T.);
#5033 = ORIENTED_EDGE('',*,*,#5018,.T.);
#5034 = PLANE('',#5035);
#5035 = AXIS2_PLACEMENT_3D('',#5036,#5037,#5038);
#5036 = CARTESIAN_POINT('',(144.81897445407,62.457868099555,
    8.068415451126));
#5037 = DIRECTION('',(5.19458519614E-02,-0.121869343405,-0.991185901636)
  );
#5038 = DIRECTION('',(0.998629534755,1.413873079185E-16,
    5.233595624294E-02));
#5039 = ADVANCED_FACE('',(#5040),#5044,.F.);
#5040 = FACE_BOUND('',#5041,.T.);
#5041 = EDGE_LOOP('',(#5042,#5043));
#5042 = ORIENTED_EDGE('',*,*,#4865,.F.);
#5043 = ORIENTED_EDGE('',*,*,#4898,.F.);
#5044 = PLANE('',#5045);
#5045 = AXIS2_PLACEMENT_3D('',#5046,#5047,#5048);
#5046 = CARTESIAN_POINT('',(144.9448768802,61.833649272839,
    5.666054048762));
#5047 = DIRECTION('',(-5.19458519614E-02,0.121869343405,0.991185901636)
  );
#5048 = DIRECTION('',(-0.998629534755,-1.413873079185E-16,
    -5.233595624294E-02));
#5049 = MANIFOLD_SOLID_BREP('',#5050);
#5050 = CLOSED_SHELL('',(#5051,#5093,#5135,#5177,#5209,#5241,#5265,#5283
    ,#5301,#5321,#5339,#5359,#5377,#5387));
#5051 = ADVANCED_FACE('',(#5052),#5088,.T.);
#5052 = FACE_BOUND('',#5053,.T.);
#5053 = EDGE_LOOP('',(#5054,#5065,#5073,#5082));
#5054 = ORIENTED_EDGE('',*,*,#5055,.T.);
#5055 = EDGE_CURVE('',#5056,#5058,#5060,.T.);
#5056 = VERTEX_POINT('',#5057);
#5057 = CARTESIAN_POINT('',(144.29139945788,61.166379673746,
    7.943300186697));
#5058 = VERTEX_POINT('',#5059);
#5059 = CARTESIAN_POINT('',(145.35673744555,61.166379673746,
    7.999132184816));
#5060 = CIRCLE('',#5061,0.5334);
#5061 = AXIS2_PLACEMENT_3D('',#5062,#5063,#5064);
#5062 = CARTESIAN_POINT('',(144.82406845171,61.166379673746,
    7.971216185757));
#5063 = DIRECTION('',(-5.19458519614E-02,0.121869343405,0.991185901636)
  );
#5064 = DIRECTION('',(-0.998629534755,-1.413873079185E-16,
    -5.233595624294E-02));
#5065 = ORIENTED_EDGE('',*,*,#5066,.T.);
#5066 = EDGE_CURVE('',#5058,#5067,#5069,.T.);
#5067 = VERTEX_POINT('',#5068);
#5068 = CARTESIAN_POINT('',(145.34354319915,61.19733448697,
    8.250893403832));
#5069 = LINE('',#5070,#5071);
#5070 = CARTESIAN_POINT('',(145.34354319915,61.19733448697,
    8.250893403832));
#5071 = VECTOR('',#5072,1.);
#5072 = DIRECTION('',(-5.19458519614E-02,0.121869343405,0.991185901636)
  );
#5073 = ORIENTED_EDGE('',*,*,#5074,.F.);
#5074 = EDGE_CURVE('',#5075,#5067,#5077,.T.);
#5075 = VERTEX_POINT('',#5076);
#5076 = CARTESIAN_POINT('',(144.27820521148,61.19733448697,
    8.195061405712));
#5077 = CIRCLE('',#5078,0.5334);
#5078 = AXIS2_PLACEMENT_3D('',#5079,#5080,#5081);
#5079 = CARTESIAN_POINT('',(144.81087420532,61.19733448697,
    8.222977404772));
#5080 = DIRECTION('',(-5.19458519614E-02,0.121869343405,0.991185901636)
  );
#5081 = DIRECTION('',(-0.998629534755,-1.413873079185E-16,
    -5.233595624294E-02));
#5082 = ORIENTED_EDGE('',*,*,#5083,.F.);
#5083 = EDGE_CURVE('',#5056,#5075,#5084,.T.);
#5084 = LINE('',#5085,#5086);
#5085 = CARTESIAN_POINT('',(144.27820521148,61.19733448697,
    8.195061405712));
#5086 = VECTOR('',#5087,1.);
#5087 = DIRECTION('',(-5.19458519614E-02,0.121869343405,0.991185901636)
  );
#5088 = CYLINDRICAL_SURFACE('',#5089,0.5334);
#5089 = AXIS2_PLACEMENT_3D('',#5090,#5091,#5092);
#5090 = CARTESIAN_POINT('',(144.81087420532,61.19733448697,
    8.222977404772));
#5091 = DIRECTION('',(-5.19458519614E-02,0.121869343405,0.991185901636)
  );
#5092 = DIRECTION('',(-0.998629534755,-1.413873079185E-16,
    -5.233595624294E-02));
#5093 = ADVANCED_FACE('',(#5094),#5130,.T.);
#5094 = FACE_BOUND('',#5095,.T.);
#5095 = EDGE_LOOP('',(#5096,#5107,#5115,#5124));
#5096 = ORIENTED_EDGE('',*,*,#5097,.T.);
#5097 = EDGE_CURVE('',#5098,#5100,#5102,.T.);
#5098 = VERTEX_POINT('',#5099);
#5099 = CARTESIAN_POINT('',(144.44841868011,61.104470047296,
    7.446623815102));
#5100 = VERTEX_POINT('',#5101);
#5101 = CARTESIAN_POINT('',(145.25249520891,61.104470047296,
    7.488763680349));
#5102 = CIRCLE('',#5103,0.40259);
#5103 = AXIS2_PLACEMENT_3D('',#5104,#5105,#5106);
#5104 = CARTESIAN_POINT('',(144.85045694451,61.104470047296,
    7.467693747725));
#5105 = DIRECTION('',(-5.19458519614E-02,0.121869343405,0.991185901636)
  );
#5106 = DIRECTION('',(-0.998629534755,-1.413873079185E-16,
    -5.233595624294E-02));
#5107 = ORIENTED_EDGE('',*,*,#5108,.T.);
#5108 = EDGE_CURVE('',#5100,#5109,#5111,.T.);
#5109 = VERTEX_POINT('',#5110);
#5110 = CARTESIAN_POINT('',(145.22610671611,61.166379673746,
    7.99228611838));
#5111 = LINE('',#5112,#5113);
#5112 = CARTESIAN_POINT('',(145.21291246971,61.19733448697,
    8.244047337396));
#5113 = VECTOR('',#5114,1.);
#5114 = DIRECTION('',(-5.19458519614E-02,0.121869343405,0.991185901636)
  );
#5115 = ORIENTED_EDGE('',*,*,#5116,.F.);
#5116 = EDGE_CURVE('',#5117,#5109,#5119,.T.);
#5117 = VERTEX_POINT('',#5118);
#5118 = CARTESIAN_POINT('',(144.42203018732,61.166379673746,
    7.950146253133));
#5119 = CIRCLE('',#5120,0.40259);
#5120 = AXIS2_PLACEMENT_3D('',#5121,#5122,#5123);
#5121 = CARTESIAN_POINT('',(144.82406845171,61.166379673746,
    7.971216185757));
#5122 = DIRECTION('',(-5.19458519614E-02,0.121869343405,0.991185901636)
  );
#5123 = DIRECTION('',(-0.998629534755,-1.413873079185E-16,
    -5.233595624294E-02));
#5124 = ORIENTED_EDGE('',*,*,#5125,.F.);
#5125 = EDGE_CURVE('',#5098,#5117,#5126,.T.);
#5126 = LINE('',#5127,#5128);
#5127 = CARTESIAN_POINT('',(144.40883594092,61.19733448697,
    8.201907472148));
#5128 = VECTOR('',#5129,1.);
#5129 = DIRECTION('',(-5.19458519614E-02,0.121869343405,0.991185901636)
  );
#5130 = CYLINDRICAL_SURFACE('',#5131,0.40259);
#5131 = AXIS2_PLACEMENT_3D('',#5132,#5133,#5134);
#5132 = CARTESIAN_POINT('',(144.81087420532,61.19733448697,
    8.222977404772));
#5133 = DIRECTION('',(-5.19458519614E-02,0.121869343405,0.991185901636)
  );
#5134 = DIRECTION('',(-0.998629534755,-1.413873079185E-16,
    -5.233595624294E-02));
#5135 = ADVANCED_FACE('',(#5136),#5172,.T.);
#5136 = FACE_BOUND('',#5137,.T.);
#5137 = EDGE_LOOP('',(#5138,#5149,#5157,#5166));
#5138 = ORIENTED_EDGE('',*,*,#5139,.T.);
#5139 = EDGE_CURVE('',#5140,#5142,#5144,.T.);
#5140 = VERTEX_POINT('',#5141);
#5141 = CARTESIAN_POINT('',(144.45654354377,61.085408432906,
    7.291592181079));
#5142 = VERTEX_POINT('',#5143);
#5143 = CARTESIAN_POINT('',(145.26062007256,61.085408432906,
    7.333732046327));
#5144 = CIRCLE('',#5145,0.40259);
#5145 = AXIS2_PLACEMENT_3D('',#5146,#5147,#5148);
#5146 = CARTESIAN_POINT('',(144.85858180817,61.085408432906,
    7.312662113703));
#5147 = DIRECTION('',(-5.19458519614E-02,0.121869343405,0.991185901636)
  );
#5148 = DIRECTION('',(-0.998629534755,-1.413873079185E-16,
    -5.233595624294E-02));
#5149 = ORIENTED_EDGE('',*,*,#5150,.T.);
#5150 = EDGE_CURVE('',#5142,#5151,#5153,.T.);
#5151 = VERTEX_POINT('',#5152);
#5152 = CARTESIAN_POINT('',(145.29434777271,61.104470047296,
    7.490957080275));
#5153 = LINE('',#5154,#5155);
#5154 = CARTESIAN_POINT('',(145.26062007256,61.085408432906,
    7.333732046327));
#5155 = VECTOR('',#5156,1.);
#5156 = DIRECTION('',(0.208288502618,0.117716746228,0.970957603263));
#5157 = ORIENTED_EDGE('',*,*,#5158,.F.);
#5158 = EDGE_CURVE('',#5159,#5151,#5161,.T.);
#5159 = VERTEX_POINT('',#5160);
#5160 = CARTESIAN_POINT('',(144.40656611631,61.104470047296,
    7.444430415175));
#5161 = CIRCLE('',#5162,0.4445);
#5162 = AXIS2_PLACEMENT_3D('',#5163,#5164,#5165);
#5163 = CARTESIAN_POINT('',(144.85045694451,61.104470047296,
    7.467693747725));
#5164 = DIRECTION('',(-5.19458519614E-02,0.121869343405,0.991185901636)
  );
#5165 = DIRECTION('',(-0.998629534755,-1.413873079185E-16,
    -5.233595624294E-02));
#5166 = ORIENTED_EDGE('',*,*,#5167,.F.);
#5167 = EDGE_CURVE('',#5140,#5159,#5168,.T.);
#5168 = LINE('',#5169,#5170);
#5169 = CARTESIAN_POINT('',(144.45654354377,61.085408432906,
    7.291592181079));
#5170 = VECTOR('',#5171,1.);
#5171 = DIRECTION('',(-0.308640182574,0.117716746228,0.943866518825));
#5172 = CONICAL_SURFACE('',#5173,0.40259,0.261799387799);
#5173 = AXIS2_PLACEMENT_3D('',#5174,#5175,#5176);
#5174 = CARTESIAN_POINT('',(144.85858180817,61.085408432906,
    7.312662113703));
#5175 = DIRECTION('',(-5.19458519614E-02,0.121869343405,0.991185901636)
  );
#5176 = DIRECTION('',(-0.998629534755,-1.413873079185E-16,
    -5.233595624294E-02));
#5177 = ADVANCED_FACE('',(#5178),#5204,.T.);
#5178 = FACE_BOUND('',#5179,.T.);
#5179 = EDGE_LOOP('',(#5180,#5191,#5197,#5198));
#5180 = ORIENTED_EDGE('',*,*,#5181,.T.);
#5181 = EDGE_CURVE('',#5182,#5184,#5186,.T.);
#5182 = VERTEX_POINT('',#5183);
#5183 = CARTESIAN_POINT('',(144.53286185706,60.906359242656,
    5.835352013402));
#5184 = VERTEX_POINT('',#5185);
#5185 = CARTESIAN_POINT('',(145.33693838586,60.906359242656,
    5.87749187865));
#5186 = CIRCLE('',#5187,0.40259);
#5187 = AXIS2_PLACEMENT_3D('',#5188,#5189,#5190);
#5188 = CARTESIAN_POINT('',(144.93490012146,60.906359242656,
    5.856421946026));
#5189 = DIRECTION('',(-5.19458519614E-02,0.121869343405,0.991185901636)
  );
#5190 = DIRECTION('',(-0.998629534755,-1.413873079185E-16,
    -5.233595624294E-02));
#5191 = ORIENTED_EDGE('',*,*,#5192,.T.);
#5192 = EDGE_CURVE('',#5184,#5142,#5193,.T.);
#5193 = LINE('',#5194,#5195);
#5194 = CARTESIAN_POINT('',(145.21291246971,61.19733448697,
    8.244047337396));
#5195 = VECTOR('',#5196,1.);
#5196 = DIRECTION('',(-5.19458519614E-02,0.121869343405,0.991185901636)
  );
#5197 = ORIENTED_EDGE('',*,*,#5139,.F.);
#5198 = ORIENTED_EDGE('',*,*,#5199,.F.);
#5199 = EDGE_CURVE('',#5182,#5140,#5200,.T.);
#5200 = LINE('',#5201,#5202);
#5201 = CARTESIAN_POINT('',(144.40883594092,61.19733448697,
    8.201907472148));
#5202 = VECTOR('',#5203,1.);
#5203 = DIRECTION('',(-5.19458519614E-02,0.121869343405,0.991185901636)
  );
#5204 = CYLINDRICAL_SURFACE('',#5205,0.40259);
#5205 = AXIS2_PLACEMENT_3D('',#5206,#5207,#5208);
#5206 = CARTESIAN_POINT('',(144.81087420532,61.19733448697,
    8.222977404772));
#5207 = DIRECTION('',(-5.19458519614E-02,0.121869343405,0.991185901636)
  );
#5208 = DIRECTION('',(-0.998629534755,-1.413873079185E-16,
    -5.233595624294E-02));
#5209 = ADVANCED_FACE('',(#5210),#5236,.T.);
#5210 = FACE_BOUND('',#5211,.T.);
#5211 = EDGE_LOOP('',(#5212,#5223,#5229,#5230));
#5212 = ORIENTED_EDGE('',*,*,#5213,.T.);
#5213 = EDGE_CURVE('',#5214,#5216,#5218,.T.);
#5214 = VERTEX_POINT('',#5215);
#5215 = CARTESIAN_POINT('',(144.61291570153,60.897072798689,
    5.763811647563));
#5216 = VERTEX_POINT('',#5217);
#5217 = CARTESIAN_POINT('',(145.26480108923,60.897072798689,
    5.797975513079));
#5218 = CIRCLE('',#5219,0.32639);
#5219 = AXIS2_PLACEMENT_3D('',#5220,#5221,#5222);
#5220 = CARTESIAN_POINT('',(144.93885839538,60.897072798689,
    5.780893580321));
#5221 = DIRECTION('',(-5.19458519614E-02,0.121869343405,0.991185901636)
  );
#5222 = DIRECTION('',(-0.998629534755,-1.413873079185E-16,
    -5.233595624294E-02));
#5223 = ORIENTED_EDGE('',*,*,#5224,.T.);
#5224 = EDGE_CURVE('',#5216,#5184,#5225,.T.);
#5225 = LINE('',#5226,#5227);
#5226 = CARTESIAN_POINT('',(145.26480108923,60.897072798689,
    5.797975513079));
#5227 = VECTOR('',#5228,1.);
#5228 = DIRECTION('',(0.669406451742,8.617463914053E-02,0.737881382023)
  );
#5229 = ORIENTED_EDGE('',*,*,#5181,.F.);
#5230 = ORIENTED_EDGE('',*,*,#5231,.F.);
#5231 = EDGE_CURVE('',#5214,#5182,#5232,.T.);
#5232 = LINE('',#5233,#5234);
#5233 = CARTESIAN_POINT('',(144.61291570153,60.897072798689,
    5.763811647563));
#5234 = VECTOR('',#5235,1.);
#5235 = DIRECTION('',(-0.742868980095,8.617463914053E-02,0.663867162904)
  );
#5236 = CONICAL_SURFACE('',#5237,0.32639,0.785398163397);
#5237 = AXIS2_PLACEMENT_3D('',#5238,#5239,#5240);
#5238 = CARTESIAN_POINT('',(144.93885839538,60.897072798689,
    5.780893580321));
#5239 = DIRECTION('',(-5.19458519614E-02,0.121869343405,0.991185901636)
  );
#5240 = DIRECTION('',(-0.998629534755,-1.413873079185E-16,
    -5.233595624294E-02));
#5241 = ADVANCED_FACE('',(#5242),#5260,.T.);
#5242 = FACE_BOUND('',#5243,.T.);
#5243 = EDGE_LOOP('',(#5244,#5245,#5252,#5253));
#5244 = ORIENTED_EDGE('',*,*,#5224,.F.);
#5245 = ORIENTED_EDGE('',*,*,#5246,.T.);
#5246 = EDGE_CURVE('',#5216,#5214,#5247,.T.);
#5247 = CIRCLE('',#5248,0.32639);
#5248 = AXIS2_PLACEMENT_3D('',#5249,#5250,#5251);
#5249 = CARTESIAN_POINT('',(144.93885839538,60.897072798689,
    5.780893580321));
#5250 = DIRECTION('',(-5.19458519614E-02,0.121869343405,0.991185901636)
  );
#5251 = DIRECTION('',(-0.998629534755,-1.413873079185E-16,
    -5.233595624294E-02));
#5252 = ORIENTED_EDGE('',*,*,#5231,.T.);
#5253 = ORIENTED_EDGE('',*,*,#5254,.F.);
#5254 = EDGE_CURVE('',#5184,#5182,#5255,.T.);
#5255 = CIRCLE('',#5256,0.40259);
#5256 = AXIS2_PLACEMENT_3D('',#5257,#5258,#5259);
#5257 = CARTESIAN_POINT('',(144.93490012146,60.906359242656,
    5.856421946026));
#5258 = DIRECTION('',(-5.19458519614E-02,0.121869343405,0.991185901636)
  );
#5259 = DIRECTION('',(-0.998629534755,-1.413873079185E-16,
    -5.233595624294E-02));
#5260 = CONICAL_SURFACE('',#5261,0.32639,0.785398163397);
#5261 = AXIS2_PLACEMENT_3D('',#5262,#5263,#5264);
#5262 = CARTESIAN_POINT('',(144.93885839538,60.897072798689,
    5.780893580321));
#5263 = DIRECTION('',(-5.19458519614E-02,0.121869343405,0.991185901636)
  );
#5264 = DIRECTION('',(-0.998629534755,-1.413873079185E-16,
    -5.233595624294E-02));
#5265 = ADVANCED_FACE('',(#5266),#5278,.T.);
#5266 = FACE_BOUND('',#5267,.T.);
#5267 = EDGE_LOOP('',(#5268,#5269,#5270,#5271));
#5268 = ORIENTED_EDGE('',*,*,#5192,.F.);
#5269 = ORIENTED_EDGE('',*,*,#5254,.T.);
#5270 = ORIENTED_EDGE('',*,*,#5199,.T.);
#5271 = ORIENTED_EDGE('',*,*,#5272,.F.);
#5272 = EDGE_CURVE('',#5142,#5140,#5273,.T.);
#5273 = CIRCLE('',#5274,0.40259);
#5274 = AXIS2_PLACEMENT_3D('',#5275,#5276,#5277);
#5275 = CARTESIAN_POINT('',(144.85858180817,61.085408432906,
    7.312662113703));
#5276 = DIRECTION('',(-5.19458519614E-02,0.121869343405,0.991185901636)
  );
#5277 = DIRECTION('',(-0.998629534755,-1.413873079185E-16,
    -5.233595624294E-02));
#5278 = CYLINDRICAL_SURFACE('',#5279,0.40259);
#5279 = AXIS2_PLACEMENT_3D('',#5280,#5281,#5282);
#5280 = CARTESIAN_POINT('',(144.81087420532,61.19733448697,
    8.222977404772));
#5281 = DIRECTION('',(-5.19458519614E-02,0.121869343405,0.991185901636)
  );
#5282 = DIRECTION('',(-0.998629534755,-1.413873079185E-16,
    -5.233595624294E-02));
#5283 = ADVANCED_FACE('',(#5284),#5296,.T.);
#5284 = FACE_BOUND('',#5285,.T.);
#5285 = EDGE_LOOP('',(#5286,#5287,#5288,#5289));
#5286 = ORIENTED_EDGE('',*,*,#5150,.F.);
#5287 = ORIENTED_EDGE('',*,*,#5272,.T.);
#5288 = ORIENTED_EDGE('',*,*,#5167,.T.);
#5289 = ORIENTED_EDGE('',*,*,#5290,.F.);
#5290 = EDGE_CURVE('',#5151,#5159,#5291,.T.);
#5291 = CIRCLE('',#5292,0.4445);
#5292 = AXIS2_PLACEMENT_3D('',#5293,#5294,#5295);
#5293 = CARTESIAN_POINT('',(144.85045694451,61.104470047296,
    7.467693747725));
#5294 = DIRECTION('',(-5.19458519614E-02,0.121869343405,0.991185901636)
  );
#5295 = DIRECTION('',(-0.998629534755,-1.413873079185E-16,
    -5.233595624294E-02));
#5296 = CONICAL_SURFACE('',#5297,0.40259,0.261799387799);
#5297 = AXIS2_PLACEMENT_3D('',#5298,#5299,#5300);
#5298 = CARTESIAN_POINT('',(144.85858180817,61.085408432906,
    7.312662113703));
#5299 = DIRECTION('',(-5.19458519614E-02,0.121869343405,0.991185901636)
  );
#5300 = DIRECTION('',(-0.998629534755,-1.413873079185E-16,
    -5.233595624294E-02));
#5301 = ADVANCED_FACE('',(#5302,#5312),#5316,.F.);
#5302 = FACE_BOUND('',#5303,.T.);
#5303 = EDGE_LOOP('',(#5304,#5305));
#5304 = ORIENTED_EDGE('',*,*,#5097,.F.);
#5305 = ORIENTED_EDGE('',*,*,#5306,.F.);
#5306 = EDGE_CURVE('',#5100,#5098,#5307,.T.);
#5307 = CIRCLE('',#5308,0.40259);
#5308 = AXIS2_PLACEMENT_3D('',#5309,#5310,#5311);
#5309 = CARTESIAN_POINT('',(144.85045694451,61.104470047296,
    7.467693747725));
#5310 = DIRECTION('',(-5.19458519614E-02,0.121869343405,0.991185901636)
  );
#5311 = DIRECTION('',(-0.998629534755,-1.413873079185E-16,
    -5.233595624294E-02));
#5312 = FACE_BOUND('',#5313,.T.);
#5313 = EDGE_LOOP('',(#5314,#5315));
#5314 = ORIENTED_EDGE('',*,*,#5158,.T.);
#5315 = ORIENTED_EDGE('',*,*,#5290,.T.);
#5316 = PLANE('',#5317);
#5317 = AXIS2_PLACEMENT_3D('',#5318,#5319,#5320);
#5318 = CARTESIAN_POINT('',(144.84788916566,60.704880892106,
    7.516689887031));
#5319 = DIRECTION('',(5.19458519614E-02,-0.121869343405,-0.991185901636)
  );
#5320 = DIRECTION('',(0.998629534755,1.413873079185E-16,
    5.233595624294E-02));
#5321 = ADVANCED_FACE('',(#5322),#5334,.T.);
#5322 = FACE_BOUND('',#5323,.T.);
#5323 = EDGE_LOOP('',(#5324,#5325,#5326,#5327));
#5324 = ORIENTED_EDGE('',*,*,#5108,.F.);
#5325 = ORIENTED_EDGE('',*,*,#5306,.T.);
#5326 = ORIENTED_EDGE('',*,*,#5125,.T.);
#5327 = ORIENTED_EDGE('',*,*,#5328,.F.);
#5328 = EDGE_CURVE('',#5109,#5117,#5329,.T.);
#5329 = CIRCLE('',#5330,0.40259);
#5330 = AXIS2_PLACEMENT_3D('',#5331,#5332,#5333);
#5331 = CARTESIAN_POINT('',(144.82406845171,61.166379673746,
    7.971216185757));
#5332 = DIRECTION('',(-5.19458519614E-02,0.121869343405,0.991185901636)
  );
#5333 = DIRECTION('',(-0.998629534755,-1.413873079185E-16,
    -5.233595624294E-02));
#5334 = CYLINDRICAL_SURFACE('',#5335,0.40259);
#5335 = AXIS2_PLACEMENT_3D('',#5336,#5337,#5338);
#5336 = CARTESIAN_POINT('',(144.81087420532,61.19733448697,
    8.222977404772));
#5337 = DIRECTION('',(-5.19458519614E-02,0.121869343405,0.991185901636)
  );
#5338 = DIRECTION('',(-0.998629534755,-1.413873079185E-16,
    -5.233595624294E-02));
#5339 = ADVANCED_FACE('',(#5340,#5350),#5354,.F.);
#5340 = FACE_BOUND('',#5341,.T.);
#5341 = EDGE_LOOP('',(#5342,#5343));
#5342 = ORIENTED_EDGE('',*,*,#5055,.F.);
#5343 = ORIENTED_EDGE('',*,*,#5344,.F.);
#5344 = EDGE_CURVE('',#5058,#5056,#5345,.T.);
#5345 = CIRCLE('',#5346,0.5334);
#5346 = AXIS2_PLACEMENT_3D('',#5347,#5348,#5349);
#5347 = CARTESIAN_POINT('',(144.82406845171,61.166379673746,
    7.971216185757));
#5348 = DIRECTION('',(-5.19458519614E-02,0.121869343405,0.991185901636)
  );
#5349 = DIRECTION('',(-0.998629534755,-1.413873079185E-16,
    -5.233595624294E-02));
#5350 = FACE_BOUND('',#5351,.T.);
#5351 = EDGE_LOOP('',(#5352,#5353));
#5352 = ORIENTED_EDGE('',*,*,#5116,.T.);
#5353 = ORIENTED_EDGE('',*,*,#5328,.T.);
#5354 = PLANE('',#5355);
#5355 = AXIS2_PLACEMENT_3D('',#5356,#5357,#5358);
#5356 = CARTESIAN_POINT('',(144.82066634724,60.63695555646,
    8.036132206288));
#5357 = DIRECTION('',(-5.19458519614E-02,0.121869343405,0.991185901636)
  );
#5358 = DIRECTION('',(-0.998629534755,-1.413873079185E-16,
    -5.233595624294E-02));
#5359 = ADVANCED_FACE('',(#5360),#5372,.T.);
#5360 = FACE_BOUND('',#5361,.T.);
#5361 = EDGE_LOOP('',(#5362,#5363,#5364,#5365));
#5362 = ORIENTED_EDGE('',*,*,#5066,.F.);
#5363 = ORIENTED_EDGE('',*,*,#5344,.T.);
#5364 = ORIENTED_EDGE('',*,*,#5083,.T.);
#5365 = ORIENTED_EDGE('',*,*,#5366,.F.);
#5366 = EDGE_CURVE('',#5067,#5075,#5367,.T.);
#5367 = CIRCLE('',#5368,0.5334);
#5368 = AXIS2_PLACEMENT_3D('',#5369,#5370,#5371);
#5369 = CARTESIAN_POINT('',(144.81087420532,61.19733448697,
    8.222977404772));
#5370 = DIRECTION('',(-5.19458519614E-02,0.121869343405,0.991185901636)
  );
#5371 = DIRECTION('',(-0.998629534755,-1.413873079185E-16,
    -5.233595624294E-02));
#5372 = CYLINDRICAL_SURFACE('',#5373,0.5334);
#5373 = AXIS2_PLACEMENT_3D('',#5374,#5375,#5376);
#5374 = CARTESIAN_POINT('',(144.81087420532,61.19733448697,
    8.222977404772));
#5375 = DIRECTION('',(-5.19458519614E-02,0.121869343405,0.991185901636)
  );
#5376 = DIRECTION('',(-0.998629534755,-1.413873079185E-16,
    -5.233595624294E-02));
#5377 = ADVANCED_FACE('',(#5378),#5382,.F.);
#5378 = FACE_BOUND('',#5379,.T.);
#5379 = EDGE_LOOP('',(#5380,#5381));
#5380 = ORIENTED_EDGE('',*,*,#5074,.T.);
#5381 = ORIENTED_EDGE('',*,*,#5366,.T.);
#5382 = PLANE('',#5383);
#5383 = AXIS2_PLACEMENT_3D('',#5384,#5385,#5386);
#5384 = CARTESIAN_POINT('',(144.81087420532,61.19733448697,
    8.222977404772));
#5385 = DIRECTION('',(5.19458519614E-02,-0.121869343405,-0.991185901636)
  );
#5386 = DIRECTION('',(0.998629534755,1.413873079185E-16,
    5.233595624294E-02));
#5387 = ADVANCED_FACE('',(#5388),#5392,.F.);
#5388 = FACE_BOUND('',#5389,.T.);
#5389 = EDGE_LOOP('',(#5390,#5391));
#5390 = ORIENTED_EDGE('',*,*,#5213,.F.);
#5391 = ORIENTED_EDGE('',*,*,#5246,.F.);
#5392 = PLANE('',#5393);
#5393 = AXIS2_PLACEMENT_3D('',#5394,#5395,#5396);
#5394 = CARTESIAN_POINT('',(144.93677663145,60.573115660255,
    5.820616002408));
#5395 = DIRECTION('',(-5.19458519614E-02,0.121869343405,0.991185901636)
  );
#5396 = DIRECTION('',(-0.998629534755,-1.413873079185E-16,
    -5.233595624294E-02));
#5397 = MANIFOLD_SOLID_BREP('',#5398);
#5398 = CLOSED_SHELL('',(#5399,#5441,#5483,#5525,#5557,#5589,#5613,#5631
    ,#5649,#5669,#5687,#5707,#5725,#5735));
#5399 = ADVANCED_FACE('',(#5400),#5436,.T.);
#5400 = FACE_BOUND('',#5401,.T.);
#5401 = EDGE_LOOP('',(#5402,#5413,#5421,#5430));
#5402 = ORIENTED_EDGE('',*,*,#5403,.T.);
#5403 = EDGE_CURVE('',#5404,#5406,#5408,.T.);
#5404 = VERTEX_POINT('',#5405);
#5405 = CARTESIAN_POINT('',(144.28329920912,59.905846061161,
    8.097862140343));
#5406 = VERTEX_POINT('',#5407);
#5407 = CARTESIAN_POINT('',(145.3486371968,59.905846061161,
    8.153694138463));
#5408 = CIRCLE('',#5409,0.5334);
#5409 = AXIS2_PLACEMENT_3D('',#5410,#5411,#5412);
#5410 = CARTESIAN_POINT('',(144.81596820296,59.905846061161,
    8.125778139403));
#5411 = DIRECTION('',(-5.19458519614E-02,0.121869343405,0.991185901636)
  );
#5412 = DIRECTION('',(-0.998629534755,-1.413873079185E-16,
    -5.233595624294E-02));
#5413 = ORIENTED_EDGE('',*,*,#5414,.T.);
#5414 = EDGE_CURVE('',#5406,#5415,#5417,.T.);
#5415 = VERTEX_POINT('',#5416);
#5416 = CARTESIAN_POINT('',(145.3354429504,59.936800874386,
    8.405455357478));
#5417 = LINE('',#5418,#5419);
#5418 = CARTESIAN_POINT('',(145.3354429504,59.936800874386,
    8.405455357478));
#5419 = VECTOR('',#5420,1.);
#5420 = DIRECTION('',(-5.19458519614E-02,0.121869343405,0.991185901636)
  );
#5421 = ORIENTED_EDGE('',*,*,#5422,.F.);
#5422 = EDGE_CURVE('',#5423,#5415,#5425,.T.);
#5423 = VERTEX_POINT('',#5424);
#5424 = CARTESIAN_POINT('',(144.27010496272,59.936800874386,
    8.349623359358));
#5425 = CIRCLE('',#5426,0.5334);
#5426 = AXIS2_PLACEMENT_3D('',#5427,#5428,#5429);
#5427 = CARTESIAN_POINT('',(144.80277395656,59.936800874386,
    8.377539358418));
#5428 = DIRECTION('',(-5.19458519614E-02,0.121869343405,0.991185901636)
  );
#5429 = DIRECTION('',(-0.998629534755,-1.413873079185E-16,
    -5.233595624294E-02));
#5430 = ORIENTED_EDGE('',*,*,#5431,.F.);
#5431 = EDGE_CURVE('',#5404,#5423,#5432,.T.);
#5432 = LINE('',#5433,#5434);
#5433 = CARTESIAN_POINT('',(144.27010496272,59.936800874386,
    8.349623359358));
#5434 = VECTOR('',#5435,1.);
#5435 = DIRECTION('',(-5.19458519614E-02,0.121869343405,0.991185901636)
  );
#5436 = CYLINDRICAL_SURFACE('',#5437,0.5334);
#5437 = AXIS2_PLACEMENT_3D('',#5438,#5439,#5440);
#5438 = CARTESIAN_POINT('',(144.80277395656,59.936800874386,
    8.377539358418));
#5439 = DIRECTION('',(-5.19458519614E-02,0.121869343405,0.991185901636)
  );
#5440 = DIRECTION('',(-0.998629534755,-1.413873079185E-16,
    -5.233595624294E-02));
#5441 = ADVANCED_FACE('',(#5442),#5478,.T.);
#5442 = FACE_BOUND('',#5443,.T.);
#5443 = EDGE_LOOP('',(#5444,#5455,#5463,#5472));
#5444 = ORIENTED_EDGE('',*,*,#5445,.T.);
#5445 = EDGE_CURVE('',#5446,#5448,#5450,.T.);
#5446 = VERTEX_POINT('',#5447);
#5447 = CARTESIAN_POINT('',(144.44031843136,59.843936434711,
    7.601185768748));
#5448 = VERTEX_POINT('',#5449);
#5449 = CARTESIAN_POINT('',(145.24439496015,59.843936434711,
    7.643325633995));
#5450 = CIRCLE('',#5451,0.40259);
#5451 = AXIS2_PLACEMENT_3D('',#5452,#5453,#5454);
#5452 = CARTESIAN_POINT('',(144.84235669576,59.843936434711,
    7.622255701371));
#5453 = DIRECTION('',(-5.19458519614E-02,0.121869343405,0.991185901636)
  );
#5454 = DIRECTION('',(-0.998629534755,-1.413873079185E-16,
    -5.233595624294E-02));
#5455 = ORIENTED_EDGE('',*,*,#5456,.T.);
#5456 = EDGE_CURVE('',#5448,#5457,#5459,.T.);
#5457 = VERTEX_POINT('',#5458);
#5458 = CARTESIAN_POINT('',(145.21800646736,59.905846061161,
    8.146848072026));
#5459 = LINE('',#5460,#5461);
#5460 = CARTESIAN_POINT('',(145.20481222096,59.936800874386,
    8.398609291042));
#5461 = VECTOR('',#5462,1.);
#5462 = DIRECTION('',(-5.19458519614E-02,0.121869343405,0.991185901636)
  );
#5463 = ORIENTED_EDGE('',*,*,#5464,.F.);
#5464 = EDGE_CURVE('',#5465,#5457,#5467,.T.);
#5465 = VERTEX_POINT('',#5466);
#5466 = CARTESIAN_POINT('',(144.41392993856,59.905846061161,
    8.104708206779));
#5467 = CIRCLE('',#5468,0.40259);
#5468 = AXIS2_PLACEMENT_3D('',#5469,#5470,#5471);
#5469 = CARTESIAN_POINT('',(144.81596820296,59.905846061161,
    8.125778139403));
#5470 = DIRECTION('',(-5.19458519614E-02,0.121869343405,0.991185901636)
  );
#5471 = DIRECTION('',(-0.998629534755,-1.413873079185E-16,
    -5.233595624294E-02));
#5472 = ORIENTED_EDGE('',*,*,#5473,.F.);
#5473 = EDGE_CURVE('',#5446,#5465,#5474,.T.);
#5474 = LINE('',#5475,#5476);
#5475 = CARTESIAN_POINT('',(144.40073569217,59.936800874386,
    8.356469425794));
#5476 = VECTOR('',#5477,1.);
#5477 = DIRECTION('',(-5.19458519614E-02,0.121869343405,0.991185901636)
  );
#5478 = CYLINDRICAL_SURFACE('',#5479,0.40259);
#5479 = AXIS2_PLACEMENT_3D('',#5480,#5481,#5482);
#5480 = CARTESIAN_POINT('',(144.80277395656,59.936800874386,
    8.377539358418));
#5481 = DIRECTION('',(-5.19458519614E-02,0.121869343405,0.991185901636)
  );
#5482 = DIRECTION('',(-0.998629534755,-1.413873079185E-16,
    -5.233595624294E-02));
#5483 = ADVANCED_FACE('',(#5484),#5520,.T.);
#5484 = FACE_BOUND('',#5485,.T.);
#5485 = EDGE_LOOP('',(#5486,#5497,#5505,#5514));
#5486 = ORIENTED_EDGE('',*,*,#5487,.T.);
#5487 = EDGE_CURVE('',#5488,#5490,#5492,.T.);
#5488 = VERTEX_POINT('',#5489);
#5489 = CARTESIAN_POINT('',(144.44844329502,59.824874820322,
    7.446154134725));
#5490 = VERTEX_POINT('',#5491);
#5491 = CARTESIAN_POINT('',(145.25251982381,59.824874820322,
    7.488293999973));
#5492 = CIRCLE('',#5493,0.40259);
#5493 = AXIS2_PLACEMENT_3D('',#5494,#5495,#5496);
#5494 = CARTESIAN_POINT('',(144.85048155942,59.824874820322,
    7.467224067349));
#5495 = DIRECTION('',(-5.19458519614E-02,0.121869343405,0.991185901636)
  );
#5496 = DIRECTION('',(-0.998629534755,-1.413873079185E-16,
    -5.233595624294E-02));
#5497 = ORIENTED_EDGE('',*,*,#5498,.T.);
#5498 = EDGE_CURVE('',#5490,#5499,#5501,.T.);
#5499 = VERTEX_POINT('',#5500);
#5500 = CARTESIAN_POINT('',(145.28624752396,59.843936434711,
    7.645519033921));
#5501 = LINE('',#5502,#5503);
#5502 = CARTESIAN_POINT('',(145.25251982381,59.824874820322,
    7.488293999973));
#5503 = VECTOR('',#5504,1.);
#5504 = DIRECTION('',(0.208288502618,0.117716746228,0.970957603263));
#5505 = ORIENTED_EDGE('',*,*,#5506,.F.);
#5506 = EDGE_CURVE('',#5507,#5499,#5509,.T.);
#5507 = VERTEX_POINT('',#5508);
#5508 = CARTESIAN_POINT('',(144.39846586756,59.843936434711,
    7.598992368821));
#5509 = CIRCLE('',#5510,0.4445);
#5510 = AXIS2_PLACEMENT_3D('',#5511,#5512,#5513);
#5511 = CARTESIAN_POINT('',(144.84235669576,59.843936434711,
    7.622255701371));
#5512 = DIRECTION('',(-5.19458519614E-02,0.121869343405,0.991185901636)
  );
#5513 = DIRECTION('',(-0.998629534755,-1.413873079185E-16,
    -5.233595624294E-02));
#5514 = ORIENTED_EDGE('',*,*,#5515,.F.);
#5515 = EDGE_CURVE('',#5488,#5507,#5516,.T.);
#5516 = LINE('',#5517,#5518);
#5517 = CARTESIAN_POINT('',(144.44844329502,59.824874820322,
    7.446154134725));
#5518 = VECTOR('',#5519,1.);
#5519 = DIRECTION('',(-0.308640182574,0.117716746228,0.943866518825));
#5520 = CONICAL_SURFACE('',#5521,0.40259,0.261799387799);
#5521 = AXIS2_PLACEMENT_3D('',#5522,#5523,#5524);
#5522 = CARTESIAN_POINT('',(144.85048155942,59.824874820322,
    7.467224067349));
#5523 = DIRECTION('',(-5.19458519614E-02,0.121869343405,0.991185901636)
  );
#5524 = DIRECTION('',(-0.998629534755,-1.413873079185E-16,
    -5.233595624294E-02));
#5525 = ADVANCED_FACE('',(#5526),#5552,.T.);
#5526 = FACE_BOUND('',#5527,.T.);
#5527 = EDGE_LOOP('',(#5528,#5539,#5545,#5546));
#5528 = ORIENTED_EDGE('',*,*,#5529,.T.);
#5529 = EDGE_CURVE('',#5530,#5532,#5534,.T.);
#5530 = VERTEX_POINT('',#5531);
#5531 = CARTESIAN_POINT('',(144.52476160831,59.645825630072,
    5.989913967048));
#5532 = VERTEX_POINT('',#5533);
#5533 = CARTESIAN_POINT('',(145.3288381371,59.645825630072,
    6.032053832296));
#5534 = CIRCLE('',#5535,0.40259);
#5535 = AXIS2_PLACEMENT_3D('',#5536,#5537,#5538);
#5536 = CARTESIAN_POINT('',(144.92679987271,59.645825630072,
    6.010983899672));
#5537 = DIRECTION('',(-5.19458519614E-02,0.121869343405,0.991185901636)
  );
#5538 = DIRECTION('',(-0.998629534755,-1.413873079185E-16,
    -5.233595624294E-02));
#5539 = ORIENTED_EDGE('',*,*,#5540,.T.);
#5540 = EDGE_CURVE('',#5532,#5490,#5541,.T.);
#5541 = LINE('',#5542,#5543);
#5542 = CARTESIAN_POINT('',(145.20481222096,59.936800874386,
    8.398609291042));
#5543 = VECTOR('',#5544,1.);
#5544 = DIRECTION('',(-5.19458519614E-02,0.121869343405,0.991185901636)
  );
#5545 = ORIENTED_EDGE('',*,*,#5487,.F.);
#5546 = ORIENTED_EDGE('',*,*,#5547,.F.);
#5547 = EDGE_CURVE('',#5530,#5488,#5548,.T.);
#5548 = LINE('',#5549,#5550);
#5549 = CARTESIAN_POINT('',(144.40073569217,59.936800874386,
    8.356469425794));
#5550 = VECTOR('',#5551,1.);
#5551 = DIRECTION('',(-5.19458519614E-02,0.121869343405,0.991185901636)
  );
#5552 = CYLINDRICAL_SURFACE('',#5553,0.40259);
#5553 = AXIS2_PLACEMENT_3D('',#5554,#5555,#5556);
#5554 = CARTESIAN_POINT('',(144.80277395656,59.936800874386,
    8.377539358418));
#5555 = DIRECTION('',(-5.19458519614E-02,0.121869343405,0.991185901636)
  );
#5556 = DIRECTION('',(-0.998629534755,-1.413873079185E-16,
    -5.233595624294E-02));
#5557 = ADVANCED_FACE('',(#5558),#5584,.T.);
#5558 = FACE_BOUND('',#5559,.T.);
#5559 = EDGE_LOOP('',(#5560,#5571,#5577,#5578));
#5560 = ORIENTED_EDGE('',*,*,#5561,.T.);
#5561 = EDGE_CURVE('',#5562,#5564,#5566,.T.);
#5562 = VERTEX_POINT('',#5563);
#5563 = CARTESIAN_POINT('',(144.60481545278,59.636539186104,
    5.918373601209));
#5564 = VERTEX_POINT('',#5565);
#5565 = CARTESIAN_POINT('',(145.25670084047,59.636539186104,
    5.952537466725));
#5566 = CIRCLE('',#5567,0.32639);
#5567 = AXIS2_PLACEMENT_3D('',#5568,#5569,#5570);
#5568 = CARTESIAN_POINT('',(144.93075814663,59.636539186104,
    5.935455533967));
#5569 = DIRECTION('',(-5.19458519614E-02,0.121869343405,0.991185901636)
  );
#5570 = DIRECTION('',(-0.998629534755,-1.413873079185E-16,
    -5.233595624294E-02));
#5571 = ORIENTED_EDGE('',*,*,#5572,.T.);
#5572 = EDGE_CURVE('',#5564,#5532,#5573,.T.);
#5573 = LINE('',#5574,#5575);
#5574 = CARTESIAN_POINT('',(145.25670084047,59.636539186104,
    5.952537466725));
#5575 = VECTOR('',#5576,1.);
#5576 = DIRECTION('',(0.669406451742,8.617463914053E-02,0.737881382023)
  );
#5577 = ORIENTED_EDGE('',*,*,#5529,.F.);
#5578 = ORIENTED_EDGE('',*,*,#5579,.F.);
#5579 = EDGE_CURVE('',#5562,#5530,#5580,.T.);
#5580 = LINE('',#5581,#5582);
#5581 = CARTESIAN_POINT('',(144.60481545278,59.636539186104,
    5.918373601209));
#5582 = VECTOR('',#5583,1.);
#5583 = DIRECTION('',(-0.742868980095,8.617463914053E-02,0.663867162904)
  );
#5584 = CONICAL_SURFACE('',#5585,0.32639,0.785398163397);
#5585 = AXIS2_PLACEMENT_3D('',#5586,#5587,#5588);
#5586 = CARTESIAN_POINT('',(144.93075814663,59.636539186104,
    5.935455533967));
#5587 = DIRECTION('',(-5.19458519614E-02,0.121869343405,0.991185901636)
  );
#5588 = DIRECTION('',(-0.998629534755,-1.413873079185E-16,
    -5.233595624294E-02));
#5589 = ADVANCED_FACE('',(#5590),#5608,.T.);
#5590 = FACE_BOUND('',#5591,.T.);
#5591 = EDGE_LOOP('',(#5592,#5593,#5600,#5601));
#5592 = ORIENTED_EDGE('',*,*,#5572,.F.);
#5593 = ORIENTED_EDGE('',*,*,#5594,.T.);
#5594 = EDGE_CURVE('',#5564,#5562,#5595,.T.);
#5595 = CIRCLE('',#5596,0.32639);
#5596 = AXIS2_PLACEMENT_3D('',#5597,#5598,#5599);
#5597 = CARTESIAN_POINT('',(144.93075814663,59.636539186104,
    5.935455533967));
#5598 = DIRECTION('',(-5.19458519614E-02,0.121869343405,0.991185901636)
  );
#5599 = DIRECTION('',(-0.998629534755,-1.413873079185E-16,
    -5.233595624294E-02));
#5600 = ORIENTED_EDGE('',*,*,#5579,.T.);
#5601 = ORIENTED_EDGE('',*,*,#5602,.F.);
#5602 = EDGE_CURVE('',#5532,#5530,#5603,.T.);
#5603 = CIRCLE('',#5604,0.40259);
#5604 = AXIS2_PLACEMENT_3D('',#5605,#5606,#5607);
#5605 = CARTESIAN_POINT('',(144.92679987271,59.645825630072,
    6.010983899672));
#5606 = DIRECTION('',(-5.19458519614E-02,0.121869343405,0.991185901636)
  );
#5607 = DIRECTION('',(-0.998629534755,-1.413873079185E-16,
    -5.233595624294E-02));
#5608 = CONICAL_SURFACE('',#5609,0.32639,0.785398163397);
#5609 = AXIS2_PLACEMENT_3D('',#5610,#5611,#5612);
#5610 = CARTESIAN_POINT('',(144.93075814663,59.636539186104,
    5.935455533967));
#5611 = DIRECTION('',(-5.19458519614E-02,0.121869343405,0.991185901636)
  );
#5612 = DIRECTION('',(-0.998629534755,-1.413873079185E-16,
    -5.233595624294E-02));
#5613 = ADVANCED_FACE('',(#5614),#5626,.T.);
#5614 = FACE_BOUND('',#5615,.T.);
#5615 = EDGE_LOOP('',(#5616,#5617,#5618,#5619));
#5616 = ORIENTED_EDGE('',*,*,#5540,.F.);
#5617 = ORIENTED_EDGE('',*,*,#5602,.T.);
#5618 = ORIENTED_EDGE('',*,*,#5547,.T.);
#5619 = ORIENTED_EDGE('',*,*,#5620,.F.);
#5620 = EDGE_CURVE('',#5490,#5488,#5621,.T.);
#5621 = CIRCLE('',#5622,0.40259);
#5622 = AXIS2_PLACEMENT_3D('',#5623,#5624,#5625);
#5623 = CARTESIAN_POINT('',(144.85048155942,59.824874820322,
    7.467224067349));
#5624 = DIRECTION('',(-5.19458519614E-02,0.121869343405,0.991185901636)
  );
#5625 = DIRECTION('',(-0.998629534755,-1.413873079185E-16,
    -5.233595624294E-02));
#5626 = CYLINDRICAL_SURFACE('',#5627,0.40259);
#5627 = AXIS2_PLACEMENT_3D('',#5628,#5629,#5630);
#5628 = CARTESIAN_POINT('',(144.80277395656,59.936800874386,
    8.377539358418));
#5629 = DIRECTION('',(-5.19458519614E-02,0.121869343405,0.991185901636)
  );
#5630 = DIRECTION('',(-0.998629534755,-1.413873079185E-16,
    -5.233595624294E-02));
#5631 = ADVANCED_FACE('',(#5632),#5644,.T.);
#5632 = FACE_BOUND('',#5633,.T.);
#5633 = EDGE_LOOP('',(#5634,#5635,#5636,#5637));
#5634 = ORIENTED_EDGE('',*,*,#5498,.F.);
#5635 = ORIENTED_EDGE('',*,*,#5620,.T.);
#5636 = ORIENTED_EDGE('',*,*,#5515,.T.);
#5637 = ORIENTED_EDGE('',*,*,#5638,.F.);
#5638 = EDGE_CURVE('',#5499,#5507,#5639,.T.);
#5639 = CIRCLE('',#5640,0.4445);
#5640 = AXIS2_PLACEMENT_3D('',#5641,#5642,#5643);
#5641 = CARTESIAN_POINT('',(144.84235669576,59.843936434711,
    7.622255701371));
#5642 = DIRECTION('',(-5.19458519614E-02,0.121869343405,0.991185901636)
  );
#5643 = DIRECTION('',(-0.998629534755,-1.413873079185E-16,
    -5.233595624294E-02));
#5644 = CONICAL_SURFACE('',#5645,0.40259,0.261799387799);
#5645 = AXIS2_PLACEMENT_3D('',#5646,#5647,#5648);
#5646 = CARTESIAN_POINT('',(144.85048155942,59.824874820322,
    7.467224067349));
#5647 = DIRECTION('',(-5.19458519614E-02,0.121869343405,0.991185901636)
  );
#5648 = DIRECTION('',(-0.998629534755,-1.413873079185E-16,
    -5.233595624294E-02));
#5649 = ADVANCED_FACE('',(#5650,#5660),#5664,.F.);
#5650 = FACE_BOUND('',#5651,.T.);
#5651 = EDGE_LOOP('',(#5652,#5653));
#5652 = ORIENTED_EDGE('',*,*,#5445,.F.);
#5653 = ORIENTED_EDGE('',*,*,#5654,.F.);
#5654 = EDGE_CURVE('',#5448,#5446,#5655,.T.);
#5655 = CIRCLE('',#5656,0.40259);
#5656 = AXIS2_PLACEMENT_3D('',#5657,#5658,#5659);
#5657 = CARTESIAN_POINT('',(144.84235669576,59.843936434711,
    7.622255701371));
#5658 = DIRECTION('',(-5.19458519614E-02,0.121869343405,0.991185901636)
  );
#5659 = DIRECTION('',(-0.998629534755,-1.413873079185E-16,
    -5.233595624294E-02));
#5660 = FACE_BOUND('',#5661,.T.);
#5661 = EDGE_LOOP('',(#5662,#5663));
#5662 = ORIENTED_EDGE('',*,*,#5506,.T.);
#5663 = ORIENTED_EDGE('',*,*,#5638,.T.);
#5664 = PLANE('',#5665);
#5665 = AXIS2_PLACEMENT_3D('',#5666,#5667,#5668);
#5666 = CARTESIAN_POINT('',(144.8397889169,59.444347279522,
    7.671251840677));
#5667 = DIRECTION('',(5.19458519614E-02,-0.121869343405,-0.991185901636)
  );
#5668 = DIRECTION('',(0.998629534755,1.413873079185E-16,
    5.233595624294E-02));
#5669 = ADVANCED_FACE('',(#5670),#5682,.T.);
#5670 = FACE_BOUND('',#5671,.T.);
#5671 = EDGE_LOOP('',(#5672,#5673,#5674,#5675));
#5672 = ORIENTED_EDGE('',*,*,#5456,.F.);
#5673 = ORIENTED_EDGE('',*,*,#5654,.T.);
#5674 = ORIENTED_EDGE('',*,*,#5473,.T.);
#5675 = ORIENTED_EDGE('',*,*,#5676,.F.);
#5676 = EDGE_CURVE('',#5457,#5465,#5677,.T.);
#5677 = CIRCLE('',#5678,0.40259);
#5678 = AXIS2_PLACEMENT_3D('',#5679,#5680,#5681);
#5679 = CARTESIAN_POINT('',(144.81596820296,59.905846061161,
    8.125778139403));
#5680 = DIRECTION('',(-5.19458519614E-02,0.121869343405,0.991185901636)
  );
#5681 = DIRECTION('',(-0.998629534755,-1.413873079185E-16,
    -5.233595624294E-02));
#5682 = CYLINDRICAL_SURFACE('',#5683,0.40259);
#5683 = AXIS2_PLACEMENT_3D('',#5684,#5685,#5686);
#5684 = CARTESIAN_POINT('',(144.80277395656,59.936800874386,
    8.377539358418));
#5685 = DIRECTION('',(-5.19458519614E-02,0.121869343405,0.991185901636)
  );
#5686 = DIRECTION('',(-0.998629534755,-1.413873079185E-16,
    -5.233595624294E-02));
#5687 = ADVANCED_FACE('',(#5688,#5698),#5702,.F.);
#5688 = FACE_BOUND('',#5689,.T.);
#5689 = EDGE_LOOP('',(#5690,#5691));
#5690 = ORIENTED_EDGE('',*,*,#5403,.F.);
#5691 = ORIENTED_EDGE('',*,*,#5692,.F.);
#5692 = EDGE_CURVE('',#5406,#5404,#5693,.T.);
#5693 = CIRCLE('',#5694,0.5334);
#5694 = AXIS2_PLACEMENT_3D('',#5695,#5696,#5697);
#5695 = CARTESIAN_POINT('',(144.81596820296,59.905846061161,
    8.125778139403));
#5696 = DIRECTION('',(-5.19458519614E-02,0.121869343405,0.991185901636)
  );
#5697 = DIRECTION('',(-0.998629534755,-1.413873079185E-16,
    -5.233595624294E-02));
#5698 = FACE_BOUND('',#5699,.T.);
#5699 = EDGE_LOOP('',(#5700,#5701));
#5700 = ORIENTED_EDGE('',*,*,#5464,.T.);
#5701 = ORIENTED_EDGE('',*,*,#5676,.T.);
#5702 = PLANE('',#5703);
#5703 = AXIS2_PLACEMENT_3D('',#5704,#5705,#5706);
#5704 = CARTESIAN_POINT('',(144.81256609849,59.376421943876,
    8.190694159934));
#5705 = DIRECTION('',(-5.19458519614E-02,0.121869343405,0.991185901636)
  );
#5706 = DIRECTION('',(-0.998629534755,-1.413873079185E-16,
    -5.233595624294E-02));
#5707 = ADVANCED_FACE('',(#5708),#5720,.T.);
#5708 = FACE_BOUND('',#5709,.T.);
#5709 = EDGE_LOOP('',(#5710,#5711,#5712,#5713));
#5710 = ORIENTED_EDGE('',*,*,#5414,.F.);
#5711 = ORIENTED_EDGE('',*,*,#5692,.T.);
#5712 = ORIENTED_EDGE('',*,*,#5431,.T.);
#5713 = ORIENTED_EDGE('',*,*,#5714,.F.);
#5714 = EDGE_CURVE('',#5415,#5423,#5715,.T.);
#5715 = CIRCLE('',#5716,0.5334);
#5716 = AXIS2_PLACEMENT_3D('',#5717,#5718,#5719);
#5717 = CARTESIAN_POINT('',(144.80277395656,59.936800874386,
    8.377539358418));
#5718 = DIRECTION('',(-5.19458519614E-02,0.121869343405,0.991185901636)
  );
#5719 = DIRECTION('',(-0.998629534755,-1.413873079185E-16,
    -5.233595624294E-02));
#5720 = CYLINDRICAL_SURFACE('',#5721,0.5334);
#5721 = AXIS2_PLACEMENT_3D('',#5722,#5723,#5724);
#5722 = CARTESIAN_POINT('',(144.80277395656,59.936800874386,
    8.377539358418));
#5723 = DIRECTION('',(-5.19458519614E-02,0.121869343405,0.991185901636)
  );
#5724 = DIRECTION('',(-0.998629534755,-1.413873079185E-16,
    -5.233595624294E-02));
#5725 = ADVANCED_FACE('',(#5726),#5730,.F.);
#5726 = FACE_BOUND('',#5727,.T.);
#5727 = EDGE_LOOP('',(#5728,#5729));
#5728 = ORIENTED_EDGE('',*,*,#5422,.T.);
#5729 = ORIENTED_EDGE('',*,*,#5714,.T.);
#5730 = PLANE('',#5731);
#5731 = AXIS2_PLACEMENT_3D('',#5732,#5733,#5734);
#5732 = CARTESIAN_POINT('',(144.80277395656,59.936800874386,
    8.377539358418));
#5733 = DIRECTION('',(5.19458519614E-02,-0.121869343405,-0.991185901636)
  );
#5734 = DIRECTION('',(0.998629534755,1.413873079185E-16,
    5.233595624294E-02));
#5735 = ADVANCED_FACE('',(#5736),#5740,.F.);
#5736 = FACE_BOUND('',#5737,.T.);
#5737 = EDGE_LOOP('',(#5738,#5739));
#5738 = ORIENTED_EDGE('',*,*,#5561,.F.);
#5739 = ORIENTED_EDGE('',*,*,#5594,.F.);
#5740 = PLANE('',#5741);
#5741 = AXIS2_PLACEMENT_3D('',#5742,#5743,#5744);
#5742 = CARTESIAN_POINT('',(144.9286763827,59.31258204767,5.975177956054
    ));
#5743 = DIRECTION('',(-5.19458519614E-02,0.121869343405,0.991185901636)
  );
#5744 = DIRECTION('',(-0.998629534755,-1.413873079185E-16,
    -5.233595624294E-02));
#5745 = MANIFOLD_SOLID_BREP('',#5746);
#5746 = CLOSED_SHELL('',(#5747,#5789,#5831,#5873,#5905,#5937,#5961,#5979
    ,#5997,#6017,#6035,#6055,#6073,#6083));
#5747 = ADVANCED_FACE('',(#5748),#5784,.T.);
#5748 = FACE_BOUND('',#5749,.T.);
#5749 = EDGE_LOOP('',(#5750,#5761,#5769,#5778));
#5750 = ORIENTED_EDGE('',*,*,#5751,.T.);
#5751 = EDGE_CURVE('',#5752,#5754,#5756,.T.);
#5752 = VERTEX_POINT('',#5753);
#5753 = CARTESIAN_POINT('',(144.27519896037,58.645312448577,
    8.252424093989));
#5754 = VERTEX_POINT('',#5755);
#5755 = CARTESIAN_POINT('',(145.34053694805,58.645312448577,
    8.308256092109));
#5756 = CIRCLE('',#5757,0.5334);
#5757 = AXIS2_PLACEMENT_3D('',#5758,#5759,#5760);
#5758 = CARTESIAN_POINT('',(144.80786795421,58.645312448577,
    8.280340093049));
#5759 = DIRECTION('',(-5.19458519614E-02,0.121869343405,0.991185901636)
  );
#5760 = DIRECTION('',(-0.998629534755,-1.413873079185E-16,
    -5.233595624294E-02));
#5761 = ORIENTED_EDGE('',*,*,#5762,.T.);
#5762 = EDGE_CURVE('',#5754,#5763,#5765,.T.);
#5763 = VERTEX_POINT('',#5764);
#5764 = CARTESIAN_POINT('',(145.32734270165,58.676267261801,
    8.560017311124));
#5765 = LINE('',#5766,#5767);
#5766 = CARTESIAN_POINT('',(145.32734270165,58.676267261801,
    8.560017311124));
#5767 = VECTOR('',#5768,1.);
#5768 = DIRECTION('',(-5.19458519614E-02,0.121869343405,0.991185901636)
  );
#5769 = ORIENTED_EDGE('',*,*,#5770,.F.);
#5770 = EDGE_CURVE('',#5771,#5763,#5773,.T.);
#5771 = VERTEX_POINT('',#5772);
#5772 = CARTESIAN_POINT('',(144.26200471397,58.676267261801,
    8.504185313004));
#5773 = CIRCLE('',#5774,0.5334);
#5774 = AXIS2_PLACEMENT_3D('',#5775,#5776,#5777);
#5775 = CARTESIAN_POINT('',(144.79467370781,58.676267261801,
    8.532101312064));
#5776 = DIRECTION('',(-5.19458519614E-02,0.121869343405,0.991185901636)
  );
#5777 = DIRECTION('',(-0.998629534755,-1.413873079185E-16,
    -5.233595624294E-02));
#5778 = ORIENTED_EDGE('',*,*,#5779,.F.);
#5779 = EDGE_CURVE('',#5752,#5771,#5780,.T.);
#5780 = LINE('',#5781,#5782);
#5781 = CARTESIAN_POINT('',(144.26200471397,58.676267261801,
    8.504185313004));
#5782 = VECTOR('',#5783,1.);
#5783 = DIRECTION('',(-5.19458519614E-02,0.121869343405,0.991185901636)
  );
#5784 = CYLINDRICAL_SURFACE('',#5785,0.5334);
#5785 = AXIS2_PLACEMENT_3D('',#5786,#5787,#5788);
#5786 = CARTESIAN_POINT('',(144.79467370781,58.676267261801,
    8.532101312064));
#5787 = DIRECTION('',(-5.19458519614E-02,0.121869343405,0.991185901636)
  );
#5788 = DIRECTION('',(-0.998629534755,-1.413873079185E-16,
    -5.233595624294E-02));
#5789 = ADVANCED_FACE('',(#5790),#5826,.T.);
#5790 = FACE_BOUND('',#5791,.T.);
#5791 = EDGE_LOOP('',(#5792,#5803,#5811,#5820));
#5792 = ORIENTED_EDGE('',*,*,#5793,.T.);
#5793 = EDGE_CURVE('',#5794,#5796,#5798,.T.);
#5794 = VERTEX_POINT('',#5795);
#5795 = CARTESIAN_POINT('',(144.43221818261,58.583402822127,
    7.755747722394));
#5796 = VERTEX_POINT('',#5797);
#5797 = CARTESIAN_POINT('',(145.2362947114,58.583402822127,
    7.797887587641));
#5798 = CIRCLE('',#5799,0.40259);
#5799 = AXIS2_PLACEMENT_3D('',#5800,#5801,#5802);
#5800 = CARTESIAN_POINT('',(144.83425644701,58.583402822127,
    7.776817655017));
#5801 = DIRECTION('',(-5.19458519614E-02,0.121869343405,0.991185901636)
  );
#5802 = DIRECTION('',(-0.998629534755,-1.413873079185E-16,
    -5.233595624294E-02));
#5803 = ORIENTED_EDGE('',*,*,#5804,.T.);
#5804 = EDGE_CURVE('',#5796,#5805,#5807,.T.);
#5805 = VERTEX_POINT('',#5806);
#5806 = CARTESIAN_POINT('',(145.20990621861,58.645312448577,
    8.301410025672));
#5807 = LINE('',#5808,#5809);
#5808 = CARTESIAN_POINT('',(145.19671197221,58.676267261801,
    8.553171244688));
#5809 = VECTOR('',#5810,1.);
#5810 = DIRECTION('',(-5.19458519614E-02,0.121869343405,0.991185901636)
  );
#5811 = ORIENTED_EDGE('',*,*,#5812,.F.);
#5812 = EDGE_CURVE('',#5813,#5805,#5815,.T.);
#5813 = VERTEX_POINT('',#5814);
#5814 = CARTESIAN_POINT('',(144.40582968981,58.645312448577,
    8.259270160425));
#5815 = CIRCLE('',#5816,0.40259);
#5816 = AXIS2_PLACEMENT_3D('',#5817,#5818,#5819);
#5817 = CARTESIAN_POINT('',(144.80786795421,58.645312448577,
    8.280340093049));
#5818 = DIRECTION('',(-5.19458519614E-02,0.121869343405,0.991185901636)
  );
#5819 = DIRECTION('',(-0.998629534755,-1.413873079185E-16,
    -5.233595624294E-02));
#5820 = ORIENTED_EDGE('',*,*,#5821,.F.);
#5821 = EDGE_CURVE('',#5794,#5813,#5822,.T.);
#5822 = LINE('',#5823,#5824);
#5823 = CARTESIAN_POINT('',(144.39263544341,58.676267261801,
    8.51103137944));
#5824 = VECTOR('',#5825,1.);
#5825 = DIRECTION('',(-5.19458519614E-02,0.121869343405,0.991185901636)
  );
#5826 = CYLINDRICAL_SURFACE('',#5827,0.40259);
#5827 = AXIS2_PLACEMENT_3D('',#5828,#5829,#5830);
#5828 = CARTESIAN_POINT('',(144.79467370781,58.676267261801,
    8.532101312064));
#5829 = DIRECTION('',(-5.19458519614E-02,0.121869343405,0.991185901636)
  );
#5830 = DIRECTION('',(-0.998629534755,-1.413873079185E-16,
    -5.233595624294E-02));
#5831 = ADVANCED_FACE('',(#5832),#5868,.T.);
#5832 = FACE_BOUND('',#5833,.T.);
#5833 = EDGE_LOOP('',(#5834,#5845,#5853,#5862));
#5834 = ORIENTED_EDGE('',*,*,#5835,.T.);
#5835 = EDGE_CURVE('',#5836,#5838,#5840,.T.);
#5836 = VERTEX_POINT('',#5837);
#5837 = CARTESIAN_POINT('',(144.44034304627,58.564341207737,
    7.600716088371));
#5838 = VERTEX_POINT('',#5839);
#5839 = CARTESIAN_POINT('',(145.24441957506,58.564341207737,
    7.642855953619));
#5840 = CIRCLE('',#5841,0.40259);
#5841 = AXIS2_PLACEMENT_3D('',#5842,#5843,#5844);
#5842 = CARTESIAN_POINT('',(144.84238131066,58.564341207737,
    7.621786020995));
#5843 = DIRECTION('',(-5.19458519614E-02,0.121869343405,0.991185901636)
  );
#5844 = DIRECTION('',(-0.998629534755,-1.413873079185E-16,
    -5.233595624294E-02));
#5845 = ORIENTED_EDGE('',*,*,#5846,.T.);
#5846 = EDGE_CURVE('',#5838,#5847,#5849,.T.);
#5847 = VERTEX_POINT('',#5848);
#5848 = CARTESIAN_POINT('',(145.2781472752,58.583402822127,
    7.800080987567));
#5849 = LINE('',#5850,#5851);
#5850 = CARTESIAN_POINT('',(145.24441957506,58.564341207737,
    7.642855953619));
#5851 = VECTOR('',#5852,1.);
#5852 = DIRECTION('',(0.208288502618,0.117716746228,0.970957603263));
#5853 = ORIENTED_EDGE('',*,*,#5854,.F.);
#5854 = EDGE_CURVE('',#5855,#5847,#5857,.T.);
#5855 = VERTEX_POINT('',#5856);
#5856 = CARTESIAN_POINT('',(144.39036561881,58.583402822127,
    7.753554322467));
#5857 = CIRCLE('',#5858,0.4445);
#5858 = AXIS2_PLACEMENT_3D('',#5859,#5860,#5861);
#5859 = CARTESIAN_POINT('',(144.83425644701,58.583402822127,
    7.776817655017));
#5860 = DIRECTION('',(-5.19458519614E-02,0.121869343405,0.991185901636)
  );
#5861 = DIRECTION('',(-0.998629534755,-1.413873079185E-16,
    -5.233595624294E-02));
#5862 = ORIENTED_EDGE('',*,*,#5863,.F.);
#5863 = EDGE_CURVE('',#5836,#5855,#5864,.T.);
#5864 = LINE('',#5865,#5866);
#5865 = CARTESIAN_POINT('',(144.44034304627,58.564341207737,
    7.600716088371));
#5866 = VECTOR('',#5867,1.);
#5867 = DIRECTION('',(-0.308640182574,0.117716746228,0.943866518825));
#5868 = CONICAL_SURFACE('',#5869,0.40259,0.261799387799);
#5869 = AXIS2_PLACEMENT_3D('',#5870,#5871,#5872);
#5870 = CARTESIAN_POINT('',(144.84238131066,58.564341207737,
    7.621786020995));
#5871 = DIRECTION('',(-5.19458519614E-02,0.121869343405,0.991185901636)
  );
#5872 = DIRECTION('',(-0.998629534755,-1.413873079185E-16,
    -5.233595624294E-02));
#5873 = ADVANCED_FACE('',(#5874),#5900,.T.);
#5874 = FACE_BOUND('',#5875,.T.);
#5875 = EDGE_LOOP('',(#5876,#5887,#5893,#5894));
#5876 = ORIENTED_EDGE('',*,*,#5877,.T.);
#5877 = EDGE_CURVE('',#5878,#5880,#5882,.T.);
#5878 = VERTEX_POINT('',#5879);
#5879 = CARTESIAN_POINT('',(144.51666135956,58.385292017487,
    6.144475920694));
#5880 = VERTEX_POINT('',#5881);
#5881 = CARTESIAN_POINT('',(145.32073788835,58.385292017487,
    6.186615785942));
#5882 = CIRCLE('',#5883,0.40259);
#5883 = AXIS2_PLACEMENT_3D('',#5884,#5885,#5886);
#5884 = CARTESIAN_POINT('',(144.91869962395,58.385292017487,
    6.165545853318));
#5885 = DIRECTION('',(-5.19458519614E-02,0.121869343405,0.991185901636)
  );
#5886 = DIRECTION('',(-0.998629534755,-1.413873079185E-16,
    -5.233595624294E-02));
#5887 = ORIENTED_EDGE('',*,*,#5888,.T.);
#5888 = EDGE_CURVE('',#5880,#5838,#5889,.T.);
#5889 = LINE('',#5890,#5891);
#5890 = CARTESIAN_POINT('',(145.19671197221,58.676267261801,
    8.553171244688));
#5891 = VECTOR('',#5892,1.);
#5892 = DIRECTION('',(-5.19458519614E-02,0.121869343405,0.991185901636)
  );
#5893 = ORIENTED_EDGE('',*,*,#5835,.F.);
#5894 = ORIENTED_EDGE('',*,*,#5895,.F.);
#5895 = EDGE_CURVE('',#5878,#5836,#5896,.T.);
#5896 = LINE('',#5897,#5898);
#5897 = CARTESIAN_POINT('',(144.39263544341,58.676267261801,
    8.51103137944));
#5898 = VECTOR('',#5899,1.);
#5899 = DIRECTION('',(-5.19458519614E-02,0.121869343405,0.991185901636)
  );
#5900 = CYLINDRICAL_SURFACE('',#5901,0.40259);
#5901 = AXIS2_PLACEMENT_3D('',#5902,#5903,#5904);
#5902 = CARTESIAN_POINT('',(144.79467370781,58.676267261801,
    8.532101312064));
#5903 = DIRECTION('',(-5.19458519614E-02,0.121869343405,0.991185901636)
  );
#5904 = DIRECTION('',(-0.998629534755,-1.413873079185E-16,
    -5.233595624294E-02));
#5905 = ADVANCED_FACE('',(#5906),#5932,.T.);
#5906 = FACE_BOUND('',#5907,.T.);
#5907 = EDGE_LOOP('',(#5908,#5919,#5925,#5926));
#5908 = ORIENTED_EDGE('',*,*,#5909,.T.);
#5909 = EDGE_CURVE('',#5910,#5912,#5914,.T.);
#5910 = VERTEX_POINT('',#5911);
#5911 = CARTESIAN_POINT('',(144.59671520402,58.37600557352,
    6.072935554855));
#5912 = VERTEX_POINT('',#5913);
#5913 = CARTESIAN_POINT('',(145.24860059172,58.37600557352,
    6.107099420371));
#5914 = CIRCLE('',#5915,0.32639);
#5915 = AXIS2_PLACEMENT_3D('',#5916,#5917,#5918);
#5916 = CARTESIAN_POINT('',(144.92265789787,58.37600557352,
    6.090017487613));
#5917 = DIRECTION('',(-5.19458519614E-02,0.121869343405,0.991185901636)
  );
#5918 = DIRECTION('',(-0.998629534755,-1.413873079185E-16,
    -5.233595624294E-02));
#5919 = ORIENTED_EDGE('',*,*,#5920,.T.);
#5920 = EDGE_CURVE('',#5912,#5880,#5921,.T.);
#5921 = LINE('',#5922,#5923);
#5922 = CARTESIAN_POINT('',(145.24860059172,58.37600557352,
    6.107099420371));
#5923 = VECTOR('',#5924,1.);
#5924 = DIRECTION('',(0.669406451742,8.617463914053E-02,0.737881382023)
  );
#5925 = ORIENTED_EDGE('',*,*,#5877,.F.);
#5926 = ORIENTED_EDGE('',*,*,#5927,.F.);
#5927 = EDGE_CURVE('',#5910,#5878,#5928,.T.);
#5928 = LINE('',#5929,#5930);
#5929 = CARTESIAN_POINT('',(144.59671520402,58.37600557352,
    6.072935554855));
#5930 = VECTOR('',#5931,1.);
#5931 = DIRECTION('',(-0.742868980095,8.617463914053E-02,0.663867162904)
  );
#5932 = CONICAL_SURFACE('',#5933,0.32639,0.785398163397);
#5933 = AXIS2_PLACEMENT_3D('',#5934,#5935,#5936);
#5934 = CARTESIAN_POINT('',(144.92265789787,58.37600557352,
    6.090017487613));
#5935 = DIRECTION('',(-5.19458519614E-02,0.121869343405,0.991185901636)
  );
#5936 = DIRECTION('',(-0.998629534755,-1.413873079185E-16,
    -5.233595624294E-02));
#5937 = ADVANCED_FACE('',(#5938),#5956,.T.);
#5938 = FACE_BOUND('',#5939,.T.);
#5939 = EDGE_LOOP('',(#5940,#5941,#5948,#5949));
#5940 = ORIENTED_EDGE('',*,*,#5920,.F.);
#5941 = ORIENTED_EDGE('',*,*,#5942,.T.);
#5942 = EDGE_CURVE('',#5912,#5910,#5943,.T.);
#5943 = CIRCLE('',#5944,0.32639);
#5944 = AXIS2_PLACEMENT_3D('',#5945,#5946,#5947);
#5945 = CARTESIAN_POINT('',(144.92265789787,58.37600557352,
    6.090017487613));
#5946 = DIRECTION('',(-5.19458519614E-02,0.121869343405,0.991185901636)
  );
#5947 = DIRECTION('',(-0.998629534755,-1.413873079185E-16,
    -5.233595624294E-02));
#5948 = ORIENTED_EDGE('',*,*,#5927,.T.);
#5949 = ORIENTED_EDGE('',*,*,#5950,.F.);
#5950 = EDGE_CURVE('',#5880,#5878,#5951,.T.);
#5951 = CIRCLE('',#5952,0.40259);
#5952 = AXIS2_PLACEMENT_3D('',#5953,#5954,#5955);
#5953 = CARTESIAN_POINT('',(144.91869962395,58.385292017487,
    6.165545853318));
#5954 = DIRECTION('',(-5.19458519614E-02,0.121869343405,0.991185901636)
  );
#5955 = DIRECTION('',(-0.998629534755,-1.413873079185E-16,
    -5.233595624294E-02));
#5956 = CONICAL_SURFACE('',#5957,0.32639,0.785398163397);
#5957 = AXIS2_PLACEMENT_3D('',#5958,#5959,#5960);
#5958 = CARTESIAN_POINT('',(144.92265789787,58.37600557352,
    6.090017487613));
#5959 = DIRECTION('',(-5.19458519614E-02,0.121869343405,0.991185901636)
  );
#5960 = DIRECTION('',(-0.998629534755,-1.413873079185E-16,
    -5.233595624294E-02));
#5961 = ADVANCED_FACE('',(#5962),#5974,.T.);
#5962 = FACE_BOUND('',#5963,.T.);
#5963 = EDGE_LOOP('',(#5964,#5965,#5966,#5967));
#5964 = ORIENTED_EDGE('',*,*,#5888,.F.);
#5965 = ORIENTED_EDGE('',*,*,#5950,.T.);
#5966 = ORIENTED_EDGE('',*,*,#5895,.T.);
#5967 = ORIENTED_EDGE('',*,*,#5968,.F.);
#5968 = EDGE_CURVE('',#5838,#5836,#5969,.T.);
#5969 = CIRCLE('',#5970,0.40259);
#5970 = AXIS2_PLACEMENT_3D('',#5971,#5972,#5973);
#5971 = CARTESIAN_POINT('',(144.84238131066,58.564341207737,
    7.621786020995));
#5972 = DIRECTION('',(-5.19458519614E-02,0.121869343405,0.991185901636)
  );
#5973 = DIRECTION('',(-0.998629534755,-1.413873079185E-16,
    -5.233595624294E-02));
#5974 = CYLINDRICAL_SURFACE('',#5975,0.40259);
#5975 = AXIS2_PLACEMENT_3D('',#5976,#5977,#5978);
#5976 = CARTESIAN_POINT('',(144.79467370781,58.676267261801,
    8.532101312064));
#5977 = DIRECTION('',(-5.19458519614E-02,0.121869343405,0.991185901636)
  );
#5978 = DIRECTION('',(-0.998629534755,-1.413873079185E-16,
    -5.233595624294E-02));
#5979 = ADVANCED_FACE('',(#5980),#5992,.T.);
#5980 = FACE_BOUND('',#5981,.T.);
#5981 = EDGE_LOOP('',(#5982,#5983,#5984,#5985));
#5982 = ORIENTED_EDGE('',*,*,#5846,.F.);
#5983 = ORIENTED_EDGE('',*,*,#5968,.T.);
#5984 = ORIENTED_EDGE('',*,*,#5863,.T.);
#5985 = ORIENTED_EDGE('',*,*,#5986,.F.);
#5986 = EDGE_CURVE('',#5847,#5855,#5987,.T.);
#5987 = CIRCLE('',#5988,0.4445);
#5988 = AXIS2_PLACEMENT_3D('',#5989,#5990,#5991);
#5989 = CARTESIAN_POINT('',(144.83425644701,58.583402822127,
    7.776817655017));
#5990 = DIRECTION('',(-5.19458519614E-02,0.121869343405,0.991185901636)
  );
#5991 = DIRECTION('',(-0.998629534755,-1.413873079185E-16,
    -5.233595624294E-02));
#5992 = CONICAL_SURFACE('',#5993,0.40259,0.261799387799);
#5993 = AXIS2_PLACEMENT_3D('',#5994,#5995,#5996);
#5994 = CARTESIAN_POINT('',(144.84238131066,58.564341207737,
    7.621786020995));
#5995 = DIRECTION('',(-5.19458519614E-02,0.121869343405,0.991185901636)
  );
#5996 = DIRECTION('',(-0.998629534755,-1.413873079185E-16,
    -5.233595624294E-02));
#5997 = ADVANCED_FACE('',(#5998,#6008),#6012,.F.);
#5998 = FACE_BOUND('',#5999,.T.);
#5999 = EDGE_LOOP('',(#6000,#6001));
#6000 = ORIENTED_EDGE('',*,*,#5793,.F.);
#6001 = ORIENTED_EDGE('',*,*,#6002,.F.);
#6002 = EDGE_CURVE('',#5796,#5794,#6003,.T.);
#6003 = CIRCLE('',#6004,0.40259);
#6004 = AXIS2_PLACEMENT_3D('',#6005,#6006,#6007);
#6005 = CARTESIAN_POINT('',(144.83425644701,58.583402822127,
    7.776817655017));
#6006 = DIRECTION('',(-5.19458519614E-02,0.121869343405,0.991185901636)
  );
#6007 = DIRECTION('',(-0.998629534755,-1.413873079185E-16,
    -5.233595624294E-02));
#6008 = FACE_BOUND('',#6009,.T.);
#6009 = EDGE_LOOP('',(#6010,#6011));
#6010 = ORIENTED_EDGE('',*,*,#5854,.T.);
#6011 = ORIENTED_EDGE('',*,*,#5986,.T.);
#6012 = PLANE('',#6013);
#6013 = AXIS2_PLACEMENT_3D('',#6014,#6015,#6016);
#6014 = CARTESIAN_POINT('',(144.83168866815,58.183813666937,
    7.825813794323));
#6015 = DIRECTION('',(5.19458519614E-02,-0.121869343405,-0.991185901636)
  );
#6016 = DIRECTION('',(0.998629534755,1.413873079185E-16,
    5.233595624294E-02));
#6017 = ADVANCED_FACE('',(#6018),#6030,.T.);
#6018 = FACE_BOUND('',#6019,.T.);
#6019 = EDGE_LOOP('',(#6020,#6021,#6022,#6023));
#6020 = ORIENTED_EDGE('',*,*,#5804,.F.);
#6021 = ORIENTED_EDGE('',*,*,#6002,.T.);
#6022 = ORIENTED_EDGE('',*,*,#5821,.T.);
#6023 = ORIENTED_EDGE('',*,*,#6024,.F.);
#6024 = EDGE_CURVE('',#5805,#5813,#6025,.T.);
#6025 = CIRCLE('',#6026,0.40259);
#6026 = AXIS2_PLACEMENT_3D('',#6027,#6028,#6029);
#6027 = CARTESIAN_POINT('',(144.80786795421,58.645312448577,
    8.280340093049));
#6028 = DIRECTION('',(-5.19458519614E-02,0.121869343405,0.991185901636)
  );
#6029 = DIRECTION('',(-0.998629534755,-1.413873079185E-16,
    -5.233595624294E-02));
#6030 = CYLINDRICAL_SURFACE('',#6031,0.40259);
#6031 = AXIS2_PLACEMENT_3D('',#6032,#6033,#6034);
#6032 = CARTESIAN_POINT('',(144.79467370781,58.676267261801,
    8.532101312064));
#6033 = DIRECTION('',(-5.19458519614E-02,0.121869343405,0.991185901636)
  );
#6034 = DIRECTION('',(-0.998629534755,-1.413873079185E-16,
    -5.233595624294E-02));
#6035 = ADVANCED_FACE('',(#6036,#6046),#6050,.F.);
#6036 = FACE_BOUND('',#6037,.T.);
#6037 = EDGE_LOOP('',(#6038,#6039));
#6038 = ORIENTED_EDGE('',*,*,#5751,.F.);
#6039 = ORIENTED_EDGE('',*,*,#6040,.F.);
#6040 = EDGE_CURVE('',#5754,#5752,#6041,.T.);
#6041 = CIRCLE('',#6042,0.5334);
#6042 = AXIS2_PLACEMENT_3D('',#6043,#6044,#6045);
#6043 = CARTESIAN_POINT('',(144.80786795421,58.645312448577,
    8.280340093049));
#6044 = DIRECTION('',(-5.19458519614E-02,0.121869343405,0.991185901636)
  );
#6045 = DIRECTION('',(-0.998629534755,-1.413873079185E-16,
    -5.233595624294E-02));
#6046 = FACE_BOUND('',#6047,.T.);
#6047 = EDGE_LOOP('',(#6048,#6049));
#6048 = ORIENTED_EDGE('',*,*,#5812,.T.);
#6049 = ORIENTED_EDGE('',*,*,#6024,.T.);
#6050 = PLANE('',#6051);
#6051 = AXIS2_PLACEMENT_3D('',#6052,#6053,#6054);
#6052 = CARTESIAN_POINT('',(144.80446584973,58.115888331291,
    8.34525611358));
#6053 = DIRECTION('',(-5.19458519614E-02,0.121869343405,0.991185901636)
  );
#6054 = DIRECTION('',(-0.998629534755,-1.413873079185E-16,
    -5.233595624294E-02));
#6055 = ADVANCED_FACE('',(#6056),#6068,.T.);
#6056 = FACE_BOUND('',#6057,.T.);
#6057 = EDGE_LOOP('',(#6058,#6059,#6060,#6061));
#6058 = ORIENTED_EDGE('',*,*,#5762,.F.);
#6059 = ORIENTED_EDGE('',*,*,#6040,.T.);
#6060 = ORIENTED_EDGE('',*,*,#5779,.T.);
#6061 = ORIENTED_EDGE('',*,*,#6062,.F.);
#6062 = EDGE_CURVE('',#5763,#5771,#6063,.T.);
#6063 = CIRCLE('',#6064,0.5334);
#6064 = AXIS2_PLACEMENT_3D('',#6065,#6066,#6067);
#6065 = CARTESIAN_POINT('',(144.79467370781,58.676267261801,
    8.532101312064));
#6066 = DIRECTION('',(-5.19458519614E-02,0.121869343405,0.991185901636)
  );
#6067 = DIRECTION('',(-0.998629534755,-1.413873079185E-16,
    -5.233595624294E-02));
#6068 = CYLINDRICAL_SURFACE('',#6069,0.5334);
#6069 = AXIS2_PLACEMENT_3D('',#6070,#6071,#6072);
#6070 = CARTESIAN_POINT('',(144.79467370781,58.676267261801,
    8.532101312064));
#6071 = DIRECTION('',(-5.19458519614E-02,0.121869343405,0.991185901636)
  );
#6072 = DIRECTION('',(-0.998629534755,-1.413873079185E-16,
    -5.233595624294E-02));
#6073 = ADVANCED_FACE('',(#6074),#6078,.F.);
#6074 = FACE_BOUND('',#6075,.T.);
#6075 = EDGE_LOOP('',(#6076,#6077));
#6076 = ORIENTED_EDGE('',*,*,#5770,.T.);
#6077 = ORIENTED_EDGE('',*,*,#6062,.T.);
#6078 = PLANE('',#6079);
#6079 = AXIS2_PLACEMENT_3D('',#6080,#6081,#6082);
#6080 = CARTESIAN_POINT('',(144.79467370781,58.676267261801,
    8.532101312064));
#6081 = DIRECTION('',(5.19458519614E-02,-0.121869343405,-0.991185901636)
  );
#6082 = DIRECTION('',(0.998629534755,1.413873079185E-16,
    5.233595624294E-02));
#6083 = ADVANCED_FACE('',(#6084),#6088,.F.);
#6084 = FACE_BOUND('',#6085,.T.);
#6085 = EDGE_LOOP('',(#6086,#6087));
#6086 = ORIENTED_EDGE('',*,*,#5909,.F.);
#6087 = ORIENTED_EDGE('',*,*,#5942,.F.);
#6088 = PLANE('',#6089);
#6089 = AXIS2_PLACEMENT_3D('',#6090,#6091,#6092);
#6090 = CARTESIAN_POINT('',(144.92057613394,58.052048435086,6.1297399097
    ));
#6091 = DIRECTION('',(-5.19458519614E-02,0.121869343405,0.991185901636)
  );
#6092 = DIRECTION('',(-0.998629534755,-1.413873079185E-16,
    -5.233595624294E-02));
#6093 = MANIFOLD_SOLID_BREP('',#6094);
#6094 = CLOSED_SHELL('',(#6095,#6137,#6179,#6221,#6253,#6285,#6309,#6327
    ,#6345,#6365,#6383,#6403,#6421,#6431));
#6095 = ADVANCED_FACE('',(#6096),#6132,.T.);
#6096 = FACE_BOUND('',#6097,.T.);
#6097 = EDGE_LOOP('',(#6098,#6109,#6117,#6126));
#6098 = ORIENTED_EDGE('',*,*,#6099,.T.);
#6099 = EDGE_CURVE('',#6100,#6102,#6104,.T.);
#6100 = VERTEX_POINT('',#6101);
#6101 = CARTESIAN_POINT('',(144.26709871162,57.384778835992,
    8.406986047635));
#6102 = VERTEX_POINT('',#6103);
#6103 = CARTESIAN_POINT('',(145.33243669929,57.384778835992,
    8.462818045755));
#6104 = CIRCLE('',#6105,0.5334);
#6105 = AXIS2_PLACEMENT_3D('',#6106,#6107,#6108);
#6106 = CARTESIAN_POINT('',(144.79976770546,57.384778835992,
    8.434902046695));
#6107 = DIRECTION('',(-5.19458519614E-02,0.121869343405,0.991185901636)
  );
#6108 = DIRECTION('',(-0.998629534755,-1.413873079185E-16,
    -5.233595624294E-02));
#6109 = ORIENTED_EDGE('',*,*,#6110,.T.);
#6110 = EDGE_CURVE('',#6102,#6111,#6113,.T.);
#6111 = VERTEX_POINT('',#6112);
#6112 = CARTESIAN_POINT('',(145.3192424529,57.415733649217,8.71457926477
    ));
#6113 = LINE('',#6114,#6115);
#6114 = CARTESIAN_POINT('',(145.3192424529,57.415733649217,8.71457926477
    ));
#6115 = VECTOR('',#6116,1.);
#6116 = DIRECTION('',(-5.19458519614E-02,0.121869343405,0.991185901636)
  );
#6117 = ORIENTED_EDGE('',*,*,#6118,.F.);
#6118 = EDGE_CURVE('',#6119,#6111,#6121,.T.);
#6119 = VERTEX_POINT('',#6120);
#6120 = CARTESIAN_POINT('',(144.25390446522,57.415733649217,
    8.65874726665));
#6121 = CIRCLE('',#6122,0.5334);
#6122 = AXIS2_PLACEMENT_3D('',#6123,#6124,#6125);
#6123 = CARTESIAN_POINT('',(144.78657345906,57.415733649217,
    8.68666326571));
#6124 = DIRECTION('',(-5.19458519614E-02,0.121869343405,0.991185901636)
  );
#6125 = DIRECTION('',(-0.998629534755,-1.413873079185E-16,
    -5.233595624294E-02));
#6126 = ORIENTED_EDGE('',*,*,#6127,.F.);
#6127 = EDGE_CURVE('',#6100,#6119,#6128,.T.);
#6128 = LINE('',#6129,#6130);
#6129 = CARTESIAN_POINT('',(144.25390446522,57.415733649217,
    8.65874726665));
#6130 = VECTOR('',#6131,1.);
#6131 = DIRECTION('',(-5.19458519614E-02,0.121869343405,0.991185901636)
  );
#6132 = CYLINDRICAL_SURFACE('',#6133,0.5334);
#6133 = AXIS2_PLACEMENT_3D('',#6134,#6135,#6136);
#6134 = CARTESIAN_POINT('',(144.78657345906,57.415733649217,
    8.68666326571));
#6135 = DIRECTION('',(-5.19458519614E-02,0.121869343405,0.991185901636)
  );
#6136 = DIRECTION('',(-0.998629534755,-1.413873079185E-16,
    -5.233595624294E-02));
#6137 = ADVANCED_FACE('',(#6138),#6174,.T.);
#6138 = FACE_BOUND('',#6139,.T.);
#6139 = EDGE_LOOP('',(#6140,#6151,#6159,#6168));
#6140 = ORIENTED_EDGE('',*,*,#6141,.T.);
#6141 = EDGE_CURVE('',#6142,#6144,#6146,.T.);
#6142 = VERTEX_POINT('',#6143);
#6143 = CARTESIAN_POINT('',(144.42411793386,57.322869209542,
    7.91030967604));
#6144 = VERTEX_POINT('',#6145);
#6145 = CARTESIAN_POINT('',(145.22819446265,57.322869209542,
    7.952449541287));
#6146 = CIRCLE('',#6147,0.40259);
#6147 = AXIS2_PLACEMENT_3D('',#6148,#6149,#6150);
#6148 = CARTESIAN_POINT('',(144.82615619825,57.322869209542,
    7.931379608663));
#6149 = DIRECTION('',(-5.19458519614E-02,0.121869343405,0.991185901636)
  );
#6150 = DIRECTION('',(-0.998629534755,-1.413873079185E-16,
    -5.233595624294E-02));
#6151 = ORIENTED_EDGE('',*,*,#6152,.T.);
#6152 = EDGE_CURVE('',#6144,#6153,#6155,.T.);
#6153 = VERTEX_POINT('',#6154);
#6154 = CARTESIAN_POINT('',(145.20180596985,57.384778835992,
    8.455971979318));
#6155 = LINE('',#6156,#6157);
#6156 = CARTESIAN_POINT('',(145.18861172346,57.415733649217,
    8.707733198334));
#6157 = VECTOR('',#6158,1.);
#6158 = DIRECTION('',(-5.19458519614E-02,0.121869343405,0.991185901636)
  );
#6159 = ORIENTED_EDGE('',*,*,#6160,.F.);
#6160 = EDGE_CURVE('',#6161,#6153,#6163,.T.);
#6161 = VERTEX_POINT('',#6162);
#6162 = CARTESIAN_POINT('',(144.39772944106,57.384778835992,
    8.413832114071));
#6163 = CIRCLE('',#6164,0.40259);
#6164 = AXIS2_PLACEMENT_3D('',#6165,#6166,#6167);
#6165 = CARTESIAN_POINT('',(144.79976770546,57.384778835992,
    8.434902046695));
#6166 = DIRECTION('',(-5.19458519614E-02,0.121869343405,0.991185901636)
  );
#6167 = DIRECTION('',(-0.998629534755,-1.413873079185E-16,
    -5.233595624294E-02));
#6168 = ORIENTED_EDGE('',*,*,#6169,.F.);
#6169 = EDGE_CURVE('',#6142,#6161,#6170,.T.);
#6170 = LINE('',#6171,#6172);
#6171 = CARTESIAN_POINT('',(144.38453519466,57.415733649217,
    8.665593333086));
#6172 = VECTOR('',#6173,1.);
#6173 = DIRECTION('',(-5.19458519614E-02,0.121869343405,0.991185901636)
  );
#6174 = CYLINDRICAL_SURFACE('',#6175,0.40259);
#6175 = AXIS2_PLACEMENT_3D('',#6176,#6177,#6178);
#6176 = CARTESIAN_POINT('',(144.78657345906,57.415733649217,
    8.68666326571));
#6177 = DIRECTION('',(-5.19458519614E-02,0.121869343405,0.991185901636)
  );
#6178 = DIRECTION('',(-0.998629534755,-1.413873079185E-16,
    -5.233595624294E-02));
#6179 = ADVANCED_FACE('',(#6180),#6216,.T.);
#6180 = FACE_BOUND('',#6181,.T.);
#6181 = EDGE_LOOP('',(#6182,#6193,#6201,#6210));
#6182 = ORIENTED_EDGE('',*,*,#6183,.T.);
#6183 = EDGE_CURVE('',#6184,#6186,#6188,.T.);
#6184 = VERTEX_POINT('',#6185);
#6185 = CARTESIAN_POINT('',(144.43224279751,57.303807595153,
    7.755278042017));
#6186 = VERTEX_POINT('',#6187);
#6187 = CARTESIAN_POINT('',(145.23631932631,57.303807595153,
    7.797417907265));
#6188 = CIRCLE('',#6189,0.40259);
#6189 = AXIS2_PLACEMENT_3D('',#6190,#6191,#6192);
#6190 = CARTESIAN_POINT('',(144.83428106191,57.303807595153,
    7.776347974641));
#6191 = DIRECTION('',(-5.19458519614E-02,0.121869343405,0.991185901636)
  );
#6192 = DIRECTION('',(-0.998629534755,-1.413873079185E-16,
    -5.233595624294E-02));
#6193 = ORIENTED_EDGE('',*,*,#6194,.T.);
#6194 = EDGE_CURVE('',#6186,#6195,#6197,.T.);
#6195 = VERTEX_POINT('',#6196);
#6196 = CARTESIAN_POINT('',(145.27004702645,57.322869209542,
    7.954642941213));
#6197 = LINE('',#6198,#6199);
#6198 = CARTESIAN_POINT('',(145.23631932631,57.303807595153,
    7.797417907265));
#6199 = VECTOR('',#6200,1.);
#6200 = DIRECTION('',(0.208288502618,0.117716746228,0.970957603263));
#6201 = ORIENTED_EDGE('',*,*,#6202,.F.);
#6202 = EDGE_CURVE('',#6203,#6195,#6205,.T.);
#6203 = VERTEX_POINT('',#6204);
#6204 = CARTESIAN_POINT('',(144.38226537005,57.322869209542,
    7.908116276113));
#6205 = CIRCLE('',#6206,0.4445);
#6206 = AXIS2_PLACEMENT_3D('',#6207,#6208,#6209);
#6207 = CARTESIAN_POINT('',(144.82615619825,57.322869209542,
    7.931379608663));
#6208 = DIRECTION('',(-5.19458519614E-02,0.121869343405,0.991185901636)
  );
#6209 = DIRECTION('',(-0.998629534755,-1.413873079185E-16,
    -5.233595624294E-02));
#6210 = ORIENTED_EDGE('',*,*,#6211,.F.);
#6211 = EDGE_CURVE('',#6184,#6203,#6212,.T.);
#6212 = LINE('',#6213,#6214);
#6213 = CARTESIAN_POINT('',(144.43224279751,57.303807595153,
    7.755278042017));
#6214 = VECTOR('',#6215,1.);
#6215 = DIRECTION('',(-0.308640182574,0.117716746228,0.943866518825));
#6216 = CONICAL_SURFACE('',#6217,0.40259,0.261799387799);
#6217 = AXIS2_PLACEMENT_3D('',#6218,#6219,#6220);
#6218 = CARTESIAN_POINT('',(144.83428106191,57.303807595153,
    7.776347974641));
#6219 = DIRECTION('',(-5.19458519614E-02,0.121869343405,0.991185901636)
  );
#6220 = DIRECTION('',(-0.998629534755,-1.413873079185E-16,
    -5.233595624294E-02));
#6221 = ADVANCED_FACE('',(#6222),#6248,.T.);
#6222 = FACE_BOUND('',#6223,.T.);
#6223 = EDGE_LOOP('',(#6224,#6235,#6241,#6242));
#6224 = ORIENTED_EDGE('',*,*,#6225,.T.);
#6225 = EDGE_CURVE('',#6226,#6228,#6230,.T.);
#6226 = VERTEX_POINT('',#6227);
#6227 = CARTESIAN_POINT('',(144.5085611108,57.124758404903,6.29903787434
    ));
#6228 = VERTEX_POINT('',#6229);
#6229 = CARTESIAN_POINT('',(145.3126376396,57.124758404903,
    6.341177739588));
#6230 = CIRCLE('',#6231,0.40259);
#6231 = AXIS2_PLACEMENT_3D('',#6232,#6233,#6234);
#6232 = CARTESIAN_POINT('',(144.9105993752,57.124758404903,
    6.320107806964));
#6233 = DIRECTION('',(-5.19458519614E-02,0.121869343405,0.991185901636)
  );
#6234 = DIRECTION('',(-0.998629534755,-1.413873079185E-16,
    -5.233595624294E-02));
#6235 = ORIENTED_EDGE('',*,*,#6236,.T.);
#6236 = EDGE_CURVE('',#6228,#6186,#6237,.T.);
#6237 = LINE('',#6238,#6239);
#6238 = CARTESIAN_POINT('',(145.18861172346,57.415733649217,
    8.707733198334));
#6239 = VECTOR('',#6240,1.);
#6240 = DIRECTION('',(-5.19458519614E-02,0.121869343405,0.991185901636)
  );
#6241 = ORIENTED_EDGE('',*,*,#6183,.F.);
#6242 = ORIENTED_EDGE('',*,*,#6243,.F.);
#6243 = EDGE_CURVE('',#6226,#6184,#6244,.T.);
#6244 = LINE('',#6245,#6246);
#6245 = CARTESIAN_POINT('',(144.38453519466,57.415733649217,
    8.665593333086));
#6246 = VECTOR('',#6247,1.);
#6247 = DIRECTION('',(-5.19458519614E-02,0.121869343405,0.991185901636)
  );
#6248 = CYLINDRICAL_SURFACE('',#6249,0.40259);
#6249 = AXIS2_PLACEMENT_3D('',#6250,#6251,#6252);
#6250 = CARTESIAN_POINT('',(144.78657345906,57.415733649217,
    8.68666326571));
#6251 = DIRECTION('',(-5.19458519614E-02,0.121869343405,0.991185901636)
  );
#6252 = DIRECTION('',(-0.998629534755,-1.413873079185E-16,
    -5.233595624294E-02));
#6253 = ADVANCED_FACE('',(#6254),#6280,.T.);
#6254 = FACE_BOUND('',#6255,.T.);
#6255 = EDGE_LOOP('',(#6256,#6267,#6273,#6274));
#6256 = ORIENTED_EDGE('',*,*,#6257,.T.);
#6257 = EDGE_CURVE('',#6258,#6260,#6262,.T.);
#6258 = VERTEX_POINT('',#6259);
#6259 = CARTESIAN_POINT('',(144.58861495527,57.115471960935,
    6.227497508501));
#6260 = VERTEX_POINT('',#6261);
#6261 = CARTESIAN_POINT('',(145.24050034297,57.115471960935,
    6.261661374017));
#6262 = CIRCLE('',#6263,0.32639);
#6263 = AXIS2_PLACEMENT_3D('',#6264,#6265,#6266);
#6264 = CARTESIAN_POINT('',(144.91455764912,57.115471960935,
    6.244579441259));
#6265 = DIRECTION('',(-5.19458519614E-02,0.121869343405,0.991185901636)
  );
#6266 = DIRECTION('',(-0.998629534755,-1.413873079185E-16,
    -5.233595624294E-02));
#6267 = ORIENTED_EDGE('',*,*,#6268,.T.);
#6268 = EDGE_CURVE('',#6260,#6228,#6269,.T.);
#6269 = LINE('',#6270,#6271);
#6270 = CARTESIAN_POINT('',(145.24050034297,57.115471960935,
    6.261661374017));
#6271 = VECTOR('',#6272,1.);
#6272 = DIRECTION('',(0.669406451742,8.617463914053E-02,0.737881382023)
  );
#6273 = ORIENTED_EDGE('',*,*,#6225,.F.);
#6274 = ORIENTED_EDGE('',*,*,#6275,.F.);
#6275 = EDGE_CURVE('',#6258,#6226,#6276,.T.);
#6276 = LINE('',#6277,#6278);
#6277 = CARTESIAN_POINT('',(144.58861495527,57.115471960935,
    6.227497508501));
#6278 = VECTOR('',#6279,1.);
#6279 = DIRECTION('',(-0.742868980095,8.617463914053E-02,0.663867162904)
  );
#6280 = CONICAL_SURFACE('',#6281,0.32639,0.785398163397);
#6281 = AXIS2_PLACEMENT_3D('',#6282,#6283,#6284);
#6282 = CARTESIAN_POINT('',(144.91455764912,57.115471960935,
    6.244579441259));
#6283 = DIRECTION('',(-5.19458519614E-02,0.121869343405,0.991185901636)
  );
#6284 = DIRECTION('',(-0.998629534755,-1.413873079185E-16,
    -5.233595624294E-02));
#6285 = ADVANCED_FACE('',(#6286),#6304,.T.);
#6286 = FACE_BOUND('',#6287,.T.);
#6287 = EDGE_LOOP('',(#6288,#6289,#6296,#6297));
#6288 = ORIENTED_EDGE('',*,*,#6268,.F.);
#6289 = ORIENTED_EDGE('',*,*,#6290,.T.);
#6290 = EDGE_CURVE('',#6260,#6258,#6291,.T.);
#6291 = CIRCLE('',#6292,0.32639);
#6292 = AXIS2_PLACEMENT_3D('',#6293,#6294,#6295);
#6293 = CARTESIAN_POINT('',(144.91455764912,57.115471960935,
    6.244579441259));
#6294 = DIRECTION('',(-5.19458519614E-02,0.121869343405,0.991185901636)
  );
#6295 = DIRECTION('',(-0.998629534755,-1.413873079185E-16,
    -5.233595624294E-02));
#6296 = ORIENTED_EDGE('',*,*,#6275,.T.);
#6297 = ORIENTED_EDGE('',*,*,#6298,.F.);
#6298 = EDGE_CURVE('',#6228,#6226,#6299,.T.);
#6299 = CIRCLE('',#6300,0.40259);
#6300 = AXIS2_PLACEMENT_3D('',#6301,#6302,#6303);
#6301 = CARTESIAN_POINT('',(144.9105993752,57.124758404903,
    6.320107806964));
#6302 = DIRECTION('',(-5.19458519614E-02,0.121869343405,0.991185901636)
  );
#6303 = DIRECTION('',(-0.998629534755,-1.413873079185E-16,
    -5.233595624294E-02));
#6304 = CONICAL_SURFACE('',#6305,0.32639,0.785398163397);
#6305 = AXIS2_PLACEMENT_3D('',#6306,#6307,#6308);
#6306 = CARTESIAN_POINT('',(144.91455764912,57.115471960935,
    6.244579441259));
#6307 = DIRECTION('',(-5.19458519614E-02,0.121869343405,0.991185901636)
  );
#6308 = DIRECTION('',(-0.998629534755,-1.413873079185E-16,
    -5.233595624294E-02));
#6309 = ADVANCED_FACE('',(#6310),#6322,.T.);
#6310 = FACE_BOUND('',#6311,.T.);
#6311 = EDGE_LOOP('',(#6312,#6313,#6314,#6315));
#6312 = ORIENTED_EDGE('',*,*,#6236,.F.);
#6313 = ORIENTED_EDGE('',*,*,#6298,.T.);
#6314 = ORIENTED_EDGE('',*,*,#6243,.T.);
#6315 = ORIENTED_EDGE('',*,*,#6316,.F.);
#6316 = EDGE_CURVE('',#6186,#6184,#6317,.T.);
#6317 = CIRCLE('',#6318,0.40259);
#6318 = AXIS2_PLACEMENT_3D('',#6319,#6320,#6321);
#6319 = CARTESIAN_POINT('',(144.83428106191,57.303807595153,
    7.776347974641));
#6320 = DIRECTION('',(-5.19458519614E-02,0.121869343405,0.991185901636)
  );
#6321 = DIRECTION('',(-0.998629534755,-1.413873079185E-16,
    -5.233595624294E-02));
#6322 = CYLINDRICAL_SURFACE('',#6323,0.40259);
#6323 = AXIS2_PLACEMENT_3D('',#6324,#6325,#6326);
#6324 = CARTESIAN_POINT('',(144.78657345906,57.415733649217,
    8.68666326571));
#6325 = DIRECTION('',(-5.19458519614E-02,0.121869343405,0.991185901636)
  );
#6326 = DIRECTION('',(-0.998629534755,-1.413873079185E-16,
    -5.233595624294E-02));
#6327 = ADVANCED_FACE('',(#6328),#6340,.T.);
#6328 = FACE_BOUND('',#6329,.T.);
#6329 = EDGE_LOOP('',(#6330,#6331,#6332,#6333));
#6330 = ORIENTED_EDGE('',*,*,#6194,.F.);
#6331 = ORIENTED_EDGE('',*,*,#6316,.T.);
#6332 = ORIENTED_EDGE('',*,*,#6211,.T.);
#6333 = ORIENTED_EDGE('',*,*,#6334,.F.);
#6334 = EDGE_CURVE('',#6195,#6203,#6335,.T.);
#6335 = CIRCLE('',#6336,0.4445);
#6336 = AXIS2_PLACEMENT_3D('',#6337,#6338,#6339);
#6337 = CARTESIAN_POINT('',(144.82615619825,57.322869209542,
    7.931379608663));
#6338 = DIRECTION('',(-5.19458519614E-02,0.121869343405,0.991185901636)
  );
#6339 = DIRECTION('',(-0.998629534755,-1.413873079185E-16,
    -5.233595624294E-02));
#6340 = CONICAL_SURFACE('',#6341,0.40259,0.261799387799);
#6341 = AXIS2_PLACEMENT_3D('',#6342,#6343,#6344);
#6342 = CARTESIAN_POINT('',(144.83428106191,57.303807595153,
    7.776347974641));
#6343 = DIRECTION('',(-5.19458519614E-02,0.121869343405,0.991185901636)
  );
#6344 = DIRECTION('',(-0.998629534755,-1.413873079185E-16,
    -5.233595624294E-02));
#6345 = ADVANCED_FACE('',(#6346,#6356),#6360,.F.);
#6346 = FACE_BOUND('',#6347,.T.);
#6347 = EDGE_LOOP('',(#6348,#6349));
#6348 = ORIENTED_EDGE('',*,*,#6141,.F.);
#6349 = ORIENTED_EDGE('',*,*,#6350,.F.);
#6350 = EDGE_CURVE('',#6144,#6142,#6351,.T.);
#6351 = CIRCLE('',#6352,0.40259);
#6352 = AXIS2_PLACEMENT_3D('',#6353,#6354,#6355);
#6353 = CARTESIAN_POINT('',(144.82615619825,57.322869209542,
    7.931379608663));
#6354 = DIRECTION('',(-5.19458519614E-02,0.121869343405,0.991185901636)
  );
#6355 = DIRECTION('',(-0.998629534755,-1.413873079185E-16,
    -5.233595624294E-02));
#6356 = FACE_BOUND('',#6357,.T.);
#6357 = EDGE_LOOP('',(#6358,#6359));
#6358 = ORIENTED_EDGE('',*,*,#6202,.T.);
#6359 = ORIENTED_EDGE('',*,*,#6334,.T.);
#6360 = PLANE('',#6361);
#6361 = AXIS2_PLACEMENT_3D('',#6362,#6363,#6364);
#6362 = CARTESIAN_POINT('',(144.8235884194,56.923280054353,
    7.980375747969));
#6363 = DIRECTION('',(5.19458519614E-02,-0.121869343405,-0.991185901636)
  );
#6364 = DIRECTION('',(0.998629534755,1.413873079185E-16,
    5.233595624294E-02));
#6365 = ADVANCED_FACE('',(#6366),#6378,.T.);
#6366 = FACE_BOUND('',#6367,.T.);
#6367 = EDGE_LOOP('',(#6368,#6369,#6370,#6371));
#6368 = ORIENTED_EDGE('',*,*,#6152,.F.);
#6369 = ORIENTED_EDGE('',*,*,#6350,.T.);
#6370 = ORIENTED_EDGE('',*,*,#6169,.T.);
#6371 = ORIENTED_EDGE('',*,*,#6372,.F.);
#6372 = EDGE_CURVE('',#6153,#6161,#6373,.T.);
#6373 = CIRCLE('',#6374,0.40259);
#6374 = AXIS2_PLACEMENT_3D('',#6375,#6376,#6377);
#6375 = CARTESIAN_POINT('',(144.79976770546,57.384778835992,
    8.434902046695));
#6376 = DIRECTION('',(-5.19458519614E-02,0.121869343405,0.991185901636)
  );
#6377 = DIRECTION('',(-0.998629534755,-1.413873079185E-16,
    -5.233595624294E-02));
#6378 = CYLINDRICAL_SURFACE('',#6379,0.40259);
#6379 = AXIS2_PLACEMENT_3D('',#6380,#6381,#6382);
#6380 = CARTESIAN_POINT('',(144.78657345906,57.415733649217,
    8.68666326571));
#6381 = DIRECTION('',(-5.19458519614E-02,0.121869343405,0.991185901636)
  );
#6382 = DIRECTION('',(-0.998629534755,-1.413873079185E-16,
    -5.233595624294E-02));
#6383 = ADVANCED_FACE('',(#6384,#6394),#6398,.F.);
#6384 = FACE_BOUND('',#6385,.T.);
#6385 = EDGE_LOOP('',(#6386,#6387));
#6386 = ORIENTED_EDGE('',*,*,#6099,.F.);
#6387 = ORIENTED_EDGE('',*,*,#6388,.F.);
#6388 = EDGE_CURVE('',#6102,#6100,#6389,.T.);
#6389 = CIRCLE('',#6390,0.5334);
#6390 = AXIS2_PLACEMENT_3D('',#6391,#6392,#6393);
#6391 = CARTESIAN_POINT('',(144.79976770546,57.384778835992,
    8.434902046695));
#6392 = DIRECTION('',(-5.19458519614E-02,0.121869343405,0.991185901636)
  );
#6393 = DIRECTION('',(-0.998629534755,-1.413873079185E-16,
    -5.233595624294E-02));
#6394 = FACE_BOUND('',#6395,.T.);
#6395 = EDGE_LOOP('',(#6396,#6397));
#6396 = ORIENTED_EDGE('',*,*,#6160,.T.);
#6397 = ORIENTED_EDGE('',*,*,#6372,.T.);
#6398 = PLANE('',#6399);
#6399 = AXIS2_PLACEMENT_3D('',#6400,#6401,#6402);
#6400 = CARTESIAN_POINT('',(144.79636560098,56.855354718707,
    8.499818067226));
#6401 = DIRECTION('',(-5.19458519614E-02,0.121869343405,0.991185901636)
  );
#6402 = DIRECTION('',(-0.998629534755,-1.413873079185E-16,
    -5.233595624294E-02));
#6403 = ADVANCED_FACE('',(#6404),#6416,.T.);
#6404 = FACE_BOUND('',#6405,.T.);
#6405 = EDGE_LOOP('',(#6406,#6407,#6408,#6409));
#6406 = ORIENTED_EDGE('',*,*,#6110,.F.);
#6407 = ORIENTED_EDGE('',*,*,#6388,.T.);
#6408 = ORIENTED_EDGE('',*,*,#6127,.T.);
#6409 = ORIENTED_EDGE('',*,*,#6410,.F.);
#6410 = EDGE_CURVE('',#6111,#6119,#6411,.T.);
#6411 = CIRCLE('',#6412,0.5334);
#6412 = AXIS2_PLACEMENT_3D('',#6413,#6414,#6415);
#6413 = CARTESIAN_POINT('',(144.78657345906,57.415733649217,
    8.68666326571));
#6414 = DIRECTION('',(-5.19458519614E-02,0.121869343405,0.991185901636)
  );
#6415 = DIRECTION('',(-0.998629534755,-1.413873079185E-16,
    -5.233595624294E-02));
#6416 = CYLINDRICAL_SURFACE('',#6417,0.5334);
#6417 = AXIS2_PLACEMENT_3D('',#6418,#6419,#6420);
#6418 = CARTESIAN_POINT('',(144.78657345906,57.415733649217,
    8.68666326571));
#6419 = DIRECTION('',(-5.19458519614E-02,0.121869343405,0.991185901636)
  );
#6420 = DIRECTION('',(-0.998629534755,-1.413873079185E-16,
    -5.233595624294E-02));
#6421 = ADVANCED_FACE('',(#6422),#6426,.F.);
#6422 = FACE_BOUND('',#6423,.T.);
#6423 = EDGE_LOOP('',(#6424,#6425));
#6424 = ORIENTED_EDGE('',*,*,#6118,.T.);
#6425 = ORIENTED_EDGE('',*,*,#6410,.T.);
#6426 = PLANE('',#6427);
#6427 = AXIS2_PLACEMENT_3D('',#6428,#6429,#6430);
#6428 = CARTESIAN_POINT('',(144.78657345906,57.415733649217,
    8.68666326571));
#6429 = DIRECTION('',(5.19458519614E-02,-0.121869343405,-0.991185901636)
  );
#6430 = DIRECTION('',(0.998629534755,1.413873079185E-16,
    5.233595624294E-02));
#6431 = ADVANCED_FACE('',(#6432),#6436,.F.);
#6432 = FACE_BOUND('',#6433,.T.);
#6433 = EDGE_LOOP('',(#6434,#6435));
#6434 = ORIENTED_EDGE('',*,*,#6257,.F.);
#6435 = ORIENTED_EDGE('',*,*,#6290,.F.);
#6436 = PLANE('',#6437);
#6437 = AXIS2_PLACEMENT_3D('',#6438,#6439,#6440);
#6438 = CARTESIAN_POINT('',(144.91247588519,56.791514822501,
    6.284301863346));
#6439 = DIRECTION('',(-5.19458519614E-02,0.121869343405,0.991185901636)
  );
#6440 = DIRECTION('',(-0.998629534755,-1.413873079185E-16,
    -5.233595624294E-02));
#6441 = MANIFOLD_SOLID_BREP('',#6442);
#6442 = CLOSED_SHELL('',(#6443,#6485,#6527,#6569,#6601,#6633,#6657,#6675
    ,#6693,#6713,#6731,#6751,#6769,#6779));
#6443 = ADVANCED_FACE('',(#6444),#6480,.T.);
#6444 = FACE_BOUND('',#6445,.T.);
#6445 = EDGE_LOOP('',(#6446,#6457,#6465,#6474));
#6446 = ORIENTED_EDGE('',*,*,#6447,.T.);
#6447 = EDGE_CURVE('',#6448,#6450,#6452,.T.);
#6448 = VERTEX_POINT('',#6449);
#6449 = CARTESIAN_POINT('',(144.25899846287,56.124245223408,
    8.561548001281));
#6450 = VERTEX_POINT('',#6451);
#6451 = CARTESIAN_POINT('',(145.32433645054,56.124245223408,
    8.617379999401));
#6452 = CIRCLE('',#6453,0.5334);
#6453 = AXIS2_PLACEMENT_3D('',#6454,#6455,#6456);
#6454 = CARTESIAN_POINT('',(144.7916674567,56.124245223408,
    8.589464000341));
#6455 = DIRECTION('',(-5.19458519614E-02,0.121869343405,0.991185901636)
  );
#6456 = DIRECTION('',(-0.998629534755,-1.413873079185E-16,
    -5.233595624294E-02));
#6457 = ORIENTED_EDGE('',*,*,#6458,.T.);
#6458 = EDGE_CURVE('',#6450,#6459,#6461,.T.);
#6459 = VERTEX_POINT('',#6460);
#6460 = CARTESIAN_POINT('',(145.31114220414,56.155200036633,
    8.869141218416));
#6461 = LINE('',#6462,#6463);
#6462 = CARTESIAN_POINT('',(145.31114220414,56.155200036633,
    8.869141218416));
#6463 = VECTOR('',#6464,1.);
#6464 = DIRECTION('',(-5.19458519614E-02,0.121869343405,0.991185901636)
  );
#6465 = ORIENTED_EDGE('',*,*,#6466,.F.);
#6466 = EDGE_CURVE('',#6467,#6459,#6469,.T.);
#6467 = VERTEX_POINT('',#6468);
#6468 = CARTESIAN_POINT('',(144.24580421647,56.155200036633,
    8.813309220296));
#6469 = CIRCLE('',#6470,0.5334);
#6470 = AXIS2_PLACEMENT_3D('',#6471,#6472,#6473);
#6471 = CARTESIAN_POINT('',(144.77847321031,56.155200036633,
    8.841225219356));
#6472 = DIRECTION('',(-5.19458519614E-02,0.121869343405,0.991185901636)
  );
#6473 = DIRECTION('',(-0.998629534755,-1.413873079185E-16,
    -5.233595624294E-02));
#6474 = ORIENTED_EDGE('',*,*,#6475,.F.);
#6475 = EDGE_CURVE('',#6448,#6467,#6476,.T.);
#6476 = LINE('',#6477,#6478);
#6477 = CARTESIAN_POINT('',(144.24580421647,56.155200036633,
    8.813309220296));
#6478 = VECTOR('',#6479,1.);
#6479 = DIRECTION('',(-5.19458519614E-02,0.121869343405,0.991185901636)
  );
#6480 = CYLINDRICAL_SURFACE('',#6481,0.5334);
#6481 = AXIS2_PLACEMENT_3D('',#6482,#6483,#6484);
#6482 = CARTESIAN_POINT('',(144.77847321031,56.155200036633,
    8.841225219356));
#6483 = DIRECTION('',(-5.19458519614E-02,0.121869343405,0.991185901636)
  );
#6484 = DIRECTION('',(-0.998629534755,-1.413873079185E-16,
    -5.233595624294E-02));
#6485 = ADVANCED_FACE('',(#6486),#6522,.T.);
#6486 = FACE_BOUND('',#6487,.T.);
#6487 = EDGE_LOOP('',(#6488,#6499,#6507,#6516));
#6488 = ORIENTED_EDGE('',*,*,#6489,.T.);
#6489 = EDGE_CURVE('',#6490,#6492,#6494,.T.);
#6490 = VERTEX_POINT('',#6491);
#6491 = CARTESIAN_POINT('',(144.4160176851,56.062335596958,
    8.064871629686));
#6492 = VERTEX_POINT('',#6493);
#6493 = CARTESIAN_POINT('',(145.2200942139,56.062335596958,
    8.107011494933));
#6494 = CIRCLE('',#6495,0.40259);
#6495 = AXIS2_PLACEMENT_3D('',#6496,#6497,#6498);
#6496 = CARTESIAN_POINT('',(144.8180559495,56.062335596958,
    8.085941562309));
#6497 = DIRECTION('',(-5.19458519614E-02,0.121869343405,0.991185901636)
  );
#6498 = DIRECTION('',(-0.998629534755,-1.413873079185E-16,
    -5.233595624294E-02));
#6499 = ORIENTED_EDGE('',*,*,#6500,.T.);
#6500 = EDGE_CURVE('',#6492,#6501,#6503,.T.);
#6501 = VERTEX_POINT('',#6502);
#6502 = CARTESIAN_POINT('',(145.1937057211,56.124245223408,
    8.610533932964));
#6503 = LINE('',#6504,#6505);
#6504 = CARTESIAN_POINT('',(145.1805114747,56.155200036633,8.86229515198
    ));
#6505 = VECTOR('',#6506,1.);
#6506 = DIRECTION('',(-5.19458519614E-02,0.121869343405,0.991185901636)
  );
#6507 = ORIENTED_EDGE('',*,*,#6508,.F.);
#6508 = EDGE_CURVE('',#6509,#6501,#6511,.T.);
#6509 = VERTEX_POINT('',#6510);
#6510 = CARTESIAN_POINT('',(144.38962919231,56.124245223408,
    8.568394067717));
#6511 = CIRCLE('',#6512,0.40259);
#6512 = AXIS2_PLACEMENT_3D('',#6513,#6514,#6515);
#6513 = CARTESIAN_POINT('',(144.7916674567,56.124245223408,
    8.589464000341));
#6514 = DIRECTION('',(-5.19458519614E-02,0.121869343405,0.991185901636)
  );
#6515 = DIRECTION('',(-0.998629534755,-1.413873079185E-16,
    -5.233595624294E-02));
#6516 = ORIENTED_EDGE('',*,*,#6517,.F.);
#6517 = EDGE_CURVE('',#6490,#6509,#6518,.T.);
#6518 = LINE('',#6519,#6520);
#6519 = CARTESIAN_POINT('',(144.37643494591,56.155200036633,
    8.820155286732));
#6520 = VECTOR('',#6521,1.);
#6521 = DIRECTION('',(-5.19458519614E-02,0.121869343405,0.991185901636)
  );
#6522 = CYLINDRICAL_SURFACE('',#6523,0.40259);
#6523 = AXIS2_PLACEMENT_3D('',#6524,#6525,#6526);
#6524 = CARTESIAN_POINT('',(144.77847321031,56.155200036633,
    8.841225219356));
#6525 = DIRECTION('',(-5.19458519614E-02,0.121869343405,0.991185901636)
  );
#6526 = DIRECTION('',(-0.998629534755,-1.413873079185E-16,
    -5.233595624294E-02));
#6527 = ADVANCED_FACE('',(#6528),#6564,.T.);
#6528 = FACE_BOUND('',#6529,.T.);
#6529 = EDGE_LOOP('',(#6530,#6541,#6549,#6558));
#6530 = ORIENTED_EDGE('',*,*,#6531,.T.);
#6531 = EDGE_CURVE('',#6532,#6534,#6536,.T.);
#6532 = VERTEX_POINT('',#6533);
#6533 = CARTESIAN_POINT('',(144.42414254876,56.043273982568,
    7.909839995663));
#6534 = VERTEX_POINT('',#6535);
#6535 = CARTESIAN_POINT('',(145.22821907756,56.043273982568,
    7.951979860911));
#6536 = CIRCLE('',#6537,0.40259);
#6537 = AXIS2_PLACEMENT_3D('',#6538,#6539,#6540);
#6538 = CARTESIAN_POINT('',(144.82618081316,56.043273982568,
    7.930909928287));
#6539 = DIRECTION('',(-5.19458519614E-02,0.121869343405,0.991185901636)
  );
#6540 = DIRECTION('',(-0.998629534755,-1.413873079185E-16,
    -5.233595624294E-02));
#6541 = ORIENTED_EDGE('',*,*,#6542,.T.);
#6542 = EDGE_CURVE('',#6534,#6543,#6545,.T.);
#6543 = VERTEX_POINT('',#6544);
#6544 = CARTESIAN_POINT('',(145.2619467777,56.062335596958,
    8.109204894859));
#6545 = LINE('',#6546,#6547);
#6546 = CARTESIAN_POINT('',(145.22821907756,56.043273982568,
    7.951979860911));
#6547 = VECTOR('',#6548,1.);
#6548 = DIRECTION('',(0.208288502618,0.117716746228,0.970957603263));
#6549 = ORIENTED_EDGE('',*,*,#6550,.F.);
#6550 = EDGE_CURVE('',#6551,#6543,#6553,.T.);
#6551 = VERTEX_POINT('',#6552);
#6552 = CARTESIAN_POINT('',(144.3741651213,56.062335596958,8.06267822976
    ));
#6553 = CIRCLE('',#6554,0.4445);
#6554 = AXIS2_PLACEMENT_3D('',#6555,#6556,#6557);
#6555 = CARTESIAN_POINT('',(144.8180559495,56.062335596958,
    8.085941562309));
#6556 = DIRECTION('',(-5.19458519614E-02,0.121869343405,0.991185901636)
  );
#6557 = DIRECTION('',(-0.998629534755,-1.413873079185E-16,
    -5.233595624294E-02));
#6558 = ORIENTED_EDGE('',*,*,#6559,.F.);
#6559 = EDGE_CURVE('',#6532,#6551,#6560,.T.);
#6560 = LINE('',#6561,#6562);
#6561 = CARTESIAN_POINT('',(144.42414254876,56.043273982568,
    7.909839995663));
#6562 = VECTOR('',#6563,1.);
#6563 = DIRECTION('',(-0.308640182574,0.117716746228,0.943866518825));
#6564 = CONICAL_SURFACE('',#6565,0.40259,0.261799387799);
#6565 = AXIS2_PLACEMENT_3D('',#6566,#6567,#6568);
#6566 = CARTESIAN_POINT('',(144.82618081316,56.043273982568,
    7.930909928287));
#6567 = DIRECTION('',(-5.19458519614E-02,0.121869343405,0.991185901636)
  );
#6568 = DIRECTION('',(-0.998629534755,-1.413873079185E-16,
    -5.233595624294E-02));
#6569 = ADVANCED_FACE('',(#6570),#6596,.T.);
#6570 = FACE_BOUND('',#6571,.T.);
#6571 = EDGE_LOOP('',(#6572,#6583,#6589,#6590));
#6572 = ORIENTED_EDGE('',*,*,#6573,.T.);
#6573 = EDGE_CURVE('',#6574,#6576,#6578,.T.);
#6574 = VERTEX_POINT('',#6575);
#6575 = CARTESIAN_POINT('',(144.50046086205,55.864224792318,
    6.453599827986));
#6576 = VERTEX_POINT('',#6577);
#6577 = CARTESIAN_POINT('',(145.30453739085,55.864224792318,
    6.495739693234));
#6578 = CIRCLE('',#6579,0.40259);
#6579 = AXIS2_PLACEMENT_3D('',#6580,#6581,#6582);
#6580 = CARTESIAN_POINT('',(144.90249912645,55.864224792318,
    6.47466976061));
#6581 = DIRECTION('',(-5.19458519614E-02,0.121869343405,0.991185901636)
  );
#6582 = DIRECTION('',(-0.998629534755,-1.413873079185E-16,
    -5.233595624294E-02));
#6583 = ORIENTED_EDGE('',*,*,#6584,.T.);
#6584 = EDGE_CURVE('',#6576,#6534,#6585,.T.);
#6585 = LINE('',#6586,#6587);
#6586 = CARTESIAN_POINT('',(145.1805114747,56.155200036633,8.86229515198
    ));
#6587 = VECTOR('',#6588,1.);
#6588 = DIRECTION('',(-5.19458519614E-02,0.121869343405,0.991185901636)
  );
#6589 = ORIENTED_EDGE('',*,*,#6531,.F.);
#6590 = ORIENTED_EDGE('',*,*,#6591,.F.);
#6591 = EDGE_CURVE('',#6574,#6532,#6592,.T.);
#6592 = LINE('',#6593,#6594);
#6593 = CARTESIAN_POINT('',(144.37643494591,56.155200036633,
    8.820155286732));
#6594 = VECTOR('',#6595,1.);
#6595 = DIRECTION('',(-5.19458519614E-02,0.121869343405,0.991185901636)
  );
#6596 = CYLINDRICAL_SURFACE('',#6597,0.40259);
#6597 = AXIS2_PLACEMENT_3D('',#6598,#6599,#6600);
#6598 = CARTESIAN_POINT('',(144.77847321031,56.155200036633,
    8.841225219356));
#6599 = DIRECTION('',(-5.19458519614E-02,0.121869343405,0.991185901636)
  );
#6600 = DIRECTION('',(-0.998629534755,-1.413873079185E-16,
    -5.233595624294E-02));
#6601 = ADVANCED_FACE('',(#6602),#6628,.T.);
#6602 = FACE_BOUND('',#6603,.T.);
#6603 = EDGE_LOOP('',(#6604,#6615,#6621,#6622));
#6604 = ORIENTED_EDGE('',*,*,#6605,.T.);
#6605 = EDGE_CURVE('',#6606,#6608,#6610,.T.);
#6606 = VERTEX_POINT('',#6607);
#6607 = CARTESIAN_POINT('',(144.58051470652,55.854938348351,
    6.382059462147));
#6608 = VERTEX_POINT('',#6609);
#6609 = CARTESIAN_POINT('',(145.23240009422,55.854938348351,
    6.416223327663));
#6610 = CIRCLE('',#6611,0.32639);
#6611 = AXIS2_PLACEMENT_3D('',#6612,#6613,#6614);
#6612 = CARTESIAN_POINT('',(144.90645740037,55.854938348351,
    6.399141394905));
#6613 = DIRECTION('',(-5.19458519614E-02,0.121869343405,0.991185901636)
  );
#6614 = DIRECTION('',(-0.998629534755,-1.413873079185E-16,
    -5.233595624294E-02));
#6615 = ORIENTED_EDGE('',*,*,#6616,.T.);
#6616 = EDGE_CURVE('',#6608,#6576,#6617,.T.);
#6617 = LINE('',#6618,#6619);
#6618 = CARTESIAN_POINT('',(145.23240009422,55.854938348351,
    6.416223327663));
#6619 = VECTOR('',#6620,1.);
#6620 = DIRECTION('',(0.669406451742,8.617463914053E-02,0.737881382023)
  );
#6621 = ORIENTED_EDGE('',*,*,#6573,.F.);
#6622 = ORIENTED_EDGE('',*,*,#6623,.F.);
#6623 = EDGE_CURVE('',#6606,#6574,#6624,.T.);
#6624 = LINE('',#6625,#6626);
#6625 = CARTESIAN_POINT('',(144.58051470652,55.854938348351,
    6.382059462147));
#6626 = VECTOR('',#6627,1.);
#6627 = DIRECTION('',(-0.742868980095,8.617463914053E-02,0.663867162904)
  );
#6628 = CONICAL_SURFACE('',#6629,0.32639,0.785398163397);
#6629 = AXIS2_PLACEMENT_3D('',#6630,#6631,#6632);
#6630 = CARTESIAN_POINT('',(144.90645740037,55.854938348351,
    6.399141394905));
#6631 = DIRECTION('',(-5.19458519614E-02,0.121869343405,0.991185901636)
  );
#6632 = DIRECTION('',(-0.998629534755,-1.413873079185E-16,
    -5.233595624294E-02));
#6633 = ADVANCED_FACE('',(#6634),#6652,.T.);
#6634 = FACE_BOUND('',#6635,.T.);
#6635 = EDGE_LOOP('',(#6636,#6637,#6644,#6645));
#6636 = ORIENTED_EDGE('',*,*,#6616,.F.);
#6637 = ORIENTED_EDGE('',*,*,#6638,.T.);
#6638 = EDGE_CURVE('',#6608,#6606,#6639,.T.);
#6639 = CIRCLE('',#6640,0.32639);
#6640 = AXIS2_PLACEMENT_3D('',#6641,#6642,#6643);
#6641 = CARTESIAN_POINT('',(144.90645740037,55.854938348351,
    6.399141394905));
#6642 = DIRECTION('',(-5.19458519614E-02,0.121869343405,0.991185901636)
  );
#6643 = DIRECTION('',(-0.998629534755,-1.413873079185E-16,
    -5.233595624294E-02));
#6644 = ORIENTED_EDGE('',*,*,#6623,.T.);
#6645 = ORIENTED_EDGE('',*,*,#6646,.F.);
#6646 = EDGE_CURVE('',#6576,#6574,#6647,.T.);
#6647 = CIRCLE('',#6648,0.40259);
#6648 = AXIS2_PLACEMENT_3D('',#6649,#6650,#6651);
#6649 = CARTESIAN_POINT('',(144.90249912645,55.864224792318,
    6.47466976061));
#6650 = DIRECTION('',(-5.19458519614E-02,0.121869343405,0.991185901636)
  );
#6651 = DIRECTION('',(-0.998629534755,-1.413873079185E-16,
    -5.233595624294E-02));
#6652 = CONICAL_SURFACE('',#6653,0.32639,0.785398163397);
#6653 = AXIS2_PLACEMENT_3D('',#6654,#6655,#6656);
#6654 = CARTESIAN_POINT('',(144.90645740037,55.854938348351,
    6.399141394905));
#6655 = DIRECTION('',(-5.19458519614E-02,0.121869343405,0.991185901636)
  );
#6656 = DIRECTION('',(-0.998629534755,-1.413873079185E-16,
    -5.233595624294E-02));
#6657 = ADVANCED_FACE('',(#6658),#6670,.T.);
#6658 = FACE_BOUND('',#6659,.T.);
#6659 = EDGE_LOOP('',(#6660,#6661,#6662,#6663));
#6660 = ORIENTED_EDGE('',*,*,#6584,.F.);
#6661 = ORIENTED_EDGE('',*,*,#6646,.T.);
#6662 = ORIENTED_EDGE('',*,*,#6591,.T.);
#6663 = ORIENTED_EDGE('',*,*,#6664,.F.);
#6664 = EDGE_CURVE('',#6534,#6532,#6665,.T.);
#6665 = CIRCLE('',#6666,0.40259);
#6666 = AXIS2_PLACEMENT_3D('',#6667,#6668,#6669);
#6667 = CARTESIAN_POINT('',(144.82618081316,56.043273982568,
    7.930909928287));
#6668 = DIRECTION('',(-5.19458519614E-02,0.121869343405,0.991185901636)
  );
#6669 = DIRECTION('',(-0.998629534755,-1.413873079185E-16,
    -5.233595624294E-02));
#6670 = CYLINDRICAL_SURFACE('',#6671,0.40259);
#6671 = AXIS2_PLACEMENT_3D('',#6672,#6673,#6674);
#6672 = CARTESIAN_POINT('',(144.77847321031,56.155200036633,
    8.841225219356));
#6673 = DIRECTION('',(-5.19458519614E-02,0.121869343405,0.991185901636)
  );
#6674 = DIRECTION('',(-0.998629534755,-1.413873079185E-16,
    -5.233595624294E-02));
#6675 = ADVANCED_FACE('',(#6676),#6688,.T.);
#6676 = FACE_BOUND('',#6677,.T.);
#6677 = EDGE_LOOP('',(#6678,#6679,#6680,#6681));
#6678 = ORIENTED_EDGE('',*,*,#6542,.F.);
#6679 = ORIENTED_EDGE('',*,*,#6664,.T.);
#6680 = ORIENTED_EDGE('',*,*,#6559,.T.);
#6681 = ORIENTED_EDGE('',*,*,#6682,.F.);
#6682 = EDGE_CURVE('',#6543,#6551,#6683,.T.);
#6683 = CIRCLE('',#6684,0.4445);
#6684 = AXIS2_PLACEMENT_3D('',#6685,#6686,#6687);
#6685 = CARTESIAN_POINT('',(144.8180559495,56.062335596958,
    8.085941562309));
#6686 = DIRECTION('',(-5.19458519614E-02,0.121869343405,0.991185901636)
  );
#6687 = DIRECTION('',(-0.998629534755,-1.413873079185E-16,
    -5.233595624294E-02));
#6688 = CONICAL_SURFACE('',#6689,0.40259,0.261799387799);
#6689 = AXIS2_PLACEMENT_3D('',#6690,#6691,#6692);
#6690 = CARTESIAN_POINT('',(144.82618081316,56.043273982568,
    7.930909928287));
#6691 = DIRECTION('',(-5.19458519614E-02,0.121869343405,0.991185901636)
  );
#6692 = DIRECTION('',(-0.998629534755,-1.413873079185E-16,
    -5.233595624294E-02));
#6693 = ADVANCED_FACE('',(#6694,#6704),#6708,.F.);
#6694 = FACE_BOUND('',#6695,.T.);
#6695 = EDGE_LOOP('',(#6696,#6697));
#6696 = ORIENTED_EDGE('',*,*,#6489,.F.);
#6697 = ORIENTED_EDGE('',*,*,#6698,.F.);
#6698 = EDGE_CURVE('',#6492,#6490,#6699,.T.);
#6699 = CIRCLE('',#6700,0.40259);
#6700 = AXIS2_PLACEMENT_3D('',#6701,#6702,#6703);
#6701 = CARTESIAN_POINT('',(144.8180559495,56.062335596958,
    8.085941562309));
#6702 = DIRECTION('',(-5.19458519614E-02,0.121869343405,0.991185901636)
  );
#6703 = DIRECTION('',(-0.998629534755,-1.413873079185E-16,
    -5.233595624294E-02));
#6704 = FACE_BOUND('',#6705,.T.);
#6705 = EDGE_LOOP('',(#6706,#6707));
#6706 = ORIENTED_EDGE('',*,*,#6550,.T.);
#6707 = ORIENTED_EDGE('',*,*,#6682,.T.);
#6708 = PLANE('',#6709);
#6709 = AXIS2_PLACEMENT_3D('',#6710,#6711,#6712);
#6710 = CARTESIAN_POINT('',(144.81548817065,55.662746441769,
    8.134937701615));
#6711 = DIRECTION('',(5.19458519614E-02,-0.121869343405,-0.991185901636)
  );
#6712 = DIRECTION('',(0.998629534755,1.413873079185E-16,
    5.233595624294E-02));
#6713 = ADVANCED_FACE('',(#6714),#6726,.T.);
#6714 = FACE_BOUND('',#6715,.T.);
#6715 = EDGE_LOOP('',(#6716,#6717,#6718,#6719));
#6716 = ORIENTED_EDGE('',*,*,#6500,.F.);
#6717 = ORIENTED_EDGE('',*,*,#6698,.T.);
#6718 = ORIENTED_EDGE('',*,*,#6517,.T.);
#6719 = ORIENTED_EDGE('',*,*,#6720,.F.);
#6720 = EDGE_CURVE('',#6501,#6509,#6721,.T.);
#6721 = CIRCLE('',#6722,0.40259);
#6722 = AXIS2_PLACEMENT_3D('',#6723,#6724,#6725);
#6723 = CARTESIAN_POINT('',(144.7916674567,56.124245223408,
    8.589464000341));
#6724 = DIRECTION('',(-5.19458519614E-02,0.121869343405,0.991185901636)
  );
#6725 = DIRECTION('',(-0.998629534755,-1.413873079185E-16,
    -5.233595624294E-02));
#6726 = CYLINDRICAL_SURFACE('',#6727,0.40259);
#6727 = AXIS2_PLACEMENT_3D('',#6728,#6729,#6730);
#6728 = CARTESIAN_POINT('',(144.77847321031,56.155200036633,
    8.841225219356));
#6729 = DIRECTION('',(-5.19458519614E-02,0.121869343405,0.991185901636)
  );
#6730 = DIRECTION('',(-0.998629534755,-1.413873079185E-16,
    -5.233595624294E-02));
#6731 = ADVANCED_FACE('',(#6732,#6742),#6746,.F.);
#6732 = FACE_BOUND('',#6733,.T.);
#6733 = EDGE_LOOP('',(#6734,#6735));
#6734 = ORIENTED_EDGE('',*,*,#6447,.F.);
#6735 = ORIENTED_EDGE('',*,*,#6736,.F.);
#6736 = EDGE_CURVE('',#6450,#6448,#6737,.T.);
#6737 = CIRCLE('',#6738,0.5334);
#6738 = AXIS2_PLACEMENT_3D('',#6739,#6740,#6741);
#6739 = CARTESIAN_POINT('',(144.7916674567,56.124245223408,
    8.589464000341));
#6740 = DIRECTION('',(-5.19458519614E-02,0.121869343405,0.991185901636)
  );
#6741 = DIRECTION('',(-0.998629534755,-1.413873079185E-16,
    -5.233595624294E-02));
#6742 = FACE_BOUND('',#6743,.T.);
#6743 = EDGE_LOOP('',(#6744,#6745));
#6744 = ORIENTED_EDGE('',*,*,#6508,.T.);
#6745 = ORIENTED_EDGE('',*,*,#6720,.T.);
#6746 = PLANE('',#6747);
#6747 = AXIS2_PLACEMENT_3D('',#6748,#6749,#6750);
#6748 = CARTESIAN_POINT('',(144.78826535223,55.594821106122,
    8.654380020872));
#6749 = DIRECTION('',(-5.19458519614E-02,0.121869343405,0.991185901636)
  );
#6750 = DIRECTION('',(-0.998629534755,-1.413873079185E-16,
    -5.233595624294E-02));
#6751 = ADVANCED_FACE('',(#6752),#6764,.T.);
#6752 = FACE_BOUND('',#6753,.T.);
#6753 = EDGE_LOOP('',(#6754,#6755,#6756,#6757));
#6754 = ORIENTED_EDGE('',*,*,#6458,.F.);
#6755 = ORIENTED_EDGE('',*,*,#6736,.T.);
#6756 = ORIENTED_EDGE('',*,*,#6475,.T.);
#6757 = ORIENTED_EDGE('',*,*,#6758,.F.);
#6758 = EDGE_CURVE('',#6459,#6467,#6759,.T.);
#6759 = CIRCLE('',#6760,0.5334);
#6760 = AXIS2_PLACEMENT_3D('',#6761,#6762,#6763);
#6761 = CARTESIAN_POINT('',(144.77847321031,56.155200036633,
    8.841225219356));
#6762 = DIRECTION('',(-5.19458519614E-02,0.121869343405,0.991185901636)
  );
#6763 = DIRECTION('',(-0.998629534755,-1.413873079185E-16,
    -5.233595624294E-02));
#6764 = CYLINDRICAL_SURFACE('',#6765,0.5334);
#6765 = AXIS2_PLACEMENT_3D('',#6766,#6767,#6768);
#6766 = CARTESIAN_POINT('',(144.77847321031,56.155200036633,
    8.841225219356));
#6767 = DIRECTION('',(-5.19458519614E-02,0.121869343405,0.991185901636)
  );
#6768 = DIRECTION('',(-0.998629534755,-1.413873079185E-16,
    -5.233595624294E-02));
#6769 = ADVANCED_FACE('',(#6770),#6774,.F.);
#6770 = FACE_BOUND('',#6771,.T.);
#6771 = EDGE_LOOP('',(#6772,#6773));
#6772 = ORIENTED_EDGE('',*,*,#6466,.T.);
#6773 = ORIENTED_EDGE('',*,*,#6758,.T.);
#6774 = PLANE('',#6775);
#6775 = AXIS2_PLACEMENT_3D('',#6776,#6777,#6778);
#6776 = CARTESIAN_POINT('',(144.77847321031,56.155200036633,
    8.841225219356));
#6777 = DIRECTION('',(5.19458519614E-02,-0.121869343405,-0.991185901636)
  );
#6778 = DIRECTION('',(0.998629534755,1.413873079185E-16,
    5.233595624294E-02));
#6779 = ADVANCED_FACE('',(#6780),#6784,.F.);
#6780 = FACE_BOUND('',#6781,.T.);
#6781 = EDGE_LOOP('',(#6782,#6783));
#6782 = ORIENTED_EDGE('',*,*,#6605,.F.);
#6783 = ORIENTED_EDGE('',*,*,#6638,.F.);
#6784 = PLANE('',#6785);
#6785 = AXIS2_PLACEMENT_3D('',#6786,#6787,#6788);
#6786 = CARTESIAN_POINT('',(144.90437563644,55.530981209917,
    6.438863816992));
#6787 = DIRECTION('',(-5.19458519614E-02,0.121869343405,0.991185901636)
  );
#6788 = DIRECTION('',(-0.998629534755,-1.413873079185E-16,
    -5.233595624294E-02));
#6789 = MANIFOLD_SOLID_BREP('',#6790);
#6790 = CLOSED_SHELL('',(#6791,#6833,#6875,#6917,#6949,#6981,#7005,#7023
    ,#7041,#7061,#7079,#7099,#7117,#7127));
#6791 = ADVANCED_FACE('',(#6792),#6828,.T.);
#6792 = FACE_BOUND('',#6793,.T.);
#6793 = EDGE_LOOP('',(#6794,#6805,#6813,#6822));
#6794 = ORIENTED_EDGE('',*,*,#6795,.T.);
#6795 = EDGE_CURVE('',#6796,#6798,#6800,.T.);
#6796 = VERTEX_POINT('',#6797);
#6797 = CARTESIAN_POINT('',(144.25089821411,54.863711610823,
    8.716109954927));
#6798 = VERTEX_POINT('',#6799);
#6799 = CARTESIAN_POINT('',(145.31623620179,54.863711610823,
    8.771941953047));
#6800 = CIRCLE('',#6801,0.5334);
#6801 = AXIS2_PLACEMENT_3D('',#6802,#6803,#6804);
#6802 = CARTESIAN_POINT('',(144.78356720795,54.863711610823,
    8.744025953987));
#6803 = DIRECTION('',(-5.19458519614E-02,0.121869343405,0.991185901636)
  );
#6804 = DIRECTION('',(-0.998629534755,-1.413873079185E-16,
    -5.233595624294E-02));
#6805 = ORIENTED_EDGE('',*,*,#6806,.T.);
#6806 = EDGE_CURVE('',#6798,#6807,#6809,.T.);
#6807 = VERTEX_POINT('',#6808);
#6808 = CARTESIAN_POINT('',(145.30304195539,54.894666424048,
    9.023703172062));
#6809 = LINE('',#6810,#6811);
#6810 = CARTESIAN_POINT('',(145.30304195539,54.894666424048,
    9.023703172062));
#6811 = VECTOR('',#6812,1.);
#6812 = DIRECTION('',(-5.19458519614E-02,0.121869343405,0.991185901636)
  );
#6813 = ORIENTED_EDGE('',*,*,#6814,.F.);
#6814 = EDGE_CURVE('',#6815,#6807,#6817,.T.);
#6815 = VERTEX_POINT('',#6816);
#6816 = CARTESIAN_POINT('',(144.23770396772,54.894666424048,
    8.967871173942));
#6817 = CIRCLE('',#6818,0.5334);
#6818 = AXIS2_PLACEMENT_3D('',#6819,#6820,#6821);
#6819 = CARTESIAN_POINT('',(144.77037296155,54.894666424048,
    8.995787173002));
#6820 = DIRECTION('',(-5.19458519614E-02,0.121869343405,0.991185901636)
  );
#6821 = DIRECTION('',(-0.998629534755,-1.413873079185E-16,
    -5.233595624294E-02));
#6822 = ORIENTED_EDGE('',*,*,#6823,.F.);
#6823 = EDGE_CURVE('',#6796,#6815,#6824,.T.);
#6824 = LINE('',#6825,#6826);
#6825 = CARTESIAN_POINT('',(144.23770396772,54.894666424048,
    8.967871173942));
#6826 = VECTOR('',#6827,1.);
#6827 = DIRECTION('',(-5.19458519614E-02,0.121869343405,0.991185901636)
  );
#6828 = CYLINDRICAL_SURFACE('',#6829,0.5334);
#6829 = AXIS2_PLACEMENT_3D('',#6830,#6831,#6832);
#6830 = CARTESIAN_POINT('',(144.77037296155,54.894666424048,
    8.995787173002));
#6831 = DIRECTION('',(-5.19458519614E-02,0.121869343405,0.991185901636)
  );
#6832 = DIRECTION('',(-0.998629534755,-1.413873079185E-16,
    -5.233595624294E-02));
#6833 = ADVANCED_FACE('',(#6834),#6870,.T.);
#6834 = FACE_BOUND('',#6835,.T.);
#6835 = EDGE_LOOP('',(#6836,#6847,#6855,#6864));
#6836 = ORIENTED_EDGE('',*,*,#6837,.T.);
#6837 = EDGE_CURVE('',#6838,#6840,#6842,.T.);
#6838 = VERTEX_POINT('',#6839);
#6839 = CARTESIAN_POINT('',(144.40791743635,54.801801984373,
    8.219433583332));
#6840 = VERTEX_POINT('',#6841);
#6841 = CARTESIAN_POINT('',(145.21199396515,54.801801984373,
    8.261573448579));
#6842 = CIRCLE('',#6843,0.40259);
#6843 = AXIS2_PLACEMENT_3D('',#6844,#6845,#6846);
#6844 = CARTESIAN_POINT('',(144.80995570075,54.801801984373,
    8.240503515956));
#6845 = DIRECTION('',(-5.19458519614E-02,0.121869343405,0.991185901636)
  );
#6846 = DIRECTION('',(-0.998629534755,-1.413873079185E-16,
    -5.233595624294E-02));
#6847 = ORIENTED_EDGE('',*,*,#6848,.T.);
#6848 = EDGE_CURVE('',#6840,#6849,#6851,.T.);
#6849 = VERTEX_POINT('',#6850);
#6850 = CARTESIAN_POINT('',(145.18560547235,54.863711610823,
    8.76509588661));
#6851 = LINE('',#6852,#6853);
#6852 = CARTESIAN_POINT('',(145.17241122595,54.894666424048,
    9.016857105626));
#6853 = VECTOR('',#6854,1.);
#6854 = DIRECTION('',(-5.19458519614E-02,0.121869343405,0.991185901636)
  );
#6855 = ORIENTED_EDGE('',*,*,#6856,.F.);
#6856 = EDGE_CURVE('',#6857,#6849,#6859,.T.);
#6857 = VERTEX_POINT('',#6858);
#6858 = CARTESIAN_POINT('',(144.38152894356,54.863711610823,
    8.722956021363));
#6859 = CIRCLE('',#6860,0.40259);
#6860 = AXIS2_PLACEMENT_3D('',#6861,#6862,#6863);
#6861 = CARTESIAN_POINT('',(144.78356720795,54.863711610823,
    8.744025953987));
#6862 = DIRECTION('',(-5.19458519614E-02,0.121869343405,0.991185901636)
  );
#6863 = DIRECTION('',(-0.998629534755,-1.413873079185E-16,
    -5.233595624294E-02));
#6864 = ORIENTED_EDGE('',*,*,#6865,.F.);
#6865 = EDGE_CURVE('',#6838,#6857,#6866,.T.);
#6866 = LINE('',#6867,#6868);
#6867 = CARTESIAN_POINT('',(144.36833469716,54.894666424048,
    8.974717240378));
#6868 = VECTOR('',#6869,1.);
#6869 = DIRECTION('',(-5.19458519614E-02,0.121869343405,0.991185901636)
  );
#6870 = CYLINDRICAL_SURFACE('',#6871,0.40259);
#6871 = AXIS2_PLACEMENT_3D('',#6872,#6873,#6874);
#6872 = CARTESIAN_POINT('',(144.77037296155,54.894666424048,
    8.995787173002));
#6873 = DIRECTION('',(-5.19458519614E-02,0.121869343405,0.991185901636)
  );
#6874 = DIRECTION('',(-0.998629534755,-1.413873079185E-16,
    -5.233595624294E-02));
#6875 = ADVANCED_FACE('',(#6876),#6912,.T.);
#6876 = FACE_BOUND('',#6877,.T.);
#6877 = EDGE_LOOP('',(#6878,#6889,#6897,#6906));
#6878 = ORIENTED_EDGE('',*,*,#6879,.T.);
#6879 = EDGE_CURVE('',#6880,#6882,#6884,.T.);
#6880 = VERTEX_POINT('',#6881);
#6881 = CARTESIAN_POINT('',(144.41604230001,54.782740369984,
    8.064401949309));
#6882 = VERTEX_POINT('',#6883);
#6883 = CARTESIAN_POINT('',(145.2201188288,54.782740369984,
    8.106541814557));
#6884 = CIRCLE('',#6885,0.40259);
#6885 = AXIS2_PLACEMENT_3D('',#6886,#6887,#6888);
#6886 = CARTESIAN_POINT('',(144.81808056441,54.782740369984,
    8.085471881933));
#6887 = DIRECTION('',(-5.19458519614E-02,0.121869343405,0.991185901636)
  );
#6888 = DIRECTION('',(-0.998629534755,-1.413873079185E-16,
    -5.233595624294E-02));
#6889 = ORIENTED_EDGE('',*,*,#6890,.T.);
#6890 = EDGE_CURVE('',#6882,#6891,#6893,.T.);
#6891 = VERTEX_POINT('',#6892);
#6892 = CARTESIAN_POINT('',(145.25384652895,54.801801984373,
    8.263766848506));
#6893 = LINE('',#6894,#6895);
#6894 = CARTESIAN_POINT('',(145.2201188288,54.782740369984,
    8.106541814557));
#6895 = VECTOR('',#6896,1.);
#6896 = DIRECTION('',(0.208288502618,0.117716746228,0.970957603263));
#6897 = ORIENTED_EDGE('',*,*,#6898,.F.);
#6898 = EDGE_CURVE('',#6899,#6891,#6901,.T.);
#6899 = VERTEX_POINT('',#6900);
#6900 = CARTESIAN_POINT('',(144.36606487255,54.801801984373,
    8.217240183406));
#6901 = CIRCLE('',#6902,0.4445);
#6902 = AXIS2_PLACEMENT_3D('',#6903,#6904,#6905);
#6903 = CARTESIAN_POINT('',(144.80995570075,54.801801984373,
    8.240503515956));
#6904 = DIRECTION('',(-5.19458519614E-02,0.121869343405,0.991185901636)
  );
#6905 = DIRECTION('',(-0.998629534755,-1.413873079185E-16,
    -5.233595624294E-02));
#6906 = ORIENTED_EDGE('',*,*,#6907,.F.);
#6907 = EDGE_CURVE('',#6880,#6899,#6908,.T.);
#6908 = LINE('',#6909,#6910);
#6909 = CARTESIAN_POINT('',(144.41604230001,54.782740369984,
    8.064401949309));
#6910 = VECTOR('',#6911,1.);
#6911 = DIRECTION('',(-0.308640182574,0.117716746228,0.943866518825));
#6912 = CONICAL_SURFACE('',#6913,0.40259,0.261799387799);
#6913 = AXIS2_PLACEMENT_3D('',#6914,#6915,#6916);
#6914 = CARTESIAN_POINT('',(144.81808056441,54.782740369984,
    8.085471881933));
#6915 = DIRECTION('',(-5.19458519614E-02,0.121869343405,0.991185901636)
  );
#6916 = DIRECTION('',(-0.998629534755,-1.413873079185E-16,
    -5.233595624294E-02));
#6917 = ADVANCED_FACE('',(#6918),#6944,.T.);
#6918 = FACE_BOUND('',#6919,.T.);
#6919 = EDGE_LOOP('',(#6920,#6931,#6937,#6938));
#6920 = ORIENTED_EDGE('',*,*,#6921,.T.);
#6921 = EDGE_CURVE('',#6922,#6924,#6926,.T.);
#6922 = VERTEX_POINT('',#6923);
#6923 = CARTESIAN_POINT('',(144.4923606133,54.603691179734,
    6.608161781632));
#6924 = VERTEX_POINT('',#6925);
#6925 = CARTESIAN_POINT('',(145.29643714209,54.603691179734,
    6.65030164688));
#6926 = CIRCLE('',#6927,0.40259);
#6927 = AXIS2_PLACEMENT_3D('',#6928,#6929,#6930);
#6928 = CARTESIAN_POINT('',(144.8943988777,54.603691179734,
    6.629231714256));
#6929 = DIRECTION('',(-5.19458519614E-02,0.121869343405,0.991185901636)
  );
#6930 = DIRECTION('',(-0.998629534755,-1.413873079185E-16,
    -5.233595624294E-02));
#6931 = ORIENTED_EDGE('',*,*,#6932,.T.);
#6932 = EDGE_CURVE('',#6924,#6882,#6933,.T.);
#6933 = LINE('',#6934,#6935);
#6934 = CARTESIAN_POINT('',(145.17241122595,54.894666424048,
    9.016857105626));
#6935 = VECTOR('',#6936,1.);
#6936 = DIRECTION('',(-5.19458519614E-02,0.121869343405,0.991185901636)
  );
#6937 = ORIENTED_EDGE('',*,*,#6879,.F.);
#6938 = ORIENTED_EDGE('',*,*,#6939,.F.);
#6939 = EDGE_CURVE('',#6922,#6880,#6940,.T.);
#6940 = LINE('',#6941,#6942);
#6941 = CARTESIAN_POINT('',(144.36833469716,54.894666424048,
    8.974717240378));
#6942 = VECTOR('',#6943,1.);
#6943 = DIRECTION('',(-5.19458519614E-02,0.121869343405,0.991185901636)
  );
#6944 = CYLINDRICAL_SURFACE('',#6945,0.40259);
#6945 = AXIS2_PLACEMENT_3D('',#6946,#6947,#6948);
#6946 = CARTESIAN_POINT('',(144.77037296155,54.894666424048,
    8.995787173002));
#6947 = DIRECTION('',(-5.19458519614E-02,0.121869343405,0.991185901636)
  );
#6948 = DIRECTION('',(-0.998629534755,-1.413873079185E-16,
    -5.233595624294E-02));
#6949 = ADVANCED_FACE('',(#6950),#6976,.T.);
#6950 = FACE_BOUND('',#6951,.T.);
#6951 = EDGE_LOOP('',(#6952,#6963,#6969,#6970));
#6952 = ORIENTED_EDGE('',*,*,#6953,.T.);
#6953 = EDGE_CURVE('',#6954,#6956,#6958,.T.);
#6954 = VERTEX_POINT('',#6955);
#6955 = CARTESIAN_POINT('',(144.57241445777,54.594404735766,
    6.536621415793));
#6956 = VERTEX_POINT('',#6957);
#6957 = CARTESIAN_POINT('',(145.22429984547,54.594404735766,
    6.570785281309));
#6958 = CIRCLE('',#6959,0.32639);
#6959 = AXIS2_PLACEMENT_3D('',#6960,#6961,#6962);
#6960 = CARTESIAN_POINT('',(144.89835715162,54.594404735766,
    6.553703348551));
#6961 = DIRECTION('',(-5.19458519614E-02,0.121869343405,0.991185901636)
  );
#6962 = DIRECTION('',(-0.998629534755,-1.413873079185E-16,
    -5.233595624294E-02));
#6963 = ORIENTED_EDGE('',*,*,#6964,.T.);
#6964 = EDGE_CURVE('',#6956,#6924,#6965,.T.);
#6965 = LINE('',#6966,#6967);
#6966 = CARTESIAN_POINT('',(145.22429984546,54.594404735766,
    6.570785281309));
#6967 = VECTOR('',#6968,1.);
#6968 = DIRECTION('',(0.669406451742,8.617463914053E-02,0.737881382023)
  );
#6969 = ORIENTED_EDGE('',*,*,#6921,.F.);
#6970 = ORIENTED_EDGE('',*,*,#6971,.F.);
#6971 = EDGE_CURVE('',#6954,#6922,#6972,.T.);
#6972 = LINE('',#6973,#6974);
#6973 = CARTESIAN_POINT('',(144.57241445777,54.594404735766,
    6.536621415793));
#6974 = VECTOR('',#6975,1.);
#6975 = DIRECTION('',(-0.742868980095,8.617463914053E-02,0.663867162904)
  );
#6976 = CONICAL_SURFACE('',#6977,0.32639,0.785398163397);
#6977 = AXIS2_PLACEMENT_3D('',#6978,#6979,#6980);
#6978 = CARTESIAN_POINT('',(144.89835715162,54.594404735766,
    6.553703348551));
#6979 = DIRECTION('',(-5.19458519614E-02,0.121869343405,0.991185901636)
  );
#6980 = DIRECTION('',(-0.998629534755,-1.413873079185E-16,
    -5.233595624294E-02));
#6981 = ADVANCED_FACE('',(#6982),#7000,.T.);
#6982 = FACE_BOUND('',#6983,.T.);
#6983 = EDGE_LOOP('',(#6984,#6985,#6992,#6993));
#6984 = ORIENTED_EDGE('',*,*,#6964,.F.);
#6985 = ORIENTED_EDGE('',*,*,#6986,.T.);
#6986 = EDGE_CURVE('',#6956,#6954,#6987,.T.);
#6987 = CIRCLE('',#6988,0.32639);
#6988 = AXIS2_PLACEMENT_3D('',#6989,#6990,#6991);
#6989 = CARTESIAN_POINT('',(144.89835715162,54.594404735766,
    6.553703348551));
#6990 = DIRECTION('',(-5.19458519614E-02,0.121869343405,0.991185901636)
  );
#6991 = DIRECTION('',(-0.998629534755,-1.413873079185E-16,
    -5.233595624294E-02));
#6992 = ORIENTED_EDGE('',*,*,#6971,.T.);
#6993 = ORIENTED_EDGE('',*,*,#6994,.F.);
#6994 = EDGE_CURVE('',#6924,#6922,#6995,.T.);
#6995 = CIRCLE('',#6996,0.40259);
#6996 = AXIS2_PLACEMENT_3D('',#6997,#6998,#6999);
#6997 = CARTESIAN_POINT('',(144.8943988777,54.603691179734,
    6.629231714256));
#6998 = DIRECTION('',(-5.19458519614E-02,0.121869343405,0.991185901636)
  );
#6999 = DIRECTION('',(-0.998629534755,-1.413873079185E-16,
    -5.233595624294E-02));
#7000 = CONICAL_SURFACE('',#7001,0.32639,0.785398163397);
#7001 = AXIS2_PLACEMENT_3D('',#7002,#7003,#7004);
#7002 = CARTESIAN_POINT('',(144.89835715162,54.594404735766,
    6.553703348551));
#7003 = DIRECTION('',(-5.19458519614E-02,0.121869343405,0.991185901636)
  );
#7004 = DIRECTION('',(-0.998629534755,-1.413873079185E-16,
    -5.233595624294E-02));
#7005 = ADVANCED_FACE('',(#7006),#7018,.T.);
#7006 = FACE_BOUND('',#7007,.T.);
#7007 = EDGE_LOOP('',(#7008,#7009,#7010,#7011));
#7008 = ORIENTED_EDGE('',*,*,#6932,.F.);
#7009 = ORIENTED_EDGE('',*,*,#6994,.T.);
#7010 = ORIENTED_EDGE('',*,*,#6939,.T.);
#7011 = ORIENTED_EDGE('',*,*,#7012,.F.);
#7012 = EDGE_CURVE('',#6882,#6880,#7013,.T.);
#7013 = CIRCLE('',#7014,0.40259);
#7014 = AXIS2_PLACEMENT_3D('',#7015,#7016,#7017);
#7015 = CARTESIAN_POINT('',(144.81808056441,54.782740369984,
    8.085471881933));
#7016 = DIRECTION('',(-5.19458519614E-02,0.121869343405,0.991185901636)
  );
#7017 = DIRECTION('',(-0.998629534755,-1.413873079185E-16,
    -5.233595624294E-02));
#7018 = CYLINDRICAL_SURFACE('',#7019,0.40259);
#7019 = AXIS2_PLACEMENT_3D('',#7020,#7021,#7022);
#7020 = CARTESIAN_POINT('',(144.77037296155,54.894666424048,
    8.995787173002));
#7021 = DIRECTION('',(-5.19458519614E-02,0.121869343405,0.991185901636)
  );
#7022 = DIRECTION('',(-0.998629534755,-1.413873079185E-16,
    -5.233595624294E-02));
#7023 = ADVANCED_FACE('',(#7024),#7036,.T.);
#7024 = FACE_BOUND('',#7025,.T.);
#7025 = EDGE_LOOP('',(#7026,#7027,#7028,#7029));
#7026 = ORIENTED_EDGE('',*,*,#6890,.F.);
#7027 = ORIENTED_EDGE('',*,*,#7012,.T.);
#7028 = ORIENTED_EDGE('',*,*,#6907,.T.);
#7029 = ORIENTED_EDGE('',*,*,#7030,.F.);
#7030 = EDGE_CURVE('',#6891,#6899,#7031,.T.);
#7031 = CIRCLE('',#7032,0.4445);
#7032 = AXIS2_PLACEMENT_3D('',#7033,#7034,#7035);
#7033 = CARTESIAN_POINT('',(144.80995570075,54.801801984373,
    8.240503515956));
#7034 = DIRECTION('',(-5.19458519614E-02,0.121869343405,0.991185901636)
  );
#7035 = DIRECTION('',(-0.998629534755,-1.413873079185E-16,
    -5.233595624294E-02));
#7036 = CONICAL_SURFACE('',#7037,0.40259,0.261799387799);
#7037 = AXIS2_PLACEMENT_3D('',#7038,#7039,#7040);
#7038 = CARTESIAN_POINT('',(144.81808056441,54.782740369984,
    8.085471881933));
#7039 = DIRECTION('',(-5.19458519614E-02,0.121869343405,0.991185901636)
  );
#7040 = DIRECTION('',(-0.998629534755,-1.413873079185E-16,
    -5.233595624294E-02));
#7041 = ADVANCED_FACE('',(#7042,#7052),#7056,.F.);
#7042 = FACE_BOUND('',#7043,.T.);
#7043 = EDGE_LOOP('',(#7044,#7045));
#7044 = ORIENTED_EDGE('',*,*,#6837,.F.);
#7045 = ORIENTED_EDGE('',*,*,#7046,.F.);
#7046 = EDGE_CURVE('',#6840,#6838,#7047,.T.);
#7047 = CIRCLE('',#7048,0.40259);
#7048 = AXIS2_PLACEMENT_3D('',#7049,#7050,#7051);
#7049 = CARTESIAN_POINT('',(144.80995570075,54.801801984373,
    8.240503515956));
#7050 = DIRECTION('',(-5.19458519614E-02,0.121869343405,0.991185901636)
  );
#7051 = DIRECTION('',(-0.998629534755,-1.413873079185E-16,
    -5.233595624294E-02));
#7052 = FACE_BOUND('',#7053,.T.);
#7053 = EDGE_LOOP('',(#7054,#7055));
#7054 = ORIENTED_EDGE('',*,*,#6898,.T.);
#7055 = ORIENTED_EDGE('',*,*,#7030,.T.);
#7056 = PLANE('',#7057);
#7057 = AXIS2_PLACEMENT_3D('',#7058,#7059,#7060);
#7058 = CARTESIAN_POINT('',(144.80738792189,54.402212829184,
    8.289499655261));
#7059 = DIRECTION('',(5.19458519614E-02,-0.121869343405,-0.991185901636)
  );
#7060 = DIRECTION('',(0.998629534755,1.413873079185E-16,
    5.233595624294E-02));
#7061 = ADVANCED_FACE('',(#7062),#7074,.T.);
#7062 = FACE_BOUND('',#7063,.T.);
#7063 = EDGE_LOOP('',(#7064,#7065,#7066,#7067));
#7064 = ORIENTED_EDGE('',*,*,#6848,.F.);
#7065 = ORIENTED_EDGE('',*,*,#7046,.T.);
#7066 = ORIENTED_EDGE('',*,*,#6865,.T.);
#7067 = ORIENTED_EDGE('',*,*,#7068,.F.);
#7068 = EDGE_CURVE('',#6849,#6857,#7069,.T.);
#7069 = CIRCLE('',#7070,0.40259);
#7070 = AXIS2_PLACEMENT_3D('',#7071,#7072,#7073);
#7071 = CARTESIAN_POINT('',(144.78356720795,54.863711610823,
    8.744025953987));
#7072 = DIRECTION('',(-5.19458519614E-02,0.121869343405,0.991185901636)
  );
#7073 = DIRECTION('',(-0.998629534755,-1.413873079185E-16,
    -5.233595624294E-02));
#7074 = CYLINDRICAL_SURFACE('',#7075,0.40259);
#7075 = AXIS2_PLACEMENT_3D('',#7076,#7077,#7078);
#7076 = CARTESIAN_POINT('',(144.77037296155,54.894666424048,
    8.995787173002));
#7077 = DIRECTION('',(-5.19458519614E-02,0.121869343405,0.991185901636)
  );
#7078 = DIRECTION('',(-0.998629534755,-1.413873079185E-16,
    -5.233595624294E-02));
#7079 = ADVANCED_FACE('',(#7080,#7090),#7094,.F.);
#7080 = FACE_BOUND('',#7081,.T.);
#7081 = EDGE_LOOP('',(#7082,#7083));
#7082 = ORIENTED_EDGE('',*,*,#6795,.F.);
#7083 = ORIENTED_EDGE('',*,*,#7084,.F.);
#7084 = EDGE_CURVE('',#6798,#6796,#7085,.T.);
#7085 = CIRCLE('',#7086,0.5334);
#7086 = AXIS2_PLACEMENT_3D('',#7087,#7088,#7089);
#7087 = CARTESIAN_POINT('',(144.78356720795,54.863711610823,
    8.744025953987));
#7088 = DIRECTION('',(-5.19458519614E-02,0.121869343405,0.991185901636)
  );
#7089 = DIRECTION('',(-0.998629534755,-1.413873079185E-16,
    -5.233595624294E-02));
#7090 = FACE_BOUND('',#7091,.T.);
#7091 = EDGE_LOOP('',(#7092,#7093));
#7092 = ORIENTED_EDGE('',*,*,#6856,.T.);
#7093 = ORIENTED_EDGE('',*,*,#7068,.T.);
#7094 = PLANE('',#7095);
#7095 = AXIS2_PLACEMENT_3D('',#7096,#7097,#7098);
#7096 = CARTESIAN_POINT('',(144.78016510348,54.334287493538,
    8.808941974518));
#7097 = DIRECTION('',(-5.19458519614E-02,0.121869343405,0.991185901636)
  );
#7098 = DIRECTION('',(-0.998629534755,-1.413873079185E-16,
    -5.233595624294E-02));
#7099 = ADVANCED_FACE('',(#7100),#7112,.T.);
#7100 = FACE_BOUND('',#7101,.T.);
#7101 = EDGE_LOOP('',(#7102,#7103,#7104,#7105));
#7102 = ORIENTED_EDGE('',*,*,#6806,.F.);
#7103 = ORIENTED_EDGE('',*,*,#7084,.T.);
#7104 = ORIENTED_EDGE('',*,*,#6823,.T.);
#7105 = ORIENTED_EDGE('',*,*,#7106,.F.);
#7106 = EDGE_CURVE('',#6807,#6815,#7107,.T.);
#7107 = CIRCLE('',#7108,0.5334);
#7108 = AXIS2_PLACEMENT_3D('',#7109,#7110,#7111);
#7109 = CARTESIAN_POINT('',(144.77037296155,54.894666424048,
    8.995787173002));
#7110 = DIRECTION('',(-5.19458519614E-02,0.121869343405,0.991185901636)
  );
#7111 = DIRECTION('',(-0.998629534755,-1.413873079185E-16,
    -5.233595624294E-02));
#7112 = CYLINDRICAL_SURFACE('',#7113,0.5334);
#7113 = AXIS2_PLACEMENT_3D('',#7114,#7115,#7116);
#7114 = CARTESIAN_POINT('',(144.77037296155,54.894666424048,
    8.995787173002));
#7115 = DIRECTION('',(-5.19458519614E-02,0.121869343405,0.991185901636)
  );
#7116 = DIRECTION('',(-0.998629534755,-1.413873079185E-16,
    -5.233595624294E-02));
#7117 = ADVANCED_FACE('',(#7118),#7122,.F.);
#7118 = FACE_BOUND('',#7119,.T.);
#7119 = EDGE_LOOP('',(#7120,#7121));
#7120 = ORIENTED_EDGE('',*,*,#6814,.T.);
#7121 = ORIENTED_EDGE('',*,*,#7106,.T.);
#7122 = PLANE('',#7123);
#7123 = AXIS2_PLACEMENT_3D('',#7124,#7125,#7126);
#7124 = CARTESIAN_POINT('',(144.77037296155,54.894666424048,
    8.995787173002));
#7125 = DIRECTION('',(5.19458519614E-02,-0.121869343405,-0.991185901636)
  );
#7126 = DIRECTION('',(0.998629534755,1.413873079185E-16,
    5.233595624294E-02));
#7127 = ADVANCED_FACE('',(#7128),#7132,.F.);
#7128 = FACE_BOUND('',#7129,.T.);
#7129 = EDGE_LOOP('',(#7130,#7131));
#7130 = ORIENTED_EDGE('',*,*,#6953,.F.);
#7131 = ORIENTED_EDGE('',*,*,#6986,.F.);
#7132 = PLANE('',#7133);
#7133 = AXIS2_PLACEMENT_3D('',#7134,#7135,#7136);
#7134 = CARTESIAN_POINT('',(144.89627538769,54.270447597332,
    6.593425770638));
#7135 = DIRECTION('',(-5.19458519614E-02,0.121869343405,0.991185901636)
  );
#7136 = DIRECTION('',(-0.998629534755,-1.413873079185E-16,
    -5.233595624294E-02));
#7137 = MANIFOLD_SOLID_BREP('',#7138);
#7138 = CLOSED_SHELL('',(#7139,#7181,#7223,#7265,#7297,#7329,#7353,#7371
    ,#7389,#7409,#7427,#7447,#7465,#7475));
#7139 = ADVANCED_FACE('',(#7140),#7176,.T.);
#7140 = FACE_BOUND('',#7141,.T.);
#7141 = EDGE_LOOP('',(#7142,#7153,#7161,#7170));
#7142 = ORIENTED_EDGE('',*,*,#7143,.T.);
#7143 = EDGE_CURVE('',#7144,#7146,#7148,.T.);
#7144 = VERTEX_POINT('',#7145);
#7145 = CARTESIAN_POINT('',(144.24279796536,53.603177998239,
    8.870671908573));
#7146 = VERTEX_POINT('',#7147);
#7147 = CARTESIAN_POINT('',(145.30813595304,53.603177998239,
    8.926503906693));
#7148 = CIRCLE('',#7149,0.5334);
#7149 = AXIS2_PLACEMENT_3D('',#7150,#7151,#7152);
#7150 = CARTESIAN_POINT('',(144.7754669592,53.603177998239,
    8.898587907633));
#7151 = DIRECTION('',(-5.19458519614E-02,0.121869343405,0.991185901636)
  );
#7152 = DIRECTION('',(-0.998629534755,-1.413873079185E-16,
    -5.233595624294E-02));
#7153 = ORIENTED_EDGE('',*,*,#7154,.T.);
#7154 = EDGE_CURVE('',#7146,#7155,#7157,.T.);
#7155 = VERTEX_POINT('',#7156);
#7156 = CARTESIAN_POINT('',(145.29494170664,53.634132811464,
    9.178265125708));
#7157 = LINE('',#7158,#7159);
#7158 = CARTESIAN_POINT('',(145.29494170664,53.634132811464,
    9.178265125708));
#7159 = VECTOR('',#7160,1.);
#7160 = DIRECTION('',(-5.19458519614E-02,0.121869343405,0.991185901636)
  );
#7161 = ORIENTED_EDGE('',*,*,#7162,.F.);
#7162 = EDGE_CURVE('',#7163,#7155,#7165,.T.);
#7163 = VERTEX_POINT('',#7164);
#7164 = CARTESIAN_POINT('',(144.22960371896,53.634132811464,
    9.122433127588));
#7165 = CIRCLE('',#7166,0.5334);
#7166 = AXIS2_PLACEMENT_3D('',#7167,#7168,#7169);
#7167 = CARTESIAN_POINT('',(144.7622727128,53.634132811464,
    9.150349126648));
#7168 = DIRECTION('',(-5.19458519614E-02,0.121869343405,0.991185901636)
  );
#7169 = DIRECTION('',(-0.998629534755,-1.413873079185E-16,
    -5.233595624294E-02));
#7170 = ORIENTED_EDGE('',*,*,#7171,.F.);
#7171 = EDGE_CURVE('',#7144,#7163,#7172,.T.);
#7172 = LINE('',#7173,#7174);
#7173 = CARTESIAN_POINT('',(144.22960371896,53.634132811464,
    9.122433127588));
#7174 = VECTOR('',#7175,1.);
#7175 = DIRECTION('',(-5.19458519614E-02,0.121869343405,0.991185901636)
  );
#7176 = CYLINDRICAL_SURFACE('',#7177,0.5334);
#7177 = AXIS2_PLACEMENT_3D('',#7178,#7179,#7180);
#7178 = CARTESIAN_POINT('',(144.7622727128,53.634132811464,
    9.150349126648));
#7179 = DIRECTION('',(-5.19458519614E-02,0.121869343405,0.991185901636)
  );
#7180 = DIRECTION('',(-0.998629534755,-1.413873079185E-16,
    -5.233595624294E-02));
#7181 = ADVANCED_FACE('',(#7182),#7218,.T.);
#7182 = FACE_BOUND('',#7183,.T.);
#7183 = EDGE_LOOP('',(#7184,#7195,#7203,#7212));
#7184 = ORIENTED_EDGE('',*,*,#7185,.T.);
#7185 = EDGE_CURVE('',#7186,#7188,#7190,.T.);
#7186 = VERTEX_POINT('',#7187);
#7187 = CARTESIAN_POINT('',(144.3998171876,53.541268371789,
    8.373995536978));
#7188 = VERTEX_POINT('',#7189);
#7189 = CARTESIAN_POINT('',(145.20389371639,53.541268371789,
    8.416135402225));
#7190 = CIRCLE('',#7191,0.40259);
#7191 = AXIS2_PLACEMENT_3D('',#7192,#7193,#7194);
#7192 = CARTESIAN_POINT('',(144.801855452,53.541268371789,8.395065469602
    ));
#7193 = DIRECTION('',(-5.19458519614E-02,0.121869343405,0.991185901636)
  );
#7194 = DIRECTION('',(-0.998629534755,-1.413873079185E-16,
    -5.233595624294E-02));
#7195 = ORIENTED_EDGE('',*,*,#7196,.T.);
#7196 = EDGE_CURVE('',#7188,#7197,#7199,.T.);
#7197 = VERTEX_POINT('',#7198);
#7198 = CARTESIAN_POINT('',(145.1775052236,53.603177998239,
    8.919657840256));
#7199 = LINE('',#7200,#7201);
#7200 = CARTESIAN_POINT('',(145.1643109772,53.634132811464,
    9.171419059272));
#7201 = VECTOR('',#7202,1.);
#7202 = DIRECTION('',(-5.19458519614E-02,0.121869343405,0.991185901636)
  );
#7203 = ORIENTED_EDGE('',*,*,#7204,.F.);
#7204 = EDGE_CURVE('',#7205,#7197,#7207,.T.);
#7205 = VERTEX_POINT('',#7206);
#7206 = CARTESIAN_POINT('',(144.3734286948,53.603177998239,
    8.877517975009));
#7207 = CIRCLE('',#7208,0.40259);
#7208 = AXIS2_PLACEMENT_3D('',#7209,#7210,#7211);
#7209 = CARTESIAN_POINT('',(144.7754669592,53.603177998239,
    8.898587907633));
#7210 = DIRECTION('',(-5.19458519614E-02,0.121869343405,0.991185901636)
  );
#7211 = DIRECTION('',(-0.998629534755,-1.413873079185E-16,
    -5.233595624294E-02));
#7212 = ORIENTED_EDGE('',*,*,#7213,.F.);
#7213 = EDGE_CURVE('',#7186,#7205,#7214,.T.);
#7214 = LINE('',#7215,#7216);
#7215 = CARTESIAN_POINT('',(144.3602344484,53.634132811464,
    9.129279194024));
#7216 = VECTOR('',#7217,1.);
#7217 = DIRECTION('',(-5.19458519614E-02,0.121869343405,0.991185901636)
  );
#7218 = CYLINDRICAL_SURFACE('',#7219,0.40259);
#7219 = AXIS2_PLACEMENT_3D('',#7220,#7221,#7222);
#7220 = CARTESIAN_POINT('',(144.7622727128,53.634132811464,
    9.150349126648));
#7221 = DIRECTION('',(-5.19458519614E-02,0.121869343405,0.991185901636)
  );
#7222 = DIRECTION('',(-0.998629534755,-1.413873079185E-16,
    -5.233595624294E-02));
#7223 = ADVANCED_FACE('',(#7224),#7260,.T.);
#7224 = FACE_BOUND('',#7225,.T.);
#7225 = EDGE_LOOP('',(#7226,#7237,#7245,#7254));
#7226 = ORIENTED_EDGE('',*,*,#7227,.T.);
#7227 = EDGE_CURVE('',#7228,#7230,#7232,.T.);
#7228 = VERTEX_POINT('',#7229);
#7229 = CARTESIAN_POINT('',(144.40794205126,53.522206757399,
    8.218963902955));
#7230 = VERTEX_POINT('',#7231);
#7231 = CARTESIAN_POINT('',(145.21201858005,53.522206757399,
    8.261103768203));
#7232 = CIRCLE('',#7233,0.40259);
#7233 = AXIS2_PLACEMENT_3D('',#7234,#7235,#7236);
#7234 = CARTESIAN_POINT('',(144.80998031565,53.522206757399,
    8.240033835579));
#7235 = DIRECTION('',(-5.19458519614E-02,0.121869343405,0.991185901636)
  );
#7236 = DIRECTION('',(-0.998629534755,-1.413873079185E-16,
    -5.233595624294E-02));
#7237 = ORIENTED_EDGE('',*,*,#7238,.T.);
#7238 = EDGE_CURVE('',#7230,#7239,#7241,.T.);
#7239 = VERTEX_POINT('',#7240);
#7240 = CARTESIAN_POINT('',(145.24574628019,53.541268371789,
    8.418328802152));
#7241 = LINE('',#7242,#7243);
#7242 = CARTESIAN_POINT('',(145.21201858005,53.522206757399,
    8.261103768203));
#7243 = VECTOR('',#7244,1.);
#7244 = DIRECTION('',(0.208288502618,0.117716746228,0.970957603263));
#7245 = ORIENTED_EDGE('',*,*,#7246,.F.);
#7246 = EDGE_CURVE('',#7247,#7239,#7249,.T.);
#7247 = VERTEX_POINT('',#7248);
#7248 = CARTESIAN_POINT('',(144.3579646238,53.541268371789,
    8.371802137052));
#7249 = CIRCLE('',#7250,0.4445);
#7250 = AXIS2_PLACEMENT_3D('',#7251,#7252,#7253);
#7251 = CARTESIAN_POINT('',(144.801855452,53.541268371789,8.395065469602
    ));
#7252 = DIRECTION('',(-5.19458519614E-02,0.121869343405,0.991185901636)
  );
#7253 = DIRECTION('',(-0.998629534755,-1.413873079185E-16,
    -5.233595624294E-02));
#7254 = ORIENTED_EDGE('',*,*,#7255,.F.);
#7255 = EDGE_CURVE('',#7228,#7247,#7256,.T.);
#7256 = LINE('',#7257,#7258);
#7257 = CARTESIAN_POINT('',(144.40794205126,53.522206757399,
    8.218963902955));
#7258 = VECTOR('',#7259,1.);
#7259 = DIRECTION('',(-0.308640182574,0.117716746228,0.943866518825));
#7260 = CONICAL_SURFACE('',#7261,0.40259,0.261799387799);
#7261 = AXIS2_PLACEMENT_3D('',#7262,#7263,#7264);
#7262 = CARTESIAN_POINT('',(144.80998031565,53.522206757399,
    8.240033835579));
#7263 = DIRECTION('',(-5.19458519614E-02,0.121869343405,0.991185901636)
  );
#7264 = DIRECTION('',(-0.998629534755,-1.413873079185E-16,
    -5.233595624294E-02));
#7265 = ADVANCED_FACE('',(#7266),#7292,.T.);
#7266 = FACE_BOUND('',#7267,.T.);
#7267 = EDGE_LOOP('',(#7268,#7279,#7285,#7286));
#7268 = ORIENTED_EDGE('',*,*,#7269,.T.);
#7269 = EDGE_CURVE('',#7270,#7272,#7274,.T.);
#7270 = VERTEX_POINT('',#7271);
#7271 = CARTESIAN_POINT('',(144.48426036455,53.343157567149,
    6.762723735278));
#7272 = VERTEX_POINT('',#7273);
#7273 = CARTESIAN_POINT('',(145.28833689334,53.343157567149,
    6.804863600526));
#7274 = CIRCLE('',#7275,0.40259);
#7275 = AXIS2_PLACEMENT_3D('',#7276,#7277,#7278);
#7276 = CARTESIAN_POINT('',(144.88629862894,53.343157567149,
    6.783793667902));
#7277 = DIRECTION('',(-5.19458519614E-02,0.121869343405,0.991185901636)
  );
#7278 = DIRECTION('',(-0.998629534755,-1.413873079185E-16,
    -5.233595624294E-02));
#7279 = ORIENTED_EDGE('',*,*,#7280,.T.);
#7280 = EDGE_CURVE('',#7272,#7230,#7281,.T.);
#7281 = LINE('',#7282,#7283);
#7282 = CARTESIAN_POINT('',(145.1643109772,53.634132811464,
    9.171419059272));
#7283 = VECTOR('',#7284,1.);
#7284 = DIRECTION('',(-5.19458519614E-02,0.121869343405,0.991185901636)
  );
#7285 = ORIENTED_EDGE('',*,*,#7227,.F.);
#7286 = ORIENTED_EDGE('',*,*,#7287,.F.);
#7287 = EDGE_CURVE('',#7270,#7228,#7288,.T.);
#7288 = LINE('',#7289,#7290);
#7289 = CARTESIAN_POINT('',(144.3602344484,53.634132811464,
    9.129279194024));
#7290 = VECTOR('',#7291,1.);
#7291 = DIRECTION('',(-5.19458519614E-02,0.121869343405,0.991185901636)
  );
#7292 = CYLINDRICAL_SURFACE('',#7293,0.40259);
#7293 = AXIS2_PLACEMENT_3D('',#7294,#7295,#7296);
#7294 = CARTESIAN_POINT('',(144.7622727128,53.634132811464,
    9.150349126648));
#7295 = DIRECTION('',(-5.19458519614E-02,0.121869343405,0.991185901636)
  );
#7296 = DIRECTION('',(-0.998629534755,-1.413873079185E-16,
    -5.233595624294E-02));
#7297 = ADVANCED_FACE('',(#7298),#7324,.T.);
#7298 = FACE_BOUND('',#7299,.T.);
#7299 = EDGE_LOOP('',(#7300,#7311,#7317,#7318));
#7300 = ORIENTED_EDGE('',*,*,#7301,.T.);
#7301 = EDGE_CURVE('',#7302,#7304,#7306,.T.);
#7302 = VERTEX_POINT('',#7303);
#7303 = CARTESIAN_POINT('',(144.56431420902,53.333871123182,
    6.691183369439));
#7304 = VERTEX_POINT('',#7305);
#7305 = CARTESIAN_POINT('',(145.21619959671,53.333871123182,
    6.725347234955));
#7306 = CIRCLE('',#7307,0.32639);
#7307 = AXIS2_PLACEMENT_3D('',#7308,#7309,#7310);
#7308 = CARTESIAN_POINT('',(144.89025690286,53.333871123182,
    6.708265302197));
#7309 = DIRECTION('',(-5.19458519614E-02,0.121869343405,0.991185901636)
  );
#7310 = DIRECTION('',(-0.998629534755,-1.413873079185E-16,
    -5.233595624294E-02));
#7311 = ORIENTED_EDGE('',*,*,#7312,.T.);
#7312 = EDGE_CURVE('',#7304,#7272,#7313,.T.);
#7313 = LINE('',#7314,#7315);
#7314 = CARTESIAN_POINT('',(145.21619959671,53.333871123182,
    6.725347234955));
#7315 = VECTOR('',#7316,1.);
#7316 = DIRECTION('',(0.669406451742,8.617463914053E-02,0.737881382023)
  );
#7317 = ORIENTED_EDGE('',*,*,#7269,.F.);
#7318 = ORIENTED_EDGE('',*,*,#7319,.F.);
#7319 = EDGE_CURVE('',#7302,#7270,#7320,.T.);
#7320 = LINE('',#7321,#7322);
#7321 = CARTESIAN_POINT('',(144.56431420902,53.333871123182,
    6.691183369439));
#7322 = VECTOR('',#7323,1.);
#7323 = DIRECTION('',(-0.742868980095,8.617463914053E-02,0.663867162904)
  );
#7324 = CONICAL_SURFACE('',#7325,0.32639,0.785398163397);
#7325 = AXIS2_PLACEMENT_3D('',#7326,#7327,#7328);
#7326 = CARTESIAN_POINT('',(144.89025690286,53.333871123182,
    6.708265302197));
#7327 = DIRECTION('',(-5.19458519614E-02,0.121869343405,0.991185901636)
  );
#7328 = DIRECTION('',(-0.998629534755,-1.413873079185E-16,
    -5.233595624294E-02));
#7329 = ADVANCED_FACE('',(#7330),#7348,.T.);
#7330 = FACE_BOUND('',#7331,.T.);
#7331 = EDGE_LOOP('',(#7332,#7333,#7340,#7341));
#7332 = ORIENTED_EDGE('',*,*,#7312,.F.);
#7333 = ORIENTED_EDGE('',*,*,#7334,.T.);
#7334 = EDGE_CURVE('',#7304,#7302,#7335,.T.);
#7335 = CIRCLE('',#7336,0.32639);
#7336 = AXIS2_PLACEMENT_3D('',#7337,#7338,#7339);
#7337 = CARTESIAN_POINT('',(144.89025690286,53.333871123182,
    6.708265302197));
#7338 = DIRECTION('',(-5.19458519614E-02,0.121869343405,0.991185901636)
  );
#7339 = DIRECTION('',(-0.998629534755,-1.413873079185E-16,
    -5.233595624294E-02));
#7340 = ORIENTED_EDGE('',*,*,#7319,.T.);
#7341 = ORIENTED_EDGE('',*,*,#7342,.F.);
#7342 = EDGE_CURVE('',#7272,#7270,#7343,.T.);
#7343 = CIRCLE('',#7344,0.40259);
#7344 = AXIS2_PLACEMENT_3D('',#7345,#7346,#7347);
#7345 = CARTESIAN_POINT('',(144.88629862894,53.343157567149,
    6.783793667902));
#7346 = DIRECTION('',(-5.19458519614E-02,0.121869343405,0.991185901636)
  );
#7347 = DIRECTION('',(-0.998629534755,-1.413873079185E-16,
    -5.233595624294E-02));
#7348 = CONICAL_SURFACE('',#7349,0.32639,0.785398163397);
#7349 = AXIS2_PLACEMENT_3D('',#7350,#7351,#7352);
#7350 = CARTESIAN_POINT('',(144.89025690286,53.333871123182,
    6.708265302197));
#7351 = DIRECTION('',(-5.19458519614E-02,0.121869343405,0.991185901636)
  );
#7352 = DIRECTION('',(-0.998629534755,-1.413873079185E-16,
    -5.233595624294E-02));
#7353 = ADVANCED_FACE('',(#7354),#7366,.T.);
#7354 = FACE_BOUND('',#7355,.T.);
#7355 = EDGE_LOOP('',(#7356,#7357,#7358,#7359));
#7356 = ORIENTED_EDGE('',*,*,#7280,.F.);
#7357 = ORIENTED_EDGE('',*,*,#7342,.T.);
#7358 = ORIENTED_EDGE('',*,*,#7287,.T.);
#7359 = ORIENTED_EDGE('',*,*,#7360,.F.);
#7360 = EDGE_CURVE('',#7230,#7228,#7361,.T.);
#7361 = CIRCLE('',#7362,0.40259);
#7362 = AXIS2_PLACEMENT_3D('',#7363,#7364,#7365);
#7363 = CARTESIAN_POINT('',(144.80998031565,53.522206757399,
    8.240033835579));
#7364 = DIRECTION('',(-5.19458519614E-02,0.121869343405,0.991185901636)
  );
#7365 = DIRECTION('',(-0.998629534755,-1.413873079185E-16,
    -5.233595624294E-02));
#7366 = CYLINDRICAL_SURFACE('',#7367,0.40259);
#7367 = AXIS2_PLACEMENT_3D('',#7368,#7369,#7370);
#7368 = CARTESIAN_POINT('',(144.7622727128,53.634132811464,
    9.150349126648));
#7369 = DIRECTION('',(-5.19458519614E-02,0.121869343405,0.991185901636)
  );
#7370 = DIRECTION('',(-0.998629534755,-1.413873079185E-16,
    -5.233595624294E-02));
#7371 = ADVANCED_FACE('',(#7372),#7384,.T.);
#7372 = FACE_BOUND('',#7373,.T.);
#7373 = EDGE_LOOP('',(#7374,#7375,#7376,#7377));
#7374 = ORIENTED_EDGE('',*,*,#7238,.F.);
#7375 = ORIENTED_EDGE('',*,*,#7360,.T.);
#7376 = ORIENTED_EDGE('',*,*,#7255,.T.);
#7377 = ORIENTED_EDGE('',*,*,#7378,.F.);
#7378 = EDGE_CURVE('',#7239,#7247,#7379,.T.);
#7379 = CIRCLE('',#7380,0.4445);
#7380 = AXIS2_PLACEMENT_3D('',#7381,#7382,#7383);
#7381 = CARTESIAN_POINT('',(144.801855452,53.541268371789,8.395065469602
    ));
#7382 = DIRECTION('',(-5.19458519614E-02,0.121869343405,0.991185901636)
  );
#7383 = DIRECTION('',(-0.998629534755,-1.413873079185E-16,
    -5.233595624294E-02));
#7384 = CONICAL_SURFACE('',#7385,0.40259,0.261799387799);
#7385 = AXIS2_PLACEMENT_3D('',#7386,#7387,#7388);
#7386 = CARTESIAN_POINT('',(144.80998031565,53.522206757399,
    8.240033835579));
#7387 = DIRECTION('',(-5.19458519614E-02,0.121869343405,0.991185901636)
  );
#7388 = DIRECTION('',(-0.998629534755,-1.413873079185E-16,
    -5.233595624294E-02));
#7389 = ADVANCED_FACE('',(#7390,#7400),#7404,.F.);
#7390 = FACE_BOUND('',#7391,.T.);
#7391 = EDGE_LOOP('',(#7392,#7393));
#7392 = ORIENTED_EDGE('',*,*,#7185,.F.);
#7393 = ORIENTED_EDGE('',*,*,#7394,.F.);
#7394 = EDGE_CURVE('',#7188,#7186,#7395,.T.);
#7395 = CIRCLE('',#7396,0.40259);
#7396 = AXIS2_PLACEMENT_3D('',#7397,#7398,#7399);
#7397 = CARTESIAN_POINT('',(144.801855452,53.541268371789,8.395065469602
    ));
#7398 = DIRECTION('',(-5.19458519614E-02,0.121869343405,0.991185901636)
  );
#7399 = DIRECTION('',(-0.998629534755,-1.413873079185E-16,
    -5.233595624294E-02));
#7400 = FACE_BOUND('',#7401,.T.);
#7401 = EDGE_LOOP('',(#7402,#7403));
#7402 = ORIENTED_EDGE('',*,*,#7246,.T.);
#7403 = ORIENTED_EDGE('',*,*,#7378,.T.);
#7404 = PLANE('',#7405);
#7405 = AXIS2_PLACEMENT_3D('',#7406,#7407,#7408);
#7406 = CARTESIAN_POINT('',(144.79928767314,53.1416792166,8.444061608907
    ));
#7407 = DIRECTION('',(5.19458519614E-02,-0.121869343405,-0.991185901636)
  );
#7408 = DIRECTION('',(0.998629534755,1.413873079185E-16,
    5.233595624294E-02));
#7409 = ADVANCED_FACE('',(#7410),#7422,.T.);
#7410 = FACE_BOUND('',#7411,.T.);
#7411 = EDGE_LOOP('',(#7412,#7413,#7414,#7415));
#7412 = ORIENTED_EDGE('',*,*,#7196,.F.);
#7413 = ORIENTED_EDGE('',*,*,#7394,.T.);
#7414 = ORIENTED_EDGE('',*,*,#7213,.T.);
#7415 = ORIENTED_EDGE('',*,*,#7416,.F.);
#7416 = EDGE_CURVE('',#7197,#7205,#7417,.T.);
#7417 = CIRCLE('',#7418,0.40259);
#7418 = AXIS2_PLACEMENT_3D('',#7419,#7420,#7421);
#7419 = CARTESIAN_POINT('',(144.7754669592,53.603177998239,
    8.898587907633));
#7420 = DIRECTION('',(-5.19458519614E-02,0.121869343405,0.991185901636)
  );
#7421 = DIRECTION('',(-0.998629534755,-1.413873079185E-16,
    -5.233595624294E-02));
#7422 = CYLINDRICAL_SURFACE('',#7423,0.40259);
#7423 = AXIS2_PLACEMENT_3D('',#7424,#7425,#7426);
#7424 = CARTESIAN_POINT('',(144.7622727128,53.634132811464,
    9.150349126648));
#7425 = DIRECTION('',(-5.19458519614E-02,0.121869343405,0.991185901636)
  );
#7426 = DIRECTION('',(-0.998629534755,-1.413873079185E-16,
    -5.233595624294E-02));
#7427 = ADVANCED_FACE('',(#7428,#7438),#7442,.F.);
#7428 = FACE_BOUND('',#7429,.T.);
#7429 = EDGE_LOOP('',(#7430,#7431));
#7430 = ORIENTED_EDGE('',*,*,#7143,.F.);
#7431 = ORIENTED_EDGE('',*,*,#7432,.F.);
#7432 = EDGE_CURVE('',#7146,#7144,#7433,.T.);
#7433 = CIRCLE('',#7434,0.5334);
#7434 = AXIS2_PLACEMENT_3D('',#7435,#7436,#7437);
#7435 = CARTESIAN_POINT('',(144.7754669592,53.603177998239,
    8.898587907633));
#7436 = DIRECTION('',(-5.19458519614E-02,0.121869343405,0.991185901636)
  );
#7437 = DIRECTION('',(-0.998629534755,-1.413873079185E-16,
    -5.233595624294E-02));
#7438 = FACE_BOUND('',#7439,.T.);
#7439 = EDGE_LOOP('',(#7440,#7441));
#7440 = ORIENTED_EDGE('',*,*,#7204,.T.);
#7441 = ORIENTED_EDGE('',*,*,#7416,.T.);
#7442 = PLANE('',#7443);
#7443 = AXIS2_PLACEMENT_3D('',#7444,#7445,#7446);
#7444 = CARTESIAN_POINT('',(144.77206485472,53.073753880953,
    8.963503928164));
#7445 = DIRECTION('',(-5.19458519614E-02,0.121869343405,0.991185901636)
  );
#7446 = DIRECTION('',(-0.998629534755,-1.413873079185E-16,
    -5.233595624294E-02));
#7447 = ADVANCED_FACE('',(#7448),#7460,.T.);
#7448 = FACE_BOUND('',#7449,.T.);
#7449 = EDGE_LOOP('',(#7450,#7451,#7452,#7453));
#7450 = ORIENTED_EDGE('',*,*,#7154,.F.);
#7451 = ORIENTED_EDGE('',*,*,#7432,.T.);
#7452 = ORIENTED_EDGE('',*,*,#7171,.T.);
#7453 = ORIENTED_EDGE('',*,*,#7454,.F.);
#7454 = EDGE_CURVE('',#7155,#7163,#7455,.T.);
#7455 = CIRCLE('',#7456,0.5334);
#7456 = AXIS2_PLACEMENT_3D('',#7457,#7458,#7459);
#7457 = CARTESIAN_POINT('',(144.7622727128,53.634132811464,
    9.150349126648));
#7458 = DIRECTION('',(-5.19458519614E-02,0.121869343405,0.991185901636)
  );
#7459 = DIRECTION('',(-0.998629534755,-1.413873079185E-16,
    -5.233595624294E-02));
#7460 = CYLINDRICAL_SURFACE('',#7461,0.5334);
#7461 = AXIS2_PLACEMENT_3D('',#7462,#7463,#7464);
#7462 = CARTESIAN_POINT('',(144.7622727128,53.634132811464,
    9.150349126648));
#7463 = DIRECTION('',(-5.19458519614E-02,0.121869343405,0.991185901636)
  );
#7464 = DIRECTION('',(-0.998629534755,-1.413873079185E-16,
    -5.233595624294E-02));
#7465 = ADVANCED_FACE('',(#7466),#7470,.F.);
#7466 = FACE_BOUND('',#7467,.T.);
#7467 = EDGE_LOOP('',(#7468,#7469));
#7468 = ORIENTED_EDGE('',*,*,#7162,.T.);
#7469 = ORIENTED_EDGE('',*,*,#7454,.T.);
#7470 = PLANE('',#7471);
#7471 = AXIS2_PLACEMENT_3D('',#7472,#7473,#7474);
#7472 = CARTESIAN_POINT('',(144.7622727128,53.634132811464,
    9.150349126648));
#7473 = DIRECTION('',(5.19458519614E-02,-0.121869343405,-0.991185901636)
  );
#7474 = DIRECTION('',(0.998629534755,1.413873079185E-16,
    5.233595624294E-02));
#7475 = ADVANCED_FACE('',(#7476),#7480,.F.);
#7476 = FACE_BOUND('',#7477,.T.);
#7477 = EDGE_LOOP('',(#7478,#7479));
#7478 = ORIENTED_EDGE('',*,*,#7301,.F.);
#7479 = ORIENTED_EDGE('',*,*,#7334,.F.);
#7480 = PLANE('',#7481);
#7481 = AXIS2_PLACEMENT_3D('',#7482,#7483,#7484);
#7482 = CARTESIAN_POINT('',(144.88817513893,53.009913984748,
    6.747987724284));
#7483 = DIRECTION('',(-5.19458519614E-02,0.121869343405,0.991185901636)
  );
#7484 = DIRECTION('',(-0.998629534755,-1.413873079185E-16,
    -5.233595624294E-02));
#7485 = MANIFOLD_SOLID_BREP('',#7486);
#7486 = CLOSED_SHELL('',(#7487,#7529,#7571,#7613,#7645,#7677,#7701,#7719
    ,#7737,#7757,#7775,#7795,#7813,#7823));
#7487 = ADVANCED_FACE('',(#7488),#7524,.T.);
#7488 = FACE_BOUND('',#7489,.T.);
#7489 = EDGE_LOOP('',(#7490,#7501,#7509,#7518));
#7490 = ORIENTED_EDGE('',*,*,#7491,.T.);
#7491 = EDGE_CURVE('',#7492,#7494,#7496,.T.);
#7492 = VERTEX_POINT('',#7493);
#7493 = CARTESIAN_POINT('',(144.23469771661,52.342644385654,
    9.025233862219));
#7494 = VERTEX_POINT('',#7495);
#7495 = CARTESIAN_POINT('',(145.30003570429,52.342644385654,
    9.081065860339));
#7496 = CIRCLE('',#7497,0.5334);
#7497 = AXIS2_PLACEMENT_3D('',#7498,#7499,#7500);
#7498 = CARTESIAN_POINT('',(144.76736671045,52.342644385654,
    9.053149861279));
#7499 = DIRECTION('',(-5.19458519614E-02,0.121869343405,0.991185901636)
  );
#7500 = DIRECTION('',(-0.998629534755,-1.413873079185E-16,
    -5.233595624294E-02));
#7501 = ORIENTED_EDGE('',*,*,#7502,.T.);
#7502 = EDGE_CURVE('',#7494,#7503,#7505,.T.);
#7503 = VERTEX_POINT('',#7504);
#7504 = CARTESIAN_POINT('',(145.28684145789,52.373599198879,
    9.332827079354));
#7505 = LINE('',#7506,#7507);
#7506 = CARTESIAN_POINT('',(145.28684145789,52.373599198879,
    9.332827079354));
#7507 = VECTOR('',#7508,1.);
#7508 = DIRECTION('',(-5.19458519614E-02,0.121869343405,0.991185901636)
  );
#7509 = ORIENTED_EDGE('',*,*,#7510,.F.);
#7510 = EDGE_CURVE('',#7511,#7503,#7513,.T.);
#7511 = VERTEX_POINT('',#7512);
#7512 = CARTESIAN_POINT('',(144.22150347021,52.373599198879,
    9.276995081234));
#7513 = CIRCLE('',#7514,0.5334);
#7514 = AXIS2_PLACEMENT_3D('',#7515,#7516,#7517);
#7515 = CARTESIAN_POINT('',(144.75417246405,52.373599198879,
    9.304911080294));
#7516 = DIRECTION('',(-5.19458519614E-02,0.121869343405,0.991185901636)
  );
#7517 = DIRECTION('',(-0.998629534755,-1.413873079185E-16,
    -5.233595624294E-02));
#7518 = ORIENTED_EDGE('',*,*,#7519,.F.);
#7519 = EDGE_CURVE('',#7492,#7511,#7520,.T.);
#7520 = LINE('',#7521,#7522);
#7521 = CARTESIAN_POINT('',(144.22150347021,52.373599198879,
    9.276995081234));
#7522 = VECTOR('',#7523,1.);
#7523 = DIRECTION('',(-5.19458519614E-02,0.121869343405,0.991185901636)
  );
#7524 = CYLINDRICAL_SURFACE('',#7525,0.5334);
#7525 = AXIS2_PLACEMENT_3D('',#7526,#7527,#7528);
#7526 = CARTESIAN_POINT('',(144.75417246405,52.373599198879,
    9.304911080294));
#7527 = DIRECTION('',(-5.19458519614E-02,0.121869343405,0.991185901636)
  );
#7528 = DIRECTION('',(-0.998629534755,-1.413873079185E-16,
    -5.233595624294E-02));
#7529 = ADVANCED_FACE('',(#7530),#7566,.T.);
#7530 = FACE_BOUND('',#7531,.T.);
#7531 = EDGE_LOOP('',(#7532,#7543,#7551,#7560));
#7532 = ORIENTED_EDGE('',*,*,#7533,.T.);
#7533 = EDGE_CURVE('',#7534,#7536,#7538,.T.);
#7534 = VERTEX_POINT('',#7535);
#7535 = CARTESIAN_POINT('',(144.39171693885,52.280734759204,
    8.528557490624));
#7536 = VERTEX_POINT('',#7537);
#7537 = CARTESIAN_POINT('',(145.19579346764,52.280734759204,
    8.570697355871));
#7538 = CIRCLE('',#7539,0.40259);
#7539 = AXIS2_PLACEMENT_3D('',#7540,#7541,#7542);
#7540 = CARTESIAN_POINT('',(144.79375520324,52.280734759204,
    8.549627423248));
#7541 = DIRECTION('',(-5.19458519614E-02,0.121869343405,0.991185901636)
  );
#7542 = DIRECTION('',(-0.998629534755,-1.413873079185E-16,
    -5.233595624294E-02));
#7543 = ORIENTED_EDGE('',*,*,#7544,.T.);
#7544 = EDGE_CURVE('',#7536,#7545,#7547,.T.);
#7545 = VERTEX_POINT('',#7546);
#7546 = CARTESIAN_POINT('',(145.16940497484,52.342644385654,
    9.074219793903));
#7547 = LINE('',#7548,#7549);
#7548 = CARTESIAN_POINT('',(145.15621072845,52.373599198879,
    9.325981012918));
#7549 = VECTOR('',#7550,1.);
#7550 = DIRECTION('',(-5.19458519614E-02,0.121869343405,0.991185901636)
  );
#7551 = ORIENTED_EDGE('',*,*,#7552,.F.);
#7552 = EDGE_CURVE('',#7553,#7545,#7555,.T.);
#7553 = VERTEX_POINT('',#7554);
#7554 = CARTESIAN_POINT('',(144.36532844605,52.342644385654,
    9.032079928655));
#7555 = CIRCLE('',#7556,0.40259);
#7556 = AXIS2_PLACEMENT_3D('',#7557,#7558,#7559);
#7557 = CARTESIAN_POINT('',(144.76736671045,52.342644385654,
    9.053149861279));
#7558 = DIRECTION('',(-5.19458519614E-02,0.121869343405,0.991185901636)
  );
#7559 = DIRECTION('',(-0.998629534755,-1.413873079185E-16,
    -5.233595624294E-02));
#7560 = ORIENTED_EDGE('',*,*,#7561,.F.);
#7561 = EDGE_CURVE('',#7534,#7553,#7562,.T.);
#7562 = LINE('',#7563,#7564);
#7563 = CARTESIAN_POINT('',(144.35213419965,52.373599198879,
    9.28384114767));
#7564 = VECTOR('',#7565,1.);
#7565 = DIRECTION('',(-5.19458519614E-02,0.121869343405,0.991185901636)
  );
#7566 = CYLINDRICAL_SURFACE('',#7567,0.40259);
#7567 = AXIS2_PLACEMENT_3D('',#7568,#7569,#7570);
#7568 = CARTESIAN_POINT('',(144.75417246405,52.373599198879,
    9.304911080294));
#7569 = DIRECTION('',(-5.19458519614E-02,0.121869343405,0.991185901636)
  );
#7570 = DIRECTION('',(-0.998629534755,-1.413873079185E-16,
    -5.233595624294E-02));
#7571 = ADVANCED_FACE('',(#7572),#7608,.T.);
#7572 = FACE_BOUND('',#7573,.T.);
#7573 = EDGE_LOOP('',(#7574,#7585,#7593,#7602));
#7574 = ORIENTED_EDGE('',*,*,#7575,.T.);
#7575 = EDGE_CURVE('',#7576,#7578,#7580,.T.);
#7576 = VERTEX_POINT('',#7577);
#7577 = CARTESIAN_POINT('',(144.3998418025,52.261673144815,
    8.373525856601));
#7578 = VERTEX_POINT('',#7579);
#7579 = CARTESIAN_POINT('',(145.2039183313,52.261673144815,
    8.415665721849));
#7580 = CIRCLE('',#7581,0.40259);
#7581 = AXIS2_PLACEMENT_3D('',#7582,#7583,#7584);
#7582 = CARTESIAN_POINT('',(144.8018800669,52.261673144815,
    8.394595789225));
#7583 = DIRECTION('',(-5.19458519614E-02,0.121869343405,0.991185901636)
  );
#7584 = DIRECTION('',(-0.998629534755,-1.413873079185E-16,
    -5.233595624294E-02));
#7585 = ORIENTED_EDGE('',*,*,#7586,.T.);
#7586 = EDGE_CURVE('',#7578,#7587,#7589,.T.);
#7587 = VERTEX_POINT('',#7588);
#7588 = CARTESIAN_POINT('',(145.23764603144,52.280734759204,
    8.572890755798));
#7589 = LINE('',#7590,#7591);
#7590 = CARTESIAN_POINT('',(145.2039183313,52.261673144815,
    8.415665721849));
#7591 = VECTOR('',#7592,1.);
#7592 = DIRECTION('',(0.208288502618,0.117716746228,0.970957603263));
#7593 = ORIENTED_EDGE('',*,*,#7594,.F.);
#7594 = EDGE_CURVE('',#7595,#7587,#7597,.T.);
#7595 = VERTEX_POINT('',#7596);
#7596 = CARTESIAN_POINT('',(144.34986437505,52.280734759204,
    8.526364090698));
#7597 = CIRCLE('',#7598,0.4445);
#7598 = AXIS2_PLACEMENT_3D('',#7599,#7600,#7601);
#7599 = CARTESIAN_POINT('',(144.79375520324,52.280734759204,
    8.549627423248));
#7600 = DIRECTION('',(-5.19458519614E-02,0.121869343405,0.991185901636)
  );
#7601 = DIRECTION('',(-0.998629534755,-1.413873079185E-16,
    -5.233595624294E-02));
#7602 = ORIENTED_EDGE('',*,*,#7603,.F.);
#7603 = EDGE_CURVE('',#7576,#7595,#7604,.T.);
#7604 = LINE('',#7605,#7606);
#7605 = CARTESIAN_POINT('',(144.3998418025,52.261673144815,
    8.373525856601));
#7606 = VECTOR('',#7607,1.);
#7607 = DIRECTION('',(-0.308640182574,0.117716746228,0.943866518825));
#7608 = CONICAL_SURFACE('',#7609,0.40259,0.261799387799);
#7609 = AXIS2_PLACEMENT_3D('',#7610,#7611,#7612);
#7610 = CARTESIAN_POINT('',(144.8018800669,52.261673144815,
    8.394595789225));
#7611 = DIRECTION('',(-5.19458519614E-02,0.121869343405,0.991185901636)
  );
#7612 = DIRECTION('',(-0.998629534755,-1.413873079185E-16,
    -5.233595624294E-02));
#7613 = ADVANCED_FACE('',(#7614),#7640,.T.);
#7614 = FACE_BOUND('',#7615,.T.);
#7615 = EDGE_LOOP('',(#7616,#7627,#7633,#7634));
#7616 = ORIENTED_EDGE('',*,*,#7617,.T.);
#7617 = EDGE_CURVE('',#7618,#7620,#7622,.T.);
#7618 = VERTEX_POINT('',#7619);
#7619 = CARTESIAN_POINT('',(144.4761601158,52.082623954565,
    6.917285688924));
#7620 = VERTEX_POINT('',#7621);
#7621 = CARTESIAN_POINT('',(145.28023664459,52.082623954565,
    6.959425554172));
#7622 = CIRCLE('',#7623,0.40259);
#7623 = AXIS2_PLACEMENT_3D('',#7624,#7625,#7626);
#7624 = CARTESIAN_POINT('',(144.87819838019,52.082623954565,
    6.938355621548));
#7625 = DIRECTION('',(-5.19458519614E-02,0.121869343405,0.991185901636)
  );
#7626 = DIRECTION('',(-0.998629534755,-1.413873079185E-16,
    -5.233595624294E-02));
#7627 = ORIENTED_EDGE('',*,*,#7628,.T.);
#7628 = EDGE_CURVE('',#7620,#7578,#7629,.T.);
#7629 = LINE('',#7630,#7631);
#7630 = CARTESIAN_POINT('',(145.15621072845,52.373599198879,
    9.325981012918));
#7631 = VECTOR('',#7632,1.);
#7632 = DIRECTION('',(-5.19458519614E-02,0.121869343405,0.991185901636)
  );
#7633 = ORIENTED_EDGE('',*,*,#7575,.F.);
#7634 = ORIENTED_EDGE('',*,*,#7635,.F.);
#7635 = EDGE_CURVE('',#7618,#7576,#7636,.T.);
#7636 = LINE('',#7637,#7638);
#7637 = CARTESIAN_POINT('',(144.35213419965,52.373599198879,
    9.28384114767));
#7638 = VECTOR('',#7639,1.);
#7639 = DIRECTION('',(-5.19458519614E-02,0.121869343405,0.991185901636)
  );
#7640 = CYLINDRICAL_SURFACE('',#7641,0.40259);
#7641 = AXIS2_PLACEMENT_3D('',#7642,#7643,#7644);
#7642 = CARTESIAN_POINT('',(144.75417246405,52.373599198879,
    9.304911080294));
#7643 = DIRECTION('',(-5.19458519614E-02,0.121869343405,0.991185901636)
  );
#7644 = DIRECTION('',(-0.998629534755,-1.413873079185E-16,
    -5.233595624294E-02));
#7645 = ADVANCED_FACE('',(#7646),#7672,.T.);
#7646 = FACE_BOUND('',#7647,.T.);
#7647 = EDGE_LOOP('',(#7648,#7659,#7665,#7666));
#7648 = ORIENTED_EDGE('',*,*,#7649,.T.);
#7649 = EDGE_CURVE('',#7650,#7652,#7654,.T.);
#7650 = VERTEX_POINT('',#7651);
#7651 = CARTESIAN_POINT('',(144.55621396026,52.073337510597,
    6.845745323085));
#7652 = VERTEX_POINT('',#7653);
#7653 = CARTESIAN_POINT('',(145.20809934796,52.073337510597,
    6.879909188602));
#7654 = CIRCLE('',#7655,0.32639);
#7655 = AXIS2_PLACEMENT_3D('',#7656,#7657,#7658);
#7656 = CARTESIAN_POINT('',(144.88215665411,52.073337510597,
    6.862827255843));
#7657 = DIRECTION('',(-5.19458519614E-02,0.121869343405,0.991185901636)
  );
#7658 = DIRECTION('',(-0.998629534755,-1.413873079185E-16,
    -5.233595624294E-02));
#7659 = ORIENTED_EDGE('',*,*,#7660,.T.);
#7660 = EDGE_CURVE('',#7652,#7620,#7661,.T.);
#7661 = LINE('',#7662,#7663);
#7662 = CARTESIAN_POINT('',(145.20809934796,52.073337510597,
    6.879909188602));
#7663 = VECTOR('',#7664,1.);
#7664 = DIRECTION('',(0.669406451742,8.617463914053E-02,0.737881382023)
  );
#7665 = ORIENTED_EDGE('',*,*,#7617,.F.);
#7666 = ORIENTED_EDGE('',*,*,#7667,.F.);
#7667 = EDGE_CURVE('',#7650,#7618,#7668,.T.);
#7668 = LINE('',#7669,#7670);
#7669 = CARTESIAN_POINT('',(144.55621396026,52.073337510597,
    6.845745323085));
#7670 = VECTOR('',#7671,1.);
#7671 = DIRECTION('',(-0.742868980095,8.617463914053E-02,0.663867162904)
  );
#7672 = CONICAL_SURFACE('',#7673,0.32639,0.785398163397);
#7673 = AXIS2_PLACEMENT_3D('',#7674,#7675,#7676);
#7674 = CARTESIAN_POINT('',(144.88215665411,52.073337510597,
    6.862827255843));
#7675 = DIRECTION('',(-5.19458519614E-02,0.121869343405,0.991185901636)
  );
#7676 = DIRECTION('',(-0.998629534755,-1.413873079185E-16,
    -5.233595624294E-02));
#7677 = ADVANCED_FACE('',(#7678),#7696,.T.);
#7678 = FACE_BOUND('',#7679,.T.);
#7679 = EDGE_LOOP('',(#7680,#7681,#7688,#7689));
#7680 = ORIENTED_EDGE('',*,*,#7660,.F.);
#7681 = ORIENTED_EDGE('',*,*,#7682,.T.);
#7682 = EDGE_CURVE('',#7652,#7650,#7683,.T.);
#7683 = CIRCLE('',#7684,0.32639);
#7684 = AXIS2_PLACEMENT_3D('',#7685,#7686,#7687);
#7685 = CARTESIAN_POINT('',(144.88215665411,52.073337510597,
    6.862827255843));
#7686 = DIRECTION('',(-5.19458519614E-02,0.121869343405,0.991185901636)
  );
#7687 = DIRECTION('',(-0.998629534755,-1.413873079185E-16,
    -5.233595624294E-02));
#7688 = ORIENTED_EDGE('',*,*,#7667,.T.);
#7689 = ORIENTED_EDGE('',*,*,#7690,.F.);
#7690 = EDGE_CURVE('',#7620,#7618,#7691,.T.);
#7691 = CIRCLE('',#7692,0.40259);
#7692 = AXIS2_PLACEMENT_3D('',#7693,#7694,#7695);
#7693 = CARTESIAN_POINT('',(144.87819838019,52.082623954565,
    6.938355621548));
#7694 = DIRECTION('',(-5.19458519614E-02,0.121869343405,0.991185901636)
  );
#7695 = DIRECTION('',(-0.998629534755,-1.413873079185E-16,
    -5.233595624294E-02));
#7696 = CONICAL_SURFACE('',#7697,0.32639,0.785398163397);
#7697 = AXIS2_PLACEMENT_3D('',#7698,#7699,#7700);
#7698 = CARTESIAN_POINT('',(144.88215665411,52.073337510597,
    6.862827255843));
#7699 = DIRECTION('',(-5.19458519614E-02,0.121869343405,0.991185901636)
  );
#7700 = DIRECTION('',(-0.998629534755,-1.413873079185E-16,
    -5.233595624294E-02));
#7701 = ADVANCED_FACE('',(#7702),#7714,.T.);
#7702 = FACE_BOUND('',#7703,.T.);
#7703 = EDGE_LOOP('',(#7704,#7705,#7706,#7707));
#7704 = ORIENTED_EDGE('',*,*,#7628,.F.);
#7705 = ORIENTED_EDGE('',*,*,#7690,.T.);
#7706 = ORIENTED_EDGE('',*,*,#7635,.T.);
#7707 = ORIENTED_EDGE('',*,*,#7708,.F.);
#7708 = EDGE_CURVE('',#7578,#7576,#7709,.T.);
#7709 = CIRCLE('',#7710,0.40259);
#7710 = AXIS2_PLACEMENT_3D('',#7711,#7712,#7713);
#7711 = CARTESIAN_POINT('',(144.8018800669,52.261673144815,
    8.394595789225));
#7712 = DIRECTION('',(-5.19458519614E-02,0.121869343405,0.991185901636)
  );
#7713 = DIRECTION('',(-0.998629534755,-1.413873079185E-16,
    -5.233595624294E-02));
#7714 = CYLINDRICAL_SURFACE('',#7715,0.40259);
#7715 = AXIS2_PLACEMENT_3D('',#7716,#7717,#7718);
#7716 = CARTESIAN_POINT('',(144.75417246405,52.373599198879,
    9.304911080294));
#7717 = DIRECTION('',(-5.19458519614E-02,0.121869343405,0.991185901636)
  );
#7718 = DIRECTION('',(-0.998629534755,-1.413873079185E-16,
    -5.233595624294E-02));
#7719 = ADVANCED_FACE('',(#7720),#7732,.T.);
#7720 = FACE_BOUND('',#7721,.T.);
#7721 = EDGE_LOOP('',(#7722,#7723,#7724,#7725));
#7722 = ORIENTED_EDGE('',*,*,#7586,.F.);
#7723 = ORIENTED_EDGE('',*,*,#7708,.T.);
#7724 = ORIENTED_EDGE('',*,*,#7603,.T.);
#7725 = ORIENTED_EDGE('',*,*,#7726,.F.);
#7726 = EDGE_CURVE('',#7587,#7595,#7727,.T.);
#7727 = CIRCLE('',#7728,0.4445);
#7728 = AXIS2_PLACEMENT_3D('',#7729,#7730,#7731);
#7729 = CARTESIAN_POINT('',(144.79375520324,52.280734759204,
    8.549627423248));
#7730 = DIRECTION('',(-5.19458519614E-02,0.121869343405,0.991185901636)
  );
#7731 = DIRECTION('',(-0.998629534755,-1.413873079185E-16,
    -5.233595624294E-02));
#7732 = CONICAL_SURFACE('',#7733,0.40259,0.261799387799);
#7733 = AXIS2_PLACEMENT_3D('',#7734,#7735,#7736);
#7734 = CARTESIAN_POINT('',(144.8018800669,52.261673144815,
    8.394595789225));
#7735 = DIRECTION('',(-5.19458519614E-02,0.121869343405,0.991185901636)
  );
#7736 = DIRECTION('',(-0.998629534755,-1.413873079185E-16,
    -5.233595624294E-02));
#7737 = ADVANCED_FACE('',(#7738,#7748),#7752,.F.);
#7738 = FACE_BOUND('',#7739,.T.);
#7739 = EDGE_LOOP('',(#7740,#7741));
#7740 = ORIENTED_EDGE('',*,*,#7533,.F.);
#7741 = ORIENTED_EDGE('',*,*,#7742,.F.);
#7742 = EDGE_CURVE('',#7536,#7534,#7743,.T.);
#7743 = CIRCLE('',#7744,0.40259);
#7744 = AXIS2_PLACEMENT_3D('',#7745,#7746,#7747);
#7745 = CARTESIAN_POINT('',(144.79375520324,52.280734759204,
    8.549627423248));
#7746 = DIRECTION('',(-5.19458519614E-02,0.121869343405,0.991185901636)
  );
#7747 = DIRECTION('',(-0.998629534755,-1.413873079185E-16,
    -5.233595624294E-02));
#7748 = FACE_BOUND('',#7749,.T.);
#7749 = EDGE_LOOP('',(#7750,#7751));
#7750 = ORIENTED_EDGE('',*,*,#7594,.T.);
#7751 = ORIENTED_EDGE('',*,*,#7726,.T.);
#7752 = PLANE('',#7753);
#7753 = AXIS2_PLACEMENT_3D('',#7754,#7755,#7756);
#7754 = CARTESIAN_POINT('',(144.79118742439,51.881145604015,
    8.598623562553));
#7755 = DIRECTION('',(5.19458519614E-02,-0.121869343405,-0.991185901636)
  );
#7756 = DIRECTION('',(0.998629534755,1.413873079185E-16,
    5.233595624294E-02));
#7757 = ADVANCED_FACE('',(#7758),#7770,.T.);
#7758 = FACE_BOUND('',#7759,.T.);
#7759 = EDGE_LOOP('',(#7760,#7761,#7762,#7763));
#7760 = ORIENTED_EDGE('',*,*,#7544,.F.);
#7761 = ORIENTED_EDGE('',*,*,#7742,.T.);
#7762 = ORIENTED_EDGE('',*,*,#7561,.T.);
#7763 = ORIENTED_EDGE('',*,*,#7764,.F.);
#7764 = EDGE_CURVE('',#7545,#7553,#7765,.T.);
#7765 = CIRCLE('',#7766,0.40259);
#7766 = AXIS2_PLACEMENT_3D('',#7767,#7768,#7769);
#7767 = CARTESIAN_POINT('',(144.76736671045,52.342644385654,
    9.053149861279));
#7768 = DIRECTION('',(-5.19458519614E-02,0.121869343405,0.991185901636)
  );
#7769 = DIRECTION('',(-0.998629534755,-1.413873079185E-16,
    -5.233595624294E-02));
#7770 = CYLINDRICAL_SURFACE('',#7771,0.40259);
#7771 = AXIS2_PLACEMENT_3D('',#7772,#7773,#7774);
#7772 = CARTESIAN_POINT('',(144.75417246405,52.373599198879,
    9.304911080294));
#7773 = DIRECTION('',(-5.19458519614E-02,0.121869343405,0.991185901636)
  );
#7774 = DIRECTION('',(-0.998629534755,-1.413873079185E-16,
    -5.233595624294E-02));
#7775 = ADVANCED_FACE('',(#7776,#7786),#7790,.F.);
#7776 = FACE_BOUND('',#7777,.T.);
#7777 = EDGE_LOOP('',(#7778,#7779));
#7778 = ORIENTED_EDGE('',*,*,#7491,.F.);
#7779 = ORIENTED_EDGE('',*,*,#7780,.F.);
#7780 = EDGE_CURVE('',#7494,#7492,#7781,.T.);
#7781 = CIRCLE('',#7782,0.5334);
#7782 = AXIS2_PLACEMENT_3D('',#7783,#7784,#7785);
#7783 = CARTESIAN_POINT('',(144.76736671045,52.342644385654,
    9.053149861279));
#7784 = DIRECTION('',(-5.19458519614E-02,0.121869343405,0.991185901636)
  );
#7785 = DIRECTION('',(-0.998629534755,-1.413873079185E-16,
    -5.233595624294E-02));
#7786 = FACE_BOUND('',#7787,.T.);
#7787 = EDGE_LOOP('',(#7788,#7789));
#7788 = ORIENTED_EDGE('',*,*,#7552,.T.);
#7789 = ORIENTED_EDGE('',*,*,#7764,.T.);
#7790 = PLANE('',#7791);
#7791 = AXIS2_PLACEMENT_3D('',#7792,#7793,#7794);
#7792 = CARTESIAN_POINT('',(144.76396460597,51.813220268369,
    9.11806588181));
#7793 = DIRECTION('',(-5.19458519614E-02,0.121869343405,0.991185901636)
  );
#7794 = DIRECTION('',(-0.998629534755,-1.413873079185E-16,
    -5.233595624294E-02));
#7795 = ADVANCED_FACE('',(#7796),#7808,.T.);
#7796 = FACE_BOUND('',#7797,.T.);
#7797 = EDGE_LOOP('',(#7798,#7799,#7800,#7801));
#7798 = ORIENTED_EDGE('',*,*,#7502,.F.);
#7799 = ORIENTED_EDGE('',*,*,#7780,.T.);
#7800 = ORIENTED_EDGE('',*,*,#7519,.T.);
#7801 = ORIENTED_EDGE('',*,*,#7802,.F.);
#7802 = EDGE_CURVE('',#7503,#7511,#7803,.T.);
#7803 = CIRCLE('',#7804,0.5334);
#7804 = AXIS2_PLACEMENT_3D('',#7805,#7806,#7807);
#7805 = CARTESIAN_POINT('',(144.75417246405,52.373599198879,
    9.304911080294));
#7806 = DIRECTION('',(-5.19458519614E-02,0.121869343405,0.991185901636)
  );
#7807 = DIRECTION('',(-0.998629534755,-1.413873079185E-16,
    -5.233595624294E-02));
#7808 = CYLINDRICAL_SURFACE('',#7809,0.5334);
#7809 = AXIS2_PLACEMENT_3D('',#7810,#7811,#7812);
#7810 = CARTESIAN_POINT('',(144.75417246405,52.373599198879,
    9.304911080294));
#7811 = DIRECTION('',(-5.19458519614E-02,0.121869343405,0.991185901636)
  );
#7812 = DIRECTION('',(-0.998629534755,-1.413873079185E-16,
    -5.233595624294E-02));
#7813 = ADVANCED_FACE('',(#7814),#7818,.F.);
#7814 = FACE_BOUND('',#7815,.T.);
#7815 = EDGE_LOOP('',(#7816,#7817));
#7816 = ORIENTED_EDGE('',*,*,#7510,.T.);
#7817 = ORIENTED_EDGE('',*,*,#7802,.T.);
#7818 = PLANE('',#7819);
#7819 = AXIS2_PLACEMENT_3D('',#7820,#7821,#7822);
#7820 = CARTESIAN_POINT('',(144.75417246405,52.373599198879,
    9.304911080294));
#7821 = DIRECTION('',(5.19458519614E-02,-0.121869343405,-0.991185901636)
  );
#7822 = DIRECTION('',(0.998629534755,1.413873079185E-16,
    5.233595624294E-02));
#7823 = ADVANCED_FACE('',(#7824),#7828,.F.);
#7824 = FACE_BOUND('',#7825,.T.);
#7825 = EDGE_LOOP('',(#7826,#7827));
#7826 = ORIENTED_EDGE('',*,*,#7649,.F.);
#7827 = ORIENTED_EDGE('',*,*,#7682,.F.);
#7828 = PLANE('',#7829);
#7829 = AXIS2_PLACEMENT_3D('',#7830,#7831,#7832);
#7830 = CARTESIAN_POINT('',(144.88007489018,51.749380372163,
    6.90254967793));
#7831 = DIRECTION('',(-5.19458519614E-02,0.121869343405,0.991185901636)
  );
#7832 = DIRECTION('',(-0.998629534755,-1.413873079185E-16,
    -5.233595624294E-02));
#7833 = MANIFOLD_SOLID_BREP('',#7834);
#7834 = CLOSED_SHELL('',(#7835,#7877,#7919,#7961,#7993,#8025,#8049,#8067
    ,#8085,#8105,#8123,#8143,#8161,#8171));
#7835 = ADVANCED_FACE('',(#7836),#7872,.T.);
#7836 = FACE_BOUND('',#7837,.T.);
#7837 = EDGE_LOOP('',(#7838,#7849,#7857,#7866));
#7838 = ORIENTED_EDGE('',*,*,#7839,.T.);
#7839 = EDGE_CURVE('',#7840,#7842,#7844,.T.);
#7840 = VERTEX_POINT('',#7841);
#7841 = CARTESIAN_POINT('',(144.22659746786,51.08211077307,
    9.179795815865));
#7842 = VERTEX_POINT('',#7843);
#7843 = CARTESIAN_POINT('',(145.29193545553,51.08211077307,
    9.235627813985));
#7844 = CIRCLE('',#7845,0.5334);
#7845 = AXIS2_PLACEMENT_3D('',#7846,#7847,#7848);
#7846 = CARTESIAN_POINT('',(144.7592664617,51.08211077307,9.207711814925
    ));
#7847 = DIRECTION('',(-5.19458519614E-02,0.121869343405,0.991185901636)
  );
#7848 = DIRECTION('',(-0.998629534755,-1.413873079185E-16,
    -5.233595624294E-02));
#7849 = ORIENTED_EDGE('',*,*,#7850,.T.);
#7850 = EDGE_CURVE('',#7842,#7851,#7853,.T.);
#7851 = VERTEX_POINT('',#7852);
#7852 = CARTESIAN_POINT('',(145.27874120914,51.113065586295,9.487389033)
  );
#7853 = LINE('',#7854,#7855);
#7854 = CARTESIAN_POINT('',(145.27874120914,51.113065586295,9.487389033)
  );
#7855 = VECTOR('',#7856,1.);
#7856 = DIRECTION('',(-5.19458519614E-02,0.121869343405,0.991185901636)
  );
#7857 = ORIENTED_EDGE('',*,*,#7858,.F.);
#7858 = EDGE_CURVE('',#7859,#7851,#7861,.T.);
#7859 = VERTEX_POINT('',#7860);
#7860 = CARTESIAN_POINT('',(144.21340322146,51.113065586295,
    9.43155703488));
#7861 = CIRCLE('',#7862,0.5334);
#7862 = AXIS2_PLACEMENT_3D('',#7863,#7864,#7865);
#7863 = CARTESIAN_POINT('',(144.7460722153,51.113065586295,9.45947303394
    ));
#7864 = DIRECTION('',(-5.19458519614E-02,0.121869343405,0.991185901636)
  );
#7865 = DIRECTION('',(-0.998629534755,-1.413873079185E-16,
    -5.233595624294E-02));
#7866 = ORIENTED_EDGE('',*,*,#7867,.F.);
#7867 = EDGE_CURVE('',#7840,#7859,#7868,.T.);
#7868 = LINE('',#7869,#7870);
#7869 = CARTESIAN_POINT('',(144.21340322146,51.113065586295,
    9.43155703488));
#7870 = VECTOR('',#7871,1.);
#7871 = DIRECTION('',(-5.19458519614E-02,0.121869343405,0.991185901636)
  );
#7872 = CYLINDRICAL_SURFACE('',#7873,0.5334);
#7873 = AXIS2_PLACEMENT_3D('',#7874,#7875,#7876);
#7874 = CARTESIAN_POINT('',(144.7460722153,51.113065586295,9.45947303394
    ));
#7875 = DIRECTION('',(-5.19458519614E-02,0.121869343405,0.991185901636)
  );
#7876 = DIRECTION('',(-0.998629534755,-1.413873079185E-16,
    -5.233595624294E-02));
#7877 = ADVANCED_FACE('',(#7878),#7914,.T.);
#7878 = FACE_BOUND('',#7879,.T.);
#7879 = EDGE_LOOP('',(#7880,#7891,#7899,#7908));
#7880 = ORIENTED_EDGE('',*,*,#7881,.T.);
#7881 = EDGE_CURVE('',#7882,#7884,#7886,.T.);
#7882 = VERTEX_POINT('',#7883);
#7883 = CARTESIAN_POINT('',(144.3836166901,51.02020114662,8.68311944427)
  );
#7884 = VERTEX_POINT('',#7885);
#7885 = CARTESIAN_POINT('',(145.18769321889,51.02020114662,
    8.725259309517));
#7886 = CIRCLE('',#7887,0.40259);
#7887 = AXIS2_PLACEMENT_3D('',#7888,#7889,#7890);
#7888 = CARTESIAN_POINT('',(144.78565495449,51.02020114662,
    8.704189376894));
#7889 = DIRECTION('',(-5.19458519614E-02,0.121869343405,0.991185901636)
  );
#7890 = DIRECTION('',(-0.998629534755,-1.413873079185E-16,
    -5.233595624294E-02));
#7891 = ORIENTED_EDGE('',*,*,#7892,.T.);
#7892 = EDGE_CURVE('',#7884,#7893,#7895,.T.);
#7893 = VERTEX_POINT('',#7894);
#7894 = CARTESIAN_POINT('',(145.16130472609,51.08211077307,
    9.228781747549));
#7895 = LINE('',#7896,#7897);
#7896 = CARTESIAN_POINT('',(145.14811047969,51.113065586295,
    9.480542966564));
#7897 = VECTOR('',#7898,1.);
#7898 = DIRECTION('',(-5.19458519614E-02,0.121869343405,0.991185901636)
  );
#7899 = ORIENTED_EDGE('',*,*,#7900,.F.);
#7900 = EDGE_CURVE('',#7901,#7893,#7903,.T.);
#7901 = VERTEX_POINT('',#7902);
#7902 = CARTESIAN_POINT('',(144.3572281973,51.08211077307,9.186641882301
    ));
#7903 = CIRCLE('',#7904,0.40259);
#7904 = AXIS2_PLACEMENT_3D('',#7905,#7906,#7907);
#7905 = CARTESIAN_POINT('',(144.7592664617,51.08211077307,9.207711814925
    ));
#7906 = DIRECTION('',(-5.19458519614E-02,0.121869343405,0.991185901636)
  );
#7907 = DIRECTION('',(-0.998629534755,-1.413873079185E-16,
    -5.233595624294E-02));
#7908 = ORIENTED_EDGE('',*,*,#7909,.F.);
#7909 = EDGE_CURVE('',#7882,#7901,#7910,.T.);
#7910 = LINE('',#7911,#7912);
#7911 = CARTESIAN_POINT('',(144.3440339509,51.113065586295,
    9.438403101316));
#7912 = VECTOR('',#7913,1.);
#7913 = DIRECTION('',(-5.19458519614E-02,0.121869343405,0.991185901636)
  );
#7914 = CYLINDRICAL_SURFACE('',#7915,0.40259);
#7915 = AXIS2_PLACEMENT_3D('',#7916,#7917,#7918);
#7916 = CARTESIAN_POINT('',(144.7460722153,51.113065586295,9.45947303394
    ));
#7917 = DIRECTION('',(-5.19458519614E-02,0.121869343405,0.991185901636)
  );
#7918 = DIRECTION('',(-0.998629534755,-1.413873079185E-16,
    -5.233595624294E-02));
#7919 = ADVANCED_FACE('',(#7920),#7956,.T.);
#7920 = FACE_BOUND('',#7921,.T.);
#7921 = EDGE_LOOP('',(#7922,#7933,#7941,#7950));
#7922 = ORIENTED_EDGE('',*,*,#7923,.T.);
#7923 = EDGE_CURVE('',#7924,#7926,#7928,.T.);
#7924 = VERTEX_POINT('',#7925);
#7925 = CARTESIAN_POINT('',(144.39174155375,51.00113953223,
    8.528087810247));
#7926 = VERTEX_POINT('',#7927);
#7927 = CARTESIAN_POINT('',(145.19581808255,51.00113953223,
    8.570227675495));
#7928 = CIRCLE('',#7929,0.40259);
#7929 = AXIS2_PLACEMENT_3D('',#7930,#7931,#7932);
#7930 = CARTESIAN_POINT('',(144.79377981815,51.00113953223,
    8.549157742871));
#7931 = DIRECTION('',(-5.19458519614E-02,0.121869343405,0.991185901636)
  );
#7932 = DIRECTION('',(-0.998629534755,-1.413873079185E-16,
    -5.233595624294E-02));
#7933 = ORIENTED_EDGE('',*,*,#7934,.T.);
#7934 = EDGE_CURVE('',#7926,#7935,#7937,.T.);
#7935 = VERTEX_POINT('',#7936);
#7936 = CARTESIAN_POINT('',(145.22954578269,51.02020114662,
    8.727452709444));
#7937 = LINE('',#7938,#7939);
#7938 = CARTESIAN_POINT('',(145.19581808255,51.00113953223,
    8.570227675495));
#7939 = VECTOR('',#7940,1.);
#7940 = DIRECTION('',(0.208288502618,0.117716746228,0.970957603263));
#7941 = ORIENTED_EDGE('',*,*,#7942,.F.);
#7942 = EDGE_CURVE('',#7943,#7935,#7945,.T.);
#7943 = VERTEX_POINT('',#7944);
#7944 = CARTESIAN_POINT('',(144.34176412629,51.02020114662,
    8.680926044344));
#7945 = CIRCLE('',#7946,0.4445);
#7946 = AXIS2_PLACEMENT_3D('',#7947,#7948,#7949);
#7947 = CARTESIAN_POINT('',(144.78565495449,51.02020114662,
    8.704189376894));
#7948 = DIRECTION('',(-5.19458519614E-02,0.121869343405,0.991185901636)
  );
#7949 = DIRECTION('',(-0.998629534755,-1.413873079185E-16,
    -5.233595624294E-02));
#7950 = ORIENTED_EDGE('',*,*,#7951,.F.);
#7951 = EDGE_CURVE('',#7924,#7943,#7952,.T.);
#7952 = LINE('',#7953,#7954);
#7953 = CARTESIAN_POINT('',(144.39174155375,51.00113953223,
    8.528087810247));
#7954 = VECTOR('',#7955,1.);
#7955 = DIRECTION('',(-0.308640182574,0.117716746228,0.943866518825));
#7956 = CONICAL_SURFACE('',#7957,0.40259,0.261799387799);
#7957 = AXIS2_PLACEMENT_3D('',#7958,#7959,#7960);
#7958 = CARTESIAN_POINT('',(144.79377981815,51.00113953223,
    8.549157742871));
#7959 = DIRECTION('',(-5.19458519614E-02,0.121869343405,0.991185901636)
  );
#7960 = DIRECTION('',(-0.998629534755,-1.413873079185E-16,
    -5.233595624294E-02));
#7961 = ADVANCED_FACE('',(#7962),#7988,.T.);
#7962 = FACE_BOUND('',#7963,.T.);
#7963 = EDGE_LOOP('',(#7964,#7975,#7981,#7982));
#7964 = ORIENTED_EDGE('',*,*,#7965,.T.);
#7965 = EDGE_CURVE('',#7966,#7968,#7970,.T.);
#7966 = VERTEX_POINT('',#7967);
#7967 = CARTESIAN_POINT('',(144.46805986704,50.82209034198,7.07184764257
    ));
#7968 = VERTEX_POINT('',#7969);
#7969 = CARTESIAN_POINT('',(145.27213639584,50.82209034198,
    7.113987507818));
#7970 = CIRCLE('',#7971,0.40259);
#7971 = AXIS2_PLACEMENT_3D('',#7972,#7973,#7974);
#7972 = CARTESIAN_POINT('',(144.87009813144,50.82209034198,
    7.092917575194));
#7973 = DIRECTION('',(-5.19458519614E-02,0.121869343405,0.991185901636)
  );
#7974 = DIRECTION('',(-0.998629534755,-1.413873079185E-16,
    -5.233595624294E-02));
#7975 = ORIENTED_EDGE('',*,*,#7976,.T.);
#7976 = EDGE_CURVE('',#7968,#7926,#7977,.T.);
#7977 = LINE('',#7978,#7979);
#7978 = CARTESIAN_POINT('',(145.14811047969,51.113065586295,
    9.480542966564));
#7979 = VECTOR('',#7980,1.);
#7980 = DIRECTION('',(-5.19458519614E-02,0.121869343405,0.991185901636)
  );
#7981 = ORIENTED_EDGE('',*,*,#7923,.F.);
#7982 = ORIENTED_EDGE('',*,*,#7983,.F.);
#7983 = EDGE_CURVE('',#7966,#7924,#7984,.T.);
#7984 = LINE('',#7985,#7986);
#7985 = CARTESIAN_POINT('',(144.3440339509,51.113065586295,
    9.438403101316));
#7986 = VECTOR('',#7987,1.);
#7987 = DIRECTION('',(-5.19458519614E-02,0.121869343405,0.991185901636)
  );
#7988 = CYLINDRICAL_SURFACE('',#7989,0.40259);
#7989 = AXIS2_PLACEMENT_3D('',#7990,#7991,#7992);
#7990 = CARTESIAN_POINT('',(144.7460722153,51.113065586295,9.45947303394
    ));
#7991 = DIRECTION('',(-5.19458519614E-02,0.121869343405,0.991185901636)
  );
#7992 = DIRECTION('',(-0.998629534755,-1.413873079185E-16,
    -5.233595624294E-02));
#7993 = ADVANCED_FACE('',(#7994),#8020,.T.);
#7994 = FACE_BOUND('',#7995,.T.);
#7995 = EDGE_LOOP('',(#7996,#8007,#8013,#8014));
#7996 = ORIENTED_EDGE('',*,*,#7997,.T.);
#7997 = EDGE_CURVE('',#7998,#8000,#8002,.T.);
#7998 = VERTEX_POINT('',#7999);
#7999 = CARTESIAN_POINT('',(144.54811371151,50.812803898013,
    7.000307276731));
#8000 = VERTEX_POINT('',#8001);
#8001 = CARTESIAN_POINT('',(145.19999909921,50.812803898013,
    7.034471142248));
#8002 = CIRCLE('',#8003,0.32639);
#8003 = AXIS2_PLACEMENT_3D('',#8004,#8005,#8006);
#8004 = CARTESIAN_POINT('',(144.87405640536,50.812803898013,
    7.017389209489));
#8005 = DIRECTION('',(-5.19458519614E-02,0.121869343405,0.991185901636)
  );
#8006 = DIRECTION('',(-0.998629534755,-1.413873079185E-16,
    -5.233595624294E-02));
#8007 = ORIENTED_EDGE('',*,*,#8008,.T.);
#8008 = EDGE_CURVE('',#8000,#7968,#8009,.T.);
#8009 = LINE('',#8010,#8011);
#8010 = CARTESIAN_POINT('',(145.19999909921,50.812803898013,
    7.034471142248));
#8011 = VECTOR('',#8012,1.);
#8012 = DIRECTION('',(0.669406451742,8.617463914053E-02,0.737881382023)
  );
#8013 = ORIENTED_EDGE('',*,*,#7965,.F.);
#8014 = ORIENTED_EDGE('',*,*,#8015,.F.);
#8015 = EDGE_CURVE('',#7998,#7966,#8016,.T.);
#8016 = LINE('',#8017,#8018);
#8017 = CARTESIAN_POINT('',(144.54811371151,50.812803898013,
    7.000307276731));
#8018 = VECTOR('',#8019,1.);
#8019 = DIRECTION('',(-0.742868980095,8.617463914053E-02,0.663867162904)
  );
#8020 = CONICAL_SURFACE('',#8021,0.32639,0.785398163397);
#8021 = AXIS2_PLACEMENT_3D('',#8022,#8023,#8024);
#8022 = CARTESIAN_POINT('',(144.87405640536,50.812803898013,
    7.017389209489));
#8023 = DIRECTION('',(-5.19458519614E-02,0.121869343405,0.991185901636)
  );
#8024 = DIRECTION('',(-0.998629534755,-1.413873079185E-16,
    -5.233595624294E-02));
#8025 = ADVANCED_FACE('',(#8026),#8044,.T.);
#8026 = FACE_BOUND('',#8027,.T.);
#8027 = EDGE_LOOP('',(#8028,#8029,#8036,#8037));
#8028 = ORIENTED_EDGE('',*,*,#8008,.F.);
#8029 = ORIENTED_EDGE('',*,*,#8030,.T.);
#8030 = EDGE_CURVE('',#8000,#7998,#8031,.T.);
#8031 = CIRCLE('',#8032,0.32639);
#8032 = AXIS2_PLACEMENT_3D('',#8033,#8034,#8035);
#8033 = CARTESIAN_POINT('',(144.87405640536,50.812803898013,
    7.017389209489));
#8034 = DIRECTION('',(-5.19458519614E-02,0.121869343405,0.991185901636)
  );
#8035 = DIRECTION('',(-0.998629534755,-1.413873079185E-16,
    -5.233595624294E-02));
#8036 = ORIENTED_EDGE('',*,*,#8015,.T.);
#8037 = ORIENTED_EDGE('',*,*,#8038,.F.);
#8038 = EDGE_CURVE('',#7968,#7966,#8039,.T.);
#8039 = CIRCLE('',#8040,0.40259);
#8040 = AXIS2_PLACEMENT_3D('',#8041,#8042,#8043);
#8041 = CARTESIAN_POINT('',(144.87009813144,50.82209034198,
    7.092917575194));
#8042 = DIRECTION('',(-5.19458519614E-02,0.121869343405,0.991185901636)
  );
#8043 = DIRECTION('',(-0.998629534755,-1.413873079185E-16,
    -5.233595624294E-02));
#8044 = CONICAL_SURFACE('',#8045,0.32639,0.785398163397);
#8045 = AXIS2_PLACEMENT_3D('',#8046,#8047,#8048);
#8046 = CARTESIAN_POINT('',(144.87405640536,50.812803898013,
    7.017389209489));
#8047 = DIRECTION('',(-5.19458519614E-02,0.121869343405,0.991185901636)
  );
#8048 = DIRECTION('',(-0.998629534755,-1.413873079185E-16,
    -5.233595624294E-02));
#8049 = ADVANCED_FACE('',(#8050),#8062,.T.);
#8050 = FACE_BOUND('',#8051,.T.);
#8051 = EDGE_LOOP('',(#8052,#8053,#8054,#8055));
#8052 = ORIENTED_EDGE('',*,*,#7976,.F.);
#8053 = ORIENTED_EDGE('',*,*,#8038,.T.);
#8054 = ORIENTED_EDGE('',*,*,#7983,.T.);
#8055 = ORIENTED_EDGE('',*,*,#8056,.F.);
#8056 = EDGE_CURVE('',#7926,#7924,#8057,.T.);
#8057 = CIRCLE('',#8058,0.40259);
#8058 = AXIS2_PLACEMENT_3D('',#8059,#8060,#8061);
#8059 = CARTESIAN_POINT('',(144.79377981815,51.00113953223,
    8.549157742871));
#8060 = DIRECTION('',(-5.19458519614E-02,0.121869343405,0.991185901636)
  );
#8061 = DIRECTION('',(-0.998629534755,-1.413873079185E-16,
    -5.233595624294E-02));
#8062 = CYLINDRICAL_SURFACE('',#8063,0.40259);
#8063 = AXIS2_PLACEMENT_3D('',#8064,#8065,#8066);
#8064 = CARTESIAN_POINT('',(144.7460722153,51.113065586295,9.45947303394
    ));
#8065 = DIRECTION('',(-5.19458519614E-02,0.121869343405,0.991185901636)
  );
#8066 = DIRECTION('',(-0.998629534755,-1.413873079185E-16,
    -5.233595624294E-02));
#8067 = ADVANCED_FACE('',(#8068),#8080,.T.);
#8068 = FACE_BOUND('',#8069,.T.);
#8069 = EDGE_LOOP('',(#8070,#8071,#8072,#8073));
#8070 = ORIENTED_EDGE('',*,*,#7934,.F.);
#8071 = ORIENTED_EDGE('',*,*,#8056,.T.);
#8072 = ORIENTED_EDGE('',*,*,#7951,.T.);
#8073 = ORIENTED_EDGE('',*,*,#8074,.F.);
#8074 = EDGE_CURVE('',#7935,#7943,#8075,.T.);
#8075 = CIRCLE('',#8076,0.4445);
#8076 = AXIS2_PLACEMENT_3D('',#8077,#8078,#8079);
#8077 = CARTESIAN_POINT('',(144.78565495449,51.02020114662,
    8.704189376894));
#8078 = DIRECTION('',(-5.19458519614E-02,0.121869343405,0.991185901636)
  );
#8079 = DIRECTION('',(-0.998629534755,-1.413873079185E-16,
    -5.233595624294E-02));
#8080 = CONICAL_SURFACE('',#8081,0.40259,0.261799387799);
#8081 = AXIS2_PLACEMENT_3D('',#8082,#8083,#8084);
#8082 = CARTESIAN_POINT('',(144.79377981815,51.00113953223,
    8.549157742871));
#8083 = DIRECTION('',(-5.19458519614E-02,0.121869343405,0.991185901636)
  );
#8084 = DIRECTION('',(-0.998629534755,-1.413873079185E-16,
    -5.233595624294E-02));
#8085 = ADVANCED_FACE('',(#8086,#8096),#8100,.F.);
#8086 = FACE_BOUND('',#8087,.T.);
#8087 = EDGE_LOOP('',(#8088,#8089));
#8088 = ORIENTED_EDGE('',*,*,#7881,.F.);
#8089 = ORIENTED_EDGE('',*,*,#8090,.F.);
#8090 = EDGE_CURVE('',#7884,#7882,#8091,.T.);
#8091 = CIRCLE('',#8092,0.40259);
#8092 = AXIS2_PLACEMENT_3D('',#8093,#8094,#8095);
#8093 = CARTESIAN_POINT('',(144.78565495449,51.02020114662,
    8.704189376894));
#8094 = DIRECTION('',(-5.19458519614E-02,0.121869343405,0.991185901636)
  );
#8095 = DIRECTION('',(-0.998629534755,-1.413873079185E-16,
    -5.233595624294E-02));
#8096 = FACE_BOUND('',#8097,.T.);
#8097 = EDGE_LOOP('',(#8098,#8099));
#8098 = ORIENTED_EDGE('',*,*,#7942,.T.);
#8099 = ORIENTED_EDGE('',*,*,#8074,.T.);
#8100 = PLANE('',#8101);
#8101 = AXIS2_PLACEMENT_3D('',#8102,#8103,#8104);
#8102 = CARTESIAN_POINT('',(144.78308717564,50.620611991431,
    8.753185516199));
#8103 = DIRECTION('',(5.19458519614E-02,-0.121869343405,-0.991185901636)
  );
#8104 = DIRECTION('',(0.998629534755,1.413873079185E-16,
    5.233595624294E-02));
#8105 = ADVANCED_FACE('',(#8106),#8118,.T.);
#8106 = FACE_BOUND('',#8107,.T.);
#8107 = EDGE_LOOP('',(#8108,#8109,#8110,#8111));
#8108 = ORIENTED_EDGE('',*,*,#7892,.F.);
#8109 = ORIENTED_EDGE('',*,*,#8090,.T.);
#8110 = ORIENTED_EDGE('',*,*,#7909,.T.);
#8111 = ORIENTED_EDGE('',*,*,#8112,.F.);
#8112 = EDGE_CURVE('',#7893,#7901,#8113,.T.);
#8113 = CIRCLE('',#8114,0.40259);
#8114 = AXIS2_PLACEMENT_3D('',#8115,#8116,#8117);
#8115 = CARTESIAN_POINT('',(144.7592664617,51.08211077307,9.207711814925
    ));
#8116 = DIRECTION('',(-5.19458519614E-02,0.121869343405,0.991185901636)
  );
#8117 = DIRECTION('',(-0.998629534755,-1.413873079185E-16,
    -5.233595624294E-02));
#8118 = CYLINDRICAL_SURFACE('',#8119,0.40259);
#8119 = AXIS2_PLACEMENT_3D('',#8120,#8121,#8122);
#8120 = CARTESIAN_POINT('',(144.7460722153,51.113065586295,9.45947303394
    ));
#8121 = DIRECTION('',(-5.19458519614E-02,0.121869343405,0.991185901636)
  );
#8122 = DIRECTION('',(-0.998629534755,-1.413873079185E-16,
    -5.233595624294E-02));
#8123 = ADVANCED_FACE('',(#8124,#8134),#8138,.F.);
#8124 = FACE_BOUND('',#8125,.T.);
#8125 = EDGE_LOOP('',(#8126,#8127));
#8126 = ORIENTED_EDGE('',*,*,#7839,.F.);
#8127 = ORIENTED_EDGE('',*,*,#8128,.F.);
#8128 = EDGE_CURVE('',#7842,#7840,#8129,.T.);
#8129 = CIRCLE('',#8130,0.5334);
#8130 = AXIS2_PLACEMENT_3D('',#8131,#8132,#8133);
#8131 = CARTESIAN_POINT('',(144.7592664617,51.08211077307,9.207711814925
    ));
#8132 = DIRECTION('',(-5.19458519614E-02,0.121869343405,0.991185901636)
  );
#8133 = DIRECTION('',(-0.998629534755,-1.413873079185E-16,
    -5.233595624294E-02));
#8134 = FACE_BOUND('',#8135,.T.);
#8135 = EDGE_LOOP('',(#8136,#8137));
#8136 = ORIENTED_EDGE('',*,*,#7900,.T.);
#8137 = ORIENTED_EDGE('',*,*,#8112,.T.);
#8138 = PLANE('',#8139);
#8139 = AXIS2_PLACEMENT_3D('',#8140,#8141,#8142);
#8140 = CARTESIAN_POINT('',(144.75586435722,50.552686655784,
    9.272627835456));
#8141 = DIRECTION('',(-5.19458519614E-02,0.121869343405,0.991185901636)
  );
#8142 = DIRECTION('',(-0.998629534755,-1.413873079185E-16,
    -5.233595624294E-02));
#8143 = ADVANCED_FACE('',(#8144),#8156,.T.);
#8144 = FACE_BOUND('',#8145,.T.);
#8145 = EDGE_LOOP('',(#8146,#8147,#8148,#8149));
#8146 = ORIENTED_EDGE('',*,*,#7850,.F.);
#8147 = ORIENTED_EDGE('',*,*,#8128,.T.);
#8148 = ORIENTED_EDGE('',*,*,#7867,.T.);
#8149 = ORIENTED_EDGE('',*,*,#8150,.F.);
#8150 = EDGE_CURVE('',#7851,#7859,#8151,.T.);
#8151 = CIRCLE('',#8152,0.5334);
#8152 = AXIS2_PLACEMENT_3D('',#8153,#8154,#8155);
#8153 = CARTESIAN_POINT('',(144.7460722153,51.113065586295,9.45947303394
    ));
#8154 = DIRECTION('',(-5.19458519614E-02,0.121869343405,0.991185901636)
  );
#8155 = DIRECTION('',(-0.998629534755,-1.413873079185E-16,
    -5.233595624294E-02));
#8156 = CYLINDRICAL_SURFACE('',#8157,0.5334);
#8157 = AXIS2_PLACEMENT_3D('',#8158,#8159,#8160);
#8158 = CARTESIAN_POINT('',(144.7460722153,51.113065586295,9.45947303394
    ));
#8159 = DIRECTION('',(-5.19458519614E-02,0.121869343405,0.991185901636)
  );
#8160 = DIRECTION('',(-0.998629534755,-1.413873079185E-16,
    -5.233595624294E-02));
#8161 = ADVANCED_FACE('',(#8162),#8166,.F.);
#8162 = FACE_BOUND('',#8163,.T.);
#8163 = EDGE_LOOP('',(#8164,#8165));
#8164 = ORIENTED_EDGE('',*,*,#7858,.T.);
#8165 = ORIENTED_EDGE('',*,*,#8150,.T.);
#8166 = PLANE('',#8167);
#8167 = AXIS2_PLACEMENT_3D('',#8168,#8169,#8170);
#8168 = CARTESIAN_POINT('',(144.7460722153,51.113065586295,9.45947303394
    ));
#8169 = DIRECTION('',(5.19458519614E-02,-0.121869343405,-0.991185901636)
  );
#8170 = DIRECTION('',(0.998629534755,1.413873079185E-16,
    5.233595624294E-02));
#8171 = ADVANCED_FACE('',(#8172),#8176,.F.);
#8172 = FACE_BOUND('',#8173,.T.);
#8173 = EDGE_LOOP('',(#8174,#8175));
#8174 = ORIENTED_EDGE('',*,*,#7997,.F.);
#8175 = ORIENTED_EDGE('',*,*,#8030,.F.);
#8176 = PLANE('',#8177);
#8177 = AXIS2_PLACEMENT_3D('',#8178,#8179,#8180);
#8178 = CARTESIAN_POINT('',(144.87197464143,50.488846759579,
    7.057111631576));
#8179 = DIRECTION('',(-5.19458519614E-02,0.121869343405,0.991185901636)
  );
#8180 = DIRECTION('',(-0.998629534755,-1.413873079185E-16,
    -5.233595624294E-02));
#8181 = MANIFOLD_SOLID_BREP('',#8182);
#8182 = CLOSED_SHELL('',(#8183,#8225,#8267,#8309,#8341,#8373,#8397,#8415
    ,#8433,#8453,#8471,#8491,#8509,#8519));
#8183 = ADVANCED_FACE('',(#8184),#8220,.T.);
#8184 = FACE_BOUND('',#8185,.T.);
#8185 = EDGE_LOOP('',(#8186,#8197,#8205,#8214));
#8186 = ORIENTED_EDGE('',*,*,#8187,.T.);
#8187 = EDGE_CURVE('',#8188,#8190,#8192,.T.);
#8188 = VERTEX_POINT('',#8189);
#8189 = CARTESIAN_POINT('',(144.21849721911,49.821577160485,
    9.334357769511));
#8190 = VERTEX_POINT('',#8191);
#8191 = CARTESIAN_POINT('',(145.28383520678,49.821577160485,
    9.390189767631));
#8192 = CIRCLE('',#8193,0.5334);
#8193 = AXIS2_PLACEMENT_3D('',#8194,#8195,#8196);
#8194 = CARTESIAN_POINT('',(144.75116621294,49.821577160485,
    9.362273768571));
#8195 = DIRECTION('',(-5.19458519614E-02,0.121869343405,0.991185901636)
  );
#8196 = DIRECTION('',(-0.998629534755,-1.413873079185E-16,
    -5.233595624294E-02));
#8197 = ORIENTED_EDGE('',*,*,#8198,.T.);
#8198 = EDGE_CURVE('',#8190,#8199,#8201,.T.);
#8199 = VERTEX_POINT('',#8200);
#8200 = CARTESIAN_POINT('',(145.27064096038,49.85253197371,
    9.641950986646));
#8201 = LINE('',#8202,#8203);
#8202 = CARTESIAN_POINT('',(145.27064096038,49.85253197371,
    9.641950986646));
#8203 = VECTOR('',#8204,1.);
#8204 = DIRECTION('',(-5.19458519614E-02,0.121869343405,0.991185901636)
  );
#8205 = ORIENTED_EDGE('',*,*,#8206,.F.);
#8206 = EDGE_CURVE('',#8207,#8199,#8209,.T.);
#8207 = VERTEX_POINT('',#8208);
#8208 = CARTESIAN_POINT('',(144.20530297271,49.85253197371,
    9.586118988526));
#8209 = CIRCLE('',#8210,0.5334);
#8210 = AXIS2_PLACEMENT_3D('',#8211,#8212,#8213);
#8211 = CARTESIAN_POINT('',(144.73797196655,49.85253197371,
    9.614034987586));
#8212 = DIRECTION('',(-5.19458519614E-02,0.121869343405,0.991185901636)
  );
#8213 = DIRECTION('',(-0.998629534755,-1.413873079185E-16,
    -5.233595624294E-02));
#8214 = ORIENTED_EDGE('',*,*,#8215,.F.);
#8215 = EDGE_CURVE('',#8188,#8207,#8216,.T.);
#8216 = LINE('',#8217,#8218);
#8217 = CARTESIAN_POINT('',(144.20530297271,49.85253197371,
    9.586118988526));
#8218 = VECTOR('',#8219,1.);
#8219 = DIRECTION('',(-5.19458519614E-02,0.121869343405,0.991185901636)
  );
#8220 = CYLINDRICAL_SURFACE('',#8221,0.5334);
#8221 = AXIS2_PLACEMENT_3D('',#8222,#8223,#8224);
#8222 = CARTESIAN_POINT('',(144.73797196655,49.85253197371,
    9.614034987586));
#8223 = DIRECTION('',(-5.19458519614E-02,0.121869343405,0.991185901636)
  );
#8224 = DIRECTION('',(-0.998629534755,-1.413873079185E-16,
    -5.233595624294E-02));
#8225 = ADVANCED_FACE('',(#8226),#8262,.T.);
#8226 = FACE_BOUND('',#8227,.T.);
#8227 = EDGE_LOOP('',(#8228,#8239,#8247,#8256));
#8228 = ORIENTED_EDGE('',*,*,#8229,.T.);
#8229 = EDGE_CURVE('',#8230,#8232,#8234,.T.);
#8230 = VERTEX_POINT('',#8231);
#8231 = CARTESIAN_POINT('',(144.37551644134,49.759667534035,
    8.837681397916));
#8232 = VERTEX_POINT('',#8233);
#8233 = CARTESIAN_POINT('',(145.17959297014,49.759667534035,
    8.879821263163));
#8234 = CIRCLE('',#8235,0.40259);
#8235 = AXIS2_PLACEMENT_3D('',#8236,#8237,#8238);
#8236 = CARTESIAN_POINT('',(144.77755470574,49.759667534035,
    8.85875133054));
#8237 = DIRECTION('',(-5.19458519614E-02,0.121869343405,0.991185901636)
  );
#8238 = DIRECTION('',(-0.998629534755,-1.413873079185E-16,
    -5.233595624294E-02));
#8239 = ORIENTED_EDGE('',*,*,#8240,.T.);
#8240 = EDGE_CURVE('',#8232,#8241,#8243,.T.);
#8241 = VERTEX_POINT('',#8242);
#8242 = CARTESIAN_POINT('',(145.15320447734,49.821577160485,
    9.383343701195));
#8243 = LINE('',#8244,#8245);
#8244 = CARTESIAN_POINT('',(145.14001023094,49.85253197371,9.63510492021
    ));
#8245 = VECTOR('',#8246,1.);
#8246 = DIRECTION('',(-5.19458519614E-02,0.121869343405,0.991185901636)
  );
#8247 = ORIENTED_EDGE('',*,*,#8248,.F.);
#8248 = EDGE_CURVE('',#8249,#8241,#8251,.T.);
#8249 = VERTEX_POINT('',#8250);
#8250 = CARTESIAN_POINT('',(144.34912794855,49.821577160485,
    9.341203835947));
#8251 = CIRCLE('',#8252,0.40259);
#8252 = AXIS2_PLACEMENT_3D('',#8253,#8254,#8255);
#8253 = CARTESIAN_POINT('',(144.75116621294,49.821577160485,
    9.362273768571));
#8254 = DIRECTION('',(-5.19458519614E-02,0.121869343405,0.991185901636)
  );
#8255 = DIRECTION('',(-0.998629534755,-1.413873079185E-16,
    -5.233595624294E-02));
#8256 = ORIENTED_EDGE('',*,*,#8257,.F.);
#8257 = EDGE_CURVE('',#8230,#8249,#8258,.T.);
#8258 = LINE('',#8259,#8260);
#8259 = CARTESIAN_POINT('',(144.33593370215,49.85253197371,
    9.592965054962));
#8260 = VECTOR('',#8261,1.);
#8261 = DIRECTION('',(-5.19458519614E-02,0.121869343405,0.991185901636)
  );
#8262 = CYLINDRICAL_SURFACE('',#8263,0.40259);
#8263 = AXIS2_PLACEMENT_3D('',#8264,#8265,#8266);
#8264 = CARTESIAN_POINT('',(144.73797196655,49.85253197371,
    9.614034987586));
#8265 = DIRECTION('',(-5.19458519614E-02,0.121869343405,0.991185901636)
  );
#8266 = DIRECTION('',(-0.998629534755,-1.413873079185E-16,
    -5.233595624294E-02));
#8267 = ADVANCED_FACE('',(#8268),#8304,.T.);
#8268 = FACE_BOUND('',#8269,.T.);
#8269 = EDGE_LOOP('',(#8270,#8281,#8289,#8298));
#8270 = ORIENTED_EDGE('',*,*,#8271,.T.);
#8271 = EDGE_CURVE('',#8272,#8274,#8276,.T.);
#8272 = VERTEX_POINT('',#8273);
#8273 = CARTESIAN_POINT('',(144.383641305,49.740605919646,8.682649763893
    ));
#8274 = VERTEX_POINT('',#8275);
#8275 = CARTESIAN_POINT('',(145.18771783379,49.740605919646,
    8.724789629141));
#8276 = CIRCLE('',#8277,0.40259);
#8277 = AXIS2_PLACEMENT_3D('',#8278,#8279,#8280);
#8278 = CARTESIAN_POINT('',(144.7856795694,49.740605919646,
    8.703719696517));
#8279 = DIRECTION('',(-5.19458519614E-02,0.121869343405,0.991185901636)
  );
#8280 = DIRECTION('',(-0.998629534755,-1.413873079185E-16,
    -5.233595624294E-02));
#8281 = ORIENTED_EDGE('',*,*,#8282,.T.);
#8282 = EDGE_CURVE('',#8274,#8283,#8285,.T.);
#8283 = VERTEX_POINT('',#8284);
#8284 = CARTESIAN_POINT('',(145.22144553394,49.759667534035,
    8.88201466309));
#8285 = LINE('',#8286,#8287);
#8286 = CARTESIAN_POINT('',(145.18771783379,49.740605919646,
    8.724789629141));
#8287 = VECTOR('',#8288,1.);
#8288 = DIRECTION('',(0.208288502618,0.117716746228,0.970957603263));
#8289 = ORIENTED_EDGE('',*,*,#8290,.F.);
#8290 = EDGE_CURVE('',#8291,#8283,#8293,.T.);
#8291 = VERTEX_POINT('',#8292);
#8292 = CARTESIAN_POINT('',(144.33366387754,49.759667534035,
    8.83548799799));
#8293 = CIRCLE('',#8294,0.4445);
#8294 = AXIS2_PLACEMENT_3D('',#8295,#8296,#8297);
#8295 = CARTESIAN_POINT('',(144.77755470574,49.759667534035,
    8.85875133054));
#8296 = DIRECTION('',(-5.19458519614E-02,0.121869343405,0.991185901636)
  );
#8297 = DIRECTION('',(-0.998629534755,-1.413873079185E-16,
    -5.233595624294E-02));
#8298 = ORIENTED_EDGE('',*,*,#8299,.F.);
#8299 = EDGE_CURVE('',#8272,#8291,#8300,.T.);
#8300 = LINE('',#8301,#8302);
#8301 = CARTESIAN_POINT('',(144.383641305,49.740605919646,8.682649763893
    ));
#8302 = VECTOR('',#8303,1.);
#8303 = DIRECTION('',(-0.308640182574,0.117716746228,0.943866518825));
#8304 = CONICAL_SURFACE('',#8305,0.40259,0.261799387799);
#8305 = AXIS2_PLACEMENT_3D('',#8306,#8307,#8308);
#8306 = CARTESIAN_POINT('',(144.7856795694,49.740605919646,
    8.703719696517));
#8307 = DIRECTION('',(-5.19458519614E-02,0.121869343405,0.991185901636)
  );
#8308 = DIRECTION('',(-0.998629534755,-1.413873079185E-16,
    -5.233595624294E-02));
#8309 = ADVANCED_FACE('',(#8310),#8336,.T.);
#8310 = FACE_BOUND('',#8311,.T.);
#8311 = EDGE_LOOP('',(#8312,#8323,#8329,#8330));
#8312 = ORIENTED_EDGE('',*,*,#8313,.T.);
#8313 = EDGE_CURVE('',#8314,#8316,#8318,.T.);
#8314 = VERTEX_POINT('',#8315);
#8315 = CARTESIAN_POINT('',(144.45995961829,49.561556729396,
    7.226409596216));
#8316 = VERTEX_POINT('',#8317);
#8317 = CARTESIAN_POINT('',(145.26403614708,49.561556729396,
    7.268549461464));
#8318 = CIRCLE('',#8319,0.40259);
#8319 = AXIS2_PLACEMENT_3D('',#8320,#8321,#8322);
#8320 = CARTESIAN_POINT('',(144.86199788269,49.561556729396,
    7.24747952884));
#8321 = DIRECTION('',(-5.19458519614E-02,0.121869343405,0.991185901636)
  );
#8322 = DIRECTION('',(-0.998629534755,-1.413873079185E-16,
    -5.233595624294E-02));
#8323 = ORIENTED_EDGE('',*,*,#8324,.T.);
#8324 = EDGE_CURVE('',#8316,#8274,#8325,.T.);
#8325 = LINE('',#8326,#8327);
#8326 = CARTESIAN_POINT('',(145.14001023094,49.85253197371,9.63510492021
    ));
#8327 = VECTOR('',#8328,1.);
#8328 = DIRECTION('',(-5.19458519614E-02,0.121869343405,0.991185901636)
  );
#8329 = ORIENTED_EDGE('',*,*,#8271,.F.);
#8330 = ORIENTED_EDGE('',*,*,#8331,.F.);
#8331 = EDGE_CURVE('',#8314,#8272,#8332,.T.);
#8332 = LINE('',#8333,#8334);
#8333 = CARTESIAN_POINT('',(144.33593370215,49.85253197371,
    9.592965054962));
#8334 = VECTOR('',#8335,1.);
#8335 = DIRECTION('',(-5.19458519614E-02,0.121869343405,0.991185901636)
  );
#8336 = CYLINDRICAL_SURFACE('',#8337,0.40259);
#8337 = AXIS2_PLACEMENT_3D('',#8338,#8339,#8340);
#8338 = CARTESIAN_POINT('',(144.73797196655,49.85253197371,
    9.614034987586));
#8339 = DIRECTION('',(-5.19458519614E-02,0.121869343405,0.991185901636)
  );
#8340 = DIRECTION('',(-0.998629534755,-1.413873079185E-16,
    -5.233595624294E-02));
#8341 = ADVANCED_FACE('',(#8342),#8368,.T.);
#8342 = FACE_BOUND('',#8343,.T.);
#8343 = EDGE_LOOP('',(#8344,#8355,#8361,#8362));
#8344 = ORIENTED_EDGE('',*,*,#8345,.T.);
#8345 = EDGE_CURVE('',#8346,#8348,#8350,.T.);
#8346 = VERTEX_POINT('',#8347);
#8347 = CARTESIAN_POINT('',(144.54001346276,49.552270285429,
    7.154869230377));
#8348 = VERTEX_POINT('',#8349);
#8349 = CARTESIAN_POINT('',(145.19189885046,49.552270285429,
    7.189033095894));
#8350 = CIRCLE('',#8351,0.32639);
#8351 = AXIS2_PLACEMENT_3D('',#8352,#8353,#8354);
#8352 = CARTESIAN_POINT('',(144.86595615661,49.552270285429,
    7.171951163135));
#8353 = DIRECTION('',(-5.19458519614E-02,0.121869343405,0.991185901636)
  );
#8354 = DIRECTION('',(-0.998629534755,-1.413873079185E-16,
    -5.233595624294E-02));
#8355 = ORIENTED_EDGE('',*,*,#8356,.T.);
#8356 = EDGE_CURVE('',#8348,#8316,#8357,.T.);
#8357 = LINE('',#8358,#8359);
#8358 = CARTESIAN_POINT('',(145.19189885046,49.552270285429,
    7.189033095894));
#8359 = VECTOR('',#8360,1.);
#8360 = DIRECTION('',(0.669406451742,8.617463914053E-02,0.737881382023)
  );
#8361 = ORIENTED_EDGE('',*,*,#8313,.F.);
#8362 = ORIENTED_EDGE('',*,*,#8363,.F.);
#8363 = EDGE_CURVE('',#8346,#8314,#8364,.T.);
#8364 = LINE('',#8365,#8366);
#8365 = CARTESIAN_POINT('',(144.54001346276,49.552270285429,
    7.154869230377));
#8366 = VECTOR('',#8367,1.);
#8367 = DIRECTION('',(-0.742868980095,8.617463914053E-02,0.663867162904)
  );
#8368 = CONICAL_SURFACE('',#8369,0.32639,0.785398163397);
#8369 = AXIS2_PLACEMENT_3D('',#8370,#8371,#8372);
#8370 = CARTESIAN_POINT('',(144.86595615661,49.552270285429,
    7.171951163135));
#8371 = DIRECTION('',(-5.19458519614E-02,0.121869343405,0.991185901636)
  );
#8372 = DIRECTION('',(-0.998629534755,-1.413873079185E-16,
    -5.233595624294E-02));
#8373 = ADVANCED_FACE('',(#8374),#8392,.T.);
#8374 = FACE_BOUND('',#8375,.T.);
#8375 = EDGE_LOOP('',(#8376,#8377,#8384,#8385));
#8376 = ORIENTED_EDGE('',*,*,#8356,.F.);
#8377 = ORIENTED_EDGE('',*,*,#8378,.T.);
#8378 = EDGE_CURVE('',#8348,#8346,#8379,.T.);
#8379 = CIRCLE('',#8380,0.32639);
#8380 = AXIS2_PLACEMENT_3D('',#8381,#8382,#8383);
#8381 = CARTESIAN_POINT('',(144.86595615661,49.552270285429,
    7.171951163135));
#8382 = DIRECTION('',(-5.19458519614E-02,0.121869343405,0.991185901636)
  );
#8383 = DIRECTION('',(-0.998629534755,-1.413873079185E-16,
    -5.233595624294E-02));
#8384 = ORIENTED_EDGE('',*,*,#8363,.T.);
#8385 = ORIENTED_EDGE('',*,*,#8386,.F.);
#8386 = EDGE_CURVE('',#8316,#8314,#8387,.T.);
#8387 = CIRCLE('',#8388,0.40259);
#8388 = AXIS2_PLACEMENT_3D('',#8389,#8390,#8391);
#8389 = CARTESIAN_POINT('',(144.86199788269,49.561556729396,
    7.24747952884));
#8390 = DIRECTION('',(-5.19458519614E-02,0.121869343405,0.991185901636)
  );
#8391 = DIRECTION('',(-0.998629534755,-1.413873079185E-16,
    -5.233595624294E-02));
#8392 = CONICAL_SURFACE('',#8393,0.32639,0.785398163397);
#8393 = AXIS2_PLACEMENT_3D('',#8394,#8395,#8396);
#8394 = CARTESIAN_POINT('',(144.86595615661,49.552270285429,
    7.171951163135));
#8395 = DIRECTION('',(-5.19458519614E-02,0.121869343405,0.991185901636)
  );
#8396 = DIRECTION('',(-0.998629534755,-1.413873079185E-16,
    -5.233595624294E-02));
#8397 = ADVANCED_FACE('',(#8398),#8410,.T.);
#8398 = FACE_BOUND('',#8399,.T.);
#8399 = EDGE_LOOP('',(#8400,#8401,#8402,#8403));
#8400 = ORIENTED_EDGE('',*,*,#8324,.F.);
#8401 = ORIENTED_EDGE('',*,*,#8386,.T.);
#8402 = ORIENTED_EDGE('',*,*,#8331,.T.);
#8403 = ORIENTED_EDGE('',*,*,#8404,.F.);
#8404 = EDGE_CURVE('',#8274,#8272,#8405,.T.);
#8405 = CIRCLE('',#8406,0.40259);
#8406 = AXIS2_PLACEMENT_3D('',#8407,#8408,#8409);
#8407 = CARTESIAN_POINT('',(144.7856795694,49.740605919646,
    8.703719696517));
#8408 = DIRECTION('',(-5.19458519614E-02,0.121869343405,0.991185901636)
  );
#8409 = DIRECTION('',(-0.998629534755,-1.413873079185E-16,
    -5.233595624294E-02));
#8410 = CYLINDRICAL_SURFACE('',#8411,0.40259);
#8411 = AXIS2_PLACEMENT_3D('',#8412,#8413,#8414);
#8412 = CARTESIAN_POINT('',(144.73797196655,49.85253197371,
    9.614034987586));
#8413 = DIRECTION('',(-5.19458519614E-02,0.121869343405,0.991185901636)
  );
#8414 = DIRECTION('',(-0.998629534755,-1.413873079185E-16,
    -5.233595624294E-02));
#8415 = ADVANCED_FACE('',(#8416),#8428,.T.);
#8416 = FACE_BOUND('',#8417,.T.);
#8417 = EDGE_LOOP('',(#8418,#8419,#8420,#8421));
#8418 = ORIENTED_EDGE('',*,*,#8282,.F.);
#8419 = ORIENTED_EDGE('',*,*,#8404,.T.);
#8420 = ORIENTED_EDGE('',*,*,#8299,.T.);
#8421 = ORIENTED_EDGE('',*,*,#8422,.F.);
#8422 = EDGE_CURVE('',#8283,#8291,#8423,.T.);
#8423 = CIRCLE('',#8424,0.4445);
#8424 = AXIS2_PLACEMENT_3D('',#8425,#8426,#8427);
#8425 = CARTESIAN_POINT('',(144.77755470574,49.759667534035,
    8.85875133054));
#8426 = DIRECTION('',(-5.19458519614E-02,0.121869343405,0.991185901636)
  );
#8427 = DIRECTION('',(-0.998629534755,-1.413873079185E-16,
    -5.233595624294E-02));
#8428 = CONICAL_SURFACE('',#8429,0.40259,0.261799387799);
#8429 = AXIS2_PLACEMENT_3D('',#8430,#8431,#8432);
#8430 = CARTESIAN_POINT('',(144.7856795694,49.740605919646,
    8.703719696517));
#8431 = DIRECTION('',(-5.19458519614E-02,0.121869343405,0.991185901636)
  );
#8432 = DIRECTION('',(-0.998629534755,-1.413873079185E-16,
    -5.233595624294E-02));
#8433 = ADVANCED_FACE('',(#8434,#8444),#8448,.F.);
#8434 = FACE_BOUND('',#8435,.T.);
#8435 = EDGE_LOOP('',(#8436,#8437));
#8436 = ORIENTED_EDGE('',*,*,#8229,.F.);
#8437 = ORIENTED_EDGE('',*,*,#8438,.F.);
#8438 = EDGE_CURVE('',#8232,#8230,#8439,.T.);
#8439 = CIRCLE('',#8440,0.40259);
#8440 = AXIS2_PLACEMENT_3D('',#8441,#8442,#8443);
#8441 = CARTESIAN_POINT('',(144.77755470574,49.759667534035,
    8.85875133054));
#8442 = DIRECTION('',(-5.19458519614E-02,0.121869343405,0.991185901636)
  );
#8443 = DIRECTION('',(-0.998629534755,-1.413873079185E-16,
    -5.233595624294E-02));
#8444 = FACE_BOUND('',#8445,.T.);
#8445 = EDGE_LOOP('',(#8446,#8447));
#8446 = ORIENTED_EDGE('',*,*,#8290,.T.);
#8447 = ORIENTED_EDGE('',*,*,#8422,.T.);
#8448 = PLANE('',#8449);
#8449 = AXIS2_PLACEMENT_3D('',#8450,#8451,#8452);
#8450 = CARTESIAN_POINT('',(144.77498692689,49.360078378846,
    8.907747469845));
#8451 = DIRECTION('',(5.19458519614E-02,-0.121869343405,-0.991185901636)
  );
#8452 = DIRECTION('',(0.998629534755,1.413873079185E-16,
    5.233595624294E-02));
#8453 = ADVANCED_FACE('',(#8454),#8466,.T.);
#8454 = FACE_BOUND('',#8455,.T.);
#8455 = EDGE_LOOP('',(#8456,#8457,#8458,#8459));
#8456 = ORIENTED_EDGE('',*,*,#8240,.F.);
#8457 = ORIENTED_EDGE('',*,*,#8438,.T.);
#8458 = ORIENTED_EDGE('',*,*,#8257,.T.);
#8459 = ORIENTED_EDGE('',*,*,#8460,.F.);
#8460 = EDGE_CURVE('',#8241,#8249,#8461,.T.);
#8461 = CIRCLE('',#8462,0.40259);
#8462 = AXIS2_PLACEMENT_3D('',#8463,#8464,#8465);
#8463 = CARTESIAN_POINT('',(144.75116621294,49.821577160485,
    9.362273768571));
#8464 = DIRECTION('',(-5.19458519614E-02,0.121869343405,0.991185901636)
  );
#8465 = DIRECTION('',(-0.998629534755,-1.413873079185E-16,
    -5.233595624294E-02));
#8466 = CYLINDRICAL_SURFACE('',#8467,0.40259);
#8467 = AXIS2_PLACEMENT_3D('',#8468,#8469,#8470);
#8468 = CARTESIAN_POINT('',(144.73797196655,49.85253197371,
    9.614034987586));
#8469 = DIRECTION('',(-5.19458519614E-02,0.121869343405,0.991185901636)
  );
#8470 = DIRECTION('',(-0.998629534755,-1.413873079185E-16,
    -5.233595624294E-02));
#8471 = ADVANCED_FACE('',(#8472,#8482),#8486,.F.);
#8472 = FACE_BOUND('',#8473,.T.);
#8473 = EDGE_LOOP('',(#8474,#8475));
#8474 = ORIENTED_EDGE('',*,*,#8187,.F.);
#8475 = ORIENTED_EDGE('',*,*,#8476,.F.);
#8476 = EDGE_CURVE('',#8190,#8188,#8477,.T.);
#8477 = CIRCLE('',#8478,0.5334);
#8478 = AXIS2_PLACEMENT_3D('',#8479,#8480,#8481);
#8479 = CARTESIAN_POINT('',(144.75116621294,49.821577160485,
    9.362273768571));
#8480 = DIRECTION('',(-5.19458519614E-02,0.121869343405,0.991185901636)
  );
#8481 = DIRECTION('',(-0.998629534755,-1.413873079185E-16,
    -5.233595624294E-02));
#8482 = FACE_BOUND('',#8483,.T.);
#8483 = EDGE_LOOP('',(#8484,#8485));
#8484 = ORIENTED_EDGE('',*,*,#8248,.T.);
#8485 = ORIENTED_EDGE('',*,*,#8460,.T.);
#8486 = PLANE('',#8487);
#8487 = AXIS2_PLACEMENT_3D('',#8488,#8489,#8490);
#8488 = CARTESIAN_POINT('',(144.74776410847,49.2921530432,9.427189789102
    ));
#8489 = DIRECTION('',(-5.19458519614E-02,0.121869343405,0.991185901636)
  );
#8490 = DIRECTION('',(-0.998629534755,-1.413873079185E-16,
    -5.233595624294E-02));
#8491 = ADVANCED_FACE('',(#8492),#8504,.T.);
#8492 = FACE_BOUND('',#8493,.T.);
#8493 = EDGE_LOOP('',(#8494,#8495,#8496,#8497));
#8494 = ORIENTED_EDGE('',*,*,#8198,.F.);
#8495 = ORIENTED_EDGE('',*,*,#8476,.T.);
#8496 = ORIENTED_EDGE('',*,*,#8215,.T.);
#8497 = ORIENTED_EDGE('',*,*,#8498,.F.);
#8498 = EDGE_CURVE('',#8199,#8207,#8499,.T.);
#8499 = CIRCLE('',#8500,0.5334);
#8500 = AXIS2_PLACEMENT_3D('',#8501,#8502,#8503);
#8501 = CARTESIAN_POINT('',(144.73797196655,49.85253197371,
    9.614034987586));
#8502 = DIRECTION('',(-5.19458519614E-02,0.121869343405,0.991185901636)
  );
#8503 = DIRECTION('',(-0.998629534755,-1.413873079185E-16,
    -5.233595624294E-02));
#8504 = CYLINDRICAL_SURFACE('',#8505,0.5334);
#8505 = AXIS2_PLACEMENT_3D('',#8506,#8507,#8508);
#8506 = CARTESIAN_POINT('',(144.73797196655,49.85253197371,
    9.614034987586));
#8507 = DIRECTION('',(-5.19458519614E-02,0.121869343405,0.991185901636)
  );
#8508 = DIRECTION('',(-0.998629534755,-1.413873079185E-16,
    -5.233595624294E-02));
#8509 = ADVANCED_FACE('',(#8510),#8514,.F.);
#8510 = FACE_BOUND('',#8511,.T.);
#8511 = EDGE_LOOP('',(#8512,#8513));
#8512 = ORIENTED_EDGE('',*,*,#8206,.T.);
#8513 = ORIENTED_EDGE('',*,*,#8498,.T.);
#8514 = PLANE('',#8515);
#8515 = AXIS2_PLACEMENT_3D('',#8516,#8517,#8518);
#8516 = CARTESIAN_POINT('',(144.73797196655,49.85253197371,
    9.614034987586));
#8517 = DIRECTION('',(5.19458519614E-02,-0.121869343405,-0.991185901636)
  );
#8518 = DIRECTION('',(0.998629534755,1.413873079185E-16,
    5.233595624294E-02));
#8519 = ADVANCED_FACE('',(#8520),#8524,.F.);
#8520 = FACE_BOUND('',#8521,.T.);
#8521 = EDGE_LOOP('',(#8522,#8523));
#8522 = ORIENTED_EDGE('',*,*,#8345,.F.);
#8523 = ORIENTED_EDGE('',*,*,#8378,.F.);
#8524 = PLANE('',#8525);
#8525 = AXIS2_PLACEMENT_3D('',#8526,#8527,#8528);
#8526 = CARTESIAN_POINT('',(144.86387439268,49.228313146994,
    7.211673585222));
#8527 = DIRECTION('',(-5.19458519614E-02,0.121869343405,0.991185901636)
  );
#8528 = DIRECTION('',(-0.998629534755,-1.413873079185E-16,
    -5.233595624294E-02));
#8529 = ( GEOMETRIC_REPRESENTATION_CONTEXT(3) 
GLOBAL_UNCERTAINTY_ASSIGNED_CONTEXT((#8533)) 
GLOBAL_UNIT_ASSIGNED_CONTEXT((#8530,#8531,#8532)) REPRESENTATION_CONTEXT
('Context #1','3D Context with UNIT and UNCERTAINTY') );
#8530 = ( LENGTH_UNIT() NAMED_UNIT(*) SI_UNIT(.MILLI.,.METRE.) );
#8531 = ( NAMED_UNIT(*) PLANE_ANGLE_UNIT() SI_UNIT($,.RADIAN.) );
#8532 = ( NAMED_UNIT(*) SI_UNIT($,.STERADIAN.) SOLID_ANGLE_UNIT() );
#8533 = UNCERTAINTY_MEASURE_WITH_UNIT(LENGTH_MEASURE(1.E-07),#8530,
  'distance_accuracy_value','confusion accuracy');
#8534 = PRODUCT_RELATED_PRODUCT_CATEGORY('part',$,(#7));
ENDSEC;
END-ISO-10303-21;
