ISO-10303-21;
HEADER;
FILE_DESCRIPTION(('FreeCAD Model'),'2;1');
FILE_NAME('Open CASCADE Shape Model','2026-09-13T16:25:31',('FreeCAD'),(
    'FreeCAD'),'Open CASCADE STEP processor 7.8','FreeCAD','Unknown');
FILE_SCHEMA(('AUTOMOTIVE_DESIGN { 1 0 10303 214 1 1 1 1 }'));
ENDSEC;
DATA;
#1 = APPLICATION_PROTOCOL_DEFINITION('international standard',
  'automotive_design',2000,#2);
#2 = APPLICATION_CONTEXT(
  'core data for automotive mechanical design processes');
#3 = SHAPE_DEFINITION_REPRESENTATION(#4,#10);
#4 = PRODUCT_DEFINITION_SHAPE('','',#5);
#5 = PRODUCT_DEFINITION('design','',#6,#9);
#6 = PRODUCT_DEFINITION_FORMATION('','',#7);
#7 = PRODUCT('Open CASCADE STEP translator 7.8 20',
  'Open CASCADE STEP translator 7.8 20','',(#8));
#8 = PRODUCT_CONTEXT('',#2,'mechanical');
#9 = PRODUCT_DEFINITION_CONTEXT('part definition',#2,'design');
#10 = SHAPE_REPRESENTATION('',(#11,#15,#161,#307,#453,#599,#745,#891,
    #1037,#1183,#1329,#1475,#1621,#1767,#1913,#2059,#2205,#2351,#2497,
    #2643,#2789,#2935,#3081,#3227,#3373,#3519,#3665,#3811,#3957,#4103,
    #4249),#4395);
#11 = AXIS2_PLACEMENT_3D('',#12,#13,#14);
#12 = CARTESIAN_POINT('',(0.,0.,0.));
#13 = DIRECTION('',(0.,0.,1.));
#14 = DIRECTION('',(1.,0.,-0.));
#15 = MANIFOLD_SOLID_BREP('',#16);
#16 = CLOSED_SHELL('',(#17,#55,#85,#115,#137,#149));
#17 = ADVANCED_FACE('',(#18),#50,.T.);
#18 = FACE_BOUND('',#19,.T.);
#19 = EDGE_LOOP('',(#20,#30,#37,#45));
#20 = ORIENTED_EDGE('',*,*,#21,.T.);
#21 = EDGE_CURVE('',#22,#24,#26,.T.);
#22 = VERTEX_POINT('',#23);
#23 = CARTESIAN_POINT('',(-1.772616226547,3.405089923322,22.221056455353
    ));
#24 = VERTEX_POINT('',#25);
#25 = CARTESIAN_POINT('',(16.362496124596,3.405089923322,23.171477420725
    ));
#26 = LINE('',#27,#28);
#27 = CARTESIAN_POINT('',(-1.772616226547,3.405089923322,22.221056455353
    ));
#28 = VECTOR('',#29,1.);
#29 = DIRECTION('',(0.998629534755,2.165773850982E-18,5.233595624294E-02
    ));
#30 = ORIENTED_EDGE('',*,*,#31,.T.);
#31 = EDGE_CURVE('',#24,#32,#34,.T.);
#32 = VERTEX_POINT('',#33);
#33 = CARTESIAN_POINT('',(12.715570671958,6.594427253491,32.475357640143
    ));
#34 = B_SPLINE_CURVE_WITH_KNOTS('',1,(#35,#36),.UNSPECIFIED.,.F.,.F.,(2,
    2),(0.,1.),.PIECEWISE_BEZIER_KNOTS.);
#35 = CARTESIAN_POINT('',(16.362496124596,3.405089923322,23.171477420725
    ));
#36 = CARTESIAN_POINT('',(12.715570671958,6.594427253491,32.475357640143
    ));
#37 = ORIENTED_EDGE('',*,*,#38,.F.);
#38 = EDGE_CURVE('',#39,#32,#41,.T.);
#39 = VERTEX_POINT('',#40);
#40 = CARTESIAN_POINT('',(0.881810685116,6.594427253491,31.855176558664)
  );
#41 = LINE('',#42,#43);
#42 = CARTESIAN_POINT('',(0.881810685116,6.594427253491,31.855176558664)
  );
#43 = VECTOR('',#44,1.);
#44 = DIRECTION('',(0.998629534755,2.165773850982E-18,5.233595624294E-02
    ));
#45 = ORIENTED_EDGE('',*,*,#46,.F.);
#46 = EDGE_CURVE('',#22,#39,#47,.T.);
#47 = B_SPLINE_CURVE_WITH_KNOTS('',1,(#48,#49),.UNSPECIFIED.,.F.,.F.,(2,
    2),(0.,1.),.PIECEWISE_BEZIER_KNOTS.);
#48 = CARTESIAN_POINT('',(-1.772616226547,3.405089923322,22.221056455353
    ));
#49 = CARTESIAN_POINT('',(0.881810685116,6.594427253491,31.855176558664)
  );
#50 = B_SPLINE_SURFACE_WITH_KNOTS('',1,1,(
    (#51,#52)
    ,(#53,#54
  )),.UNSPECIFIED.,.F.,.F.,.F.,(2,2),(2,2),(0.,18.16),(0.,1.),
  .PIECEWISE_BEZIER_KNOTS.);
#51 = CARTESIAN_POINT('',(-1.772616226547,3.405089923322,22.221056455353
    ));
#52 = CARTESIAN_POINT('',(0.881810685116,6.594427253491,31.855176558664)
  );
#53 = CARTESIAN_POINT('',(16.362496124596,3.405089923322,23.171477420725
    ));
#54 = CARTESIAN_POINT('',(12.715570671958,6.594427253491,32.475357640143
    ));
#55 = ADVANCED_FACE('',(#56),#80,.T.);
#56 = FACE_BOUND('',#57,.T.);
#57 = EDGE_LOOP('',(#58,#66,#73,#79));
#58 = ORIENTED_EDGE('',*,*,#59,.T.);
#59 = EDGE_CURVE('',#24,#60,#62,.T.);
#60 = VERTEX_POINT('',#61);
#61 = CARTESIAN_POINT('',(16.478323303604,21.429728037128,
    20.961363185912));
#62 = LINE('',#63,#64);
#63 = CARTESIAN_POINT('',(16.362496124596,3.405089923322,23.171477420725
    ));
#64 = VECTOR('',#65,1.);
#65 = DIRECTION('',(6.378148623808E-03,0.992546151641,-0.121702325706));
#66 = ORIENTED_EDGE('',*,*,#67,.T.);
#67 = EDGE_CURVE('',#60,#68,#70,.T.);
#68 = VERTEX_POINT('',#69);
#69 = CARTESIAN_POINT('',(12.80894676781,21.12530291352,30.693635591814)
  );
#70 = B_SPLINE_CURVE_WITH_KNOTS('',1,(#71,#72),.UNSPECIFIED.,.F.,.F.,(2,
    2),(0.,1.),.PIECEWISE_BEZIER_KNOTS.);
#71 = CARTESIAN_POINT('',(16.478323303604,21.429728037128,
    20.961363185912));
#72 = CARTESIAN_POINT('',(12.80894676781,21.12530291352,30.693635591814)
  );
#73 = ORIENTED_EDGE('',*,*,#74,.F.);
#74 = EDGE_CURVE('',#32,#68,#75,.T.);
#75 = LINE('',#76,#77);
#76 = CARTESIAN_POINT('',(12.715570671958,6.594427253491,32.475357640143
    ));
#77 = VECTOR('',#78,1.);
#78 = DIRECTION('',(6.378148623808E-03,0.992546151641,-0.121702325706));
#79 = ORIENTED_EDGE('',*,*,#31,.F.);
#80 = B_SPLINE_SURFACE_WITH_KNOTS('',1,1,(
    (#81,#82)
    ,(#83,#84
  )),.UNSPECIFIED.,.F.,.F.,.F.,(2,2),(2,2),(0.,18.16),(0.,1.),
  .PIECEWISE_BEZIER_KNOTS.);
#81 = CARTESIAN_POINT('',(16.362496124596,3.405089923322,23.171477420725
    ));
#82 = CARTESIAN_POINT('',(12.715570671958,6.594427253491,32.475357640143
    ));
#83 = CARTESIAN_POINT('',(16.478323303604,21.429728037128,
    20.961363185912));
#84 = CARTESIAN_POINT('',(12.80894676781,21.12530291352,30.693635591814)
  );
#85 = ADVANCED_FACE('',(#86),#110,.T.);
#86 = FACE_BOUND('',#87,.T.);
#87 = EDGE_LOOP('',(#88,#96,#103,#109));
#88 = ORIENTED_EDGE('',*,*,#89,.T.);
#89 = EDGE_CURVE('',#60,#90,#92,.T.);
#90 = VERTEX_POINT('',#91);
#91 = CARTESIAN_POINT('',(-1.656789047539,21.429728037128,20.01094222054
    ));
#92 = LINE('',#93,#94);
#93 = CARTESIAN_POINT('',(16.478323303604,21.429728037128,
    20.961363185912));
#94 = VECTOR('',#95,1.);
#95 = DIRECTION('',(-0.998629534755,-2.165773850982E-18,
    -5.233595624294E-02));
#96 = ORIENTED_EDGE('',*,*,#97,.T.);
#97 = EDGE_CURVE('',#90,#98,#100,.T.);
#98 = VERTEX_POINT('',#99);
#99 = CARTESIAN_POINT('',(0.975186780968,21.12530291352,30.073454510335)
  );
#100 = B_SPLINE_CURVE_WITH_KNOTS('',1,(#101,#102),.UNSPECIFIED.,.F.,.F.,
  (2,2),(0.,1.),.PIECEWISE_BEZIER_KNOTS.);
#101 = CARTESIAN_POINT('',(-1.656789047539,21.429728037128,
    20.01094222054));
#102 = CARTESIAN_POINT('',(0.975186780968,21.12530291352,30.073454510335
    ));
#103 = ORIENTED_EDGE('',*,*,#104,.F.);
#104 = EDGE_CURVE('',#68,#98,#105,.T.);
#105 = LINE('',#106,#107);
#106 = CARTESIAN_POINT('',(12.80894676781,21.12530291352,30.693635591814
    ));
#107 = VECTOR('',#108,1.);
#108 = DIRECTION('',(-0.998629534755,-2.165773850982E-18,
    -5.233595624294E-02));
#109 = ORIENTED_EDGE('',*,*,#67,.F.);
#110 = B_SPLINE_SURFACE_WITH_KNOTS('',1,1,(
    (#111,#112)
    ,(#113,#114
    )),.UNSPECIFIED.,.F.,.F.,.F.,(2,2),(2,2),(0.,18.16),(0.,1.),
  .PIECEWISE_BEZIER_KNOTS.);
#111 = CARTESIAN_POINT('',(16.478323303604,21.429728037128,
    20.961363185912));
#112 = CARTESIAN_POINT('',(12.80894676781,21.12530291352,30.693635591814
    ));
#113 = CARTESIAN_POINT('',(-1.656789047539,21.429728037128,
    20.01094222054));
#114 = CARTESIAN_POINT('',(0.975186780968,21.12530291352,30.073454510335
    ));
#115 = ADVANCED_FACE('',(#116),#132,.T.);
#116 = FACE_BOUND('',#117,.T.);
#117 = EDGE_LOOP('',(#118,#124,#125,#131));
#118 = ORIENTED_EDGE('',*,*,#119,.T.);
#119 = EDGE_CURVE('',#90,#22,#120,.T.);
#120 = LINE('',#121,#122);
#121 = CARTESIAN_POINT('',(-1.656789047539,21.429728037128,
    20.01094222054));
#122 = VECTOR('',#123,1.);
#123 = DIRECTION('',(-6.378148623808E-03,-0.992546151641,0.121702325706)
  );
#124 = ORIENTED_EDGE('',*,*,#46,.T.);
#125 = ORIENTED_EDGE('',*,*,#126,.F.);
#126 = EDGE_CURVE('',#98,#39,#127,.T.);
#127 = LINE('',#128,#129);
#128 = CARTESIAN_POINT('',(0.975186780968,21.12530291352,30.073454510335
    ));
#129 = VECTOR('',#130,1.);
#130 = DIRECTION('',(-6.378148623808E-03,-0.992546151641,0.121702325706)
  );
#131 = ORIENTED_EDGE('',*,*,#97,.F.);
#132 = B_SPLINE_SURFACE_WITH_KNOTS('',1,1,(
    (#133,#134)
    ,(#135,#136
    )),.UNSPECIFIED.,.F.,.F.,.F.,(2,2),(2,2),(0.,18.16),(0.,1.),
  .PIECEWISE_BEZIER_KNOTS.);
#133 = CARTESIAN_POINT('',(-1.656789047539,21.429728037128,
    20.01094222054));
#134 = CARTESIAN_POINT('',(0.975186780968,21.12530291352,30.073454510335
    ));
#135 = CARTESIAN_POINT('',(-1.772616226547,3.405089923322,
    22.221056455353));
#136 = CARTESIAN_POINT('',(0.881810685116,6.594427253491,31.855176558664
    ));
#137 = ADVANCED_FACE('',(#138),#144,.T.);
#138 = FACE_BOUND('',#139,.F.);
#139 = EDGE_LOOP('',(#140,#141,#142,#143));
#140 = ORIENTED_EDGE('',*,*,#21,.T.);
#141 = ORIENTED_EDGE('',*,*,#59,.T.);
#142 = ORIENTED_EDGE('',*,*,#89,.T.);
#143 = ORIENTED_EDGE('',*,*,#119,.T.);
#144 = PLANE('',#145);
#145 = AXIS2_PLACEMENT_3D('',#146,#147,#148);
#146 = CARTESIAN_POINT('',(-1.772616226547,3.405089923322,
    22.221056455353));
#147 = DIRECTION('',(5.19458519614E-02,-0.121869343405,-0.991185901636)
  );
#148 = DIRECTION('',(0.710647748061,0.701836114466,-4.904943023328E-02)
  );
#149 = ADVANCED_FACE('',(#150),#156,.F.);
#150 = FACE_BOUND('',#151,.T.);
#151 = EDGE_LOOP('',(#152,#153,#154,#155));
#152 = ORIENTED_EDGE('',*,*,#38,.T.);
#153 = ORIENTED_EDGE('',*,*,#74,.T.);
#154 = ORIENTED_EDGE('',*,*,#104,.T.);
#155 = ORIENTED_EDGE('',*,*,#126,.T.);
#156 = PLANE('',#157);
#157 = AXIS2_PLACEMENT_3D('',#158,#159,#160);
#158 = CARTESIAN_POINT('',(0.881810685116,6.594427253491,31.855176558664
    ));
#159 = DIRECTION('',(5.19458519614E-02,-0.121869343405,-0.991185901636)
  );
#160 = DIRECTION('',(0.633247795928,0.771488219873,-6.166972960134E-02)
  );
#161 = MANIFOLD_SOLID_BREP('',#162);
#162 = CLOSED_SHELL('',(#163,#201,#231,#261,#283,#295));
#163 = ADVANCED_FACE('',(#164),#196,.T.);
#164 = FACE_BOUND('',#165,.T.);
#165 = EDGE_LOOP('',(#166,#176,#183,#191));
#166 = ORIENTED_EDGE('',*,*,#167,.T.);
#167 = EDGE_CURVE('',#168,#170,#172,.T.);
#168 = VERTEX_POINT('',#169);
#169 = CARTESIAN_POINT('',(17.251276410528,3.405089923322,
    23.218056421781));
#170 = VERTEX_POINT('',#171);
#171 = CARTESIAN_POINT('',(35.386388761671,3.405089923322,
    24.168477387153));
#172 = LINE('',#173,#174);
#173 = CARTESIAN_POINT('',(17.251276410528,3.405089923322,
    23.218056421781));
#174 = VECTOR('',#175,1.);
#175 = DIRECTION('',(0.998629534755,2.165773850982E-18,
    5.233595624294E-02));
#176 = ORIENTED_EDGE('',*,*,#177,.T.);
#177 = EDGE_CURVE('',#170,#178,#180,.T.);
#178 = VERTEX_POINT('',#179);
#179 = CARTESIAN_POINT('',(31.739463309032,6.594427253491,
    33.472357606571));
#180 = B_SPLINE_CURVE_WITH_KNOTS('',1,(#181,#182),.UNSPECIFIED.,.F.,.F.,
  (2,2),(0.,1.),.PIECEWISE_BEZIER_KNOTS.);
#181 = CARTESIAN_POINT('',(35.386388761671,3.405089923322,
    24.168477387153));
#182 = CARTESIAN_POINT('',(31.739463309032,6.594427253491,
    33.472357606571));
#183 = ORIENTED_EDGE('',*,*,#184,.F.);
#184 = EDGE_CURVE('',#185,#178,#187,.T.);
#185 = VERTEX_POINT('',#186);
#186 = CARTESIAN_POINT('',(19.905703322191,6.594427253491,
    32.852176525092));
#187 = LINE('',#188,#189);
#188 = CARTESIAN_POINT('',(19.90570332219,6.594427253491,32.852176525092
    ));
#189 = VECTOR('',#190,1.);
#190 = DIRECTION('',(0.998629534755,2.165773850982E-18,
    5.233595624294E-02));
#191 = ORIENTED_EDGE('',*,*,#192,.F.);
#192 = EDGE_CURVE('',#168,#185,#193,.T.);
#193 = B_SPLINE_CURVE_WITH_KNOTS('',1,(#194,#195),.UNSPECIFIED.,.F.,.F.,
  (2,2),(0.,1.),.PIECEWISE_BEZIER_KNOTS.);
#194 = CARTESIAN_POINT('',(17.251276410528,3.405089923322,
    23.218056421781));
#195 = CARTESIAN_POINT('',(19.90570332219,6.594427253491,32.852176525092
    ));
#196 = B_SPLINE_SURFACE_WITH_KNOTS('',1,1,(
    (#197,#198)
    ,(#199,#200
    )),.UNSPECIFIED.,.F.,.F.,.F.,(2,2),(2,2),(0.,18.16),(0.,1.),
  .PIECEWISE_BEZIER_KNOTS.);
#197 = CARTESIAN_POINT('',(17.251276410528,3.405089923322,
    23.218056421781));
#198 = CARTESIAN_POINT('',(19.90570332219,6.594427253491,32.852176525092
    ));
#199 = CARTESIAN_POINT('',(35.386388761671,3.405089923322,
    24.168477387153));
#200 = CARTESIAN_POINT('',(31.739463309032,6.594427253491,
    33.472357606571));
#201 = ADVANCED_FACE('',(#202),#226,.T.);
#202 = FACE_BOUND('',#203,.T.);
#203 = EDGE_LOOP('',(#204,#212,#219,#225));
#204 = ORIENTED_EDGE('',*,*,#205,.T.);
#205 = EDGE_CURVE('',#170,#206,#208,.T.);
#206 = VERTEX_POINT('',#207);
#207 = CARTESIAN_POINT('',(35.502215940679,21.429728037128,
    21.95836315234));
#208 = LINE('',#209,#210);
#209 = CARTESIAN_POINT('',(35.386388761671,3.405089923322,
    24.168477387153));
#210 = VECTOR('',#211,1.);
#211 = DIRECTION('',(6.378148623808E-03,0.992546151641,-0.121702325706)
  );
#212 = ORIENTED_EDGE('',*,*,#213,.T.);
#213 = EDGE_CURVE('',#206,#214,#216,.T.);
#214 = VERTEX_POINT('',#215);
#215 = CARTESIAN_POINT('',(31.832839404885,21.12530291352,
    31.690635558242));
#216 = B_SPLINE_CURVE_WITH_KNOTS('',1,(#217,#218),.UNSPECIFIED.,.F.,.F.,
  (2,2),(0.,1.),.PIECEWISE_BEZIER_KNOTS.);
#217 = CARTESIAN_POINT('',(35.502215940679,21.429728037128,
    21.95836315234));
#218 = CARTESIAN_POINT('',(31.832839404885,21.12530291352,
    31.690635558242));
#219 = ORIENTED_EDGE('',*,*,#220,.F.);
#220 = EDGE_CURVE('',#178,#214,#221,.T.);
#221 = LINE('',#222,#223);
#222 = CARTESIAN_POINT('',(31.739463309032,6.594427253491,
    33.472357606571));
#223 = VECTOR('',#224,1.);
#224 = DIRECTION('',(6.378148623808E-03,0.992546151641,-0.121702325706)
  );
#225 = ORIENTED_EDGE('',*,*,#177,.F.);
#226 = B_SPLINE_SURFACE_WITH_KNOTS('',1,1,(
    (#227,#228)
    ,(#229,#230
    )),.UNSPECIFIED.,.F.,.F.,.F.,(2,2),(2,2),(0.,18.16),(0.,1.),
  .PIECEWISE_BEZIER_KNOTS.);
#227 = CARTESIAN_POINT('',(35.386388761671,3.405089923322,
    24.168477387153));
#228 = CARTESIAN_POINT('',(31.739463309032,6.594427253491,
    33.472357606571));
#229 = CARTESIAN_POINT('',(35.502215940679,21.429728037128,
    21.95836315234));
#230 = CARTESIAN_POINT('',(31.832839404885,21.12530291352,
    31.690635558242));
#231 = ADVANCED_FACE('',(#232),#256,.T.);
#232 = FACE_BOUND('',#233,.T.);
#233 = EDGE_LOOP('',(#234,#242,#249,#255));
#234 = ORIENTED_EDGE('',*,*,#235,.T.);
#235 = EDGE_CURVE('',#206,#236,#238,.T.);
#236 = VERTEX_POINT('',#237);
#237 = CARTESIAN_POINT('',(17.367103589536,21.429728037128,
    21.007942186969));
#238 = LINE('',#239,#240);
#239 = CARTESIAN_POINT('',(35.502215940679,21.429728037128,
    21.95836315234));
#240 = VECTOR('',#241,1.);
#241 = DIRECTION('',(-0.998629534755,-2.165773850982E-18,
    -5.233595624294E-02));
#242 = ORIENTED_EDGE('',*,*,#243,.T.);
#243 = EDGE_CURVE('',#236,#244,#246,.T.);
#244 = VERTEX_POINT('',#245);
#245 = CARTESIAN_POINT('',(19.999079418043,21.12530291352,
    31.070454476763));
#246 = B_SPLINE_CURVE_WITH_KNOTS('',1,(#247,#248),.UNSPECIFIED.,.F.,.F.,
  (2,2),(0.,1.),.PIECEWISE_BEZIER_KNOTS.);
#247 = CARTESIAN_POINT('',(17.367103589536,21.429728037128,
    21.007942186969));
#248 = CARTESIAN_POINT('',(19.999079418043,21.12530291352,
    31.070454476763));
#249 = ORIENTED_EDGE('',*,*,#250,.F.);
#250 = EDGE_CURVE('',#214,#244,#251,.T.);
#251 = LINE('',#252,#253);
#252 = CARTESIAN_POINT('',(31.832839404885,21.12530291352,
    31.690635558242));
#253 = VECTOR('',#254,1.);
#254 = DIRECTION('',(-0.998629534755,-2.165773850982E-18,
    -5.233595624294E-02));
#255 = ORIENTED_EDGE('',*,*,#213,.F.);
#256 = B_SPLINE_SURFACE_WITH_KNOTS('',1,1,(
    (#257,#258)
    ,(#259,#260
    )),.UNSPECIFIED.,.F.,.F.,.F.,(2,2),(2,2),(0.,18.16),(0.,1.),
  .PIECEWISE_BEZIER_KNOTS.);
#257 = CARTESIAN_POINT('',(35.502215940679,21.429728037128,
    21.95836315234));
#258 = CARTESIAN_POINT('',(31.832839404885,21.12530291352,
    31.690635558242));
#259 = CARTESIAN_POINT('',(17.367103589536,21.429728037128,
    21.007942186969));
#260 = CARTESIAN_POINT('',(19.999079418043,21.12530291352,
    31.070454476763));
#261 = ADVANCED_FACE('',(#262),#278,.T.);
#262 = FACE_BOUND('',#263,.T.);
#263 = EDGE_LOOP('',(#264,#270,#271,#277));
#264 = ORIENTED_EDGE('',*,*,#265,.T.);
#265 = EDGE_CURVE('',#236,#168,#266,.T.);
#266 = LINE('',#267,#268);
#267 = CARTESIAN_POINT('',(17.367103589536,21.429728037128,
    21.007942186969));
#268 = VECTOR('',#269,1.);
#269 = DIRECTION('',(-6.378148623808E-03,-0.992546151641,0.121702325706)
  );
#270 = ORIENTED_EDGE('',*,*,#192,.T.);
#271 = ORIENTED_EDGE('',*,*,#272,.F.);
#272 = EDGE_CURVE('',#244,#185,#273,.T.);
#273 = LINE('',#274,#275);
#274 = CARTESIAN_POINT('',(19.999079418043,21.12530291352,
    31.070454476763));
#275 = VECTOR('',#276,1.);
#276 = DIRECTION('',(-6.378148623808E-03,-0.992546151641,0.121702325706)
  );
#277 = ORIENTED_EDGE('',*,*,#243,.F.);
#278 = B_SPLINE_SURFACE_WITH_KNOTS('',1,1,(
    (#279,#280)
    ,(#281,#282
    )),.UNSPECIFIED.,.F.,.F.,.F.,(2,2),(2,2),(0.,18.16),(0.,1.),
  .PIECEWISE_BEZIER_KNOTS.);
#279 = CARTESIAN_POINT('',(17.367103589536,21.429728037128,
    21.007942186969));
#280 = CARTESIAN_POINT('',(19.999079418043,21.12530291352,
    31.070454476763));
#281 = CARTESIAN_POINT('',(17.251276410528,3.405089923322,
    23.218056421781));
#282 = CARTESIAN_POINT('',(19.90570332219,6.594427253491,32.852176525092
    ));
#283 = ADVANCED_FACE('',(#284),#290,.T.);
#284 = FACE_BOUND('',#285,.F.);
#285 = EDGE_LOOP('',(#286,#287,#288,#289));
#286 = ORIENTED_EDGE('',*,*,#167,.T.);
#287 = ORIENTED_EDGE('',*,*,#205,.T.);
#288 = ORIENTED_EDGE('',*,*,#235,.T.);
#289 = ORIENTED_EDGE('',*,*,#265,.T.);
#290 = PLANE('',#291);
#291 = AXIS2_PLACEMENT_3D('',#292,#293,#294);
#292 = CARTESIAN_POINT('',(17.251276410528,3.405089923322,
    23.218056421781));
#293 = DIRECTION('',(5.19458519614E-02,-0.121869343405,-0.991185901636)
  );
#294 = DIRECTION('',(0.710647748061,0.701836114466,-4.904943023328E-02)
  );
#295 = ADVANCED_FACE('',(#296),#302,.F.);
#296 = FACE_BOUND('',#297,.T.);
#297 = EDGE_LOOP('',(#298,#299,#300,#301));
#298 = ORIENTED_EDGE('',*,*,#184,.T.);
#299 = ORIENTED_EDGE('',*,*,#220,.T.);
#300 = ORIENTED_EDGE('',*,*,#250,.T.);
#301 = ORIENTED_EDGE('',*,*,#272,.T.);
#302 = PLANE('',#303);
#303 = AXIS2_PLACEMENT_3D('',#304,#305,#306);
#304 = CARTESIAN_POINT('',(19.90570332219,6.594427253491,32.852176525092
    ));
#305 = DIRECTION('',(5.19458519614E-02,-0.121869343405,-0.991185901636)
  );
#306 = DIRECTION('',(0.633247795928,0.771488219873,-6.166972960134E-02)
  );
#307 = MANIFOLD_SOLID_BREP('',#308);
#308 = CLOSED_SHELL('',(#309,#347,#377,#407,#429,#441));
#309 = ADVANCED_FACE('',(#310),#342,.T.);
#310 = FACE_BOUND('',#311,.T.);
#311 = EDGE_LOOP('',(#312,#322,#329,#337));
#312 = ORIENTED_EDGE('',*,*,#313,.T.);
#313 = EDGE_CURVE('',#314,#316,#318,.T.);
#314 = VERTEX_POINT('',#315);
#315 = CARTESIAN_POINT('',(36.275169047602,3.405089923322,
    24.215056388209));
#316 = VERTEX_POINT('',#317);
#317 = CARTESIAN_POINT('',(54.410281398745,3.405089923322,
    25.165477353581));
#318 = LINE('',#319,#320);
#319 = CARTESIAN_POINT('',(36.275169047602,3.405089923322,
    24.215056388209));
#320 = VECTOR('',#321,1.);
#321 = DIRECTION('',(0.998629534755,2.165773850982E-18,
    5.233595624294E-02));
#322 = ORIENTED_EDGE('',*,*,#323,.T.);
#323 = EDGE_CURVE('',#316,#324,#326,.T.);
#324 = VERTEX_POINT('',#325);
#325 = CARTESIAN_POINT('',(50.763355946107,6.594427253491,
    34.469357572999));
#326 = B_SPLINE_CURVE_WITH_KNOTS('',1,(#327,#328),.UNSPECIFIED.,.F.,.F.,
  (2,2),(0.,1.),.PIECEWISE_BEZIER_KNOTS.);
#327 = CARTESIAN_POINT('',(54.410281398745,3.405089923322,
    25.165477353581));
#328 = CARTESIAN_POINT('',(50.763355946107,6.594427253491,
    34.469357572999));
#329 = ORIENTED_EDGE('',*,*,#330,.F.);
#330 = EDGE_CURVE('',#331,#324,#333,.T.);
#331 = VERTEX_POINT('',#332);
#332 = CARTESIAN_POINT('',(38.929595959265,6.594427253491,33.84917649152
    ));
#333 = LINE('',#334,#335);
#334 = CARTESIAN_POINT('',(38.929595959265,6.594427253491,33.84917649152
    ));
#335 = VECTOR('',#336,1.);
#336 = DIRECTION('',(0.998629534755,2.165773850982E-18,
    5.233595624294E-02));
#337 = ORIENTED_EDGE('',*,*,#338,.F.);
#338 = EDGE_CURVE('',#314,#331,#339,.T.);
#339 = B_SPLINE_CURVE_WITH_KNOTS('',1,(#340,#341),.UNSPECIFIED.,.F.,.F.,
  (2,2),(0.,1.),.PIECEWISE_BEZIER_KNOTS.);
#340 = CARTESIAN_POINT('',(36.275169047602,3.405089923322,
    24.215056388209));
#341 = CARTESIAN_POINT('',(38.929595959265,6.594427253491,33.84917649152
    ));
#342 = B_SPLINE_SURFACE_WITH_KNOTS('',1,1,(
    (#343,#344)
    ,(#345,#346
    )),.UNSPECIFIED.,.F.,.F.,.F.,(2,2),(2,2),(0.,18.16),(0.,1.),
  .PIECEWISE_BEZIER_KNOTS.);
#343 = CARTESIAN_POINT('',(36.275169047602,3.405089923322,
    24.215056388209));
#344 = CARTESIAN_POINT('',(38.929595959265,6.594427253491,33.84917649152
    ));
#345 = CARTESIAN_POINT('',(54.410281398745,3.405089923322,
    25.165477353581));
#346 = CARTESIAN_POINT('',(50.763355946107,6.594427253491,
    34.469357572999));
#347 = ADVANCED_FACE('',(#348),#372,.T.);
#348 = FACE_BOUND('',#349,.T.);
#349 = EDGE_LOOP('',(#350,#358,#365,#371));
#350 = ORIENTED_EDGE('',*,*,#351,.T.);
#351 = EDGE_CURVE('',#316,#352,#354,.T.);
#352 = VERTEX_POINT('',#353);
#353 = CARTESIAN_POINT('',(54.526108577754,21.429728037128,
    22.955363118768));
#354 = LINE('',#355,#356);
#355 = CARTESIAN_POINT('',(54.410281398745,3.405089923322,
    25.165477353581));
#356 = VECTOR('',#357,1.);
#357 = DIRECTION('',(6.378148623808E-03,0.992546151641,-0.121702325706)
  );
#358 = ORIENTED_EDGE('',*,*,#359,.T.);
#359 = EDGE_CURVE('',#352,#360,#362,.T.);
#360 = VERTEX_POINT('',#361);
#361 = CARTESIAN_POINT('',(50.856732041959,21.12530291352,32.68763552467
    ));
#362 = B_SPLINE_CURVE_WITH_KNOTS('',1,(#363,#364),.UNSPECIFIED.,.F.,.F.,
  (2,2),(0.,1.),.PIECEWISE_BEZIER_KNOTS.);
#363 = CARTESIAN_POINT('',(54.526108577754,21.429728037128,
    22.955363118768));
#364 = CARTESIAN_POINT('',(50.856732041959,21.12530291352,32.68763552467
    ));
#365 = ORIENTED_EDGE('',*,*,#366,.F.);
#366 = EDGE_CURVE('',#324,#360,#367,.T.);
#367 = LINE('',#368,#369);
#368 = CARTESIAN_POINT('',(50.763355946107,6.594427253491,
    34.469357572999));
#369 = VECTOR('',#370,1.);
#370 = DIRECTION('',(6.378148623808E-03,0.992546151641,-0.121702325706)
  );
#371 = ORIENTED_EDGE('',*,*,#323,.F.);
#372 = B_SPLINE_SURFACE_WITH_KNOTS('',1,1,(
    (#373,#374)
    ,(#375,#376
    )),.UNSPECIFIED.,.F.,.F.,.F.,(2,2),(2,2),(0.,18.16),(0.,1.),
  .PIECEWISE_BEZIER_KNOTS.);
#373 = CARTESIAN_POINT('',(54.410281398745,3.405089923322,
    25.165477353581));
#374 = CARTESIAN_POINT('',(50.763355946107,6.594427253491,
    34.469357572999));
#375 = CARTESIAN_POINT('',(54.526108577754,21.429728037128,
    22.955363118768));
#376 = CARTESIAN_POINT('',(50.856732041959,21.12530291352,32.68763552467
    ));
#377 = ADVANCED_FACE('',(#378),#402,.T.);
#378 = FACE_BOUND('',#379,.T.);
#379 = EDGE_LOOP('',(#380,#388,#395,#401));
#380 = ORIENTED_EDGE('',*,*,#381,.T.);
#381 = EDGE_CURVE('',#352,#382,#384,.T.);
#382 = VERTEX_POINT('',#383);
#383 = CARTESIAN_POINT('',(36.390996226611,21.429728037128,
    22.004942153397));
#384 = LINE('',#385,#386);
#385 = CARTESIAN_POINT('',(54.526108577754,21.429728037128,
    22.955363118768));
#386 = VECTOR('',#387,1.);
#387 = DIRECTION('',(-0.998629534755,-2.165773850982E-18,
    -5.233595624294E-02));
#388 = ORIENTED_EDGE('',*,*,#389,.T.);
#389 = EDGE_CURVE('',#382,#390,#392,.T.);
#390 = VERTEX_POINT('',#391);
#391 = CARTESIAN_POINT('',(39.022972055118,21.12530291352,
    32.067454443191));
#392 = B_SPLINE_CURVE_WITH_KNOTS('',1,(#393,#394),.UNSPECIFIED.,.F.,.F.,
  (2,2),(0.,1.),.PIECEWISE_BEZIER_KNOTS.);
#393 = CARTESIAN_POINT('',(36.390996226611,21.429728037128,
    22.004942153397));
#394 = CARTESIAN_POINT('',(39.022972055118,21.12530291352,
    32.067454443191));
#395 = ORIENTED_EDGE('',*,*,#396,.F.);
#396 = EDGE_CURVE('',#360,#390,#397,.T.);
#397 = LINE('',#398,#399);
#398 = CARTESIAN_POINT('',(50.856732041959,21.12530291352,32.68763552467
    ));
#399 = VECTOR('',#400,1.);
#400 = DIRECTION('',(-0.998629534755,-2.165773850982E-18,
    -5.233595624294E-02));
#401 = ORIENTED_EDGE('',*,*,#359,.F.);
#402 = B_SPLINE_SURFACE_WITH_KNOTS('',1,1,(
    (#403,#404)
    ,(#405,#406
    )),.UNSPECIFIED.,.F.,.F.,.F.,(2,2),(2,2),(0.,18.16),(0.,1.),
  .PIECEWISE_BEZIER_KNOTS.);
#403 = CARTESIAN_POINT('',(54.526108577754,21.429728037128,
    22.955363118768));
#404 = CARTESIAN_POINT('',(50.856732041959,21.12530291352,32.68763552467
    ));
#405 = CARTESIAN_POINT('',(36.390996226611,21.429728037128,
    22.004942153397));
#406 = CARTESIAN_POINT('',(39.022972055118,21.12530291352,
    32.067454443191));
#407 = ADVANCED_FACE('',(#408),#424,.T.);
#408 = FACE_BOUND('',#409,.T.);
#409 = EDGE_LOOP('',(#410,#416,#417,#423));
#410 = ORIENTED_EDGE('',*,*,#411,.T.);
#411 = EDGE_CURVE('',#382,#314,#412,.T.);
#412 = LINE('',#413,#414);
#413 = CARTESIAN_POINT('',(36.390996226611,21.429728037128,
    22.004942153397));
#414 = VECTOR('',#415,1.);
#415 = DIRECTION('',(-6.378148623808E-03,-0.992546151641,0.121702325706)
  );
#416 = ORIENTED_EDGE('',*,*,#338,.T.);
#417 = ORIENTED_EDGE('',*,*,#418,.F.);
#418 = EDGE_CURVE('',#390,#331,#419,.T.);
#419 = LINE('',#420,#421);
#420 = CARTESIAN_POINT('',(39.022972055118,21.12530291352,
    32.067454443191));
#421 = VECTOR('',#422,1.);
#422 = DIRECTION('',(-6.378148623808E-03,-0.992546151641,0.121702325706)
  );
#423 = ORIENTED_EDGE('',*,*,#389,.F.);
#424 = B_SPLINE_SURFACE_WITH_KNOTS('',1,1,(
    (#425,#426)
    ,(#427,#428
    )),.UNSPECIFIED.,.F.,.F.,.F.,(2,2),(2,2),(0.,18.16),(0.,1.),
  .PIECEWISE_BEZIER_KNOTS.);
#425 = CARTESIAN_POINT('',(36.390996226611,21.429728037128,
    22.004942153397));
#426 = CARTESIAN_POINT('',(39.022972055118,21.12530291352,
    32.067454443191));
#427 = CARTESIAN_POINT('',(36.275169047602,3.405089923322,
    24.215056388209));
#428 = CARTESIAN_POINT('',(38.929595959265,6.594427253491,33.84917649152
    ));
#429 = ADVANCED_FACE('',(#430),#436,.T.);
#430 = FACE_BOUND('',#431,.F.);
#431 = EDGE_LOOP('',(#432,#433,#434,#435));
#432 = ORIENTED_EDGE('',*,*,#313,.T.);
#433 = ORIENTED_EDGE('',*,*,#351,.T.);
#434 = ORIENTED_EDGE('',*,*,#381,.T.);
#435 = ORIENTED_EDGE('',*,*,#411,.T.);
#436 = PLANE('',#437);
#437 = AXIS2_PLACEMENT_3D('',#438,#439,#440);
#438 = CARTESIAN_POINT('',(36.275169047602,3.405089923322,
    24.215056388209));
#439 = DIRECTION('',(5.19458519614E-02,-0.121869343405,-0.991185901636)
  );
#440 = DIRECTION('',(0.710647748061,0.701836114466,-4.904943023328E-02)
  );
#441 = ADVANCED_FACE('',(#442),#448,.F.);
#442 = FACE_BOUND('',#443,.T.);
#443 = EDGE_LOOP('',(#444,#445,#446,#447));
#444 = ORIENTED_EDGE('',*,*,#330,.T.);
#445 = ORIENTED_EDGE('',*,*,#366,.T.);
#446 = ORIENTED_EDGE('',*,*,#396,.T.);
#447 = ORIENTED_EDGE('',*,*,#418,.T.);
#448 = PLANE('',#449);
#449 = AXIS2_PLACEMENT_3D('',#450,#451,#452);
#450 = CARTESIAN_POINT('',(38.929595959265,6.594427253491,33.84917649152
    ));
#451 = DIRECTION('',(5.19458519614E-02,-0.121869343405,-0.991185901636)
  );
#452 = DIRECTION('',(0.633247795928,0.771488219873,-6.166972960134E-02)
  );
#453 = MANIFOLD_SOLID_BREP('',#454);
#454 = CLOSED_SHELL('',(#455,#493,#523,#553,#575,#587));
#455 = ADVANCED_FACE('',(#456),#488,.T.);
#456 = FACE_BOUND('',#457,.T.);
#457 = EDGE_LOOP('',(#458,#468,#475,#483));
#458 = ORIENTED_EDGE('',*,*,#459,.T.);
#459 = EDGE_CURVE('',#460,#462,#464,.T.);
#460 = VERTEX_POINT('',#461);
#461 = CARTESIAN_POINT('',(55.340364017172,3.405771345265,
    25.214137135247));
#462 = VERTEX_POINT('',#463);
#463 = CARTESIAN_POINT('',(73.475681887526,3.444151208614,
    26.159849949637));
#464 = LINE('',#465,#466);
#465 = CARTESIAN_POINT('',(55.340364017172,3.405771345265,
    25.214137135247));
#466 = VECTOR('',#467,1.);
#467 = DIRECTION('',(0.998640851892,2.113428598523E-03,
    5.207669682765E-02));
#468 = ORIENTED_EDGE('',*,*,#469,.T.);
#469 = EDGE_CURVE('',#462,#470,#472,.T.);
#470 = VERTEX_POINT('',#471);
#471 = CARTESIAN_POINT('',(69.824446672545,6.626816148926,
    35.464324694758));
#472 = B_SPLINE_CURVE_WITH_KNOTS('',1,(#473,#474),.UNSPECIFIED.,.F.,.F.,
  (2,2),(0.,1.),.PIECEWISE_BEZIER_KNOTS.);
#473 = CARTESIAN_POINT('',(73.475681887526,3.444151208614,
    26.159849949637));
#474 = CARTESIAN_POINT('',(69.824446672544,6.626816148926,
    35.464324694758));
#475 = ORIENTED_EDGE('',*,*,#476,.F.);
#476 = EDGE_CURVE('',#477,#470,#479,.T.);
#477 = VERTEX_POINT('',#478);
#478 = CARTESIAN_POINT('',(57.990552577627,6.601772020033,34.84721583735
    ));
#479 = LINE('',#480,#481);
#480 = CARTESIAN_POINT('',(57.990552577627,6.601772020033,34.84721583735
    ));
#481 = VECTOR('',#482,1.);
#482 = DIRECTION('',(0.998640851892,2.113428598523E-03,
    5.207669682765E-02));
#483 = ORIENTED_EDGE('',*,*,#484,.F.);
#484 = EDGE_CURVE('',#460,#477,#485,.T.);
#485 = B_SPLINE_CURVE_WITH_KNOTS('',1,(#486,#487),.UNSPECIFIED.,.F.,.F.,
  (2,2),(0.,1.),.PIECEWISE_BEZIER_KNOTS.);
#486 = CARTESIAN_POINT('',(55.340364017172,3.405771345265,
    25.214137135247));
#487 = CARTESIAN_POINT('',(57.990552577627,6.601772020033,34.84721583735
    ));
#488 = B_SPLINE_SURFACE_WITH_KNOTS('',1,1,(
    (#489,#490)
    ,(#491,#492
    )),.UNSPECIFIED.,.F.,.F.,.F.,(2,2),(2,2),(0.,18.16),(0.,1.),
  .PIECEWISE_BEZIER_KNOTS.);
#489 = CARTESIAN_POINT('',(55.340364017172,3.405771345265,
    25.214137135247));
#490 = CARTESIAN_POINT('',(57.990552577627,6.601772020033,34.84721583735
    ));
#491 = CARTESIAN_POINT('',(73.475681887526,3.444151208614,
    26.159849949637));
#492 = CARTESIAN_POINT('',(69.824446672544,6.626816148926,
    35.464324694758));
#493 = ADVANCED_FACE('',(#494),#518,.T.);
#494 = FACE_BOUND('',#495,.T.);
#495 = EDGE_LOOP('',(#496,#504,#511,#517));
#496 = ORIENTED_EDGE('',*,*,#497,.T.);
#497 = EDGE_CURVE('',#462,#498,#500,.T.);
#498 = VERTEX_POINT('',#499);
#499 = CARTESIAN_POINT('',(73.552893707807,21.468748461251,
    23.947716993633));
#500 = LINE('',#501,#502);
#501 = CARTESIAN_POINT('',(73.475681887526,3.444151208614,
    26.159849949637));
#502 = VECTOR('',#503,1.);
#503 = DIRECTION('',(4.251752218125E-03,0.992543901577,-0.121813488767)
  );
#504 = ORIENTED_EDGE('',*,*,#505,.T.);
#505 = EDGE_CURVE('',#498,#506,#508,.T.);
#506 = VERTEX_POINT('',#507);
#507 = CARTESIAN_POINT('',(69.886692325018,21.157658868012,
    33.680975219213));
#508 = B_SPLINE_CURVE_WITH_KNOTS('',1,(#509,#510),.UNSPECIFIED.,.F.,.F.,
  (2,2),(0.,1.),.PIECEWISE_BEZIER_KNOTS.);
#509 = CARTESIAN_POINT('',(73.552893707807,21.468748461251,
    23.947716993633));
#510 = CARTESIAN_POINT('',(69.886692325018,21.157658868012,
    33.680975219213));
#511 = ORIENTED_EDGE('',*,*,#512,.F.);
#512 = EDGE_CURVE('',#470,#506,#513,.T.);
#513 = LINE('',#514,#515);
#514 = CARTESIAN_POINT('',(69.824446672544,6.626816148926,
    35.464324694758));
#515 = VECTOR('',#516,1.);
#516 = DIRECTION('',(4.251752218125E-03,0.992543901577,-0.121813488767)
  );
#517 = ORIENTED_EDGE('',*,*,#469,.F.);
#518 = B_SPLINE_SURFACE_WITH_KNOTS('',1,1,(
    (#519,#520)
    ,(#521,#522
    )),.UNSPECIFIED.,.F.,.F.,.F.,(2,2),(2,2),(0.,18.16),(0.,1.),
  .PIECEWISE_BEZIER_KNOTS.);
#519 = CARTESIAN_POINT('',(73.475681887526,3.444151208614,
    26.159849949637));
#520 = CARTESIAN_POINT('',(69.824446672544,6.626816148926,
    35.464324694758));
#521 = CARTESIAN_POINT('',(73.552893707807,21.468748461251,
    23.947716993633));
#522 = CARTESIAN_POINT('',(69.886692325018,21.157658868012,
    33.680975219213));
#523 = ADVANCED_FACE('',(#524),#548,.T.);
#524 = FACE_BOUND('',#525,.T.);
#525 = EDGE_LOOP('',(#526,#534,#541,#547));
#526 = ORIENTED_EDGE('',*,*,#527,.T.);
#527 = EDGE_CURVE('',#498,#528,#530,.T.);
#528 = VERTEX_POINT('',#529);
#529 = CARTESIAN_POINT('',(55.417575837453,21.430368597902,
    23.002004179243));
#530 = LINE('',#531,#532);
#531 = CARTESIAN_POINT('',(73.552893707807,21.468748461251,
    23.947716993633));
#532 = VECTOR('',#533,1.);
#533 = DIRECTION('',(-0.998640851892,-2.113428598523E-03,
    -5.207669682765E-02));
#534 = ORIENTED_EDGE('',*,*,#535,.T.);
#535 = EDGE_CURVE('',#528,#536,#538,.T.);
#536 = VERTEX_POINT('',#537);
#537 = CARTESIAN_POINT('',(58.052798230101,21.132614739119,
    33.063866361805));
#538 = B_SPLINE_CURVE_WITH_KNOTS('',1,(#539,#540),.UNSPECIFIED.,.F.,.F.,
  (2,2),(0.,1.),.PIECEWISE_BEZIER_KNOTS.);
#539 = CARTESIAN_POINT('',(55.417575837453,21.430368597902,
    23.002004179243));
#540 = CARTESIAN_POINT('',(58.052798230101,21.132614739119,
    33.063866361805));
#541 = ORIENTED_EDGE('',*,*,#542,.F.);
#542 = EDGE_CURVE('',#506,#536,#543,.T.);
#543 = LINE('',#544,#545);
#544 = CARTESIAN_POINT('',(69.886692325018,21.157658868012,
    33.680975219213));
#545 = VECTOR('',#546,1.);
#546 = DIRECTION('',(-0.998640851892,-2.113428598523E-03,
    -5.207669682765E-02));
#547 = ORIENTED_EDGE('',*,*,#505,.F.);
#548 = B_SPLINE_SURFACE_WITH_KNOTS('',1,1,(
    (#549,#550)
    ,(#551,#552
    )),.UNSPECIFIED.,.F.,.F.,.F.,(2,2),(2,2),(0.,18.16),(0.,1.),
  .PIECEWISE_BEZIER_KNOTS.);
#549 = CARTESIAN_POINT('',(73.552893707807,21.468748461251,
    23.947716993633));
#550 = CARTESIAN_POINT('',(69.886692325018,21.157658868012,
    33.680975219213));
#551 = CARTESIAN_POINT('',(55.417575837453,21.430368597902,
    23.002004179243));
#552 = CARTESIAN_POINT('',(58.052798230101,21.132614739119,
    33.063866361805));
#553 = ADVANCED_FACE('',(#554),#570,.T.);
#554 = FACE_BOUND('',#555,.T.);
#555 = EDGE_LOOP('',(#556,#562,#563,#569));
#556 = ORIENTED_EDGE('',*,*,#557,.T.);
#557 = EDGE_CURVE('',#528,#460,#558,.T.);
#558 = LINE('',#559,#560);
#559 = CARTESIAN_POINT('',(55.417575837453,21.430368597902,
    23.002004179243));
#560 = VECTOR('',#561,1.);
#561 = DIRECTION('',(-4.251752218125E-03,-0.992543901577,0.121813488767)
  );
#562 = ORIENTED_EDGE('',*,*,#484,.T.);
#563 = ORIENTED_EDGE('',*,*,#564,.F.);
#564 = EDGE_CURVE('',#536,#477,#565,.T.);
#565 = LINE('',#566,#567);
#566 = CARTESIAN_POINT('',(58.052798230101,21.132614739119,
    33.063866361805));
#567 = VECTOR('',#568,1.);
#568 = DIRECTION('',(-4.251752218125E-03,-0.992543901577,0.121813488767)
  );
#569 = ORIENTED_EDGE('',*,*,#535,.F.);
#570 = B_SPLINE_SURFACE_WITH_KNOTS('',1,1,(
    (#571,#572)
    ,(#573,#574
    )),.UNSPECIFIED.,.F.,.F.,.F.,(2,2),(2,2),(0.,18.16),(0.,1.),
  .PIECEWISE_BEZIER_KNOTS.);
#571 = CARTESIAN_POINT('',(55.417575837453,21.430368597902,
    23.002004179243));
#572 = CARTESIAN_POINT('',(58.052798230101,21.132614739119,
    33.063866361805));
#573 = CARTESIAN_POINT('',(55.340364017172,3.405771345265,
    25.214137135247));
#574 = CARTESIAN_POINT('',(57.990552577627,6.601772020033,34.84721583735
    ));
#575 = ADVANCED_FACE('',(#576),#582,.T.);
#576 = FACE_BOUND('',#577,.F.);
#577 = EDGE_LOOP('',(#578,#579,#580,#581));
#578 = ORIENTED_EDGE('',*,*,#459,.T.);
#579 = ORIENTED_EDGE('',*,*,#497,.T.);
#580 = ORIENTED_EDGE('',*,*,#527,.T.);
#581 = ORIENTED_EDGE('',*,*,#557,.T.);
#582 = PLANE('',#583);
#583 = AXIS2_PLACEMENT_3D('',#584,#585,#586);
#584 = CARTESIAN_POINT('',(55.340364017172,3.405771345265,
    25.214137135247));
#585 = DIRECTION('',(5.19458519614E-02,-0.121869343405,-0.991185901636)
  );
#586 = DIRECTION('',(0.709152161168,0.703328943124,-4.931135847831E-02)
  );
#587 = ADVANCED_FACE('',(#588),#594,.F.);
#588 = FACE_BOUND('',#589,.T.);
#589 = EDGE_LOOP('',(#590,#591,#592,#593));
#590 = ORIENTED_EDGE('',*,*,#476,.T.);
#591 = ORIENTED_EDGE('',*,*,#512,.T.);
#592 = ORIENTED_EDGE('',*,*,#542,.T.);
#593 = ORIENTED_EDGE('',*,*,#564,.T.);
#594 = PLANE('',#595);
#595 = AXIS2_PLACEMENT_3D('',#596,#597,#598);
#596 = CARTESIAN_POINT('',(57.990552577627,6.601772020033,34.84721583735
    ));
#597 = DIRECTION('',(5.19458519614E-02,-0.121869343405,-0.991185901636)
  );
#598 = DIRECTION('',(0.631602106563,0.77281613963,-6.191924832893E-02));
#599 = MANIFOLD_SOLID_BREP('',#600);
#600 = CLOSED_SHELL('',(#601,#639,#669,#699,#721,#733));
#601 = ADVANCED_FACE('',(#602),#634,.T.);
#602 = FACE_BOUND('',#603,.T.);
#603 = EDGE_LOOP('',(#604,#614,#621,#629));
#604 = ORIENTED_EDGE('',*,*,#605,.T.);
#605 = EDGE_CURVE('',#606,#608,#610,.T.);
#606 = VERTEX_POINT('',#607);
#607 = CARTESIAN_POINT('',(75.306828756131,3.472995830301,
    26.252269755951));
#608 = VERTEX_POINT('',#609);
#609 = CARTESIAN_POINT('',(93.433171699048,4.160206812383,
    27.117736440386));
#610 = LINE('',#611,#612);
#611 = CARTESIAN_POINT('',(75.306828756131,3.472995830301,
    26.252269755951));
#612 = VECTOR('',#613,1.);
#613 = DIRECTION('',(0.998146637826,3.784201443182E-02,
    4.765785707239E-02));
#614 = ORIENTED_EDGE('',*,*,#615,.T.);
#615 = EDGE_CURVE('',#608,#616,#618,.T.);
#616 = VERTEX_POINT('',#617);
#617 = CARTESIAN_POINT('',(89.711231824202,7.228702073586,
    36.432543223138));
#618 = B_SPLINE_CURVE_WITH_KNOTS('',1,(#619,#620),.UNSPECIFIED.,.F.,.F.,
  (2,2),(0.,1.),.PIECEWISE_BEZIER_KNOTS.);
#619 = CARTESIAN_POINT('',(93.433171699048,4.160206812383,
    27.117736440386));
#620 = CARTESIAN_POINT('',(89.711231824202,7.228702073586,
    36.432543223138));
#621 = ORIENTED_EDGE('',*,*,#622,.F.);
#622 = EDGE_CURVE('',#623,#616,#625,.T.);
#623 = VERTEX_POINT('',#624);
#624 = CARTESIAN_POINT('',(77.883194165966,6.780274202569,35.86779761683
    ));
#625 = LINE('',#626,#627);
#626 = CARTESIAN_POINT('',(77.883194165966,6.780274202569,35.86779761683
    ));
#627 = VECTOR('',#628,1.);
#628 = DIRECTION('',(0.998146637826,3.784201443182E-02,
    4.765785707239E-02));
#629 = ORIENTED_EDGE('',*,*,#630,.F.);
#630 = EDGE_CURVE('',#606,#623,#631,.T.);
#631 = B_SPLINE_CURVE_WITH_KNOTS('',1,(#632,#633),.UNSPECIFIED.,.F.,.F.,
  (2,2),(0.,1.),.PIECEWISE_BEZIER_KNOTS.);
#632 = CARTESIAN_POINT('',(75.306828756131,3.472995830301,
    26.252269755951));
#633 = CARTESIAN_POINT('',(77.883194165966,6.780274202569,35.86779761683
    ));
#634 = B_SPLINE_SURFACE_WITH_KNOTS('',1,1,(
    (#635,#636)
    ,(#637,#638
    )),.UNSPECIFIED.,.F.,.F.,.F.,(2,2),(2,2),(0.,18.16),(0.,1.),
  .PIECEWISE_BEZIER_KNOTS.);
#635 = CARTESIAN_POINT('',(75.306828756131,3.472995830301,
    26.252269755951));
#636 = CARTESIAN_POINT('',(77.883194165966,6.780274202569,35.86779761683
    ));
#637 = CARTESIAN_POINT('',(93.433171699048,4.160206812383,
    27.117736440386));
#638 = CARTESIAN_POINT('',(89.711231824202,7.228702073586,
    36.432543223138));
#639 = ADVANCED_FACE('',(#640),#664,.T.);
#640 = FACE_BOUND('',#641,.T.);
#641 = EDGE_LOOP('',(#642,#650,#657,#663));
#642 = ORIENTED_EDGE('',*,*,#643,.T.);
#643 = EDGE_CURVE('',#608,#644,#646,.T.);
#644 = VERTEX_POINT('',#645);
#645 = CARTESIAN_POINT('',(92.85749171873,22.171739789889,
    24.872993167654));
#646 = LINE('',#647,#648);
#647 = CARTESIAN_POINT('',(93.433171699048,4.160206812383,
    27.117736440386));
#648 = VECTOR('',#649,1.);
#649 = DIRECTION('',(-3.170043944482E-02,0.991824503167,-0.123609211053)
  );
#650 = ORIENTED_EDGE('',*,*,#651,.T.);
#651 = EDGE_CURVE('',#644,#652,#654,.T.);
#652 = VERTEX_POINT('',#653);
#653 = CARTESIAN_POINT('',(89.24713739073,21.749012799945,
    34.622904373315));
#654 = B_SPLINE_CURVE_WITH_KNOTS('',1,(#655,#656),.UNSPECIFIED.,.F.,.F.,
  (2,2),(0.,1.),.PIECEWISE_BEZIER_KNOTS.);
#655 = CARTESIAN_POINT('',(92.85749171873,22.171739789889,
    24.872993167654));
#656 = CARTESIAN_POINT('',(89.24713739073,21.749012799945,
    34.622904373315));
#657 = ORIENTED_EDGE('',*,*,#658,.F.);
#658 = EDGE_CURVE('',#616,#652,#659,.T.);
#659 = LINE('',#660,#661);
#660 = CARTESIAN_POINT('',(89.711231824202,7.228702073586,
    36.432543223138));
#661 = VECTOR('',#662,1.);
#662 = DIRECTION('',(-3.170043944482E-02,0.991824503167,-0.123609211053)
  );
#663 = ORIENTED_EDGE('',*,*,#615,.F.);
#664 = B_SPLINE_SURFACE_WITH_KNOTS('',1,1,(
    (#665,#666)
    ,(#667,#668
    )),.UNSPECIFIED.,.F.,.F.,.F.,(2,2),(2,2),(0.,18.16),(0.,1.),
  .PIECEWISE_BEZIER_KNOTS.);
#665 = CARTESIAN_POINT('',(93.433171699048,4.160206812383,
    27.117736440386));
#666 = CARTESIAN_POINT('',(89.711231824202,7.228702073586,
    36.432543223138));
#667 = CARTESIAN_POINT('',(92.85749171873,22.171739789889,
    24.872993167654));
#668 = CARTESIAN_POINT('',(89.24713739073,21.749012799945,
    34.622904373315));
#669 = ADVANCED_FACE('',(#670),#694,.T.);
#670 = FACE_BOUND('',#671,.T.);
#671 = EDGE_LOOP('',(#672,#680,#687,#693));
#672 = ORIENTED_EDGE('',*,*,#673,.T.);
#673 = EDGE_CURVE('',#644,#674,#676,.T.);
#674 = VERTEX_POINT('',#675);
#675 = CARTESIAN_POINT('',(74.731148775813,21.484528807807,
    24.00752648322));
#676 = LINE('',#677,#678);
#677 = CARTESIAN_POINT('',(92.85749171873,22.171739789889,
    24.872993167654));
#678 = VECTOR('',#679,1.);
#679 = DIRECTION('',(-0.998146637826,-3.784201443182E-02,
    -4.765785707239E-02));
#680 = ORIENTED_EDGE('',*,*,#681,.T.);
#681 = EDGE_CURVE('',#674,#682,#684,.T.);
#682 = VERTEX_POINT('',#683);
#683 = CARTESIAN_POINT('',(77.419099732494,21.300584928928,
    34.058158767007));
#684 = B_SPLINE_CURVE_WITH_KNOTS('',1,(#685,#686),.UNSPECIFIED.,.F.,.F.,
  (2,2),(0.,1.),.PIECEWISE_BEZIER_KNOTS.);
#685 = CARTESIAN_POINT('',(74.731148775813,21.484528807807,
    24.00752648322));
#686 = CARTESIAN_POINT('',(77.419099732494,21.300584928928,
    34.058158767007));
#687 = ORIENTED_EDGE('',*,*,#688,.F.);
#688 = EDGE_CURVE('',#652,#682,#689,.T.);
#689 = LINE('',#690,#691);
#690 = CARTESIAN_POINT('',(89.24713739073,21.749012799945,
    34.622904373315));
#691 = VECTOR('',#692,1.);
#692 = DIRECTION('',(-0.998146637826,-3.784201443182E-02,
    -4.765785707239E-02));
#693 = ORIENTED_EDGE('',*,*,#651,.F.);
#694 = B_SPLINE_SURFACE_WITH_KNOTS('',1,1,(
    (#695,#696)
    ,(#697,#698
    )),.UNSPECIFIED.,.F.,.F.,.F.,(2,2),(2,2),(0.,18.16),(0.,1.),
  .PIECEWISE_BEZIER_KNOTS.);
#695 = CARTESIAN_POINT('',(92.85749171873,22.171739789889,
    24.872993167654));
#696 = CARTESIAN_POINT('',(89.24713739073,21.749012799945,
    34.622904373315));
#697 = CARTESIAN_POINT('',(74.731148775813,21.484528807807,
    24.00752648322));
#698 = CARTESIAN_POINT('',(77.419099732494,21.300584928928,
    34.058158767007));
#699 = ADVANCED_FACE('',(#700),#716,.T.);
#700 = FACE_BOUND('',#701,.T.);
#701 = EDGE_LOOP('',(#702,#708,#709,#715));
#702 = ORIENTED_EDGE('',*,*,#703,.T.);
#703 = EDGE_CURVE('',#674,#606,#704,.T.);
#704 = LINE('',#705,#706);
#705 = CARTESIAN_POINT('',(74.731148775813,21.484528807807,
    24.00752648322));
#706 = VECTOR('',#707,1.);
#707 = DIRECTION('',(3.170043944482E-02,-0.991824503167,0.123609211053)
  );
#708 = ORIENTED_EDGE('',*,*,#630,.T.);
#709 = ORIENTED_EDGE('',*,*,#710,.F.);
#710 = EDGE_CURVE('',#682,#623,#711,.T.);
#711 = LINE('',#712,#713);
#712 = CARTESIAN_POINT('',(77.419099732494,21.300584928928,
    34.058158767007));
#713 = VECTOR('',#714,1.);
#714 = DIRECTION('',(3.170043944482E-02,-0.991824503167,0.123609211053)
  );
#715 = ORIENTED_EDGE('',*,*,#681,.F.);
#716 = B_SPLINE_SURFACE_WITH_KNOTS('',1,1,(
    (#717,#718)
    ,(#719,#720
    )),.UNSPECIFIED.,.F.,.F.,.F.,(2,2),(2,2),(0.,18.16),(0.,1.),
  .PIECEWISE_BEZIER_KNOTS.);
#717 = CARTESIAN_POINT('',(74.731148775813,21.484528807807,
    24.00752648322));
#718 = CARTESIAN_POINT('',(77.419099732494,21.300584928928,
    34.058158767007));
#719 = CARTESIAN_POINT('',(75.306828756131,3.472995830301,
    26.252269755951));
#720 = CARTESIAN_POINT('',(77.883194165966,6.780274202569,35.86779761683
    ));
#721 = ADVANCED_FACE('',(#722),#728,.T.);
#722 = FACE_BOUND('',#723,.F.);
#723 = EDGE_LOOP('',(#724,#725,#726,#727));
#724 = ORIENTED_EDGE('',*,*,#605,.T.);
#725 = ORIENTED_EDGE('',*,*,#643,.T.);
#726 = ORIENTED_EDGE('',*,*,#673,.T.);
#727 = ORIENTED_EDGE('',*,*,#703,.T.);
#728 = PLANE('',#729);
#729 = AXIS2_PLACEMENT_3D('',#730,#731,#732);
#730 = CARTESIAN_POINT('',(75.306828756131,3.472995830301,
    26.252269755951));
#731 = DIRECTION('',(5.19458519614E-02,-0.121869343405,-0.991185901636)
  );
#732 = DIRECTION('',(0.683380660527,0.728084176955,-5.370571744033E-02)
  );
#733 = ADVANCED_FACE('',(#734),#740,.F.);
#734 = FACE_BOUND('',#735,.T.);
#735 = EDGE_LOOP('',(#736,#737,#738,#739));
#736 = ORIENTED_EDGE('',*,*,#622,.T.);
#737 = ORIENTED_EDGE('',*,*,#658,.T.);
#738 = ORIENTED_EDGE('',*,*,#688,.T.);
#739 = ORIENTED_EDGE('',*,*,#710,.T.);
#740 = PLANE('',#741);
#741 = AXIS2_PLACEMENT_3D('',#742,#743,#744);
#742 = CARTESIAN_POINT('',(77.883194165966,6.780274202569,35.86779761683
    ));
#743 = DIRECTION('',(5.19458519614E-02,-0.121869343405,-0.991185901636)
  );
#744 = DIRECTION('',(0.603346180528,0.794735690018,-6.60951545414E-02));
#745 = MANIFOLD_SOLID_BREP('',#746);
#746 = CLOSED_SHELL('',(#747,#785,#815,#845,#867,#879));
#747 = ADVANCED_FACE('',(#748),#780,.T.);
#748 = FACE_BOUND('',#749,.T.);
#749 = EDGE_LOOP('',(#750,#760,#767,#775));
#750 = ORIENTED_EDGE('',*,*,#751,.T.);
#751 = EDGE_CURVE('',#752,#754,#756,.T.);
#752 = VERTEX_POINT('',#753);
#753 = CARTESIAN_POINT('',(96.685316150143,4.347462354626,
    27.265150466342));
#754 = VERTEX_POINT('',#755);
#755 = CARTESIAN_POINT('',(114.76120666175,5.922173748803,
    28.018852156099));
#756 = LINE('',#757,#758);
#757 = CARTESIAN_POINT('',(96.685316150143,4.347462354626,
    27.265150466342));
#758 = VECTOR('',#759,1.);
#759 = DIRECTION('',(0.995368420243,8.671318249872E-02,
    4.150339701303E-02));
#760 = ORIENTED_EDGE('',*,*,#761,.T.);
#761 = EDGE_CURVE('',#754,#762,#764,.T.);
#762 = VERTEX_POINT('',#763);
#763 = CARTESIAN_POINT('',(110.94915925327,8.830302882925,
    37.348654109771));
#764 = B_SPLINE_CURVE_WITH_KNOTS('',1,(#765,#766),.UNSPECIFIED.,.F.,.F.,
  (2,2),(0.,1.),.PIECEWISE_BEZIER_KNOTS.);
#765 = CARTESIAN_POINT('',(114.76120666175,5.922173748803,
    28.018852156099));
#766 = CARTESIAN_POINT('',(110.94915925327,8.830302882925,
    37.348654109771));
#767 = ORIENTED_EDGE('',*,*,#768,.F.);
#768 = EDGE_CURVE('',#769,#762,#771,.T.);
#769 = VERTEX_POINT('',#770);
#770 = CARTESIAN_POINT('',(99.154043473394,7.802751670315,
    36.856838855167));
#771 = LINE('',#772,#773);
#772 = CARTESIAN_POINT('',(99.154043473394,7.802751670315,
    36.856838855167));
#773 = VECTOR('',#774,1.);
#774 = DIRECTION('',(0.995368420243,8.671318249872E-02,
    4.150339701303E-02));
#775 = ORIENTED_EDGE('',*,*,#776,.F.);
#776 = EDGE_CURVE('',#752,#769,#777,.T.);
#777 = B_SPLINE_CURVE_WITH_KNOTS('',1,(#778,#779),.UNSPECIFIED.,.F.,.F.,
  (2,2),(0.,1.),.PIECEWISE_BEZIER_KNOTS.);
#778 = CARTESIAN_POINT('',(96.685316150143,4.347462354626,
    27.265150466342));
#779 = CARTESIAN_POINT('',(99.154043473394,7.802751670315,
    36.856838855167));
#780 = B_SPLINE_SURFACE_WITH_KNOTS('',1,1,(
    (#781,#782)
    ,(#783,#784
    )),.UNSPECIFIED.,.F.,.F.,.F.,(2,2),(2,2),(0.,18.16),(0.,1.),
  .PIECEWISE_BEZIER_KNOTS.);
#781 = CARTESIAN_POINT('',(96.685316150143,4.347462354626,
    27.265150466342));
#782 = CARTESIAN_POINT('',(99.154043473394,7.802751670315,
    36.856838855167));
#783 = CARTESIAN_POINT('',(114.76120666175,5.922173748803,
    28.018852156099));
#784 = CARTESIAN_POINT('',(110.94915925327,8.830302882925,
    37.348654109771));
#785 = ADVANCED_FACE('',(#786),#810,.T.);
#786 = FACE_BOUND('',#787,.T.);
#787 = EDGE_LOOP('',(#788,#796,#803,#809));
#788 = ORIENTED_EDGE('',*,*,#789,.T.);
#789 = EDGE_CURVE('',#754,#790,#792,.T.);
#790 = VERTEX_POINT('',#791);
#791 = CARTESIAN_POINT('',(113.29222805875,23.877893259831,
    25.734155523021));
#792 = LINE('',#793,#794);
#793 = CARTESIAN_POINT('',(114.76120666175,5.922173748803,
    28.018852156099));
#794 = VECTOR('',#795,1.);
#795 = DIRECTION('',(-8.089089223566E-02,0.988751074396,-0.125809285962)
  );
#796 = ORIENTED_EDGE('',*,*,#797,.T.);
#797 = EDGE_CURVE('',#790,#798,#800,.T.);
#798 = VERTEX_POINT('',#799);
#799 = CARTESIAN_POINT('',(109.76491659094,23.30561861208,
    35.506806163281));
#800 = B_SPLINE_CURVE_WITH_KNOTS('',1,(#801,#802),.UNSPECIFIED.,.F.,.F.,
  (2,2),(0.,1.),.PIECEWISE_BEZIER_KNOTS.);
#801 = CARTESIAN_POINT('',(113.29222805875,23.877893259831,
    25.734155523021));
#802 = CARTESIAN_POINT('',(109.76491659094,23.30561861208,
    35.506806163281));
#803 = ORIENTED_EDGE('',*,*,#804,.F.);
#804 = EDGE_CURVE('',#762,#798,#805,.T.);
#805 = LINE('',#806,#807);
#806 = CARTESIAN_POINT('',(110.94915925327,8.830302882925,
    37.348654109771));
#807 = VECTOR('',#808,1.);
#808 = DIRECTION('',(-8.089089223566E-02,0.988751074396,-0.125809285962)
  );
#809 = ORIENTED_EDGE('',*,*,#761,.F.);
#810 = B_SPLINE_SURFACE_WITH_KNOTS('',1,1,(
    (#811,#812)
    ,(#813,#814
    )),.UNSPECIFIED.,.F.,.F.,.F.,(2,2),(2,2),(0.,18.16),(0.,1.),
  .PIECEWISE_BEZIER_KNOTS.);
#811 = CARTESIAN_POINT('',(114.76120666175,5.922173748803,
    28.018852156099));
#812 = CARTESIAN_POINT('',(110.94915925327,8.830302882925,
    37.348654109771));
#813 = CARTESIAN_POINT('',(113.29222805875,23.877893259831,
    25.734155523021));
#814 = CARTESIAN_POINT('',(109.76491659094,23.30561861208,
    35.506806163281));
#815 = ADVANCED_FACE('',(#816),#840,.T.);
#816 = FACE_BOUND('',#817,.T.);
#817 = EDGE_LOOP('',(#818,#826,#833,#839));
#818 = ORIENTED_EDGE('',*,*,#819,.T.);
#819 = EDGE_CURVE('',#790,#820,#822,.T.);
#820 = VERTEX_POINT('',#821);
#821 = CARTESIAN_POINT('',(95.216337547143,22.303181865654,
    24.980453833264));
#822 = LINE('',#823,#824);
#823 = CARTESIAN_POINT('',(113.29222805875,23.877893259831,
    25.734155523021));
#824 = VECTOR('',#825,1.);
#825 = DIRECTION('',(-0.995368420243,-8.671318249872E-02,
    -4.150339701303E-02));
#826 = ORIENTED_EDGE('',*,*,#827,.T.);
#827 = EDGE_CURVE('',#820,#828,#830,.T.);
#828 = VERTEX_POINT('',#829);
#829 = CARTESIAN_POINT('',(97.969800811064,22.278067399471,
    35.014990908677));
#830 = B_SPLINE_CURVE_WITH_KNOTS('',1,(#831,#832),.UNSPECIFIED.,.F.,.F.,
  (2,2),(0.,1.),.PIECEWISE_BEZIER_KNOTS.);
#831 = CARTESIAN_POINT('',(95.216337547143,22.303181865654,
    24.980453833264));
#832 = CARTESIAN_POINT('',(97.969800811064,22.278067399471,
    35.014990908677));
#833 = ORIENTED_EDGE('',*,*,#834,.F.);
#834 = EDGE_CURVE('',#798,#828,#835,.T.);
#835 = LINE('',#836,#837);
#836 = CARTESIAN_POINT('',(109.76491659094,23.30561861208,
    35.506806163281));
#837 = VECTOR('',#838,1.);
#838 = DIRECTION('',(-0.995368420243,-8.671318249872E-02,
    -4.150339701303E-02));
#839 = ORIENTED_EDGE('',*,*,#797,.F.);
#840 = B_SPLINE_SURFACE_WITH_KNOTS('',1,1,(
    (#841,#842)
    ,(#843,#844
    )),.UNSPECIFIED.,.F.,.F.,.F.,(2,2),(2,2),(0.,18.16),(0.,1.),
  .PIECEWISE_BEZIER_KNOTS.);
#841 = CARTESIAN_POINT('',(113.29222805875,23.877893259831,
    25.734155523021));
#842 = CARTESIAN_POINT('',(109.76491659094,23.30561861208,
    35.506806163281));
#843 = CARTESIAN_POINT('',(95.216337547143,22.303181865654,
    24.980453833264));
#844 = CARTESIAN_POINT('',(97.969800811064,22.278067399471,
    35.014990908677));
#845 = ADVANCED_FACE('',(#846),#862,.T.);
#846 = FACE_BOUND('',#847,.T.);
#847 = EDGE_LOOP('',(#848,#854,#855,#861));
#848 = ORIENTED_EDGE('',*,*,#849,.T.);
#849 = EDGE_CURVE('',#820,#752,#850,.T.);
#850 = LINE('',#851,#852);
#851 = CARTESIAN_POINT('',(95.216337547143,22.303181865654,
    24.980453833264));
#852 = VECTOR('',#853,1.);
#853 = DIRECTION('',(8.089089223566E-02,-0.988751074396,0.125809285962)
  );
#854 = ORIENTED_EDGE('',*,*,#776,.T.);
#855 = ORIENTED_EDGE('',*,*,#856,.F.);
#856 = EDGE_CURVE('',#828,#769,#857,.T.);
#857 = LINE('',#858,#859);
#858 = CARTESIAN_POINT('',(97.969800811064,22.278067399471,
    35.014990908677));
#859 = VECTOR('',#860,1.);
#860 = DIRECTION('',(8.089089223566E-02,-0.988751074396,0.125809285962)
  );
#861 = ORIENTED_EDGE('',*,*,#827,.F.);
#862 = B_SPLINE_SURFACE_WITH_KNOTS('',1,1,(
    (#863,#864)
    ,(#865,#866
    )),.UNSPECIFIED.,.F.,.F.,.F.,(2,2),(2,2),(0.,18.16),(0.,1.),
  .PIECEWISE_BEZIER_KNOTS.);
#863 = CARTESIAN_POINT('',(95.216337547143,22.303181865654,
    24.980453833264));
#864 = CARTESIAN_POINT('',(97.969800811064,22.278067399471,
    35.014990908677));
#865 = CARTESIAN_POINT('',(96.685316150143,4.347462354626,
    27.265150466342));
#866 = CARTESIAN_POINT('',(99.154043473394,7.802751670315,
    36.856838855167));
#867 = ADVANCED_FACE('',(#868),#874,.T.);
#868 = FACE_BOUND('',#869,.F.);
#869 = EDGE_LOOP('',(#870,#871,#872,#873));
#870 = ORIENTED_EDGE('',*,*,#751,.T.);
#871 = ORIENTED_EDGE('',*,*,#789,.T.);
#872 = ORIENTED_EDGE('',*,*,#819,.T.);
#873 = ORIENTED_EDGE('',*,*,#849,.T.);
#874 = PLANE('',#875);
#875 = AXIS2_PLACEMENT_3D('',#876,#877,#878);
#876 = CARTESIAN_POINT('',(96.685316150143,4.347462354626,
    27.265150466342));
#877 = DIRECTION('',(5.19458519614E-02,-0.121869343405,-0.991185901636)
  );
#878 = DIRECTION('',(0.646633261297,0.760468068974,-5.961326577008E-02)
  );
#879 = ADVANCED_FACE('',(#880),#886,.F.);
#880 = FACE_BOUND('',#881,.T.);
#881 = EDGE_LOOP('',(#882,#883,#884,#885));
#882 = ORIENTED_EDGE('',*,*,#768,.T.);
#883 = ORIENTED_EDGE('',*,*,#804,.T.);
#884 = ORIENTED_EDGE('',*,*,#834,.T.);
#885 = ORIENTED_EDGE('',*,*,#856,.T.);
#886 = PLANE('',#887);
#887 = AXIS2_PLACEMENT_3D('',#888,#889,#890);
#888 = CARTESIAN_POINT('',(99.154043473394,7.802751670315,
    36.856838855167));
#889 = DIRECTION('',(5.19458519614E-02,-0.121869343405,-0.991185901636)
  );
#890 = DIRECTION('',(0.563363406603,0.823094182323,-7.167732644621E-02)
  );
#891 = MANIFOLD_SOLID_BREP('',#892);
#892 = CLOSED_SHELL('',(#893,#931,#961,#991,#1013,#1025));
#893 = ADVANCED_FACE('',(#894),#926,.T.);
#894 = FACE_BOUND('',#895,.T.);
#895 = EDGE_LOOP('',(#896,#906,#913,#921));
#896 = ORIENTED_EDGE('',*,*,#897,.T.);
#897 = EDGE_CURVE('',#898,#900,#902,.T.);
#898 = VERTEX_POINT('',#899);
#899 = CARTESIAN_POINT('',(117.84671507938,6.239287960193,28.14156663636
    ));
#900 = VERTEX_POINT('',#901);
#901 = CARTESIAN_POINT('',(135.87836431992,8.27973492168,28.835686124423
    ));
#902 = LINE('',#903,#904);
#903 = CARTESIAN_POINT('',(117.84671507938,6.239287960193,28.14156663636
    ));
#904 = VECTOR('',#905,1.);
#905 = DIRECTION('',(0.992932226902,0.112359414179,3.822243877002E-02));
#906 = ORIENTED_EDGE('',*,*,#907,.T.);
#907 = EDGE_CURVE('',#900,#908,#910,.T.);
#908 = VERTEX_POINT('',#909);
#909 = CARTESIAN_POINT('',(132.02210483812,11.101754037995,
    38.173758512029));
#910 = B_SPLINE_CURVE_WITH_KNOTS('',1,(#911,#912),.UNSPECIFIED.,.F.,.F.,
  (2,2),(0.,1.),.PIECEWISE_BEZIER_KNOTS.);
#911 = CARTESIAN_POINT('',(135.87836431992,8.27973492168,28.835686124423
    ));
#912 = CARTESIAN_POINT('',(132.02210483812,11.101754037995,
    38.173758512029));
#913 = ORIENTED_EDGE('',*,*,#914,.F.);
#914 = EDGE_CURVE('',#915,#908,#917,.T.);
#915 = VERTEX_POINT('',#916);
#916 = CARTESIAN_POINT('',(120.25585794933,9.770294979977,
    37.720822612604));
#917 = LINE('',#918,#919);
#918 = CARTESIAN_POINT('',(120.25585794933,9.770294979977,
    37.720822612604));
#919 = VECTOR('',#920,1.);
#920 = DIRECTION('',(0.992932226902,0.112359414179,3.822243877002E-02));
#921 = ORIENTED_EDGE('',*,*,#922,.F.);
#922 = EDGE_CURVE('',#898,#915,#923,.T.);
#923 = B_SPLINE_CURVE_WITH_KNOTS('',1,(#924,#925),.UNSPECIFIED.,.F.,.F.,
  (2,2),(0.,1.),.PIECEWISE_BEZIER_KNOTS.);
#924 = CARTESIAN_POINT('',(117.84671507938,6.239287960193,28.14156663636
    ));
#925 = CARTESIAN_POINT('',(120.25585794933,9.770294979977,
    37.720822612604));
#926 = B_SPLINE_SURFACE_WITH_KNOTS('',1,1,(
    (#927,#928)
    ,(#929,#930
    )),.UNSPECIFIED.,.F.,.F.,.F.,(2,2),(2,2),(0.,18.16),(0.,1.),
  .PIECEWISE_BEZIER_KNOTS.);
#927 = CARTESIAN_POINT('',(117.84671507938,6.239287960193,28.14156663636
    ));
#928 = CARTESIAN_POINT('',(120.25585794933,9.770294979977,
    37.720822612604));
#929 = CARTESIAN_POINT('',(135.87836431992,8.27973492168,28.835686124423
    ));
#930 = CARTESIAN_POINT('',(132.02210483812,11.101754037995,
    38.173758512029));
#931 = ADVANCED_FACE('',(#932),#956,.T.);
#932 = FACE_BOUND('',#933,.T.);
#933 = EDGE_LOOP('',(#934,#942,#949,#955));
#934 = ORIENTED_EDGE('',*,*,#935,.T.);
#935 = EDGE_CURVE('',#900,#936,#938,.T.);
#936 = VERTEX_POINT('',#937);
#937 = CARTESIAN_POINT('',(133.94049394491,26.188508060313,
    26.532188115171));
#938 = LINE('',#939,#940);
#939 = CARTESIAN_POINT('',(135.87836431992,8.27973492168,28.835686124423
    ));
#940 = VECTOR('',#941,1.);
#941 = DIRECTION('',(-0.106710923734,0.986165921731,-0.126844604034));
#942 = ORIENTED_EDGE('',*,*,#943,.T.);
#943 = EDGE_CURVE('',#936,#944,#946,.T.);
#944 = VERTEX_POINT('',#945);
#945 = CARTESIAN_POINT('',(130.45985691465,25.539223132136,
    36.316753508975));
#946 = B_SPLINE_CURVE_WITH_KNOTS('',1,(#947,#948),.UNSPECIFIED.,.F.,.F.,
  (2,2),(0.,1.),.PIECEWISE_BEZIER_KNOTS.);
#947 = CARTESIAN_POINT('',(133.94049394491,26.188508060313,
    26.532188115171));
#948 = CARTESIAN_POINT('',(130.45985691465,25.539223132136,
    36.316753508975));
#949 = ORIENTED_EDGE('',*,*,#950,.F.);
#950 = EDGE_CURVE('',#908,#944,#951,.T.);
#951 = LINE('',#952,#953);
#952 = CARTESIAN_POINT('',(132.02210483812,11.101754037995,
    38.173758512029));
#953 = VECTOR('',#954,1.);
#954 = DIRECTION('',(-0.106710923734,0.986165921731,-0.126844604034));
#955 = ORIENTED_EDGE('',*,*,#907,.F.);
#956 = B_SPLINE_SURFACE_WITH_KNOTS('',1,1,(
    (#957,#958)
    ,(#959,#960
    )),.UNSPECIFIED.,.F.,.F.,.F.,(2,2),(2,2),(0.,18.16),(0.,1.),
  .PIECEWISE_BEZIER_KNOTS.);
#957 = CARTESIAN_POINT('',(135.87836431992,8.27973492168,28.835686124423
    ));
#958 = CARTESIAN_POINT('',(132.02210483812,11.101754037995,
    38.173758512029));
#959 = CARTESIAN_POINT('',(133.94049394491,26.188508060313,
    26.532188115171));
#960 = CARTESIAN_POINT('',(130.45985691465,25.539223132136,
    36.316753508975));
#961 = ADVANCED_FACE('',(#962),#986,.T.);
#962 = FACE_BOUND('',#963,.T.);
#963 = EDGE_LOOP('',(#964,#972,#979,#985));
#964 = ORIENTED_EDGE('',*,*,#965,.T.);
#965 = EDGE_CURVE('',#936,#966,#968,.T.);
#966 = VERTEX_POINT('',#967);
#967 = CARTESIAN_POINT('',(115.90884470438,24.148061098827,
    25.838068627107));
#968 = LINE('',#969,#970);
#969 = CARTESIAN_POINT('',(133.94049394491,26.188508060313,
    26.532188115171));
#970 = VECTOR('',#971,1.);
#971 = DIRECTION('',(-0.992932226902,-0.112359414179,-3.822243877002E-02
    ));
#972 = ORIENTED_EDGE('',*,*,#973,.T.);
#973 = EDGE_CURVE('',#966,#974,#976,.T.);
#974 = VERTEX_POINT('',#975);
#975 = CARTESIAN_POINT('',(118.69361002587,24.207764074117,
    35.863817609551));
#976 = B_SPLINE_CURVE_WITH_KNOTS('',1,(#977,#978),.UNSPECIFIED.,.F.,.F.,
  (2,2),(0.,1.),.PIECEWISE_BEZIER_KNOTS.);
#977 = CARTESIAN_POINT('',(115.90884470438,24.148061098827,
    25.838068627107));
#978 = CARTESIAN_POINT('',(118.69361002587,24.207764074117,
    35.863817609551));
#979 = ORIENTED_EDGE('',*,*,#980,.F.);
#980 = EDGE_CURVE('',#944,#974,#981,.T.);
#981 = LINE('',#982,#983);
#982 = CARTESIAN_POINT('',(130.45985691465,25.539223132136,
    36.316753508975));
#983 = VECTOR('',#984,1.);
#984 = DIRECTION('',(-0.992932226902,-0.112359414179,-3.822243877002E-02
    ));
#985 = ORIENTED_EDGE('',*,*,#943,.F.);
#986 = B_SPLINE_SURFACE_WITH_KNOTS('',1,1,(
    (#987,#988)
    ,(#989,#990
    )),.UNSPECIFIED.,.F.,.F.,.F.,(2,2),(2,2),(0.,18.16),(0.,1.),
  .PIECEWISE_BEZIER_KNOTS.);
#987 = CARTESIAN_POINT('',(133.94049394491,26.188508060313,
    26.532188115171));
#988 = CARTESIAN_POINT('',(130.45985691465,25.539223132136,
    36.316753508975));
#989 = CARTESIAN_POINT('',(115.90884470438,24.148061098827,
    25.838068627107));
#990 = CARTESIAN_POINT('',(118.69361002587,24.207764074117,
    35.863817609551));
#991 = ADVANCED_FACE('',(#992),#1008,.T.);
#992 = FACE_BOUND('',#993,.T.);
#993 = EDGE_LOOP('',(#994,#1000,#1001,#1007));
#994 = ORIENTED_EDGE('',*,*,#995,.T.);
#995 = EDGE_CURVE('',#966,#898,#996,.T.);
#996 = LINE('',#997,#998);
#997 = CARTESIAN_POINT('',(115.90884470438,24.148061098827,
    25.838068627107));
#998 = VECTOR('',#999,1.);
#999 = DIRECTION('',(0.106710923734,-0.986165921731,0.126844604034));
#1000 = ORIENTED_EDGE('',*,*,#922,.T.);
#1001 = ORIENTED_EDGE('',*,*,#1002,.F.);
#1002 = EDGE_CURVE('',#974,#915,#1003,.T.);
#1003 = LINE('',#1004,#1005);
#1004 = CARTESIAN_POINT('',(118.69361002587,24.207764074117,
    35.863817609551));
#1005 = VECTOR('',#1006,1.);
#1006 = DIRECTION('',(0.106710923734,-0.986165921731,0.126844604034));
#1007 = ORIENTED_EDGE('',*,*,#973,.F.);
#1008 = B_SPLINE_SURFACE_WITH_KNOTS('',1,1,(
    (#1009,#1010)
    ,(#1011,#1012
    )),.UNSPECIFIED.,.F.,.F.,.F.,(2,2),(2,2),(0.,18.16),(0.,1.),
  .PIECEWISE_BEZIER_KNOTS.);
#1009 = CARTESIAN_POINT('',(115.90884470438,24.148061098827,
    25.838068627107));
#1010 = CARTESIAN_POINT('',(118.69361002587,24.207764074117,
    35.863817609551));
#1011 = CARTESIAN_POINT('',(117.84671507938,6.239287960193,
    28.14156663636));
#1012 = CARTESIAN_POINT('',(120.25585794933,9.770294979977,
    37.720822612604));
#1013 = ADVANCED_FACE('',(#1014),#1020,.T.);
#1014 = FACE_BOUND('',#1015,.F.);
#1015 = EDGE_LOOP('',(#1016,#1017,#1018,#1019));
#1016 = ORIENTED_EDGE('',*,*,#897,.T.);
#1017 = ORIENTED_EDGE('',*,*,#935,.T.);
#1018 = ORIENTED_EDGE('',*,*,#965,.T.);
#1019 = ORIENTED_EDGE('',*,*,#995,.T.);
#1020 = PLANE('',#1021);
#1021 = AXIS2_PLACEMENT_3D('',#1022,#1023,#1024);
#1022 = CARTESIAN_POINT('',(117.84671507938,6.239287960193,
    28.14156663636));
#1023 = DIRECTION('',(5.19458519614E-02,-0.121869343405,-0.991185901636)
  );
#1024 = DIRECTION('',(0.626653093102,0.776774714327,-6.26653340214E-02)
  );
#1025 = ADVANCED_FACE('',(#1026),#1032,.F.);
#1026 = FACE_BOUND('',#1027,.T.);
#1027 = EDGE_LOOP('',(#1028,#1029,#1030,#1031));
#1028 = ORIENTED_EDGE('',*,*,#914,.T.);
#1029 = ORIENTED_EDGE('',*,*,#950,.T.);
#1030 = ORIENTED_EDGE('',*,*,#980,.T.);
#1031 = ORIENTED_EDGE('',*,*,#1002,.T.);
#1032 = PLANE('',#1033);
#1033 = AXIS2_PLACEMENT_3D('',#1034,#1035,#1036);
#1034 = CARTESIAN_POINT('',(120.25585794933,9.770294979977,
    37.720822612604));
#1035 = DIRECTION('',(5.19458519614E-02,-0.121869343405,-0.991185901636)
  );
#1036 = DIRECTION('',(0.541761224962,0.837220178195,-7.45462832854E-02)
  );
#1037 = MANIFOLD_SOLID_BREP('',#1038);
#1038 = CLOSED_SHELL('',(#1039,#1077,#1107,#1137,#1159,#1171));
#1039 = ADVANCED_FACE('',(#1040),#1072,.T.);
#1040 = FACE_BOUND('',#1041,.T.);
#1041 = EDGE_LOOP('',(#1042,#1052,#1059,#1067));
#1042 = ORIENTED_EDGE('',*,*,#1043,.T.);
#1043 = EDGE_CURVE('',#1044,#1046,#1048,.T.);
#1044 = VERTEX_POINT('',#1045);
#1045 = CARTESIAN_POINT('',(-3.553002444203,22.313094112089,
    19.802953321998));
#1046 = VERTEX_POINT('',#1047);
#1047 = CARTESIAN_POINT('',(24.094056225477,22.313094112089,
    21.251874270584));
#1048 = LINE('',#1049,#1050);
#1049 = CARTESIAN_POINT('',(-3.553002444203,22.313094112089,
    19.802953321998));
#1050 = VECTOR('',#1051,1.);
#1051 = DIRECTION('',(0.998629534755,2.165773850982E-18,
    5.233595624294E-02));
#1052 = ORIENTED_EDGE('',*,*,#1053,.T.);
#1053 = EDGE_CURVE('',#1046,#1054,#1056,.T.);
#1054 = VERTEX_POINT('',#1055);
#1055 = CARTESIAN_POINT('',(20.585805320646,25.177089274401,
    27.909686488176));
#1056 = B_SPLINE_CURVE_WITH_KNOTS('',1,(#1057,#1058),.UNSPECIFIED.,.F.,
  .F.,(2,2),(0.,1.),.PIECEWISE_BEZIER_KNOTS.);
#1057 = CARTESIAN_POINT('',(24.094056225477,22.313094112089,
    21.251874270584));
#1058 = CARTESIAN_POINT('',(20.585805320646,25.177089274401,
    27.909686488176));
#1059 = ORIENTED_EDGE('',*,*,#1060,.F.);
#1060 = EDGE_CURVE('',#1061,#1054,#1063,.T.);
#1061 = VERTEX_POINT('',#1062);
#1062 = CARTESIAN_POINT('',(-0.759900984733,25.177089274401,
    26.791005423483));
#1063 = LINE('',#1064,#1065);
#1064 = CARTESIAN_POINT('',(-0.759900984733,25.177089274401,
    26.791005423483));
#1065 = VECTOR('',#1066,1.);
#1066 = DIRECTION('',(0.998629534755,2.165773850982E-18,
    5.233595624294E-02));
#1067 = ORIENTED_EDGE('',*,*,#1068,.F.);
#1068 = EDGE_CURVE('',#1044,#1061,#1069,.T.);
#1069 = B_SPLINE_CURVE_WITH_KNOTS('',1,(#1070,#1071),.UNSPECIFIED.,.F.,
  .F.,(2,2),(0.,1.),.PIECEWISE_BEZIER_KNOTS.);
#1070 = CARTESIAN_POINT('',(-3.553002444203,22.313094112089,
    19.802953321998));
#1071 = CARTESIAN_POINT('',(-0.759900984733,25.177089274401,
    26.791005423483));
#1072 = B_SPLINE_SURFACE_WITH_KNOTS('',1,1,(
    (#1073,#1074)
    ,(#1075,#1076
    )),.UNSPECIFIED.,.F.,.F.,.F.,(2,2),(2,2),(0.,27.685),(0.,1.),
  .PIECEWISE_BEZIER_KNOTS.);
#1073 = CARTESIAN_POINT('',(-3.553002444203,22.313094112089,
    19.802953321998));
#1074 = CARTESIAN_POINT('',(-0.759900984733,25.177089274401,
    26.791005423483));
#1075 = CARTESIAN_POINT('',(24.094056225477,22.313094112089,
    21.251874270584));
#1076 = CARTESIAN_POINT('',(20.585805320646,25.177089274401,
    27.909686488176));
#1077 = ADVANCED_FACE('',(#1078),#1102,.T.);
#1078 = FACE_BOUND('',#1079,.T.);
#1079 = EDGE_LOOP('',(#1080,#1088,#1095,#1101));
#1080 = ORIENTED_EDGE('',*,*,#1081,.T.);
#1081 = EDGE_CURVE('',#1046,#1082,#1084,.T.);
#1082 = VERTEX_POINT('',#1083);
#1083 = CARTESIAN_POINT('',(24.209883404485,40.337732225895,
    19.041760035771));
#1084 = LINE('',#1085,#1086);
#1085 = CARTESIAN_POINT('',(24.094056225477,22.313094112089,
    21.251874270584));
#1086 = VECTOR('',#1087,1.);
#1087 = DIRECTION('',(6.378148623808E-03,0.992546151641,-0.121702325706)
  );
#1088 = ORIENTED_EDGE('',*,*,#1089,.T.);
#1089 = EDGE_CURVE('',#1082,#1090,#1092,.T.);
#1090 = VERTEX_POINT('',#1091);
#1091 = CARTESIAN_POINT('',(20.645977825102,39.785863356141,
    26.76152670581));
#1092 = B_SPLINE_CURVE_WITH_KNOTS('',1,(#1093,#1094),.UNSPECIFIED.,.F.,
  .F.,(2,2),(0.,1.),.PIECEWISE_BEZIER_KNOTS.);
#1093 = CARTESIAN_POINT('',(24.209883404485,40.337732225895,
    19.041760035771));
#1094 = CARTESIAN_POINT('',(20.645977825102,39.785863356141,
    26.76152670581));
#1095 = ORIENTED_EDGE('',*,*,#1096,.F.);
#1096 = EDGE_CURVE('',#1054,#1090,#1097,.T.);
#1097 = LINE('',#1098,#1099);
#1098 = CARTESIAN_POINT('',(20.585805320646,25.177089274401,
    27.909686488176));
#1099 = VECTOR('',#1100,1.);
#1100 = DIRECTION('',(4.106231800873E-03,0.996917333733,
    -7.835157026396E-02));
#1101 = ORIENTED_EDGE('',*,*,#1053,.F.);
#1102 = B_SPLINE_SURFACE_WITH_KNOTS('',1,1,(
    (#1103,#1104)
    ,(#1105,#1106
    )),.UNSPECIFIED.,.F.,.F.,.F.,(2,2),(2,2),(0.,18.16),(0.,1.),
  .PIECEWISE_BEZIER_KNOTS.);
#1103 = CARTESIAN_POINT('',(24.094056225477,22.313094112089,
    21.251874270584));
#1104 = CARTESIAN_POINT('',(20.585805320646,25.177089274401,
    27.909686488176));
#1105 = CARTESIAN_POINT('',(24.209883404485,40.337732225895,
    19.041760035771));
#1106 = CARTESIAN_POINT('',(20.645977825102,39.785863356141,
    26.76152670581));
#1107 = ADVANCED_FACE('',(#1108),#1132,.T.);
#1108 = FACE_BOUND('',#1109,.T.);
#1109 = EDGE_LOOP('',(#1110,#1118,#1125,#1131));
#1110 = ORIENTED_EDGE('',*,*,#1111,.T.);
#1111 = EDGE_CURVE('',#1082,#1112,#1114,.T.);
#1112 = VERTEX_POINT('',#1113);
#1113 = CARTESIAN_POINT('',(-3.437175265195,40.337732225895,
    17.592839087185));
#1114 = LINE('',#1115,#1116);
#1115 = CARTESIAN_POINT('',(24.209883404485,40.337732225895,
    19.041760035771));
#1116 = VECTOR('',#1117,1.);
#1117 = DIRECTION('',(-0.998629534755,-2.165773850982E-18,
    -5.233595624294E-02));
#1118 = ORIENTED_EDGE('',*,*,#1119,.T.);
#1119 = EDGE_CURVE('',#1112,#1120,#1122,.T.);
#1120 = VERTEX_POINT('',#1121);
#1121 = CARTESIAN_POINT('',(-0.699728480277,39.785863356141,
    25.642845641117));
#1122 = B_SPLINE_CURVE_WITH_KNOTS('',1,(#1123,#1124),.UNSPECIFIED.,.F.,
  .F.,(2,2),(0.,1.),.PIECEWISE_BEZIER_KNOTS.);
#1123 = CARTESIAN_POINT('',(-3.437175265195,40.337732225895,
    17.592839087185));
#1124 = CARTESIAN_POINT('',(-0.699728480277,39.785863356141,
    25.642845641117));
#1125 = ORIENTED_EDGE('',*,*,#1126,.F.);
#1126 = EDGE_CURVE('',#1090,#1120,#1127,.T.);
#1127 = LINE('',#1128,#1129);
#1128 = CARTESIAN_POINT('',(20.645977825102,39.785863356141,
    26.76152670581));
#1129 = VECTOR('',#1130,1.);
#1130 = DIRECTION('',(-0.998629534755,-2.165773850982E-18,
    -5.233595624294E-02));
#1131 = ORIENTED_EDGE('',*,*,#1089,.F.);
#1132 = B_SPLINE_SURFACE_WITH_KNOTS('',1,1,(
    (#1133,#1134)
    ,(#1135,#1136
    )),.UNSPECIFIED.,.F.,.F.,.F.,(2,2),(2,2),(0.,27.685),(0.,1.),
  .PIECEWISE_BEZIER_KNOTS.);
#1133 = CARTESIAN_POINT('',(24.209883404485,40.337732225895,
    19.041760035771));
#1134 = CARTESIAN_POINT('',(20.645977825102,39.785863356141,
    26.76152670581));
#1135 = CARTESIAN_POINT('',(-3.437175265195,40.337732225895,
    17.592839087185));
#1136 = CARTESIAN_POINT('',(-0.699728480277,39.785863356141,
    25.642845641117));
#1137 = ADVANCED_FACE('',(#1138),#1154,.T.);
#1138 = FACE_BOUND('',#1139,.T.);
#1139 = EDGE_LOOP('',(#1140,#1146,#1147,#1153));
#1140 = ORIENTED_EDGE('',*,*,#1141,.T.);
#1141 = EDGE_CURVE('',#1112,#1044,#1142,.T.);
#1142 = LINE('',#1143,#1144);
#1143 = CARTESIAN_POINT('',(-3.437175265195,40.337732225895,
    17.592839087185));
#1144 = VECTOR('',#1145,1.);
#1145 = DIRECTION('',(-6.378148623808E-03,-0.992546151641,0.121702325706
    ));
#1146 = ORIENTED_EDGE('',*,*,#1068,.T.);
#1147 = ORIENTED_EDGE('',*,*,#1148,.F.);
#1148 = EDGE_CURVE('',#1120,#1061,#1149,.T.);
#1149 = LINE('',#1150,#1151);
#1150 = CARTESIAN_POINT('',(-0.699728480277,39.785863356141,
    25.642845641117));
#1151 = VECTOR('',#1152,1.);
#1152 = DIRECTION('',(-4.106231800873E-03,-0.996917333733,
    7.835157026396E-02));
#1153 = ORIENTED_EDGE('',*,*,#1119,.F.);
#1154 = B_SPLINE_SURFACE_WITH_KNOTS('',1,1,(
    (#1155,#1156)
    ,(#1157,#1158
    )),.UNSPECIFIED.,.F.,.F.,.F.,(2,2),(2,2),(0.,18.16),(0.,1.),
  .PIECEWISE_BEZIER_KNOTS.);
#1155 = CARTESIAN_POINT('',(-3.437175265195,40.337732225895,
    17.592839087185));
#1156 = CARTESIAN_POINT('',(-0.699728480277,39.785863356141,
    25.642845641117));
#1157 = CARTESIAN_POINT('',(-3.553002444203,22.313094112089,
    19.802953321998));
#1158 = CARTESIAN_POINT('',(-0.759900984733,25.177089274401,
    26.791005423483));
#1159 = ADVANCED_FACE('',(#1160),#1166,.T.);
#1160 = FACE_BOUND('',#1161,.F.);
#1161 = EDGE_LOOP('',(#1162,#1163,#1164,#1165));
#1162 = ORIENTED_EDGE('',*,*,#1043,.T.);
#1163 = ORIENTED_EDGE('',*,*,#1081,.T.);
#1164 = ORIENTED_EDGE('',*,*,#1111,.T.);
#1165 = ORIENTED_EDGE('',*,*,#1141,.T.);
#1166 = PLANE('',#1167);
#1167 = AXIS2_PLACEMENT_3D('',#1168,#1169,#1170);
#1168 = CARTESIAN_POINT('',(-3.553002444203,22.313094112089,
    19.802953321998));
#1169 = DIRECTION('',(5.19458519614E-02,-0.121869343405,-0.991185901636)
  );
#1170 = DIRECTION('',(0.838514987082,0.544393305419,-2.299011644702E-02)
  );
#1171 = ADVANCED_FACE('',(#1172),#1178,.F.);
#1172 = FACE_BOUND('',#1173,.T.);
#1173 = EDGE_LOOP('',(#1174,#1175,#1176,#1177));
#1174 = ORIENTED_EDGE('',*,*,#1060,.T.);
#1175 = ORIENTED_EDGE('',*,*,#1096,.T.);
#1176 = ORIENTED_EDGE('',*,*,#1126,.T.);
#1177 = ORIENTED_EDGE('',*,*,#1148,.T.);
#1178 = PLANE('',#1179);
#1179 = AXIS2_PLACEMENT_3D('',#1180,#1181,#1182);
#1180 = CARTESIAN_POINT('',(-0.759900984733,25.177089274401,
    26.791005423483));
#1181 = DIRECTION('',(5.217462195609E-02,-7.845909572784E-02,
    -0.995551093175));
#1182 = DIRECTION('',(0.825977863016,0.563701406727,-1.137480429757E-03)
  );
#1183 = MANIFOLD_SOLID_BREP('',#1184);
#1184 = CLOSED_SHELL('',(#1185,#1223,#1253,#1283,#1305,#1317));
#1185 = ADVANCED_FACE('',(#1186),#1218,.T.);
#1186 = FACE_BOUND('',#1187,.T.);
#1187 = EDGE_LOOP('',(#1188,#1198,#1205,#1213));
#1188 = ORIENTED_EDGE('',*,*,#1189,.T.);
#1189 = EDGE_CURVE('',#1190,#1192,#1194,.T.);
#1190 = VERTEX_POINT('',#1191);
#1191 = CARTESIAN_POINT('',(24.982337196641,22.313094112089,
    21.298427103662));
#1192 = VERTEX_POINT('',#1193);
#1193 = CARTESIAN_POINT('',(43.117449547784,22.313094112089,
    22.248848069034));
#1194 = LINE('',#1195,#1196);
#1195 = CARTESIAN_POINT('',(24.982337196641,22.313094112089,
    21.298427103662));
#1196 = VECTOR('',#1197,1.);
#1197 = DIRECTION('',(0.998629534755,2.165773850982E-18,
    5.233595624294E-02));
#1198 = ORIENTED_EDGE('',*,*,#1199,.T.);
#1199 = EDGE_CURVE('',#1192,#1200,#1202,.T.);
#1200 = VERTEX_POINT('',#1201);
#1201 = CARTESIAN_POINT('',(39.609198642953,25.177089274401,
    28.906660286626));
#1202 = B_SPLINE_CURVE_WITH_KNOTS('',1,(#1203,#1204),.UNSPECIFIED.,.F.,
  .F.,(2,2),(0.,1.),.PIECEWISE_BEZIER_KNOTS.);
#1203 = CARTESIAN_POINT('',(43.117449547784,22.313094112089,
    22.248848069034));
#1204 = CARTESIAN_POINT('',(39.609198642953,25.177089274401,
    28.906660286626));
#1205 = ORIENTED_EDGE('',*,*,#1206,.F.);
#1206 = EDGE_CURVE('',#1207,#1200,#1209,.T.);
#1207 = VERTEX_POINT('',#1208);
#1208 = CARTESIAN_POINT('',(27.775438656112,25.177089274401,
    28.286479205147));
#1209 = LINE('',#1210,#1211);
#1210 = CARTESIAN_POINT('',(27.775438656112,25.177089274401,
    28.286479205147));
#1211 = VECTOR('',#1212,1.);
#1212 = DIRECTION('',(0.998629534755,2.165773850982E-18,
    5.233595624294E-02));
#1213 = ORIENTED_EDGE('',*,*,#1214,.F.);
#1214 = EDGE_CURVE('',#1190,#1207,#1215,.T.);
#1215 = B_SPLINE_CURVE_WITH_KNOTS('',1,(#1216,#1217),.UNSPECIFIED.,.F.,
  .F.,(2,2),(0.,1.),.PIECEWISE_BEZIER_KNOTS.);
#1216 = CARTESIAN_POINT('',(24.982337196641,22.313094112089,
    21.298427103662));
#1217 = CARTESIAN_POINT('',(27.775438656112,25.177089274401,
    28.286479205147));
#1218 = B_SPLINE_SURFACE_WITH_KNOTS('',1,1,(
    (#1219,#1220)
    ,(#1221,#1222
    )),.UNSPECIFIED.,.F.,.F.,.F.,(2,2),(2,2),(0.,18.16),(0.,1.),
  .PIECEWISE_BEZIER_KNOTS.);
#1219 = CARTESIAN_POINT('',(24.982337196641,22.313094112089,
    21.298427103662));
#1220 = CARTESIAN_POINT('',(27.775438656112,25.177089274401,
    28.286479205147));
#1221 = CARTESIAN_POINT('',(43.117449547784,22.313094112089,
    22.248848069034));
#1222 = CARTESIAN_POINT('',(39.609198642953,25.177089274401,
    28.906660286626));
#1223 = ADVANCED_FACE('',(#1224),#1248,.T.);
#1224 = FACE_BOUND('',#1225,.T.);
#1225 = EDGE_LOOP('',(#1226,#1234,#1241,#1247));
#1226 = ORIENTED_EDGE('',*,*,#1227,.T.);
#1227 = EDGE_CURVE('',#1192,#1228,#1230,.T.);
#1228 = VERTEX_POINT('',#1229);
#1229 = CARTESIAN_POINT('',(43.233276726793,40.337732225895,
    20.038733834221));
#1230 = LINE('',#1231,#1232);
#1231 = CARTESIAN_POINT('',(43.117449547784,22.313094112089,
    22.248848069034));
#1232 = VECTOR('',#1233,1.);
#1233 = DIRECTION('',(6.378148623808E-03,0.992546151641,-0.121702325706)
  );
#1234 = ORIENTED_EDGE('',*,*,#1235,.T.);
#1235 = EDGE_CURVE('',#1228,#1236,#1238,.T.);
#1236 = VERTEX_POINT('',#1237);
#1237 = CARTESIAN_POINT('',(39.669371147409,39.785863356141,
    27.75850050426));
#1238 = B_SPLINE_CURVE_WITH_KNOTS('',1,(#1239,#1240),.UNSPECIFIED.,.F.,
  .F.,(2,2),(0.,1.),.PIECEWISE_BEZIER_KNOTS.);
#1239 = CARTESIAN_POINT('',(43.233276726793,40.337732225895,
    20.038733834221));
#1240 = CARTESIAN_POINT('',(39.669371147409,39.785863356141,
    27.75850050426));
#1241 = ORIENTED_EDGE('',*,*,#1242,.F.);
#1242 = EDGE_CURVE('',#1200,#1236,#1243,.T.);
#1243 = LINE('',#1244,#1245);
#1244 = CARTESIAN_POINT('',(39.609198642953,25.177089274401,
    28.906660286626));
#1245 = VECTOR('',#1246,1.);
#1246 = DIRECTION('',(4.106231800873E-03,0.996917333733,
    -7.835157026396E-02));
#1247 = ORIENTED_EDGE('',*,*,#1199,.F.);
#1248 = B_SPLINE_SURFACE_WITH_KNOTS('',1,1,(
    (#1249,#1250)
    ,(#1251,#1252
    )),.UNSPECIFIED.,.F.,.F.,.F.,(2,2),(2,2),(0.,18.16),(0.,1.),
  .PIECEWISE_BEZIER_KNOTS.);
#1249 = CARTESIAN_POINT('',(43.117449547784,22.313094112089,
    22.248848069034));
#1250 = CARTESIAN_POINT('',(39.609198642953,25.177089274401,
    28.906660286626));
#1251 = CARTESIAN_POINT('',(43.233276726793,40.337732225895,
    20.038733834221));
#1252 = CARTESIAN_POINT('',(39.669371147409,39.785863356141,
    27.75850050426));
#1253 = ADVANCED_FACE('',(#1254),#1278,.T.);
#1254 = FACE_BOUND('',#1255,.T.);
#1255 = EDGE_LOOP('',(#1256,#1264,#1271,#1277));
#1256 = ORIENTED_EDGE('',*,*,#1257,.T.);
#1257 = EDGE_CURVE('',#1228,#1258,#1260,.T.);
#1258 = VERTEX_POINT('',#1259);
#1259 = CARTESIAN_POINT('',(25.098164375649,40.337732225895,
    19.088312868849));
#1260 = LINE('',#1261,#1262);
#1261 = CARTESIAN_POINT('',(43.233276726793,40.337732225895,
    20.038733834221));
#1262 = VECTOR('',#1263,1.);
#1263 = DIRECTION('',(-0.998629534755,-2.165773850982E-18,
    -5.233595624294E-02));
#1264 = ORIENTED_EDGE('',*,*,#1265,.T.);
#1265 = EDGE_CURVE('',#1258,#1266,#1268,.T.);
#1266 = VERTEX_POINT('',#1267);
#1267 = CARTESIAN_POINT('',(27.835611160567,39.785863356141,
    27.138319422781));
#1268 = B_SPLINE_CURVE_WITH_KNOTS('',1,(#1269,#1270),.UNSPECIFIED.,.F.,
  .F.,(2,2),(0.,1.),.PIECEWISE_BEZIER_KNOTS.);
#1269 = CARTESIAN_POINT('',(25.098164375649,40.337732225895,
    19.088312868849));
#1270 = CARTESIAN_POINT('',(27.835611160567,39.785863356141,
    27.138319422781));
#1271 = ORIENTED_EDGE('',*,*,#1272,.F.);
#1272 = EDGE_CURVE('',#1236,#1266,#1273,.T.);
#1273 = LINE('',#1274,#1275);
#1274 = CARTESIAN_POINT('',(39.669371147409,39.785863356141,
    27.75850050426));
#1275 = VECTOR('',#1276,1.);
#1276 = DIRECTION('',(-0.998629534755,-2.165773850982E-18,
    -5.233595624294E-02));
#1277 = ORIENTED_EDGE('',*,*,#1235,.F.);
#1278 = B_SPLINE_SURFACE_WITH_KNOTS('',1,1,(
    (#1279,#1280)
    ,(#1281,#1282
    )),.UNSPECIFIED.,.F.,.F.,.F.,(2,2),(2,2),(0.,18.16),(0.,1.),
  .PIECEWISE_BEZIER_KNOTS.);
#1279 = CARTESIAN_POINT('',(43.233276726793,40.337732225895,
    20.038733834221));
#1280 = CARTESIAN_POINT('',(39.669371147409,39.785863356141,
    27.75850050426));
#1281 = CARTESIAN_POINT('',(25.098164375649,40.337732225895,
    19.088312868849));
#1282 = CARTESIAN_POINT('',(27.835611160567,39.785863356141,
    27.138319422781));
#1283 = ADVANCED_FACE('',(#1284),#1300,.T.);
#1284 = FACE_BOUND('',#1285,.T.);
#1285 = EDGE_LOOP('',(#1286,#1292,#1293,#1299));
#1286 = ORIENTED_EDGE('',*,*,#1287,.T.);
#1287 = EDGE_CURVE('',#1258,#1190,#1288,.T.);
#1288 = LINE('',#1289,#1290);
#1289 = CARTESIAN_POINT('',(25.098164375649,40.337732225895,
    19.088312868849));
#1290 = VECTOR('',#1291,1.);
#1291 = DIRECTION('',(-6.378148623808E-03,-0.992546151641,0.121702325706
    ));
#1292 = ORIENTED_EDGE('',*,*,#1214,.T.);
#1293 = ORIENTED_EDGE('',*,*,#1294,.F.);
#1294 = EDGE_CURVE('',#1266,#1207,#1295,.T.);
#1295 = LINE('',#1296,#1297);
#1296 = CARTESIAN_POINT('',(27.835611160567,39.785863356141,
    27.138319422781));
#1297 = VECTOR('',#1298,1.);
#1298 = DIRECTION('',(-4.106231800873E-03,-0.996917333733,
    7.835157026396E-02));
#1299 = ORIENTED_EDGE('',*,*,#1265,.F.);
#1300 = B_SPLINE_SURFACE_WITH_KNOTS('',1,1,(
    (#1301,#1302)
    ,(#1303,#1304
    )),.UNSPECIFIED.,.F.,.F.,.F.,(2,2),(2,2),(0.,18.16),(0.,1.),
  .PIECEWISE_BEZIER_KNOTS.);
#1301 = CARTESIAN_POINT('',(25.098164375649,40.337732225895,
    19.088312868849));
#1302 = CARTESIAN_POINT('',(27.835611160567,39.785863356141,
    27.138319422781));
#1303 = CARTESIAN_POINT('',(24.982337196641,22.313094112089,
    21.298427103662));
#1304 = CARTESIAN_POINT('',(27.775438656112,25.177089274401,
    28.286479205147));
#1305 = ADVANCED_FACE('',(#1306),#1312,.T.);
#1306 = FACE_BOUND('',#1307,.F.);
#1307 = EDGE_LOOP('',(#1308,#1309,#1310,#1311));
#1308 = ORIENTED_EDGE('',*,*,#1189,.T.);
#1309 = ORIENTED_EDGE('',*,*,#1227,.T.);
#1310 = ORIENTED_EDGE('',*,*,#1257,.T.);
#1311 = ORIENTED_EDGE('',*,*,#1287,.T.);
#1312 = PLANE('',#1313);
#1313 = AXIS2_PLACEMENT_3D('',#1314,#1315,#1316);
#1314 = CARTESIAN_POINT('',(24.982337196641,22.313094112089,
    21.298427103662));
#1315 = DIRECTION('',(5.19458519614E-02,-0.121869343405,-0.991185901636)
  );
#1316 = DIRECTION('',(0.710647748061,0.701836114466,-4.904943023328E-02)
  );
#1317 = ADVANCED_FACE('',(#1318),#1324,.F.);
#1318 = FACE_BOUND('',#1319,.T.);
#1319 = EDGE_LOOP('',(#1320,#1321,#1322,#1323));
#1320 = ORIENTED_EDGE('',*,*,#1206,.T.);
#1321 = ORIENTED_EDGE('',*,*,#1242,.T.);
#1322 = ORIENTED_EDGE('',*,*,#1272,.T.);
#1323 = ORIENTED_EDGE('',*,*,#1294,.T.);
#1324 = PLANE('',#1325);
#1325 = AXIS2_PLACEMENT_3D('',#1326,#1327,#1328);
#1326 = CARTESIAN_POINT('',(27.775438656112,25.177089274401,
    28.286479205147));
#1327 = DIRECTION('',(5.217462195609E-02,-7.845909572784E-02,
    -0.995551093175));
#1328 = DIRECTION('',(0.631121586491,0.775177821288,-2.801586065676E-02)
  );
#1329 = MANIFOLD_SOLID_BREP('',#1330);
#1330 = CLOSED_SHELL('',(#1331,#1369,#1399,#1429,#1451,#1463));
#1331 = ADVANCED_FACE('',(#1332),#1364,.T.);
#1332 = FACE_BOUND('',#1333,.T.);
#1333 = EDGE_LOOP('',(#1334,#1344,#1351,#1359));
#1334 = ORIENTED_EDGE('',*,*,#1335,.T.);
#1335 = EDGE_CURVE('',#1336,#1338,#1340,.T.);
#1336 = VERTEX_POINT('',#1337);
#1337 = CARTESIAN_POINT('',(44.006229833716,22.313094112089,
    22.29542707009));
#1338 = VERTEX_POINT('',#1339);
#1339 = CARTESIAN_POINT('',(62.141342184859,22.313094112089,
    23.245848035462));
#1340 = LINE('',#1341,#1342);
#1341 = CARTESIAN_POINT('',(44.006229833716,22.313094112089,
    22.29542707009));
#1342 = VECTOR('',#1343,1.);
#1343 = DIRECTION('',(0.998629534755,2.165773850982E-18,
    5.233595624294E-02));
#1344 = ORIENTED_EDGE('',*,*,#1345,.T.);
#1345 = EDGE_CURVE('',#1338,#1346,#1348,.T.);
#1346 = VERTEX_POINT('',#1347);
#1347 = CARTESIAN_POINT('',(58.633091280028,25.177089274401,
    29.903660253054));
#1348 = B_SPLINE_CURVE_WITH_KNOTS('',1,(#1349,#1350),.UNSPECIFIED.,.F.,
  .F.,(2,2),(0.,1.),.PIECEWISE_BEZIER_KNOTS.);
#1349 = CARTESIAN_POINT('',(62.141342184859,22.313094112089,
    23.245848035462));
#1350 = CARTESIAN_POINT('',(58.633091280028,25.177089274401,
    29.903660253054));
#1351 = ORIENTED_EDGE('',*,*,#1352,.F.);
#1352 = EDGE_CURVE('',#1353,#1346,#1355,.T.);
#1353 = VERTEX_POINT('',#1354);
#1354 = CARTESIAN_POINT('',(46.799331293186,25.177089274401,
    29.283479171575));
#1355 = LINE('',#1356,#1357);
#1356 = CARTESIAN_POINT('',(46.799331293186,25.177089274401,
    29.283479171575));
#1357 = VECTOR('',#1358,1.);
#1358 = DIRECTION('',(0.998629534755,2.165773850982E-18,
    5.233595624294E-02));
#1359 = ORIENTED_EDGE('',*,*,#1360,.F.);
#1360 = EDGE_CURVE('',#1336,#1353,#1361,.T.);
#1361 = B_SPLINE_CURVE_WITH_KNOTS('',1,(#1362,#1363),.UNSPECIFIED.,.F.,
  .F.,(2,2),(0.,1.),.PIECEWISE_BEZIER_KNOTS.);
#1362 = CARTESIAN_POINT('',(44.006229833716,22.313094112089,
    22.29542707009));
#1363 = CARTESIAN_POINT('',(46.799331293186,25.177089274401,
    29.283479171575));
#1364 = B_SPLINE_SURFACE_WITH_KNOTS('',1,1,(
    (#1365,#1366)
    ,(#1367,#1368
    )),.UNSPECIFIED.,.F.,.F.,.F.,(2,2),(2,2),(0.,18.16),(0.,1.),
  .PIECEWISE_BEZIER_KNOTS.);
#1365 = CARTESIAN_POINT('',(44.006229833716,22.313094112089,
    22.29542707009));
#1366 = CARTESIAN_POINT('',(46.799331293186,25.177089274401,
    29.283479171575));
#1367 = CARTESIAN_POINT('',(62.141342184859,22.313094112089,
    23.245848035462));
#1368 = CARTESIAN_POINT('',(58.633091280028,25.177089274401,
    29.903660253054));
#1369 = ADVANCED_FACE('',(#1370),#1394,.T.);
#1370 = FACE_BOUND('',#1371,.T.);
#1371 = EDGE_LOOP('',(#1372,#1380,#1387,#1393));
#1372 = ORIENTED_EDGE('',*,*,#1373,.T.);
#1373 = EDGE_CURVE('',#1338,#1374,#1376,.T.);
#1374 = VERTEX_POINT('',#1375);
#1375 = CARTESIAN_POINT('',(62.257169363867,40.337732225895,
    21.035733800649));
#1376 = LINE('',#1377,#1378);
#1377 = CARTESIAN_POINT('',(62.141342184859,22.313094112089,
    23.245848035462));
#1378 = VECTOR('',#1379,1.);
#1379 = DIRECTION('',(6.378148623808E-03,0.992546151641,-0.121702325706)
  );
#1380 = ORIENTED_EDGE('',*,*,#1381,.T.);
#1381 = EDGE_CURVE('',#1374,#1382,#1384,.T.);
#1382 = VERTEX_POINT('',#1383);
#1383 = CARTESIAN_POINT('',(58.693263784484,39.785863356141,
    28.755500470688));
#1384 = B_SPLINE_CURVE_WITH_KNOTS('',1,(#1385,#1386),.UNSPECIFIED.,.F.,
  .F.,(2,2),(0.,1.),.PIECEWISE_BEZIER_KNOTS.);
#1385 = CARTESIAN_POINT('',(62.257169363867,40.337732225895,
    21.035733800649));
#1386 = CARTESIAN_POINT('',(58.693263784484,39.785863356141,
    28.755500470688));
#1387 = ORIENTED_EDGE('',*,*,#1388,.F.);
#1388 = EDGE_CURVE('',#1346,#1382,#1389,.T.);
#1389 = LINE('',#1390,#1391);
#1390 = CARTESIAN_POINT('',(58.633091280028,25.177089274401,
    29.903660253054));
#1391 = VECTOR('',#1392,1.);
#1392 = DIRECTION('',(4.106231800873E-03,0.996917333733,
    -7.835157026396E-02));
#1393 = ORIENTED_EDGE('',*,*,#1345,.F.);
#1394 = B_SPLINE_SURFACE_WITH_KNOTS('',1,1,(
    (#1395,#1396)
    ,(#1397,#1398
    )),.UNSPECIFIED.,.F.,.F.,.F.,(2,2),(2,2),(0.,18.16),(0.,1.),
  .PIECEWISE_BEZIER_KNOTS.);
#1395 = CARTESIAN_POINT('',(62.141342184859,22.313094112089,
    23.245848035462));
#1396 = CARTESIAN_POINT('',(58.633091280028,25.177089274401,
    29.903660253054));
#1397 = CARTESIAN_POINT('',(62.257169363867,40.337732225895,
    21.035733800649));
#1398 = CARTESIAN_POINT('',(58.693263784484,39.785863356141,
    28.755500470688));
#1399 = ADVANCED_FACE('',(#1400),#1424,.T.);
#1400 = FACE_BOUND('',#1401,.T.);
#1401 = EDGE_LOOP('',(#1402,#1410,#1417,#1423));
#1402 = ORIENTED_EDGE('',*,*,#1403,.T.);
#1403 = EDGE_CURVE('',#1374,#1404,#1406,.T.);
#1404 = VERTEX_POINT('',#1405);
#1405 = CARTESIAN_POINT('',(44.122057012724,40.337732225895,
    20.085312835278));
#1406 = LINE('',#1407,#1408);
#1407 = CARTESIAN_POINT('',(62.257169363867,40.337732225895,
    21.035733800649));
#1408 = VECTOR('',#1409,1.);
#1409 = DIRECTION('',(-0.998629534755,-2.165773850982E-18,
    -5.233595624294E-02));
#1410 = ORIENTED_EDGE('',*,*,#1411,.T.);
#1411 = EDGE_CURVE('',#1404,#1412,#1414,.T.);
#1412 = VERTEX_POINT('',#1413);
#1413 = CARTESIAN_POINT('',(46.859503797642,39.785863356141,
    28.135319389209));
#1414 = B_SPLINE_CURVE_WITH_KNOTS('',1,(#1415,#1416),.UNSPECIFIED.,.F.,
  .F.,(2,2),(0.,1.),.PIECEWISE_BEZIER_KNOTS.);
#1415 = CARTESIAN_POINT('',(44.122057012724,40.337732225895,
    20.085312835278));
#1416 = CARTESIAN_POINT('',(46.859503797642,39.785863356141,
    28.135319389209));
#1417 = ORIENTED_EDGE('',*,*,#1418,.F.);
#1418 = EDGE_CURVE('',#1382,#1412,#1419,.T.);
#1419 = LINE('',#1420,#1421);
#1420 = CARTESIAN_POINT('',(58.693263784484,39.785863356141,
    28.755500470688));
#1421 = VECTOR('',#1422,1.);
#1422 = DIRECTION('',(-0.998629534755,-2.165773850982E-18,
    -5.233595624294E-02));
#1423 = ORIENTED_EDGE('',*,*,#1381,.F.);
#1424 = B_SPLINE_SURFACE_WITH_KNOTS('',1,1,(
    (#1425,#1426)
    ,(#1427,#1428
    )),.UNSPECIFIED.,.F.,.F.,.F.,(2,2),(2,2),(0.,18.16),(0.,1.),
  .PIECEWISE_BEZIER_KNOTS.);
#1425 = CARTESIAN_POINT('',(62.257169363867,40.337732225895,
    21.035733800649));
#1426 = CARTESIAN_POINT('',(58.693263784484,39.785863356141,
    28.755500470688));
#1427 = CARTESIAN_POINT('',(44.122057012724,40.337732225895,
    20.085312835278));
#1428 = CARTESIAN_POINT('',(46.859503797642,39.785863356141,
    28.135319389209));
#1429 = ADVANCED_FACE('',(#1430),#1446,.T.);
#1430 = FACE_BOUND('',#1431,.T.);
#1431 = EDGE_LOOP('',(#1432,#1438,#1439,#1445));
#1432 = ORIENTED_EDGE('',*,*,#1433,.T.);
#1433 = EDGE_CURVE('',#1404,#1336,#1434,.T.);
#1434 = LINE('',#1435,#1436);
#1435 = CARTESIAN_POINT('',(44.122057012724,40.337732225895,
    20.085312835278));
#1436 = VECTOR('',#1437,1.);
#1437 = DIRECTION('',(-6.378148623808E-03,-0.992546151641,0.121702325706
    ));
#1438 = ORIENTED_EDGE('',*,*,#1360,.T.);
#1439 = ORIENTED_EDGE('',*,*,#1440,.F.);
#1440 = EDGE_CURVE('',#1412,#1353,#1441,.T.);
#1441 = LINE('',#1442,#1443);
#1442 = CARTESIAN_POINT('',(46.859503797642,39.785863356141,
    28.135319389209));
#1443 = VECTOR('',#1444,1.);
#1444 = DIRECTION('',(-4.106231800873E-03,-0.996917333733,
    7.835157026396E-02));
#1445 = ORIENTED_EDGE('',*,*,#1411,.F.);
#1446 = B_SPLINE_SURFACE_WITH_KNOTS('',1,1,(
    (#1447,#1448)
    ,(#1449,#1450
    )),.UNSPECIFIED.,.F.,.F.,.F.,(2,2),(2,2),(0.,18.16),(0.,1.),
  .PIECEWISE_BEZIER_KNOTS.);
#1447 = CARTESIAN_POINT('',(44.122057012724,40.337732225895,
    20.085312835278));
#1448 = CARTESIAN_POINT('',(46.859503797642,39.785863356141,
    28.135319389209));
#1449 = CARTESIAN_POINT('',(44.006229833716,22.313094112089,
    22.29542707009));
#1450 = CARTESIAN_POINT('',(46.799331293186,25.177089274401,
    29.283479171575));
#1451 = ADVANCED_FACE('',(#1452),#1458,.T.);
#1452 = FACE_BOUND('',#1453,.F.);
#1453 = EDGE_LOOP('',(#1454,#1455,#1456,#1457));
#1454 = ORIENTED_EDGE('',*,*,#1335,.T.);
#1455 = ORIENTED_EDGE('',*,*,#1373,.T.);
#1456 = ORIENTED_EDGE('',*,*,#1403,.T.);
#1457 = ORIENTED_EDGE('',*,*,#1433,.T.);
#1458 = PLANE('',#1459);
#1459 = AXIS2_PLACEMENT_3D('',#1460,#1461,#1462);
#1460 = CARTESIAN_POINT('',(44.006229833716,22.313094112089,
    22.29542707009));
#1461 = DIRECTION('',(5.19458519614E-02,-0.121869343405,-0.991185901636)
  );
#1462 = DIRECTION('',(0.710647748061,0.701836114466,-4.904943023328E-02)
  );
#1463 = ADVANCED_FACE('',(#1464),#1470,.F.);
#1464 = FACE_BOUND('',#1465,.T.);
#1465 = EDGE_LOOP('',(#1466,#1467,#1468,#1469));
#1466 = ORIENTED_EDGE('',*,*,#1352,.T.);
#1467 = ORIENTED_EDGE('',*,*,#1388,.T.);
#1468 = ORIENTED_EDGE('',*,*,#1418,.T.);
#1469 = ORIENTED_EDGE('',*,*,#1440,.T.);
#1470 = PLANE('',#1471);
#1471 = AXIS2_PLACEMENT_3D('',#1472,#1473,#1474);
#1472 = CARTESIAN_POINT('',(46.799331293186,25.177089274401,
    29.283479171575));
#1473 = DIRECTION('',(5.217462195609E-02,-7.845909572784E-02,
    -0.995551093175));
#1474 = DIRECTION('',(0.631121586491,0.775177821288,-2.801586065676E-02)
  );
#1475 = MANIFOLD_SOLID_BREP('',#1476);
#1476 = CLOSED_SHELL('',(#1477,#1515,#1545,#1575,#1597,#1609));
#1477 = ADVANCED_FACE('',(#1478),#1510,.T.);
#1478 = FACE_BOUND('',#1479,.T.);
#1479 = EDGE_LOOP('',(#1480,#1490,#1497,#1505));
#1480 = ORIENTED_EDGE('',*,*,#1481,.T.);
#1481 = EDGE_CURVE('',#1482,#1484,#1486,.T.);
#1482 = VERTEX_POINT('',#1483);
#1483 = CARTESIAN_POINT('',(63.249849994737,22.318282616494,
    23.303304525582));
#1484 = VERTEX_POINT('',#1485);
#1485 = CARTESIAN_POINT('',(81.385085185157,22.527479791856,
    24.228010495038));
#1486 = LINE('',#1487,#1488);
#1487 = CARTESIAN_POINT('',(63.249849994737,22.318282616494,
    23.303304525582));
#1488 = VECTOR('',#1489,1.);
#1489 = DIRECTION('',(0.998636299032,1.151966824681E-02,
    5.091993223875E-02));
#1490 = ORIENTED_EDGE('',*,*,#1491,.T.);
#1491 = EDGE_CURVE('',#1484,#1492,#1494,.T.);
#1492 = VERTEX_POINT('',#1493);
#1493 = CARTESIAN_POINT('',(77.853515626658,25.354996028497,
    30.889085829451));
#1494 = B_SPLINE_CURVE_WITH_KNOTS('',1,(#1495,#1496),.UNSPECIFIED.,.F.,
  .F.,(2,2),(0.,1.),.PIECEWISE_BEZIER_KNOTS.);
#1495 = CARTESIAN_POINT('',(81.385085185157,22.527479791856,
    24.228010495038));
#1496 = CARTESIAN_POINT('',(77.853515626658,25.354996028497,
    30.889085829451));
#1497 = ORIENTED_EDGE('',*,*,#1498,.F.);
#1498 = EDGE_CURVE('',#1499,#1492,#1501,.T.);
#1499 = VERTEX_POINT('',#1500);
#1500 = CARTESIAN_POINT('',(66.019675483129,25.218487959772,
    30.285684632422));
#1501 = LINE('',#1502,#1503);
#1502 = CARTESIAN_POINT('',(66.019675483129,25.218487959772,
    30.285684632422));
#1503 = VECTOR('',#1504,1.);
#1504 = DIRECTION('',(0.998636299032,1.151966824681E-02,
    5.091993223875E-02));
#1505 = ORIENTED_EDGE('',*,*,#1506,.F.);
#1506 = EDGE_CURVE('',#1482,#1499,#1507,.T.);
#1507 = B_SPLINE_CURVE_WITH_KNOTS('',1,(#1508,#1509),.UNSPECIFIED.,.F.,
  .F.,(2,2),(0.,1.),.PIECEWISE_BEZIER_KNOTS.);
#1508 = CARTESIAN_POINT('',(63.249849994737,22.318282616494,
    23.303304525582));
#1509 = CARTESIAN_POINT('',(66.019675483129,25.218487959772,
    30.285684632422));
#1510 = B_SPLINE_SURFACE_WITH_KNOTS('',1,1,(
    (#1511,#1512)
    ,(#1513,#1514
    )),.UNSPECIFIED.,.F.,.F.,.F.,(2,2),(2,2),(0.,18.16),(0.,1.),
  .PIECEWISE_BEZIER_KNOTS.);
#1511 = CARTESIAN_POINT('',(63.249849994737,22.318282616494,
    23.303304525582));
#1512 = CARTESIAN_POINT('',(66.019675483129,25.218487959772,
    30.285684632422));
#1513 = CARTESIAN_POINT('',(81.385085185157,22.527479791856,
    24.228010495038));
#1514 = CARTESIAN_POINT('',(77.853515626658,25.354996028497,
    30.889085829451));
#1515 = ADVANCED_FACE('',(#1516),#1540,.T.);
#1516 = FACE_BOUND('',#1517,.T.);
#1517 = EDGE_LOOP('',(#1518,#1526,#1533,#1539));
#1518 = ORIENTED_EDGE('',*,*,#1519,.T.);
#1519 = EDGE_CURVE('',#1484,#1520,#1522,.T.);
#1520 = VERTEX_POINT('',#1521);
#1521 = CARTESIAN_POINT('',(81.290425203617,40.550903874852,
    22.007014364381));
#1522 = LINE('',#1523,#1524);
#1523 = CARTESIAN_POINT('',(81.385085185157,22.527479791856,
    24.228010495038));
#1524 = VECTOR('',#1525,1.);
#1525 = DIRECTION('',(-5.212554049595E-03,0.992479299724,-0.122301549045
    ));
#1526 = ORIENTED_EDGE('',*,*,#1527,.T.);
#1527 = EDGE_CURVE('',#1520,#1528,#1530,.T.);
#1528 = VERTEX_POINT('',#1529);
#1529 = CARTESIAN_POINT('',(77.744000243975,39.962791398173,
    29.732153417396));
#1530 = B_SPLINE_CURVE_WITH_KNOTS('',1,(#1531,#1532),.UNSPECIFIED.,.F.,
  .F.,(2,2),(0.,1.),.PIECEWISE_BEZIER_KNOTS.);
#1531 = CARTESIAN_POINT('',(81.290425203617,40.550903874852,
    22.007014364381));
#1532 = CARTESIAN_POINT('',(77.744000243975,39.962791398173,
    29.732153417396));
#1533 = ORIENTED_EDGE('',*,*,#1534,.F.);
#1534 = EDGE_CURVE('',#1492,#1528,#1535,.T.);
#1535 = LINE('',#1536,#1537);
#1536 = CARTESIAN_POINT('',(77.853515626658,25.354996028497,
    30.889085829451));
#1537 = VECTOR('',#1538,1.);
#1538 = DIRECTION('',(-7.473439091874E-03,0.996850545444,
    -7.895022327556E-02));
#1539 = ORIENTED_EDGE('',*,*,#1491,.F.);
#1540 = B_SPLINE_SURFACE_WITH_KNOTS('',1,1,(
    (#1541,#1542)
    ,(#1543,#1544
    )),.UNSPECIFIED.,.F.,.F.,.F.,(2,2),(2,2),(0.,18.16),(0.,1.),
  .PIECEWISE_BEZIER_KNOTS.);
#1541 = CARTESIAN_POINT('',(81.385085185157,22.527479791856,
    24.228010495038));
#1542 = CARTESIAN_POINT('',(77.853515626658,25.354996028497,
    30.889085829451));
#1543 = CARTESIAN_POINT('',(81.290425203617,40.550903874852,
    22.007014364381));
#1544 = CARTESIAN_POINT('',(77.744000243975,39.962791398173,
    29.732153417396));
#1545 = ADVANCED_FACE('',(#1546),#1570,.T.);
#1546 = FACE_BOUND('',#1547,.T.);
#1547 = EDGE_LOOP('',(#1548,#1556,#1563,#1569));
#1548 = ORIENTED_EDGE('',*,*,#1549,.T.);
#1549 = EDGE_CURVE('',#1520,#1550,#1552,.T.);
#1550 = VERTEX_POINT('',#1551);
#1551 = CARTESIAN_POINT('',(63.155190013196,40.341706699489,
    21.082308394926));
#1552 = LINE('',#1553,#1554);
#1553 = CARTESIAN_POINT('',(81.290425203617,40.550903874852,
    22.007014364381));
#1554 = VECTOR('',#1555,1.);
#1555 = DIRECTION('',(-0.998636299032,-1.151966824681E-02,
    -5.091993223875E-02));
#1556 = ORIENTED_EDGE('',*,*,#1557,.T.);
#1557 = EDGE_CURVE('',#1550,#1558,#1560,.T.);
#1558 = VERTEX_POINT('',#1559);
#1559 = CARTESIAN_POINT('',(65.910160100446,39.826283329448,
    29.128752220367));
#1560 = B_SPLINE_CURVE_WITH_KNOTS('',1,(#1561,#1562),.UNSPECIFIED.,.F.,
  .F.,(2,2),(0.,1.),.PIECEWISE_BEZIER_KNOTS.);
#1561 = CARTESIAN_POINT('',(63.155190013196,40.341706699489,
    21.082308394926));
#1562 = CARTESIAN_POINT('',(65.910160100446,39.826283329448,
    29.128752220367));
#1563 = ORIENTED_EDGE('',*,*,#1564,.F.);
#1564 = EDGE_CURVE('',#1528,#1558,#1565,.T.);
#1565 = LINE('',#1566,#1567);
#1566 = CARTESIAN_POINT('',(77.744000243975,39.962791398173,
    29.732153417396));
#1567 = VECTOR('',#1568,1.);
#1568 = DIRECTION('',(-0.998636299032,-1.151966824681E-02,
    -5.091993223875E-02));
#1569 = ORIENTED_EDGE('',*,*,#1527,.F.);
#1570 = B_SPLINE_SURFACE_WITH_KNOTS('',1,1,(
    (#1571,#1572)
    ,(#1573,#1574
    )),.UNSPECIFIED.,.F.,.F.,.F.,(2,2),(2,2),(0.,18.16),(0.,1.),
  .PIECEWISE_BEZIER_KNOTS.);
#1571 = CARTESIAN_POINT('',(81.290425203617,40.550903874852,
    22.007014364381));
#1572 = CARTESIAN_POINT('',(77.744000243975,39.962791398173,
    29.732153417396));
#1573 = CARTESIAN_POINT('',(63.155190013196,40.341706699489,
    21.082308394926));
#1574 = CARTESIAN_POINT('',(65.910160100446,39.826283329448,
    29.128752220367));
#1575 = ADVANCED_FACE('',(#1576),#1592,.T.);
#1576 = FACE_BOUND('',#1577,.T.);
#1577 = EDGE_LOOP('',(#1578,#1584,#1585,#1591));
#1578 = ORIENTED_EDGE('',*,*,#1579,.T.);
#1579 = EDGE_CURVE('',#1550,#1482,#1580,.T.);
#1580 = LINE('',#1581,#1582);
#1581 = CARTESIAN_POINT('',(63.155190013196,40.341706699489,
    21.082308394926));
#1582 = VECTOR('',#1583,1.);
#1583 = DIRECTION('',(5.212554049595E-03,-0.992479299724,0.122301549045)
  );
#1584 = ORIENTED_EDGE('',*,*,#1506,.T.);
#1585 = ORIENTED_EDGE('',*,*,#1586,.F.);
#1586 = EDGE_CURVE('',#1558,#1499,#1587,.T.);
#1587 = LINE('',#1588,#1589);
#1588 = CARTESIAN_POINT('',(65.910160100446,39.826283329448,
    29.128752220367));
#1589 = VECTOR('',#1590,1.);
#1590 = DIRECTION('',(7.473439091874E-03,-0.996850545444,
    7.895022327556E-02));
#1591 = ORIENTED_EDGE('',*,*,#1557,.F.);
#1592 = B_SPLINE_SURFACE_WITH_KNOTS('',1,1,(
    (#1593,#1594)
    ,(#1595,#1596
    )),.UNSPECIFIED.,.F.,.F.,.F.,(2,2),(2,2),(0.,18.16),(0.,1.),
  .PIECEWISE_BEZIER_KNOTS.);
#1593 = CARTESIAN_POINT('',(63.155190013196,40.341706699489,
    21.082308394926));
#1594 = CARTESIAN_POINT('',(65.910160100446,39.826283329448,
    29.128752220367));
#1595 = CARTESIAN_POINT('',(63.249849994737,22.318282616494,
    23.303304525582));
#1596 = CARTESIAN_POINT('',(66.019675483129,25.218487959772,
    30.285684632422));
#1597 = ADVANCED_FACE('',(#1598),#1604,.T.);
#1598 = FACE_BOUND('',#1599,.F.);
#1599 = EDGE_LOOP('',(#1600,#1601,#1602,#1603));
#1600 = ORIENTED_EDGE('',*,*,#1481,.T.);
#1601 = ORIENTED_EDGE('',*,*,#1519,.T.);
#1602 = ORIENTED_EDGE('',*,*,#1549,.T.);
#1603 = ORIENTED_EDGE('',*,*,#1579,.T.);
#1604 = PLANE('',#1605);
#1605 = AXIS2_PLACEMENT_3D('',#1606,#1607,#1608);
#1606 = CARTESIAN_POINT('',(63.249849994737,22.318282616494,
    23.303304525582));
#1607 = DIRECTION('',(5.19458519614E-02,-0.121869343405,-0.991185901636)
  );
#1608 = DIRECTION('',(0.702456666669,0.709934478557,-5.047442529573E-02)
  );
#1609 = ADVANCED_FACE('',(#1610),#1616,.F.);
#1610 = FACE_BOUND('',#1611,.T.);
#1611 = EDGE_LOOP('',(#1612,#1613,#1614,#1615));
#1612 = ORIENTED_EDGE('',*,*,#1498,.T.);
#1613 = ORIENTED_EDGE('',*,*,#1534,.T.);
#1614 = ORIENTED_EDGE('',*,*,#1564,.T.);
#1615 = ORIENTED_EDGE('',*,*,#1586,.T.);
#1616 = PLANE('',#1617);
#1617 = AXIS2_PLACEMENT_3D('',#1618,#1619,#1620);
#1618 = CARTESIAN_POINT('',(66.019675483129,25.218487959772,
    30.285684632422));
#1619 = DIRECTION('',(5.166904260634E-02,-7.84620117675E-02,
    -0.99557723093));
#1620 = DIRECTION('',(0.622121779236,0.782369345425,-2.937174049499E-02)
  );
#1621 = MANIFOLD_SOLID_BREP('',#1622);
#1622 = CLOSED_SHELL('',(#1623,#1661,#1691,#1721,#1743,#1755));
#1623 = ADVANCED_FACE('',(#1624),#1656,.T.);
#1624 = FACE_BOUND('',#1625,.T.);
#1625 = EDGE_LOOP('',(#1626,#1636,#1643,#1651));
#1626 = ORIENTED_EDGE('',*,*,#1627,.T.);
#1627 = EDGE_CURVE('',#1628,#1630,#1632,.T.);
#1628 = VERTEX_POINT('',#1629);
#1629 = CARTESIAN_POINT('',(83.878436408754,22.601008688857,
    24.349640892475));
#1630 = VERTEX_POINT('',#1631);
#1631 = CARTESIAN_POINT('',(101.9901124821,23.639207577814,
    25.171183880338));
#1632 = LINE('',#1633,#1634);
#1633 = CARTESIAN_POINT('',(83.878436408754,22.601008688857,
    24.349640892475));
#1634 = VECTOR('',#1635,1.);
#1635 = DIRECTION('',(0.997338990823,5.716954234345E-02,
    4.523915131406E-02));
#1636 = ORIENTED_EDGE('',*,*,#1637,.T.);
#1637 = EDGE_CURVE('',#1630,#1638,#1640,.T.);
#1638 = VERTEX_POINT('',#1639);
#1639 = CARTESIAN_POINT('',(98.370296883444,26.319520718791,
    31.845733507369));
#1640 = B_SPLINE_CURVE_WITH_KNOTS('',1,(#1641,#1642),.UNSPECIFIED.,.F.,
  .F.,(2,2),(0.,1.),.PIECEWISE_BEZIER_KNOTS.);
#1641 = CARTESIAN_POINT('',(101.9901124821,23.639207577814,
    25.171183880338));
#1642 = CARTESIAN_POINT('',(98.370296883444,26.319520718791,
    31.845733507369));
#1643 = ORIENTED_EDGE('',*,*,#1644,.F.);
#1644 = EDGE_CURVE('',#1645,#1638,#1647,.T.);
#1645 = VERTEX_POINT('',#1646);
#1646 = CARTESIAN_POINT('',(86.551829842187,25.642061642021,
    31.309649564298));
#1647 = LINE('',#1648,#1649);
#1648 = CARTESIAN_POINT('',(86.551829842187,25.642061642021,
    31.309649564298));
#1649 = VECTOR('',#1650,1.);
#1650 = DIRECTION('',(0.997338990823,5.716954234345E-02,
    4.523915131406E-02));
#1651 = ORIENTED_EDGE('',*,*,#1652,.F.);
#1652 = EDGE_CURVE('',#1628,#1645,#1653,.T.);
#1653 = B_SPLINE_CURVE_WITH_KNOTS('',1,(#1654,#1655),.UNSPECIFIED.,.F.,
  .F.,(2,2),(0.,1.),.PIECEWISE_BEZIER_KNOTS.);
#1654 = CARTESIAN_POINT('',(83.878436408754,22.601008688857,
    24.349640892475));
#1655 = CARTESIAN_POINT('',(86.551829842187,25.642061642021,
    31.309649564298));
#1656 = B_SPLINE_SURFACE_WITH_KNOTS('',1,1,(
    (#1657,#1658)
    ,(#1659,#1660
    )),.UNSPECIFIED.,.F.,.F.,.F.,(2,2),(2,2),(0.,18.16),(0.,1.),
  .PIECEWISE_BEZIER_KNOTS.);
#1657 = CARTESIAN_POINT('',(83.878436408754,22.601008688857,
    24.349640892475));
#1658 = CARTESIAN_POINT('',(86.551829842187,25.642061642021,
    31.309649564298));
#1659 = CARTESIAN_POINT('',(101.9901124821,23.639207577814,
    25.171183880338));
#1660 = CARTESIAN_POINT('',(98.370296883444,26.319520718791,
    31.845733507369));
#1661 = ADVANCED_FACE('',(#1662),#1686,.T.);
#1662 = FACE_BOUND('',#1663,.T.);
#1663 = EDGE_LOOP('',(#1664,#1672,#1679,#1685));
#1664 = ORIENTED_EDGE('',*,*,#1665,.T.);
#1665 = EDGE_CURVE('',#1630,#1666,#1668,.T.);
#1666 = VERTEX_POINT('',#1667);
#1667 = CARTESIAN_POINT('',(101.06118528478,41.633921307147,
    22.90999568352));
#1668 = LINE('',#1669,#1670);
#1669 = CARTESIAN_POINT('',(101.9901124821,23.639207577814,
    25.171183880338));
#1670 = VECTOR('',#1671,1.);
#1671 = DIRECTION('',(-5.115237870696E-02,0.990898333113,-0.124514768547
    ));
#1672 = ORIENTED_EDGE('',*,*,#1673,.T.);
#1673 = EDGE_CURVE('',#1666,#1674,#1676,.T.);
#1674 = VERTEX_POINT('',#1675);
#1675 = CARTESIAN_POINT('',(97.588222467778,40.904170737276,
    30.6563995618));
#1676 = B_SPLINE_CURVE_WITH_KNOTS('',1,(#1677,#1678),.UNSPECIFIED.,.F.,
  .F.,(2,2),(0.,1.),.PIECEWISE_BEZIER_KNOTS.);
#1677 = CARTESIAN_POINT('',(101.06118528478,41.633921307147,
    22.90999568352));
#1678 = CARTESIAN_POINT('',(97.588222467778,40.904170737276,
    30.6563995618));
#1679 = ORIENTED_EDGE('',*,*,#1680,.F.);
#1680 = EDGE_CURVE('',#1638,#1674,#1681,.T.);
#1681 = LINE('',#1682,#1683);
#1682 = CARTESIAN_POINT('',(98.370296883444,26.319520718791,
    31.845733507369));
#1683 = VECTOR('',#1684,1.);
#1684 = DIRECTION('',(-5.33695392156E-02,0.995271083563,
    -8.116133628331E-02));
#1685 = ORIENTED_EDGE('',*,*,#1637,.F.);
#1686 = B_SPLINE_SURFACE_WITH_KNOTS('',1,1,(
    (#1687,#1688)
    ,(#1689,#1690
    )),.UNSPECIFIED.,.F.,.F.,.F.,(2,2),(2,2),(0.,18.16),(0.,1.),
  .PIECEWISE_BEZIER_KNOTS.);
#1687 = CARTESIAN_POINT('',(101.9901124821,23.639207577814,
    25.171183880338));
#1688 = CARTESIAN_POINT('',(98.370296883444,26.319520718791,
    31.845733507369));
#1689 = CARTESIAN_POINT('',(101.06118528478,41.633921307147,
    22.90999568352));
#1690 = CARTESIAN_POINT('',(97.588222467778,40.904170737276,
    30.6563995618));
#1691 = ADVANCED_FACE('',(#1692),#1716,.T.);
#1692 = FACE_BOUND('',#1693,.T.);
#1693 = EDGE_LOOP('',(#1694,#1702,#1709,#1715));
#1694 = ORIENTED_EDGE('',*,*,#1695,.T.);
#1695 = EDGE_CURVE('',#1666,#1696,#1698,.T.);
#1696 = VERTEX_POINT('',#1697);
#1697 = CARTESIAN_POINT('',(82.949509211436,40.59572241819,
    22.088452695657));
#1698 = LINE('',#1699,#1700);
#1699 = CARTESIAN_POINT('',(101.06118528478,41.633921307147,
    22.90999568352));
#1700 = VECTOR('',#1701,1.);
#1701 = DIRECTION('',(-0.997338990823,-5.716954234345E-02,
    -4.523915131406E-02));
#1702 = ORIENTED_EDGE('',*,*,#1703,.T.);
#1703 = EDGE_CURVE('',#1696,#1704,#1706,.T.);
#1704 = VERTEX_POINT('',#1705);
#1705 = CARTESIAN_POINT('',(85.769755426521,40.226711660507,
    30.120315618729));
#1706 = B_SPLINE_CURVE_WITH_KNOTS('',1,(#1707,#1708),.UNSPECIFIED.,.F.,
  .F.,(2,2),(0.,1.),.PIECEWISE_BEZIER_KNOTS.);
#1707 = CARTESIAN_POINT('',(82.949509211436,40.59572241819,
    22.088452695657));
#1708 = CARTESIAN_POINT('',(85.769755426521,40.226711660507,
    30.120315618729));
#1709 = ORIENTED_EDGE('',*,*,#1710,.F.);
#1710 = EDGE_CURVE('',#1674,#1704,#1711,.T.);
#1711 = LINE('',#1712,#1713);
#1712 = CARTESIAN_POINT('',(97.588222467778,40.904170737276,
    30.6563995618));
#1713 = VECTOR('',#1714,1.);
#1714 = DIRECTION('',(-0.997338990823,-5.716954234345E-02,
    -4.523915131406E-02));
#1715 = ORIENTED_EDGE('',*,*,#1673,.F.);
#1716 = B_SPLINE_SURFACE_WITH_KNOTS('',1,1,(
    (#1717,#1718)
    ,(#1719,#1720
    )),.UNSPECIFIED.,.F.,.F.,.F.,(2,2),(2,2),(0.,18.16),(0.,1.),
  .PIECEWISE_BEZIER_KNOTS.);
#1717 = CARTESIAN_POINT('',(101.06118528478,41.633921307147,
    22.90999568352));
#1718 = CARTESIAN_POINT('',(97.588222467778,40.904170737276,
    30.6563995618));
#1719 = CARTESIAN_POINT('',(82.949509211436,40.59572241819,
    22.088452695657));
#1720 = CARTESIAN_POINT('',(85.769755426521,40.226711660507,
    30.120315618729));
#1721 = ADVANCED_FACE('',(#1722),#1738,.T.);
#1722 = FACE_BOUND('',#1723,.T.);
#1723 = EDGE_LOOP('',(#1724,#1730,#1731,#1737));
#1724 = ORIENTED_EDGE('',*,*,#1725,.T.);
#1725 = EDGE_CURVE('',#1696,#1628,#1726,.T.);
#1726 = LINE('',#1727,#1728);
#1727 = CARTESIAN_POINT('',(82.949509211436,40.59572241819,
    22.088452695657));
#1728 = VECTOR('',#1729,1.);
#1729 = DIRECTION('',(5.115237870696E-02,-0.990898333113,0.124514768547)
  );
#1730 = ORIENTED_EDGE('',*,*,#1652,.T.);
#1731 = ORIENTED_EDGE('',*,*,#1732,.F.);
#1732 = EDGE_CURVE('',#1704,#1645,#1733,.T.);
#1733 = LINE('',#1734,#1735);
#1734 = CARTESIAN_POINT('',(85.769755426521,40.226711660507,
    30.120315618729));
#1735 = VECTOR('',#1736,1.);
#1736 = DIRECTION('',(5.33695392156E-02,-0.995271083563,
    8.116133628331E-02));
#1737 = ORIENTED_EDGE('',*,*,#1703,.F.);
#1738 = B_SPLINE_SURFACE_WITH_KNOTS('',1,1,(
    (#1739,#1740)
    ,(#1741,#1742
    )),.UNSPECIFIED.,.F.,.F.,.F.,(2,2),(2,2),(0.,18.16),(0.,1.),
  .PIECEWISE_BEZIER_KNOTS.);
#1739 = CARTESIAN_POINT('',(82.949509211436,40.59572241819,
    22.088452695657));
#1740 = CARTESIAN_POINT('',(85.769755426521,40.226711660507,
    30.120315618729));
#1741 = CARTESIAN_POINT('',(83.878436408754,22.601008688857,
    24.349640892475));
#1742 = CARTESIAN_POINT('',(86.551829842187,25.642061642021,
    31.309649564298));
#1743 = ADVANCED_FACE('',(#1744),#1750,.T.);
#1744 = FACE_BOUND('',#1745,.F.);
#1745 = EDGE_LOOP('',(#1746,#1747,#1748,#1749));
#1746 = ORIENTED_EDGE('',*,*,#1627,.T.);
#1747 = ORIENTED_EDGE('',*,*,#1665,.T.);
#1748 = ORIENTED_EDGE('',*,*,#1695,.T.);
#1749 = ORIENTED_EDGE('',*,*,#1725,.T.);
#1750 = PLANE('',#1751);
#1751 = AXIS2_PLACEMENT_3D('',#1752,#1753,#1754);
#1752 = CARTESIAN_POINT('',(83.878436408754,22.601008688857,
    24.349640892475));
#1753 = DIRECTION('',(5.19458519614E-02,-0.121869343405,-0.991185901636)
  );
#1754 = DIRECTION('',(0.669054969695,0.741095901879,-5.605632652835E-02)
  );
#1755 = ADVANCED_FACE('',(#1756),#1762,.F.);
#1756 = FACE_BOUND('',#1757,.T.);
#1757 = EDGE_LOOP('',(#1758,#1759,#1760,#1761));
#1758 = ORIENTED_EDGE('',*,*,#1644,.T.);
#1759 = ORIENTED_EDGE('',*,*,#1680,.T.);
#1760 = ORIENTED_EDGE('',*,*,#1710,.T.);
#1761 = ORIENTED_EDGE('',*,*,#1732,.T.);
#1762 = PLANE('',#1763);
#1763 = AXIS2_PLACEMENT_3D('',#1764,#1765,#1766);
#1764 = CARTESIAN_POINT('',(86.551829842187,25.642061642021,
    31.309649564298));
#1765 = DIRECTION('',(4.966517559912E-02,-7.853097256254E-02,
    -0.995673770208));
#1766 = DIRECTION('',(0.585618392243,0.809845399109,-3.466306692533E-02)
  );
#1767 = MANIFOLD_SOLID_BREP('',#1768);
#1768 = CLOSED_SHELL('',(#1769,#1807,#1837,#1867,#1889,#1901));
#1769 = ADVANCED_FACE('',(#1770),#1802,.T.);
#1770 = FACE_BOUND('',#1771,.T.);
#1771 = EDGE_LOOP('',(#1772,#1782,#1789,#1797));
#1772 = ORIENTED_EDGE('',*,*,#1773,.T.);
#1773 = EDGE_CURVE('',#1774,#1776,#1778,.T.);
#1774 = VERTEX_POINT('',#1775);
#1775 = CARTESIAN_POINT('',(105.40699999217,23.90187688515,
    25.317959370697));
#1776 = VERTEX_POINT('',#1777);
#1777 = CARTESIAN_POINT('',(123.45577238862,25.776891255265,
    26.033316689298));
#1778 = LINE('',#1779,#1780);
#1779 = CARTESIAN_POINT('',(105.40699999217,23.90187688515,
    25.317959370697));
#1780 = VECTOR('',#1781,1.);
#1781 = DIRECTION('',(0.993875131963,0.103249689984,3.939192283046E-02)
  );
#1782 = ORIENTED_EDGE('',*,*,#1783,.T.);
#1783 = EDGE_CURVE('',#1776,#1784,#1786,.T.);
#1784 = VERTEX_POINT('',#1785);
#1785 = CARTESIAN_POINT('',(119.75364821759,28.304310025095,
    32.722351538206));
#1786 = B_SPLINE_CURVE_WITH_KNOTS('',1,(#1787,#1788),.UNSPECIFIED.,.F.,
  .F.,(2,2),(0.,1.),.PIECEWISE_BEZIER_KNOTS.);
#1787 = CARTESIAN_POINT('',(123.45577238862,25.776891255265,
    26.033316689298));
#1788 = CARTESIAN_POINT('',(119.75364821759,28.304310025095,
    32.722351538206));
#1789 = ORIENTED_EDGE('',*,*,#1790,.F.);
#1790 = EDGE_CURVE('',#1791,#1784,#1793,.T.);
#1791 = VERTEX_POINT('',#1792);
#1792 = CARTESIAN_POINT('',(107.97622790383,27.080801198781,
    32.255557252665));
#1793 = LINE('',#1794,#1795);
#1794 = CARTESIAN_POINT('',(107.97622790383,27.080801198781,
    32.255557252665));
#1795 = VECTOR('',#1796,1.);
#1796 = DIRECTION('',(0.993875131963,0.103249689984,3.939192283046E-02)
  );
#1797 = ORIENTED_EDGE('',*,*,#1798,.F.);
#1798 = EDGE_CURVE('',#1774,#1791,#1799,.T.);
#1799 = B_SPLINE_CURVE_WITH_KNOTS('',1,(#1800,#1801),.UNSPECIFIED.,.F.,
  .F.,(2,2),(0.,1.),.PIECEWISE_BEZIER_KNOTS.);
#1800 = CARTESIAN_POINT('',(105.40699999217,23.90187688515,
    25.317959370697));
#1801 = CARTESIAN_POINT('',(107.97622790383,27.080801198781,
    32.255557252665));
#1802 = B_SPLINE_SURFACE_WITH_KNOTS('',1,1,(
    (#1803,#1804)
    ,(#1805,#1806
    )),.UNSPECIFIED.,.F.,.F.,.F.,(2,2),(2,2),(0.,18.16),(0.,1.),
  .PIECEWISE_BEZIER_KNOTS.);
#1803 = CARTESIAN_POINT('',(105.40699999217,23.90187688515,
    25.317959370697));
#1804 = CARTESIAN_POINT('',(107.97622790383,27.080801198781,
    32.255557252665));
#1805 = CARTESIAN_POINT('',(123.45577238862,25.776891255265,
    26.033316689298));
#1806 = CARTESIAN_POINT('',(119.75364821759,28.304310025095,
    32.722351538206));
#1807 = ADVANCED_FACE('',(#1808),#1832,.T.);
#1808 = FACE_BOUND('',#1809,.T.);
#1809 = EDGE_LOOP('',(#1810,#1818,#1825,#1831));
#1810 = ORIENTED_EDGE('',*,*,#1811,.T.);
#1811 = EDGE_CURVE('',#1776,#1812,#1814,.T.);
#1812 = VERTEX_POINT('',#1813);
#1813 = CARTESIAN_POINT('',(121.68446470631,43.703739841828,
    23.736325429179));
#1814 = LINE('',#1815,#1816);
#1815 = CARTESIAN_POINT('',(123.45577238862,25.776891255265,
    26.033316689298));
#1816 = VECTOR('',#1817,1.);
#1817 = DIRECTION('',(-9.753896928991E-02,0.98716126578,-0.12648630287)
  );
#1818 = ORIENTED_EDGE('',*,*,#1819,.T.);
#1819 = EDGE_CURVE('',#1812,#1820,#1822,.T.);
#1820 = VERTEX_POINT('',#1821);
#1821 = CARTESIAN_POINT('',(118.29247411579,42.834249377823,
    31.504154330153));
#1822 = B_SPLINE_CURVE_WITH_KNOTS('',1,(#1823,#1824),.UNSPECIFIED.,.F.,
  .F.,(2,2),(0.,1.),.PIECEWISE_BEZIER_KNOTS.);
#1823 = CARTESIAN_POINT('',(121.68446470631,43.703739841828,
    23.736325429179));
#1824 = CARTESIAN_POINT('',(118.29247411579,42.834249377823,
    31.504154330153));
#1825 = ORIENTED_EDGE('',*,*,#1826,.F.);
#1826 = EDGE_CURVE('',#1784,#1820,#1827,.T.);
#1827 = LINE('',#1828,#1829);
#1828 = CARTESIAN_POINT('',(119.75364821759,28.304310025095,
    32.722351538206));
#1829 = VECTOR('',#1830,1.);
#1830 = DIRECTION('',(-9.971198004274E-02,0.99153757309,
    -8.31309941422E-02));
#1831 = ORIENTED_EDGE('',*,*,#1783,.F.);
#1832 = B_SPLINE_SURFACE_WITH_KNOTS('',1,1,(
    (#1833,#1834)
    ,(#1835,#1836
    )),.UNSPECIFIED.,.F.,.F.,.F.,(2,2),(2,2),(0.,18.16),(0.,1.),
  .PIECEWISE_BEZIER_KNOTS.);
#1833 = CARTESIAN_POINT('',(123.45577238862,25.776891255265,
    26.033316689298));
#1834 = CARTESIAN_POINT('',(119.75364821759,28.304310025095,
    32.722351538206));
#1835 = CARTESIAN_POINT('',(121.68446470631,43.703739841828,
    23.736325429179));
#1836 = CARTESIAN_POINT('',(118.29247411579,42.834249377823,
    31.504154330153));
#1837 = ADVANCED_FACE('',(#1838),#1862,.T.);
#1838 = FACE_BOUND('',#1839,.T.);
#1839 = EDGE_LOOP('',(#1840,#1848,#1855,#1861));
#1840 = ORIENTED_EDGE('',*,*,#1841,.T.);
#1841 = EDGE_CURVE('',#1812,#1842,#1844,.T.);
#1842 = VERTEX_POINT('',#1843);
#1843 = CARTESIAN_POINT('',(103.63569230987,41.828725471713,
    23.020968110578));
#1844 = LINE('',#1845,#1846);
#1845 = CARTESIAN_POINT('',(121.68446470631,43.703739841828,
    23.736325429179));
#1846 = VECTOR('',#1847,1.);
#1847 = DIRECTION('',(-0.993875131963,-0.103249689984,
    -3.939192283046E-02));
#1848 = ORIENTED_EDGE('',*,*,#1849,.T.);
#1849 = EDGE_CURVE('',#1842,#1850,#1852,.T.);
#1850 = VERTEX_POINT('',#1851);
#1851 = CARTESIAN_POINT('',(106.51505380203,41.610740551509,
    31.037360044612));
#1852 = B_SPLINE_CURVE_WITH_KNOTS('',1,(#1853,#1854),.UNSPECIFIED.,.F.,
  .F.,(2,2),(0.,1.),.PIECEWISE_BEZIER_KNOTS.);
#1853 = CARTESIAN_POINT('',(103.63569230987,41.828725471713,
    23.020968110578));
#1854 = CARTESIAN_POINT('',(106.51505380203,41.610740551509,
    31.037360044612));
#1855 = ORIENTED_EDGE('',*,*,#1856,.F.);
#1856 = EDGE_CURVE('',#1820,#1850,#1857,.T.);
#1857 = LINE('',#1858,#1859);
#1858 = CARTESIAN_POINT('',(118.29247411579,42.834249377823,
    31.504154330153));
#1859 = VECTOR('',#1860,1.);
#1860 = DIRECTION('',(-0.993875131963,-0.103249689984,
    -3.939192283046E-02));
#1861 = ORIENTED_EDGE('',*,*,#1819,.F.);
#1862 = B_SPLINE_SURFACE_WITH_KNOTS('',1,1,(
    (#1863,#1864)
    ,(#1865,#1866
    )),.UNSPECIFIED.,.F.,.F.,.F.,(2,2),(2,2),(0.,18.16),(0.,1.),
  .PIECEWISE_BEZIER_KNOTS.);
#1863 = CARTESIAN_POINT('',(121.68446470631,43.703739841828,
    23.736325429179));
#1864 = CARTESIAN_POINT('',(118.29247411579,42.834249377823,
    31.504154330153));
#1865 = CARTESIAN_POINT('',(103.63569230987,41.828725471713,
    23.020968110578));
#1866 = CARTESIAN_POINT('',(106.51505380203,41.610740551509,
    31.037360044612));
#1867 = ADVANCED_FACE('',(#1868),#1884,.T.);
#1868 = FACE_BOUND('',#1869,.T.);
#1869 = EDGE_LOOP('',(#1870,#1876,#1877,#1883));
#1870 = ORIENTED_EDGE('',*,*,#1871,.T.);
#1871 = EDGE_CURVE('',#1842,#1774,#1872,.T.);
#1872 = LINE('',#1873,#1874);
#1873 = CARTESIAN_POINT('',(103.63569230987,41.828725471713,
    23.020968110578));
#1874 = VECTOR('',#1875,1.);
#1875 = DIRECTION('',(9.753896928991E-02,-0.98716126578,0.12648630287));
#1876 = ORIENTED_EDGE('',*,*,#1798,.T.);
#1877 = ORIENTED_EDGE('',*,*,#1878,.F.);
#1878 = EDGE_CURVE('',#1850,#1791,#1879,.T.);
#1879 = LINE('',#1880,#1881);
#1880 = CARTESIAN_POINT('',(106.51505380203,41.610740551509,
    31.037360044612));
#1881 = VECTOR('',#1882,1.);
#1882 = DIRECTION('',(9.971198004274E-02,-0.99153757309,
    8.31309941422E-02));
#1883 = ORIENTED_EDGE('',*,*,#1849,.F.);
#1884 = B_SPLINE_SURFACE_WITH_KNOTS('',1,1,(
    (#1885,#1886)
    ,(#1887,#1888
    )),.UNSPECIFIED.,.F.,.F.,.F.,(2,2),(2,2),(0.,18.16),(0.,1.),
  .PIECEWISE_BEZIER_KNOTS.);
#1885 = CARTESIAN_POINT('',(103.63569230987,41.828725471713,
    23.020968110578));
#1886 = CARTESIAN_POINT('',(106.51505380203,41.610740551509,
    31.037360044612));
#1887 = CARTESIAN_POINT('',(105.40699999217,23.90187688515,
    25.317959370697));
#1888 = CARTESIAN_POINT('',(107.97622790383,27.080801198781,
    32.255557252665));
#1889 = ADVANCED_FACE('',(#1890),#1896,.T.);
#1890 = FACE_BOUND('',#1891,.F.);
#1891 = EDGE_LOOP('',(#1892,#1893,#1894,#1895));
#1892 = ORIENTED_EDGE('',*,*,#1773,.T.);
#1893 = ORIENTED_EDGE('',*,*,#1811,.T.);
#1894 = ORIENTED_EDGE('',*,*,#1841,.T.);
#1895 = ORIENTED_EDGE('',*,*,#1871,.T.);
#1896 = PLANE('',#1897);
#1897 = AXIS2_PLACEMENT_3D('',#1898,#1899,#1900);
#1898 = CARTESIAN_POINT('',(105.40699999217,23.90187688515,
    25.317959370697));
#1899 = DIRECTION('',(5.19458519614E-02,-0.121869343405,-0.991185901636)
  );
#1900 = DIRECTION('',(0.633805378849,0.771036981101,-6.158502672919E-02)
  );
#1901 = ADVANCED_FACE('',(#1902),#1908,.F.);
#1902 = FACE_BOUND('',#1903,.T.);
#1903 = EDGE_LOOP('',(#1904,#1905,#1906,#1907));
#1904 = ORIENTED_EDGE('',*,*,#1790,.T.);
#1905 = ORIENTED_EDGE('',*,*,#1826,.T.);
#1906 = ORIENTED_EDGE('',*,*,#1856,.T.);
#1907 = ORIENTED_EDGE('',*,*,#1878,.T.);
#1908 = PLANE('',#1909);
#1909 = AXIS2_PLACEMENT_3D('',#1910,#1911,#1912);
#1910 = CARTESIAN_POINT('',(107.97622790383,27.080801198781,
    32.255557252665));
#1911 = DIRECTION('',(4.764182093592E-02,-7.869398115015E-02,
    -0.995759767328));
#1912 = DIRECTION('',(0.547405635662,0.835917070719,-3.987130454094E-02)
  );
#1913 = MANIFOLD_SOLID_BREP('',#1914);
#1914 = CLOSED_SHELL('',(#1915,#1953,#1983,#2013,#2035,#2047));
#1915 = ADVANCED_FACE('',(#1916),#1948,.T.);
#1916 = FACE_BOUND('',#1917,.T.);
#1917 = EDGE_LOOP('',(#1918,#1928,#1935,#1943));
#1918 = ORIENTED_EDGE('',*,*,#1919,.T.);
#1919 = EDGE_CURVE('',#1920,#1922,#1924,.T.);
#1920 = VERTEX_POINT('',#1921);
#1921 = CARTESIAN_POINT('',(125.86913062435,26.041576231589,
    26.127251606265));
#1922 = VERTEX_POINT('',#1923);
#1923 = CARTESIAN_POINT('',(143.90077986488,28.082023193076,
    26.821371094329));
#1924 = LINE('',#1925,#1926);
#1925 = CARTESIAN_POINT('',(125.86913062435,26.041576231589,
    26.127251606265));
#1926 = VECTOR('',#1927,1.);
#1927 = DIRECTION('',(0.992932226902,0.112359414179,3.822243877002E-02)
  );
#1928 = ORIENTED_EDGE('',*,*,#1929,.T.);
#1929 = EDGE_CURVE('',#1922,#1930,#1932,.T.);
#1930 = VERTEX_POINT('',#1931);
#1931 = CARTESIAN_POINT('',(140.18319493089,30.578700141534,
    33.513375480108));
#1932 = B_SPLINE_CURVE_WITH_KNOTS('',1,(#1933,#1934),.UNSPECIFIED.,.F.,
  .F.,(2,2),(0.,1.),.PIECEWISE_BEZIER_KNOTS.);
#1933 = CARTESIAN_POINT('',(143.90077986488,28.082023193076,
    26.821371094329));
#1934 = CARTESIAN_POINT('',(140.18319493089,30.578700141534,
    33.513375480108));
#1935 = ORIENTED_EDGE('',*,*,#1936,.F.);
#1936 = EDGE_CURVE('',#1937,#1930,#1939,.T.);
#1937 = VERTEX_POINT('',#1938);
#1938 = CARTESIAN_POINT('',(128.4169480421,29.247241083515,
    33.060439580684));
#1939 = LINE('',#1940,#1941);
#1940 = CARTESIAN_POINT('',(128.4169480421,29.247241083515,
    33.060439580684));
#1941 = VECTOR('',#1942,1.);
#1942 = DIRECTION('',(0.992932226902,0.112359414179,3.822243877002E-02)
  );
#1943 = ORIENTED_EDGE('',*,*,#1944,.F.);
#1944 = EDGE_CURVE('',#1920,#1937,#1945,.T.);
#1945 = B_SPLINE_CURVE_WITH_KNOTS('',1,(#1946,#1947),.UNSPECIFIED.,.F.,
  .F.,(2,2),(0.,1.),.PIECEWISE_BEZIER_KNOTS.);
#1946 = CARTESIAN_POINT('',(125.86913062435,26.041576231589,
    26.127251606265));
#1947 = CARTESIAN_POINT('',(128.4169480421,29.247241083515,
    33.060439580684));
#1948 = B_SPLINE_SURFACE_WITH_KNOTS('',1,1,(
    (#1949,#1950)
    ,(#1951,#1952
    )),.UNSPECIFIED.,.F.,.F.,.F.,(2,2),(2,2),(0.,18.16),(0.,1.),
  .PIECEWISE_BEZIER_KNOTS.);
#1949 = CARTESIAN_POINT('',(125.86913062435,26.041576231589,
    26.127251606265));
#1950 = CARTESIAN_POINT('',(128.4169480421,29.247241083515,
    33.060439580684));
#1951 = CARTESIAN_POINT('',(143.90077986488,28.082023193076,
    26.821371094329));
#1952 = CARTESIAN_POINT('',(140.18319493089,30.578700141534,
    33.513375480108));
#1953 = ADVANCED_FACE('',(#1954),#1978,.T.);
#1954 = FACE_BOUND('',#1955,.T.);
#1955 = EDGE_LOOP('',(#1956,#1964,#1971,#1977));
#1956 = ORIENTED_EDGE('',*,*,#1957,.T.);
#1957 = EDGE_CURVE('',#1922,#1958,#1960,.T.);
#1958 = VERTEX_POINT('',#1959);
#1959 = CARTESIAN_POINT('',(141.96290948988,45.990796331709,
    24.517873085077));
#1960 = LINE('',#1961,#1962);
#1961 = CARTESIAN_POINT('',(143.90077986488,28.082023193076,
    26.821371094329));
#1962 = VECTOR('',#1963,1.);
#1963 = DIRECTION('',(-0.106710923734,0.986165921731,-0.126844604034));
#1964 = ORIENTED_EDGE('',*,*,#1965,.T.);
#1965 = EDGE_CURVE('',#1958,#1966,#1968,.T.);
#1966 = VERTEX_POINT('',#1967);
#1967 = CARTESIAN_POINT('',(138.58774341603,45.094067657385,
    32.289932743018));
#1968 = B_SPLINE_CURVE_WITH_KNOTS('',1,(#1969,#1970),.UNSPECIFIED.,.F.,
  .F.,(2,2),(0.,1.),.PIECEWISE_BEZIER_KNOTS.);
#1969 = CARTESIAN_POINT('',(141.96290948988,45.990796331709,
    24.517873085077));
#1970 = CARTESIAN_POINT('',(138.58774341603,45.094067657385,
    32.289932743018));
#1971 = ORIENTED_EDGE('',*,*,#1972,.F.);
#1972 = EDGE_CURVE('',#1930,#1966,#1973,.T.);
#1973 = LINE('',#1974,#1975);
#1974 = CARTESIAN_POINT('',(140.18319493089,30.578700141534,
    33.513375480108));
#1975 = VECTOR('',#1976,1.);
#1976 = DIRECTION('',(-0.108875204818,0.990543176388,-8.348895428262E-02
    ));
#1977 = ORIENTED_EDGE('',*,*,#1929,.F.);
#1978 = B_SPLINE_SURFACE_WITH_KNOTS('',1,1,(
    (#1979,#1980)
    ,(#1981,#1982
    )),.UNSPECIFIED.,.F.,.F.,.F.,(2,2),(2,2),(0.,18.16),(0.,1.),
  .PIECEWISE_BEZIER_KNOTS.);
#1979 = CARTESIAN_POINT('',(143.90077986488,28.082023193076,
    26.821371094329));
#1980 = CARTESIAN_POINT('',(140.18319493089,30.578700141534,
    33.513375480108));
#1981 = CARTESIAN_POINT('',(141.96290948988,45.990796331709,
    24.517873085077));
#1982 = CARTESIAN_POINT('',(138.58774341603,45.094067657385,
    32.289932743018));
#1983 = ADVANCED_FACE('',(#1984),#2008,.T.);
#1984 = FACE_BOUND('',#1985,.T.);
#1985 = EDGE_LOOP('',(#1986,#1994,#2001,#2007));
#1986 = ORIENTED_EDGE('',*,*,#1987,.T.);
#1987 = EDGE_CURVE('',#1958,#1988,#1990,.T.);
#1988 = VERTEX_POINT('',#1989);
#1989 = CARTESIAN_POINT('',(123.93126024934,43.950349370223,
    23.823753597013));
#1990 = LINE('',#1991,#1992);
#1991 = CARTESIAN_POINT('',(141.96290948988,45.990796331709,
    24.517873085077));
#1992 = VECTOR('',#1993,1.);
#1993 = DIRECTION('',(-0.992932226902,-0.112359414179,
    -3.822243877002E-02));
#1994 = ORIENTED_EDGE('',*,*,#1995,.T.);
#1995 = EDGE_CURVE('',#1988,#1996,#1998,.T.);
#1996 = VERTEX_POINT('',#1997);
#1997 = CARTESIAN_POINT('',(126.82149652724,43.762608599367,
    31.836996843593));
#1998 = B_SPLINE_CURVE_WITH_KNOTS('',1,(#1999,#2000),.UNSPECIFIED.,.F.,
  .F.,(2,2),(0.,1.),.PIECEWISE_BEZIER_KNOTS.);
#1999 = CARTESIAN_POINT('',(123.93126024934,43.950349370223,
    23.823753597013));
#2000 = CARTESIAN_POINT('',(126.82149652724,43.762608599367,
    31.836996843593));
#2001 = ORIENTED_EDGE('',*,*,#2002,.F.);
#2002 = EDGE_CURVE('',#1966,#1996,#2003,.T.);
#2003 = LINE('',#2004,#2005);
#2004 = CARTESIAN_POINT('',(138.58774341603,45.094067657385,
    32.289932743018));
#2005 = VECTOR('',#2006,1.);
#2006 = DIRECTION('',(-0.992932226902,-0.112359414179,
    -3.822243877002E-02));
#2007 = ORIENTED_EDGE('',*,*,#1965,.F.);
#2008 = B_SPLINE_SURFACE_WITH_KNOTS('',1,1,(
    (#2009,#2010)
    ,(#2011,#2012
    )),.UNSPECIFIED.,.F.,.F.,.F.,(2,2),(2,2),(0.,18.16),(0.,1.),
  .PIECEWISE_BEZIER_KNOTS.);
#2009 = CARTESIAN_POINT('',(141.96290948988,45.990796331709,
    24.517873085077));
#2010 = CARTESIAN_POINT('',(138.58774341603,45.094067657385,
    32.289932743018));
#2011 = CARTESIAN_POINT('',(123.93126024934,43.950349370223,
    23.823753597013));
#2012 = CARTESIAN_POINT('',(126.82149652724,43.762608599367,
    31.836996843593));
#2013 = ADVANCED_FACE('',(#2014),#2030,.T.);
#2014 = FACE_BOUND('',#2015,.T.);
#2015 = EDGE_LOOP('',(#2016,#2022,#2023,#2029));
#2016 = ORIENTED_EDGE('',*,*,#2017,.T.);
#2017 = EDGE_CURVE('',#1988,#1920,#2018,.T.);
#2018 = LINE('',#2019,#2020);
#2019 = CARTESIAN_POINT('',(123.93126024934,43.950349370223,
    23.823753597013));
#2020 = VECTOR('',#2021,1.);
#2021 = DIRECTION('',(0.106710923734,-0.986165921731,0.126844604034));
#2022 = ORIENTED_EDGE('',*,*,#1944,.T.);
#2023 = ORIENTED_EDGE('',*,*,#2024,.F.);
#2024 = EDGE_CURVE('',#1996,#1937,#2025,.T.);
#2025 = LINE('',#2026,#2027);
#2026 = CARTESIAN_POINT('',(126.82149652724,43.762608599367,
    31.836996843593));
#2027 = VECTOR('',#2028,1.);
#2028 = DIRECTION('',(0.108875204818,-0.990543176388,8.348895428262E-02)
  );
#2029 = ORIENTED_EDGE('',*,*,#1995,.F.);
#2030 = B_SPLINE_SURFACE_WITH_KNOTS('',1,1,(
    (#2031,#2032)
    ,(#2033,#2034
    )),.UNSPECIFIED.,.F.,.F.,.F.,(2,2),(2,2),(0.,18.16),(0.,1.),
  .PIECEWISE_BEZIER_KNOTS.);
#2031 = CARTESIAN_POINT('',(123.93126024934,43.950349370223,
    23.823753597013));
#2032 = CARTESIAN_POINT('',(126.82149652724,43.762608599367,
    31.836996843593));
#2033 = CARTESIAN_POINT('',(125.86913062435,26.041576231589,
    26.127251606265));
#2034 = CARTESIAN_POINT('',(128.4169480421,29.247241083515,
    33.060439580684));
#2035 = ADVANCED_FACE('',(#2036),#2042,.T.);
#2036 = FACE_BOUND('',#2037,.F.);
#2037 = EDGE_LOOP('',(#2038,#2039,#2040,#2041));
#2038 = ORIENTED_EDGE('',*,*,#1919,.T.);
#2039 = ORIENTED_EDGE('',*,*,#1957,.T.);
#2040 = ORIENTED_EDGE('',*,*,#1987,.T.);
#2041 = ORIENTED_EDGE('',*,*,#2017,.T.);
#2042 = PLANE('',#2043);
#2043 = AXIS2_PLACEMENT_3D('',#2044,#2045,#2046);
#2044 = CARTESIAN_POINT('',(125.86913062435,26.041576231589,
    26.127251606265));
#2045 = DIRECTION('',(5.19458519614E-02,-0.121869343405,-0.991185901636)
  );
#2046 = DIRECTION('',(0.626653093102,0.776774714327,-6.26653340214E-02)
  );
#2047 = ADVANCED_FACE('',(#2048),#2054,.F.);
#2048 = FACE_BOUND('',#2049,.T.);
#2049 = EDGE_LOOP('',(#2050,#2051,#2052,#2053));
#2050 = ORIENTED_EDGE('',*,*,#1936,.T.);
#2051 = ORIENTED_EDGE('',*,*,#1972,.T.);
#2052 = ORIENTED_EDGE('',*,*,#2002,.T.);
#2053 = ORIENTED_EDGE('',*,*,#2024,.T.);
#2054 = PLANE('',#2055);
#2055 = AXIS2_PLACEMENT_3D('',#2056,#2057,#2058);
#2056 = CARTESIAN_POINT('',(128.4169480421,29.247241083515,
    33.060439580684));
#2057 = DIRECTION('',(4.724174590213E-02,-7.873739744779E-02,
    -0.995775396205));
#2058 = DIRECTION('',(0.539687653092,0.840871960175,-4.088500570736E-02)
  );
#2059 = MANIFOLD_SOLID_BREP('',#2060);
#2060 = CLOSED_SHELL('',(#2061,#2099,#2129,#2159,#2181,#2193));
#2061 = ADVANCED_FACE('',(#2062),#2094,.T.);
#2062 = FACE_BOUND('',#2063,.T.);
#2063 = EDGE_LOOP('',(#2064,#2074,#2081,#2089));
#2064 = ORIENTED_EDGE('',*,*,#2065,.T.);
#2065 = EDGE_CURVE('',#2066,#2068,#2070,.T.);
#2066 = VERTEX_POINT('',#2067);
#2067 = CARTESIAN_POINT('',(-4.383442316925,41.221098300856,
    17.434634767019));
#2068 = VERTEX_POINT('',#2069);
#2069 = CARTESIAN_POINT('',(28.019589512024,41.221098300856,
    19.132805707212));
#2070 = LINE('',#2071,#2072);
#2071 = CARTESIAN_POINT('',(-4.383442316925,41.221098300856,
    17.434634767019));
#2072 = VECTOR('',#2073,1.);
#2073 = DIRECTION('',(0.998629534755,2.165773850982E-18,
    5.233595624294E-02));
#2074 = ORIENTED_EDGE('',*,*,#2075,.T.);
#2075 = EDGE_CURVE('',#2068,#2076,#2078,.T.);
#2076 = VERTEX_POINT('',#2077);
#2077 = CARTESIAN_POINT('',(24.574755085819,43.936313063591,
    24.580559427885));
#2078 = B_SPLINE_CURVE_WITH_KNOTS('',1,(#2079,#2080),.UNSPECIFIED.,.F.,
  .F.,(2,2),(0.,1.),.PIECEWISE_BEZIER_KNOTS.);
#2079 = CARTESIAN_POINT('',(28.019589512024,41.221098300856,
    19.132805707212));
#2080 = CARTESIAN_POINT('',(24.574755085819,43.936313063591,
    24.580559427885));
#2081 = ORIENTED_EDGE('',*,*,#2082,.F.);
#2082 = EDGE_CURVE('',#2083,#2076,#2085,.T.);
#2083 = VERTEX_POINT('',#2084);
#2084 = CARTESIAN_POINT('',(-1.526924378828,43.936313063591,
    23.212628371585));
#2085 = LINE('',#2086,#2087);
#2086 = CARTESIAN_POINT('',(-1.526924378828,43.936313063591,
    23.212628371585));
#2087 = VECTOR('',#2088,1.);
#2088 = DIRECTION('',(0.998629534755,2.165773850982E-18,
    5.233595624294E-02));
#2089 = ORIENTED_EDGE('',*,*,#2090,.F.);
#2090 = EDGE_CURVE('',#2066,#2083,#2091,.T.);
#2091 = B_SPLINE_CURVE_WITH_KNOTS('',1,(#2092,#2093),.UNSPECIFIED.,.F.,
  .F.,(2,2),(0.,1.),.PIECEWISE_BEZIER_KNOTS.);
#2092 = CARTESIAN_POINT('',(-4.383442316925,41.221098300856,
    17.434634767019));
#2093 = CARTESIAN_POINT('',(-1.526924378828,43.936313063591,
    23.212628371585));
#2094 = B_SPLINE_SURFACE_WITH_KNOTS('',1,1,(
    (#2095,#2096)
    ,(#2097,#2098
    )),.UNSPECIFIED.,.F.,.F.,.F.,(2,2),(2,2),(0.,32.4475),(0.,1.),
  .PIECEWISE_BEZIER_KNOTS.);
#2095 = CARTESIAN_POINT('',(-4.383442316925,41.221098300856,
    17.434634767019));
#2096 = CARTESIAN_POINT('',(-1.526924378828,43.936313063591,
    23.212628371585));
#2097 = CARTESIAN_POINT('',(28.019589512024,41.221098300856,
    19.132805707212));
#2098 = CARTESIAN_POINT('',(24.574755085819,43.936313063591,
    24.580559427885));
#2099 = ADVANCED_FACE('',(#2100),#2124,.T.);
#2100 = FACE_BOUND('',#2101,.T.);
#2101 = EDGE_LOOP('',(#2102,#2110,#2117,#2123));
#2102 = ORIENTED_EDGE('',*,*,#2103,.T.);
#2103 = EDGE_CURVE('',#2068,#2104,#2106,.T.);
#2104 = VERTEX_POINT('',#2105);
#2105 = CARTESIAN_POINT('',(28.135416691033,59.245736414663,
    16.922691472399));
#2106 = LINE('',#2107,#2108);
#2107 = CARTESIAN_POINT('',(28.019589512024,41.221098300856,
    19.132805707212));
#2108 = VECTOR('',#2109,1.);
#2109 = DIRECTION('',(6.378148623808E-03,0.992546151641,-0.121702325706)
  );
#2110 = ORIENTED_EDGE('',*,*,#2111,.T.);
#2111 = EDGE_CURVE('',#2104,#2112,#2114,.T.);
#2112 = VERTEX_POINT('',#2113);
#2113 = CARTESIAN_POINT('',(24.601597166554,58.623283126356,
    24.068382016412));
#2114 = B_SPLINE_CURVE_WITH_KNOTS('',1,(#2115,#2116),.UNSPECIFIED.,.F.,
  .F.,(2,2),(0.,1.),.PIECEWISE_BEZIER_KNOTS.);
#2115 = CARTESIAN_POINT('',(28.135416691033,59.245736414663,
    16.922691472399));
#2116 = CARTESIAN_POINT('',(24.601597166554,58.623283126356,
    24.068382016412));
#2117 = ORIENTED_EDGE('',*,*,#2118,.F.);
#2118 = EDGE_CURVE('',#2076,#2112,#2119,.T.);
#2119 = LINE('',#2120,#2121);
#2120 = CARTESIAN_POINT('',(24.574755085819,43.936313063591,
    24.580559427885));
#2121 = VECTOR('',#2122,1.);
#2122 = DIRECTION('',(1.826498532323E-03,0.999390827019,
    -3.485166815519E-02));
#2123 = ORIENTED_EDGE('',*,*,#2075,.F.);
#2124 = B_SPLINE_SURFACE_WITH_KNOTS('',1,1,(
    (#2125,#2126)
    ,(#2127,#2128
    )),.UNSPECIFIED.,.F.,.F.,.F.,(2,2),(2,2),(0.,18.16),(0.,1.),
  .PIECEWISE_BEZIER_KNOTS.);
#2125 = CARTESIAN_POINT('',(28.019589512024,41.221098300856,
    19.132805707212));
#2126 = CARTESIAN_POINT('',(24.574755085819,43.936313063591,
    24.580559427885));
#2127 = CARTESIAN_POINT('',(28.135416691033,59.245736414663,
    16.922691472399));
#2128 = CARTESIAN_POINT('',(24.601597166554,58.623283126356,
    24.068382016412));
#2129 = ADVANCED_FACE('',(#2130),#2154,.T.);
#2130 = FACE_BOUND('',#2131,.T.);
#2131 = EDGE_LOOP('',(#2132,#2140,#2147,#2153));
#2132 = ORIENTED_EDGE('',*,*,#2133,.T.);
#2133 = EDGE_CURVE('',#2104,#2134,#2136,.T.);
#2134 = VERTEX_POINT('',#2135);
#2135 = CARTESIAN_POINT('',(-4.267615137916,59.245736414663,
    15.224520532207));
#2136 = LINE('',#2137,#2138);
#2137 = CARTESIAN_POINT('',(28.135416691033,59.245736414663,
    16.922691472399));
#2138 = VECTOR('',#2139,1.);
#2139 = DIRECTION('',(-0.998629534755,-2.165773850982E-18,
    -5.233595624294E-02));
#2140 = ORIENTED_EDGE('',*,*,#2141,.T.);
#2141 = EDGE_CURVE('',#2134,#2142,#2144,.T.);
#2142 = VERTEX_POINT('',#2143);
#2143 = CARTESIAN_POINT('',(-1.500082298094,58.623283126356,
    22.700450960112));
#2144 = B_SPLINE_CURVE_WITH_KNOTS('',1,(#2145,#2146),.UNSPECIFIED.,.F.,
  .F.,(2,2),(0.,1.),.PIECEWISE_BEZIER_KNOTS.);
#2145 = CARTESIAN_POINT('',(-4.267615137916,59.245736414663,
    15.224520532207));
#2146 = CARTESIAN_POINT('',(-1.500082298094,58.623283126356,
    22.700450960112));
#2147 = ORIENTED_EDGE('',*,*,#2148,.F.);
#2148 = EDGE_CURVE('',#2112,#2142,#2149,.T.);
#2149 = LINE('',#2150,#2151);
#2150 = CARTESIAN_POINT('',(24.601597166554,58.623283126356,
    24.068382016412));
#2151 = VECTOR('',#2152,1.);
#2152 = DIRECTION('',(-0.998629534755,-2.165773850982E-18,
    -5.233595624294E-02));
#2153 = ORIENTED_EDGE('',*,*,#2111,.F.);
#2154 = B_SPLINE_SURFACE_WITH_KNOTS('',1,1,(
    (#2155,#2156)
    ,(#2157,#2158
    )),.UNSPECIFIED.,.F.,.F.,.F.,(2,2),(2,2),(0.,32.4475),(0.,1.),
  .PIECEWISE_BEZIER_KNOTS.);
#2155 = CARTESIAN_POINT('',(28.135416691033,59.245736414663,
    16.922691472399));
#2156 = CARTESIAN_POINT('',(24.601597166554,58.623283126356,
    24.068382016412));
#2157 = CARTESIAN_POINT('',(-4.267615137916,59.245736414663,
    15.224520532207));
#2158 = CARTESIAN_POINT('',(-1.500082298094,58.623283126356,
    22.700450960112));
#2159 = ADVANCED_FACE('',(#2160),#2176,.T.);
#2160 = FACE_BOUND('',#2161,.T.);
#2161 = EDGE_LOOP('',(#2162,#2168,#2169,#2175));
#2162 = ORIENTED_EDGE('',*,*,#2163,.T.);
#2163 = EDGE_CURVE('',#2134,#2066,#2164,.T.);
#2164 = LINE('',#2165,#2166);
#2165 = CARTESIAN_POINT('',(-4.267615137916,59.245736414663,
    15.224520532207));
#2166 = VECTOR('',#2167,1.);
#2167 = DIRECTION('',(-6.378148623808E-03,-0.992546151641,0.121702325706
    ));
#2168 = ORIENTED_EDGE('',*,*,#2090,.T.);
#2169 = ORIENTED_EDGE('',*,*,#2170,.F.);
#2170 = EDGE_CURVE('',#2142,#2083,#2171,.T.);
#2171 = LINE('',#2172,#2173);
#2172 = CARTESIAN_POINT('',(-1.500082298094,58.623283126356,
    22.700450960112));
#2173 = VECTOR('',#2174,1.);
#2174 = DIRECTION('',(-1.826498532323E-03,-0.999390827019,
    3.485166815519E-02));
#2175 = ORIENTED_EDGE('',*,*,#2141,.F.);
#2176 = B_SPLINE_SURFACE_WITH_KNOTS('',1,1,(
    (#2177,#2178)
    ,(#2179,#2180
    )),.UNSPECIFIED.,.F.,.F.,.F.,(2,2),(2,2),(0.,18.16),(0.,1.),
  .PIECEWISE_BEZIER_KNOTS.);
#2177 = CARTESIAN_POINT('',(-4.267615137916,59.245736414663,
    15.224520532207));
#2178 = CARTESIAN_POINT('',(-1.500082298094,58.623283126356,
    22.700450960112));
#2179 = CARTESIAN_POINT('',(-4.383442316925,41.221098300856,
    17.434634767019));
#2180 = CARTESIAN_POINT('',(-1.526924378828,43.936313063591,
    23.212628371585));
#2181 = ADVANCED_FACE('',(#2182),#2188,.T.);
#2182 = FACE_BOUND('',#2183,.F.);
#2183 = EDGE_LOOP('',(#2184,#2185,#2186,#2187));
#2184 = ORIENTED_EDGE('',*,*,#2065,.T.);
#2185 = ORIENTED_EDGE('',*,*,#2103,.T.);
#2186 = ORIENTED_EDGE('',*,*,#2133,.T.);
#2187 = ORIENTED_EDGE('',*,*,#2163,.T.);
#2188 = PLANE('',#2189);
#2189 = AXIS2_PLACEMENT_3D('',#2190,#2191,#2192);
#2190 = CARTESIAN_POINT('',(-4.383442316925,41.221098300856,
    17.434634767019));
#2191 = DIRECTION('',(5.19458519614E-02,-0.121869343405,-0.991185901636)
  );
#2192 = DIRECTION('',(0.874546612507,0.484745980793,-1.376795766405E-02)
  );
#2193 = ADVANCED_FACE('',(#2194),#2200,.F.);
#2194 = FACE_BOUND('',#2195,.T.);
#2195 = EDGE_LOOP('',(#2196,#2197,#2198,#2199));
#2196 = ORIENTED_EDGE('',*,*,#2082,.T.);
#2197 = ORIENTED_EDGE('',*,*,#2118,.T.);
#2198 = ORIENTED_EDGE('',*,*,#2148,.T.);
#2199 = ORIENTED_EDGE('',*,*,#2170,.T.);
#2200 = PLANE('',#2201);
#2201 = AXIS2_PLACEMENT_3D('',#2202,#2203,#2204);
#2202 = CARTESIAN_POINT('',(-1.526924378828,43.936313063591,
    23.212628371585));
#2203 = DIRECTION('',(5.230407459247E-02,-3.48994967025E-02,
    -0.998021196624));
#2204 = DIRECTION('',(0.871367601705,0.489800001033,2.853877514073E-02)
  );
#2205 = MANIFOLD_SOLID_BREP('',#2206);
#2206 = CLOSED_SHELL('',(#2207,#2245,#2275,#2305,#2327,#2339));
#2207 = ADVANCED_FACE('',(#2208),#2240,.T.);
#2208 = FACE_BOUND('',#2209,.T.);
#2209 = EDGE_LOOP('',(#2210,#2220,#2227,#2235));
#2210 = ORIENTED_EDGE('',*,*,#2211,.T.);
#2211 = EDGE_CURVE('',#2212,#2214,#2216,.T.);
#2212 = VERTEX_POINT('',#2213);
#2213 = CARTESIAN_POINT('',(28.90861945534,41.221098300856,
    19.179397792257));
#2214 = VERTEX_POINT('',#2215);
#2215 = CARTESIAN_POINT('',(47.043731806483,41.221098300856,
    20.129818757629));
#2216 = LINE('',#2217,#2218);
#2217 = CARTESIAN_POINT('',(28.90861945534,41.221098300856,
    19.179397792257));
#2218 = VECTOR('',#2219,1.);
#2219 = DIRECTION('',(0.998629534755,2.165773850982E-18,
    5.233595624294E-02));
#2220 = ORIENTED_EDGE('',*,*,#2221,.T.);
#2221 = EDGE_CURVE('',#2214,#2222,#2224,.T.);
#2222 = VERTEX_POINT('',#2223);
#2223 = CARTESIAN_POINT('',(43.598897380278,43.936313063591,
    25.577572478302));
#2224 = B_SPLINE_CURVE_WITH_KNOTS('',1,(#2225,#2226),.UNSPECIFIED.,.F.,
  .F.,(2,2),(0.,1.),.PIECEWISE_BEZIER_KNOTS.);
#2225 = CARTESIAN_POINT('',(47.043731806483,41.221098300856,
    20.129818757629));
#2226 = CARTESIAN_POINT('',(43.598897380278,43.936313063591,
    25.577572478302));
#2227 = ORIENTED_EDGE('',*,*,#2228,.F.);
#2228 = EDGE_CURVE('',#2229,#2222,#2231,.T.);
#2229 = VERTEX_POINT('',#2230);
#2230 = CARTESIAN_POINT('',(31.765137393436,43.936313063591,
    24.957391396824));
#2231 = LINE('',#2232,#2233);
#2232 = CARTESIAN_POINT('',(31.765137393436,43.936313063591,
    24.957391396824));
#2233 = VECTOR('',#2234,1.);
#2234 = DIRECTION('',(0.998629534755,2.165773850982E-18,
    5.233595624294E-02));
#2235 = ORIENTED_EDGE('',*,*,#2236,.F.);
#2236 = EDGE_CURVE('',#2212,#2229,#2237,.T.);
#2237 = B_SPLINE_CURVE_WITH_KNOTS('',1,(#2238,#2239),.UNSPECIFIED.,.F.,
  .F.,(2,2),(0.,1.),.PIECEWISE_BEZIER_KNOTS.);
#2238 = CARTESIAN_POINT('',(28.90861945534,41.221098300856,
    19.179397792257));
#2239 = CARTESIAN_POINT('',(31.765137393436,43.936313063591,
    24.957391396824));
#2240 = B_SPLINE_SURFACE_WITH_KNOTS('',1,1,(
    (#2241,#2242)
    ,(#2243,#2244
    )),.UNSPECIFIED.,.F.,.F.,.F.,(2,2),(2,2),(0.,18.16),(0.,1.),
  .PIECEWISE_BEZIER_KNOTS.);
#2241 = CARTESIAN_POINT('',(28.90861945534,41.221098300856,
    19.179397792257));
#2242 = CARTESIAN_POINT('',(31.765137393436,43.936313063591,
    24.957391396824));
#2243 = CARTESIAN_POINT('',(47.043731806483,41.221098300856,
    20.129818757629));
#2244 = CARTESIAN_POINT('',(43.598897380278,43.936313063591,
    25.577572478302));
#2245 = ADVANCED_FACE('',(#2246),#2270,.T.);
#2246 = FACE_BOUND('',#2247,.T.);
#2247 = EDGE_LOOP('',(#2248,#2256,#2263,#2269));
#2248 = ORIENTED_EDGE('',*,*,#2249,.T.);
#2249 = EDGE_CURVE('',#2214,#2250,#2252,.T.);
#2250 = VERTEX_POINT('',#2251);
#2251 = CARTESIAN_POINT('',(47.159558985491,59.245736414663,
    17.919704522817));
#2252 = LINE('',#2253,#2254);
#2253 = CARTESIAN_POINT('',(47.043731806483,41.221098300856,
    20.129818757629));
#2254 = VECTOR('',#2255,1.);
#2255 = DIRECTION('',(6.378148623808E-03,0.992546151641,-0.121702325706)
  );
#2256 = ORIENTED_EDGE('',*,*,#2257,.T.);
#2257 = EDGE_CURVE('',#2250,#2258,#2260,.T.);
#2258 = VERTEX_POINT('',#2259);
#2259 = CARTESIAN_POINT('',(43.625739461012,58.623283126356,
    25.065395066829));
#2260 = B_SPLINE_CURVE_WITH_KNOTS('',1,(#2261,#2262),.UNSPECIFIED.,.F.,
  .F.,(2,2),(0.,1.),.PIECEWISE_BEZIER_KNOTS.);
#2261 = CARTESIAN_POINT('',(47.159558985491,59.245736414663,
    17.919704522817));
#2262 = CARTESIAN_POINT('',(43.625739461012,58.623283126356,
    25.065395066829));
#2263 = ORIENTED_EDGE('',*,*,#2264,.F.);
#2264 = EDGE_CURVE('',#2222,#2258,#2265,.T.);
#2265 = LINE('',#2266,#2267);
#2266 = CARTESIAN_POINT('',(43.598897380278,43.936313063591,
    25.577572478302));
#2267 = VECTOR('',#2268,1.);
#2268 = DIRECTION('',(1.826498532323E-03,0.999390827019,
    -3.485166815519E-02));
#2269 = ORIENTED_EDGE('',*,*,#2221,.F.);
#2270 = B_SPLINE_SURFACE_WITH_KNOTS('',1,1,(
    (#2271,#2272)
    ,(#2273,#2274
    )),.UNSPECIFIED.,.F.,.F.,.F.,(2,2),(2,2),(0.,18.16),(0.,1.),
  .PIECEWISE_BEZIER_KNOTS.);
#2271 = CARTESIAN_POINT('',(47.043731806483,41.221098300856,
    20.129818757629));
#2272 = CARTESIAN_POINT('',(43.598897380278,43.936313063591,
    25.577572478302));
#2273 = CARTESIAN_POINT('',(47.159558985491,59.245736414663,
    17.919704522817));
#2274 = CARTESIAN_POINT('',(43.625739461012,58.623283126356,
    25.065395066829));
#2275 = ADVANCED_FACE('',(#2276),#2300,.T.);
#2276 = FACE_BOUND('',#2277,.T.);
#2277 = EDGE_LOOP('',(#2278,#2286,#2293,#2299));
#2278 = ORIENTED_EDGE('',*,*,#2279,.T.);
#2279 = EDGE_CURVE('',#2250,#2280,#2282,.T.);
#2280 = VERTEX_POINT('',#2281);
#2281 = CARTESIAN_POINT('',(29.024446634348,59.245736414663,
    16.969283557445));
#2282 = LINE('',#2283,#2284);
#2283 = CARTESIAN_POINT('',(47.159558985491,59.245736414663,
    17.919704522817));
#2284 = VECTOR('',#2285,1.);
#2285 = DIRECTION('',(-0.998629534755,-2.165773850982E-18,
    -5.233595624294E-02));
#2286 = ORIENTED_EDGE('',*,*,#2287,.T.);
#2287 = EDGE_CURVE('',#2280,#2288,#2290,.T.);
#2288 = VERTEX_POINT('',#2289);
#2289 = CARTESIAN_POINT('',(31.79197947417,58.623283126356,
    24.44521398535));
#2290 = B_SPLINE_CURVE_WITH_KNOTS('',1,(#2291,#2292),.UNSPECIFIED.,.F.,
  .F.,(2,2),(0.,1.),.PIECEWISE_BEZIER_KNOTS.);
#2291 = CARTESIAN_POINT('',(29.024446634348,59.245736414663,
    16.969283557445));
#2292 = CARTESIAN_POINT('',(31.79197947417,58.623283126356,
    24.44521398535));
#2293 = ORIENTED_EDGE('',*,*,#2294,.F.);
#2294 = EDGE_CURVE('',#2258,#2288,#2295,.T.);
#2295 = LINE('',#2296,#2297);
#2296 = CARTESIAN_POINT('',(43.625739461012,58.623283126356,
    25.065395066829));
#2297 = VECTOR('',#2298,1.);
#2298 = DIRECTION('',(-0.998629534755,-2.165773850982E-18,
    -5.233595624294E-02));
#2299 = ORIENTED_EDGE('',*,*,#2257,.F.);
#2300 = B_SPLINE_SURFACE_WITH_KNOTS('',1,1,(
    (#2301,#2302)
    ,(#2303,#2304
    )),.UNSPECIFIED.,.F.,.F.,.F.,(2,2),(2,2),(0.,18.16),(0.,1.),
  .PIECEWISE_BEZIER_KNOTS.);
#2301 = CARTESIAN_POINT('',(47.159558985491,59.245736414663,
    17.919704522817));
#2302 = CARTESIAN_POINT('',(43.625739461012,58.623283126356,
    25.065395066829));
#2303 = CARTESIAN_POINT('',(29.024446634348,59.245736414663,
    16.969283557445));
#2304 = CARTESIAN_POINT('',(31.79197947417,58.623283126356,
    24.44521398535));
#2305 = ADVANCED_FACE('',(#2306),#2322,.T.);
#2306 = FACE_BOUND('',#2307,.T.);
#2307 = EDGE_LOOP('',(#2308,#2314,#2315,#2321));
#2308 = ORIENTED_EDGE('',*,*,#2309,.T.);
#2309 = EDGE_CURVE('',#2280,#2212,#2310,.T.);
#2310 = LINE('',#2311,#2312);
#2311 = CARTESIAN_POINT('',(29.024446634348,59.245736414663,
    16.969283557445));
#2312 = VECTOR('',#2313,1.);
#2313 = DIRECTION('',(-6.378148623808E-03,-0.992546151641,0.121702325706
    ));
#2314 = ORIENTED_EDGE('',*,*,#2236,.T.);
#2315 = ORIENTED_EDGE('',*,*,#2316,.F.);
#2316 = EDGE_CURVE('',#2288,#2229,#2317,.T.);
#2317 = LINE('',#2318,#2319);
#2318 = CARTESIAN_POINT('',(31.79197947417,58.623283126356,
    24.44521398535));
#2319 = VECTOR('',#2320,1.);
#2320 = DIRECTION('',(-1.826498532323E-03,-0.999390827019,
    3.485166815519E-02));
#2321 = ORIENTED_EDGE('',*,*,#2287,.F.);
#2322 = B_SPLINE_SURFACE_WITH_KNOTS('',1,1,(
    (#2323,#2324)
    ,(#2325,#2326
    )),.UNSPECIFIED.,.F.,.F.,.F.,(2,2),(2,2),(0.,18.16),(0.,1.),
  .PIECEWISE_BEZIER_KNOTS.);
#2323 = CARTESIAN_POINT('',(29.024446634348,59.245736414663,
    16.969283557445));
#2324 = CARTESIAN_POINT('',(31.79197947417,58.623283126356,
    24.44521398535));
#2325 = CARTESIAN_POINT('',(28.90861945534,41.221098300856,
    19.179397792257));
#2326 = CARTESIAN_POINT('',(31.765137393436,43.936313063591,
    24.957391396824));
#2327 = ADVANCED_FACE('',(#2328),#2334,.T.);
#2328 = FACE_BOUND('',#2329,.F.);
#2329 = EDGE_LOOP('',(#2330,#2331,#2332,#2333));
#2330 = ORIENTED_EDGE('',*,*,#2211,.T.);
#2331 = ORIENTED_EDGE('',*,*,#2249,.T.);
#2332 = ORIENTED_EDGE('',*,*,#2279,.T.);
#2333 = ORIENTED_EDGE('',*,*,#2309,.T.);
#2334 = PLANE('',#2335);
#2335 = AXIS2_PLACEMENT_3D('',#2336,#2337,#2338);
#2336 = CARTESIAN_POINT('',(28.90861945534,41.221098300856,
    19.179397792257));
#2337 = DIRECTION('',(5.19458519614E-02,-0.121869343405,-0.991185901636)
  );
#2338 = DIRECTION('',(0.710647748061,0.701836114466,-4.904943023328E-02)
  );
#2339 = ADVANCED_FACE('',(#2340),#2346,.F.);
#2340 = FACE_BOUND('',#2341,.T.);
#2341 = EDGE_LOOP('',(#2342,#2343,#2344,#2345));
#2342 = ORIENTED_EDGE('',*,*,#2228,.T.);
#2343 = ORIENTED_EDGE('',*,*,#2264,.T.);
#2344 = ORIENTED_EDGE('',*,*,#2294,.T.);
#2345 = ORIENTED_EDGE('',*,*,#2316,.T.);
#2346 = PLANE('',#2347);
#2347 = AXIS2_PLACEMENT_3D('',#2348,#2349,#2350);
#2348 = CARTESIAN_POINT('',(31.765137393436,43.936313063591,
    24.957391396824));
#2349 = DIRECTION('',(5.230407459247E-02,-3.48994967025E-02,
    -0.998021196624));
#2350 = DIRECTION('',(0.628264288475,0.777978954506,5.72102904239E-03));
#2351 = MANIFOLD_SOLID_BREP('',#2352);
#2352 = CLOSED_SHELL('',(#2353,#2391,#2421,#2451,#2473,#2485));
#2353 = ADVANCED_FACE('',(#2354),#2386,.T.);
#2354 = FACE_BOUND('',#2355,.T.);
#2355 = EDGE_LOOP('',(#2356,#2366,#2373,#2381));
#2356 = ORIENTED_EDGE('',*,*,#2357,.T.);
#2357 = EDGE_CURVE('',#2358,#2360,#2362,.T.);
#2358 = VERTEX_POINT('',#2359);
#2359 = CARTESIAN_POINT('',(47.932512092414,41.221098300856,
    20.176397758685));
#2360 = VERTEX_POINT('',#2361);
#2361 = CARTESIAN_POINT('',(66.067624443557,41.221098300856,
    21.126818724057));
#2362 = LINE('',#2363,#2364);
#2363 = CARTESIAN_POINT('',(47.932512092414,41.221098300856,
    20.176397758685));
#2364 = VECTOR('',#2365,1.);
#2365 = DIRECTION('',(0.998629534755,2.165773850982E-18,
    5.233595624294E-02));
#2366 = ORIENTED_EDGE('',*,*,#2367,.T.);
#2367 = EDGE_CURVE('',#2360,#2368,#2370,.T.);
#2368 = VERTEX_POINT('',#2369);
#2369 = CARTESIAN_POINT('',(62.622790017352,43.936313063591,
    26.574572444731));
#2370 = B_SPLINE_CURVE_WITH_KNOTS('',1,(#2371,#2372),.UNSPECIFIED.,.F.,
  .F.,(2,2),(0.,1.),.PIECEWISE_BEZIER_KNOTS.);
#2371 = CARTESIAN_POINT('',(66.067624443557,41.221098300856,
    21.126818724057));
#2372 = CARTESIAN_POINT('',(62.622790017352,43.936313063591,
    26.574572444731));
#2373 = ORIENTED_EDGE('',*,*,#2374,.F.);
#2374 = EDGE_CURVE('',#2375,#2368,#2377,.T.);
#2375 = VERTEX_POINT('',#2376);
#2376 = CARTESIAN_POINT('',(50.789030030511,43.936313063591,
    25.954391363252));
#2377 = LINE('',#2378,#2379);
#2378 = CARTESIAN_POINT('',(50.789030030511,43.936313063591,
    25.954391363252));
#2379 = VECTOR('',#2380,1.);
#2380 = DIRECTION('',(0.998629534755,2.165773850982E-18,
    5.233595624294E-02));
#2381 = ORIENTED_EDGE('',*,*,#2382,.F.);
#2382 = EDGE_CURVE('',#2358,#2375,#2383,.T.);
#2383 = B_SPLINE_CURVE_WITH_KNOTS('',1,(#2384,#2385),.UNSPECIFIED.,.F.,
  .F.,(2,2),(0.,1.),.PIECEWISE_BEZIER_KNOTS.);
#2384 = CARTESIAN_POINT('',(47.932512092414,41.221098300856,
    20.176397758685));
#2385 = CARTESIAN_POINT('',(50.789030030511,43.936313063591,
    25.954391363252));
#2386 = B_SPLINE_SURFACE_WITH_KNOTS('',1,1,(
    (#2387,#2388)
    ,(#2389,#2390
    )),.UNSPECIFIED.,.F.,.F.,.F.,(2,2),(2,2),(0.,18.16),(0.,1.),
  .PIECEWISE_BEZIER_KNOTS.);
#2387 = CARTESIAN_POINT('',(47.932512092414,41.221098300856,
    20.176397758685));
#2388 = CARTESIAN_POINT('',(50.789030030511,43.936313063591,
    25.954391363252));
#2389 = CARTESIAN_POINT('',(66.067624443557,41.221098300856,
    21.126818724057));
#2390 = CARTESIAN_POINT('',(62.622790017352,43.936313063591,
    26.574572444731));
#2391 = ADVANCED_FACE('',(#2392),#2416,.T.);
#2392 = FACE_BOUND('',#2393,.T.);
#2393 = EDGE_LOOP('',(#2394,#2402,#2409,#2415));
#2394 = ORIENTED_EDGE('',*,*,#2395,.T.);
#2395 = EDGE_CURVE('',#2360,#2396,#2398,.T.);
#2396 = VERTEX_POINT('',#2397);
#2397 = CARTESIAN_POINT('',(66.183451622566,59.245736414663,
    18.916704489245));
#2398 = LINE('',#2399,#2400);
#2399 = CARTESIAN_POINT('',(66.067624443557,41.221098300856,
    21.126818724057));
#2400 = VECTOR('',#2401,1.);
#2401 = DIRECTION('',(6.378148623808E-03,0.992546151641,-0.121702325706)
  );
#2402 = ORIENTED_EDGE('',*,*,#2403,.T.);
#2403 = EDGE_CURVE('',#2396,#2404,#2406,.T.);
#2404 = VERTEX_POINT('',#2405);
#2405 = CARTESIAN_POINT('',(62.649632098087,58.623283126356,
    26.062395033257));
#2406 = B_SPLINE_CURVE_WITH_KNOTS('',1,(#2407,#2408),.UNSPECIFIED.,.F.,
  .F.,(2,2),(0.,1.),.PIECEWISE_BEZIER_KNOTS.);
#2407 = CARTESIAN_POINT('',(66.183451622566,59.245736414663,
    18.916704489245));
#2408 = CARTESIAN_POINT('',(62.649632098087,58.623283126356,
    26.062395033257));
#2409 = ORIENTED_EDGE('',*,*,#2410,.F.);
#2410 = EDGE_CURVE('',#2368,#2404,#2411,.T.);
#2411 = LINE('',#2412,#2413);
#2412 = CARTESIAN_POINT('',(62.622790017352,43.936313063591,
    26.574572444731));
#2413 = VECTOR('',#2414,1.);
#2414 = DIRECTION('',(1.826498532323E-03,0.999390827019,
    -3.485166815519E-02));
#2415 = ORIENTED_EDGE('',*,*,#2367,.F.);
#2416 = B_SPLINE_SURFACE_WITH_KNOTS('',1,1,(
    (#2417,#2418)
    ,(#2419,#2420
    )),.UNSPECIFIED.,.F.,.F.,.F.,(2,2),(2,2),(0.,18.16),(0.,1.),
  .PIECEWISE_BEZIER_KNOTS.);
#2417 = CARTESIAN_POINT('',(66.067624443557,41.221098300856,
    21.126818724057));
#2418 = CARTESIAN_POINT('',(62.622790017352,43.936313063591,
    26.574572444731));
#2419 = CARTESIAN_POINT('',(66.183451622566,59.245736414663,
    18.916704489245));
#2420 = CARTESIAN_POINT('',(62.649632098087,58.623283126356,
    26.062395033257));
#2421 = ADVANCED_FACE('',(#2422),#2446,.T.);
#2422 = FACE_BOUND('',#2423,.T.);
#2423 = EDGE_LOOP('',(#2424,#2432,#2439,#2445));
#2424 = ORIENTED_EDGE('',*,*,#2425,.T.);
#2425 = EDGE_CURVE('',#2396,#2426,#2428,.T.);
#2426 = VERTEX_POINT('',#2427);
#2427 = CARTESIAN_POINT('',(48.048339271423,59.245736414663,
    17.966283523873));
#2428 = LINE('',#2429,#2430);
#2429 = CARTESIAN_POINT('',(66.183451622566,59.245736414663,
    18.916704489245));
#2430 = VECTOR('',#2431,1.);
#2431 = DIRECTION('',(-0.998629534755,-2.165773850982E-18,
    -5.233595624294E-02));
#2432 = ORIENTED_EDGE('',*,*,#2433,.T.);
#2433 = EDGE_CURVE('',#2426,#2434,#2436,.T.);
#2434 = VERTEX_POINT('',#2435);
#2435 = CARTESIAN_POINT('',(50.815872111245,58.623283126356,
    25.442213951778));
#2436 = B_SPLINE_CURVE_WITH_KNOTS('',1,(#2437,#2438),.UNSPECIFIED.,.F.,
  .F.,(2,2),(0.,1.),.PIECEWISE_BEZIER_KNOTS.);
#2437 = CARTESIAN_POINT('',(48.048339271423,59.245736414663,
    17.966283523873));
#2438 = CARTESIAN_POINT('',(50.815872111245,58.623283126356,
    25.442213951778));
#2439 = ORIENTED_EDGE('',*,*,#2440,.F.);
#2440 = EDGE_CURVE('',#2404,#2434,#2441,.T.);
#2441 = LINE('',#2442,#2443);
#2442 = CARTESIAN_POINT('',(62.649632098087,58.623283126356,
    26.062395033257));
#2443 = VECTOR('',#2444,1.);
#2444 = DIRECTION('',(-0.998629534755,-2.165773850982E-18,
    -5.233595624294E-02));
#2445 = ORIENTED_EDGE('',*,*,#2403,.F.);
#2446 = B_SPLINE_SURFACE_WITH_KNOTS('',1,1,(
    (#2447,#2448)
    ,(#2449,#2450
    )),.UNSPECIFIED.,.F.,.F.,.F.,(2,2),(2,2),(0.,18.16),(0.,1.),
  .PIECEWISE_BEZIER_KNOTS.);
#2447 = CARTESIAN_POINT('',(66.183451622566,59.245736414663,
    18.916704489245));
#2448 = CARTESIAN_POINT('',(62.649632098087,58.623283126356,
    26.062395033257));
#2449 = CARTESIAN_POINT('',(48.048339271423,59.245736414663,
    17.966283523873));
#2450 = CARTESIAN_POINT('',(50.815872111245,58.623283126356,
    25.442213951778));
#2451 = ADVANCED_FACE('',(#2452),#2468,.T.);
#2452 = FACE_BOUND('',#2453,.T.);
#2453 = EDGE_LOOP('',(#2454,#2460,#2461,#2467));
#2454 = ORIENTED_EDGE('',*,*,#2455,.T.);
#2455 = EDGE_CURVE('',#2426,#2358,#2456,.T.);
#2456 = LINE('',#2457,#2458);
#2457 = CARTESIAN_POINT('',(48.048339271423,59.245736414663,
    17.966283523873));
#2458 = VECTOR('',#2459,1.);
#2459 = DIRECTION('',(-6.378148623808E-03,-0.992546151641,0.121702325706
    ));
#2460 = ORIENTED_EDGE('',*,*,#2382,.T.);
#2461 = ORIENTED_EDGE('',*,*,#2462,.F.);
#2462 = EDGE_CURVE('',#2434,#2375,#2463,.T.);
#2463 = LINE('',#2464,#2465);
#2464 = CARTESIAN_POINT('',(50.815872111245,58.623283126356,
    25.442213951778));
#2465 = VECTOR('',#2466,1.);
#2466 = DIRECTION('',(-1.826498532323E-03,-0.999390827019,
    3.485166815519E-02));
#2467 = ORIENTED_EDGE('',*,*,#2433,.F.);
#2468 = B_SPLINE_SURFACE_WITH_KNOTS('',1,1,(
    (#2469,#2470)
    ,(#2471,#2472
    )),.UNSPECIFIED.,.F.,.F.,.F.,(2,2),(2,2),(0.,18.16),(0.,1.),
  .PIECEWISE_BEZIER_KNOTS.);
#2469 = CARTESIAN_POINT('',(48.048339271423,59.245736414663,
    17.966283523873));
#2470 = CARTESIAN_POINT('',(50.815872111245,58.623283126356,
    25.442213951778));
#2471 = CARTESIAN_POINT('',(47.932512092414,41.221098300856,
    20.176397758685));
#2472 = CARTESIAN_POINT('',(50.789030030511,43.936313063591,
    25.954391363252));
#2473 = ADVANCED_FACE('',(#2474),#2480,.T.);
#2474 = FACE_BOUND('',#2475,.F.);
#2475 = EDGE_LOOP('',(#2476,#2477,#2478,#2479));
#2476 = ORIENTED_EDGE('',*,*,#2357,.T.);
#2477 = ORIENTED_EDGE('',*,*,#2395,.T.);
#2478 = ORIENTED_EDGE('',*,*,#2425,.T.);
#2479 = ORIENTED_EDGE('',*,*,#2455,.T.);
#2480 = PLANE('',#2481);
#2481 = AXIS2_PLACEMENT_3D('',#2482,#2483,#2484);
#2482 = CARTESIAN_POINT('',(47.932512092414,41.221098300856,
    20.176397758685));
#2483 = DIRECTION('',(5.19458519614E-02,-0.121869343405,-0.991185901636)
  );
#2484 = DIRECTION('',(0.710647748061,0.701836114466,-4.904943023328E-02)
  );
#2485 = ADVANCED_FACE('',(#2486),#2492,.F.);
#2486 = FACE_BOUND('',#2487,.T.);
#2487 = EDGE_LOOP('',(#2488,#2489,#2490,#2491));
#2488 = ORIENTED_EDGE('',*,*,#2374,.T.);
#2489 = ORIENTED_EDGE('',*,*,#2410,.T.);
#2490 = ORIENTED_EDGE('',*,*,#2440,.T.);
#2491 = ORIENTED_EDGE('',*,*,#2462,.T.);
#2492 = PLANE('',#2493);
#2493 = AXIS2_PLACEMENT_3D('',#2494,#2495,#2496);
#2494 = CARTESIAN_POINT('',(50.789030030511,43.936313063591,
    25.954391363252));
#2495 = DIRECTION('',(5.230407459247E-02,-3.48994967025E-02,
    -0.998021196624));
#2496 = DIRECTION('',(0.628264288475,0.777978954506,5.72102904239E-03));
#2497 = MANIFOLD_SOLID_BREP('',#2498);
#2498 = CLOSED_SHELL('',(#2499,#2537,#2567,#2597,#2619,#2631));
#2499 = ADVANCED_FACE('',(#2500),#2532,.T.);
#2500 = FACE_BOUND('',#2501,.T.);
#2501 = EDGE_LOOP('',(#2502,#2512,#2519,#2527));
#2502 = ORIENTED_EDGE('',*,*,#2503,.T.);
#2503 = EDGE_CURVE('',#2504,#2506,#2508,.T.);
#2504 = VERTEX_POINT('',#2505);
#2505 = CARTESIAN_POINT('',(67.317270004853,41.229088053077,
    21.191327508301));
#2506 = VERTEX_POINT('',#2507);
#2507 = CARTESIAN_POINT('',(85.451255738903,41.575744067444,
    22.09906701112));
#2508 = LINE('',#2509,#2510);
#2509 = CARTESIAN_POINT('',(67.317270004853,41.229088053077,
    21.191327508301));
#2510 = VECTOR('',#2511,1.);
#2511 = DIRECTION('',(0.998567496368,1.908898757529E-02,
    4.99856554416E-02));
#2512 = ORIENTED_EDGE('',*,*,#2513,.T.);
#2513 = EDGE_CURVE('',#2506,#2514,#2516,.T.);
#2514 = VERTEX_POINT('',#2515);
#2515 = CARTESIAN_POINT('',(81.968010642204,44.230364078677,
    27.5522580242));
#2516 = B_SPLINE_CURVE_WITH_KNOTS('',1,(#2517,#2518),.UNSPECIFIED.,.F.,
  .F.,(2,2),(0.,1.),.PIECEWISE_BEZIER_KNOTS.);
#2517 = CARTESIAN_POINT('',(85.451255738903,41.575744067444,
    22.09906701112));
#2518 = CARTESIAN_POINT('',(81.968010642204,44.230364078677,
    27.5522580242));
#2519 = ORIENTED_EDGE('',*,*,#2520,.F.);
#2520 = EDGE_CURVE('',#2521,#2514,#2523,.T.);
#2521 = VERTEX_POINT('',#2522);
#2522 = CARTESIAN_POINT('',(70.134985810239,44.004159575909,
    26.959928007217));
#2523 = LINE('',#2524,#2525);
#2524 = CARTESIAN_POINT('',(70.134985810239,44.004159575909,
    26.959928007217));
#2525 = VECTOR('',#2526,1.);
#2526 = DIRECTION('',(0.998567496368,1.908898757529E-02,
    4.99856554416E-02));
#2527 = ORIENTED_EDGE('',*,*,#2528,.F.);
#2528 = EDGE_CURVE('',#2504,#2521,#2529,.T.);
#2529 = B_SPLINE_CURVE_WITH_KNOTS('',1,(#2530,#2531),.UNSPECIFIED.,.F.,
  .F.,(2,2),(0.,1.),.PIECEWISE_BEZIER_KNOTS.);
#2530 = CARTESIAN_POINT('',(67.317270004853,41.229088053077,
    21.191327508301));
#2531 = CARTESIAN_POINT('',(70.134985810239,44.004159575909,
    26.959928007217));
#2532 = B_SPLINE_SURFACE_WITH_KNOTS('',1,1,(
    (#2533,#2534)
    ,(#2535,#2536
    )),.UNSPECIFIED.,.F.,.F.,.F.,(2,2),(2,2),(0.,18.16),(0.,1.),
  .PIECEWISE_BEZIER_KNOTS.);
#2533 = CARTESIAN_POINT('',(67.317270004853,41.229088053077,
    21.191327508301));
#2534 = CARTESIAN_POINT('',(70.134985810239,44.004159575909,
    26.959928007217));
#2535 = CARTESIAN_POINT('',(85.451255738903,41.575744067444,
    22.09906701112));
#2536 = CARTESIAN_POINT('',(81.968010642204,44.230364078677,
    27.5522580242));
#2537 = ADVANCED_FACE('',(#2538),#2562,.T.);
#2538 = FACE_BOUND('',#2539,.T.);
#2539 = EDGE_LOOP('',(#2540,#2548,#2555,#2561));
#2540 = ORIENTED_EDGE('',*,*,#2541,.T.);
#2541 = EDGE_CURVE('',#2506,#2542,#2544,.T.);
#2542 = VERTEX_POINT('',#2543);
#2543 = CARTESIAN_POINT('',(85.218280801937,59.597048369336,
    19.87108273439));
#2544 = LINE('',#2545,#2546);
#2545 = CARTESIAN_POINT('',(85.451255738903,41.575744067444,
    22.09906701112));
#2546 = VECTOR('',#2547,1.);
#2547 = DIRECTION('',(-1.282901635279E-02,0.99236257169,-0.122686358851)
  );
#2548 = ORIENTED_EDGE('',*,*,#2549,.T.);
#2549 = EDGE_CURVE('',#2542,#2550,#2552,.T.);
#2550 = VERTEX_POINT('',#2551);
#2551 = CARTESIAN_POINT('',(81.713659827681,58.914646530956,
    27.02567436748));
#2552 = B_SPLINE_CURVE_WITH_KNOTS('',1,(#2553,#2554),.UNSPECIFIED.,.F.,
  .F.,(2,2),(0.,1.),.PIECEWISE_BEZIER_KNOTS.);
#2553 = CARTESIAN_POINT('',(85.218280801937,59.597048369336,
    19.87108273439));
#2554 = CARTESIAN_POINT('',(81.713659827681,58.914646530956,
    27.02567436748));
#2555 = ORIENTED_EDGE('',*,*,#2556,.F.);
#2556 = EDGE_CURVE('',#2514,#2550,#2557,.T.);
#2557 = LINE('',#2558,#2559);
#2558 = CARTESIAN_POINT('',(81.968010642204,44.230364078677,
    27.5522580242));
#2559 = VECTOR('',#2560,1.);
#2560 = DIRECTION('',(-1.730757738274E-02,0.999207945645,
    -3.583195675727E-02));
#2561 = ORIENTED_EDGE('',*,*,#2513,.F.);
#2562 = B_SPLINE_SURFACE_WITH_KNOTS('',1,1,(
    (#2563,#2564)
    ,(#2565,#2566
    )),.UNSPECIFIED.,.F.,.F.,.F.,(2,2),(2,2),(0.,18.16),(0.,1.),
  .PIECEWISE_BEZIER_KNOTS.);
#2563 = CARTESIAN_POINT('',(85.451255738903,41.575744067444,
    22.09906701112));
#2564 = CARTESIAN_POINT('',(81.968010642204,44.230364078677,
    27.5522580242));
#2565 = CARTESIAN_POINT('',(85.218280801937,59.597048369336,
    19.87108273439));
#2566 = CARTESIAN_POINT('',(81.713659827681,58.914646530956,
    27.02567436748));
#2567 = ADVANCED_FACE('',(#2568),#2592,.T.);
#2568 = FACE_BOUND('',#2569,.T.);
#2569 = EDGE_LOOP('',(#2570,#2578,#2585,#2591));
#2570 = ORIENTED_EDGE('',*,*,#2571,.T.);
#2571 = EDGE_CURVE('',#2542,#2572,#2574,.T.);
#2572 = VERTEX_POINT('',#2573);
#2573 = CARTESIAN_POINT('',(67.084295067887,59.250392354969,
    18.96334323157));
#2574 = LINE('',#2575,#2576);
#2575 = CARTESIAN_POINT('',(85.218280801937,59.597048369336,
    19.87108273439));
#2576 = VECTOR('',#2577,1.);
#2577 = DIRECTION('',(-0.998567496368,-1.908898757529E-02,
    -4.99856554416E-02));
#2578 = ORIENTED_EDGE('',*,*,#2579,.T.);
#2579 = EDGE_CURVE('',#2572,#2580,#2582,.T.);
#2580 = VERTEX_POINT('',#2581);
#2581 = CARTESIAN_POINT('',(69.880634995715,58.688442028189,
    26.433344350497));
#2582 = B_SPLINE_CURVE_WITH_KNOTS('',1,(#2583,#2584),.UNSPECIFIED.,.F.,
  .F.,(2,2),(0.,1.),.PIECEWISE_BEZIER_KNOTS.);
#2583 = CARTESIAN_POINT('',(67.084295067887,59.250392354969,
    18.96334323157));
#2584 = CARTESIAN_POINT('',(69.880634995715,58.688442028189,
    26.433344350497));
#2585 = ORIENTED_EDGE('',*,*,#2586,.F.);
#2586 = EDGE_CURVE('',#2550,#2580,#2587,.T.);
#2587 = LINE('',#2588,#2589);
#2588 = CARTESIAN_POINT('',(81.713659827681,58.914646530956,
    27.02567436748));
#2589 = VECTOR('',#2590,1.);
#2590 = DIRECTION('',(-0.998567496368,-1.908898757529E-02,
    -4.99856554416E-02));
#2591 = ORIENTED_EDGE('',*,*,#2549,.F.);
#2592 = B_SPLINE_SURFACE_WITH_KNOTS('',1,1,(
    (#2593,#2594)
    ,(#2595,#2596
    )),.UNSPECIFIED.,.F.,.F.,.F.,(2,2),(2,2),(0.,18.16),(0.,1.),
  .PIECEWISE_BEZIER_KNOTS.);
#2593 = CARTESIAN_POINT('',(85.218280801937,59.597048369336,
    19.87108273439));
#2594 = CARTESIAN_POINT('',(81.713659827681,58.914646530956,
    27.02567436748));
#2595 = CARTESIAN_POINT('',(67.084295067887,59.250392354969,
    18.96334323157));
#2596 = CARTESIAN_POINT('',(69.880634995715,58.688442028189,
    26.433344350497));
#2597 = ADVANCED_FACE('',(#2598),#2614,.T.);
#2598 = FACE_BOUND('',#2599,.T.);
#2599 = EDGE_LOOP('',(#2600,#2606,#2607,#2613));
#2600 = ORIENTED_EDGE('',*,*,#2601,.T.);
#2601 = EDGE_CURVE('',#2572,#2504,#2602,.T.);
#2602 = LINE('',#2603,#2604);
#2603 = CARTESIAN_POINT('',(67.084295067887,59.250392354969,
    18.96334323157));
#2604 = VECTOR('',#2605,1.);
#2605 = DIRECTION('',(1.282901635279E-02,-0.99236257169,0.122686358851)
  );
#2606 = ORIENTED_EDGE('',*,*,#2528,.T.);
#2607 = ORIENTED_EDGE('',*,*,#2608,.F.);
#2608 = EDGE_CURVE('',#2580,#2521,#2609,.T.);
#2609 = LINE('',#2610,#2611);
#2610 = CARTESIAN_POINT('',(69.880634995715,58.688442028189,
    26.433344350497));
#2611 = VECTOR('',#2612,1.);
#2612 = DIRECTION('',(1.730757738274E-02,-0.999207945645,
    3.583195675727E-02));
#2613 = ORIENTED_EDGE('',*,*,#2579,.F.);
#2614 = B_SPLINE_SURFACE_WITH_KNOTS('',1,1,(
    (#2615,#2616)
    ,(#2617,#2618
    )),.UNSPECIFIED.,.F.,.F.,.F.,(2,2),(2,2),(0.,18.16),(0.,1.),
  .PIECEWISE_BEZIER_KNOTS.);
#2615 = CARTESIAN_POINT('',(67.084295067887,59.250392354969,
    18.96334323157));
#2616 = CARTESIAN_POINT('',(69.880634995715,58.688442028189,
    26.433344350497));
#2617 = CARTESIAN_POINT('',(67.317270004853,41.229088053077,
    21.191327508301));
#2618 = CARTESIAN_POINT('',(70.134985810239,44.004159575909,
    26.959928007217));
#2619 = ADVANCED_FACE('',(#2620),#2626,.T.);
#2620 = FACE_BOUND('',#2621,.F.);
#2621 = EDGE_LOOP('',(#2622,#2623,#2624,#2625));
#2622 = ORIENTED_EDGE('',*,*,#2503,.T.);
#2623 = ORIENTED_EDGE('',*,*,#2541,.T.);
#2624 = ORIENTED_EDGE('',*,*,#2571,.T.);
#2625 = ORIENTED_EDGE('',*,*,#2601,.T.);
#2626 = PLANE('',#2627);
#2627 = AXIS2_PLACEMENT_3D('',#2628,#2629,#2630);
#2628 = CARTESIAN_POINT('',(67.317270004853,41.229088053077,
    21.191327508301));
#2629 = DIRECTION('',(5.19458519614E-02,-0.121869343405,-0.991185901636)
  );
#2630 = DIRECTION('',(0.697022363696,0.715204256398,-5.140716037769E-02)
  );
#2631 = ADVANCED_FACE('',(#2632),#2638,.F.);
#2632 = FACE_BOUND('',#2633,.T.);
#2633 = EDGE_LOOP('',(#2634,#2635,#2636,#2637));
#2634 = ORIENTED_EDGE('',*,*,#2520,.T.);
#2635 = ORIENTED_EDGE('',*,*,#2556,.T.);
#2636 = ORIENTED_EDGE('',*,*,#2586,.T.);
#2637 = ORIENTED_EDGE('',*,*,#2608,.T.);
#2638 = PLANE('',#2639);
#2639 = AXIS2_PLACEMENT_3D('',#2640,#2641,#2642);
#2640 = CARTESIAN_POINT('',(70.134985810239,44.004159575909,
    26.959928007217));
#2641 = DIRECTION('',(5.063005986286E-02,-3.491549674951E-02,
    -0.998106960764));
#2642 = DIRECTION('',(0.613330364817,0.789818798764,3.482630140947E-03)
  );
#2643 = MANIFOLD_SOLID_BREP('',#2644);
#2644 = CLOSED_SHELL('',(#2645,#2683,#2713,#2743,#2765,#2777));
#2645 = ADVANCED_FACE('',(#2646),#2678,.T.);
#2646 = FACE_BOUND('',#2647,.T.);
#2647 = EDGE_LOOP('',(#2648,#2658,#2665,#2673));
#2648 = ORIENTED_EDGE('',*,*,#2649,.T.);
#2649 = EDGE_CURVE('',#2650,#2652,#2654,.T.);
#2650 = VERTEX_POINT('',#2651);
#2651 = CARTESIAN_POINT('',(88.284476555207,41.6826486969,
    22.234405570595));
#2652 = VERTEX_POINT('',#2653);
#2653 = CARTESIAN_POINT('',(106.386073258,42.898869834184,
    23.033531940174));
#2654 = LINE('',#2655,#2656);
#2655 = CARTESIAN_POINT('',(88.284476555206,41.6826486969,
    22.234405570595));
#2656 = VECTOR('',#2657,1.);
#2657 = DIRECTION('',(0.996783959405,6.697252958615E-02,
    4.400475603408E-02));
#2658 = ORIENTED_EDGE('',*,*,#2659,.T.);
#2659 = EDGE_CURVE('',#2652,#2660,#2662,.T.);
#2660 = VERTEX_POINT('',#2661);
#2661 = CARTESIAN_POINT('',(102.81159255653,45.39823948616,
    28.501030005143));
#2662 = B_SPLINE_CURVE_WITH_KNOTS('',1,(#2663,#2664),.UNSPECIFIED.,.F.,
  .F.,(2,2),(0.,1.),.PIECEWISE_BEZIER_KNOTS.);
#2663 = CARTESIAN_POINT('',(106.386073258,42.898869834184,
    23.033531940174));
#2664 = CARTESIAN_POINT('',(102.81159255653,45.39823948616,
    28.501030005143));
#2665 = ORIENTED_EDGE('',*,*,#2666,.F.);
#2666 = EDGE_CURVE('',#2667,#2660,#2669,.T.);
#2667 = VERTEX_POINT('',#2668);
#2668 = CARTESIAN_POINT('',(90.999702637581,44.604615010564,
    27.979573646139));
#2669 = LINE('',#2670,#2671);
#2670 = CARTESIAN_POINT('',(90.999702637581,44.604615010564,
    27.979573646139));
#2671 = VECTOR('',#2672,1.);
#2672 = DIRECTION('',(0.996783959405,6.697252958615E-02,
    4.400475603408E-02));
#2673 = ORIENTED_EDGE('',*,*,#2674,.F.);
#2674 = EDGE_CURVE('',#2650,#2667,#2675,.T.);
#2675 = B_SPLINE_CURVE_WITH_KNOTS('',1,(#2676,#2677),.UNSPECIFIED.,.F.,
  .F.,(2,2),(0.,1.),.PIECEWISE_BEZIER_KNOTS.);
#2676 = CARTESIAN_POINT('',(88.284476555206,41.6826486969,
    22.234405570595));
#2677 = CARTESIAN_POINT('',(90.999702637581,44.604615010564,
    27.979573646139));
#2678 = B_SPLINE_SURFACE_WITH_KNOTS('',1,1,(
    (#2679,#2680)
    ,(#2681,#2682
    )),.UNSPECIFIED.,.F.,.F.,.F.,(2,2),(2,2),(0.,18.16),(0.,1.),
  .PIECEWISE_BEZIER_KNOTS.);
#2679 = CARTESIAN_POINT('',(88.284476555206,41.6826486969,
    22.234405570595));
#2680 = CARTESIAN_POINT('',(90.999702637581,44.604615010564,
    27.979573646139));
#2681 = CARTESIAN_POINT('',(106.386073258,42.898869834184,
    23.033531940174));
#2682 = CARTESIAN_POINT('',(102.81159255653,45.39823948616,
    28.501030005143));
#2683 = ADVANCED_FACE('',(#2684),#2708,.T.);
#2684 = FACE_BOUND('',#2685,.T.);
#2685 = EDGE_LOOP('',(#2686,#2694,#2701,#2707));
#2686 = ORIENTED_EDGE('',*,*,#2687,.T.);
#2687 = EDGE_CURVE('',#2652,#2688,#2690,.T.);
#2688 = VERTEX_POINT('',#2689);
#2689 = CARTESIAN_POINT('',(105.27796101941,60.882428583189,
    20.76432459227));
#2690 = LINE('',#2691,#2692);
#2691 = CARTESIAN_POINT('',(106.386073258,42.898869834184,
    23.033531940174));
#2692 = VECTOR('',#2693,1.);
#2693 = DIRECTION('',(-6.101939639812E-02,0.990284072082,-0.124956351757
    ));
#2694 = ORIENTED_EDGE('',*,*,#2695,.T.);
#2695 = EDGE_CURVE('',#2688,#2696,#2698,.T.);
#2696 = VERTEX_POINT('',#2697);
#2697 = CARTESIAN_POINT('',(101.85173457814,60.052092704173,
    27.941213652279));
#2698 = B_SPLINE_CURVE_WITH_KNOTS('',1,(#2699,#2700),.UNSPECIFIED.,.F.,
  .F.,(2,2),(0.,1.),.PIECEWISE_BEZIER_KNOTS.);
#2699 = CARTESIAN_POINT('',(105.27796101941,60.882428583189,
    20.76432459227));
#2700 = CARTESIAN_POINT('',(101.85173457814,60.052092704173,
    27.941213652279));
#2701 = ORIENTED_EDGE('',*,*,#2702,.F.);
#2702 = EDGE_CURVE('',#2660,#2696,#2703,.T.);
#2703 = LINE('',#2704,#2705);
#2704 = CARTESIAN_POINT('',(102.81159255653,45.39823948616,
    28.501030005143));
#2705 = VECTOR('',#2706,1.);
#2706 = DIRECTION('',(-6.531457848292E-02,0.997137355355,
    -3.809331165496E-02));
#2707 = ORIENTED_EDGE('',*,*,#2659,.F.);
#2708 = B_SPLINE_SURFACE_WITH_KNOTS('',1,1,(
    (#2709,#2710)
    ,(#2711,#2712
    )),.UNSPECIFIED.,.F.,.F.,.F.,(2,2),(2,2),(0.,18.16),(0.,1.),
  .PIECEWISE_BEZIER_KNOTS.);
#2709 = CARTESIAN_POINT('',(106.386073258,42.898869834184,
    23.033531940174));
#2710 = CARTESIAN_POINT('',(102.81159255653,45.39823948616,
    28.501030005143));
#2711 = CARTESIAN_POINT('',(105.27796101941,60.882428583189,
    20.76432459227));
#2712 = CARTESIAN_POINT('',(101.85173457814,60.052092704173,
    27.941213652279));
#2713 = ADVANCED_FACE('',(#2714),#2738,.T.);
#2714 = FACE_BOUND('',#2715,.T.);
#2715 = EDGE_LOOP('',(#2716,#2724,#2731,#2737));
#2716 = ORIENTED_EDGE('',*,*,#2717,.T.);
#2717 = EDGE_CURVE('',#2688,#2718,#2720,.T.);
#2718 = VERTEX_POINT('',#2719);
#2719 = CARTESIAN_POINT('',(87.176364316617,59.666207445904,
    19.965198222691));
#2720 = LINE('',#2721,#2722);
#2721 = CARTESIAN_POINT('',(105.27796101941,60.882428583189,
    20.76432459227));
#2722 = VECTOR('',#2723,1.);
#2723 = DIRECTION('',(-0.996783959405,-6.697252958615E-02,
    -4.400475603408E-02));
#2724 = ORIENTED_EDGE('',*,*,#2725,.T.);
#2725 = EDGE_CURVE('',#2718,#2726,#2728,.T.);
#2726 = VERTEX_POINT('',#2727);
#2727 = CARTESIAN_POINT('',(90.039844659194,59.258468228577,
    27.419757293275));
#2728 = B_SPLINE_CURVE_WITH_KNOTS('',1,(#2729,#2730),.UNSPECIFIED.,.F.,
  .F.,(2,2),(0.,1.),.PIECEWISE_BEZIER_KNOTS.);
#2729 = CARTESIAN_POINT('',(87.176364316617,59.666207445904,
    19.965198222691));
#2730 = CARTESIAN_POINT('',(90.039844659194,59.258468228577,
    27.419757293275));
#2731 = ORIENTED_EDGE('',*,*,#2732,.F.);
#2732 = EDGE_CURVE('',#2696,#2726,#2733,.T.);
#2733 = LINE('',#2734,#2735);
#2734 = CARTESIAN_POINT('',(101.85173457814,60.052092704173,
    27.941213652279));
#2735 = VECTOR('',#2736,1.);
#2736 = DIRECTION('',(-0.996783959405,-6.697252958615E-02,
    -4.400475603408E-02));
#2737 = ORIENTED_EDGE('',*,*,#2695,.F.);
#2738 = B_SPLINE_SURFACE_WITH_KNOTS('',1,1,(
    (#2739,#2740)
    ,(#2741,#2742
    )),.UNSPECIFIED.,.F.,.F.,.F.,(2,2),(2,2),(0.,18.16),(0.,1.),
  .PIECEWISE_BEZIER_KNOTS.);
#2739 = CARTESIAN_POINT('',(105.27796101941,60.882428583189,
    20.76432459227));
#2740 = CARTESIAN_POINT('',(101.85173457814,60.052092704173,
    27.941213652279));
#2741 = CARTESIAN_POINT('',(87.176364316617,59.666207445904,
    19.965198222691));
#2742 = CARTESIAN_POINT('',(90.039844659194,59.258468228577,
    27.419757293275));
#2743 = ADVANCED_FACE('',(#2744),#2760,.T.);
#2744 = FACE_BOUND('',#2745,.T.);
#2745 = EDGE_LOOP('',(#2746,#2752,#2753,#2759));
#2746 = ORIENTED_EDGE('',*,*,#2747,.T.);
#2747 = EDGE_CURVE('',#2718,#2650,#2748,.T.);
#2748 = LINE('',#2749,#2750);
#2749 = CARTESIAN_POINT('',(87.176364316617,59.666207445904,
    19.965198222691));
#2750 = VECTOR('',#2751,1.);
#2751 = DIRECTION('',(6.101939639812E-02,-0.990284072082,0.124956351757)
  );
#2752 = ORIENTED_EDGE('',*,*,#2674,.T.);
#2753 = ORIENTED_EDGE('',*,*,#2754,.F.);
#2754 = EDGE_CURVE('',#2726,#2667,#2755,.T.);
#2755 = LINE('',#2756,#2757);
#2756 = CARTESIAN_POINT('',(90.039844659194,59.258468228577,
    27.419757293275));
#2757 = VECTOR('',#2758,1.);
#2758 = DIRECTION('',(6.531457848292E-02,-0.997137355355,
    3.809331165496E-02));
#2759 = ORIENTED_EDGE('',*,*,#2725,.F.);
#2760 = B_SPLINE_SURFACE_WITH_KNOTS('',1,1,(
    (#2761,#2762)
    ,(#2763,#2764
    )),.UNSPECIFIED.,.F.,.F.,.F.,(2,2),(2,2),(0.,18.16),(0.,1.),
  .PIECEWISE_BEZIER_KNOTS.);
#2761 = CARTESIAN_POINT('',(87.176364316617,59.666207445904,
    19.965198222691));
#2762 = CARTESIAN_POINT('',(90.039844659194,59.258468228577,
    27.419757293275));
#2763 = CARTESIAN_POINT('',(88.284476555206,41.6826486969,
    22.234405570595));
#2764 = CARTESIAN_POINT('',(90.999702637581,44.604615010564,
    27.979573646139));
#2765 = ADVANCED_FACE('',(#2766),#2772,.T.);
#2766 = FACE_BOUND('',#2767,.F.);
#2767 = EDGE_LOOP('',(#2768,#2769,#2770,#2771));
#2768 = ORIENTED_EDGE('',*,*,#2649,.T.);
#2769 = ORIENTED_EDGE('',*,*,#2687,.T.);
#2770 = ORIENTED_EDGE('',*,*,#2717,.T.);
#2771 = ORIENTED_EDGE('',*,*,#2747,.T.);
#2772 = PLANE('',#2773);
#2773 = AXIS2_PLACEMENT_3D('',#2774,#2775,#2776);
#2774 = CARTESIAN_POINT('',(88.284476555206,41.6826486969,
    22.234405570595));
#2775 = DIRECTION('',(5.19458519614E-02,-0.121869343405,-0.991185901636)
  );
#2776 = DIRECTION('',(0.661685468096,0.747593312494,-5.724142228344E-02)
  );
#2777 = ADVANCED_FACE('',(#2778),#2784,.F.);
#2778 = FACE_BOUND('',#2779,.T.);
#2779 = EDGE_LOOP('',(#2780,#2781,#2782,#2783));
#2780 = ORIENTED_EDGE('',*,*,#2666,.T.);
#2781 = ORIENTED_EDGE('',*,*,#2702,.T.);
#2782 = ORIENTED_EDGE('',*,*,#2732,.T.);
#2783 = ORIENTED_EDGE('',*,*,#2754,.T.);
#2784 = PLANE('',#2785);
#2785 = AXIS2_PLACEMENT_3D('',#2786,#2787,#2788);
#2786 = CARTESIAN_POINT('',(90.999702637581,44.604615010564,
    27.979573646139));
#2787 = DIRECTION('',(4.642999149672E-02,-3.509664992667E-02,
    -0.998304803681));
#2788 = DIRECTION('',(0.574839631816,0.818263569304,-2.03195538569E-03)
  );
#2789 = MANIFOLD_SOLID_BREP('',#2790);
#2790 = CLOSED_SHELL('',(#2791,#2829,#2859,#2889,#2911,#2923));
#2791 = ADVANCED_FACE('',(#2792),#2824,.T.);
#2792 = FACE_BOUND('',#2793,.T.);
#2793 = EDGE_LOOP('',(#2794,#2804,#2811,#2819));
#2794 = ORIENTED_EDGE('',*,*,#2795,.T.);
#2795 = EDGE_CURVE('',#2796,#2798,#2800,.T.);
#2796 = VERTEX_POINT('',#2797);
#2797 = CARTESIAN_POINT('',(109.76394899388,43.189250479561,
    23.174855716167));
#2798 = VERTEX_POINT('',#2799);
#2799 = CARTESIAN_POINT('',(127.80329714686,45.157165354868,
    23.878296729355));
#2800 = LINE('',#2801,#2802);
#2801 = CARTESIAN_POINT('',(109.76394899388,43.189250479561,
    23.174855716167));
#2802 = VECTOR('',#2803,1.);
#2803 = DIRECTION('',(0.993356175825,0.10836535657,3.873573861165E-02));
#2804 = ORIENTED_EDGE('',*,*,#2805,.T.);
#2805 = EDGE_CURVE('',#2798,#2806,#2808,.T.);
#2806 = VERTEX_POINT('',#2807);
#2807 = CARTESIAN_POINT('',(124.15587416495,47.518561376252,
    29.358936331996));
#2808 = B_SPLINE_CURVE_WITH_KNOTS('',1,(#2809,#2810),.UNSPECIFIED.,.F.,
  .F.,(2,2),(0.,1.),.PIECEWISE_BEZIER_KNOTS.);
#2809 = CARTESIAN_POINT('',(127.80329714686,45.157165354868,
    23.878296729355));
#2810 = CARTESIAN_POINT('',(124.15587416495,47.518561376252,
    29.358936331995));
#2811 = ORIENTED_EDGE('',*,*,#2812,.F.);
#2812 = EDGE_CURVE('',#2813,#2806,#2815,.T.);
#2813 = VERTEX_POINT('',#2814);
#2814 = CARTESIAN_POINT('',(112.38460348142,46.2344319009,
    28.899917829447));
#2815 = LINE('',#2816,#2817);
#2816 = CARTESIAN_POINT('',(112.38460348142,46.2344319009,
    28.899917829447));
#2817 = VECTOR('',#2818,1.);
#2818 = DIRECTION('',(0.993356175825,0.10836535657,3.873573861165E-02));
#2819 = ORIENTED_EDGE('',*,*,#2820,.F.);
#2820 = EDGE_CURVE('',#2796,#2813,#2821,.T.);
#2821 = B_SPLINE_CURVE_WITH_KNOTS('',1,(#2822,#2823),.UNSPECIFIED.,.F.,
  .F.,(2,2),(0.,1.),.PIECEWISE_BEZIER_KNOTS.);
#2822 = CARTESIAN_POINT('',(109.76394899388,43.189250479561,
    23.174855716167));
#2823 = CARTESIAN_POINT('',(112.38460348142,46.2344319009,
    28.899917829447));
#2824 = B_SPLINE_SURFACE_WITH_KNOTS('',1,1,(
    (#2825,#2826)
    ,(#2827,#2828
    )),.UNSPECIFIED.,.F.,.F.,.F.,(2,2),(2,2),(0.,18.16),(0.,1.),
  .PIECEWISE_BEZIER_KNOTS.);
#2825 = CARTESIAN_POINT('',(109.76394899388,43.189250479561,
    23.174855716167));
#2826 = CARTESIAN_POINT('',(112.38460348142,46.2344319009,
    28.899917829447));
#2827 = CARTESIAN_POINT('',(127.80329714686,45.157165354868,
    23.878296729355));
#2828 = CARTESIAN_POINT('',(124.15587416495,47.518561376252,
    29.358936331995));
#2829 = ADVANCED_FACE('',(#2830),#2854,.T.);
#2830 = FACE_BOUND('',#2831,.T.);
#2831 = EDGE_LOOP('',(#2832,#2840,#2847,#2853));
#2832 = ORIENTED_EDGE('',*,*,#2833,.T.);
#2833 = EDGE_CURVE('',#2798,#2834,#2836,.T.);
#2834 = VERTEX_POINT('',#2835);
#2835 = CARTESIAN_POINT('',(125.93845556124,63.074053761543,
    21.577628199709));
#2836 = LINE('',#2837,#2838);
#2837 = CARTESIAN_POINT('',(127.80329714686,45.157165354868,
    23.878296729355));
#2838 = VECTOR('',#2839,1.);
#2839 = DIRECTION('',(-0.102689514627,0.986612797724,-0.126688795685));
#2840 = ORIENTED_EDGE('',*,*,#2841,.T.);
#2841 = EDGE_CURVE('',#2834,#2842,#2844,.T.);
#2842 = VERTEX_POINT('',#2843);
#2843 = CARTESIAN_POINT('',(122.58596565569,62.118667137674,
    28.773757000018));
#2844 = B_SPLINE_CURVE_WITH_KNOTS('',1,(#2845,#2846),.UNSPECIFIED.,.F.,
  .F.,(2,2),(0.,1.),.PIECEWISE_BEZIER_KNOTS.);
#2845 = CARTESIAN_POINT('',(125.93845556124,63.074053761543,
    21.577628199709));
#2846 = CARTESIAN_POINT('',(122.58596565569,62.118667137674,
    28.773757000018));
#2847 = ORIENTED_EDGE('',*,*,#2848,.F.);
#2848 = EDGE_CURVE('',#2806,#2842,#2849,.T.);
#2849 = LINE('',#2850,#2851);
#2850 = CARTESIAN_POINT('',(124.15587416495,47.518561376252,
    29.358936331995));
#2851 = VECTOR('',#2852,1.);
#2852 = DIRECTION('',(-0.106826129331,0.993480051305,-3.981916311129E-02
    ));
#2853 = ORIENTED_EDGE('',*,*,#2805,.F.);
#2854 = B_SPLINE_SURFACE_WITH_KNOTS('',1,1,(
    (#2855,#2856)
    ,(#2857,#2858
    )),.UNSPECIFIED.,.F.,.F.,.F.,(2,2),(2,2),(0.,18.16),(0.,1.),
  .PIECEWISE_BEZIER_KNOTS.);
#2855 = CARTESIAN_POINT('',(127.80329714686,45.157165354868,
    23.878296729355));
#2856 = CARTESIAN_POINT('',(124.15587416495,47.518561376252,
    29.358936331995));
#2857 = CARTESIAN_POINT('',(125.93845556124,63.074053761543,
    21.577628199709));
#2858 = CARTESIAN_POINT('',(122.58596565569,62.118667137674,
    28.773757000018));
#2859 = ADVANCED_FACE('',(#2860),#2884,.T.);
#2860 = FACE_BOUND('',#2861,.T.);
#2861 = EDGE_LOOP('',(#2862,#2870,#2877,#2883));
#2862 = ORIENTED_EDGE('',*,*,#2863,.T.);
#2863 = EDGE_CURVE('',#2834,#2864,#2866,.T.);
#2864 = VERTEX_POINT('',#2865);
#2865 = CARTESIAN_POINT('',(107.89910740826,61.106138886236,
    20.874187186521));
#2866 = LINE('',#2867,#2868);
#2867 = CARTESIAN_POINT('',(125.93845556124,63.074053761543,
    21.577628199709));
#2868 = VECTOR('',#2869,1.);
#2869 = DIRECTION('',(-0.993356175825,-0.10836535657,-3.873573861165E-02
    ));
#2870 = ORIENTED_EDGE('',*,*,#2871,.T.);
#2871 = EDGE_CURVE('',#2864,#2872,#2874,.T.);
#2872 = VERTEX_POINT('',#2873);
#2873 = CARTESIAN_POINT('',(110.81469497217,60.834537662322,
    28.314738497469));
#2874 = B_SPLINE_CURVE_WITH_KNOTS('',1,(#2875,#2876),.UNSPECIFIED.,.F.,
  .F.,(2,2),(0.,1.),.PIECEWISE_BEZIER_KNOTS.);
#2875 = CARTESIAN_POINT('',(107.89910740826,61.106138886236,
    20.874187186521));
#2876 = CARTESIAN_POINT('',(110.81469497217,60.834537662322,
    28.314738497469));
#2877 = ORIENTED_EDGE('',*,*,#2878,.F.);
#2878 = EDGE_CURVE('',#2842,#2872,#2879,.T.);
#2879 = LINE('',#2880,#2881);
#2880 = CARTESIAN_POINT('',(122.58596565569,62.118667137674,
    28.773757000018));
#2881 = VECTOR('',#2882,1.);
#2882 = DIRECTION('',(-0.993356175825,-0.10836535657,-3.873573861165E-02
    ));
#2883 = ORIENTED_EDGE('',*,*,#2841,.F.);
#2884 = B_SPLINE_SURFACE_WITH_KNOTS('',1,1,(
    (#2885,#2886)
    ,(#2887,#2888
    )),.UNSPECIFIED.,.F.,.F.,.F.,(2,2),(2,2),(0.,18.16),(0.,1.),
  .PIECEWISE_BEZIER_KNOTS.);
#2885 = CARTESIAN_POINT('',(125.93845556124,63.074053761543,
    21.577628199709));
#2886 = CARTESIAN_POINT('',(122.58596565569,62.118667137674,
    28.773757000018));
#2887 = CARTESIAN_POINT('',(107.89910740826,61.106138886236,
    20.874187186521));
#2888 = CARTESIAN_POINT('',(110.81469497217,60.834537662322,
    28.314738497469));
#2889 = ADVANCED_FACE('',(#2890),#2906,.T.);
#2890 = FACE_BOUND('',#2891,.T.);
#2891 = EDGE_LOOP('',(#2892,#2898,#2899,#2905));
#2892 = ORIENTED_EDGE('',*,*,#2893,.T.);
#2893 = EDGE_CURVE('',#2864,#2796,#2894,.T.);
#2894 = LINE('',#2895,#2896);
#2895 = CARTESIAN_POINT('',(107.89910740826,61.106138886236,
    20.874187186521));
#2896 = VECTOR('',#2897,1.);
#2897 = DIRECTION('',(0.102689514627,-0.986612797724,0.126688795685));
#2898 = ORIENTED_EDGE('',*,*,#2820,.T.);
#2899 = ORIENTED_EDGE('',*,*,#2900,.F.);
#2900 = EDGE_CURVE('',#2872,#2813,#2901,.T.);
#2901 = LINE('',#2902,#2903);
#2902 = CARTESIAN_POINT('',(110.81469497217,60.834537662322,
    28.314738497469));
#2903 = VECTOR('',#2904,1.);
#2904 = DIRECTION('',(0.106826129331,-0.993480051305,3.981916311129E-02)
  );
#2905 = ORIENTED_EDGE('',*,*,#2871,.F.);
#2906 = B_SPLINE_SURFACE_WITH_KNOTS('',1,1,(
    (#2907,#2908)
    ,(#2909,#2910
    )),.UNSPECIFIED.,.F.,.F.,.F.,(2,2),(2,2),(0.,18.16),(0.,1.),
  .PIECEWISE_BEZIER_KNOTS.);
#2907 = CARTESIAN_POINT('',(107.89910740826,61.106138886236,
    20.874187186521));
#2908 = CARTESIAN_POINT('',(110.81469497217,60.834537662322,
    28.314738497469));
#2909 = CARTESIAN_POINT('',(109.76394899388,43.189250479561,
    23.174855716167));
#2910 = CARTESIAN_POINT('',(112.38460348142,46.2344319009,
    28.899917829447));
#2911 = ADVANCED_FACE('',(#2912),#2918,.T.);
#2912 = FACE_BOUND('',#2913,.F.);
#2913 = EDGE_LOOP('',(#2914,#2915,#2916,#2917));
#2914 = ORIENTED_EDGE('',*,*,#2795,.T.);
#2915 = ORIENTED_EDGE('',*,*,#2833,.T.);
#2916 = ORIENTED_EDGE('',*,*,#2863,.T.);
#2917 = ORIENTED_EDGE('',*,*,#2893,.T.);
#2918 = PLANE('',#2919);
#2919 = AXIS2_PLACEMENT_3D('',#2920,#2921,#2922);
#2920 = CARTESIAN_POINT('',(109.76394899388,43.189250479561,
    23.174855716167));
#2921 = DIRECTION('',(5.19458519614E-02,-0.121869343405,-0.991185901636)
  );
#2922 = DIRECTION('',(0.62979643591,0.774266478153,-6.219220308291E-02)
  );
#2923 = ADVANCED_FACE('',(#2924),#2930,.F.);
#2924 = FACE_BOUND('',#2925,.T.);
#2925 = EDGE_LOOP('',(#2926,#2927,#2928,#2929));
#2926 = ORIENTED_EDGE('',*,*,#2812,.T.);
#2927 = ORIENTED_EDGE('',*,*,#2848,.T.);
#2928 = ORIENTED_EDGE('',*,*,#2878,.T.);
#2929 = ORIENTED_EDGE('',*,*,#2900,.T.);
#2930 = PLANE('',#2931);
#2931 = AXIS2_PLACEMENT_3D('',#2932,#2933,#2934);
#2932 = CARTESIAN_POINT('',(112.38460348142,46.2344319009,
    28.899917829447));
#2933 = DIRECTION('',(4.279820139211E-02,-3.541662257012E-02,
    -0.998455796119));
#2934 = DIRECTION('',(0.540373204613,0.841398918212,-6.682826325645E-03)
  );
#2935 = MANIFOLD_SOLID_BREP('',#2936);
#2936 = CLOSED_SHELL('',(#2937,#2975,#3005,#3035,#3057,#3069));
#2937 = ADVANCED_FACE('',(#2938),#2970,.T.);
#2938 = FACE_BOUND('',#2939,.T.);
#2939 = EDGE_LOOP('',(#2940,#2950,#2957,#2965));
#2940 = ORIENTED_EDGE('',*,*,#2941,.T.);
#2941 = EDGE_CURVE('',#2942,#2944,#2946,.T.);
#2942 = VERTEX_POINT('',#2943);
#2943 = CARTESIAN_POINT('',(-9.01791174491,60.129102489623,
    14.866955470722));
#2944 = VERTEX_POINT('',#2945);
#2945 = CARTESIAN_POINT('',(32.897066402577,60.129102489623,
    17.063626394129));
#2946 = LINE('',#2947,#2948);
#2947 = CARTESIAN_POINT('',(-9.01791174491,60.129102489623,
    14.866955470722));
#2948 = VECTOR('',#2949,1.);
#2949 = DIRECTION('',(0.998629534755,2.165773850982E-18,
    5.233595624294E-02));
#2950 = ORIENTED_EDGE('',*,*,#2951,.T.);
#2951 = EDGE_CURVE('',#2944,#2952,#2954,.T.);
#2952 = VERTEX_POINT('',#2953);
#2953 = CARTESIAN_POINT('',(29.454769729402,62.838363470029,
    22.462956902359));
#2954 = B_SPLINE_CURVE_WITH_KNOTS('',1,(#2955,#2956),.UNSPECIFIED.,.F.,
  .F.,(2,2),(0.,1.),.PIECEWISE_BEZIER_KNOTS.);
#2955 = CARTESIAN_POINT('',(32.897066402577,60.129102489623,
    17.063626394129));
#2956 = CARTESIAN_POINT('',(29.454769729402,62.838363470029,
    22.462956902359));
#2957 = ORIENTED_EDGE('',*,*,#2958,.F.);
#2958 = EDGE_CURVE('',#2959,#2952,#2961,.T.);
#2959 = VERTEX_POINT('',#2960);
#2960 = CARTESIAN_POINT('',(-6.158856053783,62.838363470029,
    20.596525862845));
#2961 = LINE('',#2962,#2963);
#2962 = CARTESIAN_POINT('',(-6.158856053783,62.838363470029,
    20.596525862845));
#2963 = VECTOR('',#2964,1.);
#2964 = DIRECTION('',(0.998629534755,2.165773850982E-18,
    5.233595624294E-02));
#2965 = ORIENTED_EDGE('',*,*,#2966,.F.);
#2966 = EDGE_CURVE('',#2942,#2959,#2967,.T.);
#2967 = B_SPLINE_CURVE_WITH_KNOTS('',1,(#2968,#2969),.UNSPECIFIED.,.F.,
  .F.,(2,2),(0.,1.),.PIECEWISE_BEZIER_KNOTS.);
#2968 = CARTESIAN_POINT('',(-9.01791174491,60.129102489623,
    14.866955470722));
#2969 = CARTESIAN_POINT('',(-6.158856053783,62.838363470029,
    20.596525862845));
#2970 = B_SPLINE_SURFACE_WITH_KNOTS('',1,1,(
    (#2971,#2972)
    ,(#2973,#2974
    )),.UNSPECIFIED.,.F.,.F.,.F.,(2,2),(2,2),(0.,41.9725),(0.,1.),
  .PIECEWISE_BEZIER_KNOTS.);
#2971 = CARTESIAN_POINT('',(-9.01791174491,60.129102489623,
    14.866955470722));
#2972 = CARTESIAN_POINT('',(-6.158856053783,62.838363470029,
    20.596525862845));
#2973 = CARTESIAN_POINT('',(32.897066402577,60.129102489623,
    17.063626394129));
#2974 = CARTESIAN_POINT('',(29.454769729402,62.838363470029,
    22.462956902359));
#2975 = ADVANCED_FACE('',(#2976),#3000,.T.);
#2976 = FACE_BOUND('',#2977,.T.);
#2977 = EDGE_LOOP('',(#2978,#2986,#2993,#2999));
#2978 = ORIENTED_EDGE('',*,*,#2979,.T.);
#2979 = EDGE_CURVE('',#2944,#2980,#2982,.T.);
#2980 = VERTEX_POINT('',#2981);
#2981 = CARTESIAN_POINT('',(33.012893581585,78.15374060343,
    14.853512159316));
#2982 = LINE('',#2983,#2984);
#2983 = CARTESIAN_POINT('',(32.897066402577,60.129102489623,
    17.063626394129));
#2984 = VECTOR('',#2985,1.);
#2985 = DIRECTION('',(6.378148623808E-03,0.992546151641,-0.121702325706)
  );
#2986 = ORIENTED_EDGE('',*,*,#2987,.T.);
#2987 = EDGE_CURVE('',#2980,#2988,#2990,.T.);
#2988 = VERTEX_POINT('',#2989);
#2989 = CARTESIAN_POINT('',(29.393422940938,77.732232046901,
    23.633523358389));
#2990 = B_SPLINE_CURVE_WITH_KNOTS('',1,(#2991,#2992),.UNSPECIFIED.,.F.,
  .F.,(2,2),(0.,1.),.PIECEWISE_BEZIER_KNOTS.);
#2991 = CARTESIAN_POINT('',(33.012893581585,78.15374060343,
    14.853512159316));
#2992 = CARTESIAN_POINT('',(29.393422940938,77.732232046901,
    23.633523358389));
#2993 = ORIENTED_EDGE('',*,*,#2994,.F.);
#2994 = EDGE_CURVE('',#2952,#2988,#2995,.T.);
#2995 = LINE('',#2996,#2997);
#2996 = CARTESIAN_POINT('',(29.454769729402,62.838363470029,
    22.462956902359));
#2997 = VECTOR('',#2998,1.);
#2998 = DIRECTION('',(-4.106231800873E-03,0.996917333733,
    7.835157026396E-02));
#2999 = ORIENTED_EDGE('',*,*,#2951,.F.);
#3000 = B_SPLINE_SURFACE_WITH_KNOTS('',1,1,(
    (#3001,#3002)
    ,(#3003,#3004
    )),.UNSPECIFIED.,.F.,.F.,.F.,(2,2),(2,2),(0.,18.16),(0.,1.),
  .PIECEWISE_BEZIER_KNOTS.);
#3001 = CARTESIAN_POINT('',(32.897066402577,60.129102489623,
    17.063626394129));
#3002 = CARTESIAN_POINT('',(29.454769729402,62.838363470029,
    22.462956902359));
#3003 = CARTESIAN_POINT('',(33.012893581585,78.15374060343,
    14.853512159316));
#3004 = CARTESIAN_POINT('',(29.393422940938,77.732232046901,
    23.633523358389));
#3005 = ADVANCED_FACE('',(#3006),#3030,.T.);
#3006 = FACE_BOUND('',#3007,.T.);
#3007 = EDGE_LOOP('',(#3008,#3016,#3023,#3029));
#3008 = ORIENTED_EDGE('',*,*,#3009,.T.);
#3009 = EDGE_CURVE('',#2980,#3010,#3012,.T.);
#3010 = VERTEX_POINT('',#3011);
#3011 = CARTESIAN_POINT('',(-8.902084565901,78.15374060343,
    12.656841235909));
#3012 = LINE('',#3013,#3014);
#3013 = CARTESIAN_POINT('',(33.012893581585,78.15374060343,
    14.853512159316));
#3014 = VECTOR('',#3015,1.);
#3015 = DIRECTION('',(-0.998629534755,-2.165773850982E-18,
    -5.233595624294E-02));
#3016 = ORIENTED_EDGE('',*,*,#3017,.T.);
#3017 = EDGE_CURVE('',#3010,#3018,#3020,.T.);
#3018 = VERTEX_POINT('',#3019);
#3019 = CARTESIAN_POINT('',(-6.220202842247,77.732232046901,
    21.767092318875));
#3020 = B_SPLINE_CURVE_WITH_KNOTS('',1,(#3021,#3022),.UNSPECIFIED.,.F.,
  .F.,(2,2),(0.,1.),.PIECEWISE_BEZIER_KNOTS.);
#3021 = CARTESIAN_POINT('',(-8.902084565901,78.15374060343,
    12.656841235909));
#3022 = CARTESIAN_POINT('',(-6.220202842247,77.732232046901,
    21.767092318875));
#3023 = ORIENTED_EDGE('',*,*,#3024,.F.);
#3024 = EDGE_CURVE('',#2988,#3018,#3025,.T.);
#3025 = LINE('',#3026,#3027);
#3026 = CARTESIAN_POINT('',(29.393422940938,77.732232046901,
    23.633523358389));
#3027 = VECTOR('',#3028,1.);
#3028 = DIRECTION('',(-0.998629534755,-2.165773850982E-18,
    -5.233595624294E-02));
#3029 = ORIENTED_EDGE('',*,*,#2987,.F.);
#3030 = B_SPLINE_SURFACE_WITH_KNOTS('',1,1,(
    (#3031,#3032)
    ,(#3033,#3034
    )),.UNSPECIFIED.,.F.,.F.,.F.,(2,2),(2,2),(0.,41.9725),(0.,1.),
  .PIECEWISE_BEZIER_KNOTS.);
#3031 = CARTESIAN_POINT('',(33.012893581585,78.15374060343,
    14.853512159316));
#3032 = CARTESIAN_POINT('',(29.393422940938,77.732232046901,
    23.633523358389));
#3033 = CARTESIAN_POINT('',(-8.902084565901,78.15374060343,
    12.656841235909));
#3034 = CARTESIAN_POINT('',(-6.220202842247,77.732232046901,
    21.767092318875));
#3035 = ADVANCED_FACE('',(#3036),#3052,.T.);
#3036 = FACE_BOUND('',#3037,.T.);
#3037 = EDGE_LOOP('',(#3038,#3044,#3045,#3051));
#3038 = ORIENTED_EDGE('',*,*,#3039,.T.);
#3039 = EDGE_CURVE('',#3010,#2942,#3040,.T.);
#3040 = LINE('',#3041,#3042);
#3041 = CARTESIAN_POINT('',(-8.902084565901,78.15374060343,
    12.656841235909));
#3042 = VECTOR('',#3043,1.);
#3043 = DIRECTION('',(-6.378148623808E-03,-0.992546151641,0.121702325706
    ));
#3044 = ORIENTED_EDGE('',*,*,#2966,.T.);
#3045 = ORIENTED_EDGE('',*,*,#3046,.F.);
#3046 = EDGE_CURVE('',#3018,#2959,#3047,.T.);
#3047 = LINE('',#3048,#3049);
#3048 = CARTESIAN_POINT('',(-6.220202842247,77.732232046901,
    21.767092318875));
#3049 = VECTOR('',#3050,1.);
#3050 = DIRECTION('',(4.106231800873E-03,-0.996917333733,
    -7.835157026396E-02));
#3051 = ORIENTED_EDGE('',*,*,#3017,.F.);
#3052 = B_SPLINE_SURFACE_WITH_KNOTS('',1,1,(
    (#3053,#3054)
    ,(#3055,#3056
    )),.UNSPECIFIED.,.F.,.F.,.F.,(2,2),(2,2),(0.,18.16),(0.,1.),
  .PIECEWISE_BEZIER_KNOTS.);
#3053 = CARTESIAN_POINT('',(-8.902084565901,78.15374060343,
    12.656841235909));
#3054 = CARTESIAN_POINT('',(-6.220202842247,77.732232046901,
    21.767092318875));
#3055 = CARTESIAN_POINT('',(-9.01791174491,60.129102489623,
    14.866955470722));
#3056 = CARTESIAN_POINT('',(-6.158856053783,62.838363470029,
    20.596525862845));
#3057 = ADVANCED_FACE('',(#3058),#3064,.T.);
#3058 = FACE_BOUND('',#3059,.F.);
#3059 = EDGE_LOOP('',(#3060,#3061,#3062,#3063));
#3060 = ORIENTED_EDGE('',*,*,#2941,.T.);
#3061 = ORIENTED_EDGE('',*,*,#2979,.T.);
#3062 = ORIENTED_EDGE('',*,*,#3009,.T.);
#3063 = ORIENTED_EDGE('',*,*,#3039,.T.);
#3064 = PLANE('',#3065);
#3065 = AXIS2_PLACEMENT_3D('',#3066,#3067,#3068);
#3066 = CARTESIAN_POINT('',(-9.01791174491,60.129102489623,
    14.866955470722));
#3067 = DIRECTION('',(5.19458519614E-02,-0.121869343405,-0.991185901636)
  );
#3068 = DIRECTION('',(0.919054427684,0.394130527294,-2.939542741074E-04)
  );
#3069 = ADVANCED_FACE('',(#3070),#3076,.F.);
#3070 = FACE_BOUND('',#3071,.T.);
#3071 = EDGE_LOOP('',(#3072,#3073,#3074,#3075));
#3072 = ORIENTED_EDGE('',*,*,#2958,.T.);
#3073 = ORIENTED_EDGE('',*,*,#2994,.T.);
#3074 = ORIENTED_EDGE('',*,*,#3024,.T.);
#3075 = ORIENTED_EDGE('',*,*,#3046,.T.);
#3076 = PLANE('',#3077);
#3077 = AXIS2_PLACEMENT_3D('',#3078,#3079,#3080);
#3078 = CARTESIAN_POINT('',(-6.158856053783,62.838363470029,
    20.596525862845));
#3079 = DIRECTION('',(5.217462195609E-02,7.845909572785E-02,
    -0.995551093175));
#3080 = DIRECTION('',(0.919484978982,0.385198609557,7.854555762157E-02)
  );
#3081 = MANIFOLD_SOLID_BREP('',#3082);
#3082 = CLOSED_SHELL('',(#3083,#3121,#3151,#3181,#3203,#3215));
#3083 = ADVANCED_FACE('',(#3084),#3116,.T.);
#3084 = FACE_BOUND('',#3085,.T.);
#3085 = EDGE_LOOP('',(#3086,#3096,#3103,#3111));
#3086 = ORIENTED_EDGE('',*,*,#3087,.T.);
#3087 = EDGE_CURVE('',#3088,#3090,#3092,.T.);
#3088 = VERTEX_POINT('',#3089);
#3089 = CARTESIAN_POINT('',(33.786595660659,60.129102489623,
    17.110244647152));
#3090 = VERTEX_POINT('',#3091);
#3091 = CARTESIAN_POINT('',(51.921708011802,60.129102489623,
    18.060665612524));
#3092 = LINE('',#3093,#3094);
#3093 = CARTESIAN_POINT('',(33.786595660659,60.129102489623,
    17.110244647152));
#3094 = VECTOR('',#3095,1.);
#3095 = DIRECTION('',(0.998629534755,2.165773850982E-18,
    5.233595624294E-02));
#3096 = ORIENTED_EDGE('',*,*,#3097,.T.);
#3097 = EDGE_CURVE('',#3090,#3098,#3100,.T.);
#3098 = VERTEX_POINT('',#3099);
#3099 = CARTESIAN_POINT('',(48.479411338627,62.838363470029,
    23.459996120754));
#3100 = B_SPLINE_CURVE_WITH_KNOTS('',1,(#3101,#3102),.UNSPECIFIED.,.F.,
  .F.,(2,2),(0.,1.),.PIECEWISE_BEZIER_KNOTS.);
#3101 = CARTESIAN_POINT('',(51.921708011802,60.129102489623,
    18.060665612524));
#3102 = CARTESIAN_POINT('',(48.479411338627,62.838363470029,
    23.459996120754));
#3103 = ORIENTED_EDGE('',*,*,#3104,.F.);
#3104 = EDGE_CURVE('',#3105,#3098,#3107,.T.);
#3105 = VERTEX_POINT('',#3106);
#3106 = CARTESIAN_POINT('',(36.645651351786,62.838363470029,
    22.839815039276));
#3107 = LINE('',#3108,#3109);
#3108 = CARTESIAN_POINT('',(36.645651351786,62.838363470029,
    22.839815039276));
#3109 = VECTOR('',#3110,1.);
#3110 = DIRECTION('',(0.998629534755,2.165773850982E-18,
    5.233595624294E-02));
#3111 = ORIENTED_EDGE('',*,*,#3112,.F.);
#3112 = EDGE_CURVE('',#3088,#3105,#3113,.T.);
#3113 = B_SPLINE_CURVE_WITH_KNOTS('',1,(#3114,#3115),.UNSPECIFIED.,.F.,
  .F.,(2,2),(0.,1.),.PIECEWISE_BEZIER_KNOTS.);
#3114 = CARTESIAN_POINT('',(33.786595660659,60.129102489623,
    17.110244647152));
#3115 = CARTESIAN_POINT('',(36.645651351786,62.838363470029,
    22.839815039276));
#3116 = B_SPLINE_SURFACE_WITH_KNOTS('',1,1,(
    (#3117,#3118)
    ,(#3119,#3120
    )),.UNSPECIFIED.,.F.,.F.,.F.,(2,2),(2,2),(0.,18.16),(0.,1.),
  .PIECEWISE_BEZIER_KNOTS.);
#3117 = CARTESIAN_POINT('',(33.786595660659,60.129102489623,
    17.110244647152));
#3118 = CARTESIAN_POINT('',(36.645651351786,62.838363470029,
    22.839815039276));
#3119 = CARTESIAN_POINT('',(51.921708011802,60.129102489623,
    18.060665612524));
#3120 = CARTESIAN_POINT('',(48.479411338627,62.838363470029,
    23.459996120754));
#3121 = ADVANCED_FACE('',(#3122),#3146,.T.);
#3122 = FACE_BOUND('',#3123,.T.);
#3123 = EDGE_LOOP('',(#3124,#3132,#3139,#3145));
#3124 = ORIENTED_EDGE('',*,*,#3125,.T.);
#3125 = EDGE_CURVE('',#3090,#3126,#3128,.T.);
#3126 = VERTEX_POINT('',#3127);
#3127 = CARTESIAN_POINT('',(52.037535190811,78.15374060343,
    15.850551377711));
#3128 = LINE('',#3129,#3130);
#3129 = CARTESIAN_POINT('',(51.921708011802,60.129102489623,
    18.060665612524));
#3130 = VECTOR('',#3131,1.);
#3131 = DIRECTION('',(6.378148623808E-03,0.992546151641,-0.121702325706)
  );
#3132 = ORIENTED_EDGE('',*,*,#3133,.T.);
#3133 = EDGE_CURVE('',#3126,#3134,#3136,.T.);
#3134 = VERTEX_POINT('',#3135);
#3135 = CARTESIAN_POINT('',(48.418064550163,77.732232046901,
    24.630562576785));
#3136 = B_SPLINE_CURVE_WITH_KNOTS('',1,(#3137,#3138),.UNSPECIFIED.,.F.,
  .F.,(2,2),(0.,1.),.PIECEWISE_BEZIER_KNOTS.);
#3137 = CARTESIAN_POINT('',(52.037535190811,78.15374060343,
    15.850551377711));
#3138 = CARTESIAN_POINT('',(48.418064550163,77.732232046901,
    24.630562576785));
#3139 = ORIENTED_EDGE('',*,*,#3140,.F.);
#3140 = EDGE_CURVE('',#3098,#3134,#3141,.T.);
#3141 = LINE('',#3142,#3143);
#3142 = CARTESIAN_POINT('',(48.479411338627,62.838363470029,
    23.459996120754));
#3143 = VECTOR('',#3144,1.);
#3144 = DIRECTION('',(-4.106231800873E-03,0.996917333733,
    7.835157026396E-02));
#3145 = ORIENTED_EDGE('',*,*,#3097,.F.);
#3146 = B_SPLINE_SURFACE_WITH_KNOTS('',1,1,(
    (#3147,#3148)
    ,(#3149,#3150
    )),.UNSPECIFIED.,.F.,.F.,.F.,(2,2),(2,2),(0.,18.16),(0.,1.),
  .PIECEWISE_BEZIER_KNOTS.);
#3147 = CARTESIAN_POINT('',(51.921708011802,60.129102489623,
    18.060665612524));
#3148 = CARTESIAN_POINT('',(48.479411338627,62.838363470029,
    23.459996120754));
#3149 = CARTESIAN_POINT('',(52.037535190811,78.15374060343,
    15.850551377711));
#3150 = CARTESIAN_POINT('',(48.418064550163,77.732232046901,
    24.630562576785));
#3151 = ADVANCED_FACE('',(#3152),#3176,.T.);
#3152 = FACE_BOUND('',#3153,.T.);
#3153 = EDGE_LOOP('',(#3154,#3162,#3169,#3175));
#3154 = ORIENTED_EDGE('',*,*,#3155,.T.);
#3155 = EDGE_CURVE('',#3126,#3156,#3158,.T.);
#3156 = VERTEX_POINT('',#3157);
#3157 = CARTESIAN_POINT('',(33.902422839668,78.15374060343,
    14.90013041234));
#3158 = LINE('',#3159,#3160);
#3159 = CARTESIAN_POINT('',(52.037535190811,78.15374060343,
    15.850551377711));
#3160 = VECTOR('',#3161,1.);
#3161 = DIRECTION('',(-0.998629534755,-2.165773850982E-18,
    -5.233595624294E-02));
#3162 = ORIENTED_EDGE('',*,*,#3163,.T.);
#3163 = EDGE_CURVE('',#3156,#3164,#3166,.T.);
#3164 = VERTEX_POINT('',#3165);
#3165 = CARTESIAN_POINT('',(36.584304563322,77.732232046901,
    24.010381495306));
#3166 = B_SPLINE_CURVE_WITH_KNOTS('',1,(#3167,#3168),.UNSPECIFIED.,.F.,
  .F.,(2,2),(0.,1.),.PIECEWISE_BEZIER_KNOTS.);
#3167 = CARTESIAN_POINT('',(33.902422839668,78.15374060343,
    14.90013041234));
#3168 = CARTESIAN_POINT('',(36.584304563322,77.732232046901,
    24.010381495306));
#3169 = ORIENTED_EDGE('',*,*,#3170,.F.);
#3170 = EDGE_CURVE('',#3134,#3164,#3171,.T.);
#3171 = LINE('',#3172,#3173);
#3172 = CARTESIAN_POINT('',(48.418064550163,77.732232046901,
    24.630562576785));
#3173 = VECTOR('',#3174,1.);
#3174 = DIRECTION('',(-0.998629534755,-2.165773850982E-18,
    -5.233595624294E-02));
#3175 = ORIENTED_EDGE('',*,*,#3133,.F.);
#3176 = B_SPLINE_SURFACE_WITH_KNOTS('',1,1,(
    (#3177,#3178)
    ,(#3179,#3180
    )),.UNSPECIFIED.,.F.,.F.,.F.,(2,2),(2,2),(0.,18.16),(0.,1.),
  .PIECEWISE_BEZIER_KNOTS.);
#3177 = CARTESIAN_POINT('',(52.037535190811,78.15374060343,
    15.850551377711));
#3178 = CARTESIAN_POINT('',(48.418064550163,77.732232046901,
    24.630562576785));
#3179 = CARTESIAN_POINT('',(33.902422839668,78.15374060343,
    14.90013041234));
#3180 = CARTESIAN_POINT('',(36.584304563322,77.732232046901,
    24.010381495306));
#3181 = ADVANCED_FACE('',(#3182),#3198,.T.);
#3182 = FACE_BOUND('',#3183,.T.);
#3183 = EDGE_LOOP('',(#3184,#3190,#3191,#3197));
#3184 = ORIENTED_EDGE('',*,*,#3185,.T.);
#3185 = EDGE_CURVE('',#3156,#3088,#3186,.T.);
#3186 = LINE('',#3187,#3188);
#3187 = CARTESIAN_POINT('',(33.902422839668,78.15374060343,
    14.90013041234));
#3188 = VECTOR('',#3189,1.);
#3189 = DIRECTION('',(-6.378148623808E-03,-0.992546151641,0.121702325706
    ));
#3190 = ORIENTED_EDGE('',*,*,#3112,.T.);
#3191 = ORIENTED_EDGE('',*,*,#3192,.F.);
#3192 = EDGE_CURVE('',#3164,#3105,#3193,.T.);
#3193 = LINE('',#3194,#3195);
#3194 = CARTESIAN_POINT('',(36.584304563322,77.732232046901,
    24.010381495306));
#3195 = VECTOR('',#3196,1.);
#3196 = DIRECTION('',(4.106231800873E-03,-0.996917333733,
    -7.835157026396E-02));
#3197 = ORIENTED_EDGE('',*,*,#3163,.F.);
#3198 = B_SPLINE_SURFACE_WITH_KNOTS('',1,1,(
    (#3199,#3200)
    ,(#3201,#3202
    )),.UNSPECIFIED.,.F.,.F.,.F.,(2,2),(2,2),(0.,18.16),(0.,1.),
  .PIECEWISE_BEZIER_KNOTS.);
#3199 = CARTESIAN_POINT('',(33.902422839668,78.15374060343,
    14.90013041234));
#3200 = CARTESIAN_POINT('',(36.584304563322,77.732232046901,
    24.010381495306));
#3201 = CARTESIAN_POINT('',(33.786595660659,60.129102489623,
    17.110244647152));
#3202 = CARTESIAN_POINT('',(36.645651351786,62.838363470029,
    22.839815039276));
#3203 = ADVANCED_FACE('',(#3204),#3210,.T.);
#3204 = FACE_BOUND('',#3205,.F.);
#3205 = EDGE_LOOP('',(#3206,#3207,#3208,#3209));
#3206 = ORIENTED_EDGE('',*,*,#3087,.T.);
#3207 = ORIENTED_EDGE('',*,*,#3125,.T.);
#3208 = ORIENTED_EDGE('',*,*,#3155,.T.);
#3209 = ORIENTED_EDGE('',*,*,#3185,.T.);
#3210 = PLANE('',#3211);
#3211 = AXIS2_PLACEMENT_3D('',#3212,#3213,#3214);
#3212 = CARTESIAN_POINT('',(33.786595660659,60.129102489623,
    17.110244647152));
#3213 = DIRECTION('',(5.19458519614E-02,-0.121869343405,-0.991185901636)
  );
#3214 = DIRECTION('',(0.710647748061,0.701836114466,-4.904943023328E-02)
  );
#3215 = ADVANCED_FACE('',(#3216),#3222,.F.);
#3216 = FACE_BOUND('',#3217,.T.);
#3217 = EDGE_LOOP('',(#3218,#3219,#3220,#3221));
#3218 = ORIENTED_EDGE('',*,*,#3104,.T.);
#3219 = ORIENTED_EDGE('',*,*,#3140,.T.);
#3220 = ORIENTED_EDGE('',*,*,#3170,.T.);
#3221 = ORIENTED_EDGE('',*,*,#3192,.T.);
#3222 = PLANE('',#3223);
#3223 = AXIS2_PLACEMENT_3D('',#3224,#3225,#3226);
#3224 = CARTESIAN_POINT('',(36.645651351786,62.838363470029,
    22.839815039276));
#3225 = DIRECTION('',(5.217462195609E-02,7.845909572785E-02,
    -0.995551093175));
#3226 = DIRECTION('',(0.617361212482,0.781054538965,9.390921405631E-02)
  );
#3227 = MANIFOLD_SOLID_BREP('',#3228);
#3228 = CLOSED_SHELL('',(#3229,#3267,#3297,#3327,#3349,#3361));
#3229 = ADVANCED_FACE('',(#3230),#3262,.T.);
#3230 = FACE_BOUND('',#3231,.T.);
#3231 = EDGE_LOOP('',(#3232,#3242,#3249,#3257));
#3232 = ORIENTED_EDGE('',*,*,#3233,.T.);
#3233 = EDGE_CURVE('',#3234,#3236,#3238,.T.);
#3234 = VERTEX_POINT('',#3235);
#3235 = CARTESIAN_POINT('',(52.821230654196,60.129347616763,
    18.107777457494));
#3236 = VERTEX_POINT('',#3237);
#3237 = CARTESIAN_POINT('',(70.956401166384,60.138785294779,
    19.05704107953));
#3238 = LINE('',#3239,#3240);
#3239 = CARTESIAN_POINT('',(52.821230654196,60.129347616763,
    18.107777457494));
#3240 = VECTOR('',#3241,1.);
#3241 = DIRECTION('',(0.998632737455,5.196959259779E-04,
    5.227222588303E-02));
#3242 = ORIENTED_EDGE('',*,*,#3243,.T.);
#3243 = EDGE_CURVE('',#3236,#3244,#3246,.T.);
#3244 = VERTEX_POINT('',#3245);
#3245 = CARTESIAN_POINT('',(67.513043395763,62.846406361065,
    24.456517610465));
#3246 = B_SPLINE_CURVE_WITH_KNOTS('',1,(#3247,#3248),.UNSPECIFIED.,.F.,
  .F.,(2,2),(0.,1.),.PIECEWISE_BEZIER_KNOTS.);
#3247 = CARTESIAN_POINT('',(70.956401166384,60.138785294779,
    19.05704107953));
#3248 = CARTESIAN_POINT('',(67.513043395763,62.846406361065,
    24.456517610465));
#3249 = ORIENTED_EDGE('',*,*,#3250,.F.);
#3250 = EDGE_CURVE('',#3251,#3244,#3253,.T.);
#3251 = VERTEX_POINT('',#3252);
#3252 = CARTESIAN_POINT('',(55.679245456919,62.840247964342,
    23.837091733751));
#3253 = LINE('',#3254,#3255);
#3254 = CARTESIAN_POINT('',(55.679245456919,62.840247964342,
    23.837091733751));
#3255 = VECTOR('',#3256,1.);
#3256 = DIRECTION('',(0.998632737455,5.196959259779E-04,
    5.227222588303E-02));
#3257 = ORIENTED_EDGE('',*,*,#3258,.F.);
#3258 = EDGE_CURVE('',#3234,#3251,#3259,.T.);
#3259 = B_SPLINE_CURVE_WITH_KNOTS('',1,(#3260,#3261),.UNSPECIFIED.,.F.,
  .F.,(2,2),(0.,1.),.PIECEWISE_BEZIER_KNOTS.);
#3260 = CARTESIAN_POINT('',(52.821230654196,60.129347616763,
    18.107777457494));
#3261 = CARTESIAN_POINT('',(55.679245456919,62.840247964342,
    23.837091733751));
#3262 = B_SPLINE_SURFACE_WITH_KNOTS('',1,1,(
    (#3263,#3264)
    ,(#3265,#3266
    )),.UNSPECIFIED.,.F.,.F.,.F.,(2,2),(2,2),(0.,18.16),(0.,1.),
  .PIECEWISE_BEZIER_KNOTS.);
#3263 = CARTESIAN_POINT('',(52.821230654196,60.129347616763,
    18.107777457494));
#3264 = CARTESIAN_POINT('',(55.679245456919,62.840247964342,
    23.837091733751));
#3265 = CARTESIAN_POINT('',(70.956401166384,60.138785294779,
    19.05704107953));
#3266 = CARTESIAN_POINT('',(67.513043395763,62.846406361065,
    24.456517610465));
#3267 = ADVANCED_FACE('',(#3268),#3292,.T.);
#3268 = FACE_BOUND('',#3269,.T.);
#3269 = EDGE_LOOP('',(#3270,#3278,#3285,#3291));
#3270 = ORIENTED_EDGE('',*,*,#3271,.T.);
#3271 = EDGE_CURVE('',#3236,#3272,#3274,.T.);
#3272 = VERTEX_POINT('',#3273);
#3273 = CARTESIAN_POINT('',(71.062732807326,78.163420937807,
    16.846429508444));
#3274 = LINE('',#3275,#3276);
#3275 = CARTESIAN_POINT('',(70.956401166384,60.138785294779,
    19.05704107953));
#3276 = VECTOR('',#3277,1.);
#3277 = DIRECTION('',(5.855266571723E-03,0.992546015585,-0.121729712064)
  );
#3278 = ORIENTED_EDGE('',*,*,#3279,.T.);
#3279 = EDGE_CURVE('',#3272,#3280,#3282,.T.);
#3280 = VERTEX_POINT('',#3281);
#3281 = CARTESIAN_POINT('',(67.444041614057,77.740272946076,
    25.626683130204));
#3282 = B_SPLINE_CURVE_WITH_KNOTS('',1,(#3283,#3284),.UNSPECIFIED.,.F.,
  .F.,(2,2),(0.,1.),.PIECEWISE_BEZIER_KNOTS.);
#3283 = CARTESIAN_POINT('',(71.062732807326,78.163420937807,
    16.846429508444));
#3284 = CARTESIAN_POINT('',(67.444041614057,77.740272946076,
    25.626683130204));
#3285 = ORIENTED_EDGE('',*,*,#3286,.F.);
#3286 = EDGE_CURVE('',#3244,#3280,#3287,.T.);
#3287 = LINE('',#3288,#3289);
#3288 = CARTESIAN_POINT('',(67.513043395763,62.846406361065,
    24.456517610465));
#3289 = VECTOR('',#3290,1.);
#3290 = DIRECTION('',(-4.618616841314E-03,0.996917200408,
    7.832473369454E-02));
#3291 = ORIENTED_EDGE('',*,*,#3243,.F.);
#3292 = B_SPLINE_SURFACE_WITH_KNOTS('',1,1,(
    (#3293,#3294)
    ,(#3295,#3296
    )),.UNSPECIFIED.,.F.,.F.,.F.,(2,2),(2,2),(0.,18.16),(0.,1.),
  .PIECEWISE_BEZIER_KNOTS.);
#3293 = CARTESIAN_POINT('',(70.956401166384,60.138785294779,
    19.05704107953));
#3294 = CARTESIAN_POINT('',(67.513043395763,62.846406361065,
    24.456517610465));
#3295 = CARTESIAN_POINT('',(71.062732807326,78.163420937807,
    16.846429508444));
#3296 = CARTESIAN_POINT('',(67.444041614057,77.740272946076,
    25.626683130204));
#3297 = ADVANCED_FACE('',(#3298),#3322,.T.);
#3298 = FACE_BOUND('',#3299,.T.);
#3299 = EDGE_LOOP('',(#3300,#3308,#3315,#3321));
#3300 = ORIENTED_EDGE('',*,*,#3301,.T.);
#3301 = EDGE_CURVE('',#3272,#3302,#3304,.T.);
#3302 = VERTEX_POINT('',#3303);
#3303 = CARTESIAN_POINT('',(52.927562295139,78.153983259791,
    15.897165886408));
#3304 = LINE('',#3305,#3306);
#3305 = CARTESIAN_POINT('',(71.062732807326,78.163420937807,
    16.846429508444));
#3306 = VECTOR('',#3307,1.);
#3307 = DIRECTION('',(-0.998632737455,-5.196959259779E-04,
    -5.227222588303E-02));
#3308 = ORIENTED_EDGE('',*,*,#3309,.T.);
#3309 = EDGE_CURVE('',#3302,#3310,#3312,.T.);
#3310 = VERTEX_POINT('',#3311);
#3311 = CARTESIAN_POINT('',(55.610243675212,77.734114549353,
    25.00725725349));
#3312 = B_SPLINE_CURVE_WITH_KNOTS('',1,(#3313,#3314),.UNSPECIFIED.,.F.,
  .F.,(2,2),(0.,1.),.PIECEWISE_BEZIER_KNOTS.);
#3313 = CARTESIAN_POINT('',(52.927562295139,78.153983259791,
    15.897165886408));
#3314 = CARTESIAN_POINT('',(55.610243675212,77.734114549353,
    25.00725725349));
#3315 = ORIENTED_EDGE('',*,*,#3316,.F.);
#3316 = EDGE_CURVE('',#3280,#3310,#3317,.T.);
#3317 = LINE('',#3318,#3319);
#3318 = CARTESIAN_POINT('',(67.444041614057,77.740272946076,
    25.626683130204));
#3319 = VECTOR('',#3320,1.);
#3320 = DIRECTION('',(-0.998632737455,-5.196959259779E-04,
    -5.227222588303E-02));
#3321 = ORIENTED_EDGE('',*,*,#3279,.F.);
#3322 = B_SPLINE_SURFACE_WITH_KNOTS('',1,1,(
    (#3323,#3324)
    ,(#3325,#3326
    )),.UNSPECIFIED.,.F.,.F.,.F.,(2,2),(2,2),(0.,18.16),(0.,1.),
  .PIECEWISE_BEZIER_KNOTS.);
#3323 = CARTESIAN_POINT('',(71.062732807326,78.163420937807,
    16.846429508444));
#3324 = CARTESIAN_POINT('',(67.444041614057,77.740272946076,
    25.626683130204));
#3325 = CARTESIAN_POINT('',(52.927562295139,78.153983259791,
    15.897165886408));
#3326 = CARTESIAN_POINT('',(55.610243675212,77.734114549353,
    25.00725725349));
#3327 = ADVANCED_FACE('',(#3328),#3344,.T.);
#3328 = FACE_BOUND('',#3329,.T.);
#3329 = EDGE_LOOP('',(#3330,#3336,#3337,#3343));
#3330 = ORIENTED_EDGE('',*,*,#3331,.T.);
#3331 = EDGE_CURVE('',#3302,#3234,#3332,.T.);
#3332 = LINE('',#3333,#3334);
#3333 = CARTESIAN_POINT('',(52.927562295139,78.153983259791,
    15.897165886408));
#3334 = VECTOR('',#3335,1.);
#3335 = DIRECTION('',(-5.855266571723E-03,-0.992546015585,0.121729712064
    ));
#3336 = ORIENTED_EDGE('',*,*,#3258,.T.);
#3337 = ORIENTED_EDGE('',*,*,#3338,.F.);
#3338 = EDGE_CURVE('',#3310,#3251,#3339,.T.);
#3339 = LINE('',#3340,#3341);
#3340 = CARTESIAN_POINT('',(55.610243675212,77.734114549353,
    25.00725725349));
#3341 = VECTOR('',#3342,1.);
#3342 = DIRECTION('',(4.618616841314E-03,-0.996917200408,
    -7.832473369454E-02));
#3343 = ORIENTED_EDGE('',*,*,#3309,.F.);
#3344 = B_SPLINE_SURFACE_WITH_KNOTS('',1,1,(
    (#3345,#3346)
    ,(#3347,#3348
    )),.UNSPECIFIED.,.F.,.F.,.F.,(2,2),(2,2),(0.,18.16),(0.,1.),
  .PIECEWISE_BEZIER_KNOTS.);
#3345 = CARTESIAN_POINT('',(52.927562295139,78.153983259791,
    15.897165886408));
#3346 = CARTESIAN_POINT('',(55.610243675212,77.734114549353,
    25.00725725349));
#3347 = CARTESIAN_POINT('',(52.821230654196,60.129347616763,
    18.107777457494));
#3348 = CARTESIAN_POINT('',(55.679245456919,62.840247964342,
    23.837091733751));
#3349 = ADVANCED_FACE('',(#3350),#3356,.T.);
#3350 = FACE_BOUND('',#3351,.F.);
#3351 = EDGE_LOOP('',(#3352,#3353,#3354,#3355));
#3352 = ORIENTED_EDGE('',*,*,#3233,.T.);
#3353 = ORIENTED_EDGE('',*,*,#3271,.T.);
#3354 = ORIENTED_EDGE('',*,*,#3301,.T.);
#3355 = ORIENTED_EDGE('',*,*,#3331,.T.);
#3356 = PLANE('',#3357);
#3357 = AXIS2_PLACEMENT_3D('',#3358,#3359,#3360);
#3358 = CARTESIAN_POINT('',(52.821230654196,60.129347616763,
    18.107777457494));
#3359 = DIRECTION('',(5.19458519614E-02,-0.121869343405,-0.991185901636)
  );
#3360 = DIRECTION('',(0.710280279268,0.702203498773,-4.911385948287E-02)
  );
#3361 = ADVANCED_FACE('',(#3362),#3368,.F.);
#3362 = FACE_BOUND('',#3363,.T.);
#3363 = EDGE_LOOP('',(#3364,#3365,#3366,#3367));
#3364 = ORIENTED_EDGE('',*,*,#3250,.T.);
#3365 = ORIENTED_EDGE('',*,*,#3286,.T.);
#3366 = ORIENTED_EDGE('',*,*,#3316,.T.);
#3367 = ORIENTED_EDGE('',*,*,#3338,.T.);
#3368 = PLANE('',#3369);
#3369 = AXIS2_PLACEMENT_3D('',#3370,#3371,#3372);
#3370 = CARTESIAN_POINT('',(55.679245456919,62.840247964342,
    23.837091733751));
#3371 = DIRECTION('',(5.207037604142E-02,7.845906860263E-02,
    -0.995556553136));
#3372 = DIRECTION('',(0.616961764575,0.781377389132,9.384858446134E-02)
  );
#3373 = MANIFOLD_SOLID_BREP('',#3374);
#3374 = CLOSED_SHELL('',(#3375,#3413,#3443,#3473,#3495,#3507));
#3375 = ADVANCED_FACE('',(#3376),#3408,.T.);
#3376 = FACE_BOUND('',#3377,.T.);
#3377 = EDGE_LOOP('',(#3378,#3388,#3395,#3403));
#3378 = ORIENTED_EDGE('',*,*,#3379,.T.);
#3379 = EDGE_CURVE('',#3380,#3382,#3384,.T.);
#3380 = VERTEX_POINT('',#3381);
#3381 = CARTESIAN_POINT('',(72.542707982407,60.157457163802,
    19.137880133516));
#3382 = VERTEX_POINT('',#3383);
#3383 = CARTESIAN_POINT('',(90.672729606631,60.714820508389,
    20.019504774326));
#3384 = LINE('',#3385,#3386);
#3385 = CARTESIAN_POINT('',(72.542707982407,60.157457163802,
    19.137880133516));
#3386 = VECTOR('',#3387,1.);
#3387 = DIRECTION('',(0.998349208382,3.069181412922E-02,
    4.854761237942E-02));
#3388 = ORIENTED_EDGE('',*,*,#3389,.T.);
#3389 = EDGE_CURVE('',#3382,#3390,#3392,.T.);
#3390 = VERTEX_POINT('',#3391);
#3391 = CARTESIAN_POINT('',(87.169242580517,63.326294780178,
    25.427651607469));
#3392 = B_SPLINE_CURVE_WITH_KNOTS('',1,(#3393,#3394),.UNSPECIFIED.,.F.,
  .F.,(2,2),(0.,1.),.PIECEWISE_BEZIER_KNOTS.);
#3393 = CARTESIAN_POINT('',(90.672729606631,60.714820508389,
    20.019504774326));
#3394 = CARTESIAN_POINT('',(87.169242580517,63.326294780178,
    25.427651607469));
#3395 = ORIENTED_EDGE('',*,*,#3396,.F.);
#3396 = EDGE_CURVE('',#3397,#3390,#3399,.T.);
#3397 = VERTEX_POINT('',#3398);
#3398 = CARTESIAN_POINT('',(75.338804461185,62.962596782747,
    24.852362400773));
#3399 = LINE('',#3400,#3401);
#3400 = CARTESIAN_POINT('',(75.338804461185,62.962596782747,
    24.852362400773));
#3401 = VECTOR('',#3402,1.);
#3402 = DIRECTION('',(0.998349208382,3.069181412922E-02,
    4.854761237942E-02));
#3403 = ORIENTED_EDGE('',*,*,#3404,.F.);
#3404 = EDGE_CURVE('',#3380,#3397,#3405,.T.);
#3405 = B_SPLINE_CURVE_WITH_KNOTS('',1,(#3406,#3407),.UNSPECIFIED.,.F.,
  .F.,(2,2),(0.,1.),.PIECEWISE_BEZIER_KNOTS.);
#3406 = CARTESIAN_POINT('',(72.542707982407,60.157457163802,
    19.137880133516));
#3407 = CARTESIAN_POINT('',(75.338804461185,62.962596782747,
    24.852362400773));
#3408 = B_SPLINE_SURFACE_WITH_KNOTS('',1,1,(
    (#3409,#3410)
    ,(#3411,#3412
    )),.UNSPECIFIED.,.F.,.F.,.F.,(2,2),(2,2),(0.,18.16),(0.,1.),
  .PIECEWISE_BEZIER_KNOTS.);
#3409 = CARTESIAN_POINT('',(72.542707982407,60.157457163802,
    19.137880133516));
#3410 = CARTESIAN_POINT('',(75.338804461185,62.962596782747,
    24.852362400773));
#3411 = CARTESIAN_POINT('',(90.672729606631,60.714820508389,
    20.019504774326));
#3412 = CARTESIAN_POINT('',(87.169242580517,63.326294780178,
    25.427651607469));
#3413 = ADVANCED_FACE('',(#3414),#3438,.T.);
#3414 = FACE_BOUND('',#3415,.T.);
#3415 = EDGE_LOOP('',(#3416,#3424,#3431,#3437));
#3416 = ORIENTED_EDGE('',*,*,#3417,.T.);
#3417 = EDGE_CURVE('',#3382,#3418,#3420,.T.);
#3418 = VERTEX_POINT('',#3419);
#3419 = CARTESIAN_POINT('',(90.227721933493,78.730839081753,
    17.781058229274));
#3420 = LINE('',#3421,#3422);
#3421 = CARTESIAN_POINT('',(90.672729606631,60.714820508389,
    20.019504774326));
#3422 = VECTOR('',#3423,1.);
#3423 = DIRECTION('',(-2.450482781595E-02,0.992071507344,-0.123262474948
    ));
#3424 = ORIENTED_EDGE('',*,*,#3425,.T.);
#3425 = EDGE_CURVE('',#3418,#3426,#3428,.T.);
#3426 = VERTEX_POINT('',#3427);
#3427 = CARTESIAN_POINT('',(86.655769016975,78.213214564535,
    26.575377478592));
#3428 = B_SPLINE_CURVE_WITH_KNOTS('',1,(#3429,#3430),.UNSPECIFIED.,.F.,
  .F.,(2,2),(0.,1.),.PIECEWISE_BEZIER_KNOTS.);
#3429 = CARTESIAN_POINT('',(90.227721933493,78.730839081753,
    17.781058229274));
#3430 = CARTESIAN_POINT('',(86.655769016975,78.213214564535,
    26.575377478592));
#3431 = ORIENTED_EDGE('',*,*,#3432,.F.);
#3432 = EDGE_CURVE('',#3390,#3426,#3433,.T.);
#3433 = LINE('',#3434,#3435);
#3434 = CARTESIAN_POINT('',(87.169242580517,63.326294780178,
    25.427651607469));
#3435 = VECTOR('',#3436,1.);
#3436 = DIRECTION('',(-3.436922336642E-02,0.99645221806,
    7.682274147857E-02));
#3437 = ORIENTED_EDGE('',*,*,#3389,.F.);
#3438 = B_SPLINE_SURFACE_WITH_KNOTS('',1,1,(
    (#3439,#3440)
    ,(#3441,#3442
    )),.UNSPECIFIED.,.F.,.F.,.F.,(2,2),(2,2),(0.,18.16),(0.,1.),
  .PIECEWISE_BEZIER_KNOTS.);
#3439 = CARTESIAN_POINT('',(90.672729606631,60.714820508389,
    20.019504774326));
#3440 = CARTESIAN_POINT('',(87.169242580517,63.326294780178,
    25.427651607469));
#3441 = CARTESIAN_POINT('',(90.227721933493,78.730839081753,
    17.781058229274));
#3442 = CARTESIAN_POINT('',(86.655769016975,78.213214564535,
    26.575377478592));
#3443 = ADVANCED_FACE('',(#3444),#3468,.T.);
#3444 = FACE_BOUND('',#3445,.T.);
#3445 = EDGE_LOOP('',(#3446,#3454,#3461,#3467));
#3446 = ORIENTED_EDGE('',*,*,#3447,.T.);
#3447 = EDGE_CURVE('',#3418,#3448,#3450,.T.);
#3448 = VERTEX_POINT('',#3449);
#3449 = CARTESIAN_POINT('',(72.09770030927,78.173475737166,
    16.899433588464));
#3450 = LINE('',#3451,#3452);
#3451 = CARTESIAN_POINT('',(90.227721933493,78.730839081753,
    17.781058229274));
#3452 = VECTOR('',#3453,1.);
#3453 = DIRECTION('',(-0.998349208382,-3.069181412922E-02,
    -4.854761237942E-02));
#3454 = ORIENTED_EDGE('',*,*,#3455,.T.);
#3455 = EDGE_CURVE('',#3448,#3456,#3458,.T.);
#3456 = VERTEX_POINT('',#3457);
#3457 = CARTESIAN_POINT('',(74.825330897644,77.849516567104,
    26.000088271896));
#3458 = B_SPLINE_CURVE_WITH_KNOTS('',1,(#3459,#3460),.UNSPECIFIED.,.F.,
  .F.,(2,2),(0.,1.),.PIECEWISE_BEZIER_KNOTS.);
#3459 = CARTESIAN_POINT('',(72.09770030927,78.173475737166,
    16.899433588464));
#3460 = CARTESIAN_POINT('',(74.825330897644,77.849516567104,
    26.000088271896));
#3461 = ORIENTED_EDGE('',*,*,#3462,.F.);
#3462 = EDGE_CURVE('',#3426,#3456,#3463,.T.);
#3463 = LINE('',#3464,#3465);
#3464 = CARTESIAN_POINT('',(86.655769016975,78.213214564535,
    26.575377478592));
#3465 = VECTOR('',#3466,1.);
#3466 = DIRECTION('',(-0.998349208382,-3.069181412922E-02,
    -4.854761237942E-02));
#3467 = ORIENTED_EDGE('',*,*,#3425,.F.);
#3468 = B_SPLINE_SURFACE_WITH_KNOTS('',1,1,(
    (#3469,#3470)
    ,(#3471,#3472
    )),.UNSPECIFIED.,.F.,.F.,.F.,(2,2),(2,2),(0.,18.16),(0.,1.),
  .PIECEWISE_BEZIER_KNOTS.);
#3469 = CARTESIAN_POINT('',(90.227721933493,78.730839081753,
    17.781058229274));
#3470 = CARTESIAN_POINT('',(86.655769016975,78.213214564535,
    26.575377478592));
#3471 = CARTESIAN_POINT('',(72.09770030927,78.173475737166,
    16.899433588464));
#3472 = CARTESIAN_POINT('',(74.825330897644,77.849516567104,
    26.000088271896));
#3473 = ADVANCED_FACE('',(#3474),#3490,.T.);
#3474 = FACE_BOUND('',#3475,.T.);
#3475 = EDGE_LOOP('',(#3476,#3482,#3483,#3489));
#3476 = ORIENTED_EDGE('',*,*,#3477,.T.);
#3477 = EDGE_CURVE('',#3448,#3380,#3478,.T.);
#3478 = LINE('',#3479,#3480);
#3479 = CARTESIAN_POINT('',(72.09770030927,78.173475737166,
    16.899433588464));
#3480 = VECTOR('',#3481,1.);
#3481 = DIRECTION('',(2.450482781595E-02,-0.992071507344,0.123262474948)
  );
#3482 = ORIENTED_EDGE('',*,*,#3404,.T.);
#3483 = ORIENTED_EDGE('',*,*,#3484,.F.);
#3484 = EDGE_CURVE('',#3456,#3397,#3485,.T.);
#3485 = LINE('',#3486,#3487);
#3486 = CARTESIAN_POINT('',(74.825330897644,77.849516567104,
    26.000088271896));
#3487 = VECTOR('',#3488,1.);
#3488 = DIRECTION('',(3.436922336642E-02,-0.99645221806,
    -7.682274147857E-02));
#3489 = ORIENTED_EDGE('',*,*,#3455,.F.);
#3490 = B_SPLINE_SURFACE_WITH_KNOTS('',1,1,(
    (#3491,#3492)
    ,(#3493,#3494
    )),.UNSPECIFIED.,.F.,.F.,.F.,(2,2),(2,2),(0.,18.16),(0.,1.),
  .PIECEWISE_BEZIER_KNOTS.);
#3491 = CARTESIAN_POINT('',(72.09770030927,78.173475737166,
    16.899433588464));
#3492 = CARTESIAN_POINT('',(74.825330897644,77.849516567104,
    26.000088271896));
#3493 = CARTESIAN_POINT('',(72.542707982407,60.157457163802,
    19.137880133516));
#3494 = CARTESIAN_POINT('',(75.338804461185,62.962596782747,
    24.852362400773));
#3495 = ADVANCED_FACE('',(#3496),#3502,.T.);
#3496 = FACE_BOUND('',#3497,.F.);
#3497 = EDGE_LOOP('',(#3498,#3499,#3500,#3501));
#3498 = ORIENTED_EDGE('',*,*,#3379,.T.);
#3499 = ORIENTED_EDGE('',*,*,#3417,.T.);
#3500 = ORIENTED_EDGE('',*,*,#3447,.T.);
#3501 = ORIENTED_EDGE('',*,*,#3477,.T.);
#3502 = PLANE('',#3503);
#3503 = AXIS2_PLACEMENT_3D('',#3504,#3505,#3506);
#3504 = CARTESIAN_POINT('',(72.542707982407,60.157457163802,
    19.137880133516));
#3505 = DIRECTION('',(5.19458519614E-02,-0.121869343405,-0.991185901636)
  );
#3506 = DIRECTION('',(0.688611965319,0.723202880162,-5.283138597752E-02)
  );
#3507 = ADVANCED_FACE('',(#3508),#3514,.F.);
#3508 = FACE_BOUND('',#3509,.T.);
#3509 = EDGE_LOOP('',(#3510,#3511,#3512,#3513));
#3510 = ORIENTED_EDGE('',*,*,#3396,.T.);
#3511 = ORIENTED_EDGE('',*,*,#3432,.T.);
#3512 = ORIENTED_EDGE('',*,*,#3462,.T.);
#3513 = ORIENTED_EDGE('',*,*,#3484,.T.);
#3514 = PLANE('',#3515);
#3515 = AXIS2_PLACEMENT_3D('',#3516,#3517,#3518);
#3516 = CARTESIAN_POINT('',(75.338804461185,62.962596782747,
    24.852362400773));
#3517 = DIRECTION('',(4.601754673464E-02,7.836446687467E-02,
    -0.995862136906));
#3518 = DIRECTION('',(0.593476871908,0.799762948022,9.035723259477E-02)
  );
#3519 = MANIFOLD_SOLID_BREP('',#3520);
#3520 = CLOSED_SHELL('',(#3521,#3559,#3589,#3619,#3641,#3653));
#3521 = ADVANCED_FACE('',(#3522),#3554,.T.);
#3522 = FACE_BOUND('',#3523,.T.);
#3523 = EDGE_LOOP('',(#3524,#3534,#3541,#3549));
#3524 = ORIENTED_EDGE('',*,*,#3525,.T.);
#3525 = EDGE_CURVE('',#3526,#3528,#3530,.T.);
#3526 = VERTEX_POINT('',#3527);
#3527 = CARTESIAN_POINT('',(93.804551061729,60.87004943759,
    20.164550709462));
#3528 = VERTEX_POINT('',#3529);
#3529 = CARTESIAN_POINT('',(111.89093370899,62.310275171012,
    20.935337692775));
#3530 = LINE('',#3531,#3532);
#3531 = CARTESIAN_POINT('',(93.804551061729,60.87004943759,
    20.164550709462));
#3532 = VECTOR('',#3533,1.);
#3533 = DIRECTION('',(0.995946181017,7.930758443952E-02,
    4.24442171428E-02));
#3534 = ORIENTED_EDGE('',*,*,#3535,.T.);
#3535 = EDGE_CURVE('',#3528,#3536,#3538,.T.);
#3536 = VERTEX_POINT('',#3537);
#3537 = CARTESIAN_POINT('',(108.29667675758,64.76294191272,
    26.358253348087));
#3538 = B_SPLINE_CURVE_WITH_KNOTS('',1,(#3539,#3540),.UNSPECIFIED.,.F.,
  .F.,(2,2),(0.,1.),.PIECEWISE_BEZIER_KNOTS.);
#3539 = CARTESIAN_POINT('',(111.89093370899,62.310275171012,
    20.935337692775));
#3540 = CARTESIAN_POINT('',(108.29667675758,64.76294191272,
    26.358253348087));
#3541 = ORIENTED_EDGE('',*,*,#3542,.F.);
#3542 = EDGE_CURVE('',#3543,#3536,#3545,.T.);
#3543 = VERTEX_POINT('',#3544);
#3544 = CARTESIAN_POINT('',(96.494714512542,63.823147037112,
    25.855289374945));
#3545 = LINE('',#3546,#3547);
#3546 = CARTESIAN_POINT('',(96.494714512542,63.823147037112,
    25.855289374945));
#3547 = VECTOR('',#3548,1.);
#3548 = DIRECTION('',(0.995946181017,7.930758443952E-02,
    4.24442171428E-02));
#3549 = ORIENTED_EDGE('',*,*,#3550,.F.);
#3550 = EDGE_CURVE('',#3526,#3543,#3551,.T.);
#3551 = B_SPLINE_CURVE_WITH_KNOTS('',1,(#3552,#3553),.UNSPECIFIED.,.F.,
  .F.,(2,2),(0.,1.),.PIECEWISE_BEZIER_KNOTS.);
#3552 = CARTESIAN_POINT('',(93.804551061729,60.87004943759,
    20.164550709462));
#3553 = CARTESIAN_POINT('',(96.494714512542,63.823147037112,
    25.855289374945));
#3554 = B_SPLINE_SURFACE_WITH_KNOTS('',1,1,(
    (#3555,#3556)
    ,(#3557,#3558
    )),.UNSPECIFIED.,.F.,.F.,.F.,(2,2),(2,2),(0.,18.16),(0.,1.),
  .PIECEWISE_BEZIER_KNOTS.);
#3555 = CARTESIAN_POINT('',(93.804551061729,60.87004943759,
    20.164550709462));
#3556 = CARTESIAN_POINT('',(96.494714512542,63.823147037112,
    25.855289374945));
#3557 = CARTESIAN_POINT('',(111.89093370899,62.310275171012,
    20.935337692775));
#3558 = CARTESIAN_POINT('',(108.29667675758,64.76294191272,
    26.358253348087));
#3559 = ADVANCED_FACE('',(#3560),#3584,.T.);
#3560 = FACE_BOUND('',#3561,.T.);
#3561 = EDGE_LOOP('',(#3562,#3570,#3577,#3583));
#3562 = ORIENTED_EDGE('',*,*,#3563,.T.);
#3563 = EDGE_CURVE('',#3528,#3564,#3566,.T.);
#3564 = VERTEX_POINT('',#3565);
#3565 = CARTESIAN_POINT('',(110.55733757041,80.2772818491,18.65634836224
    ));
#3566 = LINE('',#3567,#3568);
#3567 = CARTESIAN_POINT('',(111.89093370899,62.310275171012,
    20.935337692775));
#3568 = VECTOR('',#3569,1.);
#3569 = DIRECTION('',(-7.343591071473E-02,0.989372614432,-0.125495007188
    ));
#3570 = ORIENTED_EDGE('',*,*,#3571,.T.);
#3571 = EDGE_CURVE('',#3564,#3572,#3574,.T.);
#3572 = VERTEX_POINT('',#3573);
#3573 = CARTESIAN_POINT('',(107.0668521404,79.61034990485,
    27.473294947213));
#3574 = B_SPLINE_CURVE_WITH_KNOTS('',1,(#3575,#3576),.UNSPECIFIED.,.F.,
  .F.,(2,2),(0.,1.),.PIECEWISE_BEZIER_KNOTS.);
#3575 = CARTESIAN_POINT('',(110.55733757041,80.2772818491,18.65634836224
    ));
#3576 = CARTESIAN_POINT('',(107.0668521404,79.61034990485,
    27.473294947213));
#3577 = ORIENTED_EDGE('',*,*,#3578,.F.);
#3578 = EDGE_CURVE('',#3536,#3572,#3579,.T.);
#3579 = LINE('',#3580,#3581);
#3580 = CARTESIAN_POINT('',(108.29667675758,64.76294191272,
    26.358253348087));
#3581 = VECTOR('',#3582,1.);
#3582 = DIRECTION('',(-8.231800032278E-02,0.993807506221,
    7.463502798247E-02));
#3583 = ORIENTED_EDGE('',*,*,#3535,.F.);
#3584 = B_SPLINE_SURFACE_WITH_KNOTS('',1,1,(
    (#3585,#3586)
    ,(#3587,#3588
    )),.UNSPECIFIED.,.F.,.F.,.F.,(2,2),(2,2),(0.,18.16),(0.,1.),
  .PIECEWISE_BEZIER_KNOTS.);
#3585 = CARTESIAN_POINT('',(111.89093370899,62.310275171012,
    20.935337692775));
#3586 = CARTESIAN_POINT('',(108.29667675758,64.76294191272,
    26.358253348087));
#3587 = CARTESIAN_POINT('',(110.55733757041,80.2772818491,18.65634836224
    ));
#3588 = CARTESIAN_POINT('',(107.0668521404,79.61034990485,
    27.473294947213));
#3589 = ADVANCED_FACE('',(#3590),#3614,.T.);
#3590 = FACE_BOUND('',#3591,.T.);
#3591 = EDGE_LOOP('',(#3592,#3600,#3607,#3613));
#3592 = ORIENTED_EDGE('',*,*,#3593,.T.);
#3593 = EDGE_CURVE('',#3564,#3594,#3596,.T.);
#3594 = VERTEX_POINT('',#3595);
#3595 = CARTESIAN_POINT('',(92.47095492315,78.837056115678,
    17.885561378927));
#3596 = LINE('',#3597,#3598);
#3597 = CARTESIAN_POINT('',(110.55733757041,80.2772818491,18.65634836224
    ));
#3598 = VECTOR('',#3599,1.);
#3599 = DIRECTION('',(-0.995946181017,-7.930758443952E-02,
    -4.24442171428E-02));
#3600 = ORIENTED_EDGE('',*,*,#3601,.T.);
#3601 = EDGE_CURVE('',#3594,#3602,#3604,.T.);
#3602 = VERTEX_POINT('',#3603);
#3603 = CARTESIAN_POINT('',(95.264889895362,78.670555029242,
    26.970330974071));
#3604 = B_SPLINE_CURVE_WITH_KNOTS('',1,(#3605,#3606),.UNSPECIFIED.,.F.,
  .F.,(2,2),(0.,1.),.PIECEWISE_BEZIER_KNOTS.);
#3605 = CARTESIAN_POINT('',(92.47095492315,78.837056115678,
    17.885561378927));
#3606 = CARTESIAN_POINT('',(95.264889895362,78.670555029242,
    26.970330974071));
#3607 = ORIENTED_EDGE('',*,*,#3608,.F.);
#3608 = EDGE_CURVE('',#3572,#3602,#3609,.T.);
#3609 = LINE('',#3610,#3611);
#3610 = CARTESIAN_POINT('',(107.0668521404,79.61034990485,
    27.473294947213));
#3611 = VECTOR('',#3612,1.);
#3612 = DIRECTION('',(-0.995946181017,-7.930758443952E-02,
    -4.24442171428E-02));
#3613 = ORIENTED_EDGE('',*,*,#3571,.F.);
#3614 = B_SPLINE_SURFACE_WITH_KNOTS('',1,1,(
    (#3615,#3616)
    ,(#3617,#3618
    )),.UNSPECIFIED.,.F.,.F.,.F.,(2,2),(2,2),(0.,18.16),(0.,1.),
  .PIECEWISE_BEZIER_KNOTS.);
#3615 = CARTESIAN_POINT('',(110.55733757041,80.2772818491,18.65634836224
    ));
#3616 = CARTESIAN_POINT('',(107.0668521404,79.61034990485,
    27.473294947213));
#3617 = CARTESIAN_POINT('',(92.47095492315,78.837056115678,
    17.885561378927));
#3618 = CARTESIAN_POINT('',(95.264889895362,78.670555029242,
    26.970330974071));
#3619 = ADVANCED_FACE('',(#3620),#3636,.T.);
#3620 = FACE_BOUND('',#3621,.T.);
#3621 = EDGE_LOOP('',(#3622,#3628,#3629,#3635));
#3622 = ORIENTED_EDGE('',*,*,#3623,.T.);
#3623 = EDGE_CURVE('',#3594,#3526,#3624,.T.);
#3624 = LINE('',#3625,#3626);
#3625 = CARTESIAN_POINT('',(92.47095492315,78.837056115678,
    17.885561378927));
#3626 = VECTOR('',#3627,1.);
#3627 = DIRECTION('',(7.343591071473E-02,-0.989372614432,0.125495007188)
  );
#3628 = ORIENTED_EDGE('',*,*,#3550,.T.);
#3629 = ORIENTED_EDGE('',*,*,#3630,.F.);
#3630 = EDGE_CURVE('',#3602,#3543,#3631,.T.);
#3631 = LINE('',#3632,#3633);
#3632 = CARTESIAN_POINT('',(95.264889895362,78.670555029242,
    26.970330974071));
#3633 = VECTOR('',#3634,1.);
#3634 = DIRECTION('',(8.231800032278E-02,-0.993807506221,
    -7.463502798247E-02));
#3635 = ORIENTED_EDGE('',*,*,#3601,.F.);
#3636 = B_SPLINE_SURFACE_WITH_KNOTS('',1,1,(
    (#3637,#3638)
    ,(#3639,#3640
    )),.UNSPECIFIED.,.F.,.F.,.F.,(2,2),(2,2),(0.,18.16),(0.,1.),
  .PIECEWISE_BEZIER_KNOTS.);
#3637 = CARTESIAN_POINT('',(92.47095492315,78.837056115678,
    17.885561378927));
#3638 = CARTESIAN_POINT('',(95.264889895362,78.670555029242,
    26.970330974071));
#3639 = CARTESIAN_POINT('',(93.804551061729,60.87004943759,
    20.164550709462));
#3640 = CARTESIAN_POINT('',(96.494714512542,63.823147037112,
    25.855289374945));
#3641 = ADVANCED_FACE('',(#3642),#3648,.T.);
#3642 = FACE_BOUND('',#3643,.F.);
#3643 = EDGE_LOOP('',(#3644,#3645,#3646,#3647));
#3644 = ORIENTED_EDGE('',*,*,#3525,.T.);
#3645 = ORIENTED_EDGE('',*,*,#3563,.T.);
#3646 = ORIENTED_EDGE('',*,*,#3593,.T.);
#3647 = ORIENTED_EDGE('',*,*,#3623,.T.);
#3648 = PLANE('',#3649);
#3649 = AXIS2_PLACEMENT_3D('',#3650,#3651,#3652);
#3650 = CARTESIAN_POINT('',(93.804551061729,60.87004943759,
    20.164550709462));
#3651 = DIRECTION('',(5.19458519614E-02,-0.121869343405,-0.991185901636)
  );
#3652 = DIRECTION('',(0.652313267845,0.755671015542,-5.872577682391E-02)
  );
#3653 = ADVANCED_FACE('',(#3654),#3660,.F.);
#3654 = FACE_BOUND('',#3655,.T.);
#3655 = EDGE_LOOP('',(#3656,#3657,#3658,#3659));
#3656 = ORIENTED_EDGE('',*,*,#3542,.T.);
#3657 = ORIENTED_EDGE('',*,*,#3578,.T.);
#3658 = ORIENTED_EDGE('',*,*,#3608,.T.);
#3659 = ORIENTED_EDGE('',*,*,#3630,.T.);
#3660 = PLANE('',#3661);
#3661 = AXIS2_PLACEMENT_3D('',#3662,#3663,#3664);
#3662 = CARTESIAN_POINT('',(96.494714512542,63.823147037112,
    25.855289374945));
#3663 = DIRECTION('',(3.626225780831E-02,7.782639416966E-02,
    -0.996307232248));
#3664 = DIRECTION('',(0.554417144088,0.827902193024,8.485039261412E-02)
  );
#3665 = MANIFOLD_SOLID_BREP('',#3666);
#3666 = CLOSED_SHELL('',(#3667,#3705,#3735,#3765,#3787,#3799));
#3667 = ADVANCED_FACE('',(#3668),#3700,.T.);
#3668 = FACE_BOUND('',#3669,.T.);
#3669 = EDGE_LOOP('',(#3670,#3680,#3687,#3695));
#3670 = ORIENTED_EDGE('',*,*,#3671,.T.);
#3671 = EDGE_CURVE('',#3672,#3674,#3676,.T.);
#3672 = VERTEX_POINT('',#3673);
#3673 = CARTESIAN_POINT('',(115.1148508078,62.623181266984,
    21.065823265334));
#3674 = VERTEX_POINT('',#3675);
#3675 = CARTESIAN_POINT('',(133.14754589779,64.653938351541,
    21.761188964101));
#3676 = LINE('',#3677,#3678);
#3677 = CARTESIAN_POINT('',(115.1148508078,62.623181266984,
    21.065823265334));
#3678 = VECTOR('',#3679,1.);
#3679 = DIRECTION('',(0.992989817731,0.111825830647,3.829106270744E-02)
  );
#3680 = ORIENTED_EDGE('',*,*,#3681,.T.);
#3681 = EDGE_CURVE('',#3674,#3682,#3684,.T.);
#3682 = VERTEX_POINT('',#3683);
#3683 = CARTESIAN_POINT('',(129.49681335608,66.997686476507,
    27.194536736775));
#3684 = B_SPLINE_CURVE_WITH_KNOTS('',1,(#3685,#3686),.UNSPECIFIED.,.F.,
  .F.,(2,2),(0.,1.),.PIECEWISE_BEZIER_KNOTS.);
#3685 = CARTESIAN_POINT('',(133.14754589779,64.653938351541,
    21.761188964101));
#3686 = CARTESIAN_POINT('',(129.49681335608,66.997686476507,
    27.194536736775));
#3687 = ORIENTED_EDGE('',*,*,#3688,.F.);
#3688 = EDGE_CURVE('',#3689,#3682,#3691,.T.);
#3689 = VERTEX_POINT('',#3690);
#3690 = CARTESIAN_POINT('',(117.72988401597,65.672550383335,
    26.740787643692));
#3691 = LINE('',#3692,#3693);
#3692 = CARTESIAN_POINT('',(117.72988401597,65.672550383335,
    26.740787643692));
#3693 = VECTOR('',#3694,1.);
#3694 = DIRECTION('',(0.992989817731,0.111825830647,3.829106270744E-02)
  );
#3695 = ORIENTED_EDGE('',*,*,#3696,.F.);
#3696 = EDGE_CURVE('',#3672,#3689,#3697,.T.);
#3697 = B_SPLINE_CURVE_WITH_KNOTS('',1,(#3698,#3699),.UNSPECIFIED.,.F.,
  .F.,(2,2),(0.,1.),.PIECEWISE_BEZIER_KNOTS.);
#3698 = CARTESIAN_POINT('',(115.1148508078,62.623181266984,
    21.065823265334));
#3699 = CARTESIAN_POINT('',(117.72988401597,65.672550383335,
    26.740787643692));
#3700 = B_SPLINE_SURFACE_WITH_KNOTS('',1,1,(
    (#3701,#3702)
    ,(#3703,#3704
    )),.UNSPECIFIED.,.F.,.F.,.F.,(2,2),(2,2),(0.,18.16),(0.,1.),
  .PIECEWISE_BEZIER_KNOTS.);
#3701 = CARTESIAN_POINT('',(115.1148508078,62.623181266984,
    21.065823265334));
#3702 = CARTESIAN_POINT('',(117.72988401597,65.672550383335,
    26.740787643692));
#3703 = CARTESIAN_POINT('',(133.14754589779,64.653938351541,
    21.761188964101));
#3704 = CARTESIAN_POINT('',(129.49681335608,66.997686476507,
    27.194536736775));
#3705 = ADVANCED_FACE('',(#3706),#3730,.T.);
#3706 = FACE_BOUND('',#3707,.T.);
#3707 = EDGE_LOOP('',(#3708,#3716,#3723,#3729));
#3708 = ORIENTED_EDGE('',*,*,#3709,.T.);
#3709 = EDGE_CURVE('',#3674,#3710,#3712,.T.);
#3710 = VERTEX_POINT('',#3711);
#3711 = CARTESIAN_POINT('',(131.21943186706,82.563812856886,
    19.458066846775));
#3712 = LINE('',#3713,#3714);
#3713 = CARTESIAN_POINT('',(133.14754589779,64.653938351541,
    21.761188964101));
#3714 = VECTOR('',#3715,1.);
#3715 = DIRECTION('',(-0.106173680106,0.986226569678,-0.126823905139));
#3716 = ORIENTED_EDGE('',*,*,#3717,.T.);
#3717 = EDGE_CURVE('',#3710,#3718,#3720,.T.);
#3718 = VERTEX_POINT('',#3719);
#3719 = CARTESIAN_POINT('',(127.78770779501,81.79903637343,
    28.290123269898));
#3720 = B_SPLINE_CURVE_WITH_KNOTS('',1,(#3721,#3722),.UNSPECIFIED.,.F.,
  .F.,(2,2),(0.,1.),.PIECEWISE_BEZIER_KNOTS.);
#3721 = CARTESIAN_POINT('',(131.21943186706,82.563812856886,
    19.458066846775));
#3722 = CARTESIAN_POINT('',(127.78770779501,81.79903637343,
    28.290123269898));
#3723 = ORIENTED_EDGE('',*,*,#3724,.F.);
#3724 = EDGE_CURVE('',#3682,#3718,#3725,.T.);
#3725 = LINE('',#3726,#3727);
#3726 = CARTESIAN_POINT('',(129.49681335608,66.997686476507,
    27.194536736775));
#3727 = VECTOR('',#3728,1.);
#3728 = DIRECTION('',(-0.114398549324,0.990724619244,7.333280805032E-02)
  );
#3729 = ORIENTED_EDGE('',*,*,#3681,.F.);
#3730 = B_SPLINE_SURFACE_WITH_KNOTS('',1,1,(
    (#3731,#3732)
    ,(#3733,#3734
    )),.UNSPECIFIED.,.F.,.F.,.F.,(2,2),(2,2),(0.,18.16),(0.,1.),
  .PIECEWISE_BEZIER_KNOTS.);
#3731 = CARTESIAN_POINT('',(133.14754589779,64.653938351541,
    21.761188964101));
#3732 = CARTESIAN_POINT('',(129.49681335608,66.997686476507,
    27.194536736775));
#3733 = CARTESIAN_POINT('',(131.21943186706,82.563812856886,
    19.458066846775));
#3734 = CARTESIAN_POINT('',(127.78770779501,81.79903637343,
    28.290123269898));
#3735 = ADVANCED_FACE('',(#3736),#3760,.T.);
#3736 = FACE_BOUND('',#3737,.T.);
#3737 = EDGE_LOOP('',(#3738,#3746,#3753,#3759));
#3738 = ORIENTED_EDGE('',*,*,#3739,.T.);
#3739 = EDGE_CURVE('',#3710,#3740,#3742,.T.);
#3740 = VERTEX_POINT('',#3741);
#3741 = CARTESIAN_POINT('',(113.18673677707,80.533055772329,
    18.762701148008));
#3742 = LINE('',#3743,#3744);
#3743 = CARTESIAN_POINT('',(131.21943186706,82.563812856886,
    19.458066846775));
#3744 = VECTOR('',#3745,1.);
#3745 = DIRECTION('',(-0.992989817731,-0.111825830647,
    -3.829106270744E-02));
#3746 = ORIENTED_EDGE('',*,*,#3747,.T.);
#3747 = EDGE_CURVE('',#3740,#3748,#3750,.T.);
#3748 = VERTEX_POINT('',#3749);
#3749 = CARTESIAN_POINT('',(116.0207784549,80.473900280258,
    27.836374176814));
#3750 = B_SPLINE_CURVE_WITH_KNOTS('',1,(#3751,#3752),.UNSPECIFIED.,.F.,
  .F.,(2,2),(0.,1.),.PIECEWISE_BEZIER_KNOTS.);
#3751 = CARTESIAN_POINT('',(113.18673677707,80.533055772329,
    18.762701148008));
#3752 = CARTESIAN_POINT('',(116.0207784549,80.473900280258,
    27.836374176814));
#3753 = ORIENTED_EDGE('',*,*,#3754,.F.);
#3754 = EDGE_CURVE('',#3718,#3748,#3755,.T.);
#3755 = LINE('',#3756,#3757);
#3756 = CARTESIAN_POINT('',(127.78770779501,81.79903637343,
    28.290123269898));
#3757 = VECTOR('',#3758,1.);
#3758 = DIRECTION('',(-0.992989817731,-0.111825830647,
    -3.829106270744E-02));
#3759 = ORIENTED_EDGE('',*,*,#3717,.F.);
#3760 = B_SPLINE_SURFACE_WITH_KNOTS('',1,1,(
    (#3761,#3762)
    ,(#3763,#3764
    )),.UNSPECIFIED.,.F.,.F.,.F.,(2,2),(2,2),(0.,18.16),(0.,1.),
  .PIECEWISE_BEZIER_KNOTS.);
#3761 = CARTESIAN_POINT('',(131.21943186706,82.563812856886,
    19.458066846775));
#3762 = CARTESIAN_POINT('',(127.78770779501,81.79903637343,
    28.290123269898));
#3763 = CARTESIAN_POINT('',(113.18673677707,80.533055772329,
    18.762701148008));
#3764 = CARTESIAN_POINT('',(116.0207784549,80.473900280258,
    27.836374176814));
#3765 = ADVANCED_FACE('',(#3766),#3782,.T.);
#3766 = FACE_BOUND('',#3767,.T.);
#3767 = EDGE_LOOP('',(#3768,#3774,#3775,#3781));
#3768 = ORIENTED_EDGE('',*,*,#3769,.T.);
#3769 = EDGE_CURVE('',#3740,#3672,#3770,.T.);
#3770 = LINE('',#3771,#3772);
#3771 = CARTESIAN_POINT('',(113.18673677707,80.533055772329,
    18.762701148008));
#3772 = VECTOR('',#3773,1.);
#3773 = DIRECTION('',(0.106173680106,-0.986226569678,0.126823905139));
#3774 = ORIENTED_EDGE('',*,*,#3696,.T.);
#3775 = ORIENTED_EDGE('',*,*,#3776,.F.);
#3776 = EDGE_CURVE('',#3748,#3689,#3777,.T.);
#3777 = LINE('',#3778,#3779);
#3778 = CARTESIAN_POINT('',(116.0207784549,80.473900280258,
    27.836374176814));
#3779 = VECTOR('',#3780,1.);
#3780 = DIRECTION('',(0.114398549324,-0.990724619244,-7.333280805032E-02
    ));
#3781 = ORIENTED_EDGE('',*,*,#3747,.F.);
#3782 = B_SPLINE_SURFACE_WITH_KNOTS('',1,1,(
    (#3783,#3784)
    ,(#3785,#3786
    )),.UNSPECIFIED.,.F.,.F.,.F.,(2,2),(2,2),(0.,18.16),(0.,1.),
  .PIECEWISE_BEZIER_KNOTS.);
#3783 = CARTESIAN_POINT('',(113.18673677707,80.533055772329,
    18.762701148008));
#3784 = CARTESIAN_POINT('',(116.0207784549,80.473900280258,
    27.836374176814));
#3785 = CARTESIAN_POINT('',(115.1148508078,62.623181266984,
    21.065823265334));
#3786 = CARTESIAN_POINT('',(117.72988401597,65.672550383335,
    26.740787643692));
#3787 = ADVANCED_FACE('',(#3788),#3794,.T.);
#3788 = FACE_BOUND('',#3789,.F.);
#3789 = EDGE_LOOP('',(#3790,#3791,#3792,#3793));
#3790 = ORIENTED_EDGE('',*,*,#3671,.T.);
#3791 = ORIENTED_EDGE('',*,*,#3709,.T.);
#3792 = ORIENTED_EDGE('',*,*,#3739,.T.);
#3793 = ORIENTED_EDGE('',*,*,#3769,.T.);
#3794 = PLANE('',#3795);
#3795 = AXIS2_PLACEMENT_3D('',#3796,#3797,#3798);
#3796 = CARTESIAN_POINT('',(115.1148508078,62.623181266984,
    21.065823265334));
#3797 = DIRECTION('',(5.19458519614E-02,-0.121869343405,-0.991185901636)
  );
#3798 = DIRECTION('',(0.62707370458,0.776440298368,-6.260217324115E-02)
  );
#3799 = ADVANCED_FACE('',(#3800),#3806,.F.);
#3800 = FACE_BOUND('',#3801,.T.);
#3801 = EDGE_LOOP('',(#3802,#3803,#3804,#3805));
#3802 = ORIENTED_EDGE('',*,*,#3688,.T.);
#3803 = ORIENTED_EDGE('',*,*,#3724,.T.);
#3804 = ORIENTED_EDGE('',*,*,#3754,.T.);
#3805 = ORIENTED_EDGE('',*,*,#3776,.T.);
#3806 = PLANE('',#3807);
#3807 = AXIS2_PLACEMENT_3D('',#3808,#3809,#3810);
#3808 = CARTESIAN_POINT('',(117.72988401597,65.672550383335,
    26.740787643692));
#3809 = DIRECTION('',(2.973539634734E-02,7.719917372535E-02,
    -0.996572171887));
#3810 = DIRECTION('',(0.527445832772,0.845694657175,8.124924810385E-02)
  );
#3811 = MANIFOLD_SOLID_BREP('',#3812);
#3812 = CLOSED_SHELL('',(#3813,#3851,#3881,#3911,#3933,#3945));
#3813 = ADVANCED_FACE('',(#3814),#3846,.T.);
#3814 = FACE_BOUND('',#3815,.T.);
#3815 = EDGE_LOOP('',(#3816,#3826,#3833,#3841));
#3816 = ORIENTED_EDGE('',*,*,#3817,.T.);
#3817 = EDGE_CURVE('',#3818,#3820,#3822,.T.);
#3818 = VERTEX_POINT('',#3819);
#3819 = CARTESIAN_POINT('',(-4.140185196974,79.037106678391,
    12.797789241627));
#3820 = VERTEX_POINT('',#3821);
#3821 = CARTESIAN_POINT('',(23.506873472706,79.037106678391,
    14.246710190213));
#3822 = LINE('',#3823,#3824);
#3823 = CARTESIAN_POINT('',(-4.140185196974,79.037106678391,
    12.797789241627));
#3824 = VECTOR('',#3825,1.);
#3825 = DIRECTION('',(0.998629534755,2.165773850982E-18,
    5.233595624294E-02));
#3826 = ORIENTED_EDGE('',*,*,#3827,.T.);
#3827 = EDGE_CURVE('',#3820,#3828,#3830,.T.);
#3828 = VERTEX_POINT('',#3829);
#3829 = CARTESIAN_POINT('',(20.064576799531,81.746367658796,
    19.646040698444));
#3830 = B_SPLINE_CURVE_WITH_KNOTS('',1,(#3831,#3832),.UNSPECIFIED.,.F.,
  .F.,(2,2),(0.,1.),.PIECEWISE_BEZIER_KNOTS.);
#3831 = CARTESIAN_POINT('',(23.506873472706,79.037106678391,
    14.246710190213));
#3832 = CARTESIAN_POINT('',(20.064576799531,81.746367658796,
    19.646040698444));
#3833 = ORIENTED_EDGE('',*,*,#3834,.F.);
#3834 = EDGE_CURVE('',#3835,#3828,#3837,.T.);
#3835 = VERTEX_POINT('',#3836);
#3836 = CARTESIAN_POINT('',(-1.281129505848,81.746367658796,
    18.527359633751));
#3837 = LINE('',#3838,#3839);
#3838 = CARTESIAN_POINT('',(-1.281129505848,81.746367658796,
    18.527359633751));
#3839 = VECTOR('',#3840,1.);
#3840 = DIRECTION('',(0.998629534755,2.165773850982E-18,
    5.233595624294E-02));
#3841 = ORIENTED_EDGE('',*,*,#3842,.F.);
#3842 = EDGE_CURVE('',#3818,#3835,#3843,.T.);
#3843 = B_SPLINE_CURVE_WITH_KNOTS('',1,(#3844,#3845),.UNSPECIFIED.,.F.,
  .F.,(2,2),(0.,1.),.PIECEWISE_BEZIER_KNOTS.);
#3844 = CARTESIAN_POINT('',(-4.140185196974,79.037106678391,
    12.797789241627));
#3845 = CARTESIAN_POINT('',(-1.281129505848,81.746367658796,
    18.527359633751));
#3846 = B_SPLINE_SURFACE_WITH_KNOTS('',1,1,(
    (#3847,#3848)
    ,(#3849,#3850
    )),.UNSPECIFIED.,.F.,.F.,.F.,(2,2),(2,2),(0.,27.685),(0.,1.),
  .PIECEWISE_BEZIER_KNOTS.);
#3847 = CARTESIAN_POINT('',(-4.140185196974,79.037106678391,
    12.797789241627));
#3848 = CARTESIAN_POINT('',(-1.281129505848,81.746367658796,
    18.527359633751));
#3849 = CARTESIAN_POINT('',(23.506873472706,79.037106678391,
    14.246710190213));
#3850 = CARTESIAN_POINT('',(20.064576799531,81.746367658796,
    19.646040698444));
#3851 = ADVANCED_FACE('',(#3852),#3876,.T.);
#3852 = FACE_BOUND('',#3853,.T.);
#3853 = EDGE_LOOP('',(#3854,#3862,#3869,#3875));
#3854 = ORIENTED_EDGE('',*,*,#3855,.T.);
#3855 = EDGE_CURVE('',#3820,#3856,#3858,.T.);
#3856 = VERTEX_POINT('',#3857);
#3857 = CARTESIAN_POINT('',(23.622700651715,97.061744792197,
    12.036595955401));
#3858 = LINE('',#3859,#3860);
#3859 = CARTESIAN_POINT('',(23.506873472706,79.037106678391,
    14.246710190213));
#3860 = VECTOR('',#3861,1.);
#3861 = DIRECTION('',(6.378148623808E-03,0.992546151641,-0.121702325706)
  );
#3862 = ORIENTED_EDGE('',*,*,#3863,.T.);
#3863 = EDGE_CURVE('',#3856,#3864,#3866,.T.);
#3864 = VERTEX_POINT('',#3865);
#3865 = CARTESIAN_POINT('',(20.003230011068,96.640236235668,
    20.816607154474));
#3866 = B_SPLINE_CURVE_WITH_KNOTS('',1,(#3867,#3868),.UNSPECIFIED.,.F.,
  .F.,(2,2),(0.,1.),.PIECEWISE_BEZIER_KNOTS.);
#3867 = CARTESIAN_POINT('',(23.622700651715,97.061744792197,
    12.036595955401));
#3868 = CARTESIAN_POINT('',(20.003230011068,96.640236235668,
    20.816607154474));
#3869 = ORIENTED_EDGE('',*,*,#3870,.F.);
#3870 = EDGE_CURVE('',#3828,#3864,#3871,.T.);
#3871 = LINE('',#3872,#3873);
#3872 = CARTESIAN_POINT('',(20.064576799531,81.746367658796,
    19.646040698444));
#3873 = VECTOR('',#3874,1.);
#3874 = DIRECTION('',(-4.106231800873E-03,0.996917333733,
    7.835157026396E-02));
#3875 = ORIENTED_EDGE('',*,*,#3827,.F.);
#3876 = B_SPLINE_SURFACE_WITH_KNOTS('',1,1,(
    (#3877,#3878)
    ,(#3879,#3880
    )),.UNSPECIFIED.,.F.,.F.,.F.,(2,2),(2,2),(0.,18.16),(0.,1.),
  .PIECEWISE_BEZIER_KNOTS.);
#3877 = CARTESIAN_POINT('',(23.506873472706,79.037106678391,
    14.246710190213));
#3878 = CARTESIAN_POINT('',(20.064576799531,81.746367658796,
    19.646040698444));
#3879 = CARTESIAN_POINT('',(23.622700651715,97.061744792197,
    12.036595955401));
#3880 = CARTESIAN_POINT('',(20.003230011068,96.640236235668,
    20.816607154474));
#3881 = ADVANCED_FACE('',(#3882),#3906,.T.);
#3882 = FACE_BOUND('',#3883,.T.);
#3883 = EDGE_LOOP('',(#3884,#3892,#3899,#3905));
#3884 = ORIENTED_EDGE('',*,*,#3885,.T.);
#3885 = EDGE_CURVE('',#3856,#3886,#3888,.T.);
#3886 = VERTEX_POINT('',#3887);
#3887 = CARTESIAN_POINT('',(-4.024358017966,97.061744792197,
    10.587675006815));
#3888 = LINE('',#3889,#3890);
#3889 = CARTESIAN_POINT('',(23.622700651715,97.061744792197,
    12.036595955401));
#3890 = VECTOR('',#3891,1.);
#3891 = DIRECTION('',(-0.998629534755,-2.165773850982E-18,
    -5.233595624294E-02));
#3892 = ORIENTED_EDGE('',*,*,#3893,.T.);
#3893 = EDGE_CURVE('',#3886,#3894,#3896,.T.);
#3894 = VERTEX_POINT('',#3895);
#3895 = CARTESIAN_POINT('',(-1.342476294311,96.640236235668,
    19.697926089781));
#3896 = B_SPLINE_CURVE_WITH_KNOTS('',1,(#3897,#3898),.UNSPECIFIED.,.F.,
  .F.,(2,2),(0.,1.),.PIECEWISE_BEZIER_KNOTS.);
#3897 = CARTESIAN_POINT('',(-4.024358017966,97.061744792197,
    10.587675006815));
#3898 = CARTESIAN_POINT('',(-1.342476294311,96.640236235668,
    19.697926089781));
#3899 = ORIENTED_EDGE('',*,*,#3900,.F.);
#3900 = EDGE_CURVE('',#3864,#3894,#3901,.T.);
#3901 = LINE('',#3902,#3903);
#3902 = CARTESIAN_POINT('',(20.003230011068,96.640236235668,
    20.816607154474));
#3903 = VECTOR('',#3904,1.);
#3904 = DIRECTION('',(-0.998629534755,-2.165773850982E-18,
    -5.233595624294E-02));
#3905 = ORIENTED_EDGE('',*,*,#3863,.F.);
#3906 = B_SPLINE_SURFACE_WITH_KNOTS('',1,1,(
    (#3907,#3908)
    ,(#3909,#3910
    )),.UNSPECIFIED.,.F.,.F.,.F.,(2,2),(2,2),(0.,27.685),(0.,1.),
  .PIECEWISE_BEZIER_KNOTS.);
#3907 = CARTESIAN_POINT('',(23.622700651715,97.061744792197,
    12.036595955401));
#3908 = CARTESIAN_POINT('',(20.003230011068,96.640236235668,
    20.816607154474));
#3909 = CARTESIAN_POINT('',(-4.024358017966,97.061744792197,
    10.587675006815));
#3910 = CARTESIAN_POINT('',(-1.342476294311,96.640236235668,
    19.697926089781));
#3911 = ADVANCED_FACE('',(#3912),#3928,.T.);
#3912 = FACE_BOUND('',#3913,.T.);
#3913 = EDGE_LOOP('',(#3914,#3920,#3921,#3927));
#3914 = ORIENTED_EDGE('',*,*,#3915,.T.);
#3915 = EDGE_CURVE('',#3886,#3818,#3916,.T.);
#3916 = LINE('',#3917,#3918);
#3917 = CARTESIAN_POINT('',(-4.024358017966,97.061744792197,
    10.587675006815));
#3918 = VECTOR('',#3919,1.);
#3919 = DIRECTION('',(-6.378148623808E-03,-0.992546151641,0.121702325706
    ));
#3920 = ORIENTED_EDGE('',*,*,#3842,.T.);
#3921 = ORIENTED_EDGE('',*,*,#3922,.F.);
#3922 = EDGE_CURVE('',#3894,#3835,#3923,.T.);
#3923 = LINE('',#3924,#3925);
#3924 = CARTESIAN_POINT('',(-1.342476294311,96.640236235668,
    19.697926089781));
#3925 = VECTOR('',#3926,1.);
#3926 = DIRECTION('',(4.106231800873E-03,-0.996917333733,
    -7.835157026396E-02));
#3927 = ORIENTED_EDGE('',*,*,#3893,.F.);
#3928 = B_SPLINE_SURFACE_WITH_KNOTS('',1,1,(
    (#3929,#3930)
    ,(#3931,#3932
    )),.UNSPECIFIED.,.F.,.F.,.F.,(2,2),(2,2),(0.,18.16),(0.,1.),
  .PIECEWISE_BEZIER_KNOTS.);
#3929 = CARTESIAN_POINT('',(-4.024358017966,97.061744792197,
    10.587675006815));
#3930 = CARTESIAN_POINT('',(-1.342476294311,96.640236235668,
    19.697926089781));
#3931 = CARTESIAN_POINT('',(-4.140185196974,79.037106678391,
    12.797789241627));
#3932 = CARTESIAN_POINT('',(-1.281129505848,81.746367658796,
    18.527359633751));
#3933 = ADVANCED_FACE('',(#3934),#3940,.T.);
#3934 = FACE_BOUND('',#3935,.F.);
#3935 = EDGE_LOOP('',(#3936,#3937,#3938,#3939));
#3936 = ORIENTED_EDGE('',*,*,#3817,.T.);
#3937 = ORIENTED_EDGE('',*,*,#3855,.T.);
#3938 = ORIENTED_EDGE('',*,*,#3885,.T.);
#3939 = ORIENTED_EDGE('',*,*,#3915,.T.);
#3940 = PLANE('',#3941);
#3941 = AXIS2_PLACEMENT_3D('',#3942,#3943,#3944);
#3942 = CARTESIAN_POINT('',(-4.140185196974,79.037106678391,
    12.797789241627));
#3943 = DIRECTION('',(5.19458519614E-02,-0.121869343405,-0.991185901636)
  );
#3944 = DIRECTION('',(0.838514987082,0.544393305419,-2.299011644702E-02)
  );
#3945 = ADVANCED_FACE('',(#3946),#3952,.F.);
#3946 = FACE_BOUND('',#3947,.T.);
#3947 = EDGE_LOOP('',(#3948,#3949,#3950,#3951));
#3948 = ORIENTED_EDGE('',*,*,#3834,.T.);
#3949 = ORIENTED_EDGE('',*,*,#3870,.T.);
#3950 = ORIENTED_EDGE('',*,*,#3900,.T.);
#3951 = ORIENTED_EDGE('',*,*,#3922,.T.);
#3952 = PLANE('',#3953);
#3953 = AXIS2_PLACEMENT_3D('',#3954,#3955,#3956);
#3954 = CARTESIAN_POINT('',(-1.281129505848,81.746367658796,
    18.527359633751));
#3955 = DIRECTION('',(5.217462195609E-02,7.845909572785E-02,
    -0.995551093175));
#3956 = DIRECTION('',(0.816162757573,0.571115181501,8.778270108602E-02)
  );
#3957 = MANIFOLD_SOLID_BREP('',#3958);
#3958 = CLOSED_SHELL('',(#3959,#3997,#4027,#4057,#4079,#4091));
#3959 = ADVANCED_FACE('',(#3960),#3992,.T.);
#3960 = FACE_BOUND('',#3961,.T.);
#3961 = EDGE_LOOP('',(#3962,#3972,#3979,#3987));
#3962 = ORIENTED_EDGE('',*,*,#3963,.T.);
#3963 = EDGE_CURVE('',#3964,#3966,#3968,.T.);
#3964 = VERTEX_POINT('',#3965);
#3965 = CARTESIAN_POINT('',(24.395653758638,79.037106678391,
    14.29328919127));
#3966 = VERTEX_POINT('',#3967);
#3967 = CARTESIAN_POINT('',(52.042712428318,79.037106678391,
    15.742210139855));
#3968 = LINE('',#3969,#3970);
#3969 = CARTESIAN_POINT('',(24.395653758638,79.037106678391,
    14.29328919127));
#3970 = VECTOR('',#3971,1.);
#3971 = DIRECTION('',(0.998629534755,2.165773850982E-18,
    5.233595624294E-02));
#3972 = ORIENTED_EDGE('',*,*,#3973,.T.);
#3973 = EDGE_CURVE('',#3966,#3974,#3976,.T.);
#3974 = VERTEX_POINT('',#3975);
#3975 = CARTESIAN_POINT('',(48.600415755143,81.746367658796,
    21.141540648086));
#3976 = B_SPLINE_CURVE_WITH_KNOTS('',1,(#3977,#3978),.UNSPECIFIED.,.F.,
  .F.,(2,2),(0.,1.),.PIECEWISE_BEZIER_KNOTS.);
#3977 = CARTESIAN_POINT('',(52.042712428318,79.037106678391,
    15.742210139855));
#3978 = CARTESIAN_POINT('',(48.600415755143,81.746367658796,
    21.141540648086));
#3979 = ORIENTED_EDGE('',*,*,#3980,.F.);
#3980 = EDGE_CURVE('',#3981,#3974,#3983,.T.);
#3981 = VERTEX_POINT('',#3982);
#3982 = CARTESIAN_POINT('',(27.254709449764,81.746367658796,
    20.022859583393));
#3983 = LINE('',#3984,#3985);
#3984 = CARTESIAN_POINT('',(27.254709449764,81.746367658796,
    20.022859583393));
#3985 = VECTOR('',#3986,1.);
#3986 = DIRECTION('',(0.998629534755,2.165773850982E-18,
    5.233595624294E-02));
#3987 = ORIENTED_EDGE('',*,*,#3988,.F.);
#3988 = EDGE_CURVE('',#3964,#3981,#3989,.T.);
#3989 = B_SPLINE_CURVE_WITH_KNOTS('',1,(#3990,#3991),.UNSPECIFIED.,.F.,
  .F.,(2,2),(0.,1.),.PIECEWISE_BEZIER_KNOTS.);
#3990 = CARTESIAN_POINT('',(24.395653758638,79.037106678391,
    14.29328919127));
#3991 = CARTESIAN_POINT('',(27.254709449764,81.746367658796,
    20.022859583393));
#3992 = B_SPLINE_SURFACE_WITH_KNOTS('',1,1,(
    (#3993,#3994)
    ,(#3995,#3996
    )),.UNSPECIFIED.,.F.,.F.,.F.,(2,2),(2,2),(0.,27.685),(0.,1.),
  .PIECEWISE_BEZIER_KNOTS.);
#3993 = CARTESIAN_POINT('',(24.395653758638,79.037106678391,
    14.29328919127));
#3994 = CARTESIAN_POINT('',(27.254709449764,81.746367658796,
    20.022859583393));
#3995 = CARTESIAN_POINT('',(52.042712428318,79.037106678391,
    15.742210139855));
#3996 = CARTESIAN_POINT('',(48.600415755143,81.746367658796,
    21.141540648086));
#3997 = ADVANCED_FACE('',(#3998),#4022,.T.);
#3998 = FACE_BOUND('',#3999,.T.);
#3999 = EDGE_LOOP('',(#4000,#4008,#4015,#4021));
#4000 = ORIENTED_EDGE('',*,*,#4001,.T.);
#4001 = EDGE_CURVE('',#3966,#4002,#4004,.T.);
#4002 = VERTEX_POINT('',#4003);
#4003 = CARTESIAN_POINT('',(52.158539607327,97.061744792197,
    13.532095905043));
#4004 = LINE('',#4005,#4006);
#4005 = CARTESIAN_POINT('',(52.042712428318,79.037106678391,
    15.742210139855));
#4006 = VECTOR('',#4007,1.);
#4007 = DIRECTION('',(6.378148623808E-03,0.992546151641,-0.121702325706)
  );
#4008 = ORIENTED_EDGE('',*,*,#4009,.T.);
#4009 = EDGE_CURVE('',#4002,#4010,#4012,.T.);
#4010 = VERTEX_POINT('',#4011);
#4011 = CARTESIAN_POINT('',(48.53906896668,96.640236235668,
    22.312107104116));
#4012 = B_SPLINE_CURVE_WITH_KNOTS('',1,(#4013,#4014),.UNSPECIFIED.,.F.,
  .F.,(2,2),(0.,1.),.PIECEWISE_BEZIER_KNOTS.);
#4013 = CARTESIAN_POINT('',(52.158539607327,97.061744792197,
    13.532095905043));
#4014 = CARTESIAN_POINT('',(48.53906896668,96.640236235668,
    22.312107104116));
#4015 = ORIENTED_EDGE('',*,*,#4016,.F.);
#4016 = EDGE_CURVE('',#3974,#4010,#4017,.T.);
#4017 = LINE('',#4018,#4019);
#4018 = CARTESIAN_POINT('',(48.600415755143,81.746367658796,
    21.141540648086));
#4019 = VECTOR('',#4020,1.);
#4020 = DIRECTION('',(-4.106231800873E-03,0.996917333733,
    7.835157026396E-02));
#4021 = ORIENTED_EDGE('',*,*,#3973,.F.);
#4022 = B_SPLINE_SURFACE_WITH_KNOTS('',1,1,(
    (#4023,#4024)
    ,(#4025,#4026
    )),.UNSPECIFIED.,.F.,.F.,.F.,(2,2),(2,2),(0.,18.16),(0.,1.),
  .PIECEWISE_BEZIER_KNOTS.);
#4023 = CARTESIAN_POINT('',(52.042712428318,79.037106678391,
    15.742210139855));
#4024 = CARTESIAN_POINT('',(48.600415755143,81.746367658796,
    21.141540648086));
#4025 = CARTESIAN_POINT('',(52.158539607327,97.061744792197,
    13.532095905043));
#4026 = CARTESIAN_POINT('',(48.53906896668,96.640236235668,
    22.312107104116));
#4027 = ADVANCED_FACE('',(#4028),#4052,.T.);
#4028 = FACE_BOUND('',#4029,.T.);
#4029 = EDGE_LOOP('',(#4030,#4038,#4045,#4051));
#4030 = ORIENTED_EDGE('',*,*,#4031,.T.);
#4031 = EDGE_CURVE('',#4002,#4032,#4034,.T.);
#4032 = VERTEX_POINT('',#4033);
#4033 = CARTESIAN_POINT('',(24.511480937646,97.061744792197,
    12.083174956457));
#4034 = LINE('',#4035,#4036);
#4035 = CARTESIAN_POINT('',(52.158539607327,97.061744792197,
    13.532095905043));
#4036 = VECTOR('',#4037,1.);
#4037 = DIRECTION('',(-0.998629534755,-2.165773850982E-18,
    -5.233595624294E-02));
#4038 = ORIENTED_EDGE('',*,*,#4039,.T.);
#4039 = EDGE_CURVE('',#4032,#4040,#4042,.T.);
#4040 = VERTEX_POINT('',#4041);
#4041 = CARTESIAN_POINT('',(27.193362661301,96.640236235668,
    21.193426039423));
#4042 = B_SPLINE_CURVE_WITH_KNOTS('',1,(#4043,#4044),.UNSPECIFIED.,.F.,
  .F.,(2,2),(0.,1.),.PIECEWISE_BEZIER_KNOTS.);
#4043 = CARTESIAN_POINT('',(24.511480937646,97.061744792197,
    12.083174956457));
#4044 = CARTESIAN_POINT('',(27.193362661301,96.640236235668,
    21.193426039423));
#4045 = ORIENTED_EDGE('',*,*,#4046,.F.);
#4046 = EDGE_CURVE('',#4010,#4040,#4047,.T.);
#4047 = LINE('',#4048,#4049);
#4048 = CARTESIAN_POINT('',(48.53906896668,96.640236235668,
    22.312107104116));
#4049 = VECTOR('',#4050,1.);
#4050 = DIRECTION('',(-0.998629534755,-2.165773850982E-18,
    -5.233595624294E-02));
#4051 = ORIENTED_EDGE('',*,*,#4009,.F.);
#4052 = B_SPLINE_SURFACE_WITH_KNOTS('',1,1,(
    (#4053,#4054)
    ,(#4055,#4056
    )),.UNSPECIFIED.,.F.,.F.,.F.,(2,2),(2,2),(0.,27.685),(0.,1.),
  .PIECEWISE_BEZIER_KNOTS.);
#4053 = CARTESIAN_POINT('',(52.158539607327,97.061744792197,
    13.532095905043));
#4054 = CARTESIAN_POINT('',(48.53906896668,96.640236235668,
    22.312107104116));
#4055 = CARTESIAN_POINT('',(24.511480937646,97.061744792197,
    12.083174956457));
#4056 = CARTESIAN_POINT('',(27.193362661301,96.640236235668,
    21.193426039423));
#4057 = ADVANCED_FACE('',(#4058),#4074,.T.);
#4058 = FACE_BOUND('',#4059,.T.);
#4059 = EDGE_LOOP('',(#4060,#4066,#4067,#4073));
#4060 = ORIENTED_EDGE('',*,*,#4061,.T.);
#4061 = EDGE_CURVE('',#4032,#3964,#4062,.T.);
#4062 = LINE('',#4063,#4064);
#4063 = CARTESIAN_POINT('',(24.511480937646,97.061744792197,
    12.083174956457));
#4064 = VECTOR('',#4065,1.);
#4065 = DIRECTION('',(-6.378148623808E-03,-0.992546151641,0.121702325706
    ));
#4066 = ORIENTED_EDGE('',*,*,#3988,.T.);
#4067 = ORIENTED_EDGE('',*,*,#4068,.F.);
#4068 = EDGE_CURVE('',#4040,#3981,#4069,.T.);
#4069 = LINE('',#4070,#4071);
#4070 = CARTESIAN_POINT('',(27.193362661301,96.640236235668,
    21.193426039423));
#4071 = VECTOR('',#4072,1.);
#4072 = DIRECTION('',(4.106231800873E-03,-0.996917333733,
    -7.835157026396E-02));
#4073 = ORIENTED_EDGE('',*,*,#4039,.F.);
#4074 = B_SPLINE_SURFACE_WITH_KNOTS('',1,1,(
    (#4075,#4076)
    ,(#4077,#4078
    )),.UNSPECIFIED.,.F.,.F.,.F.,(2,2),(2,2),(0.,18.16),(0.,1.),
  .PIECEWISE_BEZIER_KNOTS.);
#4075 = CARTESIAN_POINT('',(24.511480937646,97.061744792197,
    12.083174956457));
#4076 = CARTESIAN_POINT('',(27.193362661301,96.640236235668,
    21.193426039423));
#4077 = CARTESIAN_POINT('',(24.395653758638,79.037106678391,
    14.29328919127));
#4078 = CARTESIAN_POINT('',(27.254709449764,81.746367658796,
    20.022859583393));
#4079 = ADVANCED_FACE('',(#4080),#4086,.T.);
#4080 = FACE_BOUND('',#4081,.F.);
#4081 = EDGE_LOOP('',(#4082,#4083,#4084,#4085));
#4082 = ORIENTED_EDGE('',*,*,#3963,.T.);
#4083 = ORIENTED_EDGE('',*,*,#4001,.T.);
#4084 = ORIENTED_EDGE('',*,*,#4031,.T.);
#4085 = ORIENTED_EDGE('',*,*,#4061,.T.);
#4086 = PLANE('',#4087);
#4087 = AXIS2_PLACEMENT_3D('',#4088,#4089,#4090);
#4088 = CARTESIAN_POINT('',(24.395653758638,79.037106678391,
    14.29328919127));
#4089 = DIRECTION('',(5.19458519614E-02,-0.121869343405,-0.991185901636)
  );
#4090 = DIRECTION('',(0.838514987082,0.544393305419,-2.299011644702E-02)
  );
#4091 = ADVANCED_FACE('',(#4092),#4098,.F.);
#4092 = FACE_BOUND('',#4093,.T.);
#4093 = EDGE_LOOP('',(#4094,#4095,#4096,#4097));
#4094 = ORIENTED_EDGE('',*,*,#3980,.T.);
#4095 = ORIENTED_EDGE('',*,*,#4016,.T.);
#4096 = ORIENTED_EDGE('',*,*,#4046,.T.);
#4097 = ORIENTED_EDGE('',*,*,#4068,.T.);
#4098 = PLANE('',#4099);
#4099 = AXIS2_PLACEMENT_3D('',#4100,#4101,#4102);
#4100 = CARTESIAN_POINT('',(27.254709449764,81.746367658796,
    20.022859583393));
#4101 = DIRECTION('',(5.217462195609E-02,7.845909572785E-02,
    -0.995551093175));
#4102 = DIRECTION('',(0.816162757573,0.571115181501,8.778270108602E-02)
  );
#4103 = MANIFOLD_SOLID_BREP('',#4104);
#4104 = CLOSED_SHELL('',(#4105,#4143,#4173,#4203,#4225,#4237));
#4105 = ADVANCED_FACE('',(#4106),#4138,.T.);
#4106 = FACE_BOUND('',#4107,.T.);
#4107 = EDGE_LOOP('',(#4108,#4118,#4125,#4133));
#4108 = ORIENTED_EDGE('',*,*,#4109,.T.);
#4109 = EDGE_CURVE('',#4110,#4112,#4114,.T.);
#4110 = VERTEX_POINT('',#4111);
#4111 = CARTESIAN_POINT('',(67.778595434615,79.050883917099,
    16.565198869563));
#4112 = VERTEX_POINT('',#4113);
#4113 = CARTESIAN_POINT('',(95.417822073558,79.903462967003,
    17.90888215249));
#4114 = LINE('',#4115,#4116);
#4115 = CARTESIAN_POINT('',(67.778595434615,79.050883917099,
    16.565198869563));
#4116 = VECTOR('',#4117,1.);
#4117 = DIRECTION('',(0.998346636769,3.079570344606E-02,
    4.853470409706E-02));
#4118 = ORIENTED_EDGE('',*,*,#4119,.T.);
#4119 = EDGE_CURVE('',#4112,#4120,#4122,.T.);
#4120 = VERTEX_POINT('',#4121);
#4121 = CARTESIAN_POINT('',(91.914133021917,82.514602996845,
    23.317059493996));
#4122 = B_SPLINE_CURVE_WITH_KNOTS('',1,(#4123,#4124),.UNSPECIFIED.,.F.,
  .F.,(2,2),(0.,1.),.PIECEWISE_BEZIER_KNOTS.);
#4123 = CARTESIAN_POINT('',(95.417822073558,79.903462967003,
    17.90888215249));
#4124 = CARTESIAN_POINT('',(91.914133021917,82.514602996845,
    23.317059493996));
#4125 = ORIENTED_EDGE('',*,*,#4126,.F.);
#4126 = EDGE_CURVE('',#4127,#4120,#4129,.T.);
#4127 = VERTEX_POINT('',#4128);
#4128 = CARTESIAN_POINT('',(70.574473660985,81.856344835686,
    22.279630193921));
#4129 = LINE('',#4130,#4131);
#4130 = CARTESIAN_POINT('',(70.574473660985,81.856344835686,
    22.279630193921));
#4131 = VECTOR('',#4132,1.);
#4132 = DIRECTION('',(0.998346636769,3.079570344606E-02,
    4.853470409706E-02));
#4133 = ORIENTED_EDGE('',*,*,#4134,.F.);
#4134 = EDGE_CURVE('',#4110,#4127,#4135,.T.);
#4135 = B_SPLINE_CURVE_WITH_KNOTS('',1,(#4136,#4137),.UNSPECIFIED.,.F.,
  .F.,(2,2),(0.,1.),.PIECEWISE_BEZIER_KNOTS.);
#4136 = CARTESIAN_POINT('',(67.778595434615,79.050883917099,
    16.565198869563));
#4137 = CARTESIAN_POINT('',(70.574473660985,81.856344835686,
    22.279630193921));
#4138 = B_SPLINE_SURFACE_WITH_KNOTS('',1,1,(
    (#4139,#4140)
    ,(#4141,#4142
    )),.UNSPECIFIED.,.F.,.F.,.F.,(2,2),(2,2),(0.,27.685),(0.,1.),
  .PIECEWISE_BEZIER_KNOTS.);
#4139 = CARTESIAN_POINT('',(67.778595434615,79.050883917099,
    16.565198869563));
#4140 = CARTESIAN_POINT('',(70.574473660985,81.856344835686,
    22.279630193921));
#4141 = CARTESIAN_POINT('',(95.417822073558,79.903462967003,
    17.90888215249));
#4142 = CARTESIAN_POINT('',(91.914133021917,82.514602996845,
    23.317059493996));
#4143 = ADVANCED_FACE('',(#4144),#4168,.T.);
#4144 = FACE_BOUND('',#4145,.T.);
#4145 = EDGE_LOOP('',(#4146,#4154,#4161,#4167));
#4146 = ORIENTED_EDGE('',*,*,#4147,.T.);
#4147 = EDGE_CURVE('',#4112,#4148,#4150,.T.);
#4148 = VERTEX_POINT('',#4149);
#4149 = CARTESIAN_POINT('',(94.970915831439,97.91942307463,
    15.670343296196));
#4150 = LINE('',#4151,#4152);
#4151 = CARTESIAN_POINT('',(95.417822073558,79.903462967003,
    17.90888215249));
#4152 = VECTOR('',#4153,1.);
#4153 = DIRECTION('',(-2.460937456602E-02,0.992068287865,-0.123267558166
    ));
#4154 = ORIENTED_EDGE('',*,*,#4155,.T.);
#4155 = EDGE_CURVE('',#4148,#4156,#4158,.T.);
#4156 = VERTEX_POINT('',#4157);
#4157 = CARTESIAN_POINT('',(91.399128893954,97.401475648031,
    24.464710946805));
#4158 = B_SPLINE_CURVE_WITH_KNOTS('',1,(#4159,#4160),.UNSPECIFIED.,.F.,
  .F.,(2,2),(0.,1.),.PIECEWISE_BEZIER_KNOTS.);
#4159 = CARTESIAN_POINT('',(94.970915831439,97.91942307463,
    15.670343296196));
#4160 = CARTESIAN_POINT('',(91.399128893954,97.401475648031,
    24.464710946805));
#4161 = ORIENTED_EDGE('',*,*,#4162,.F.);
#4162 = EDGE_CURVE('',#4120,#4156,#4163,.T.);
#4163 = LINE('',#4164,#4165);
#4164 = CARTESIAN_POINT('',(91.914133021917,82.514602996845,
    23.317059493996));
#4165 = VECTOR('',#4166,1.);
#4166 = DIRECTION('',(-3.44716713096E-02,0.996449063213,
    7.681776030747E-02));
#4167 = ORIENTED_EDGE('',*,*,#4119,.F.);
#4168 = B_SPLINE_SURFACE_WITH_KNOTS('',1,1,(
    (#4169,#4170)
    ,(#4171,#4172
    )),.UNSPECIFIED.,.F.,.F.,.F.,(2,2),(2,2),(0.,18.16),(0.,1.),
  .PIECEWISE_BEZIER_KNOTS.);
#4169 = CARTESIAN_POINT('',(95.417822073558,79.903462967003,
    17.90888215249));
#4170 = CARTESIAN_POINT('',(91.914133021917,82.514602996845,
    23.317059493996));
#4171 = CARTESIAN_POINT('',(94.970915831439,97.91942307463,
    15.670343296196));
#4172 = CARTESIAN_POINT('',(91.399128893954,97.401475648031,
    24.464710946805));
#4173 = ADVANCED_FACE('',(#4174),#4198,.T.);
#4174 = FACE_BOUND('',#4175,.T.);
#4175 = EDGE_LOOP('',(#4176,#4184,#4191,#4197));
#4176 = ORIENTED_EDGE('',*,*,#4177,.T.);
#4177 = EDGE_CURVE('',#4148,#4178,#4180,.T.);
#4178 = VERTEX_POINT('',#4179);
#4179 = CARTESIAN_POINT('',(67.331689192496,97.066844024726,
    14.326660013269));
#4180 = LINE('',#4181,#4182);
#4181 = CARTESIAN_POINT('',(94.970915831439,97.91942307463,
    15.670343296196));
#4182 = VECTOR('',#4183,1.);
#4183 = DIRECTION('',(-0.998346636769,-3.079570344606E-02,
    -4.853470409706E-02));
#4184 = ORIENTED_EDGE('',*,*,#4185,.T.);
#4185 = EDGE_CURVE('',#4178,#4186,#4188,.T.);
#4186 = VERTEX_POINT('',#4187);
#4187 = CARTESIAN_POINT('',(70.059469533022,96.743217486872,
    23.42728164673));
#4188 = B_SPLINE_CURVE_WITH_KNOTS('',1,(#4189,#4190),.UNSPECIFIED.,.F.,
  .F.,(2,2),(0.,1.),.PIECEWISE_BEZIER_KNOTS.);
#4189 = CARTESIAN_POINT('',(67.331689192496,97.066844024726,
    14.326660013269));
#4190 = CARTESIAN_POINT('',(70.059469533022,96.743217486872,
    23.42728164673));
#4191 = ORIENTED_EDGE('',*,*,#4192,.F.);
#4192 = EDGE_CURVE('',#4156,#4186,#4193,.T.);
#4193 = LINE('',#4194,#4195);
#4194 = CARTESIAN_POINT('',(91.399128893954,97.401475648031,
    24.464710946805));
#4195 = VECTOR('',#4196,1.);
#4196 = DIRECTION('',(-0.998346636769,-3.079570344606E-02,
    -4.853470409706E-02));
#4197 = ORIENTED_EDGE('',*,*,#4155,.F.);
#4198 = B_SPLINE_SURFACE_WITH_KNOTS('',1,1,(
    (#4199,#4200)
    ,(#4201,#4202
    )),.UNSPECIFIED.,.F.,.F.,.F.,(2,2),(2,2),(0.,27.685),(0.,1.),
  .PIECEWISE_BEZIER_KNOTS.);
#4199 = CARTESIAN_POINT('',(94.970915831439,97.91942307463,
    15.670343296196));
#4200 = CARTESIAN_POINT('',(91.399128893954,97.401475648031,
    24.464710946805));
#4201 = CARTESIAN_POINT('',(67.331689192496,97.066844024726,
    14.326660013269));
#4202 = CARTESIAN_POINT('',(70.059469533022,96.743217486872,
    23.42728164673));
#4203 = ADVANCED_FACE('',(#4204),#4220,.T.);
#4204 = FACE_BOUND('',#4205,.T.);
#4205 = EDGE_LOOP('',(#4206,#4212,#4213,#4219));
#4206 = ORIENTED_EDGE('',*,*,#4207,.T.);
#4207 = EDGE_CURVE('',#4178,#4110,#4208,.T.);
#4208 = LINE('',#4209,#4210);
#4209 = CARTESIAN_POINT('',(67.331689192496,97.066844024726,
    14.326660013269));
#4210 = VECTOR('',#4211,1.);
#4211 = DIRECTION('',(2.460937456602E-02,-0.992068287865,0.123267558166)
  );
#4212 = ORIENTED_EDGE('',*,*,#4134,.T.);
#4213 = ORIENTED_EDGE('',*,*,#4214,.F.);
#4214 = EDGE_CURVE('',#4186,#4127,#4215,.T.);
#4215 = LINE('',#4216,#4217);
#4216 = CARTESIAN_POINT('',(70.059469533022,96.743217486872,
    23.42728164673));
#4217 = VECTOR('',#4218,1.);
#4218 = DIRECTION('',(3.44716713096E-02,-0.996449063213,
    -7.681776030747E-02));
#4219 = ORIENTED_EDGE('',*,*,#4185,.F.);
#4220 = B_SPLINE_SURFACE_WITH_KNOTS('',1,1,(
    (#4221,#4222)
    ,(#4223,#4224
    )),.UNSPECIFIED.,.F.,.F.,.F.,(2,2),(2,2),(0.,18.16),(0.,1.),
  .PIECEWISE_BEZIER_KNOTS.);
#4221 = CARTESIAN_POINT('',(67.331689192496,97.066844024726,
    14.326660013269));
#4222 = CARTESIAN_POINT('',(70.059469533022,96.743217486872,
    23.42728164673));
#4223 = CARTESIAN_POINT('',(67.778595434615,79.050883917099,
    16.565198869563));
#4224 = CARTESIAN_POINT('',(70.574473660985,81.856344835686,
    22.279630193921));
#4225 = ADVANCED_FACE('',(#4226),#4232,.T.);
#4226 = FACE_BOUND('',#4227,.F.);
#4227 = EDGE_LOOP('',(#4228,#4229,#4230,#4231));
#4228 = ORIENTED_EDGE('',*,*,#4109,.T.);
#4229 = ORIENTED_EDGE('',*,*,#4147,.T.);
#4230 = ORIENTED_EDGE('',*,*,#4177,.T.);
#4231 = ORIENTED_EDGE('',*,*,#4207,.T.);
#4232 = PLANE('',#4233);
#4233 = AXIS2_PLACEMENT_3D('',#4234,#4235,#4236);
#4234 = CARTESIAN_POINT('',(67.778595434615,79.050883917099,
    16.565198869563));
#4235 = DIRECTION('',(5.19458519614E-02,-0.121869343405,-0.991185901636)
  );
#4236 = DIRECTION('',(0.821282351933,0.569881422059,-2.702708261783E-02)
  );
#4237 = ADVANCED_FACE('',(#4238),#4244,.F.);
#4238 = FACE_BOUND('',#4239,.T.);
#4239 = EDGE_LOOP('',(#4240,#4241,#4242,#4243));
#4240 = ORIENTED_EDGE('',*,*,#4126,.T.);
#4241 = ORIENTED_EDGE('',*,*,#4162,.T.);
#4242 = ORIENTED_EDGE('',*,*,#4192,.T.);
#4243 = ORIENTED_EDGE('',*,*,#4214,.T.);
#4244 = PLANE('',#4245);
#4245 = AXIS2_PLACEMENT_3D('',#4246,#4247,#4248);
#4246 = CARTESIAN_POINT('',(70.574473660985,81.856344835686,
    22.279630193921));
#4247 = DIRECTION('',(4.599670346503E-02,7.836382501381E-02,
    -0.995863150337));
#4248 = DIRECTION('',(0.798535094605,0.596088260046,8.378835789614E-02)
  );
#4249 = MANIFOLD_SOLID_BREP('',#4250);
#4250 = CLOSED_SHELL('',(#4251,#4289,#4319,#4349,#4371,#4383));
#4251 = ADVANCED_FACE('',(#4252),#4284,.T.);
#4252 = FACE_BOUND('',#4253,.T.);
#4253 = EDGE_LOOP('',(#4254,#4264,#4271,#4279));
#4254 = ORIENTED_EDGE('',*,*,#4255,.T.);
#4255 = EDGE_CURVE('',#4256,#4258,#4260,.T.);
#4256 = VERTEX_POINT('',#4257);
#4257 = CARTESIAN_POINT('',(99.344365448298,80.131618109636,
    18.08661119721));
#4258 = VERTEX_POINT('',#4259);
#4259 = CARTESIAN_POINT('',(141.06093104579,84.4536951025,
    19.741471151222));
#4260 = LINE('',#4261,#4262);
#4261 = CARTESIAN_POINT('',(99.344365448298,80.131618109636,
    18.08661119721));
#4262 = VECTOR('',#4263,1.);
#4263 = DIRECTION('',(0.993902331229,0.102974018533,3.942724293317E-02)
  );
#4264 = ORIENTED_EDGE('',*,*,#4265,.T.);
#4265 = EDGE_CURVE('',#4258,#4266,#4268,.T.);
#4266 = VERTEX_POINT('',#4267);
#4267 = CARTESIAN_POINT('',(137.42523316038,86.827307310319,
    25.17193497636));
#4268 = B_SPLINE_CURVE_WITH_KNOTS('',1,(#4269,#4270),.UNSPECIFIED.,.F.,
  .F.,(2,2),(0.,1.),.PIECEWISE_BEZIER_KNOTS.);
#4269 = CARTESIAN_POINT('',(141.06093104579,84.4536951025,
    19.741471151222));
#4270 = CARTESIAN_POINT('',(137.42523316038,86.827307310319,
    25.17193497636));
#4271 = ORIENTED_EDGE('',*,*,#4272,.F.);
#4272 = EDGE_CURVE('',#4273,#4266,#4275,.T.);
#4273 = VERTEX_POINT('',#4274);
#4274 = CARTESIAN_POINT('',(101.98019127294,83.154996374397,
    23.765860925256));
#4275 = LINE('',#4276,#4277);
#4276 = CARTESIAN_POINT('',(101.98019127294,83.154996374397,
    23.765860925256));
#4277 = VECTOR('',#4278,1.);
#4278 = DIRECTION('',(0.993902331229,0.102974018533,3.942724293317E-02)
  );
#4279 = ORIENTED_EDGE('',*,*,#4280,.F.);
#4280 = EDGE_CURVE('',#4256,#4273,#4281,.T.);
#4281 = B_SPLINE_CURVE_WITH_KNOTS('',1,(#4282,#4283),.UNSPECIFIED.,.F.,
  .F.,(2,2),(0.,1.),.PIECEWISE_BEZIER_KNOTS.);
#4282 = CARTESIAN_POINT('',(99.344365448298,80.131618109636,
    18.08661119721));
#4283 = CARTESIAN_POINT('',(101.98019127294,83.154996374397,
    23.765860925256));
#4284 = B_SPLINE_SURFACE_WITH_KNOTS('',1,1,(
    (#4285,#4286)
    ,(#4287,#4288
    )),.UNSPECIFIED.,.F.,.F.,.F.,(2,2),(2,2),(0.,41.9725),(0.,1.),
  .PIECEWISE_BEZIER_KNOTS.);
#4285 = CARTESIAN_POINT('',(99.344365448298,80.131618109636,
    18.08661119721));
#4286 = CARTESIAN_POINT('',(101.98019127294,83.154996374397,
    23.765860925256));
#4287 = CARTESIAN_POINT('',(141.06093104579,84.4536951025,
    19.741471151222));
#4288 = CARTESIAN_POINT('',(137.42523316038,86.827307310319,
    25.17193497636));
#4289 = ADVANCED_FACE('',(#4290),#4314,.T.);
#4290 = FACE_BOUND('',#4291,.T.);
#4291 = EDGE_LOOP('',(#4292,#4300,#4307,#4313));
#4292 = ORIENTED_EDGE('',*,*,#4293,.T.);
#4293 = EDGE_CURVE('',#4258,#4294,#4296,.T.);
#4294 = VERTEX_POINT('',#4295);
#4295 = CARTESIAN_POINT('',(139.29466360055,102.38106659285,
    17.444679746111));
#4296 = LINE('',#4297,#4298);
#4297 = CARTESIAN_POINT('',(141.06093104579,84.4536951025,
    19.741471151222));
#4298 = VECTOR('',#4299,1.);
#4299 = DIRECTION('',(-9.726142319587E-02,0.987190060042,-0.126475297638
    ));
#4300 = ORIENTED_EDGE('',*,*,#4301,.T.);
#4301 = EDGE_CURVE('',#4294,#4302,#4304,.T.);
#4302 = VERTEX_POINT('',#4303);
#4303 = CARTESIAN_POINT('',(135.84660304048,101.64276270617,
    26.272625123295));
#4304 = B_SPLINE_CURVE_WITH_KNOTS('',1,(#4305,#4306),.UNSPECIFIED.,.F.,
  .F.,(2,2),(0.,1.),.PIECEWISE_BEZIER_KNOTS.);
#4305 = CARTESIAN_POINT('',(139.29466360055,102.38106659285,
    17.444679746111));
#4306 = CARTESIAN_POINT('',(135.84660304048,101.64276270617,
    26.272625123295));
#4307 = ORIENTED_EDGE('',*,*,#4308,.F.);
#4308 = EDGE_CURVE('',#4266,#4302,#4309,.T.);
#4309 = LINE('',#4310,#4311);
#4310 = CARTESIAN_POINT('',(137.42523316038,86.827307310319,
    25.17193497636));
#4311 = VECTOR('',#4312,1.);
#4312 = DIRECTION('',(-0.105665208603,0.991668767254,7.367441715261E-02)
  );
#4313 = ORIENTED_EDGE('',*,*,#4265,.F.);
#4314 = B_SPLINE_SURFACE_WITH_KNOTS('',1,1,(
    (#4315,#4316)
    ,(#4317,#4318
    )),.UNSPECIFIED.,.F.,.F.,.F.,(2,2),(2,2),(0.,18.16),(0.,1.),
  .PIECEWISE_BEZIER_KNOTS.);
#4315 = CARTESIAN_POINT('',(141.06093104579,84.4536951025,
    19.741471151222));
#4316 = CARTESIAN_POINT('',(137.42523316038,86.827307310319,
    25.17193497636));
#4317 = CARTESIAN_POINT('',(139.29466360055,102.38106659285,
    17.444679746111));
#4318 = CARTESIAN_POINT('',(135.84660304048,101.64276270617,
    26.272625123295));
#4319 = ADVANCED_FACE('',(#4320),#4344,.T.);
#4320 = FACE_BOUND('',#4321,.T.);
#4321 = EDGE_LOOP('',(#4322,#4330,#4337,#4343));
#4322 = ORIENTED_EDGE('',*,*,#4323,.T.);
#4323 = EDGE_CURVE('',#4294,#4324,#4326,.T.);
#4324 = VERTEX_POINT('',#4325);
#4325 = CARTESIAN_POINT('',(97.578098003061,98.058989599994,
    15.789819792099));
#4326 = LINE('',#4327,#4328);
#4327 = CARTESIAN_POINT('',(139.29466360055,102.38106659285,
    17.444679746111));
#4328 = VECTOR('',#4329,1.);
#4329 = DIRECTION('',(-0.993902331229,-0.102974018533,
    -3.942724293317E-02));
#4330 = ORIENTED_EDGE('',*,*,#4331,.T.);
#4331 = EDGE_CURVE('',#4324,#4332,#4334,.T.);
#4332 = VERTEX_POINT('',#4333);
#4333 = CARTESIAN_POINT('',(100.40156115303,97.970451770251,
    24.866551072191));
#4334 = B_SPLINE_CURVE_WITH_KNOTS('',1,(#4335,#4336),.UNSPECIFIED.,.F.,
  .F.,(2,2),(0.,1.),.PIECEWISE_BEZIER_KNOTS.);
#4335 = CARTESIAN_POINT('',(97.578098003061,98.058989599994,
    15.789819792099));
#4336 = CARTESIAN_POINT('',(100.40156115303,97.970451770251,
    24.866551072191));
#4337 = ORIENTED_EDGE('',*,*,#4338,.F.);
#4338 = EDGE_CURVE('',#4302,#4332,#4339,.T.);
#4339 = LINE('',#4340,#4341);
#4340 = CARTESIAN_POINT('',(135.84660304048,101.64276270617,
    26.272625123295));
#4341 = VECTOR('',#4342,1.);
#4342 = DIRECTION('',(-0.993902331229,-0.102974018533,
    -3.942724293317E-02));
#4343 = ORIENTED_EDGE('',*,*,#4301,.F.);
#4344 = B_SPLINE_SURFACE_WITH_KNOTS('',1,1,(
    (#4345,#4346)
    ,(#4347,#4348
    )),.UNSPECIFIED.,.F.,.F.,.F.,(2,2),(2,2),(0.,41.9725),(0.,1.),
  .PIECEWISE_BEZIER_KNOTS.);
#4345 = CARTESIAN_POINT('',(139.29466360055,102.38106659285,
    17.444679746111));
#4346 = CARTESIAN_POINT('',(135.84660304048,101.64276270617,
    26.272625123295));
#4347 = CARTESIAN_POINT('',(97.578098003061,98.058989599994,
    15.789819792099));
#4348 = CARTESIAN_POINT('',(100.40156115303,97.970451770251,
    24.866551072191));
#4349 = ADVANCED_FACE('',(#4350),#4366,.T.);
#4350 = FACE_BOUND('',#4351,.T.);
#4351 = EDGE_LOOP('',(#4352,#4358,#4359,#4365));
#4352 = ORIENTED_EDGE('',*,*,#4353,.T.);
#4353 = EDGE_CURVE('',#4324,#4256,#4354,.T.);
#4354 = LINE('',#4355,#4356);
#4355 = CARTESIAN_POINT('',(97.578098003061,98.058989599994,
    15.789819792099));
#4356 = VECTOR('',#4357,1.);
#4357 = DIRECTION('',(9.726142319587E-02,-0.987190060042,0.126475297638)
  );
#4358 = ORIENTED_EDGE('',*,*,#4280,.T.);
#4359 = ORIENTED_EDGE('',*,*,#4360,.F.);
#4360 = EDGE_CURVE('',#4332,#4273,#4361,.T.);
#4361 = LINE('',#4362,#4363);
#4362 = CARTESIAN_POINT('',(100.40156115303,97.970451770251,
    24.866551072191));
#4363 = VECTOR('',#4364,1.);
#4364 = DIRECTION('',(0.105665208603,-0.991668767254,-7.367441715261E-02
    ));
#4365 = ORIENTED_EDGE('',*,*,#4331,.F.);
#4366 = B_SPLINE_SURFACE_WITH_KNOTS('',1,1,(
    (#4367,#4368)
    ,(#4369,#4370
    )),.UNSPECIFIED.,.F.,.F.,.F.,(2,2),(2,2),(0.,18.16),(0.,1.),
  .PIECEWISE_BEZIER_KNOTS.);
#4367 = CARTESIAN_POINT('',(97.578098003061,98.058989599994,
    15.789819792099));
#4368 = CARTESIAN_POINT('',(100.40156115303,97.970451770251,
    24.866551072191));
#4369 = CARTESIAN_POINT('',(99.344365448298,80.131618109636,
    18.08661119721));
#4370 = CARTESIAN_POINT('',(101.98019127294,83.154996374397,
    23.765860925256));
#4371 = ADVANCED_FACE('',(#4372),#4378,.T.);
#4372 = FACE_BOUND('',#4373,.F.);
#4373 = EDGE_LOOP('',(#4374,#4375,#4376,#4377));
#4374 = ORIENTED_EDGE('',*,*,#4255,.T.);
#4375 = ORIENTED_EDGE('',*,*,#4293,.T.);
#4376 = ORIENTED_EDGE('',*,*,#4323,.T.);
#4377 = ORIENTED_EDGE('',*,*,#4353,.T.);
#4378 = PLANE('',#4379);
#4379 = AXIS2_PLACEMENT_3D('',#4380,#4381,#4382);
#4380 = CARTESIAN_POINT('',(99.344365448298,80.131618109636,
    18.08661119721));
#4381 = DIRECTION('',(5.19458519614E-02,-0.121869343405,-0.991185901636)
  );
#4382 = DIRECTION('',(0.873561620315,0.486511119242,-1.403660809778E-02)
  );
#4383 = ADVANCED_FACE('',(#4384),#4390,.F.);
#4384 = FACE_BOUND('',#4385,.T.);
#4385 = EDGE_LOOP('',(#4386,#4387,#4388,#4389));
#4386 = ORIENTED_EDGE('',*,*,#4272,.T.);
#4387 = ORIENTED_EDGE('',*,*,#4308,.T.);
#4388 = ORIENTED_EDGE('',*,*,#4338,.T.);
#4389 = ORIENTED_EDGE('',*,*,#4360,.T.);
#4390 = PLANE('',#4391);
#4391 = AXIS2_PLACEMENT_3D('',#4392,#4393,#4394);
#4392 = CARTESIAN_POINT('',(101.98019127294,83.154996374397,
    23.765860925256));
#4393 = DIRECTION('',(3.151221459852E-02,7.739126280909E-02,
    -0.99650267073));
#4394 = DIRECTION('',(0.875883566195,0.478147221997,6.483218772805E-02)
  );
#4395 = ( GEOMETRIC_REPRESENTATION_CONTEXT(3) 
GLOBAL_UNCERTAINTY_ASSIGNED_CONTEXT((#4399)) 
GLOBAL_UNIT_ASSIGNED_CONTEXT((#4396,#4397,#4398)) REPRESENTATION_CONTEXT
('Context #1','3D Context with UNIT and UNCERTAINTY') );
#4396 = ( LENGTH_UNIT() NAMED_UNIT(*) SI_UNIT(.MILLI.,.METRE.) );
#4397 = ( NAMED_UNIT(*) PLANE_ANGLE_UNIT() SI_UNIT($,.RADIAN.) );
#4398 = ( NAMED_UNIT(*) SI_UNIT($,.STERADIAN.) SOLID_ANGLE_UNIT() );
#4399 = UNCERTAINTY_MEASURE_WITH_UNIT(LENGTH_MEASURE(1.E-07),#4396,
  'distance_accuracy_value','confusion accuracy');
#4400 = PRODUCT_RELATED_PRODUCT_CATEGORY('part',$,(#7));
ENDSEC;
END-ISO-10303-21;
